release_date,Headline,Brief,raw,cleaned,sentiment,sentiment_score,weighted_daily_sentiment_x,weighted_daily_sentiment_y
25-06-2024,MOTOROLA AND GOOGLE CLOUD BRING GENERATIVE AI TO NEW RAZR FAMILY OF SMARTPHONES,"MOTO AI USES GOOGLE CLOUD VERTEX AI WITH GEMINI AND IMAGEN MODELS TO GIVE USERS AN ENHANCED SMARTPHONE EXPERIENCE CHICAGO AND SUNNYVALE, CALIF. , JUNE 25, 2024 /PRNEWSWIRE/ -- MOTOROLA AND GOOGLE CLOUD TODAY ANNOUNCED A NEW MULTI-YEAR RELATIONSHIP TO BRING GENERATIVE AI TO MOTOROLA PHONES, INCLUDING THE BRAND NEW SERIES OF RAZR SMARTPHONES – STARTING WITH THE BRAND NEW FLAGSHIP MOTOROLA RAZR+/MOTOROLA RAZR 50 ULTRA.","MOTOROLA AND GOOGLE CLOUD BRING GENERATIVE AI TO NEW RAZR FAMILY OF SMARTPHONES. MOTO AI USES GOOGLE CLOUD VERTEX AI WITH GEMINI AND IMAGEN MODELS TO GIVE USERS AN ENHANCED SMARTPHONE EXPERIENCE CHICAGO AND SUNNYVALE, CALIF. , JUNE 25, 2024 /PRNEWSWIRE/ -- MOTOROLA AND GOOGLE CLOUD TODAY ANNOUNCED A NEW MULTI-YEAR RELATIONSHIP TO BRING GENERATIVE AI TO MOTOROLA PHONES, INCLUDING THE BRAND NEW SERIES OF RAZR SMARTPHONES – STARTING WITH THE BRAND NEW FLAGSHIP MOTOROLA RAZR+/MOTOROLA RAZR 50 ULTRA.","['motorola and google cloud bring generative ai to new razr family of smartphones', 'moto ai uses google cloud vertex ai with gemini and imagen models to give users an enhanced smartphone experience chicago and sunnyvale, calif', ', june 25, 2024 prnewswire -- motorola and google cloud today announced a new multi-year relationship to bring generative ai to motorola phones, including the brand new series of razr smartphones starting with the brand new flagship motorola razrmotorola razr 50 ultra.']",neutral,0.0342333333333333,neutral,neutral
22-05-2024,"GOOGLE, META, MICROSOFT, AND SALESFORCE PLEDGE TO CONTRACT FOR UP TO 20M TONS OF HIGH-QUALITY NATURE-BASED CARBON REMOVAL CREDITS BY 2030","NEW YORK--(BUSINESS WIRE)--TODAY, GOOGLE, META, MICROSOFT, AND SALESFORCE ANNOUNCE THE SYMBIOSIS COALITION, AN ADVANCE MARKET COMMITMENT FOR NATURE-BASED REMOVAL CREDITS IN THE VOLUNTARY CARBON MARKET. THESE COMPANIES HAVE COLLECTIVELY COMMITTED TO CONTRACT UP TO 20 MILLION TONS IN NATURE-BASED CARBON REMOVAL CREDITS BY 2030 THAT HAVE HIGH CERTAINTY OF IMPACT ON THE CLIMATE AND RESULT IN EQUITABLE OUTCOMES FOR THE COMMUNITIES WHOSE LIVELIHOODS DEPEND ON THESE PROJECTS. NATURE RESTORATION IS ESS.","GOOGLE, META, MICROSOFT, AND SALESFORCE PLEDGE TO CONTRACT FOR UP TO 20M TONS OF HIGH-QUALITY NATURE-BASED CARBON REMOVAL CREDITS BY 2030. NEW YORK--(BUSINESS WIRE)--TODAY, GOOGLE, META, MICROSOFT, AND SALESFORCE ANNOUNCE THE SYMBIOSIS COALITION, AN ADVANCE MARKET COMMITMENT FOR NATURE-BASED REMOVAL CREDITS IN THE VOLUNTARY CARBON MARKET. THESE COMPANIES HAVE COLLECTIVELY COMMITTED TO CONTRACT UP TO 20 MILLION TONS IN NATURE-BASED CARBON REMOVAL CREDITS BY 2030 THAT HAVE HIGH CERTAINTY OF IMPACT ON THE CLIMATE AND RESULT IN EQUITABLE OUTCOMES FOR THE COMMUNITIES WHOSE LIVELIHOODS DEPEND ON THESE PROJECTS. NATURE RESTORATION IS ESS.","['google, meta, microsoft, and salesforce pledge to contract for up to 20m tons of high-quality nature-based carbon removal credits by 2030', 'new york--business wire--today, google, meta, microsoft, and salesforce announce the symbiosis coalition, an advance market commitment for nature-based removal credits in the voluntary carbon market', 'these companies have collectively committed to contract up to 20 million tons in nature-based carbon removal credits by 2030 that have high certainty of impact on the climate and result in equitable outcomes for the communities whose livelihoods depend on these projects', 'nature restoration is ess.']",weakly_positive,0.436,weakly_positive,weakly_positive
02-05-2024,MONGODB AND GOOGLE CLOUD COLLABORATE TO OPTIMIZE GEMINI CODE ASSIST FOR DEVELOPERS BUILDING APPLICATIONS ON MONGODB,"GEMINI CODE ASSIST ENABLES DEVELOPERS TO ACCELERATE APPLICATION DEVELOPMENT AND MODERNIZATION ON MONGODB USING AI-POWERED CODING ASSISTANCE NEW YORK , MAY 2, 2024 /PRNEWSWIRE/ -- MONGODB, INC. (NASDAQ: MDB) AND GOOGLE CLOUD (NASDAQ: GOOG), TODAY ANNOUNCED THE TWO COMPANIES ARE COLLABORATING TO OPTIMIZE GEMINI CODE ASSIST TO PROVIDE ENHANCED SUGGESTIONS FOR APPLICATION DEVELOPMENT AND MODERNIZATION ON MONGODB—THE INDUSTRY-LEADING DEVELOPER DATA PLATFORM THAT MILLIONS OF DEVELOPERS AND TENS OF THOUSANDS OF CUSTOMERS RELY ON EVERY DAY FOR BUSINESS-CRITICAL APPLICATIONS. GEMINI CODE ASSIST FROM GOOGLE CLOUD GENERATES CODE SUGGESTIONS, ANSWERS QUESTIONS ABOUT EXISTING CODE IN DEVELOPERS' INTEGRATED DEVELOPMENT ENVIRONMENTS (IDES), AND CAN UPDATE ENTIRE CODEBASES WITH A SINGLE PROMPT.","MONGODB AND GOOGLE CLOUD COLLABORATE TO OPTIMIZE GEMINI CODE ASSIST FOR DEVELOPERS BUILDING APPLICATIONS ON MONGODB. GEMINI CODE ASSIST ENABLES DEVELOPERS TO ACCELERATE APPLICATION DEVELOPMENT AND MODERNIZATION ON MONGODB USING AI-POWERED CODING ASSISTANCE NEW YORK , MAY 2, 2024 /PRNEWSWIRE/ -- MONGODB, INC. (NASDAQ: MDB) AND GOOGLE CLOUD (NASDAQ: GOOG), TODAY ANNOUNCED THE TWO COMPANIES ARE COLLABORATING TO OPTIMIZE GEMINI CODE ASSIST TO PROVIDE ENHANCED SUGGESTIONS FOR APPLICATION DEVELOPMENT AND MODERNIZATION ON MONGODB—THE INDUSTRY-LEADING DEVELOPER DATA PLATFORM THAT MILLIONS OF DEVELOPERS AND TENS OF THOUSANDS OF CUSTOMERS RELY ON EVERY DAY FOR BUSINESS-CRITICAL APPLICATIONS. GEMINI CODE ASSIST FROM GOOGLE CLOUD GENERATES CODE SUGGESTIONS, ANSWERS QUESTIONS ABOUT EXISTING CODE IN DEVELOPERS' INTEGRATED DEVELOPMENT ENVIRONMENTS (IDES), AND CAN UPDATE ENTIRE CODEBASES WITH A SINGLE PROMPT.","['mongodb and google cloud collaborate to optimize gemini code assist for developers building applications on mongodb', 'gemini code assist enables developers to accelerate application development and modernization on mongodb using ai-powered coding assistance new york , may 2, 2024 prnewswire -- mongodb, inc', 'nasdaq mdb and google cloud nasdaq goog, today announced the two companies are collaborating to optimize gemini code assist to provide enhanced suggestions for application development and modernization on mongodbthe industry-leading developer data platform that millions of developers and tens of thousands of customers rely on every day for business-critical applications', ""gemini code assist from google cloud generates code suggestions, answers questions about existing code in developers' integrated development environments ides, and can update entire codebases with a single prompt.""]",weakly_positive,0.24695,weakly_positive,weakly_positive
19-03-2024,"GOOGLE, MICROSOFT, AND NUCOR ANNOUNCE A NEW INITIATIVE TO AGGREGATE DEMAND TO SCALE THE ADOPTION OF ADVANCED CLEAN ELECTRICITY TECHNOLOGIES","THE COMPANIES WILL WORK TO ADDRESS BARRIERS TO EARLY-STAGE COMMERCIAL PROJECT DEPLOYMENT. CHARLOTTE, N.C.","GOOGLE, MICROSOFT, AND NUCOR ANNOUNCE A NEW INITIATIVE TO AGGREGATE DEMAND TO SCALE THE ADOPTION OF ADVANCED CLEAN ELECTRICITY TECHNOLOGIES. THE COMPANIES WILL WORK TO ADDRESS BARRIERS TO EARLY-STAGE COMMERCIAL PROJECT DEPLOYMENT. CHARLOTTE, N.C.","['google, microsoft, and nucor announce a new initiative to aggregate demand to scale the adoption of advanced clean electricity technologies', 'the companies will work to address barriers to early-stage commercial project deployment', 'charlotte, n.c.']",weakly_positive,0.1646333333333333,weakly_positive,weakly_positive
07-11-2023,VMWARE AND GOOGLE CLOUD ANNOUNCE PLANNED POSTGRESQL-COMPATIBLE DATABASE SOLUTION FOR TRADITIONAL AND GENERATIVE AI APPLICATIONS ON VMWARE CLOUD FOUNDATION,"BARCELONA, SPAIN--(BUSINESS WIRE)-- #CROSSCLOUD--VMWARE EXPLORE 2023 – TODAY, VMWARE, INC. (NYSE: VMW) AND GOOGLE CLOUD (NASDAQ: GOOG) ANNOUNCED AN EXPANDED PARTNERSHIP TO DELIVER GOOGLE CLOUD'S ALLOYDB OMNI DATABASE ON VMWARE CLOUD FOUNDATION, STARTING WITH ON-PREMISES PRIVATE CLOUDS. THE POWERFUL COMBINATION OF ALLOYDB OMNI, A POSTGRESQL-COMPATIBLE DATABASE THAT RUNS ANYWHERE AND OFFERS BUILT-IN SUPPORT FOR GENERATIVE AI, AND THE HIGHLY PERFORMANT, MORE SECURE, RELIABLE VMWARE CLOUD FOUNDATION, WILL ENABLE.","VMWARE AND GOOGLE CLOUD ANNOUNCE PLANNED POSTGRESQL-COMPATIBLE DATABASE SOLUTION FOR TRADITIONAL AND GENERATIVE AI APPLICATIONS ON VMWARE CLOUD FOUNDATION. BARCELONA, SPAIN--(BUSINESS WIRE)-- #CROSSCLOUD--VMWARE EXPLORE 2023 – TODAY, VMWARE, INC. (NYSE: VMW) AND GOOGLE CLOUD (NASDAQ: GOOG) ANNOUNCED AN EXPANDED PARTNERSHIP TO DELIVER GOOGLE CLOUD'S ALLOYDB OMNI DATABASE ON VMWARE CLOUD FOUNDATION, STARTING WITH ON-PREMISES PRIVATE CLOUDS. THE POWERFUL COMBINATION OF ALLOYDB OMNI, A POSTGRESQL-COMPATIBLE DATABASE THAT RUNS ANYWHERE AND OFFERS BUILT-IN SUPPORT FOR GENERATIVE AI, AND THE HIGHLY PERFORMANT, MORE SECURE, RELIABLE VMWARE CLOUD FOUNDATION, WILL ENABLE.","['vmware and google cloud announce planned postgresql-compatible database solution for traditional and generative ai applications on vmware cloud foundation', 'barcelona, spain--business wire-- crosscloud--vmware explore 2023 today, vmware, inc', ""nyse vmw and google cloud nasdaq goog announced an expanded partnership to deliver google cloud's alloydb omni database on vmware cloud foundation, starting with on-premises private clouds"", 'the powerful combination of alloydb omni, a postgresql-compatible database that runs anywhere and offers built-in support for generative ai, and the highly performant, more secure, reliable vmware cloud foundation, will enable.']",weakly_positive,0.283425,weakly_positive,weakly_positive
16-10-2023,REFRESHED 2024 ROGUE IS FIRST NISSAN TO COME WITH GOOGLE BUILT-IN,"NASHVILLE, TENN.--(BUSINESS WIRE)--NISSAN CONTINUES TO ENHANCE ITS BEST-SELLING CROSSOVER AND REINFORCE THE COMPANY'S COMMITMENT TO BRINGING THE LATEST TECHNOLOGY TO ITS MOST POPULAR VEHICLES. THE 2024 NISSAN ROGUE RECEIVES A BOLD EXTERIOR REFRESH AND SIGNIFICANT AVAILABLE TECHNOLOGY UPGRADES TO MAKE EVERY TRIP MORE CONVENIENT AND BETTER CONNECTED. BUILDING ON ITS STRONG CORE OF FAMILY-FRIENDLY DESIGN, FLEXIBLE STORAGE SPACE AND AN EFFICIENT TURBOCHARGED POWERTRAIN, THE 2024 ROGUE BECOMES EVEN.","REFRESHED 2024 ROGUE IS FIRST NISSAN TO COME WITH GOOGLE BUILT-IN. NASHVILLE, TENN.--(BUSINESS WIRE)--NISSAN CONTINUES TO ENHANCE ITS BEST-SELLING CROSSOVER AND REINFORCE THE COMPANY'S COMMITMENT TO BRINGING THE LATEST TECHNOLOGY TO ITS MOST POPULAR VEHICLES. THE 2024 NISSAN ROGUE RECEIVES A BOLD EXTERIOR REFRESH AND SIGNIFICANT AVAILABLE TECHNOLOGY UPGRADES TO MAKE EVERY TRIP MORE CONVENIENT AND BETTER CONNECTED. BUILDING ON ITS STRONG CORE OF FAMILY-FRIENDLY DESIGN, FLEXIBLE STORAGE SPACE AND AN EFFICIENT TURBOCHARGED POWERTRAIN, THE 2024 ROGUE BECOMES EVEN.","['refreshed 2024 rogue is first nissan to come with google built-in', ""nashville, tenn.--business wire--nissan continues to enhance its best-selling crossover and reinforce the company's commitment to bringing the latest technology to its most popular vehicles"", 'the 2024 nissan rogue receives a bold exterior refresh and significant available technology upgrades to make every trip more convenient and better connected', 'building on its strong core of family-friendly design, flexible storage space and an efficient turbocharged powertrain, the 2024 rogue becomes even.']",strongly_positive,0.560775,strongly_positive,strongly_positive
29-08-2023,"GOOGLE CLOUD AND NVIDIA EXPAND PARTNERSHIP TO ADVANCE AI COMPUTING, SOFTWARE AND SERVICES",NVIDIA GENERATIVE AI TECHNOLOGY USED BY GOOGLE DEEPMIND AND GOOGLE RESEARCH TEAMS NOW OPTIMIZED AND AVAILABLE TO GOOGLE CLOUD CUSTOMERS WORLDWIDE NVIDIA GENERATIVE AI TECHNOLOGY USED BY GOOGLE DEEPMIND AND GOOGLE RESEARCH TEAMS NOW OPTIMIZED AND AVAILABLE TO GOOGLE CLOUD CUSTOMERS WORLDWIDE,"GOOGLE CLOUD AND NVIDIA EXPAND PARTNERSHIP TO ADVANCE AI COMPUTING, SOFTWARE AND SERVICES. NVIDIA GENERATIVE AI TECHNOLOGY USED BY GOOGLE DEEPMIND AND GOOGLE RESEARCH TEAMS NOW OPTIMIZED AND AVAILABLE TO GOOGLE CLOUD CUSTOMERS WORLDWIDE NVIDIA GENERATIVE AI TECHNOLOGY USED BY GOOGLE DEEPMIND AND GOOGLE RESEARCH TEAMS NOW OPTIMIZED AND AVAILABLE TO GOOGLE CLOUD CUSTOMERS WORLDWIDE","['google cloud and nvidia expand partnership to advance ai computing, software and services', 'nvidia generative ai technology used by google deepmind and google research teams now optimized and available to google cloud customers worldwide nvidia generative ai technology used by google deepmind and google research teams now optimized and available to google cloud customers worldwide']",strongly_positive,0.5183,strongly_positive,strongly_positive
28-08-2023,TECHOLUTION TO SHOWCASE THE POWER OF A HOLISTIC AI CENTER OF EXCELLENCE WITH REAL WORLD AI IN ACTION AT GOOGLE NEXT 2023,"COMPUTER VISION AND ROBOTIC-DRIVEN MEDICAL AI ALSO TO BE SHOWN SAN FRANCISCO, CALIFORNIA--(NEWSFILE CORP. - AUGUST 28, 2023) - TECHOLUTION, A WORLD-RENOWNED INNOVATION SPECIALIST HELPING ENTERPRISES MAKE THE LEAP FROM LAB GRADE AI TO REAL WORLD ROI-GENERATING AI, WILL EXHIBIT GROUNDBREAKING AI SOLUTIONS THAT COMBINE GEN AI WITH COMPUTER VISION AND AI ROBOTICS, AS WELL AS THEIR DIGITAL TWIN TECHNOLOGY AT THE UPCOMING GOOGLE CLOUD NEXT CONFERENCE. IN KEEPING WITH THE COMPANY'S MISSION TO SOLVE REAL PROBLEMS WITH REAL-WORLD AI, TECHOLUTION'S DIGITAL BARTENDER TECHNOLOGY SHOWCASES HOW ROBOTICS CAN CHAT WITH CUSTOMERS AND SERVE BEVERAGES IN THE ROBOT'S COMPUTER VISION-BASED INVENTORY.","TECHOLUTION TO SHOWCASE THE POWER OF A HOLISTIC AI CENTER OF EXCELLENCE WITH REAL WORLD AI IN ACTION AT GOOGLE NEXT 2023. COMPUTER VISION AND ROBOTIC-DRIVEN MEDICAL AI ALSO TO BE SHOWN SAN FRANCISCO, CALIFORNIA--(NEWSFILE CORP. - AUGUST 28, 2023) - TECHOLUTION, A WORLD-RENOWNED INNOVATION SPECIALIST HELPING ENTERPRISES MAKE THE LEAP FROM LAB GRADE AI TO REAL WORLD ROI-GENERATING AI, WILL EXHIBIT GROUNDBREAKING AI SOLUTIONS THAT COMBINE GEN AI WITH COMPUTER VISION AND AI ROBOTICS, AS WELL AS THEIR DIGITAL TWIN TECHNOLOGY AT THE UPCOMING GOOGLE CLOUD NEXT CONFERENCE. IN KEEPING WITH THE COMPANY'S MISSION TO SOLVE REAL PROBLEMS WITH REAL-WORLD AI, TECHOLUTION'S DIGITAL BARTENDER TECHNOLOGY SHOWCASES HOW ROBOTICS CAN CHAT WITH CUSTOMERS AND SERVE BEVERAGES IN THE ROBOT'S COMPUTER VISION-BASED INVENTORY.","['techolution to showcase the power of a holistic ai center of excellence with real world ai in action at google next 2023', 'computer vision and robotic-driven medical ai also to be shown san francisco, california--newsfile corp', '- august 28, 2023 - techolution, a world-renowned innovation specialist helping enterprises make the leap from lab grade ai to real world roi-generating ai, will exhibit groundbreaking ai solutions that combine gen ai with computer vision and ai robotics, as well as their digital twin technology at the upcoming google cloud next conference', ""in keeping with the company's mission to solve real problems with real-world ai, techolution's digital bartender technology showcases how robotics can chat with customers and serve beverages in the robot's computer vision-based inventory.""]",weakly_positive,0.367775,weakly_positive,weakly_positive
26-07-2023,BETTERINVESTING™ MAGAZINE UPDATE ON DANAHER CORP. AND ALPHABET INC.,"TROY, MICH. , JULY 26, 2023 /PRNEWSWIRE/ -- THE EDITORIAL ADVISORY AND SECURITIES REVIEW COMMITTEE OF BETTERINVESTING MAGAZINE TODAY ANNOUNCED DANAHER CORP. (NYSE: DHR) AS ITS ""STOCK TO STUDY"" AND ALPHABET INC. (NASDAQ: GOOG) – THE PARENT COMPANY OF GOOGLE – AS ITS ""UNDERVALUED STOCK"" IN THE OCTOBER 2023 ISSUE FOR INVESTORS' INFORMATIONAL AND EDUCATIONAL USE.","BETTERINVESTING™ MAGAZINE UPDATE ON DANAHER CORP. AND ALPHABET INC.. TROY, MICH. , JULY 26, 2023 /PRNEWSWIRE/ -- THE EDITORIAL ADVISORY AND SECURITIES REVIEW COMMITTEE OF BETTERINVESTING MAGAZINE TODAY ANNOUNCED DANAHER CORP. (NYSE: DHR) AS ITS ""STOCK TO STUDY"" AND ALPHABET INC. (NASDAQ: GOOG) – THE PARENT COMPANY OF GOOGLE – AS ITS ""UNDERVALUED STOCK"" IN THE OCTOBER 2023 ISSUE FOR INVESTORS' INFORMATIONAL AND EDUCATIONAL USE.","['betterinvesting magazine update on danaher corp', 'and alphabet inc.', 'troy, mich', ', july 26, 2023 prnewswire -- the editorial advisory and securities review committee of betterinvesting magazine today announced danaher corp', 'nyse dhr as its stock to study and alphabet inc', ""nasdaq goog the parent company of google as its undervalued stock in the october 2023 issue for investors' informational and educational use.""]",neutral,0.0493333333333333,neutral,neutral
14-06-2023,T-MOBILE AND GOOGLE CLOUD JOIN FORCES ON 5G ADVANCED NETWORK SOLUTIONS,"BELLEVUE, WASH.--(BUSINESS WIRE)--T-MOBILE: WHAT'S THE NEWS: T-MOBILE AND GOOGLE CLOUD ARE JOINING 5G ADVANCED NETWORK SOLUTIONS (ANS) AND GOOGLE DISTRIBUTED CLOUD EDGE TO GIVE BUSINESSES THE POWER TO EXPLORE INNOVATIVE CONNECTED EXPERIENCES. WHY IT MATTERS: TOGETHER, T-MOBILE AND GOOGLE CLOUD WILL HELP BUSINESSES BRING NEXT GENERATION 5G CAPABILITIES TO LIFE, PAVING THE WAY FOR INNOVATION ACROSS INDUSTRIES LIKE RETAIL, MANUFACTURING, LOGISTICS, SMART CITIES AND MORE. WHO IT'S FOR: ENTERPRISES.","T-MOBILE AND GOOGLE CLOUD JOIN FORCES ON 5G ADVANCED NETWORK SOLUTIONS. BELLEVUE, WASH.--(BUSINESS WIRE)--T-MOBILE: WHAT'S THE NEWS: T-MOBILE AND GOOGLE CLOUD ARE JOINING 5G ADVANCED NETWORK SOLUTIONS (ANS) AND GOOGLE DISTRIBUTED CLOUD EDGE TO GIVE BUSINESSES THE POWER TO EXPLORE INNOVATIVE CONNECTED EXPERIENCES. WHY IT MATTERS: TOGETHER, T-MOBILE AND GOOGLE CLOUD WILL HELP BUSINESSES BRING NEXT GENERATION 5G CAPABILITIES TO LIFE, PAVING THE WAY FOR INNOVATION ACROSS INDUSTRIES LIKE RETAIL, MANUFACTURING, LOGISTICS, SMART CITIES AND MORE. WHO IT'S FOR: ENTERPRISES.","['t-mobile and google cloud join forces on 5g advanced network solutions', ""bellevue, wash.--business wire--t-mobile what's the news t-mobile and google cloud are joining 5g advanced network solutions ans and google distributed cloud edge to give businesses the power to explore innovative connected experiences"", 'why it matters together, t-mobile and google cloud will help businesses bring next generation 5g capabilities to life, paving the way for innovation across industries like retail, manufacturing, logistics, smart cities and more', ""who it's for enterprises.""]",strongly_positive,0.535675,strongly_positive,strongly_positive
23-05-2023,WAYMO AND UBER PARTNER TO BRING WAYMO'S AUTONOMOUS DRIVING TECHNOLOGY TO THE UBER PLATFORM,"SAN FRANCISCO & MOUNTAIN VIEW, CALIF.--(BUSINESS WIRE)--TODAY, WAYMO AND UBER TECHNOLOGIES INC. (NYSE: UBER) ARE EXCITED TO ANNOUNCE A NEW, MULTI-YEAR STRATEGIC PARTNERSHIP TO MAKE THE WAYMO DRIVER AVAILABLE TO MORE PEOPLE VIA THE UBER PLATFORM STARTING IN PHOENIX. SINCE BOTH COMPANIES WERE FOUNDED IN 2009, WAYMO AND UBER HAVE IN THEIR OWN WAYS EACH REVOLUTIONIZED ACCESS TO MOBILITY. NOW, WE'RE PARTNERING TO BRING TOGETHER WAYMO'S WORLD-LEADING AUTONOMOUS DRIVING TECHNOLOGY WITH THE MASSIVE SCA.","WAYMO AND UBER PARTNER TO BRING WAYMO'S AUTONOMOUS DRIVING TECHNOLOGY TO THE UBER PLATFORM. SAN FRANCISCO & MOUNTAIN VIEW, CALIF.--(BUSINESS WIRE)--TODAY, WAYMO AND UBER TECHNOLOGIES INC. (NYSE: UBER) ARE EXCITED TO ANNOUNCE A NEW, MULTI-YEAR STRATEGIC PARTNERSHIP TO MAKE THE WAYMO DRIVER AVAILABLE TO MORE PEOPLE VIA THE UBER PLATFORM STARTING IN PHOENIX. SINCE BOTH COMPANIES WERE FOUNDED IN 2009, WAYMO AND UBER HAVE IN THEIR OWN WAYS EACH REVOLUTIONIZED ACCESS TO MOBILITY. NOW, WE'RE PARTNERING TO BRING TOGETHER WAYMO'S WORLD-LEADING AUTONOMOUS DRIVING TECHNOLOGY WITH THE MASSIVE SCA.","[""waymo and uber partner to bring waymo's autonomous driving technology to the uber platform"", 'san francisco mountain view, calif.--business wire--today, waymo and uber technologies inc', 'nyse uber are excited to announce a new, multi-year strategic partnership to make the waymo driver available to more people via the uber platform starting in phoenix', 'since both companies were founded in 2009, waymo and uber have in their own ways each revolutionized access to mobility', ""now, we're partnering to bring together waymo's world-leading autonomous driving technology with the massive sca.""]",weakly_positive,0.07952,weakly_positive,weakly_positive
13-05-2023,"ALPHABET DEADLINE ALERT: BRAGAR EAGEL & SQUIRE, P.C. REMINDS INVESTORS THAT A CLASS ACTION LAWSUIT HAS BEEN FILED AGAINST ALPHABET INC. AND ENCOURAGES INVESTORS TO CONTACT THE FIRM","NEW YORK--(BUSINESS WIRE)--BRAGAR EAGEL & SQUIRE, P.C., A NATIONALLY RECOGNIZED STOCKHOLDER RIGHTS LAW FIRM, REMINDS INVESTORS THAT A CLASS ACTION LAWSUIT HAS BEEN FILED AGAINST ALPHABET INC. (“ALPHABET” OR THE “COMPANY”) (NASDAQ: GOOG, GOOGL) IN THE UNITED STATES DISTRICT COURT FOR THE NORTHERN DISTRICT OF CALIFORNIA ON BEHALF OF ALL PERSONS AND ENTITIES WHO PURCHASED OR OTHERWISE ACQUIRED ALPHABET SECURITIES BETWEEN FEBRUARY 4, 2020 AND JANUARY 23, 2023, BOTH DATES INCLUSIVE (THE “CLASS PERIOD”). INVESTORS HAVE UNTIL MAY 15, 2023 TO APPLY TO THE COURT TO BE APPOINTED AS LEAD PLAINTIFF IN THE LAWSUIT. CLICK HERE TO PARTICIPATE IN THE ACTION. ALPHABET IS A MULTINATIONAL TECHNOLOGY CONGLOMERATE HOLDING COMPANY. IT WAS CREATED THROUGH A RESTRUCTURING OF GOOGLE INC. IN OCTOBER 2015, AT WHICH POINT ALPHABET BECAME THE PARENT COMPANY OF GOOGLE AND SEVERAL FORMER GOOGLE SUBSIDIARIES. ALPHABET IS HEADQUARTERED IN MOUNTAIN VIEW, CALIFORNIA AND INCORPORATED IN DELAWARE. THE COMPANY’S CLASS A AND CLASS C SHARES TRADE ON THE NASDAQ UNDER THE TICKER SYMBOLS “GOOGL” AND “GOOG,” RESPECTIVELY. ALPHABET’S SUBSIDIARY GOOGLE IS A DOMINANT PLAYER IN THE FIELD OF DIGITAL ADVERTISING, TO THE EXTENT THAT IT CONTROLS THE DIGITAL TOOLS THAT EVERY MAJOR WEBSITE PUBLISHER USES TO SELL ADVERTISING SPACE ON THEIR WEBSITES. IN RECENT YEARS, GOOGLE’S DOMINANCE IN THIS INDUSTRY HAS DRAWN REGULATORY SCRUTINY. IN JULY 2018, THE EUROPEAN COMMISSION (“EC”) FINED GOOGLE €2.42 BILLION FOR PROMOTING ITS OWN SHOPPING COMPARISON SERVICE AT THE TOP OF ITS SEARCH RESULTS. LESS THAN A YEAR LATER, IN MARCH 2019, THE EC FINED GOOGLE €1.49 BILLION FOR PREVENTING RIVALS FROM BEING ABLE TO “COMPETE AND INNOVATE FAIRLY” IN THE ONLINE ADVERTISING MARKET. IN JUNE 2019, THE U.S. DEPARTMENT OF JUSTICE (“DOJ”) REPORTED THAT IT WOULD INVESTIGATE GOOGLE FOR ANTITRUST VIOLATIONS. THEN, IN OCTOBER 2020, THE DOJ FILED AN ANTITRUST LAWSUIT AGAINST GOOGLE, ALLEGING THAT IT HAD ABUSED A MONOPOLY POSITION IN THE SEARCH AND SEARCH ADVERTISING MARKETS. THROUGHOUT THE CLASS PERIOD, DEFENDANTS MADE MATERIALLY FALSE AND MISLEADING STATEMENTS REGARDING THE COMPANY’S BUSINESS, OPERATIONS, AND COMPLIANCE POLICIES. SPECIFICALLY, DEFENDANTS MADE FALSE AND/OR MISLEADING STATEMENTS AND/OR FAILED TO DISCLOSE THAT: (I) ALPHABET USED ITS DOMINANCE IN THE FIELD OF DIGITAL ADVERTISING TO DISADVANTAGE WEBSITE PUBLISHERS AND ADVERTISERS WHO USED COMPETING ADVERTISING PRODUCTS; (II) THE FOREGOING CONDUCT WAS ANTICOMPETITIVE IN NATURE AND LIKELY TO DRAW SIGNIFICANT REGULATORY SCRUTINY; (III) ALPHABET’S REVENUES WERE UNSUSTAINABLE TO THE EXTENT THAT THEY WERE THE PRODUCT OF SAID ANTICOMPETITIVE CONDUCT; (IV) ALPHABET’S CONDUCT, ONCE REVEALED, WOULD NEGATIVELY IMPACT THE COMPANY’S REPUTATION AND EXPOSE IT TO A HEIGHTENED RISK OF LITIGATION AND REGULATORY ENFORCEMENT ACTION; AND (V) AS A RESULT, THE COMPANY’S PUBLIC STATEMENTS WERE MATERIALLY FALSE AND MISLEADING AT ALL RELEVANT TIMES. ON JANUARY 24, 2023, THE U.S. DEPARTMENT OF JUSTICE AND EIGHT STATES FILED AN ANTITRUST LAWSUIT AGAINST ALPHABET’S GOOGLE SUBSIDIARY, ACCUSING GOOGLE OF ILLEGALLY ABUSING ITS DOMINANCE IN DIGITAL ADVERTISING AND VIOLATING THE SHERMAN ANTITRUST ACT. THE LAWSUIT ALLEGES, AMONG OTHER THINGS, THAT “GOOGLE ABUSES ITS MONOPOLY POWER TO DISADVANTAGE WEBSITE PUBLISHERS AND ADVERTISERS WHO DARE TO USE COMPETING AD TECH PRODUCTS IN A SEARCH FOR HIGHER QUALITY, OR LOWER COST, MATCHES.” ON THIS NEWS, ALPHABET’S CLASS A SHARES FELL $2.09 PER SHARE, OR 2.09%, TO CLOSE AT $97.70 PER SHARE, WHILE ITS CLASS C SHARES FELL $2.00 PER SHARE, OR 1.98%, TO CLOSE AT $99.21 PER SHARE, ON JANUARY 24, 2023. AS A RESULT OF DEFENDANTS’ WRONGFUL ACTS AND OMISSIONS, AND THE PRECIPITOUS DECLINE IN THE MARKET VALUE OF THE COMPANY’S SECURITIES, PLAINTIFF AND OTHER CLASS MEMBERS HAVE SUFFERED SIGNIFICANT LOSSES AND DAMAGES. IF YOU PURCHASED OR OTHERWISE ACQUIRED ALPHABET SHARES AND SUFFERED A LOSS, ARE A LONG-TERM STOCKHOLDER, HAVE INFORMATION, WOULD LIKE TO LEARN MORE ABOUT THESE CLAIMS, OR HAVE ANY QUESTIONS CONCERNING THIS ANNOUNCEMENT OR YOUR RIGHTS OR INTERESTS WITH RESPECT TO THESE MATTERS, PLEASE CONTACT BRANDON WALKER OR MARION PASSMORE BY EMAIL AT INVESTIGATIONS@BESPC.COM, TELEPHONE AT (212) 355-4648, OR BY FILLING OUT THIS CONTACT FORM. THERE IS NO COST OR OBLIGATION TO YOU. ABOUT BRAGAR EAGEL & SQUIRE, P.C.: BRAGAR EAGEL & SQUIRE, P.C. IS A NATIONALLY RECOGNIZED LAW FIRM WITH OFFICES IN NEW YORK, CALIFORNIA, AND SOUTH CAROLINA. THE FIRM REPRESENTS INDIVIDUAL AND INSTITUTIONAL INVESTORS IN COMMERCIAL, SECURITIES, DERIVATIVE, AND OTHER COMPLEX LITIGATION IN STATE AND FEDERAL COURTS ACROSS THE COUNTRY. FOR MORE INFORMATION ABOUT THE FIRM, PLEASE VISIT WWW.BESPC.COM. ATTORNEY ADVERTISING. PRIOR RESULTS DO NOT GUARANTEE SIMILAR OUTCOMES.","ALPHABET DEADLINE ALERT: BRAGAR EAGEL & SQUIRE, P.C. REMINDS INVESTORS THAT A CLASS ACTION LAWSUIT HAS BEEN FILED AGAINST ALPHABET INC. AND ENCOURAGES INVESTORS TO CONTACT THE FIRM. NEW YORK--(BUSINESS WIRE)--BRAGAR EAGEL & SQUIRE, P.C., A NATIONALLY RECOGNIZED STOCKHOLDER RIGHTS LAW FIRM, REMINDS INVESTORS THAT A CLASS ACTION LAWSUIT HAS BEEN FILED AGAINST ALPHABET INC. (“ALPHABET” OR THE “COMPANY”) (NASDAQ: GOOG, GOOGL) IN THE UNITED STATES DISTRICT COURT FOR THE NORTHERN DISTRICT OF CALIFORNIA ON BEHALF OF ALL PERSONS AND ENTITIES WHO PURCHASED OR OTHERWISE ACQUIRED ALPHABET SECURITIES BETWEEN FEBRUARY 4, 2020 AND JANUARY 23, 2023, BOTH DATES INCLUSIVE (THE “CLASS PERIOD”). INVESTORS HAVE UNTIL MAY 15, 2023 TO APPLY TO THE COURT TO BE APPOINTED AS LEAD PLAINTIFF IN THE LAWSUIT. CLICK HERE TO PARTICIPATE IN THE ACTION. ALPHABET IS A MULTINATIONAL TECHNOLOGY CONGLOMERATE HOLDING COMPANY. IT WAS CREATED THROUGH A RESTRUCTURING OF GOOGLE INC. IN OCTOBER 2015, AT WHICH POINT ALPHABET BECAME THE PARENT COMPANY OF GOOGLE AND SEVERAL FORMER GOOGLE SUBSIDIARIES. ALPHABET IS HEADQUARTERED IN MOUNTAIN VIEW, CALIFORNIA AND INCORPORATED IN DELAWARE. THE COMPANY’S CLASS A AND CLASS C SHARES TRADE ON THE NASDAQ UNDER THE TICKER SYMBOLS “GOOGL” AND “GOOG,” RESPECTIVELY. ALPHABET’S SUBSIDIARY GOOGLE IS A DOMINANT PLAYER IN THE FIELD OF DIGITAL ADVERTISING, TO THE EXTENT THAT IT CONTROLS THE DIGITAL TOOLS THAT EVERY MAJOR WEBSITE PUBLISHER USES TO SELL ADVERTISING SPACE ON THEIR WEBSITES. IN RECENT YEARS, GOOGLE’S DOMINANCE IN THIS INDUSTRY HAS DRAWN REGULATORY SCRUTINY. IN JULY 2018, THE EUROPEAN COMMISSION (“EC”) FINED GOOGLE €2.42 BILLION FOR PROMOTING ITS OWN SHOPPING COMPARISON SERVICE AT THE TOP OF ITS SEARCH RESULTS. LESS THAN A YEAR LATER, IN MARCH 2019, THE EC FINED GOOGLE €1.49 BILLION FOR PREVENTING RIVALS FROM BEING ABLE TO “COMPETE AND INNOVATE FAIRLY” IN THE ONLINE ADVERTISING MARKET. IN JUNE 2019, THE U.S. DEPARTMENT OF JUSTICE (“DOJ”) REPORTED THAT IT WOULD INVESTIGATE GOOGLE FOR ANTITRUST VIOLATIONS. THEN, IN OCTOBER 2020, THE DOJ FILED AN ANTITRUST LAWSUIT AGAINST GOOGLE, ALLEGING THAT IT HAD ABUSED A MONOPOLY POSITION IN THE SEARCH AND SEARCH ADVERTISING MARKETS. THROUGHOUT THE CLASS PERIOD, DEFENDANTS MADE MATERIALLY FALSE AND MISLEADING STATEMENTS REGARDING THE COMPANY’S BUSINESS, OPERATIONS, AND COMPLIANCE POLICIES. SPECIFICALLY, DEFENDANTS MADE FALSE AND/OR MISLEADING STATEMENTS AND/OR FAILED TO DISCLOSE THAT: (I) ALPHABET USED ITS DOMINANCE IN THE FIELD OF DIGITAL ADVERTISING TO DISADVANTAGE WEBSITE PUBLISHERS AND ADVERTISERS WHO USED COMPETING ADVERTISING PRODUCTS; (II) THE FOREGOING CONDUCT WAS ANTICOMPETITIVE IN NATURE AND LIKELY TO DRAW SIGNIFICANT REGULATORY SCRUTINY; (III) ALPHABET’S REVENUES WERE UNSUSTAINABLE TO THE EXTENT THAT THEY WERE THE PRODUCT OF SAID ANTICOMPETITIVE CONDUCT; (IV) ALPHABET’S CONDUCT, ONCE REVEALED, WOULD NEGATIVELY IMPACT THE COMPANY’S REPUTATION AND EXPOSE IT TO A HEIGHTENED RISK OF LITIGATION AND REGULATORY ENFORCEMENT ACTION; AND (V) AS A RESULT, THE COMPANY’S PUBLIC STATEMENTS WERE MATERIALLY FALSE AND MISLEADING AT ALL RELEVANT TIMES. ON JANUARY 24, 2023, THE U.S. DEPARTMENT OF JUSTICE AND EIGHT STATES FILED AN ANTITRUST LAWSUIT AGAINST ALPHABET’S GOOGLE SUBSIDIARY, ACCUSING GOOGLE OF ILLEGALLY ABUSING ITS DOMINANCE IN DIGITAL ADVERTISING AND VIOLATING THE SHERMAN ANTITRUST ACT. THE LAWSUIT ALLEGES, AMONG OTHER THINGS, THAT “GOOGLE ABUSES ITS MONOPOLY POWER TO DISADVANTAGE WEBSITE PUBLISHERS AND ADVERTISERS WHO DARE TO USE COMPETING AD TECH PRODUCTS IN A SEARCH FOR HIGHER QUALITY, OR LOWER COST, MATCHES.” ON THIS NEWS, ALPHABET’S CLASS A SHARES FELL $2.09 PER SHARE, OR 2.09%, TO CLOSE AT $97.70 PER SHARE, WHILE ITS CLASS C SHARES FELL $2.00 PER SHARE, OR 1.98%, TO CLOSE AT $99.21 PER SHARE, ON JANUARY 24, 2023. AS A RESULT OF DEFENDANTS’ WRONGFUL ACTS AND OMISSIONS, AND THE PRECIPITOUS DECLINE IN THE MARKET VALUE OF THE COMPANY’S SECURITIES, PLAINTIFF AND OTHER CLASS MEMBERS HAVE SUFFERED SIGNIFICANT LOSSES AND DAMAGES. IF YOU PURCHASED OR OTHERWISE ACQUIRED ALPHABET SHARES AND SUFFERED A LOSS, ARE A LONG-TERM STOCKHOLDER, HAVE INFORMATION, WOULD LIKE TO LEARN MORE ABOUT THESE CLAIMS, OR HAVE ANY QUESTIONS CONCERNING THIS ANNOUNCEMENT OR YOUR RIGHTS OR INTERESTS WITH RESPECT TO THESE MATTERS, PLEASE CONTACT BRANDON WALKER OR MARION PASSMORE BY EMAIL AT INVESTIGATIONS@BESPC.COM, TELEPHONE AT (212) 355-4648, OR BY FILLING OUT THIS CONTACT FORM. THERE IS NO COST OR OBLIGATION TO YOU. ABOUT BRAGAR EAGEL & SQUIRE, P.C.: BRAGAR EAGEL & SQUIRE, P.C. IS A NATIONALLY RECOGNIZED LAW FIRM WITH OFFICES IN NEW YORK, CALIFORNIA, AND SOUTH CAROLINA. THE FIRM REPRESENTS INDIVIDUAL AND INSTITUTIONAL INVESTORS IN COMMERCIAL, SECURITIES, DERIVATIVE, AND OTHER COMPLEX LITIGATION IN STATE AND FEDERAL COURTS ACROSS THE COUNTRY. FOR MORE INFORMATION ABOUT THE FIRM, PLEASE VISIT WWW.BESPC.COM. ATTORNEY ADVERTISING. PRIOR RESULTS DO NOT GUARANTEE SIMILAR OUTCOMES.","['alphabet deadline alert bragar eagel squire, p.c', 'reminds investors that a class action lawsuit has been filed against alphabet inc', 'and encourages investors to contact the firm', 'new york--business wire--bragar eagel squire, p.c., a nationally recognized stockholder rights law firm, reminds investors that a class action lawsuit has been filed against alphabet inc', 'alphabet or the company nasdaq goog, googl in the united states district court for the northern district of california on behalf of all persons and entities who purchased or otherwise acquired alphabet securities between february 4, 2020 and january 23, 2023, both dates inclusive the class period', 'investors have until may 15, 2023 to apply to the court to be appointed as lead plaintiff in the lawsuit', 'click here to participate in the action', 'alphabet is a multinational technology conglomerate holding company', 'it was created through a restructuring of google inc', 'in october 2015, at which point alphabet became the parent company of google and several former google subsidiaries', 'alphabet is headquartered in mountain view, california and incorporated in delaware', 'the companys class a and class c shares trade on the nasdaq under the ticker symbols googl and goog, respectively', 'alphabets subsidiary google is a dominant player in the field of digital advertising, to the extent that it controls the digital tools that every major website publisher uses to sell advertising space on their websites', 'in recent years, googles dominance in this industry has drawn regulatory scrutiny', 'in july 2018, the european commission ec fined google 2.42 billion for promoting its own shopping comparison service at the top of its search results', 'less than a year later, in march 2019, the ec fined google 1.49 billion for preventing rivals from being able to compete and innovate fairly in the online advertising market', 'in june 2019, the u.s', 'department of justice doj reported that it would investigate google for antitrust violations', 'then, in october 2020, the doj filed an antitrust lawsuit against google, alleging that it had abused a monopoly position in the search and search advertising markets', 'throughout the class period, defendants made materially false and misleading statements regarding the companys business, operations, and compliance policies', 'specifically, defendants made false andor misleading statements andor failed to disclose that i alphabet used its dominance in the field of digital advertising to disadvantage website publishers and advertisers who used competing advertising products ii the foregoing conduct was anticompetitive in nature and likely to draw significant regulatory scrutiny iii alphabets revenues were unsustainable to the extent that they were the product of said anticompetitive conduct iv alphabets conduct, once revealed, would negatively impact the companys reputation and expose it to a heightened risk of litigation and regulatory enforcement action and v as a result, the companys public statements were materially false and misleading at all relevant times', 'on january 24, 2023, the u.s', 'department of justice and eight states filed an antitrust lawsuit against alphabets google subsidiary, accusing google of illegally abusing its dominance in digital advertising and violating the sherman antitrust act', 'the lawsuit alleges, among other things, that google abuses its monopoly power to disadvantage website publishers and advertisers who dare to use competing ad tech products in a search for higher quality, or lower cost, matches', 'on this news, alphabets class a shares fell $2.09 per share, or 2.09 percent, to close at $97.70 per share, while its class c shares fell $2.00 per share, or 1.98 percent, to close at $99.21 per share, on january 24, 2023', 'as a result of defendants wrongful acts and omissions, and the precipitous decline in the market value of the companys securities, plaintiff and other class members have suffered significant losses and damages', 'if you purchased or otherwise acquired alphabet shares and suffered a loss, are a long-term stockholder, have information, would like to learn more about these claims, or have any questions concerning this announcement or your rights or interests with respect to these matters, please contact brandon walker or marion passmore by email at investigationsbespc.com, telephone at 212 355-4648, or by filling out this contact form', 'there is no cost or obligation to you', 'about bragar eagel squire, p.c', 'bragar eagel squire, p.c', 'is a nationally recognized law firm with offices in new york, california, and south carolina', 'the firm represents individual and institutional investors in commercial, securities, derivative, and other complex litigation in state and federal courts across the country', 'for more information about the firm, please visit attorney advertising', 'prior results do not guarantee similar outcomes.']",neutral,0.0071617647058823,neutral,neutral
12-05-2023,"THE LAW OFFICES OF FRANK R. CRUZ REMINDS INVESTORS OF LOOMING DEADLINE IN THE CLASS ACTION LAWSUIT AGAINST ALPHABET INC. (GOOG, GOOGL)","LOS ANGELES--(BUSINESS WIRE)--THE LAW OFFICES OF FRANK R. CRUZ REMINDS INVESTORS OF THE UPCOMING MAY 15, 2023 DEADLINE TO FILE A LEAD PLAINTIFF MOTION IN THE CLASS ACTION FILED ON BEHALF OF INVESTORS WHO ACQUIRED ALPHABET INC. (“ALPHABET” OR THE “COMPANY”) (NASDAQ: GOOG, GOOGL) SECURITIES BETWEEN FEBRUARY 4, 2020 AND JANUARY 23, 2023, INCLUSIVE (THE “CLASS PERIOD”). IF YOU ARE A SHAREHOLDER WHO SUFFERED A LOSS, CLICK HERE TO PARTICIPATE. ON JANUARY 24, 2023, THE U.S. DEPARTMENT OF JUSTICE AND EIGHT STATES FILED AN ANTITRUST LAWSUIT AGAINST ALPHABET’S SUBSIDIARY, GOOGLE, ACCUSING IT OF UNLAWFULLY ABUSING ITS DOMINANCE IN DIGITAL ADVERTISING AND VIOLATING THE SHERMAN ANTITRUST ACT, CLAIMING THAT “GOOGLE ABUSES ITS MONOPOLY POWER TO DISADVANTAGE WEBSITE PUBLISHERS AND ADVERTISERS WHO DARE TO USE COMPETING AD TECH PRODUCTS IN A SEARCH FOR HIGHER QUALITY, OR LOWER COST, MATCHES.” ON THIS NEWS, ALPHABET’S CLASS A SHARES FELL $2.09, OR 2%, TO CLOSE AT $97.70 PER SHARE, WHILE ITS CLASS C SHARES FELL $2.00, OR 2%, TO CLOSE AT $99.21 PER SHARE ON JANUARY 24, 2023, THEREBY INJURING INVESTORS. THE COMPLAINT FILED IN THIS CLASS ACTION ALLEGES THAT THROUGHOUT THE CLASS PERIOD, DEFENDANTS MADE MATERIALLY FALSE AND/OR MISLEADING STATEMENTS, AS WELL AS FAILED TO DISCLOSE MATERIAL ADVERSE FACTS ABOUT THE COMPANY’S BUSINESS, OPERATIONS, AND PROSPECTS. SPECIFICALLY, DEFENDANTS FAILED TO DISCLOSE TO INVESTORS THAT: (1) ALPHABET USED ITS DOMINANCE IN THE FIELD OF DIGITAL ADVERTISING TO DISADVANTAGE WEBSITE PUBLISHERS AND ADVERTISERS WHO USED COMPETING ADVERTISING PRODUCTS; (2) THE FOREGOING CONDUCT WAS ANTICOMPETITIVE IN NATURE AND LIKELY TO DRAW SIGNIFICANT REGULATORY SCRUTINY; (3) ALPHABET'S REVENUES WERE UNSUSTAINABLE TO THE EXTENT THAT THEY WERE THE PRODUCT OF SAID ANTICOMPETITIVE CONDUCT; (4) ALPHABET'S CONDUCT, ONCE REVEALED, WOULD NEGATIVELY IMPACT THE COMPANY'S REPUTATION AND EXPOSE IT TO A HEIGHTENED RISK OF LITIGATION AND REGULATORY ENFORCEMENT ACTION; AND (5) AS A RESULT, DEFENDANTS’ POSITIVE STATEMENTS ABOUT THE COMPANY’S BUSINESS, OPERATIONS, AND PROSPECTS WERE MATERIALLY MISLEADING AND/OR LACKED A REASONABLE BASIS AT ALL RELEVANT TIMES. FOLLOW US FOR UPDATES ON TWITTER: TWITTER.COM/FRC_LAW. IF YOU PURCHASED OR OTHERWISE ACQUIRED ALPHABET SECURITIES DURING THE CLASS PERIOD, YOU MAY MOVE THE COURT NO LATER THAN MAY 15, 2023 TO REQUEST APPOINTMENT AS LEAD PLAINTIFF IN THIS PUTATIVE CLASS ACTION LAWSUIT. TO BE A MEMBER OF THE CLASS ACTION YOU NEED NOT TAKE ANY ACTION AT THIS TIME; YOU MAY RETAIN COUNSEL OF YOUR CHOICE OR TAKE NO ACTION AND REMAIN AN ABSENT MEMBER OF THE CLASS ACTION. IF YOU WISH TO LEARN MORE ABOUT THIS CLASS ACTION, OR IF YOU HAVE ANY QUESTIONS CONCERNING THIS ANNOUNCEMENT OR YOUR RIGHTS OR INTERESTS WITH RESPECT TO THE PENDING CLASS ACTION LAWSUIT, PLEASE CONTACT FRANK R. CRUZ, OF THE LAW OFFICES OF FRANK R. CRUZ, 1999 AVENUE OF THE STARS, SUITE 1100, LOS ANGELES, CALIFORNIA 90067 AT 310-914-5007, BY EMAIL TO INFO@FRANKCRUZLAW.COM, OR VISIT OUR WEBSITE AT WWW.FRANKCRUZLAW.COM. IF YOU INQUIRE BY EMAIL PLEASE INCLUDE YOUR MAILING ADDRESS, TELEPHONE NUMBER, AND NUMBER OF SHARES PURCHASED. THIS PRESS RELEASE MAY BE CONSIDERED ATTORNEY ADVERTISING IN SOME JURISDICTIONS UNDER THE APPLICABLE LAW AND ETHICAL RULES.","THE LAW OFFICES OF FRANK R. CRUZ REMINDS INVESTORS OF LOOMING DEADLINE IN THE CLASS ACTION LAWSUIT AGAINST ALPHABET INC. (GOOG, GOOGL). LOS ANGELES--(BUSINESS WIRE)--THE LAW OFFICES OF FRANK R. CRUZ REMINDS INVESTORS OF THE UPCOMING MAY 15, 2023 DEADLINE TO FILE A LEAD PLAINTIFF MOTION IN THE CLASS ACTION FILED ON BEHALF OF INVESTORS WHO ACQUIRED ALPHABET INC. (“ALPHABET” OR THE “COMPANY”) (NASDAQ: GOOG, GOOGL) SECURITIES BETWEEN FEBRUARY 4, 2020 AND JANUARY 23, 2023, INCLUSIVE (THE “CLASS PERIOD”). IF YOU ARE A SHAREHOLDER WHO SUFFERED A LOSS, CLICK HERE TO PARTICIPATE. ON JANUARY 24, 2023, THE U.S. DEPARTMENT OF JUSTICE AND EIGHT STATES FILED AN ANTITRUST LAWSUIT AGAINST ALPHABET’S SUBSIDIARY, GOOGLE, ACCUSING IT OF UNLAWFULLY ABUSING ITS DOMINANCE IN DIGITAL ADVERTISING AND VIOLATING THE SHERMAN ANTITRUST ACT, CLAIMING THAT “GOOGLE ABUSES ITS MONOPOLY POWER TO DISADVANTAGE WEBSITE PUBLISHERS AND ADVERTISERS WHO DARE TO USE COMPETING AD TECH PRODUCTS IN A SEARCH FOR HIGHER QUALITY, OR LOWER COST, MATCHES.” ON THIS NEWS, ALPHABET’S CLASS A SHARES FELL $2.09, OR 2%, TO CLOSE AT $97.70 PER SHARE, WHILE ITS CLASS C SHARES FELL $2.00, OR 2%, TO CLOSE AT $99.21 PER SHARE ON JANUARY 24, 2023, THEREBY INJURING INVESTORS. THE COMPLAINT FILED IN THIS CLASS ACTION ALLEGES THAT THROUGHOUT THE CLASS PERIOD, DEFENDANTS MADE MATERIALLY FALSE AND/OR MISLEADING STATEMENTS, AS WELL AS FAILED TO DISCLOSE MATERIAL ADVERSE FACTS ABOUT THE COMPANY’S BUSINESS, OPERATIONS, AND PROSPECTS. SPECIFICALLY, DEFENDANTS FAILED TO DISCLOSE TO INVESTORS THAT: (1) ALPHABET USED ITS DOMINANCE IN THE FIELD OF DIGITAL ADVERTISING TO DISADVANTAGE WEBSITE PUBLISHERS AND ADVERTISERS WHO USED COMPETING ADVERTISING PRODUCTS; (2) THE FOREGOING CONDUCT WAS ANTICOMPETITIVE IN NATURE AND LIKELY TO DRAW SIGNIFICANT REGULATORY SCRUTINY; (3) ALPHABET'S REVENUES WERE UNSUSTAINABLE TO THE EXTENT THAT THEY WERE THE PRODUCT OF SAID ANTICOMPETITIVE CONDUCT; (4) ALPHABET'S CONDUCT, ONCE REVEALED, WOULD NEGATIVELY IMPACT THE COMPANY'S REPUTATION AND EXPOSE IT TO A HEIGHTENED RISK OF LITIGATION AND REGULATORY ENFORCEMENT ACTION; AND (5) AS A RESULT, DEFENDANTS’ POSITIVE STATEMENTS ABOUT THE COMPANY’S BUSINESS, OPERATIONS, AND PROSPECTS WERE MATERIALLY MISLEADING AND/OR LACKED A REASONABLE BASIS AT ALL RELEVANT TIMES. FOLLOW US FOR UPDATES ON TWITTER: TWITTER.COM/FRC_LAW. IF YOU PURCHASED OR OTHERWISE ACQUIRED ALPHABET SECURITIES DURING THE CLASS PERIOD, YOU MAY MOVE THE COURT NO LATER THAN MAY 15, 2023 TO REQUEST APPOINTMENT AS LEAD PLAINTIFF IN THIS PUTATIVE CLASS ACTION LAWSUIT. TO BE A MEMBER OF THE CLASS ACTION YOU NEED NOT TAKE ANY ACTION AT THIS TIME; YOU MAY RETAIN COUNSEL OF YOUR CHOICE OR TAKE NO ACTION AND REMAIN AN ABSENT MEMBER OF THE CLASS ACTION. IF YOU WISH TO LEARN MORE ABOUT THIS CLASS ACTION, OR IF YOU HAVE ANY QUESTIONS CONCERNING THIS ANNOUNCEMENT OR YOUR RIGHTS OR INTERESTS WITH RESPECT TO THE PENDING CLASS ACTION LAWSUIT, PLEASE CONTACT FRANK R. CRUZ, OF THE LAW OFFICES OF FRANK R. CRUZ, 1999 AVENUE OF THE STARS, SUITE 1100, LOS ANGELES, CALIFORNIA 90067 AT 310-914-5007, BY EMAIL TO INFO@FRANKCRUZLAW.COM, OR VISIT OUR WEBSITE AT WWW.FRANKCRUZLAW.COM. IF YOU INQUIRE BY EMAIL PLEASE INCLUDE YOUR MAILING ADDRESS, TELEPHONE NUMBER, AND NUMBER OF SHARES PURCHASED. THIS PRESS RELEASE MAY BE CONSIDERED ATTORNEY ADVERTISING IN SOME JURISDICTIONS UNDER THE APPLICABLE LAW AND ETHICAL RULES.","['the law offices of frank r', 'cruz reminds investors of looming deadline in the class action lawsuit against alphabet inc', 'goog, googl', 'los angeles--business wire--the law offices of frank r', 'cruz reminds investors of the upcoming may 15, 2023 deadline to file a lead plaintiff motion in the class action filed on behalf of investors who acquired alphabet inc', 'alphabet or the company nasdaq goog, googl securities between february 4, 2020 and january 23, 2023, inclusive the class period', 'if you are a shareholder who suffered a loss, click here to participate', 'on january 24, 2023, the u.s', 'department of justice and eight states filed an antitrust lawsuit against alphabets subsidiary, google, accusing it of unlawfully abusing its dominance in digital advertising and violating the sherman antitrust act, claiming that google abuses its monopoly power to disadvantage website publishers and advertisers who dare to use competing ad tech products in a search for higher quality, or lower cost, matches', 'on this news, alphabets class a shares fell $2.09, or 2 percent, to close at $97.70 per share, while its class c shares fell $2.00, or 2 percent, to close at $99.21 per share on january 24, 2023, thereby injuring investors', 'the complaint filed in this class action alleges that throughout the class period, defendants made materially false andor misleading statements, as well as failed to disclose material adverse facts about the companys business, operations, and prospects', ""specifically, defendants failed to disclose to investors that 1 alphabet used its dominance in the field of digital advertising to disadvantage website publishers and advertisers who used competing advertising products 2 the foregoing conduct was anticompetitive in nature and likely to draw significant regulatory scrutiny 3 alphabet's revenues were unsustainable to the extent that they were the product of said anticompetitive conduct 4 alphabet's conduct, once revealed, would negatively impact the company's reputation and expose it to a heightened risk of litigation and regulatory enforcement action and 5 as a result, defendants positive statements about the companys business, operations, and prospects were materially misleading andor lacked a reasonable basis at all relevant times"", 'follow us for updates on twitter twitter.comfrclaw', 'if you purchased or otherwise acquired alphabet securities during the class period, you may move the court no later than may 15, 2023 to request appointment as lead plaintiff in this putative class action lawsuit', 'to be a member of the class action you need not take any action at this time you may retain counsel of your choice or take no action and remain an absent member of the class action', 'if you wish to learn more about this class action, or if you have any questions concerning this announcement or your rights or interests with respect to the pending class action lawsuit, please contact frank r', 'cruz, of the law offices of frank r', 'cruz, 1999 avenue of the stars, suite 1100, los angeles, california 90067 at 310-914-5007, by email to infofrankcruzlaw.com, or visit our website at if you inquire by email please include your mailing address, telephone number, and number of shares purchased', 'this press release may be considered attorney advertising in some jurisdictions under the applicable law and ethical rules.']",neutral,-0.0411052631578947,neutral,neutral
10-05-2023,"SHAREHOLDER ALERT: THE GROSS LAW FIRM NOTIFIES SHAREHOLDERS OF ALPHABET INC. OF A CLASS ACTION LAWSUIT AND A LEAD PLAINTIFF DEADLINE OF MAY 15, 2023 - (NASDAQ: GOOGL)","NEW YORK , MAY 10, 2023 /PRNEWSWIRE/ -- THE GROSS LAW FIRM ISSUES THE FOLLOWING NOTICE TO SHAREHOLDERS OF ALPHABET INC.. SHAREHOLDERS WHO PURCHASED SHARES OF GOOGL DURING THE CLASS PERIOD LISTED ARE ENCOURAGED TO CONTACT THE FIRM REGARDING POSSIBLE LEAD PLAINTIFF APPOINTMENT.","SHAREHOLDER ALERT: THE GROSS LAW FIRM NOTIFIES SHAREHOLDERS OF ALPHABET INC. OF A CLASS ACTION LAWSUIT AND A LEAD PLAINTIFF DEADLINE OF MAY 15, 2023 - (NASDAQ: GOOGL). NEW YORK , MAY 10, 2023 /PRNEWSWIRE/ -- THE GROSS LAW FIRM ISSUES THE FOLLOWING NOTICE TO SHAREHOLDERS OF ALPHABET INC.. SHAREHOLDERS WHO PURCHASED SHARES OF GOOGL DURING THE CLASS PERIOD LISTED ARE ENCOURAGED TO CONTACT THE FIRM REGARDING POSSIBLE LEAD PLAINTIFF APPOINTMENT.","['shareholder alert the gross law firm notifies shareholders of alphabet inc', 'of a class action lawsuit and a lead plaintiff deadline of may 15, 2023 - nasdaq googl', 'new york , may 10, 2023 prnewswire -- the gross law firm issues the following notice to shareholders of alphabet inc.', 'shareholders who purchased shares of googl during the class period listed are encouraged to contact the firm regarding possible lead plaintiff appointment.']",weakly_negative,-0.08935,weakly_negative,weakly_negative
09-05-2023,LIBERTY DENTAL PLAN ANNOUNCES NEW CHIEF DENTAL OFFICER,"IRVINE, CALIF. & NEW YORK--(BUSINESS WIRE)--LIBERTY DENTAL PLAN CORPORATION (LIBERTY) HAS APPOINTED ROSA “ROSIE” ROLDAN, DMD, MD, TO THE ROLE OF CHIEF DENTAL OFFICER. DR. ROLDAN, A BOARD-CERTIFIED PEDIATRIC DENTIST AND PHYSICIAN, PREVIOUSLY SERVED AS LIBERTY’S VICE PRESIDENT OF PROVIDER RELATIONS, CLINICAL AFFAIRS AND DENTAL WELLNESS AND AS THE DENTAL DIRECTOR FOR LIBERTY DENTAL PLAN OF FLORIDA. “DR. ROLDAN IS AN OUTSTANDING LEADER WHO IS HIGHLY REGARDED IN THE INDUSTRY,” SAID MARTI LOLLI, CEO OF LIBERTY. “HER UNIQUE COMBINATION OF EXPERTISE ENABLES HER TO BRIDGE THE GAP BETWEEN DENTISTRY AND OVERALL HEALTH, WHICH IS ESSENTIAL TO ADVANCING OUR MISSION TO HELP OUR MEMBERS LIVE THEIR HEALTHIEST LIFE.” LIBERTY DENTAL PLAN IS ONE OF THE NATION’S LARGEST DENTAL BENEFITS ADMINISTRATORS SERVING GOVERNMENT AND COMMERCIAL CLIENTS THROUGH PLANS THAT INCLUDE MEDICAID, THE CHILDREN’S HEALTH INSURANCE PROGRAM AND MEDICARE ADVANTAGE. “I AM EAGER TO BUILD ON LIBERTY’S STRONG FOUNDATION AND EXCELLENT REPUTATION,” SAID DR. ROLDAN. “WE’RE BRINGING TOGETHER AN INCREDIBLE TEAM TO TAKE THE NEXT STEP FORWARD IN CLINICAL EXCELLENCE AND INNOVATION THROUGH INFORMATICS, VALUE-BASED PROGRAMS AND QUALITY.” WITHIN LIBERTY’S CENTRALIZED DENTAL OFFICE, TWO NEW POSITIONS HAVE BEEN ELEVATED. CHERAG SARKARI, BDS, MDS, DDS, NOW SERVES AS DENTAL DIRECTOR, NATIONAL QUALITY IMPROVEMENT AND CLINICAL INNOVATION, AND CONTINUES AS CALIFORNIA DENTAL DIRECTOR. MICHAEL WEYRAUCH, DMD, HAS BEEN NAMED SENIOR DENTAL DIRECTOR, NATIONAL CLINICAL AFFAIRS AND ANALYTICS. PRIOR TO JOINING LIBERTY, DR. ROLDAN DEVELOPED AND IMPLEMENTED NICKLAUS CHILDREN’S HOSPITAL PEDIATRIC DENTISTRY RESIDENCY PROGRAM IN MIAMI, FLORIDA. IN THAT ROLE, SHE EDUCATED PEDIATRIC DENTAL SPECIALISTS, INCREASED ACCESS TO UNDER-SERVED POPULATIONS BY DEPLOYING A MOBILE DENTAL UNIT TO LOW-INCOME NEIGHBORHOODS, ESTABLISHED INFANT, TODDLER AND ADOLESCENT PROGRAMS TO INCREASE ACCESS TO CARE, AND SECURED OVER $10 MILLION DOLLARS IN GRANTS. ROLDAN HOLDS A BACHELOR’S DEGREE IN CHEMISTRY FROM UNIVERSITY OF PUERTO RICO, RIO PIEDRAS; A DOCTORATE OF DENTAL MEDICINE FROM TEMPLE UNIVERSITY, AND A DOCTORATE IN MEDICINE FROM UNIVERSITY OF TEXAS HEALTH SCIENCE CENTER IN SAN ANTONIO. SHE HAS MULTIPLE PUBLICATIONS IN PEER-REVIEWED JOURNALS AND HAS SERVED ON THE EDITORIAL BOARD OF THE JOURNAL OF THE AMERICAN DENTAL ASSOCIATION. ABOUT LIBERTY DENTAL PLAN CORPORATION LIBERTY IS A DENTAL BENEFITS ADMINISTRATOR FOUNDED BY DENTISTS AND HEALTH INDUSTRY PROFESSIONALS IN 2002. LIBERTY CURRENTLY ADMINISTERS DENTAL BENEFITS IN ALL 50 STATES, INCLUDING ON BEHALF OF 6.5 MILLION MEDICAID, MEDICARE ADVANTAGE, COMMERCIAL, AND EXCHANGE MEMBERS. A HIGH-TOUCH APPROACH TO MEMBER AND PROVIDER ENGAGEMENT, ALONG WITH INNOVATIONS TO IMPROVE THE QUALITY AND COST-EFFECTIVENESS OF DENTAL CARE DELIVERY, HAS PROPELLED THE COMPANY’S GROWTH. WELSH, CARSON, ANDERSON & STOWE, IS A MAJORITY INVESTOR IN LIBERTY AND ELEVANCE HEALTH, A CUSTOMER SINCE 2010, IS A MINORITY INVESTOR. LIBERTY OPERATES AND LIVES BY ITS MOTTO: MAKING MEMBERS SHINE, ONE SMILE AT A TIME.™ LEARN MORE AT LIBERTY DENTAL PLAN.","LIBERTY DENTAL PLAN ANNOUNCES NEW CHIEF DENTAL OFFICER. IRVINE, CALIF. & NEW YORK--(BUSINESS WIRE)--LIBERTY DENTAL PLAN CORPORATION (LIBERTY) HAS APPOINTED ROSA “ROSIE” ROLDAN, DMD, MD, TO THE ROLE OF CHIEF DENTAL OFFICER. DR. ROLDAN, A BOARD-CERTIFIED PEDIATRIC DENTIST AND PHYSICIAN, PREVIOUSLY SERVED AS LIBERTY’S VICE PRESIDENT OF PROVIDER RELATIONS, CLINICAL AFFAIRS AND DENTAL WELLNESS AND AS THE DENTAL DIRECTOR FOR LIBERTY DENTAL PLAN OF FLORIDA. “DR. ROLDAN IS AN OUTSTANDING LEADER WHO IS HIGHLY REGARDED IN THE INDUSTRY,” SAID MARTI LOLLI, CEO OF LIBERTY. “HER UNIQUE COMBINATION OF EXPERTISE ENABLES HER TO BRIDGE THE GAP BETWEEN DENTISTRY AND OVERALL HEALTH, WHICH IS ESSENTIAL TO ADVANCING OUR MISSION TO HELP OUR MEMBERS LIVE THEIR HEALTHIEST LIFE.” LIBERTY DENTAL PLAN IS ONE OF THE NATION’S LARGEST DENTAL BENEFITS ADMINISTRATORS SERVING GOVERNMENT AND COMMERCIAL CLIENTS THROUGH PLANS THAT INCLUDE MEDICAID, THE CHILDREN’S HEALTH INSURANCE PROGRAM AND MEDICARE ADVANTAGE. “I AM EAGER TO BUILD ON LIBERTY’S STRONG FOUNDATION AND EXCELLENT REPUTATION,” SAID DR. ROLDAN. “WE’RE BRINGING TOGETHER AN INCREDIBLE TEAM TO TAKE THE NEXT STEP FORWARD IN CLINICAL EXCELLENCE AND INNOVATION THROUGH INFORMATICS, VALUE-BASED PROGRAMS AND QUALITY.” WITHIN LIBERTY’S CENTRALIZED DENTAL OFFICE, TWO NEW POSITIONS HAVE BEEN ELEVATED. CHERAG SARKARI, BDS, MDS, DDS, NOW SERVES AS DENTAL DIRECTOR, NATIONAL QUALITY IMPROVEMENT AND CLINICAL INNOVATION, AND CONTINUES AS CALIFORNIA DENTAL DIRECTOR. MICHAEL WEYRAUCH, DMD, HAS BEEN NAMED SENIOR DENTAL DIRECTOR, NATIONAL CLINICAL AFFAIRS AND ANALYTICS. PRIOR TO JOINING LIBERTY, DR. ROLDAN DEVELOPED AND IMPLEMENTED NICKLAUS CHILDREN’S HOSPITAL PEDIATRIC DENTISTRY RESIDENCY PROGRAM IN MIAMI, FLORIDA. IN THAT ROLE, SHE EDUCATED PEDIATRIC DENTAL SPECIALISTS, INCREASED ACCESS TO UNDER-SERVED POPULATIONS BY DEPLOYING A MOBILE DENTAL UNIT TO LOW-INCOME NEIGHBORHOODS, ESTABLISHED INFANT, TODDLER AND ADOLESCENT PROGRAMS TO INCREASE ACCESS TO CARE, AND SECURED OVER $10 MILLION DOLLARS IN GRANTS. ROLDAN HOLDS A BACHELOR’S DEGREE IN CHEMISTRY FROM UNIVERSITY OF PUERTO RICO, RIO PIEDRAS; A DOCTORATE OF DENTAL MEDICINE FROM TEMPLE UNIVERSITY, AND A DOCTORATE IN MEDICINE FROM UNIVERSITY OF TEXAS HEALTH SCIENCE CENTER IN SAN ANTONIO. SHE HAS MULTIPLE PUBLICATIONS IN PEER-REVIEWED JOURNALS AND HAS SERVED ON THE EDITORIAL BOARD OF THE JOURNAL OF THE AMERICAN DENTAL ASSOCIATION. ABOUT LIBERTY DENTAL PLAN CORPORATION LIBERTY IS A DENTAL BENEFITS ADMINISTRATOR FOUNDED BY DENTISTS AND HEALTH INDUSTRY PROFESSIONALS IN 2002. LIBERTY CURRENTLY ADMINISTERS DENTAL BENEFITS IN ALL 50 STATES, INCLUDING ON BEHALF OF 6.5 MILLION MEDICAID, MEDICARE ADVANTAGE, COMMERCIAL, AND EXCHANGE MEMBERS. A HIGH-TOUCH APPROACH TO MEMBER AND PROVIDER ENGAGEMENT, ALONG WITH INNOVATIONS TO IMPROVE THE QUALITY AND COST-EFFECTIVENESS OF DENTAL CARE DELIVERY, HAS PROPELLED THE COMPANY’S GROWTH. WELSH, CARSON, ANDERSON & STOWE, IS A MAJORITY INVESTOR IN LIBERTY AND ELEVANCE HEALTH, A CUSTOMER SINCE 2010, IS A MINORITY INVESTOR. LIBERTY OPERATES AND LIVES BY ITS MOTTO: MAKING MEMBERS SHINE, ONE SMILE AT A TIME.™ LEARN MORE AT LIBERTY DENTAL PLAN.","['liberty dental plan announces new chief dental officer', 'irvine, calif', 'new york--business wire--liberty dental plan corporation liberty has appointed rosa rosie roldan, dmd, md, to the role of chief dental officer', 'dr', 'roldan, a board-certified pediatric dentist and physician, previously served as libertys vice president of provider relations, clinical affairs and dental wellness and as the dental director for liberty dental plan of florida', 'dr', 'roldan is an outstanding leader who is highly regarded in the industry, said marti lolli, ceo of liberty', 'her unique combination of expertise enables her to bridge the gap between dentistry and overall health, which is essential to advancing our mission to help our members live their healthiest life', 'liberty dental plan is one of the nations largest dental benefits administrators serving government and commercial clients through plans that include medicaid, the childrens health insurance program and medicare advantage', 'i am eager to build on libertys strong foundation and excellent reputation, said dr', 'roldan', 'were bringing together an incredible team to take the next step forward in clinical excellence and innovation through informatics, value-based programs and quality', 'within libertys centralized dental office, two new positions have been elevated', 'cherag sarkari, bds, mds, dds, now serves as dental director, national quality improvement and clinical innovation, and continues as california dental director', 'michael weyrauch, dmd, has been named senior dental director, national clinical affairs and analytics', 'prior to joining liberty, dr', 'roldan developed and implemented nicklaus childrens hospital pediatric dentistry residency program in miami, florida', 'in that role, she educated pediatric dental specialists, increased access to under-served populations by deploying a mobile dental unit to low-income neighborhoods, established infant, toddler and adolescent programs to increase access to care, and secured over $10 million dollars in grants', 'roldan holds a bachelors degree in chemistry from university of puerto rico, rio piedras a doctorate of dental medicine from temple university, and a doctorate in medicine from university of texas health science center in san antonio', 'she has multiple publications in peer-reviewed journals and has served on the editorial board of the journal of the american dental association', 'about liberty dental plan corporation liberty is a dental benefits administrator founded by dentists and health industry professionals in 2002', 'liberty currently administers dental benefits in all 50 states, including on behalf of 6.5 million medicaid, medicare advantage, commercial, and exchange members', 'a high-touch approach to member and provider engagement, along with innovations to improve the quality and cost-effectiveness of dental care delivery, has propelled the companys growth', 'welsh, carson, anderson stowe, is a majority investor in liberty and elevance health, a customer since 2010, is a minority investor', 'liberty operates and lives by its motto making members shine, one smile at a time', 'learn more at liberty dental plan.']",weakly_positive,0.4563499999999999,weakly_positive,weakly_positive
08-05-2023,"GOOG FINAL DEADLINE NOTICE: ROSEN, SKILLED INVESTOR COUNSEL, ENCOURAGES ALPHABET INC. INVESTORS TO SECURE COUNSEL BEFORE IMPORTANT MAY 15 DEADLINE IN SECURITIES CLASS ACTION - GOOG, GOOGL","NEW YORK , MAY 8, 2023 /PRNEWSWIRE/ --  WHY: ROSEN LAW FIRM, A GLOBAL INVESTOR RIGHTS LAW FIRM, REMINDS PURCHASERS OF SECURITIES OF ALPHABET INC. (NASDAQ: GOOG, GOOGL), THE PARENT COMPANY OF GOOGLE, BETWEEN FEBRUARY 4, 2020 AND JANUARY 23, 2023, BOTH DATES INCLUSIVE (THE ""CLASS PERIOD""), OF THE IMPORTANT MAY 15, 2023 LEAD PLAINTIFF DEADLINE. SO WHAT: IF YOU PURCHASED ALPHABET SECURITIES DURING THE CLASS PERIOD YOU MAY BE ENTITLED TO COMPENSATION WITHOUT PAYMENT OF ANY OUT OF POCKET FEES OR COSTS THROUGH A CONTINGENCY FEE ARRANGEMENT.","GOOG FINAL DEADLINE NOTICE: ROSEN, SKILLED INVESTOR COUNSEL, ENCOURAGES ALPHABET INC. INVESTORS TO SECURE COUNSEL BEFORE IMPORTANT MAY 15 DEADLINE IN SECURITIES CLASS ACTION - GOOG, GOOGL. NEW YORK , MAY 8, 2023 /PRNEWSWIRE/ --  WHY: ROSEN LAW FIRM, A GLOBAL INVESTOR RIGHTS LAW FIRM, REMINDS PURCHASERS OF SECURITIES OF ALPHABET INC. (NASDAQ: GOOG, GOOGL), THE PARENT COMPANY OF GOOGLE, BETWEEN FEBRUARY 4, 2020 AND JANUARY 23, 2023, BOTH DATES INCLUSIVE (THE ""CLASS PERIOD""), OF THE IMPORTANT MAY 15, 2023 LEAD PLAINTIFF DEADLINE. SO WHAT: IF YOU PURCHASED ALPHABET SECURITIES DURING THE CLASS PERIOD YOU MAY BE ENTITLED TO COMPENSATION WITHOUT PAYMENT OF ANY OUT OF POCKET FEES OR COSTS THROUGH A CONTINGENCY FEE ARRANGEMENT.","['goog final deadline notice rosen, skilled investor counsel, encourages alphabet inc', 'investors to secure counsel before important may 15 deadline in securities class action - goog, googl', 'new york , may 8, 2023 prnewswire -- why rosen law firm, a global investor rights law firm, reminds purchasers of securities of alphabet inc', 'nasdaq goog, googl, the parent company of google, between february 4, 2020 and january 23, 2023, both dates inclusive the class period, of the important may 15, 2023 lead plaintiff deadline', 'so what if you purchased alphabet securities during the class period you may be entitled to compensation without payment of any out of pocket fees or costs through a contingency fee arrangement.']",weakly_positive,0.4218,weakly_positive,weakly_positive
08-05-2023,"GOOG, GOOGL INVESTORS HAVE OPPORTUNITY TO LEAD ALPHABET INC. SECURITIES FRAUD LAWSUIT","SHAREHOLDERS WITH LOSSES EXCEEDING $100,000 ARE ENCOURAGED TO CONTACT THE FIRM.   BENSALEM, PA.","GOOG, GOOGL INVESTORS HAVE OPPORTUNITY TO LEAD ALPHABET INC. SECURITIES FRAUD LAWSUIT. SHAREHOLDERS WITH LOSSES EXCEEDING $100,000 ARE ENCOURAGED TO CONTACT THE FIRM.   BENSALEM, PA.","['goog, googl investors have opportunity to lead alphabet inc', 'securities fraud lawsuit', 'shareholders with losses exceeding $100,000 are encouraged to contact the firm', 'bensalem, pa.']",neutral,-0.0431,weakly_positive,weakly_positive
08-05-2023,"ALPHABET INC. (NASDAQ: GOOGL, GOOG) SHAREHOLDER CLASS ACTION ALERT: BERNSTEIN LIEBHARD LLP REMINDS INVESTORS OF THE DEADLINE TO FILE A LEAD PLAINTIFF MOTION IN A SECURITIES CLASS ACTION LAWSUIT AGAINST ALPHABET INC. (NASDAQ: GOOGL, GOOG)","DID YOU LOSE MONEY ON INVESTMENTS IN ALPHABET?  IF SO, PLEASE VISIT ALPHABET INC. SHAREHOLDER CLASS ACTION LAWSUIT OR CONTACT  PETER ALLOCCO AT (212) 951-2030 OR PALLOCCO@BERNLIEB.COM TO DISCUSS YOUR RIGHTS.","ALPHABET INC. (NASDAQ: GOOGL, GOOG) SHAREHOLDER CLASS ACTION ALERT: BERNSTEIN LIEBHARD LLP REMINDS INVESTORS OF THE DEADLINE TO FILE A LEAD PLAINTIFF MOTION IN A SECURITIES CLASS ACTION LAWSUIT AGAINST ALPHABET INC. (NASDAQ: GOOGL, GOOG). DID YOU LOSE MONEY ON INVESTMENTS IN ALPHABET?  IF SO, PLEASE VISIT ALPHABET INC. SHAREHOLDER CLASS ACTION LAWSUIT OR CONTACT  PETER ALLOCCO AT (212) 951-2030 OR PALLOCCO@BERNLIEB.COM TO DISCUSS YOUR RIGHTS.","['alphabet inc', 'nasdaq googl, goog shareholder class action alert bernstein liebhard llp reminds investors of the deadline to file a lead plaintiff motion in a securities class action lawsuit against alphabet inc', 'nasdaq googl, goog', 'did you lose money on investments in alphabet', 'if so, please visit alphabet inc', 'shareholder class action lawsuit or contact peter allocco at 212 951-2030 or palloccobernlieb.com to discuss your rights.']",neutral,0.0085333333333333,weakly_positive,weakly_positive
05-05-2023,AEYE ANNOUNCES APPOINTMENT OF CONOR TIERNEY AS CHIEF FINANCIAL OFFICER,"DUBLIN, CALIF.--(BUSINESS WIRE)--AEYE, INC. (NASDAQ: LIDR), A GLOBAL LEADER IN ADAPTIVE, HIGH-PERFORMANCE LIDAR SOLUTIONS, TODAY ANNOUNCED THAT CONOR TIERNEY HAS BEEN APPOINTED CHIEF FINANCIAL OFFICER AND TREASURER. TIERNEY JOINED AEYE AS CHIEF ACCOUNTING OFFICER IN JANUARY 2022 AND MOST RECENTLY SERVED AS THE COMPANY’S INTERIM CHIEF FINANCIAL OFFICER. “I AM PLEASED TO WELCOME CONOR TIERNEY TO OUR EXECUTIVE TEAM AS CHIEF FINANCIAL OFFICER,” SAID MATT FISCH, CHIEF EXECUTIVE OFFICER OF AEYE. “CONOR JOINED AEYE IN 2022, WITH TWENTY YEARS OF FINANCIAL LEADERSHIP AND MANAGEMENT EXPERIENCE WITH TOP TECHNOLOGY COMPANIES, INCLUDING ALPHABET AND GLU MOBILE. SINCE JOINING AEYE, CONOR HAS DEMONSTRATED HIS DEEP FINANCIAL ACUMEN AND KNOWLEDGE OF TECHNOLOGY, AND HE WILL BE A VALUABLE ASSET TO AEYE AS WE FOCUS ON EXECUTING AGAINST OUR GO-FORWARD STRATEGIC PLAN.” PREVIOUSLY, TIERNEY WAS CHIEF ACCOUNTING OFFICER AT AEYE, RESPONSIBLE FOR OVERALL LEADERSHIP OF THE COMPANY’S ACCOUNTING, FINANCIAL COMPLIANCE, CONTROLS, AND REPORTING FUNCTIONS. PRIOR TO JOINING AEYE, TIERNEY WAS HEAD OF FINANCE AND CORPORATE CONTROLLER AT ALPHABET’S (NASDAQ: GOOG) WING AVIATION DIVISION (ALPHABET’S DRONE DELIVERY BUSINESS). HE ALSO SERVED AS CORPORATE CONTROLLER AT GLU MOBILE (NASDAQ: GLUU) IN THE MOBILE GAMING SPACE, MANAGING A GLOBAL TEAM, AND WORKED IN PUBLIC ACCOUNTING AT “BIG FOUR” FIRMS INCLUDING DELOITTE AND PRICEWATERHOUSECOOPERS. CONOR GRADUATED WITH A BSC IN ACCOUNTING FROM UNIVERSITY COLLEGE CORK AND IS A CERTIFIED PUBLIC ACCOUNTANT. “I’M DELIGHTED TO TAKE ON THE CFO ROLE,” SAID TIERNEY. “AEYE’S UNIQUE CAPITAL EFFICIENT LICENSING MODEL AND STRATEGY STAND OUT IN THE LIDAR SPACE, AND AS WE MOVE FORWARD WITH OUR PARTNER, CONTINENTAL, TO COMMERCIALIZE AEYE’S ADVANCED AUTOMOTIVE APPLICATIONS, I SEE GREAT OPPORTUNITY TO CREATE VALUE FOR OUR STAKEHOLDERS.” ABOUT AEYE AEYE’S UNIQUE SOFTWARE-DEFINED LIDAR SOLUTION ENABLES ADVANCED DRIVER-ASSISTANCE, VEHICLE AUTONOMY, SMART INFRASTRUCTURE, LOGISTICS, AND OFF-HIGHWAY APPLICATIONS THAT SAVE LIVES AND PROPEL THE FUTURE OF TRANSPORTATION AND MOBILITY. AEYE’S 4SIGHT™ INTELLIGENT SENSING PLATFORM, WITH ITS ADAPTIVE SENSOR-BASED OPERATING SYSTEM, FOCUSES ON WHAT MATTERS MOST: DELIVERING FASTER, MORE ACCURATE, AND RELIABLE INFORMATION. AEYE’S 4SIGHT™ PRODUCTS, BUILT ON THIS PLATFORM, ARE IDEAL FOR DYNAMIC APPLICATIONS WHICH REQUIRE PRECISE MEASUREMENT IMAGING TO ENSURE SAFETY AND PERFORMANCE. AEYE HAS A GLOBAL PRESENCE THROUGH ITS OFFICES IN GERMANY, JAPAN, KOREA, AND THE UNITED STATES. FORWARD-LOOKING STATEMENTS CERTAIN STATEMENTS INCLUDED IN THIS PRESS RELEASE THAT ARE NOT HISTORICAL FACTS ARE FORWARD-LOOKING STATEMENTS WITHIN THE MEANING OF THE FEDERAL SECURITIES LAWS, INCLUDING THE SAFE HARBOR PROVISIONS UNDER THE UNITED STATES PRIVATE SECURITIES LITIGATION REFORM ACT OF 1995. FORWARD-LOOKING STATEMENTS ARE SOMETIMES ACCOMPANIED BY WORDS SUCH AS “BELIEVE,” “CONTINUE,” “PROJECT,” “EXPECT,” “ANTICIPATE,” “ESTIMATE,” “INTEND,” “STRATEGY,” “FUTURE,” “OPPORTUNITY,” “PREDICT,” “PLAN,” “MAY,” “SHOULD,” “WILL,” “WOULD,” “POTENTIAL,” “SEEM,” “SEEK,” “OUTLOOK,” AND SIMILAR EXPRESSIONS THAT PREDICT OR INDICATE FUTURE EVENTS OR TRENDS, OR THAT ARE NOT STATEMENTS OF HISTORICAL MATTERS. FORWARD-LOOKING STATEMENTS ARE PREDICTIONS, PROJECTIONS, AND OTHER STATEMENTS ABOUT FUTURE EVENTS THAT ARE BASED ON CURRENT EXPECTATIONS AND ASSUMPTIONS AND, AS A RESULT, ARE SUBJECT TO RISKS AND UNCERTAINTIES. FORWARD LOOKING STATEMENTS INCLUDED IN THIS PRESS RELEASE INCLUDE STATEMENTS ABOUT AEYE’S APPOINTMENT OF A NEW CHIEF FINANCIAL OFFICER, EXECUTION OF AEYE’S GO-FORWARD STRATEGIC PLAN, THE COMMERCIALIZATION OF AEYE’S PRODUCTS, AND THE OPPORTUNITY TO CREATE VALUE FOR AEYE’S STAKEHOLDERS, AMONG OTHERS. THESE STATEMENTS ARE BASED ON VARIOUS ASSUMPTIONS, WHETHER OR NOT IDENTIFIED IN THIS PRESS RELEASE. THESE FORWARD-LOOKING STATEMENTS ARE PROVIDED FOR ILLUSTRATIVE PURPOSES ONLY AND ARE NOT INTENDED TO SERVE AS AND MUST NOT BE RELIED ON BY AN INVESTOR AS A GUARANTEE, AN ASSURANCE, A PREDICTION, OR A DEFINITIVE STATEMENT OF FACT OR PROBABILITY. ACTUAL EVENTS AND CIRCUMSTANCES ARE VERY DIFFICULT OR IMPOSSIBLE TO PREDICT AND WILL DIFFER FROM THE ASSUMPTIONS. MANY ACTUAL EVENTS AND CIRCUMSTANCES ARE BEYOND THE CONTROL OF AEYE. MANY FACTORS COULD CAUSE ACTUAL FUTURE EVENTS TO DIFFER FROM THE FORWARD-LOOKING STATEMENTS IN THIS PRESS RELEASE, INCLUDING BUT NOT LIMITED TO: (I) THE RISKS THAT AEYE IS UNABLE TO EXECUTE AGAINST ITS GO-FORWARD STRATEGIC PLAN TO THE EXTENT ANTICIPATED, OR AT ALL; (II) THE RISKS THAT AEYE’S GO-FORWARD STRATEGIC PLAN DOES NOT YIELD THE RESULTS IN THE TIME FRAME ANTICIPATED, OR AT ALL; (III) THE RISKS THAT AEYE’S UNIQUE CAPITAL EFFICIENT LICENSING MODEL AND STRATEGY ARE REPLICATED BY COMPETITORS, THEREBY RENDERING THE MODEL AND STRATEGY NO LONGER UNIQUE; (IV) THE RISKS THAT AEYE, WITH OR WITHOUT ITS PARTNER, CONTINENTAL, IS ABLE TO MOVE FORWARD TO COMMERCIALIZE AEYE’S ADVANCED AUTOMOTIVE APPLICATIONS IN THE TIME FRAME OR TO THE EXTENT ANTICIPATED, OR AT ALL; (V) THE RISKS THAT THE OPPORTUNITY TO CREATE VALUE FOR AEYE’S STAKEHOLDERS OCCURS IN THE TIME FRAME OR TO THE EXTENT ANTICIPATED, OR AT ALL; (VI) THE RISKS THAT AEYE’S PRODUCTS WILL NOT MEET THE DIVERSE RANGE OF PERFORMANCE AND FUNCTIONAL REQUIREMENTS OF AEYE’S TARGET MARKETS AND CUSTOMERS; (VII) THE RISKS THAT THE SIZE OF THE TOTAL AVAILABLE MARKET FOR THE USE OF LIDAR WILL BE SMALLER THAN ANTICIPATED OR TAKE LONGER TO COME TO FRUITION THAN PREDICTED; (VIII) THE RISKS THAT AEYE MAY NOT CONTINUE TO EXECUTE AGAINST ITS BUSINESS PLAN TO THE EXTENT ANTICIPATED, OR AT ALL; (IX) THE RISKS THAT LIDAR ADOPTION OCCURS SLOWER THAN ANTICIPATED OR FAILS TO OCCUR AT ALL; (X) THE RISKS THAT AEYE’S PRODUCTS WILL NOT FUNCTION AS ANTICIPATED BY AEYE, OR BY TARGET MARKETS AND CUSTOMERS; (XI) THE RISKS THAT AEYE MAY NOT BE IN A POSITION TO ADEQUATELY OR TIMELY ADDRESS EITHER THE NEAR OR LONG-TERM OPPORTUNITIES THAT MAY OR MAY NOT EXIST IN THE EVOLVING AUTONOMOUS TRANSPORTATION INDUSTRY; (XII) THE RISKS ASSOCIATED WITH CHANGES IN COMPETITIVE AND REGULATED INDUSTRIES IN WHICH AEYE OPERATES, VARIATIONS IN OPERATING PERFORMANCE ACROSS COMPETITORS, AND CHANGES IN LAWS AND REGULATIONS AFFECTING AEYE’S BUSINESS; (XIII) THE RISKS THAT AEYE IS UNABLE TO ADEQUATELY IMPLEMENT BUSINESS PLANS, FORECASTS, AND OTHER EXPECTATIONS, AND IDENTIFY AND REALIZE ADDITIONAL OPPORTUNITIES; AND (XIV) THE RISKS OF DOWNTURNS AND A CHANGING REGULATORY LANDSCAPE IN THE HIGHLY COMPETITIVE AND EVOLVING INDUSTRY IN WHICH AEYE OPERATES. THESE RISKS AND UNCERTAINTIES MAY BE AMPLIFIED BY THE LINGERING EFFECTS OF THE COVID-19 PANDEMIC, WHICH CONTINUES TO CAUSE SIGNIFICANT ECONOMIC UNCERTAINTY. THE FOREGOING LIST OF FACTORS IS NOT EXHAUSTIVE. YOU SHOULD CAREFULLY CONSIDER THE FOREGOING FACTORS AND THE OTHER RISKS AND UNCERTAINTIES DESCRIBED IN THE “RISK FACTORS” SECTION OF THE PERIODIC REPORT THAT AEYE HAS MOST RECENTLY FILED WITH THE U.S. SECURITIES AND EXCHANGE COMMISSION, OR THE SEC, AND OTHER DOCUMENTS FILED BY AEYE OR THAT WILL BE FILED BY AEYE FROM TIME TO TIME WITH THE SEC. THESE FILINGS IDENTIFY AND ADDRESS OTHER IMPORTANT RISKS AND UNCERTAINTIES THAT COULD CAUSE ACTUAL EVENTS AND RESULTS TO DIFFER MATERIALLY FROM THOSE CONTAINED IN THE FORWARD-LOOKING STATEMENTS. FORWARD-LOOKING STATEMENTS SPEAK ONLY AS OF THE DATE THEY ARE MADE. READERS ARE CAUTIONED NOT TO PUT UNDUE RELIANCE ON FORWARD-LOOKING STATEMENTS; AEYE ASSUMES NO OBLIGATION AND DOES NOT INTEND TO UPDATE OR REVISE THESE FORWARD-LOOKING STATEMENTS, WHETHER AS A RESULT OF NEW INFORMATION, FUTURE EVENTS, OR OTHERWISE. AEYE GIVES NO ASSURANCE THAT AEYE WILL ACHIEVE ANY OF ITS EXPECTATIONS.","AEYE ANNOUNCES APPOINTMENT OF CONOR TIERNEY AS CHIEF FINANCIAL OFFICER. DUBLIN, CALIF.--(BUSINESS WIRE)--AEYE, INC. (NASDAQ: LIDR), A GLOBAL LEADER IN ADAPTIVE, HIGH-PERFORMANCE LIDAR SOLUTIONS, TODAY ANNOUNCED THAT CONOR TIERNEY HAS BEEN APPOINTED CHIEF FINANCIAL OFFICER AND TREASURER. TIERNEY JOINED AEYE AS CHIEF ACCOUNTING OFFICER IN JANUARY 2022 AND MOST RECENTLY SERVED AS THE COMPANY’S INTERIM CHIEF FINANCIAL OFFICER. “I AM PLEASED TO WELCOME CONOR TIERNEY TO OUR EXECUTIVE TEAM AS CHIEF FINANCIAL OFFICER,” SAID MATT FISCH, CHIEF EXECUTIVE OFFICER OF AEYE. “CONOR JOINED AEYE IN 2022, WITH TWENTY YEARS OF FINANCIAL LEADERSHIP AND MANAGEMENT EXPERIENCE WITH TOP TECHNOLOGY COMPANIES, INCLUDING ALPHABET AND GLU MOBILE. SINCE JOINING AEYE, CONOR HAS DEMONSTRATED HIS DEEP FINANCIAL ACUMEN AND KNOWLEDGE OF TECHNOLOGY, AND HE WILL BE A VALUABLE ASSET TO AEYE AS WE FOCUS ON EXECUTING AGAINST OUR GO-FORWARD STRATEGIC PLAN.” PREVIOUSLY, TIERNEY WAS CHIEF ACCOUNTING OFFICER AT AEYE, RESPONSIBLE FOR OVERALL LEADERSHIP OF THE COMPANY’S ACCOUNTING, FINANCIAL COMPLIANCE, CONTROLS, AND REPORTING FUNCTIONS. PRIOR TO JOINING AEYE, TIERNEY WAS HEAD OF FINANCE AND CORPORATE CONTROLLER AT ALPHABET’S (NASDAQ: GOOG) WING AVIATION DIVISION (ALPHABET’S DRONE DELIVERY BUSINESS). HE ALSO SERVED AS CORPORATE CONTROLLER AT GLU MOBILE (NASDAQ: GLUU) IN THE MOBILE GAMING SPACE, MANAGING A GLOBAL TEAM, AND WORKED IN PUBLIC ACCOUNTING AT “BIG FOUR” FIRMS INCLUDING DELOITTE AND PRICEWATERHOUSECOOPERS. CONOR GRADUATED WITH A BSC IN ACCOUNTING FROM UNIVERSITY COLLEGE CORK AND IS A CERTIFIED PUBLIC ACCOUNTANT. “I’M DELIGHTED TO TAKE ON THE CFO ROLE,” SAID TIERNEY. “AEYE’S UNIQUE CAPITAL EFFICIENT LICENSING MODEL AND STRATEGY STAND OUT IN THE LIDAR SPACE, AND AS WE MOVE FORWARD WITH OUR PARTNER, CONTINENTAL, TO COMMERCIALIZE AEYE’S ADVANCED AUTOMOTIVE APPLICATIONS, I SEE GREAT OPPORTUNITY TO CREATE VALUE FOR OUR STAKEHOLDERS.” ABOUT AEYE AEYE’S UNIQUE SOFTWARE-DEFINED LIDAR SOLUTION ENABLES ADVANCED DRIVER-ASSISTANCE, VEHICLE AUTONOMY, SMART INFRASTRUCTURE, LOGISTICS, AND OFF-HIGHWAY APPLICATIONS THAT SAVE LIVES AND PROPEL THE FUTURE OF TRANSPORTATION AND MOBILITY. AEYE’S 4SIGHT™ INTELLIGENT SENSING PLATFORM, WITH ITS ADAPTIVE SENSOR-BASED OPERATING SYSTEM, FOCUSES ON WHAT MATTERS MOST: DELIVERING FASTER, MORE ACCURATE, AND RELIABLE INFORMATION. AEYE’S 4SIGHT™ PRODUCTS, BUILT ON THIS PLATFORM, ARE IDEAL FOR DYNAMIC APPLICATIONS WHICH REQUIRE PRECISE MEASUREMENT IMAGING TO ENSURE SAFETY AND PERFORMANCE. AEYE HAS A GLOBAL PRESENCE THROUGH ITS OFFICES IN GERMANY, JAPAN, KOREA, AND THE UNITED STATES. FORWARD-LOOKING STATEMENTS CERTAIN STATEMENTS INCLUDED IN THIS PRESS RELEASE THAT ARE NOT HISTORICAL FACTS ARE FORWARD-LOOKING STATEMENTS WITHIN THE MEANING OF THE FEDERAL SECURITIES LAWS, INCLUDING THE SAFE HARBOR PROVISIONS UNDER THE UNITED STATES PRIVATE SECURITIES LITIGATION REFORM ACT OF 1995. FORWARD-LOOKING STATEMENTS ARE SOMETIMES ACCOMPANIED BY WORDS SUCH AS “BELIEVE,” “CONTINUE,” “PROJECT,” “EXPECT,” “ANTICIPATE,” “ESTIMATE,” “INTEND,” “STRATEGY,” “FUTURE,” “OPPORTUNITY,” “PREDICT,” “PLAN,” “MAY,” “SHOULD,” “WILL,” “WOULD,” “POTENTIAL,” “SEEM,” “SEEK,” “OUTLOOK,” AND SIMILAR EXPRESSIONS THAT PREDICT OR INDICATE FUTURE EVENTS OR TRENDS, OR THAT ARE NOT STATEMENTS OF HISTORICAL MATTERS. FORWARD-LOOKING STATEMENTS ARE PREDICTIONS, PROJECTIONS, AND OTHER STATEMENTS ABOUT FUTURE EVENTS THAT ARE BASED ON CURRENT EXPECTATIONS AND ASSUMPTIONS AND, AS A RESULT, ARE SUBJECT TO RISKS AND UNCERTAINTIES. FORWARD LOOKING STATEMENTS INCLUDED IN THIS PRESS RELEASE INCLUDE STATEMENTS ABOUT AEYE’S APPOINTMENT OF A NEW CHIEF FINANCIAL OFFICER, EXECUTION OF AEYE’S GO-FORWARD STRATEGIC PLAN, THE COMMERCIALIZATION OF AEYE’S PRODUCTS, AND THE OPPORTUNITY TO CREATE VALUE FOR AEYE’S STAKEHOLDERS, AMONG OTHERS. THESE STATEMENTS ARE BASED ON VARIOUS ASSUMPTIONS, WHETHER OR NOT IDENTIFIED IN THIS PRESS RELEASE. THESE FORWARD-LOOKING STATEMENTS ARE PROVIDED FOR ILLUSTRATIVE PURPOSES ONLY AND ARE NOT INTENDED TO SERVE AS AND MUST NOT BE RELIED ON BY AN INVESTOR AS A GUARANTEE, AN ASSURANCE, A PREDICTION, OR A DEFINITIVE STATEMENT OF FACT OR PROBABILITY. ACTUAL EVENTS AND CIRCUMSTANCES ARE VERY DIFFICULT OR IMPOSSIBLE TO PREDICT AND WILL DIFFER FROM THE ASSUMPTIONS. MANY ACTUAL EVENTS AND CIRCUMSTANCES ARE BEYOND THE CONTROL OF AEYE. MANY FACTORS COULD CAUSE ACTUAL FUTURE EVENTS TO DIFFER FROM THE FORWARD-LOOKING STATEMENTS IN THIS PRESS RELEASE, INCLUDING BUT NOT LIMITED TO: (I) THE RISKS THAT AEYE IS UNABLE TO EXECUTE AGAINST ITS GO-FORWARD STRATEGIC PLAN TO THE EXTENT ANTICIPATED, OR AT ALL; (II) THE RISKS THAT AEYE’S GO-FORWARD STRATEGIC PLAN DOES NOT YIELD THE RESULTS IN THE TIME FRAME ANTICIPATED, OR AT ALL; (III) THE RISKS THAT AEYE’S UNIQUE CAPITAL EFFICIENT LICENSING MODEL AND STRATEGY ARE REPLICATED BY COMPETITORS, THEREBY RENDERING THE MODEL AND STRATEGY NO LONGER UNIQUE; (IV) THE RISKS THAT AEYE, WITH OR WITHOUT ITS PARTNER, CONTINENTAL, IS ABLE TO MOVE FORWARD TO COMMERCIALIZE AEYE’S ADVANCED AUTOMOTIVE APPLICATIONS IN THE TIME FRAME OR TO THE EXTENT ANTICIPATED, OR AT ALL; (V) THE RISKS THAT THE OPPORTUNITY TO CREATE VALUE FOR AEYE’S STAKEHOLDERS OCCURS IN THE TIME FRAME OR TO THE EXTENT ANTICIPATED, OR AT ALL; (VI) THE RISKS THAT AEYE’S PRODUCTS WILL NOT MEET THE DIVERSE RANGE OF PERFORMANCE AND FUNCTIONAL REQUIREMENTS OF AEYE’S TARGET MARKETS AND CUSTOMERS; (VII) THE RISKS THAT THE SIZE OF THE TOTAL AVAILABLE MARKET FOR THE USE OF LIDAR WILL BE SMALLER THAN ANTICIPATED OR TAKE LONGER TO COME TO FRUITION THAN PREDICTED; (VIII) THE RISKS THAT AEYE MAY NOT CONTINUE TO EXECUTE AGAINST ITS BUSINESS PLAN TO THE EXTENT ANTICIPATED, OR AT ALL; (IX) THE RISKS THAT LIDAR ADOPTION OCCURS SLOWER THAN ANTICIPATED OR FAILS TO OCCUR AT ALL; (X) THE RISKS THAT AEYE’S PRODUCTS WILL NOT FUNCTION AS ANTICIPATED BY AEYE, OR BY TARGET MARKETS AND CUSTOMERS; (XI) THE RISKS THAT AEYE MAY NOT BE IN A POSITION TO ADEQUATELY OR TIMELY ADDRESS EITHER THE NEAR OR LONG-TERM OPPORTUNITIES THAT MAY OR MAY NOT EXIST IN THE EVOLVING AUTONOMOUS TRANSPORTATION INDUSTRY; (XII) THE RISKS ASSOCIATED WITH CHANGES IN COMPETITIVE AND REGULATED INDUSTRIES IN WHICH AEYE OPERATES, VARIATIONS IN OPERATING PERFORMANCE ACROSS COMPETITORS, AND CHANGES IN LAWS AND REGULATIONS AFFECTING AEYE’S BUSINESS; (XIII) THE RISKS THAT AEYE IS UNABLE TO ADEQUATELY IMPLEMENT BUSINESS PLANS, FORECASTS, AND OTHER EXPECTATIONS, AND IDENTIFY AND REALIZE ADDITIONAL OPPORTUNITIES; AND (XIV) THE RISKS OF DOWNTURNS AND A CHANGING REGULATORY LANDSCAPE IN THE HIGHLY COMPETITIVE AND EVOLVING INDUSTRY IN WHICH AEYE OPERATES. THESE RISKS AND UNCERTAINTIES MAY BE AMPLIFIED BY THE LINGERING EFFECTS OF THE COVID-19 PANDEMIC, WHICH CONTINUES TO CAUSE SIGNIFICANT ECONOMIC UNCERTAINTY. THE FOREGOING LIST OF FACTORS IS NOT EXHAUSTIVE. YOU SHOULD CAREFULLY CONSIDER THE FOREGOING FACTORS AND THE OTHER RISKS AND UNCERTAINTIES DESCRIBED IN THE “RISK FACTORS” SECTION OF THE PERIODIC REPORT THAT AEYE HAS MOST RECENTLY FILED WITH THE U.S. SECURITIES AND EXCHANGE COMMISSION, OR THE SEC, AND OTHER DOCUMENTS FILED BY AEYE OR THAT WILL BE FILED BY AEYE FROM TIME TO TIME WITH THE SEC. THESE FILINGS IDENTIFY AND ADDRESS OTHER IMPORTANT RISKS AND UNCERTAINTIES THAT COULD CAUSE ACTUAL EVENTS AND RESULTS TO DIFFER MATERIALLY FROM THOSE CONTAINED IN THE FORWARD-LOOKING STATEMENTS. FORWARD-LOOKING STATEMENTS SPEAK ONLY AS OF THE DATE THEY ARE MADE. READERS ARE CAUTIONED NOT TO PUT UNDUE RELIANCE ON FORWARD-LOOKING STATEMENTS; AEYE ASSUMES NO OBLIGATION AND DOES NOT INTEND TO UPDATE OR REVISE THESE FORWARD-LOOKING STATEMENTS, WHETHER AS A RESULT OF NEW INFORMATION, FUTURE EVENTS, OR OTHERWISE. AEYE GIVES NO ASSURANCE THAT AEYE WILL ACHIEVE ANY OF ITS EXPECTATIONS.","['aeye announces appointment of conor tierney as chief financial officer', 'dublin, calif.--business wire--aeye, inc', 'nasdaq lidr, a global leader in adaptive, high-performance lidar solutions, today announced that conor tierney has been appointed chief financial officer and treasurer', 'tierney joined aeye as chief accounting officer in january 2022 and most recently served as the companys interim chief financial officer', 'i am pleased to welcome conor tierney to our executive team as chief financial officer, said matt fisch, chief executive officer of aeye', 'conor joined aeye in 2022, with twenty years of financial leadership and management experience with top technology companies, including alphabet and glu mobile', 'since joining aeye, conor has demonstrated his deep financial acumen and knowledge of technology, and he will be a valuable asset to aeye as we focus on executing against our go-forward strategic plan', 'previously, tierney was chief accounting officer at aeye, responsible for overall leadership of the companys accounting, financial compliance, controls, and reporting functions', 'prior to joining aeye, tierney was head of finance and corporate controller at alphabets nasdaq goog wing aviation division alphabets drone delivery business', 'he also served as corporate controller at glu mobile nasdaq gluu in the mobile gaming space, managing a global team, and worked in public accounting at big four firms including deloitte and pricewaterhousecoopers', 'conor graduated with a bsc in accounting from university college cork and is a certified public accountant', 'im delighted to take on the cfo role, said tierney', 'aeyes unique capital efficient licensing model and strategy stand out in the lidar space, and as we move forward with our partner, continental, to commercialize aeyes advanced automotive applications, i see great opportunity to create value for our stakeholders', 'about aeye aeyes unique software-defined lidar solution enables advanced driver-assistance, vehicle autonomy, smart infrastructure, logistics, and off-highway applications that save lives and propel the future of transportation and mobility', 'aeyes 4sight intelligent sensing platform, with its adaptive sensor-based operating system, focuses on what matters most delivering faster, more accurate, and reliable information', 'aeyes 4sight products, built on this platform, are ideal for dynamic applications which require precise measurement imaging to ensure safety and performance', 'aeye has a global presence through its offices in germany, japan, korea, and the united states', 'forward-looking statements certain statements included in this press release that are not historical facts are forward-looking statements within the meaning of the federal securities laws, including the safe harbor provisions under the united states private securities litigation reform act of 1995', 'forward-looking statements are sometimes accompanied by words such as believe, continue, project, expect, anticipate, estimate, intend, strategy, future, opportunity, predict, plan, may, should, will, would, potential, seem, seek, outlook, and similar expressions that predict or indicate future events or trends, or that are not statements of historical matters', 'forward-looking statements are predictions, projections, and other statements about future events that are based on current expectations and assumptions and, as a result, are subject to risks and uncertainties', 'forward looking statements included in this press release include statements about aeyes appointment of a new chief financial officer, execution of aeyes go-forward strategic plan, the commercialization of aeyes products, and the opportunity to create value for aeyes stakeholders, among others', 'these statements are based on various assumptions, whether or not identified in this press release', 'these forward-looking statements are provided for illustrative purposes only and are not intended to serve as and must not be relied on by an investor as a guarantee, an assurance, a prediction, or a definitive statement of fact or probability', 'actual events and circumstances are very difficult or impossible to predict and will differ from the assumptions', 'many actual events and circumstances are beyond the control of aeye', 'many factors could cause actual future events to differ from the forward-looking statements in this press release, including but not limited to i the risks that aeye is unable to execute against its go-forward strategic plan to the extent anticipated, or at all ii the risks that aeyes go-forward strategic plan does not yield the results in the time frame anticipated, or at all iii the risks that aeyes unique capital efficient licensing model and strategy are replicated by competitors, thereby rendering the model and strategy no longer unique iv the risks that aeye, with or without its partner, continental, is able to move forward to commercialize aeyes advanced automotive applications in the time frame or to the extent anticipated, or at all v the risks that the opportunity to create value for aeyes stakeholders occurs in the time frame or to the extent anticipated, or at all vi the risks that aeyes products will not meet the diverse range of performance and functional requirements of aeyes target markets and customers vii the risks that the size of the total available market for the use of lidar will be smaller than anticipated or take longer to come to fruition than predicted viii the risks that aeye may not continue to execute against its business plan to the extent anticipated, or at all ix the risks that lidar adoption occurs slower than anticipated or fails to occur at all x the risks that aeyes products will not function as anticipated by aeye, or by target markets and customers xi the risks that aeye may not be in a position to adequately or timely address either the near or long-term opportunities that may or may not exist in the evolving autonomous transportation industry xii the risks associated with changes in competitive and regulated industries in which aeye operates, variations in operating performance across competitors, and changes in laws and regulations affecting aeyes business xiii the risks that aeye is unable to adequately implement business plans, forecasts, and other expectations, and identify and realize additional opportunities and xiv the risks of downturns and a changing regulatory landscape in the highly competitive and evolving industry in which aeye operates', 'these risks and uncertainties may be amplified by the lingering effects of the covid-19 pandemic, which continues to cause significant economic uncertainty', 'the foregoing list of factors is not exhaustive', 'you should carefully consider the foregoing factors and the other risks and uncertainties described in the risk factors section of the periodic report that aeye has most recently filed with the u.s', 'securities and exchange commission, or the sec, and other documents filed by aeye or that will be filed by aeye from time to time with the sec', 'these filings identify and address other important risks and uncertainties that could cause actual events and results to differ materially from those contained in the forward-looking statements', 'forward-looking statements speak only as of the date they are made', 'readers are cautioned not to put undue reliance on forward-looking statements aeye assumes no obligation and does not intend to update or revise these forward-looking statements, whether as a result of new information, future events, or otherwise', 'aeye gives no assurance that aeye will achieve any of its expectations.']",weakly_positive,0.1517911764705882,weakly_positive,weakly_positive
03-05-2023,"SHAREHOLDER ALERT: POMERANTZ LAW FIRM REMINDS SHAREHOLDERS WITH LOSSES ON THEIR INVESTMENT IN ALPHABET, INC. OF CLASS ACTION LAWSUIT AND UPCOMING DEADLINE - GOOG; GOOGL","NEW YORK , MAY 3, 2023 /PRNEWSWIRE/ -- POMERANTZ LLP ANNOUNCES THAT A CLASS ACTION LAWSUIT HAS BEEN FILED AGAINST ALPHABET, INC. (""ALPHABET"" OR THE ""COMPANY"") (NASDAQ: GOOG; GOOGL), AND CERTAIN OFFICERS.  THE CLASS ACTION, FILED IN THE UNITED STATES DISTRICT COURT FOR THE NORTHERN DISTRICT OF CALIFORNIA, AND DOCKETED UNDER 23-CV-01186, IS ON BEHALF OF A CLASS CONSISTING OF ALL PERSONS AND ENTITIES OTHER THAN DEFENDANTS THAT PURCHASED OR OTHERWISE ACQUIRED ALPHABET SECURITIES BETWEEN FEBRUARY 4, 2020 AND JANUARY 23, 2023, BOTH DATES INCLUSIVE (THE ""CLASS PERIOD""), SEEKING TO RECOVER DAMAGES CAUSED BY DEFENDANTS' VIOLATIONS OF THE FEDERAL SECURITIES LAWS AND TO PURSUE REMEDIES UNDER SECTIONS 10(B) AND 20(A) OF THE SECURITIES EXCHANGE ACT OF 1934 (THE ""EXCHANGE ACT"") AND RULE 10B-5 PROMULGATED THEREUNDER, AGAINST THE COMPANY AND CERTAIN OF ITS TOP OFFICIALS.","SHAREHOLDER ALERT: POMERANTZ LAW FIRM REMINDS SHAREHOLDERS WITH LOSSES ON THEIR INVESTMENT IN ALPHABET, INC. OF CLASS ACTION LAWSUIT AND UPCOMING DEADLINE - GOOG; GOOGL. NEW YORK , MAY 3, 2023 /PRNEWSWIRE/ -- POMERANTZ LLP ANNOUNCES THAT A CLASS ACTION LAWSUIT HAS BEEN FILED AGAINST ALPHABET, INC. (""ALPHABET"" OR THE ""COMPANY"") (NASDAQ: GOOG; GOOGL), AND CERTAIN OFFICERS.  THE CLASS ACTION, FILED IN THE UNITED STATES DISTRICT COURT FOR THE NORTHERN DISTRICT OF CALIFORNIA, AND DOCKETED UNDER 23-CV-01186, IS ON BEHALF OF A CLASS CONSISTING OF ALL PERSONS AND ENTITIES OTHER THAN DEFENDANTS THAT PURCHASED OR OTHERWISE ACQUIRED ALPHABET SECURITIES BETWEEN FEBRUARY 4, 2020 AND JANUARY 23, 2023, BOTH DATES INCLUSIVE (THE ""CLASS PERIOD""), SEEKING TO RECOVER DAMAGES CAUSED BY DEFENDANTS' VIOLATIONS OF THE FEDERAL SECURITIES LAWS AND TO PURSUE REMEDIES UNDER SECTIONS 10(B) AND 20(A) OF THE SECURITIES EXCHANGE ACT OF 1934 (THE ""EXCHANGE ACT"") AND RULE 10B-5 PROMULGATED THEREUNDER, AGAINST THE COMPANY AND CERTAIN OF ITS TOP OFFICIALS.","['shareholder alert pomerantz law firm reminds shareholders with losses on their investment in alphabet, inc', 'of class action lawsuit and upcoming deadline - goog googl', 'new york , may 3, 2023 prnewswire -- pomerantz llp announces that a class action lawsuit has been filed against alphabet, inc', 'alphabet or the company nasdaq goog googl, and certain officers', ""the class action, filed in the united states district court for the northern district of california, and docketed under 23-cv-01186, is on behalf of a class consisting of all persons and entities other than defendants that purchased or otherwise acquired alphabet securities between february 4, 2020 and january 23, 2023, both dates inclusive the class period, seeking to recover damages caused by defendants' violations of the federal securities laws and to pursue remedies under sections 10b and 20a of the securities exchange act of 1934 the exchange act and rule 10b-5 promulgated thereunder, against the company and certain of its top officials.""]",weakly_positive,0.061,weakly_positive,weakly_positive
01-05-2023,"ROSEN, LEADING TRIAL ATTORNEYS, ENCOURAGES ALPHABET INC. INVESTORS TO SECURE COUNSEL BEFORE IMPORTANT MAY 15 DEADLINE IN SECURITIES CLASS ACTION - GOOG, GOOGL","NEW YORK , MAY 1, 2023 /PRNEWSWIRE/ --  WHY: ROSEN LAW FIRM, A GLOBAL INVESTOR RIGHTS LAW FIRM, REMINDS PURCHASERS OF SECURITIES OF ALPHABET INC. (NASDAQ: GOOG, GOOGL), THE PARENT COMPANY OF GOOGLE, BETWEEN FEBRUARY 4, 2020 AND JANUARY 23, 2023, BOTH DATES INCLUSIVE (THE ""CLASS PERIOD""), OF THE IMPORTANT MAY 15, 2023 LEAD PLAINTIFF DEADLINE. SO WHAT: IF YOU PURCHASED ALPHABET SECURITIES DURING THE CLASS PERIOD YOU MAY BE ENTITLED TO COMPENSATION WITHOUT PAYMENT OF ANY OUT OF POCKET FEES OR COSTS THROUGH A CONTINGENCY FEE ARRANGEMENT.","ROSEN, LEADING TRIAL ATTORNEYS, ENCOURAGES ALPHABET INC. INVESTORS TO SECURE COUNSEL BEFORE IMPORTANT MAY 15 DEADLINE IN SECURITIES CLASS ACTION - GOOG, GOOGL. NEW YORK , MAY 1, 2023 /PRNEWSWIRE/ --  WHY: ROSEN LAW FIRM, A GLOBAL INVESTOR RIGHTS LAW FIRM, REMINDS PURCHASERS OF SECURITIES OF ALPHABET INC. (NASDAQ: GOOG, GOOGL), THE PARENT COMPANY OF GOOGLE, BETWEEN FEBRUARY 4, 2020 AND JANUARY 23, 2023, BOTH DATES INCLUSIVE (THE ""CLASS PERIOD""), OF THE IMPORTANT MAY 15, 2023 LEAD PLAINTIFF DEADLINE. SO WHAT: IF YOU PURCHASED ALPHABET SECURITIES DURING THE CLASS PERIOD YOU MAY BE ENTITLED TO COMPENSATION WITHOUT PAYMENT OF ANY OUT OF POCKET FEES OR COSTS THROUGH A CONTINGENCY FEE ARRANGEMENT.","['rosen, leading trial attorneys, encourages alphabet inc', 'investors to secure counsel before important may 15 deadline in securities class action - goog, googl', 'new york , may 1, 2023 prnewswire -- why rosen law firm, a global investor rights law firm, reminds purchasers of securities of alphabet inc', 'nasdaq goog, googl, the parent company of google, between february 4, 2020 and january 23, 2023, both dates inclusive the class period, of the important may 15, 2023 lead plaintiff deadline', 'so what if you purchased alphabet securities during the class period you may be entitled to compensation without payment of any out of pocket fees or costs through a contingency fee arrangement.']",weakly_positive,0.4218,weakly_positive,weakly_positive
23-04-2023,"ROSEN, A LONGSTANDING AND TRUSTED FIRM, ENCOURAGES ALPHABET INC. INVESTORS WITH LOSSES TO SECURE COUNSEL BEFORE IMPORTANT DEADLINE IN SECURITIES CLASS ACTION - GOOG, GOOGL","NEW YORK , APRIL 23, 2023 /PRNEWSWIRE/ --  WHY: ROSEN LAW FIRM, A GLOBAL INVESTOR RIGHTS LAW FIRM, REMINDS PURCHASERS OF SECURITIES OF ALPHABET INC. (NASDAQ: GOOG, GOOGL), THE PARENT COMPANY OF GOOGLE, BETWEEN FEBRUARY 4, 2020 AND JANUARY 23, 2023, BOTH DATES INCLUSIVE (THE ""CLASS PERIOD""), OF THE IMPORTANT MAY 15, 2023 LEAD PLAINTIFF DEADLINE. SO WHAT: IF YOU PURCHASED ALPHABET SECURITIES DURING THE CLASS PERIOD YOU MAY BE ENTITLED TO COMPENSATION WITHOUT PAYMENT OF ANY OUT OF POCKET FEES OR COSTS THROUGH A CONTINGENCY FEE ARRANGEMENT.","ROSEN, A LONGSTANDING AND TRUSTED FIRM, ENCOURAGES ALPHABET INC. INVESTORS WITH LOSSES TO SECURE COUNSEL BEFORE IMPORTANT DEADLINE IN SECURITIES CLASS ACTION - GOOG, GOOGL. NEW YORK , APRIL 23, 2023 /PRNEWSWIRE/ --  WHY: ROSEN LAW FIRM, A GLOBAL INVESTOR RIGHTS LAW FIRM, REMINDS PURCHASERS OF SECURITIES OF ALPHABET INC. (NASDAQ: GOOG, GOOGL), THE PARENT COMPANY OF GOOGLE, BETWEEN FEBRUARY 4, 2020 AND JANUARY 23, 2023, BOTH DATES INCLUSIVE (THE ""CLASS PERIOD""), OF THE IMPORTANT MAY 15, 2023 LEAD PLAINTIFF DEADLINE. SO WHAT: IF YOU PURCHASED ALPHABET SECURITIES DURING THE CLASS PERIOD YOU MAY BE ENTITLED TO COMPENSATION WITHOUT PAYMENT OF ANY OUT OF POCKET FEES OR COSTS THROUGH A CONTINGENCY FEE ARRANGEMENT.","['rosen, a longstanding and trusted firm, encourages alphabet inc', 'investors with losses to secure counsel before important deadline in securities class action - goog, googl', 'new york , april 23, 2023 prnewswire -- why rosen law firm, a global investor rights law firm, reminds purchasers of securities of alphabet inc', 'nasdaq goog, googl, the parent company of google, between february 4, 2020 and january 23, 2023, both dates inclusive the class period, of the important may 15, 2023 lead plaintiff deadline', 'so what if you purchased alphabet securities during the class period you may be entitled to compensation without payment of any out of pocket fees or costs through a contingency fee arrangement.']",weakly_positive,0.42584,weakly_positive,weakly_positive
12-04-2023,EXCLAIMER RELEASES NEW EMAIL SIGNATURE MANAGEMENT SOLUTION FOR GOOGLE WORKSPACE,"LONDON--(BUSINESS WIRE)--TODAY, EXCLAIMER, THE LEADING EMAIL SIGNATURE SOFTWARE PROVIDER, LAUNCHED AN ENHANCED SOLUTION FOR GOOGLE WORKSPACE CUSTOMERS, OFFERING UPDATED FEATURES FOR THE CENTRALIZED MANAGEMENT AND APPLICATION OF EMAIL SIGNATURES. THIS LATEST RELEASE ENABLES EXCLAIMER'S CHANNEL PARTNERS TO EXPAND THEIR REACH WITHIN A GROWING MARKET, ALLOWING THEM TO BETTER MEET ORGANIZATIONS' EMAIL SIGNATURE NEEDS.","EXCLAIMER RELEASES NEW EMAIL SIGNATURE MANAGEMENT SOLUTION FOR GOOGLE WORKSPACE. LONDON--(BUSINESS WIRE)--TODAY, EXCLAIMER, THE LEADING EMAIL SIGNATURE SOFTWARE PROVIDER, LAUNCHED AN ENHANCED SOLUTION FOR GOOGLE WORKSPACE CUSTOMERS, OFFERING UPDATED FEATURES FOR THE CENTRALIZED MANAGEMENT AND APPLICATION OF EMAIL SIGNATURES. THIS LATEST RELEASE ENABLES EXCLAIMER'S CHANNEL PARTNERS TO EXPAND THEIR REACH WITHIN A GROWING MARKET, ALLOWING THEM TO BETTER MEET ORGANIZATIONS' EMAIL SIGNATURE NEEDS.","['exclaimer releases new email signature management solution for google workspace', 'london--business wire--today, exclaimer, the leading email signature software provider, launched an enhanced solution for google workspace customers, offering updated features for the centralized management and application of email signatures', ""this latest release enables exclaimer's channel partners to expand their reach within a growing market, allowing them to better meet organizations' email signature needs.""]",weakly_positive,0.4860333333333333,weakly_positive,weakly_positive
11-04-2023,"GOOGL NOTICE: ROSEN, LEADING TRIAL ATTORNEYS, ENCOURAGES ALPHABET INC. INVESTORS TO SECURE COUNSEL BEFORE IMPORTANT DEADLINE IN SECURITIES CLASS ACTION – GOOG, GOOGL","NEW YORK--(BUSINESS WIRE)--WHY: ROSEN LAW FIRM, A GLOBAL INVESTOR RIGHTS LAW FIRM, REMINDS PURCHASERS OF SECURITIES OF ALPHABET INC. (NASDAQ: GOOG, GOOGL), THE PARENT COMPANY OF GOOGLE, BETWEEN FEBRUARY 4, 2020 AND JANUARY 23, 2023, BOTH DATES INCLUSIVE (THE “CLASS PERIOD”), OF THE IMPORTANT MAY 15, 2023 LEAD PLAINTIFF DEADLINE. SO WHAT: IF YOU PURCHASED ALPHABET SECURITIES DURING THE CLASS PERIOD YOU MAY BE ENTITLED TO COMPENSATION WITHOUT PAYMENT OF ANY OUT OF POCKET FEES OR COSTS THROUGH A CONTINGENCY FEE ARRANGEMENT. WHAT TO DO NEXT: TO JOIN THE ALPHABET CLASS ACTION, GO TO HTTPS://ROSENLEGAL.COM/SUBMIT-FORM/?CASE_ID=13312 OR CALL PHILLIP KIM, ESQ. TOLL-FREE AT 866-767-3653 OR EMAIL PKIM@ROSENLEGAL.COM OR CASES@ROSENLEGAL.COM FOR INFORMATION ON THE CLASS ACTION. A CLASS ACTION LAWSUIT HAS ALREADY BEEN FILED. IF YOU WISH TO SERVE AS LEAD PLAINTIFF, YOU MUST MOVE THE COURT NO LATER THAN MAY 15, 2023. A LEAD PLAINTIFF IS A REPRESENTATIVE PARTY ACTING ON BEHALF OF OTHER CLASS MEMBERS IN DIRECTING THE LITIGATION. WHY ROSEN LAW: WE ENCOURAGE INVESTORS TO SELECT QUALIFIED COUNSEL WITH A TRACK RECORD OF SUCCESS IN LEADERSHIP ROLES. OFTEN, FIRMS ISSUING NOTICES DO NOT HAVE COMPARABLE EXPERIENCE, RESOURCES OR ANY MEANINGFUL PEER RECOGNITION. MANY OF THESE FIRMS DO NOT ACTUALLY LITIGATE SECURITIES CLASS ACTIONS, BUT ARE MERELY MIDDLEMEN THAT REFER CLIENTS OR PARTNER WITH LAW FIRMS THAT ACTUALLY LITIGATE THE CASES. BE WISE IN SELECTING COUNSEL. THE ROSEN LAW FIRM REPRESENTS INVESTORS THROUGHOUT THE GLOBE, CONCENTRATING ITS PRACTICE IN SECURITIES CLASS ACTIONS AND SHAREHOLDER DERIVATIVE LITIGATION. ROSEN LAW FIRM HAS ACHIEVED THE LARGEST EVER SECURITIES CLASS ACTION SETTLEMENT AGAINST A CHINESE COMPANY. ROSEN LAW FIRM WAS RANKED NO. 1 BY ISS SECURITIES CLASS ACTION SERVICES FOR NUMBER OF SECURITIES CLASS ACTION SETTLEMENTS IN 2017. THE FIRM HAS BEEN RANKED IN THE TOP 4 EACH YEAR SINCE 2013 AND HAS RECOVERED HUNDREDS OF MILLIONS OF DOLLARS FOR INVESTORS. IN 2019 ALONE THE FIRM SECURED OVER $438 MILLION FOR INVESTORS. IN 2020, FOUNDING PARTNER LAURENCE ROSEN WAS NAMED BY LAW360 AS A TITAN OF PLAINTIFFS’ BAR. MANY OF THE FIRM’S ATTORNEYS HAVE BEEN RECOGNIZED BY LAWDRAGON AND SUPER LAWYERS. DETAILS OF THE CASE: ACCORDING TO THE LAWSUIT, DEFENDANTS THROUGHOUT THE CLASS PERIOD MADE FALSE AND/OR MISLEADING STATEMENTS AND/OR FAILED TO DISCLOSE THAT: (1) ALPHABET USED ITS DOMINANCE IN THE FIELD OF DIGITAL ADVERTISING TO DISADVANTAGE WEBSITE PUBLISHERS AND ADVERTISERS WHO USED COMPETING ADVERTISING PRODUCTS; (2) THE FOREGOING CONDUCT WAS ANTICOMPETITIVE IN NATURE AND LIKELY TO DRAW SIGNIFICANT REGULATORY SCRUTINY; (3) ALPHABET’S REVENUES WERE UNSUSTAINABLE TO THE EXTENT THAT THEY WERE THE PRODUCT OF SAID ANTICOMPETITIVE CONDUCT; (4) ALPHABET’S CONDUCT, ONCE REVEALED, WOULD NEGATIVELY IMPACT THE COMPANY’S REPUTATION AND EXPOSE IT TO A HEIGHTENED RISK OF LITIGATION AND REGULATORY ENFORCEMENT ACTION; AND (5) AS A RESULT, THE COMPANY’S PUBLIC STATEMENTS WERE MATERIALLY FALSE AND MISLEADING AT ALL RELEVANT TIMES. WHEN THE TRUE DETAILS ENTERED THE MARKET, THE LAWSUIT CLAIMS THAT INVESTORS SUFFERED DAMAGES. TO JOIN THE ALPHABET CLASS ACTION, GO TO HTTPS://ROSENLEGAL.COM/SUBMIT-FORM/?CASE_ID=13312 OR CALL PHILLIP KIM, ESQ. TOLL-FREE AT 866-767-3653 OR EMAIL PKIM@ROSENLEGAL.COM OR CASES@ROSENLEGAL.COM FOR INFORMATION ON THE CLASS ACTION. NO CLASS HAS BEEN CERTIFIED. UNTIL A CLASS IS CERTIFIED, YOU ARE NOT REPRESENTED BY COUNSEL UNLESS YOU RETAIN ONE. YOU MAY SELECT COUNSEL OF YOUR CHOICE. YOU MAY ALSO REMAIN AN ABSENT CLASS MEMBER AND DO NOTHING AT THIS POINT. AN INVESTOR’S ABILITY TO SHARE IN ANY POTENTIAL FUTURE RECOVERY IS NOT DEPENDENT UPON SERVING AS LEAD PLAINTIFF. FOLLOW US FOR UPDATES ON LINKEDIN: HTTPS://WWW.LINKEDIN.COM/COMPANY/THE-ROSEN-LAW-FIRM, ON TWITTER: HTTPS://TWITTER.COM/ROSEN_FIRM OR ON FACEBOOK: HTTPS://WWW.FACEBOOK.COM/ROSENLAWFIRM/. ATTORNEY ADVERTISING. PRIOR RESULTS DO NOT GUARANTEE A SIMILAR OUTCOME.","GOOGL NOTICE: ROSEN, LEADING TRIAL ATTORNEYS, ENCOURAGES ALPHABET INC. INVESTORS TO SECURE COUNSEL BEFORE IMPORTANT DEADLINE IN SECURITIES CLASS ACTION – GOOG, GOOGL. NEW YORK--(BUSINESS WIRE)--WHY: ROSEN LAW FIRM, A GLOBAL INVESTOR RIGHTS LAW FIRM, REMINDS PURCHASERS OF SECURITIES OF ALPHABET INC. (NASDAQ: GOOG, GOOGL), THE PARENT COMPANY OF GOOGLE, BETWEEN FEBRUARY 4, 2020 AND JANUARY 23, 2023, BOTH DATES INCLUSIVE (THE “CLASS PERIOD”), OF THE IMPORTANT MAY 15, 2023 LEAD PLAINTIFF DEADLINE. SO WHAT: IF YOU PURCHASED ALPHABET SECURITIES DURING THE CLASS PERIOD YOU MAY BE ENTITLED TO COMPENSATION WITHOUT PAYMENT OF ANY OUT OF POCKET FEES OR COSTS THROUGH A CONTINGENCY FEE ARRANGEMENT. WHAT TO DO NEXT: TO JOIN THE ALPHABET CLASS ACTION, GO TO HTTPS://ROSENLEGAL.COM/SUBMIT-FORM/?CASE_ID=13312 OR CALL PHILLIP KIM, ESQ. TOLL-FREE AT 866-767-3653 OR EMAIL PKIM@ROSENLEGAL.COM OR CASES@ROSENLEGAL.COM FOR INFORMATION ON THE CLASS ACTION. A CLASS ACTION LAWSUIT HAS ALREADY BEEN FILED. IF YOU WISH TO SERVE AS LEAD PLAINTIFF, YOU MUST MOVE THE COURT NO LATER THAN MAY 15, 2023. A LEAD PLAINTIFF IS A REPRESENTATIVE PARTY ACTING ON BEHALF OF OTHER CLASS MEMBERS IN DIRECTING THE LITIGATION. WHY ROSEN LAW: WE ENCOURAGE INVESTORS TO SELECT QUALIFIED COUNSEL WITH A TRACK RECORD OF SUCCESS IN LEADERSHIP ROLES. OFTEN, FIRMS ISSUING NOTICES DO NOT HAVE COMPARABLE EXPERIENCE, RESOURCES OR ANY MEANINGFUL PEER RECOGNITION. MANY OF THESE FIRMS DO NOT ACTUALLY LITIGATE SECURITIES CLASS ACTIONS, BUT ARE MERELY MIDDLEMEN THAT REFER CLIENTS OR PARTNER WITH LAW FIRMS THAT ACTUALLY LITIGATE THE CASES. BE WISE IN SELECTING COUNSEL. THE ROSEN LAW FIRM REPRESENTS INVESTORS THROUGHOUT THE GLOBE, CONCENTRATING ITS PRACTICE IN SECURITIES CLASS ACTIONS AND SHAREHOLDER DERIVATIVE LITIGATION. ROSEN LAW FIRM HAS ACHIEVED THE LARGEST EVER SECURITIES CLASS ACTION SETTLEMENT AGAINST A CHINESE COMPANY. ROSEN LAW FIRM WAS RANKED NO. 1 BY ISS SECURITIES CLASS ACTION SERVICES FOR NUMBER OF SECURITIES CLASS ACTION SETTLEMENTS IN 2017. THE FIRM HAS BEEN RANKED IN THE TOP 4 EACH YEAR SINCE 2013 AND HAS RECOVERED HUNDREDS OF MILLIONS OF DOLLARS FOR INVESTORS. IN 2019 ALONE THE FIRM SECURED OVER $438 MILLION FOR INVESTORS. IN 2020, FOUNDING PARTNER LAURENCE ROSEN WAS NAMED BY LAW360 AS A TITAN OF PLAINTIFFS’ BAR. MANY OF THE FIRM’S ATTORNEYS HAVE BEEN RECOGNIZED BY LAWDRAGON AND SUPER LAWYERS. DETAILS OF THE CASE: ACCORDING TO THE LAWSUIT, DEFENDANTS THROUGHOUT THE CLASS PERIOD MADE FALSE AND/OR MISLEADING STATEMENTS AND/OR FAILED TO DISCLOSE THAT: (1) ALPHABET USED ITS DOMINANCE IN THE FIELD OF DIGITAL ADVERTISING TO DISADVANTAGE WEBSITE PUBLISHERS AND ADVERTISERS WHO USED COMPETING ADVERTISING PRODUCTS; (2) THE FOREGOING CONDUCT WAS ANTICOMPETITIVE IN NATURE AND LIKELY TO DRAW SIGNIFICANT REGULATORY SCRUTINY; (3) ALPHABET’S REVENUES WERE UNSUSTAINABLE TO THE EXTENT THAT THEY WERE THE PRODUCT OF SAID ANTICOMPETITIVE CONDUCT; (4) ALPHABET’S CONDUCT, ONCE REVEALED, WOULD NEGATIVELY IMPACT THE COMPANY’S REPUTATION AND EXPOSE IT TO A HEIGHTENED RISK OF LITIGATION AND REGULATORY ENFORCEMENT ACTION; AND (5) AS A RESULT, THE COMPANY’S PUBLIC STATEMENTS WERE MATERIALLY FALSE AND MISLEADING AT ALL RELEVANT TIMES. WHEN THE TRUE DETAILS ENTERED THE MARKET, THE LAWSUIT CLAIMS THAT INVESTORS SUFFERED DAMAGES. TO JOIN THE ALPHABET CLASS ACTION, GO TO HTTPS://ROSENLEGAL.COM/SUBMIT-FORM/?CASE_ID=13312 OR CALL PHILLIP KIM, ESQ. TOLL-FREE AT 866-767-3653 OR EMAIL PKIM@ROSENLEGAL.COM OR CASES@ROSENLEGAL.COM FOR INFORMATION ON THE CLASS ACTION. NO CLASS HAS BEEN CERTIFIED. UNTIL A CLASS IS CERTIFIED, YOU ARE NOT REPRESENTED BY COUNSEL UNLESS YOU RETAIN ONE. YOU MAY SELECT COUNSEL OF YOUR CHOICE. YOU MAY ALSO REMAIN AN ABSENT CLASS MEMBER AND DO NOTHING AT THIS POINT. AN INVESTOR’S ABILITY TO SHARE IN ANY POTENTIAL FUTURE RECOVERY IS NOT DEPENDENT UPON SERVING AS LEAD PLAINTIFF. FOLLOW US FOR UPDATES ON LINKEDIN: HTTPS://WWW.LINKEDIN.COM/COMPANY/THE-ROSEN-LAW-FIRM, ON TWITTER: HTTPS://TWITTER.COM/ROSEN_FIRM OR ON FACEBOOK: HTTPS://WWW.FACEBOOK.COM/ROSENLAWFIRM/. ATTORNEY ADVERTISING. PRIOR RESULTS DO NOT GUARANTEE A SIMILAR OUTCOME.","['googl notice rosen, leading trial attorneys, encourages alphabet inc', 'investors to secure counsel before important deadline in securities class action goog, googl', 'new york--business wire--why rosen law firm, a global investor rights law firm, reminds purchasers of securities of alphabet inc', 'nasdaq goog, googl, the parent company of google, between february 4, 2020 and january 23, 2023, both dates inclusive the class period, of the important may 15, 2023 lead plaintiff deadline', 'so what if you purchased alphabet securities during the class period you may be entitled to compensation without payment of any out of pocket fees or costs through a contingency fee arrangement', 'what to do next to join the alphabet class action, go to or call phillip kim, esq', 'toll-free at 866-767-3653 or email pkimrosenlegal.com or casesrosenlegal.com for information on the class action', 'a class action lawsuit has already been filed', 'if you wish to serve as lead plaintiff, you must move the court no later than may 15, 2023', 'a lead plaintiff is a representative party acting on behalf of other class members in directing the litigation', 'why rosen law we encourage investors to select qualified counsel with a track record of success in leadership roles', 'often, firms issuing notices do not have comparable experience, resources or any meaningful peer recognition', 'many of these firms do not actually litigate securities class actions, but are merely middlemen that refer clients or partner with law firms that actually litigate the cases', 'be wise in selecting counsel', 'the rosen law firm represents investors throughout the globe, concentrating its practice in securities class actions and shareholder derivative litigation', 'rosen law firm has achieved the largest ever securities class action settlement against a chinese company', 'rosen law firm was ranked no', '1 by iss securities class action services for number of securities class action settlements in 2017', 'the firm has been ranked in the top 4 each year since 2013 and has recovered hundreds of millions of dollars for investors', 'in 2019 alone the firm secured over $438 million for investors', 'in 2020, founding partner laurence rosen was named by law360 as a titan of plaintiffs bar', 'many of the firms attorneys have been recognized by lawdragon and super lawyers', 'details of the case according to the lawsuit, defendants throughout the class period made false andor misleading statements andor failed to disclose that 1 alphabet used its dominance in the field of digital advertising to disadvantage website publishers and advertisers who used competing advertising products 2 the foregoing conduct was anticompetitive in nature and likely to draw significant regulatory scrutiny 3 alphabets revenues were unsustainable to the extent that they were the product of said anticompetitive conduct 4 alphabets conduct, once revealed, would negatively impact the companys reputation and expose it to a heightened risk of litigation and regulatory enforcement action and 5 as a result, the companys public statements were materially false and misleading at all relevant times', 'when the true details entered the market, the lawsuit claims that investors suffered damages', 'to join the alphabet class action, go to or call phillip kim, esq', 'toll-free at 866-767-3653 or email pkimrosenlegal.com or casesrosenlegal.com for information on the class action', 'no class has been certified', 'until a class is certified, you are not represented by counsel unless you retain one', 'you may select counsel of your choice', 'you may also remain an absent class member and do nothing at this point', 'an investors ability to share in any potential future recovery is not dependent upon serving as lead plaintiff', 'follow us for updates on linkedin on twitter or on facebook attorney advertising', 'prior results do not guarantee a similar outcome.']",weakly_positive,0.1349515151515151,weakly_positive,weakly_positive
01-04-2023,"ROSEN, NATIONAL TRIAL ATTORNEYS, ENCOURAGES ALPHABET INC. INVESTORS TO SECURE COUNSEL BEFORE IMPORTANT DEADLINE IN SECURITIES CLASS ACTION - GOOG, GOOGL","NEW YORK , APRIL 1, 2023 /PRNEWSWIRE/ -- WHY: ROSEN LAW FIRM, A GLOBAL INVESTOR RIGHTS LAW FIRM, REMINDS PURCHASERS OF SECURITIES OF ALPHABET INC. (NASDAQ: GOOG, GOOGL), THE PARENT COMPANY OF GOOGLE, BETWEEN FEBRUARY 4, 2020 AND JANUARY 23, 2023, BOTH DATES INCLUSIVE (THE ""CLASS PERIOD""), OF THE IMPORTANT MAY 15, 2023 LEAD PLAINTIFF DEADLINE. SO WHAT: IF YOU PURCHASED ALPHABET SECURITIES DURING THE CLASS PERIOD YOU MAY BE ENTITLED TO COMPENSATION WITHOUT PAYMENT OF ANY OUT OF POCKET FEES OR COSTS THROUGH A CONTINGENCY FEE ARRANGEMENT.","ROSEN, NATIONAL TRIAL ATTORNEYS, ENCOURAGES ALPHABET INC. INVESTORS TO SECURE COUNSEL BEFORE IMPORTANT DEADLINE IN SECURITIES CLASS ACTION - GOOG, GOOGL. NEW YORK , APRIL 1, 2023 /PRNEWSWIRE/ -- WHY: ROSEN LAW FIRM, A GLOBAL INVESTOR RIGHTS LAW FIRM, REMINDS PURCHASERS OF SECURITIES OF ALPHABET INC. (NASDAQ: GOOG, GOOGL), THE PARENT COMPANY OF GOOGLE, BETWEEN FEBRUARY 4, 2020 AND JANUARY 23, 2023, BOTH DATES INCLUSIVE (THE ""CLASS PERIOD""), OF THE IMPORTANT MAY 15, 2023 LEAD PLAINTIFF DEADLINE. SO WHAT: IF YOU PURCHASED ALPHABET SECURITIES DURING THE CLASS PERIOD YOU MAY BE ENTITLED TO COMPENSATION WITHOUT PAYMENT OF ANY OUT OF POCKET FEES OR COSTS THROUGH A CONTINGENCY FEE ARRANGEMENT.","['rosen, national trial attorneys, encourages alphabet inc', 'investors to secure counsel before important deadline in securities class action - goog, googl', 'new york , april 1, 2023 prnewswire -- why rosen law firm, a global investor rights law firm, reminds purchasers of securities of alphabet inc', 'nasdaq goog, googl, the parent company of google, between february 4, 2020 and january 23, 2023, both dates inclusive the class period, of the important may 15, 2023 lead plaintiff deadline', 'so what if you purchased alphabet securities during the class period you may be entitled to compensation without payment of any out of pocket fees or costs through a contingency fee arrangement.']",weakly_positive,0.4218,weakly_positive,weakly_positive
27-03-2023,"ALPHABET, INC. (GOOG, GOOGL) CLASS ACTION ALERT: ROBBINS LLP REMINDS INVESTORS OF LEAD PLAINTIFF DEADLINE IN CLASS ACTION AGAINST ALPHABET, INC.",SAN DIEGO--(BUSINESS WIRE)---- $GOOG #ALPHABETINC--ALPHABET INC.,"ALPHABET, INC. (GOOG, GOOGL) CLASS ACTION ALERT: ROBBINS LLP REMINDS INVESTORS OF LEAD PLAINTIFF DEADLINE IN CLASS ACTION AGAINST ALPHABET, INC.. SAN DIEGO--(BUSINESS WIRE)---- $GOOG #ALPHABETINC--ALPHABET INC.","['alphabet, inc', 'goog, googl class action alert robbins llp reminds investors of lead plaintiff deadline in class action against alphabet, inc.', 'san diego--business wire---- $goog alphabetinc--alphabet inc.']",weakly_positive,0.0986666666666666,weakly_positive,weakly_positive
25-03-2023,"ROSEN, GLOBAL INVESTOR COUNSEL, ENCOURAGES ALPHABET INC. INVESTORS WITH LOSSES IN EXCESS OF $100K TO SECURE COUNSEL BEFORE IMPORTANT DEADLINE IN SECURITIES CLASS ACTION - GOOG, GOOGL","NEW YORK , MARCH 25, 2023 /PRNEWSWIRE/ -- WHY: ROSEN LAW FIRM, A GLOBAL INVESTOR RIGHTS LAW FIRM, ANNOUNCES THE FILING OF A CLASS ACTION LAWSUIT ON BEHALF OF PURCHASERS OF SECURITIES OF ALPHABET INC. (NASDAQ: GOOG, GOOGL), THE PARENT COMPANY OF GOOGLE, BETWEEN FEBRUARY 4, 2020 AND JANUARY 23, 2023, BOTH DATES INCLUSIVE (THE ""CLASS PERIOD""). A CLASS ACTION LAWSUIT HAS ALREADY BEEN FILED.","ROSEN, GLOBAL INVESTOR COUNSEL, ENCOURAGES ALPHABET INC. INVESTORS WITH LOSSES IN EXCESS OF $100K TO SECURE COUNSEL BEFORE IMPORTANT DEADLINE IN SECURITIES CLASS ACTION - GOOG, GOOGL. NEW YORK , MARCH 25, 2023 /PRNEWSWIRE/ -- WHY: ROSEN LAW FIRM, A GLOBAL INVESTOR RIGHTS LAW FIRM, ANNOUNCES THE FILING OF A CLASS ACTION LAWSUIT ON BEHALF OF PURCHASERS OF SECURITIES OF ALPHABET INC. (NASDAQ: GOOG, GOOGL), THE PARENT COMPANY OF GOOGLE, BETWEEN FEBRUARY 4, 2020 AND JANUARY 23, 2023, BOTH DATES INCLUSIVE (THE ""CLASS PERIOD""). A CLASS ACTION LAWSUIT HAS ALREADY BEEN FILED.","['rosen, global investor counsel, encourages alphabet inc', 'investors with losses in excess of $100k to secure counsel before important deadline in securities class action - goog, googl', 'new york , march 25, 2023 prnewswire -- why rosen law firm, a global investor rights law firm, announces the filing of a class action lawsuit on behalf of purchasers of securities of alphabet inc', 'nasdaq goog, googl, the parent company of google, between february 4, 2020 and january 23, 2023, both dates inclusive the class period', 'a class action lawsuit has already been filed.']",weakly_positive,0.13864,weakly_positive,weakly_positive
24-03-2023,"GLANCY PRONGAY & MURRAY LLP REMINDS INVESTORS OF LOOMING DEADLINE IN THE CLASS ACTION LAWSUIT AGAINST ALPHABET INC. (GOOG, GOOGL)","LOS ANGELES--(BUSINESS WIRE)--GLANCY PRONGAY & MURRAY LLP (“GPM”) REMINDS INVESTORS OF THE UPCOMING MAY 15, 2023 DEADLINE TO FILE A LEAD PLAINTIFF MOTION IN THE CLASS ACTION FILED ON BEHALF OF INVESTORS WHO PURCHASED OR OTHERWISE ACQUIRED ALPHABET INC. (“ALPHABET” OR THE “COMPANY”) (NASDAQ: GOOG, GOOGL) SECURITIES BETWEEN FEBRUARY 4, 2020 AND JANUARY 23, 2023, INCLUSIVE (THE “CLASS PERIOD”).","GLANCY PRONGAY & MURRAY LLP REMINDS INVESTORS OF LOOMING DEADLINE IN THE CLASS ACTION LAWSUIT AGAINST ALPHABET INC. (GOOG, GOOGL). LOS ANGELES--(BUSINESS WIRE)--GLANCY PRONGAY & MURRAY LLP (“GPM”) REMINDS INVESTORS OF THE UPCOMING MAY 15, 2023 DEADLINE TO FILE A LEAD PLAINTIFF MOTION IN THE CLASS ACTION FILED ON BEHALF OF INVESTORS WHO PURCHASED OR OTHERWISE ACQUIRED ALPHABET INC. (“ALPHABET” OR THE “COMPANY”) (NASDAQ: GOOG, GOOGL) SECURITIES BETWEEN FEBRUARY 4, 2020 AND JANUARY 23, 2023, INCLUSIVE (THE “CLASS PERIOD”).","['glancy prongay murray llp reminds investors of looming deadline in the class action lawsuit against alphabet inc', 'goog, googl', 'los angeles--business wire--glancy prongay murray llp gpm reminds investors of the upcoming may 15, 2023 deadline to file a lead plaintiff motion in the class action filed on behalf of investors who purchased or otherwise acquired alphabet inc', 'alphabet or the company nasdaq goog, googl securities between february 4, 2020 and january 23, 2023, inclusive the class period.']",neutral,-0.011,neutral,neutral
23-03-2023,"DEADLINE REMINDER: LAW OFFICES OF HOWARD G. SMITH REMINDS INVESTORS OF LOOMING DEADLINE IN THE CLASS ACTION LAWSUIT AGAINST ALPHABET INC. (GOOG, GOOGL)","BENSALEM, PA.--(BUSINESS WIRE)--LAW OFFICES OF HOWARD G. SMITH REMINDS INVESTORS OF THE UPCOMING MAY 15, 2023 DEADLINE TO FILE A LEAD PLAINTIFF MOTION IN THE CASE FILED ON BEHALF OF INVESTORS WHO PURCHASED ALPHABET INC. (“ALPHABET” OR THE “COMPANY”) (NASDAQ: GOOG, GOOGL) SECURITIES BETWEEN FEBRUARY 4, 2020 AND JANUARY 23, 2023, INCLUSIVE (THE “CLASS PERIOD”). INVESTORS SUFFERING LOSSES ON THEIR ALPHABET INVESTMENTS ARE ENCOURAGED TO CONTACT THE LAW OFFICES OF HOWARD G. SMITH TO DISCUSS THEIR LEGAL RIGHTS IN THIS CLASS ACTION AT 888-638-4847 OR BY EMAIL TO HOWARDSMITH@HOWARDSMITHLAW.COM. ON JANUARY 24, 2023, THE U.S. DEPARTMENT OF JUSTICE AND EIGHT STATES FILED AN ANTITRUST LAWSUIT AGAINST ALPHABET’S SUBSIDIARY, GOOGLE, ACCUSING IT OF UNLAWFULLY ABUSING ITS DOMINANCE IN DIGITAL ADVERTISING AND VIOLATING THE SHERMAN ANTITRUST ACT, CLAIMING THAT “GOOGLE ABUSES ITS MONOPOLY POWER TO DISADVANTAGE WEBSITE PUBLISHERS AND ADVERTISERS WHO DARE TO USE COMPETING AD TECH PRODUCTS IN A SEARCH FOR HIGHER QUALITY, OR LOWER COST, MATCHES.” ON THIS NEWS, ALPHABET’S CLASS A SHARES FELL $2.09, OR 2%, TO CLOSE AT $97.70 PER SHARE, WHILE ITS CLASS C SHARES FELL $2.00, OR 2%, TO CLOSE AT $99.21 PER SHARE ON JANUARY 24, 2023, THEREBY INJURING INVESTORS. THE COMPLAINT FILED IN THIS CLASS ACTION ALLEGES THAT THROUGHOUT THE CLASS PERIOD, DEFENDANTS MADE MATERIALLY FALSE AND/OR MISLEADING STATEMENTS, AS WELL AS FAILED TO DISCLOSE MATERIAL ADVERSE FACTS ABOUT THE COMPANY’S BUSINESS, OPERATIONS, AND PROSPECTS. SPECIFICALLY, DEFENDANTS FAILED TO DISCLOSE TO INVESTORS THAT: (1) ALPHABET USED ITS DOMINANCE IN THE FIELD OF DIGITAL ADVERTISING TO DISADVANTAGE WEBSITE PUBLISHERS AND ADVERTISERS WHO USED COMPETING ADVERTISING PRODUCTS; (2) THE FOREGOING CONDUCT WAS ANTICOMPETITIVE IN NATURE AND LIKELY TO DRAW SIGNIFICANT REGULATORY SCRUTINY; (3) ALPHABET'S REVENUES WERE UNSUSTAINABLE TO THE EXTENT THAT THEY WERE THE PRODUCT OF SAID ANTICOMPETITIVE CONDUCT; (4) ALPHABET'S CONDUCT, ONCE REVEALED, WOULD NEGATIVELY IMPACT THE COMPANY'S REPUTATION AND EXPOSE IT TO A HEIGHTENED RISK OF LITIGATION AND REGULATORY ENFORCEMENT ACTION; AND (5) AS A RESULT, DEFENDANTS’ POSITIVE STATEMENTS ABOUT THE COMPANY’S BUSINESS, OPERATIONS, AND PROSPECTS WERE MATERIALLY MISLEADING AND/OR LACKED A REASONABLE BASIS AT ALL RELEVANT TIMES. IF YOU PURCHASED OR OTHERWISE ACQUIRED ALPHABET SECURITIES DURING THE CLASS PERIOD, YOU MAY MOVE THE COURT NO LATER THAN MAY 15, 2023 TO ASK THE COURT TO APPOINT YOU AS LEAD PLAINTIFF IF YOU MEET CERTAIN LEGAL REQUIREMENTS. TO BE A MEMBER OF THE CLASS ACTION YOU NEED NOT TAKE ANY ACTION AT THIS TIME; YOU MAY RETAIN COUNSEL OF YOUR CHOICE OR TAKE NO ACTION AND REMAIN AN ABSENT MEMBER OF THE CLASS ACTION. IF YOU WISH TO LEARN MORE ABOUT THIS CLASS ACTION, OR IF YOU HAVE ANY QUESTIONS CONCERNING THIS ANNOUNCEMENT OR YOUR RIGHTS OR INTERESTS WITH RESPECT TO THESE MATTERS, PLEASE CONTACT HOWARD G. SMITH, ESQUIRE, OF LAW OFFICES OF HOWARD G. SMITH, 3070 BRISTOL PIKE, SUITE 112, BENSALEM, PENNSYLVANIA 19020, BY TELEPHONE AT (215) 638-4847, TOLL-FREE AT (888) 638-4847, OR BY EMAIL TO HOWARDSMITH@HOWARDSMITHLAW.COM, OR VISIT OUR WEBSITE AT WWW.HOWARDSMITHLAW.COM. THIS PRESS RELEASE MAY BE CONSIDERED ATTORNEY ADVERTISING IN SOME JURISDICTIONS UNDER THE APPLICABLE LAW AND ETHICAL RULES.","DEADLINE REMINDER: LAW OFFICES OF HOWARD G. SMITH REMINDS INVESTORS OF LOOMING DEADLINE IN THE CLASS ACTION LAWSUIT AGAINST ALPHABET INC. (GOOG, GOOGL). BENSALEM, PA.--(BUSINESS WIRE)--LAW OFFICES OF HOWARD G. SMITH REMINDS INVESTORS OF THE UPCOMING MAY 15, 2023 DEADLINE TO FILE A LEAD PLAINTIFF MOTION IN THE CASE FILED ON BEHALF OF INVESTORS WHO PURCHASED ALPHABET INC. (“ALPHABET” OR THE “COMPANY”) (NASDAQ: GOOG, GOOGL) SECURITIES BETWEEN FEBRUARY 4, 2020 AND JANUARY 23, 2023, INCLUSIVE (THE “CLASS PERIOD”). INVESTORS SUFFERING LOSSES ON THEIR ALPHABET INVESTMENTS ARE ENCOURAGED TO CONTACT THE LAW OFFICES OF HOWARD G. SMITH TO DISCUSS THEIR LEGAL RIGHTS IN THIS CLASS ACTION AT 888-638-4847 OR BY EMAIL TO HOWARDSMITH@HOWARDSMITHLAW.COM. ON JANUARY 24, 2023, THE U.S. DEPARTMENT OF JUSTICE AND EIGHT STATES FILED AN ANTITRUST LAWSUIT AGAINST ALPHABET’S SUBSIDIARY, GOOGLE, ACCUSING IT OF UNLAWFULLY ABUSING ITS DOMINANCE IN DIGITAL ADVERTISING AND VIOLATING THE SHERMAN ANTITRUST ACT, CLAIMING THAT “GOOGLE ABUSES ITS MONOPOLY POWER TO DISADVANTAGE WEBSITE PUBLISHERS AND ADVERTISERS WHO DARE TO USE COMPETING AD TECH PRODUCTS IN A SEARCH FOR HIGHER QUALITY, OR LOWER COST, MATCHES.” ON THIS NEWS, ALPHABET’S CLASS A SHARES FELL $2.09, OR 2%, TO CLOSE AT $97.70 PER SHARE, WHILE ITS CLASS C SHARES FELL $2.00, OR 2%, TO CLOSE AT $99.21 PER SHARE ON JANUARY 24, 2023, THEREBY INJURING INVESTORS. THE COMPLAINT FILED IN THIS CLASS ACTION ALLEGES THAT THROUGHOUT THE CLASS PERIOD, DEFENDANTS MADE MATERIALLY FALSE AND/OR MISLEADING STATEMENTS, AS WELL AS FAILED TO DISCLOSE MATERIAL ADVERSE FACTS ABOUT THE COMPANY’S BUSINESS, OPERATIONS, AND PROSPECTS. SPECIFICALLY, DEFENDANTS FAILED TO DISCLOSE TO INVESTORS THAT: (1) ALPHABET USED ITS DOMINANCE IN THE FIELD OF DIGITAL ADVERTISING TO DISADVANTAGE WEBSITE PUBLISHERS AND ADVERTISERS WHO USED COMPETING ADVERTISING PRODUCTS; (2) THE FOREGOING CONDUCT WAS ANTICOMPETITIVE IN NATURE AND LIKELY TO DRAW SIGNIFICANT REGULATORY SCRUTINY; (3) ALPHABET'S REVENUES WERE UNSUSTAINABLE TO THE EXTENT THAT THEY WERE THE PRODUCT OF SAID ANTICOMPETITIVE CONDUCT; (4) ALPHABET'S CONDUCT, ONCE REVEALED, WOULD NEGATIVELY IMPACT THE COMPANY'S REPUTATION AND EXPOSE IT TO A HEIGHTENED RISK OF LITIGATION AND REGULATORY ENFORCEMENT ACTION; AND (5) AS A RESULT, DEFENDANTS’ POSITIVE STATEMENTS ABOUT THE COMPANY’S BUSINESS, OPERATIONS, AND PROSPECTS WERE MATERIALLY MISLEADING AND/OR LACKED A REASONABLE BASIS AT ALL RELEVANT TIMES. IF YOU PURCHASED OR OTHERWISE ACQUIRED ALPHABET SECURITIES DURING THE CLASS PERIOD, YOU MAY MOVE THE COURT NO LATER THAN MAY 15, 2023 TO ASK THE COURT TO APPOINT YOU AS LEAD PLAINTIFF IF YOU MEET CERTAIN LEGAL REQUIREMENTS. TO BE A MEMBER OF THE CLASS ACTION YOU NEED NOT TAKE ANY ACTION AT THIS TIME; YOU MAY RETAIN COUNSEL OF YOUR CHOICE OR TAKE NO ACTION AND REMAIN AN ABSENT MEMBER OF THE CLASS ACTION. IF YOU WISH TO LEARN MORE ABOUT THIS CLASS ACTION, OR IF YOU HAVE ANY QUESTIONS CONCERNING THIS ANNOUNCEMENT OR YOUR RIGHTS OR INTERESTS WITH RESPECT TO THESE MATTERS, PLEASE CONTACT HOWARD G. SMITH, ESQUIRE, OF LAW OFFICES OF HOWARD G. SMITH, 3070 BRISTOL PIKE, SUITE 112, BENSALEM, PENNSYLVANIA 19020, BY TELEPHONE AT (215) 638-4847, TOLL-FREE AT (888) 638-4847, OR BY EMAIL TO HOWARDSMITH@HOWARDSMITHLAW.COM, OR VISIT OUR WEBSITE AT WWW.HOWARDSMITHLAW.COM. THIS PRESS RELEASE MAY BE CONSIDERED ATTORNEY ADVERTISING IN SOME JURISDICTIONS UNDER THE APPLICABLE LAW AND ETHICAL RULES.","['deadline reminder law offices of howard g', 'smith reminds investors of looming deadline in the class action lawsuit against alphabet inc', 'goog, googl', 'bensalem, pa.--business wire--law offices of howard g', 'smith reminds investors of the upcoming may 15, 2023 deadline to file a lead plaintiff motion in the case filed on behalf of investors who purchased alphabet inc', 'alphabet or the company nasdaq goog, googl securities between february 4, 2020 and january 23, 2023, inclusive the class period', 'investors suffering losses on their alphabet investments are encouraged to contact the law offices of howard g', 'smith to discuss their legal rights in this class action at 888-638-4847 or by email to howardsmithhowardsmithlaw.com', 'on january 24, 2023, the u.s', 'department of justice and eight states filed an antitrust lawsuit against alphabets subsidiary, google, accusing it of unlawfully abusing its dominance in digital advertising and violating the sherman antitrust act, claiming that google abuses its monopoly power to disadvantage website publishers and advertisers who dare to use competing ad tech products in a search for higher quality, or lower cost, matches', 'on this news, alphabets class a shares fell $2.09, or 2 percent, to close at $97.70 per share, while its class c shares fell $2.00, or 2 percent, to close at $99.21 per share on january 24, 2023, thereby injuring investors', 'the complaint filed in this class action alleges that throughout the class period, defendants made materially false andor misleading statements, as well as failed to disclose material adverse facts about the companys business, operations, and prospects', ""specifically, defendants failed to disclose to investors that 1 alphabet used its dominance in the field of digital advertising to disadvantage website publishers and advertisers who used competing advertising products 2 the foregoing conduct was anticompetitive in nature and likely to draw significant regulatory scrutiny 3 alphabet's revenues were unsustainable to the extent that they were the product of said anticompetitive conduct 4 alphabet's conduct, once revealed, would negatively impact the company's reputation and expose it to a heightened risk of litigation and regulatory enforcement action and 5 as a result, defendants positive statements about the companys business, operations, and prospects were materially misleading andor lacked a reasonable basis at all relevant times"", 'if you purchased or otherwise acquired alphabet securities during the class period, you may move the court no later than may 15, 2023 to ask the court to appoint you as lead plaintiff if you meet certain legal requirements', 'to be a member of the class action you need not take any action at this time you may retain counsel of your choice or take no action and remain an absent member of the class action', 'if you wish to learn more about this class action, or if you have any questions concerning this announcement or your rights or interests with respect to these matters, please contact howard g', 'smith, esquire, of law offices of howard g', 'smith, 3070 bristol pike, suite 112, bensalem, pennsylvania 19020, by telephone at 215 638-4847, toll-free at 888 638-4847, or by email to howardsmithhowardsmithlaw.com, or visit our website at this press release may be considered attorney advertising in some jurisdictions under the applicable law and ethical rules.']",neutral,-0.0257666666666667,neutral,neutral
22-03-2023,"INVESTOR ALERT: BRONSTEIN, GEWIRTZ & GROSSMAN, LLC NOTIFIES ALPHABET, INC. (GOOG; GOOGL) INVESTORS OF CLASS ACTION AND TO ACTIVELY PARTICIPATE","NEW YORK--(BUSINESS WIRE)---- $GOOG #CLASSACTION--ATTORNEY ADVERTISING--BRONSTEIN, GEWIRTZ & GROSSMAN, LLC NOTIFIES INVESTORS THAT A CLASS ACTION LAWSUIT HAS BEEN FILED AGAINST ALPHABET, INC. (""ALPHABET"" OR THE ""COMPANY"") (NASDAQ: GOOG; GOOGL) AND CERTAIN OF ITS OFFICERS, ON BEHALF OF ALL PERSONS AND ENTITIES THAT PURCHASED, OR OTHERWISE ACQUIRED ALPHABET SECURITIES BETWEEN FEBRUARY 4, 2020 AND JANUARY 23, 2023, INCLUSIVE (THE “CLASS PERIOD”).","INVESTOR ALERT: BRONSTEIN, GEWIRTZ & GROSSMAN, LLC NOTIFIES ALPHABET, INC. (GOOG; GOOGL) INVESTORS OF CLASS ACTION AND TO ACTIVELY PARTICIPATE. NEW YORK--(BUSINESS WIRE)---- $GOOG #CLASSACTION--ATTORNEY ADVERTISING--BRONSTEIN, GEWIRTZ & GROSSMAN, LLC NOTIFIES INVESTORS THAT A CLASS ACTION LAWSUIT HAS BEEN FILED AGAINST ALPHABET, INC. (""ALPHABET"" OR THE ""COMPANY"") (NASDAQ: GOOG; GOOGL) AND CERTAIN OF ITS OFFICERS, ON BEHALF OF ALL PERSONS AND ENTITIES THAT PURCHASED, OR OTHERWISE ACQUIRED ALPHABET SECURITIES BETWEEN FEBRUARY 4, 2020 AND JANUARY 23, 2023, INCLUSIVE (THE “CLASS PERIOD”).","['investor alert bronstein, gewirtz grossman, llc notifies alphabet, inc', 'goog googl investors of class action and to actively participate', 'new york--business wire---- $goog classaction--attorney advertising--bronstein, gewirtz grossman, llc notifies investors that a class action lawsuit has been filed against alphabet, inc', 'alphabet or the company nasdaq goog googl and certain of its officers, on behalf of all persons and entities that purchased, or otherwise acquired alphabet securities between february 4, 2020 and january 23, 2023, inclusive the class period.']",weakly_positive,0.224625,weakly_positive,weakly_positive
21-03-2023,PUREWEB PRESENTING “STREAMING XR AT GLOBAL SCALE” TALK AT NVIDIA GTC,"CALGARY, ALBERTA--(BUSINESS WIRE)--PUREWEB, THE LEADING PLATFORM FOR STREAMING REAL-TIME 3D BUILT ON UNREAL ENGINE AND UNITY, IS PRESENTING A SESSION AT NVIDIA GTC, A GLOBAL CONFERENCE FOR THE ERA OF AI AND THE METAVERSE, WHICH RUNS ONLINE FROM MARCH 20-23, 2023. THE SESSION - “STREAMING XR AT GLOBAL SCALE” - WILL BE PRESENTED BY CHRIS JARABEK (HEAD OF PRODUCT DEVELOPMENT AT PUREWEB) AND KEVIN VIGGERS (HEAD OF R&D AT PUREWEB). “BUSINESSES OF ALL SIZES AND ACROSS INDUSTRIES ARE EXPERIMENTING WITH EXTENDED REALITIES (XR) AS A TOOL FOR IMPROVING TRAINING AND DECISION-MAKING. MAINTAINING A FLEET OF VR-READY WORKSTATIONS IS A BARRIER TO ENTRY FOR THE BROAD-SCALE ADOPTION OF XR IN THE WORKPLACE,” SAYS JARABEK. “THE ALTERNATIVE IS TO COMPROMISE THE FIDELITY OF THE XR EXPERIENCE TO ALLOW IT TO RUN ENTIRELY ON A HEADSET OR HANDHELD DEVICE. NVIDIA CLOUDXR STREAMING TECHNOLOGY UNLOCKS A THIRD OPTION: USERS CAN STREAM THEIR XR EXPERIENCES FROM A GPU-ENABLED CLOUD SERVER OVER THE INTERNET DIRECTLY TO THEIR DEVICE.” “WITH CLOUDXR, THE CHALLENGE THEN BECOMES ONE OF SCALABILITY AND EDGE ORCHESTRATION,” SAYS VIGGERS. “SPECIFICALLY, HOW DO YOU BUILD A GLOBE-SPANNING CLOUD PLATFORM THAT INCORPORATES A WIDE SELECTION OF CLOUD GPUS, THEREBY ENABLING LARGE-SCALE ACCESS TO QUALITY STREAMING VR EXPERIENCES ANYWHERE IN THE WORLD?” THE PLATFORM CAPABILITIES TO SUPPORT CLOUDXR AT SCALE SIGNIFICANTLY OVERLAP WITH THE REQUIREMENTS FOR FLAT STREAMING, SUCH AS: MAXIMIZING TOTAL GPU CAPACITY AND GPU GEOGRAPHICAL DISTRIBUTION MINIMIZING ROUND-TRIP LATENCY END-TO-END APPLICATION PROVISIONING PIPELINES SMART GLOBAL ROUTING, SIGNALING AND MATCHMAKING END-DEVICE DEVELOPMENT SDKS DURING THE GTC TALK, JARABEK AND VIGGERS WILL DISCUSS HOW PUREWEB LEVERAGES MORE THAN A DECADE OF EXPERIENCE IN ADVANCED REMOTE RENDERING USE CASES TO SOLVE THESE CHALLENGES AND PRESENT THE CLOUD ARCHITECTURE THAT’S BEING USED TODAY TO SUPPORT REAL-WORLD USE CASES OF ENTERPRISE XR STREAMING. Q&A WILL FOLLOW IMMEDIATELY AFTER. “3D DESIGNERS AND DEVELOPERS ARE IN SEARCH OF TOOLS THAT WILL ENHANCE THEIR PRODUCTIVITY, PERFORMANCE, AND DEPLOYMENT CAPABILITIES,” SAYS GREG JONES, DIRECTOR OF GLOBAL BUSINESS DEVELOPMENT AND PRODUCT MANAGEMENT FOR XR AT NVIDIA. “WITH NVIDIA RTX GPUS AND CLOUDXR, ALONG WITH STREAMING PARTNERS SUCH AS PUREWEB, CREATORS CAN TACKLE THE MOST COMPLEX WORKLOADS WHILE SIMULTANEOUSLY GENERATING ENHANCED IMMERSIVE REAL-TIME EXPERIENCES AT SCALE.” JOIN US TO LEARN HOW YOUR ENTERPRISE CAN STREAM XR AT A GLOBAL SCALE ON THURSDAY, MARCH 23RD, FROM 11:00 AM - 11:25 AM PST. ABOUT PUREWEB REAL-TIME 3D STREAMING - SIMPLE, SCALABLE, AND SECURE PUREWEB REALITY™ IS THE LEADING CLOUD ORCHESTRATION AND REAL-TIME STREAMING PLATFORM FOR INTERACTIVE 3D ON THE IMMERSIVE WEB. BUILT ON THE HIGH-FIDELITY STREAMING TECHNOLOGY FROM UNREAL ENGINE AND UNITY, OUR PLATFORM MANAGES ALL THE COMPLEXITIES OF STREAMING FROM THE CLOUD. THE LEADING SOLUTION PROVIDER FOR ENTERPRISES, DIGITAL AGENCIES, AND DEVELOPERS, OUR PLATFORM ENABLES SIMPLE, SCALABLE, AND SECURE DISTRIBUTION OF REAL-TIME 3D APPLICATIONS TO ANY DEVICE, ANYWHERE IN THE WORLD. LEARN MORE AT WWW.PUREWEB.COM. PUREWEB - CRUNCHBASE PUREWEB - PITCHBOOK","PUREWEB PRESENTING “STREAMING XR AT GLOBAL SCALE” TALK AT NVIDIA GTC. CALGARY, ALBERTA--(BUSINESS WIRE)--PUREWEB, THE LEADING PLATFORM FOR STREAMING REAL-TIME 3D BUILT ON UNREAL ENGINE AND UNITY, IS PRESENTING A SESSION AT NVIDIA GTC, A GLOBAL CONFERENCE FOR THE ERA OF AI AND THE METAVERSE, WHICH RUNS ONLINE FROM MARCH 20-23, 2023. THE SESSION - “STREAMING XR AT GLOBAL SCALE” - WILL BE PRESENTED BY CHRIS JARABEK (HEAD OF PRODUCT DEVELOPMENT AT PUREWEB) AND KEVIN VIGGERS (HEAD OF R&D AT PUREWEB). “BUSINESSES OF ALL SIZES AND ACROSS INDUSTRIES ARE EXPERIMENTING WITH EXTENDED REALITIES (XR) AS A TOOL FOR IMPROVING TRAINING AND DECISION-MAKING. MAINTAINING A FLEET OF VR-READY WORKSTATIONS IS A BARRIER TO ENTRY FOR THE BROAD-SCALE ADOPTION OF XR IN THE WORKPLACE,” SAYS JARABEK. “THE ALTERNATIVE IS TO COMPROMISE THE FIDELITY OF THE XR EXPERIENCE TO ALLOW IT TO RUN ENTIRELY ON A HEADSET OR HANDHELD DEVICE. NVIDIA CLOUDXR STREAMING TECHNOLOGY UNLOCKS A THIRD OPTION: USERS CAN STREAM THEIR XR EXPERIENCES FROM A GPU-ENABLED CLOUD SERVER OVER THE INTERNET DIRECTLY TO THEIR DEVICE.” “WITH CLOUDXR, THE CHALLENGE THEN BECOMES ONE OF SCALABILITY AND EDGE ORCHESTRATION,” SAYS VIGGERS. “SPECIFICALLY, HOW DO YOU BUILD A GLOBE-SPANNING CLOUD PLATFORM THAT INCORPORATES A WIDE SELECTION OF CLOUD GPUS, THEREBY ENABLING LARGE-SCALE ACCESS TO QUALITY STREAMING VR EXPERIENCES ANYWHERE IN THE WORLD?” THE PLATFORM CAPABILITIES TO SUPPORT CLOUDXR AT SCALE SIGNIFICANTLY OVERLAP WITH THE REQUIREMENTS FOR FLAT STREAMING, SUCH AS: MAXIMIZING TOTAL GPU CAPACITY AND GPU GEOGRAPHICAL DISTRIBUTION MINIMIZING ROUND-TRIP LATENCY END-TO-END APPLICATION PROVISIONING PIPELINES SMART GLOBAL ROUTING, SIGNALING AND MATCHMAKING END-DEVICE DEVELOPMENT SDKS DURING THE GTC TALK, JARABEK AND VIGGERS WILL DISCUSS HOW PUREWEB LEVERAGES MORE THAN A DECADE OF EXPERIENCE IN ADVANCED REMOTE RENDERING USE CASES TO SOLVE THESE CHALLENGES AND PRESENT THE CLOUD ARCHITECTURE THAT’S BEING USED TODAY TO SUPPORT REAL-WORLD USE CASES OF ENTERPRISE XR STREAMING. Q&A WILL FOLLOW IMMEDIATELY AFTER. “3D DESIGNERS AND DEVELOPERS ARE IN SEARCH OF TOOLS THAT WILL ENHANCE THEIR PRODUCTIVITY, PERFORMANCE, AND DEPLOYMENT CAPABILITIES,” SAYS GREG JONES, DIRECTOR OF GLOBAL BUSINESS DEVELOPMENT AND PRODUCT MANAGEMENT FOR XR AT NVIDIA. “WITH NVIDIA RTX GPUS AND CLOUDXR, ALONG WITH STREAMING PARTNERS SUCH AS PUREWEB, CREATORS CAN TACKLE THE MOST COMPLEX WORKLOADS WHILE SIMULTANEOUSLY GENERATING ENHANCED IMMERSIVE REAL-TIME EXPERIENCES AT SCALE.” JOIN US TO LEARN HOW YOUR ENTERPRISE CAN STREAM XR AT A GLOBAL SCALE ON THURSDAY, MARCH 23RD, FROM 11:00 AM - 11:25 AM PST. ABOUT PUREWEB REAL-TIME 3D STREAMING - SIMPLE, SCALABLE, AND SECURE PUREWEB REALITY™ IS THE LEADING CLOUD ORCHESTRATION AND REAL-TIME STREAMING PLATFORM FOR INTERACTIVE 3D ON THE IMMERSIVE WEB. BUILT ON THE HIGH-FIDELITY STREAMING TECHNOLOGY FROM UNREAL ENGINE AND UNITY, OUR PLATFORM MANAGES ALL THE COMPLEXITIES OF STREAMING FROM THE CLOUD. THE LEADING SOLUTION PROVIDER FOR ENTERPRISES, DIGITAL AGENCIES, AND DEVELOPERS, OUR PLATFORM ENABLES SIMPLE, SCALABLE, AND SECURE DISTRIBUTION OF REAL-TIME 3D APPLICATIONS TO ANY DEVICE, ANYWHERE IN THE WORLD. LEARN MORE AT WWW.PUREWEB.COM. PUREWEB - CRUNCHBASE PUREWEB - PITCHBOOK","['pureweb presenting streaming xr at global scale talk at nvidia gtc', 'calgary, alberta--business wire--pureweb, the leading platform for streaming real-time 3d built on unreal engine and unity, is presenting a session at nvidia gtc, a global conference for the era of ai and the metaverse, which runs online from march 20-23, 2023', 'the session - streaming xr at global scale - will be presented by chris jarabek head of product development at pureweb and kevin viggers head of rd at pureweb', 'businesses of all sizes and across industries are experimenting with extended realities xr as a tool for improving training and decision-making', 'maintaining a fleet of vr-ready workstations is a barrier to entry for the broad-scale adoption of xr in the workplace, says jarabek', 'the alternative is to compromise the fidelity of the xr experience to allow it to run entirely on a headset or handheld device', 'nvidia cloudxr streaming technology unlocks a third option users can stream their xr experiences from a gpu-enabled cloud server over the internet directly to their device', 'with cloudxr, the challenge then becomes one of scalability and edge orchestration, says viggers', 'specifically, how do you build a globe-spanning cloud platform that incorporates a wide selection of cloud gpus, thereby enabling large-scale access to quality streaming vr experiences anywhere in the world', 'the platform capabilities to support cloudxr at scale significantly overlap with the requirements for flat streaming, such as maximizing total gpu capacity and gpu geographical distribution minimizing round-trip latency end-to-end application provisioning pipelines smart global routing, signaling and matchmaking end-device development sdks during the gtc talk, jarabek and viggers will discuss how pureweb leverages more than a decade of experience in advanced remote rendering use cases to solve these challenges and present the cloud architecture thats being used today to support real-world use cases of enterprise xr streaming', 'qa will follow immediately after', '3d designers and developers are in search of tools that will enhance their productivity, performance, and deployment capabilities, says greg jones, director of global business development and product management for xr at nvidia', 'with nvidia rtx gpus and cloudxr, along with streaming partners such as pureweb, creators can tackle the most complex workloads while simultaneously generating enhanced immersive real-time experiences at scale', 'join us to learn how your enterprise can stream xr at a global scale on thursday, march 23rd, from 1100 am - 1125 am pst', 'about pureweb real-time 3d streaming - simple, scalable, and secure pureweb reality is the leading cloud orchestration and real-time streaming platform for interactive 3d on the immersive web', 'built on the high-fidelity streaming technology from unreal engine and unity, our platform manages all the complexities of streaming from the cloud', 'the leading solution provider for enterprises, digital agencies, and developers, our platform enables simple, scalable, and secure distribution of real-time 3d applications to any device, anywhere in the world', 'learn more at pureweb - crunchbase pureweb - pitchbook']",weakly_positive,0.1492,neutral,neutral
21-03-2023,"THE LAW OFFICES OF FRANK R. CRUZ ANNOUNCES THE FILING OF A SECURITIES CLASS ACTION ON BEHALF OF ALPHABET INC. (GOOG, GOOGL) INVESTORS","LOS ANGELES--(BUSINESS WIRE)--THE LAW OFFICES OF FRANK R. CRUZ ANNOUNCES THAT A CLASS ACTION LAWSUIT HAS BEEN FILED ON BEHALF OF PERSONS AND ENTITIES THAT PURCHASED OR OTHERWISE ACQUIRED ALPHABET INC. (“ALPHABET” OR THE “COMPANY”) (NASDAQ: GOOG, GOOGL) INVESTORS SECURITIES BETWEEN FEBRUARY 4, 2020 AND JANUARY 23, 2023, INCLUSIVE (THE “CLASS PERIOD”). ALPHABET INVESTORS HAVE UNTIL MAY 15, 2023 TO FILE A LEAD PLAINTIFF MOTION. IF YOU ARE A SHAREHOLDER WHO SUFFERED A LOSS, CLICK HERE TO PARTICIPATE. ON JANUARY 24, 2023, THE U.S. DEPARTMENT OF JUSTICE AND EIGHT STATES FILED AN ANTITRUST LAWSUIT AGAINST ALPHABET’S SUBSIDIARY, GOOGLE, ACCUSING IT OF UNLAWFULLY ABUSING ITS DOMINANCE IN DIGITAL ADVERTISING AND VIOLATING THE SHERMAN ANTITRUST ACT, CLAIMING THAT “GOOGLE ABUSES ITS MONOPOLY POWER TO DISADVANTAGE WEBSITE PUBLISHERS AND ADVERTISERS WHO DARE TO USE COMPETING AD TECH PRODUCTS IN A SEARCH FOR HIGHER QUALITY, OR LOWER COST, MATCHES.” ON THIS NEWS, ALPHABET’S CLASS A SHARES FELL $2.09, OR 2%, TO CLOSE AT $97.70 PER SHARE, WHILE ITS CLASS C SHARES FELL $2.00, OR 2%, TO CLOSE AT $99.21 PER SHARE ON JANUARY 24, 2023, THEREBY INJURING INVESTORS. THE COMPLAINT FILED IN THIS CLASS ACTION ALLEGES THAT THROUGHOUT THE CLASS PERIOD, DEFENDANTS MADE MATERIALLY FALSE AND/OR MISLEADING STATEMENTS, AS WELL AS FAILED TO DISCLOSE MATERIAL ADVERSE FACTS ABOUT THE COMPANY’S BUSINESS, OPERATIONS, AND PROSPECTS. SPECIFICALLY, DEFENDANTS FAILED TO DISCLOSE TO INVESTORS THAT: (1) ALPHABET USED ITS DOMINANCE IN THE FIELD OF DIGITAL ADVERTISING TO DISADVANTAGE WEBSITE PUBLISHERS AND ADVERTISERS WHO USED COMPETING ADVERTISING PRODUCTS; (2) THE FOREGOING CONDUCT WAS ANTICOMPETITIVE IN NATURE AND LIKELY TO DRAW SIGNIFICANT REGULATORY SCRUTINY; (3) ALPHABET'S REVENUES WERE UNSUSTAINABLE TO THE EXTENT THAT THEY WERE THE PRODUCT OF SAID ANTICOMPETITIVE CONDUCT; (4) ALPHABET'S CONDUCT, ONCE REVEALED, WOULD NEGATIVELY IMPACT THE COMPANY'S REPUTATION AND EXPOSE IT TO A HEIGHTENED RISK OF LITIGATION AND REGULATORY ENFORCEMENT ACTION; AND (5) AS A RESULT, DEFENDANTS’ POSITIVE STATEMENTS ABOUT THE COMPANY’S BUSINESS, OPERATIONS, AND PROSPECTS WERE MATERIALLY MISLEADING AND/OR LACKED A REASONABLE BASIS AT ALL RELEVANT TIMES. FOLLOW US FOR UPDATES ON TWITTER: TWITTER.COM/FRC_LAW. IF YOU PURCHASED ALPHABET SECURITIES DURING THE CLASS PERIOD, YOU MAY MOVE THE COURT NO LATER THAN MAY 15, 2023 TO ASK THE COURT TO APPOINT YOU AS LEAD PLAINTIFF. TO BE A MEMBER OF THE CLASS YOU NEED NOT TAKE ANY ACTION AT THIS TIME; YOU MAY RETAIN COUNSEL OF YOUR CHOICE OR TAKE NO ACTION AND REMAIN AN ABSENT MEMBER OF THE CLASS. IF YOU PURCHASED ALPHABET SECURITIES, HAVE INFORMATION OR WOULD LIKE TO LEARN MORE ABOUT THESE CLAIMS, OR HAVE ANY QUESTIONS CONCERNING THIS ANNOUNCEMENT OR YOUR RIGHTS OR INTERESTS WITH RESPECT TO THESE MATTERS, PLEASE CONTACT FRANK R. CRUZ, OF THE LAW OFFICES OF FRANK R. CRUZ, 1999 AVENUE OF THE STARS, SUITE 1100, LOS ANGELES, CALIFORNIA 90067 AT 310-914-5007, BY EMAIL TO INFO@FRANKCRUZLAW.COM, OR VISIT OUR WEBSITE AT WWW.FRANKCRUZLAW.COM. IF YOU INQUIRE BY EMAIL PLEASE INCLUDE YOUR MAILING ADDRESS, TELEPHONE NUMBER, AND NUMBER OF SHARES PURCHASED. THIS PRESS RELEASE MAY BE CONSIDERED ATTORNEY ADVERTISING IN SOME JURISDICTIONS UNDER THE APPLICABLE LAW AND ETHICAL RULES.","THE LAW OFFICES OF FRANK R. CRUZ ANNOUNCES THE FILING OF A SECURITIES CLASS ACTION ON BEHALF OF ALPHABET INC. (GOOG, GOOGL) INVESTORS. LOS ANGELES--(BUSINESS WIRE)--THE LAW OFFICES OF FRANK R. CRUZ ANNOUNCES THAT A CLASS ACTION LAWSUIT HAS BEEN FILED ON BEHALF OF PERSONS AND ENTITIES THAT PURCHASED OR OTHERWISE ACQUIRED ALPHABET INC. (“ALPHABET” OR THE “COMPANY”) (NASDAQ: GOOG, GOOGL) INVESTORS SECURITIES BETWEEN FEBRUARY 4, 2020 AND JANUARY 23, 2023, INCLUSIVE (THE “CLASS PERIOD”). ALPHABET INVESTORS HAVE UNTIL MAY 15, 2023 TO FILE A LEAD PLAINTIFF MOTION. IF YOU ARE A SHAREHOLDER WHO SUFFERED A LOSS, CLICK HERE TO PARTICIPATE. ON JANUARY 24, 2023, THE U.S. DEPARTMENT OF JUSTICE AND EIGHT STATES FILED AN ANTITRUST LAWSUIT AGAINST ALPHABET’S SUBSIDIARY, GOOGLE, ACCUSING IT OF UNLAWFULLY ABUSING ITS DOMINANCE IN DIGITAL ADVERTISING AND VIOLATING THE SHERMAN ANTITRUST ACT, CLAIMING THAT “GOOGLE ABUSES ITS MONOPOLY POWER TO DISADVANTAGE WEBSITE PUBLISHERS AND ADVERTISERS WHO DARE TO USE COMPETING AD TECH PRODUCTS IN A SEARCH FOR HIGHER QUALITY, OR LOWER COST, MATCHES.” ON THIS NEWS, ALPHABET’S CLASS A SHARES FELL $2.09, OR 2%, TO CLOSE AT $97.70 PER SHARE, WHILE ITS CLASS C SHARES FELL $2.00, OR 2%, TO CLOSE AT $99.21 PER SHARE ON JANUARY 24, 2023, THEREBY INJURING INVESTORS. THE COMPLAINT FILED IN THIS CLASS ACTION ALLEGES THAT THROUGHOUT THE CLASS PERIOD, DEFENDANTS MADE MATERIALLY FALSE AND/OR MISLEADING STATEMENTS, AS WELL AS FAILED TO DISCLOSE MATERIAL ADVERSE FACTS ABOUT THE COMPANY’S BUSINESS, OPERATIONS, AND PROSPECTS. SPECIFICALLY, DEFENDANTS FAILED TO DISCLOSE TO INVESTORS THAT: (1) ALPHABET USED ITS DOMINANCE IN THE FIELD OF DIGITAL ADVERTISING TO DISADVANTAGE WEBSITE PUBLISHERS AND ADVERTISERS WHO USED COMPETING ADVERTISING PRODUCTS; (2) THE FOREGOING CONDUCT WAS ANTICOMPETITIVE IN NATURE AND LIKELY TO DRAW SIGNIFICANT REGULATORY SCRUTINY; (3) ALPHABET'S REVENUES WERE UNSUSTAINABLE TO THE EXTENT THAT THEY WERE THE PRODUCT OF SAID ANTICOMPETITIVE CONDUCT; (4) ALPHABET'S CONDUCT, ONCE REVEALED, WOULD NEGATIVELY IMPACT THE COMPANY'S REPUTATION AND EXPOSE IT TO A HEIGHTENED RISK OF LITIGATION AND REGULATORY ENFORCEMENT ACTION; AND (5) AS A RESULT, DEFENDANTS’ POSITIVE STATEMENTS ABOUT THE COMPANY’S BUSINESS, OPERATIONS, AND PROSPECTS WERE MATERIALLY MISLEADING AND/OR LACKED A REASONABLE BASIS AT ALL RELEVANT TIMES. FOLLOW US FOR UPDATES ON TWITTER: TWITTER.COM/FRC_LAW. IF YOU PURCHASED ALPHABET SECURITIES DURING THE CLASS PERIOD, YOU MAY MOVE THE COURT NO LATER THAN MAY 15, 2023 TO ASK THE COURT TO APPOINT YOU AS LEAD PLAINTIFF. TO BE A MEMBER OF THE CLASS YOU NEED NOT TAKE ANY ACTION AT THIS TIME; YOU MAY RETAIN COUNSEL OF YOUR CHOICE OR TAKE NO ACTION AND REMAIN AN ABSENT MEMBER OF THE CLASS. IF YOU PURCHASED ALPHABET SECURITIES, HAVE INFORMATION OR WOULD LIKE TO LEARN MORE ABOUT THESE CLAIMS, OR HAVE ANY QUESTIONS CONCERNING THIS ANNOUNCEMENT OR YOUR RIGHTS OR INTERESTS WITH RESPECT TO THESE MATTERS, PLEASE CONTACT FRANK R. CRUZ, OF THE LAW OFFICES OF FRANK R. CRUZ, 1999 AVENUE OF THE STARS, SUITE 1100, LOS ANGELES, CALIFORNIA 90067 AT 310-914-5007, BY EMAIL TO INFO@FRANKCRUZLAW.COM, OR VISIT OUR WEBSITE AT WWW.FRANKCRUZLAW.COM. IF YOU INQUIRE BY EMAIL PLEASE INCLUDE YOUR MAILING ADDRESS, TELEPHONE NUMBER, AND NUMBER OF SHARES PURCHASED. THIS PRESS RELEASE MAY BE CONSIDERED ATTORNEY ADVERTISING IN SOME JURISDICTIONS UNDER THE APPLICABLE LAW AND ETHICAL RULES.","['the law offices of frank r', 'cruz announces the filing of a securities class action on behalf of alphabet inc', 'goog, googl investors', 'los angeles--business wire--the law offices of frank r', 'cruz announces that a class action lawsuit has been filed on behalf of persons and entities that purchased or otherwise acquired alphabet inc', 'alphabet or the company nasdaq goog, googl investors securities between february 4, 2020 and january 23, 2023, inclusive the class period', 'alphabet investors have until may 15, 2023 to file a lead plaintiff motion', 'if you are a shareholder who suffered a loss, click here to participate', 'on january 24, 2023, the u.s', 'department of justice and eight states filed an antitrust lawsuit against alphabets subsidiary, google, accusing it of unlawfully abusing its dominance in digital advertising and violating the sherman antitrust act, claiming that google abuses its monopoly power to disadvantage website publishers and advertisers who dare to use competing ad tech products in a search for higher quality, or lower cost, matches', 'on this news, alphabets class a shares fell $2.09, or 2 percent, to close at $97.70 per share, while its class c shares fell $2.00, or 2 percent, to close at $99.21 per share on january 24, 2023, thereby injuring investors', 'the complaint filed in this class action alleges that throughout the class period, defendants made materially false andor misleading statements, as well as failed to disclose material adverse facts about the companys business, operations, and prospects', ""specifically, defendants failed to disclose to investors that 1 alphabet used its dominance in the field of digital advertising to disadvantage website publishers and advertisers who used competing advertising products 2 the foregoing conduct was anticompetitive in nature and likely to draw significant regulatory scrutiny 3 alphabet's revenues were unsustainable to the extent that they were the product of said anticompetitive conduct 4 alphabet's conduct, once revealed, would negatively impact the company's reputation and expose it to a heightened risk of litigation and regulatory enforcement action and 5 as a result, defendants positive statements about the companys business, operations, and prospects were materially misleading andor lacked a reasonable basis at all relevant times"", 'follow us for updates on twitter twitter.comfrclaw', 'if you purchased alphabet securities during the class period, you may move the court no later than may 15, 2023 to ask the court to appoint you as lead plaintiff', 'to be a member of the class you need not take any action at this time you may retain counsel of your choice or take no action and remain an absent member of the class', 'if you purchased alphabet securities, have information or would like to learn more about these claims, or have any questions concerning this announcement or your rights or interests with respect to these matters, please contact frank r', 'cruz, of the law offices of frank r', 'cruz, 1999 avenue of the stars, suite 1100, los angeles, california 90067 at 310-914-5007, by email to infofrankcruzlaw.com, or visit our website at if you inquire by email please include your mailing address, telephone number, and number of shares purchased', 'this press release may be considered attorney advertising in some jurisdictions under the applicable law and ethical rules.']",neutral,-0.0033149999999999,neutral,neutral
21-03-2023,"INVESTOR ALERT: BRONSTEIN, GEWIRTZ & GROSSMAN, LLC NOTIFIES ALPHABET, INC. (GOOG; GOOGL) INVESTORS OF CLASS ACTION AND TO ACTIVELY PARTICIPATE","NEW YORK--(BUSINESS WIRE)--ATTORNEY ADVERTISING--BRONSTEIN, GEWIRTZ & GROSSMAN, LLC NOTIFIES INVESTORS THAT A CLASS ACTION LAWSUIT HAS BEEN FILED AGAINST ALPHABET, INC. (""ALPHABET"" OR THE ""COMPANY"") (NASDAQ: GOOG; GOOGL) AND CERTAIN OF ITS OFFICERS, ON BEHALF OF ALL PERSONS AND ENTITIES THAT PURCHASED, OR OTHERWISE ACQUIRED ALPHABET SECURITIES BETWEEN FEBRUARY 4, 2020 AND JANUARY 23, 2023, INCLUSIVE (THE “CLASS PERIOD”). SUCH INVESTORS ARE ENCOURAGED TO JOIN THIS CASE BY VISITING THE FIRM’S SITE: WWW.BGANDG.COM/GOOG. THIS CLASS ACTION SEEKS TO RECOVER DAMAGES AGAINST DEFENDANTS FOR ALLEGED VIOLATIONS OF THE FEDERAL SECURITIES LAWS. THE COMPLAINT ALLEGES THAT THROUGHOUT THE CLASS PERIOD, DEFENDANTS MADE MATERIALLY FALSE AND MISLEADING STATEMENTS REGARDING THE COMPANY'S BUSINESS, OPERATIONS, AND COMPLIANCE POLICIES. SPECIFICALLY, DEFENDANTS MADE FALSE AND/OR MISLEADING STATEMENTS AND/OR FAILED TO DISCLOSE THAT: (I) ALPHABET USED ITS DOMINANCE IN THE FIELD OF DIGITAL ADVERTISING TO DISADVANTAGE WEBSITE PUBLISHERS AND ADVERTISERS WHO USED COMPETING ADVERTISING PRODUCTS; (II) THE FOREGOING CONDUCT WAS ANTICOMPETITIVE IN NATURE AND LIKELY TO DRAW SIGNIFICANT REGULATORY SCRUTINY; (III) ALPHABET'S REVENUES WERE UNSUSTAINABLE TO THE EXTENT THAT THEY WERE THE PRODUCT OF SAID ANTICOMPETITIVE CONDUCT; (IV) ALPHABET'S CONDUCT, ONCE REVEALED, WOULD NEGATIVELY IMPACT THE COMPANY'S REPUTATION AND EXPOSE IT TO A HEIGHTENED RISK OF LITIGATION AND REGULATORY ENFORCEMENT ACTION; AND (V) AS A RESULT, THE COMPANY'S PUBLIC STATEMENTS WERE MATERIALLY FALSE AND MISLEADING AT ALL RELEVANT TIMES. A CLASS ACTION LAWSUIT HAS ALREADY BEEN FILED. IF YOU WISH TO REVIEW A COPY OF THE COMPLAINT YOU CAN VISIT THE FIRM’S SITE: WWW.BGANDG.COM/GOOG OR YOU MAY CONTACT PERETZ BRONSTEIN, ESQ. OR HIS LAW CLERK AND CLIENT RELATIONS MANAGER, YAEL NATHANSON OF BRONSTEIN, GEWIRTZ & GROSSMAN, LLC AT 212-697-6484. IF YOU SUFFERED A LOSS IN ALPHABET YOU HAVE UNTIL MAY 15, 2023 TO REQUEST THAT THE COURT APPOINT YOU AS LEAD PLAINTIFF. YOUR ABILITY TO SHARE IN ANY RECOVERY DOESN'T REQUIRE THAT YOU SERVE AS A LEAD PLAINTIFF. BRONSTEIN, GEWIRTZ & GROSSMAN, LLC REPRESENTS INVESTORS IN SECURITIES FRAUD CLASS ACTIONS AND SHAREHOLDER DERIVATIVE SUITS. THE FIRM HAS RECOVERED HUNDREDS OF MILLIONS OF DOLLARS FOR INVESTORS NATIONWIDE. ATTORNEY ADVERTISING. PRIOR RESULTS DO NOT GUARANTEE SIMILAR OUTCOMES.","INVESTOR ALERT: BRONSTEIN, GEWIRTZ & GROSSMAN, LLC NOTIFIES ALPHABET, INC. (GOOG; GOOGL) INVESTORS OF CLASS ACTION AND TO ACTIVELY PARTICIPATE. NEW YORK--(BUSINESS WIRE)--ATTORNEY ADVERTISING--BRONSTEIN, GEWIRTZ & GROSSMAN, LLC NOTIFIES INVESTORS THAT A CLASS ACTION LAWSUIT HAS BEEN FILED AGAINST ALPHABET, INC. (""ALPHABET"" OR THE ""COMPANY"") (NASDAQ: GOOG; GOOGL) AND CERTAIN OF ITS OFFICERS, ON BEHALF OF ALL PERSONS AND ENTITIES THAT PURCHASED, OR OTHERWISE ACQUIRED ALPHABET SECURITIES BETWEEN FEBRUARY 4, 2020 AND JANUARY 23, 2023, INCLUSIVE (THE “CLASS PERIOD”). SUCH INVESTORS ARE ENCOURAGED TO JOIN THIS CASE BY VISITING THE FIRM’S SITE: WWW.BGANDG.COM/GOOG. THIS CLASS ACTION SEEKS TO RECOVER DAMAGES AGAINST DEFENDANTS FOR ALLEGED VIOLATIONS OF THE FEDERAL SECURITIES LAWS. THE COMPLAINT ALLEGES THAT THROUGHOUT THE CLASS PERIOD, DEFENDANTS MADE MATERIALLY FALSE AND MISLEADING STATEMENTS REGARDING THE COMPANY'S BUSINESS, OPERATIONS, AND COMPLIANCE POLICIES. SPECIFICALLY, DEFENDANTS MADE FALSE AND/OR MISLEADING STATEMENTS AND/OR FAILED TO DISCLOSE THAT: (I) ALPHABET USED ITS DOMINANCE IN THE FIELD OF DIGITAL ADVERTISING TO DISADVANTAGE WEBSITE PUBLISHERS AND ADVERTISERS WHO USED COMPETING ADVERTISING PRODUCTS; (II) THE FOREGOING CONDUCT WAS ANTICOMPETITIVE IN NATURE AND LIKELY TO DRAW SIGNIFICANT REGULATORY SCRUTINY; (III) ALPHABET'S REVENUES WERE UNSUSTAINABLE TO THE EXTENT THAT THEY WERE THE PRODUCT OF SAID ANTICOMPETITIVE CONDUCT; (IV) ALPHABET'S CONDUCT, ONCE REVEALED, WOULD NEGATIVELY IMPACT THE COMPANY'S REPUTATION AND EXPOSE IT TO A HEIGHTENED RISK OF LITIGATION AND REGULATORY ENFORCEMENT ACTION; AND (V) AS A RESULT, THE COMPANY'S PUBLIC STATEMENTS WERE MATERIALLY FALSE AND MISLEADING AT ALL RELEVANT TIMES. A CLASS ACTION LAWSUIT HAS ALREADY BEEN FILED. IF YOU WISH TO REVIEW A COPY OF THE COMPLAINT YOU CAN VISIT THE FIRM’S SITE: WWW.BGANDG.COM/GOOG OR YOU MAY CONTACT PERETZ BRONSTEIN, ESQ. OR HIS LAW CLERK AND CLIENT RELATIONS MANAGER, YAEL NATHANSON OF BRONSTEIN, GEWIRTZ & GROSSMAN, LLC AT 212-697-6484. IF YOU SUFFERED A LOSS IN ALPHABET YOU HAVE UNTIL MAY 15, 2023 TO REQUEST THAT THE COURT APPOINT YOU AS LEAD PLAINTIFF. YOUR ABILITY TO SHARE IN ANY RECOVERY DOESN'T REQUIRE THAT YOU SERVE AS A LEAD PLAINTIFF. BRONSTEIN, GEWIRTZ & GROSSMAN, LLC REPRESENTS INVESTORS IN SECURITIES FRAUD CLASS ACTIONS AND SHAREHOLDER DERIVATIVE SUITS. THE FIRM HAS RECOVERED HUNDREDS OF MILLIONS OF DOLLARS FOR INVESTORS NATIONWIDE. ATTORNEY ADVERTISING. PRIOR RESULTS DO NOT GUARANTEE SIMILAR OUTCOMES.","['investor alert bronstein, gewirtz grossman, llc notifies alphabet, inc', 'goog googl investors of class action and to actively participate', 'new york--business wire--attorney advertising--bronstein, gewirtz grossman, llc notifies investors that a class action lawsuit has been filed against alphabet, inc', 'alphabet or the company nasdaq goog googl and certain of its officers, on behalf of all persons and entities that purchased, or otherwise acquired alphabet securities between february 4, 2020 and january 23, 2023, inclusive the class period', 'such investors are encouraged to join this case by visiting the firms site this class action seeks to recover damages against defendants for alleged violations of the federal securities laws', ""the complaint alleges that throughout the class period, defendants made materially false and misleading statements regarding the company's business, operations, and compliance policies"", ""specifically, defendants made false andor misleading statements andor failed to disclose that i alphabet used its dominance in the field of digital advertising to disadvantage website publishers and advertisers who used competing advertising products ii the foregoing conduct was anticompetitive in nature and likely to draw significant regulatory scrutiny iii alphabet's revenues were unsustainable to the extent that they were the product of said anticompetitive conduct iv alphabet's conduct, once revealed, would negatively impact the company's reputation and expose it to a heightened risk of litigation and regulatory enforcement action and v as a result, the company's public statements were materially false and misleading at all relevant times"", 'a class action lawsuit has already been filed', 'if you wish to review a copy of the complaint you can visit the firms site or you may contact peretz bronstein, esq', 'or his law clerk and client relations manager, yael nathanson of bronstein, gewirtz grossman, llc at 212-697-6484', 'if you suffered a loss in alphabet you have until may 15, 2023 to request that the court appoint you as lead plaintiff', ""your ability to share in any recovery doesn't require that you serve as a lead plaintiff"", 'bronstein, gewirtz grossman, llc represents investors in securities fraud class actions and shareholder derivative suits', 'the firm has recovered hundreds of millions of dollars for investors nationwide', 'attorney advertising', 'prior results do not guarantee similar outcomes.']",weakly_negative,-0.0942312499999999,neutral,neutral
21-03-2023,"GLANCY PRONGAY & MURRAY LLP, A LEADING SECURITIES FRAUD LAW FIRM, ANNOUNCES THE FILING OF A SECURITIES CLASS ACTION ON BEHALF OF ALPHABET INC. (GOOG, GOOGL) INVESTORS","LOS ANGELES--(BUSINESS WIRE)--GLANCY PRONGAY & MURRAY LLP (“GPM”), A LEADING NATIONAL SHAREHOLDER RIGHTS LAW FIRM, ANNOUNCES THAT A CLASS ACTION LAWSUIT HAS BEEN FILED ON BEHALF OF INVESTORS WHO PURCHASED OR OTHERWISE ACQUIRED ALPHABET INC. (“ALPHABET” OR THE “COMPANY”) (NASDAQ: GOOG, GOOGL) INVESTORS SECURITIES BETWEEN FEBRUARY 4, 2020 AND JANUARY 23, 2023, INCLUSIVE (THE “CLASS PERIOD”). ALPHABET INVESTORS HAVE UNTIL MAY 15, 2023 TO FILE A LEAD PLAINTIFF MOTION.","GLANCY PRONGAY & MURRAY LLP, A LEADING SECURITIES FRAUD LAW FIRM, ANNOUNCES THE FILING OF A SECURITIES CLASS ACTION ON BEHALF OF ALPHABET INC. (GOOG, GOOGL) INVESTORS. LOS ANGELES--(BUSINESS WIRE)--GLANCY PRONGAY & MURRAY LLP (“GPM”), A LEADING NATIONAL SHAREHOLDER RIGHTS LAW FIRM, ANNOUNCES THAT A CLASS ACTION LAWSUIT HAS BEEN FILED ON BEHALF OF INVESTORS WHO PURCHASED OR OTHERWISE ACQUIRED ALPHABET INC. (“ALPHABET” OR THE “COMPANY”) (NASDAQ: GOOG, GOOGL) INVESTORS SECURITIES BETWEEN FEBRUARY 4, 2020 AND JANUARY 23, 2023, INCLUSIVE (THE “CLASS PERIOD”). ALPHABET INVESTORS HAVE UNTIL MAY 15, 2023 TO FILE A LEAD PLAINTIFF MOTION.","['glancy prongay murray llp, a leading securities fraud law firm, announces the filing of a securities class action on behalf of alphabet inc', 'goog, googl investors', 'los angeles--business wire--glancy prongay murray llp gpm, a leading national shareholder rights law firm, announces that a class action lawsuit has been filed on behalf of investors who purchased or otherwise acquired alphabet inc', 'alphabet or the company nasdaq goog, googl investors securities between february 4, 2020 and january 23, 2023, inclusive the class period', 'alphabet investors have until may 15, 2023 to file a lead plaintiff motion.']",neutral,-0.0066,neutral,neutral
21-03-2023,"INVESTOR ALERT: LAW OFFICES OF HOWARD G. SMITH ANNOUNCES THE FILING OF A SECURITIES CLASS ACTION ON BEHALF OF ALPHABET INC. (GOOG, GOOGL) INVESTORS","BENSALEM, PA.--(BUSINESS WIRE)--LAW OFFICES OF HOWARD G. SMITH ANNOUNCES THAT A CLASS ACTION LAWSUIT HAS BEEN FILED ON BEHALF OF INVESTORS WHO PURCHASED ALPHABET INC. (“ALPHABET” OR THE “COMPANY”) (NASDAQ: GOOG, GOOGL) INVESTORS SECURITIES BETWEEN FEBRUARY 4, 2020 AND JANUARY 23, 2023, INCLUSIVE (THE “CLASS PERIOD”). ALPHABET INVESTORS HAVE UNTIL MAY 15, 2023 TO FILE A LEAD PLAINTIFF MOTION. INVESTORS SUFFERING LOSSES ON THEIR ALPHABET INVESTMENTS ARE ENCOURAGED TO CONTACT THE LAW OFFICES OF HOWARD G. SMITH TO DISCUSS THEIR LEGAL RIGHTS IN THIS CLASS ACTION AT 888-638-4847 OR BY EMAIL TO HOWARDSMITH@HOWARDSMITHLAW.COM. ON JANUARY 24, 2023, THE U.S. DEPARTMENT OF JUSTICE AND EIGHT STATES FILED AN ANTITRUST LAWSUIT AGAINST ALPHABET’S SUBSIDIARY, GOOGLE, ACCUSING IT OF UNLAWFULLY ABUSING ITS DOMINANCE IN DIGITAL ADVERTISING AND VIOLATING THE SHERMAN ANTITRUST ACT, CLAIMING THAT “GOOGLE ABUSES ITS MONOPOLY POWER TO DISADVANTAGE WEBSITE PUBLISHERS AND ADVERTISERS WHO DARE TO USE COMPETING AD TECH PRODUCTS IN A SEARCH FOR HIGHER QUALITY, OR LOWER COST, MATCHES.” ON THIS NEWS, ALPHABET’S CLASS A SHARES FELL $2.09, OR 2%, TO CLOSE AT $97.70 PER SHARE, WHILE ITS CLASS C SHARES FELL $2.00, OR 2%, TO CLOSE AT $99.21 PER SHARE ON JANUARY 24, 2023, THEREBY INJURING INVESTORS. THE COMPLAINT FILED IN THIS CLASS ACTION ALLEGES THAT THROUGHOUT THE CLASS PERIOD, DEFENDANTS MADE MATERIALLY FALSE AND/OR MISLEADING STATEMENTS, AS WELL AS FAILED TO DISCLOSE MATERIAL ADVERSE FACTS ABOUT THE COMPANY’S BUSINESS, OPERATIONS, AND PROSPECTS. SPECIFICALLY, DEFENDANTS FAILED TO DISCLOSE TO INVESTORS THAT: (1) ALPHABET USED ITS DOMINANCE IN THE FIELD OF DIGITAL ADVERTISING TO DISADVANTAGE WEBSITE PUBLISHERS AND ADVERTISERS WHO USED COMPETING ADVERTISING PRODUCTS; (2) THE FOREGOING CONDUCT WAS ANTICOMPETITIVE IN NATURE AND LIKELY TO DRAW SIGNIFICANT REGULATORY SCRUTINY; (3) ALPHABET'S REVENUES WERE UNSUSTAINABLE TO THE EXTENT THAT THEY WERE THE PRODUCT OF SAID ANTICOMPETITIVE CONDUCT; (4) ALPHABET'S CONDUCT, ONCE REVEALED, WOULD NEGATIVELY IMPACT THE COMPANY'S REPUTATION AND EXPOSE IT TO A HEIGHTENED RISK OF LITIGATION AND REGULATORY ENFORCEMENT ACTION; AND (5) AS A RESULT, DEFENDANTS’ POSITIVE STATEMENTS ABOUT THE COMPANY’S BUSINESS, OPERATIONS, AND PROSPECTS WERE MATERIALLY MISLEADING AND/OR LACKED A REASONABLE BASIS AT ALL RELEVANT TIMES. IF YOU PURCHASED ALPHABET SECURITIES, HAVE INFORMATION OR WOULD LIKE TO LEARN MORE ABOUT THESE CLAIMS, OR HAVE ANY QUESTIONS CONCERNING THIS ANNOUNCEMENT OR YOUR RIGHTS OR INTERESTS WITH RESPECT TO THESE MATTERS, PLEASE CONTACT HOWARD G. SMITH, ESQUIRE, OF LAW OFFICES OF HOWARD G. SMITH, 3070 BRISTOL PIKE, SUITE 112, BENSALEM, PENNSYLVANIA 19020, BY TELEPHONE AT (215) 638-4847, TOLL-FREE AT (888) 638-4847, OR BY EMAIL TO HOWARDSMITH@HOWARDSMITHLAW.COM, OR VISIT OUR WEBSITE AT WWW.HOWARDSMITHLAW.COM. THIS PRESS RELEASE MAY BE CONSIDERED ATTORNEY ADVERTISING IN SOME JURISDICTIONS UNDER THE APPLICABLE LAW AND ETHICAL RULES.","INVESTOR ALERT: LAW OFFICES OF HOWARD G. SMITH ANNOUNCES THE FILING OF A SECURITIES CLASS ACTION ON BEHALF OF ALPHABET INC. (GOOG, GOOGL) INVESTORS. BENSALEM, PA.--(BUSINESS WIRE)--LAW OFFICES OF HOWARD G. SMITH ANNOUNCES THAT A CLASS ACTION LAWSUIT HAS BEEN FILED ON BEHALF OF INVESTORS WHO PURCHASED ALPHABET INC. (“ALPHABET” OR THE “COMPANY”) (NASDAQ: GOOG, GOOGL) INVESTORS SECURITIES BETWEEN FEBRUARY 4, 2020 AND JANUARY 23, 2023, INCLUSIVE (THE “CLASS PERIOD”). ALPHABET INVESTORS HAVE UNTIL MAY 15, 2023 TO FILE A LEAD PLAINTIFF MOTION. INVESTORS SUFFERING LOSSES ON THEIR ALPHABET INVESTMENTS ARE ENCOURAGED TO CONTACT THE LAW OFFICES OF HOWARD G. SMITH TO DISCUSS THEIR LEGAL RIGHTS IN THIS CLASS ACTION AT 888-638-4847 OR BY EMAIL TO HOWARDSMITH@HOWARDSMITHLAW.COM. ON JANUARY 24, 2023, THE U.S. DEPARTMENT OF JUSTICE AND EIGHT STATES FILED AN ANTITRUST LAWSUIT AGAINST ALPHABET’S SUBSIDIARY, GOOGLE, ACCUSING IT OF UNLAWFULLY ABUSING ITS DOMINANCE IN DIGITAL ADVERTISING AND VIOLATING THE SHERMAN ANTITRUST ACT, CLAIMING THAT “GOOGLE ABUSES ITS MONOPOLY POWER TO DISADVANTAGE WEBSITE PUBLISHERS AND ADVERTISERS WHO DARE TO USE COMPETING AD TECH PRODUCTS IN A SEARCH FOR HIGHER QUALITY, OR LOWER COST, MATCHES.” ON THIS NEWS, ALPHABET’S CLASS A SHARES FELL $2.09, OR 2%, TO CLOSE AT $97.70 PER SHARE, WHILE ITS CLASS C SHARES FELL $2.00, OR 2%, TO CLOSE AT $99.21 PER SHARE ON JANUARY 24, 2023, THEREBY INJURING INVESTORS. THE COMPLAINT FILED IN THIS CLASS ACTION ALLEGES THAT THROUGHOUT THE CLASS PERIOD, DEFENDANTS MADE MATERIALLY FALSE AND/OR MISLEADING STATEMENTS, AS WELL AS FAILED TO DISCLOSE MATERIAL ADVERSE FACTS ABOUT THE COMPANY’S BUSINESS, OPERATIONS, AND PROSPECTS. SPECIFICALLY, DEFENDANTS FAILED TO DISCLOSE TO INVESTORS THAT: (1) ALPHABET USED ITS DOMINANCE IN THE FIELD OF DIGITAL ADVERTISING TO DISADVANTAGE WEBSITE PUBLISHERS AND ADVERTISERS WHO USED COMPETING ADVERTISING PRODUCTS; (2) THE FOREGOING CONDUCT WAS ANTICOMPETITIVE IN NATURE AND LIKELY TO DRAW SIGNIFICANT REGULATORY SCRUTINY; (3) ALPHABET'S REVENUES WERE UNSUSTAINABLE TO THE EXTENT THAT THEY WERE THE PRODUCT OF SAID ANTICOMPETITIVE CONDUCT; (4) ALPHABET'S CONDUCT, ONCE REVEALED, WOULD NEGATIVELY IMPACT THE COMPANY'S REPUTATION AND EXPOSE IT TO A HEIGHTENED RISK OF LITIGATION AND REGULATORY ENFORCEMENT ACTION; AND (5) AS A RESULT, DEFENDANTS’ POSITIVE STATEMENTS ABOUT THE COMPANY’S BUSINESS, OPERATIONS, AND PROSPECTS WERE MATERIALLY MISLEADING AND/OR LACKED A REASONABLE BASIS AT ALL RELEVANT TIMES. IF YOU PURCHASED ALPHABET SECURITIES, HAVE INFORMATION OR WOULD LIKE TO LEARN MORE ABOUT THESE CLAIMS, OR HAVE ANY QUESTIONS CONCERNING THIS ANNOUNCEMENT OR YOUR RIGHTS OR INTERESTS WITH RESPECT TO THESE MATTERS, PLEASE CONTACT HOWARD G. SMITH, ESQUIRE, OF LAW OFFICES OF HOWARD G. SMITH, 3070 BRISTOL PIKE, SUITE 112, BENSALEM, PENNSYLVANIA 19020, BY TELEPHONE AT (215) 638-4847, TOLL-FREE AT (888) 638-4847, OR BY EMAIL TO HOWARDSMITH@HOWARDSMITHLAW.COM, OR VISIT OUR WEBSITE AT WWW.HOWARDSMITHLAW.COM. THIS PRESS RELEASE MAY BE CONSIDERED ATTORNEY ADVERTISING IN SOME JURISDICTIONS UNDER THE APPLICABLE LAW AND ETHICAL RULES.","['investor alert law offices of howard g', 'smith announces the filing of a securities class action on behalf of alphabet inc', 'goog, googl investors', 'bensalem, pa.--business wire--law offices of howard g', 'smith announces that a class action lawsuit has been filed on behalf of investors who purchased alphabet inc', 'alphabet or the company nasdaq goog, googl investors securities between february 4, 2020 and january 23, 2023, inclusive the class period', 'alphabet investors have until may 15, 2023 to file a lead plaintiff motion', 'investors suffering losses on their alphabet investments are encouraged to contact the law offices of howard g', 'smith to discuss their legal rights in this class action at 888-638-4847 or by email to howardsmithhowardsmithlaw.com', 'on january 24, 2023, the u.s', 'department of justice and eight states filed an antitrust lawsuit against alphabets subsidiary, google, accusing it of unlawfully abusing its dominance in digital advertising and violating the sherman antitrust act, claiming that google abuses its monopoly power to disadvantage website publishers and advertisers who dare to use competing ad tech products in a search for higher quality, or lower cost, matches', 'on this news, alphabets class a shares fell $2.09, or 2 percent, to close at $97.70 per share, while its class c shares fell $2.00, or 2 percent, to close at $99.21 per share on january 24, 2023, thereby injuring investors', 'the complaint filed in this class action alleges that throughout the class period, defendants made materially false andor misleading statements, as well as failed to disclose material adverse facts about the companys business, operations, and prospects', ""specifically, defendants failed to disclose to investors that 1 alphabet used its dominance in the field of digital advertising to disadvantage website publishers and advertisers who used competing advertising products 2 the foregoing conduct was anticompetitive in nature and likely to draw significant regulatory scrutiny 3 alphabet's revenues were unsustainable to the extent that they were the product of said anticompetitive conduct 4 alphabet's conduct, once revealed, would negatively impact the company's reputation and expose it to a heightened risk of litigation and regulatory enforcement action and 5 as a result, defendants positive statements about the companys business, operations, and prospects were materially misleading andor lacked a reasonable basis at all relevant times"", 'if you purchased alphabet securities, have information or would like to learn more about these claims, or have any questions concerning this announcement or your rights or interests with respect to these matters, please contact howard g', 'smith, esquire, of law offices of howard g', 'smith, 3070 bristol pike, suite 112, bensalem, pennsylvania 19020, by telephone at 215 638-4847, toll-free at 888 638-4847, or by email to howardsmithhowardsmithlaw.com, or visit our website at this press release may be considered attorney advertising in some jurisdictions under the applicable law and ethical rules.']",neutral,0.0110999999999999,neutral,neutral
20-03-2023,"ALPHABET ALERT: BRAGAR EAGEL & SQUIRE, P.C. ANNOUNCES THAT A CLASS ACTION LAWSUIT HAS BEEN FILED AGAINST ALPHABET INC. AND ENCOURAGES INVESTORS TO CONTACT THE FIRM","NEW YORK--(BUSINESS WIRE)--BRAGAR EAGEL & SQUIRE, P.C., A NATIONALLY RECOGNIZED STOCKHOLDER RIGHTS LAW FIRM, ANNOUNCES THAT A CLASS ACTION LAWSUIT HAS BEEN FILED AGAINST ALPHABET INC. (“ALPHABET” OR THE “COMPANY”) (NASDAQ: GOOG, GOOGL) IN THE UNITED STATES DISTRICT COURT FOR THE NORTHERN DISTRICT OF CALIFORNIA ON BEHALF OF ALL PERSONS AND ENTITIES WHO PURCHASED OR OTHERWISE ACQUIRED ALPHABET SECURITIES BETWEEN FEBRUARY 4, 2020 AND JANUARY 23, 2023, BOTH DATES INCLUSIVE (THE “CLASS PERIOD”). INVESTORS HAVE UNTIL MAY 15, 2023 TO APPLY TO THE COURT TO BE APPOINTED AS LEAD PLAINTIFF IN THE LAWSUIT. CLICK HERE TO PARTICIPATE IN THE ACTION. ALPHABET IS A MULTINATIONAL TECHNOLOGY CONGLOMERATE HOLDING COMPANY. IT WAS CREATED THROUGH A RESTRUCTURING OF GOOGLE INC. IN OCTOBER 2015, AT WHICH POINT ALPHABET BECAME THE PARENT COMPANY OF GOOGLE AND SEVERAL FORMER GOOGLE SUBSIDIARIES. ALPHABET IS HEADQUARTERED IN MOUNTAIN VIEW, CALIFORNIA AND INCORPORATED IN DELAWARE. THE COMPANY’S CLASS A AND CLASS C SHARES TRADE ON THE NASDAQ UNDER THE TICKER SYMBOLS “GOOGL” AND “GOOG,” RESPECTIVELY. ALPHABET’S SUBSIDIARY GOOGLE IS A DOMINANT PLAYER IN THE FIELD OF DIGITAL ADVERTISING, TO THE EXTENT THAT IT CONTROLS THE DIGITAL TOOLS THAT EVERY MAJOR WEBSITE PUBLISHER USES TO SELL ADVERTISING SPACE ON THEIR WEBSITES. IN RECENT YEARS, GOOGLE’S DOMINANCE IN THIS INDUSTRY HAS DRAWN REGULATORY SCRUTINY. IN JULY 2018, THE EUROPEAN COMMISSION (“EC”) FINED GOOGLE €2.42 BILLION FOR PROMOTING ITS OWN SHOPPING COMPARISON SERVICE AT THE TOP OF ITS SEARCH RESULTS. LESS THAN A YEAR LATER, IN MARCH 2019, THE EC FINED GOOGLE €1.49 BILLION FOR PREVENTING RIVALS FROM BEING ABLE TO “COMPETE AND INNOVATE FAIRLY” IN THE ONLINE ADVERTISING MARKET. IN JUNE 2019, THE U.S. DEPARTMENT OF JUSTICE (“DOJ”) REPORTED THAT IT WOULD INVESTIGATE GOOGLE FOR ANTITRUST VIOLATIONS. THEN, IN OCTOBER 2020, THE DOJ FILED AN ANTITRUST LAWSUIT AGAINST GOOGLE, ALLEGING THAT IT HAD ABUSED A MONOPOLY POSITION IN THE SEARCH AND SEARCH ADVERTISING MARKETS. THROUGHOUT THE CLASS PERIOD, DEFENDANTS MADE MATERIALLY FALSE AND MISLEADING STATEMENTS REGARDING THE COMPANY’S BUSINESS, OPERATIONS, AND COMPLIANCE POLICIES. SPECIFICALLY, DEFENDANTS MADE FALSE AND/OR MISLEADING STATEMENTS AND/OR FAILED TO DISCLOSE THAT: (I) ALPHABET USED ITS DOMINANCE IN THE FIELD OF DIGITAL ADVERTISING TO DISADVANTAGE WEBSITE PUBLISHERS AND ADVERTISERS WHO USED COMPETING ADVERTISING PRODUCTS; (II) THE FOREGOING CONDUCT WAS ANTICOMPETITIVE IN NATURE AND LIKELY TO DRAW SIGNIFICANT REGULATORY SCRUTINY; (III) ALPHABET’S REVENUES WERE UNSUSTAINABLE TO THE EXTENT THAT THEY WERE THE PRODUCT OF SAID ANTICOMPETITIVE CONDUCT; (IV) ALPHABET’S CONDUCT, ONCE REVEALED, WOULD NEGATIVELY IMPACT THE COMPANY’S REPUTATION AND EXPOSE IT TO A HEIGHTENED RISK OF LITIGATION AND REGULATORY ENFORCEMENT ACTION; AND (V) AS A RESULT, THE COMPANY’S PUBLIC STATEMENTS WERE MATERIALLY FALSE AND MISLEADING AT ALL RELEVANT TIMES. ON JANUARY 24, 2023, THE U.S. DEPARTMENT OF JUSTICE AND EIGHT STATES FILED AN ANTITRUST LAWSUIT AGAINST ALPHABET’S GOOGLE SUBSIDIARY, ACCUSING GOOGLE OF ILLEGALLY ABUSING ITS DOMINANCE IN DIGITAL ADVERTISING AND VIOLATING THE SHERMAN ANTITRUST ACT. THE LAWSUIT ALLEGES, AMONG OTHER THINGS, THAT “GOOGLE ABUSES ITS MONOPOLY POWER TO DISADVANTAGE WEBSITE PUBLISHERS AND ADVERTISERS WHO DARE TO USE COMPETING AD TECH PRODUCTS IN A SEARCH FOR HIGHER QUALITY, OR LOWER COST, MATCHES.” ON THIS NEWS, ALPHABET’S CLASS A SHARES FELL $2.09 PER SHARE, OR 2.09%, TO CLOSE AT $97.70 PER SHARE, WHILE ITS CLASS C SHARES FELL $2.00 PER SHARE, OR 1.98%, TO CLOSE AT $99.21 PER SHARE, ON JANUARY 24, 2023 AS A RESULT OF DEFENDANTS’ WRONGFUL ACTS AND OMISSIONS, AND THE PRECIPITOUS DECLINE IN THE MARKET VALUE OF THE COMPANY’S SECURITIES, PLAINTIFF AND OTHER CLASS MEMBERS HAVE SUFFERED SIGNIFICANT LOSSES AND DAMAGES. IF YOU PURCHASED OR OTHERWISE ACQUIRED ALPHABET SHARES AND SUFFERED A LOSS, ARE A LONG-TERM STOCKHOLDER, HAVE INFORMATION, WOULD LIKE TO LEARN MORE ABOUT THESE CLAIMS, OR HAVE ANY QUESTIONS CONCERNING THIS ANNOUNCEMENT OR YOUR RIGHTS OR INTERESTS WITH RESPECT TO THESE MATTERS, PLEASE CONTACT BRANDON WALKER OR MARION PASSMORE BY EMAIL AT INVESTIGATIONS@BESPC.COM, TELEPHONE AT (212) 355-4648, OR BY FILLING OUT THIS CONTACT FORM. THERE IS NO COST OR OBLIGATION TO YOU. ABOUT BRAGAR EAGEL & SQUIRE, P.C.: BRAGAR EAGEL & SQUIRE, P.C. IS A NATIONALLY RECOGNIZED LAW FIRM WITH OFFICES IN NEW YORK, CALIFORNIA, AND SOUTH CAROLINA. THE FIRM REPRESENTS INDIVIDUAL AND INSTITUTIONAL INVESTORS IN COMMERCIAL, SECURITIES, DERIVATIVE, AND OTHER COMPLEX LITIGATION IN STATE AND FEDERAL COURTS ACROSS THE COUNTRY. FOR MORE INFORMATION ABOUT THE FIRM, PLEASE VISIT WWW.BESPC.COM. ATTORNEY ADVERTISING. PRIOR RESULTS DO NOT GUARANTEE SIMILAR OUTCOMES.","ALPHABET ALERT: BRAGAR EAGEL & SQUIRE, P.C. ANNOUNCES THAT A CLASS ACTION LAWSUIT HAS BEEN FILED AGAINST ALPHABET INC. AND ENCOURAGES INVESTORS TO CONTACT THE FIRM. NEW YORK--(BUSINESS WIRE)--BRAGAR EAGEL & SQUIRE, P.C., A NATIONALLY RECOGNIZED STOCKHOLDER RIGHTS LAW FIRM, ANNOUNCES THAT A CLASS ACTION LAWSUIT HAS BEEN FILED AGAINST ALPHABET INC. (“ALPHABET” OR THE “COMPANY”) (NASDAQ: GOOG, GOOGL) IN THE UNITED STATES DISTRICT COURT FOR THE NORTHERN DISTRICT OF CALIFORNIA ON BEHALF OF ALL PERSONS AND ENTITIES WHO PURCHASED OR OTHERWISE ACQUIRED ALPHABET SECURITIES BETWEEN FEBRUARY 4, 2020 AND JANUARY 23, 2023, BOTH DATES INCLUSIVE (THE “CLASS PERIOD”). INVESTORS HAVE UNTIL MAY 15, 2023 TO APPLY TO THE COURT TO BE APPOINTED AS LEAD PLAINTIFF IN THE LAWSUIT. CLICK HERE TO PARTICIPATE IN THE ACTION. ALPHABET IS A MULTINATIONAL TECHNOLOGY CONGLOMERATE HOLDING COMPANY. IT WAS CREATED THROUGH A RESTRUCTURING OF GOOGLE INC. IN OCTOBER 2015, AT WHICH POINT ALPHABET BECAME THE PARENT COMPANY OF GOOGLE AND SEVERAL FORMER GOOGLE SUBSIDIARIES. ALPHABET IS HEADQUARTERED IN MOUNTAIN VIEW, CALIFORNIA AND INCORPORATED IN DELAWARE. THE COMPANY’S CLASS A AND CLASS C SHARES TRADE ON THE NASDAQ UNDER THE TICKER SYMBOLS “GOOGL” AND “GOOG,” RESPECTIVELY. ALPHABET’S SUBSIDIARY GOOGLE IS A DOMINANT PLAYER IN THE FIELD OF DIGITAL ADVERTISING, TO THE EXTENT THAT IT CONTROLS THE DIGITAL TOOLS THAT EVERY MAJOR WEBSITE PUBLISHER USES TO SELL ADVERTISING SPACE ON THEIR WEBSITES. IN RECENT YEARS, GOOGLE’S DOMINANCE IN THIS INDUSTRY HAS DRAWN REGULATORY SCRUTINY. IN JULY 2018, THE EUROPEAN COMMISSION (“EC”) FINED GOOGLE €2.42 BILLION FOR PROMOTING ITS OWN SHOPPING COMPARISON SERVICE AT THE TOP OF ITS SEARCH RESULTS. LESS THAN A YEAR LATER, IN MARCH 2019, THE EC FINED GOOGLE €1.49 BILLION FOR PREVENTING RIVALS FROM BEING ABLE TO “COMPETE AND INNOVATE FAIRLY” IN THE ONLINE ADVERTISING MARKET. IN JUNE 2019, THE U.S. DEPARTMENT OF JUSTICE (“DOJ”) REPORTED THAT IT WOULD INVESTIGATE GOOGLE FOR ANTITRUST VIOLATIONS. THEN, IN OCTOBER 2020, THE DOJ FILED AN ANTITRUST LAWSUIT AGAINST GOOGLE, ALLEGING THAT IT HAD ABUSED A MONOPOLY POSITION IN THE SEARCH AND SEARCH ADVERTISING MARKETS. THROUGHOUT THE CLASS PERIOD, DEFENDANTS MADE MATERIALLY FALSE AND MISLEADING STATEMENTS REGARDING THE COMPANY’S BUSINESS, OPERATIONS, AND COMPLIANCE POLICIES. SPECIFICALLY, DEFENDANTS MADE FALSE AND/OR MISLEADING STATEMENTS AND/OR FAILED TO DISCLOSE THAT: (I) ALPHABET USED ITS DOMINANCE IN THE FIELD OF DIGITAL ADVERTISING TO DISADVANTAGE WEBSITE PUBLISHERS AND ADVERTISERS WHO USED COMPETING ADVERTISING PRODUCTS; (II) THE FOREGOING CONDUCT WAS ANTICOMPETITIVE IN NATURE AND LIKELY TO DRAW SIGNIFICANT REGULATORY SCRUTINY; (III) ALPHABET’S REVENUES WERE UNSUSTAINABLE TO THE EXTENT THAT THEY WERE THE PRODUCT OF SAID ANTICOMPETITIVE CONDUCT; (IV) ALPHABET’S CONDUCT, ONCE REVEALED, WOULD NEGATIVELY IMPACT THE COMPANY’S REPUTATION AND EXPOSE IT TO A HEIGHTENED RISK OF LITIGATION AND REGULATORY ENFORCEMENT ACTION; AND (V) AS A RESULT, THE COMPANY’S PUBLIC STATEMENTS WERE MATERIALLY FALSE AND MISLEADING AT ALL RELEVANT TIMES. ON JANUARY 24, 2023, THE U.S. DEPARTMENT OF JUSTICE AND EIGHT STATES FILED AN ANTITRUST LAWSUIT AGAINST ALPHABET’S GOOGLE SUBSIDIARY, ACCUSING GOOGLE OF ILLEGALLY ABUSING ITS DOMINANCE IN DIGITAL ADVERTISING AND VIOLATING THE SHERMAN ANTITRUST ACT. THE LAWSUIT ALLEGES, AMONG OTHER THINGS, THAT “GOOGLE ABUSES ITS MONOPOLY POWER TO DISADVANTAGE WEBSITE PUBLISHERS AND ADVERTISERS WHO DARE TO USE COMPETING AD TECH PRODUCTS IN A SEARCH FOR HIGHER QUALITY, OR LOWER COST, MATCHES.” ON THIS NEWS, ALPHABET’S CLASS A SHARES FELL $2.09 PER SHARE, OR 2.09%, TO CLOSE AT $97.70 PER SHARE, WHILE ITS CLASS C SHARES FELL $2.00 PER SHARE, OR 1.98%, TO CLOSE AT $99.21 PER SHARE, ON JANUARY 24, 2023 AS A RESULT OF DEFENDANTS’ WRONGFUL ACTS AND OMISSIONS, AND THE PRECIPITOUS DECLINE IN THE MARKET VALUE OF THE COMPANY’S SECURITIES, PLAINTIFF AND OTHER CLASS MEMBERS HAVE SUFFERED SIGNIFICANT LOSSES AND DAMAGES. IF YOU PURCHASED OR OTHERWISE ACQUIRED ALPHABET SHARES AND SUFFERED A LOSS, ARE A LONG-TERM STOCKHOLDER, HAVE INFORMATION, WOULD LIKE TO LEARN MORE ABOUT THESE CLAIMS, OR HAVE ANY QUESTIONS CONCERNING THIS ANNOUNCEMENT OR YOUR RIGHTS OR INTERESTS WITH RESPECT TO THESE MATTERS, PLEASE CONTACT BRANDON WALKER OR MARION PASSMORE BY EMAIL AT INVESTIGATIONS@BESPC.COM, TELEPHONE AT (212) 355-4648, OR BY FILLING OUT THIS CONTACT FORM. THERE IS NO COST OR OBLIGATION TO YOU. ABOUT BRAGAR EAGEL & SQUIRE, P.C.: BRAGAR EAGEL & SQUIRE, P.C. IS A NATIONALLY RECOGNIZED LAW FIRM WITH OFFICES IN NEW YORK, CALIFORNIA, AND SOUTH CAROLINA. THE FIRM REPRESENTS INDIVIDUAL AND INSTITUTIONAL INVESTORS IN COMMERCIAL, SECURITIES, DERIVATIVE, AND OTHER COMPLEX LITIGATION IN STATE AND FEDERAL COURTS ACROSS THE COUNTRY. FOR MORE INFORMATION ABOUT THE FIRM, PLEASE VISIT WWW.BESPC.COM. ATTORNEY ADVERTISING. PRIOR RESULTS DO NOT GUARANTEE SIMILAR OUTCOMES.","['alphabet alert bragar eagel squire, p.c', 'announces that a class action lawsuit has been filed against alphabet inc', 'and encourages investors to contact the firm', 'new york--business wire--bragar eagel squire, p.c., a nationally recognized stockholder rights law firm, announces that a class action lawsuit has been filed against alphabet inc', 'alphabet or the company nasdaq goog, googl in the united states district court for the northern district of california on behalf of all persons and entities who purchased or otherwise acquired alphabet securities between february 4, 2020 and january 23, 2023, both dates inclusive the class period', 'investors have until may 15, 2023 to apply to the court to be appointed as lead plaintiff in the lawsuit', 'click here to participate in the action', 'alphabet is a multinational technology conglomerate holding company', 'it was created through a restructuring of google inc', 'in october 2015, at which point alphabet became the parent company of google and several former google subsidiaries', 'alphabet is headquartered in mountain view, california and incorporated in delaware', 'the companys class a and class c shares trade on the nasdaq under the ticker symbols googl and goog, respectively', 'alphabets subsidiary google is a dominant player in the field of digital advertising, to the extent that it controls the digital tools that every major website publisher uses to sell advertising space on their websites', 'in recent years, googles dominance in this industry has drawn regulatory scrutiny', 'in july 2018, the european commission ec fined google 2.42 billion for promoting its own shopping comparison service at the top of its search results', 'less than a year later, in march 2019, the ec fined google 1.49 billion for preventing rivals from being able to compete and innovate fairly in the online advertising market', 'in june 2019, the u.s', 'department of justice doj reported that it would investigate google for antitrust violations', 'then, in october 2020, the doj filed an antitrust lawsuit against google, alleging that it had abused a monopoly position in the search and search advertising markets', 'throughout the class period, defendants made materially false and misleading statements regarding the companys business, operations, and compliance policies', 'specifically, defendants made false andor misleading statements andor failed to disclose that i alphabet used its dominance in the field of digital advertising to disadvantage website publishers and advertisers who used competing advertising products ii the foregoing conduct was anticompetitive in nature and likely to draw significant regulatory scrutiny iii alphabets revenues were unsustainable to the extent that they were the product of said anticompetitive conduct iv alphabets conduct, once revealed, would negatively impact the companys reputation and expose it to a heightened risk of litigation and regulatory enforcement action and v as a result, the companys public statements were materially false and misleading at all relevant times', 'on january 24, 2023, the u.s', 'department of justice and eight states filed an antitrust lawsuit against alphabets google subsidiary, accusing google of illegally abusing its dominance in digital advertising and violating the sherman antitrust act', 'the lawsuit alleges, among other things, that google abuses its monopoly power to disadvantage website publishers and advertisers who dare to use competing ad tech products in a search for higher quality, or lower cost, matches', 'on this news, alphabets class a shares fell $2.09 per share, or 2.09 percent, to close at $97.70 per share, while its class c shares fell $2.00 per share, or 1.98 percent, to close at $99.21 per share, on january 24, 2023 as a result of defendants wrongful acts and omissions, and the precipitous decline in the market value of the companys securities, plaintiff and other class members have suffered significant losses and damages', 'if you purchased or otherwise acquired alphabet shares and suffered a loss, are a long-term stockholder, have information, would like to learn more about these claims, or have any questions concerning this announcement or your rights or interests with respect to these matters, please contact brandon walker or marion passmore by email at investigationsbespc.com, telephone at 212 355-4648, or by filling out this contact form', 'there is no cost or obligation to you', 'about bragar eagel squire, p.c', 'bragar eagel squire, p.c', 'is a nationally recognized law firm with offices in new york, california, and south carolina', 'the firm represents individual and institutional investors in commercial, securities, derivative, and other complex litigation in state and federal courts across the country', 'for more information about the firm, please visit attorney advertising', 'prior results do not guarantee similar outcomes.']",neutral,0.0202363636363636,weakly_negative,weakly_negative
20-03-2023,"GLANCY PRONGAY & MURRAY LLP, A LEADING SECURITIES FRAUD LAW FIRM, ANNOUNCES INVESTIGATION OF ALPHABET INC. (GOOG, GOOGL) ON BEHALF OF INVESTORS","LOS ANGELES--(BUSINESS WIRE)--GLANCY PRONGAY & MURRAY LLP (“GPM”), A LEADING NATIONAL SHAREHOLDER RIGHTS LAW FIRM, TODAY ANNOUNCED THAT IT HAS COMMENCED AN INVESTIGATION ON BEHALF OF ALPHABET INC. (“ALPHABET” OR THE “COMPANY”) (NASDAQ: GOOG, GOOGL) INVESTORS CONCERNING THE COMPANY'S POSSIBLE VIOLATIONS OF THE FEDERAL SECURITIES LAWS.","GLANCY PRONGAY & MURRAY LLP, A LEADING SECURITIES FRAUD LAW FIRM, ANNOUNCES INVESTIGATION OF ALPHABET INC. (GOOG, GOOGL) ON BEHALF OF INVESTORS. LOS ANGELES--(BUSINESS WIRE)--GLANCY PRONGAY & MURRAY LLP (“GPM”), A LEADING NATIONAL SHAREHOLDER RIGHTS LAW FIRM, TODAY ANNOUNCED THAT IT HAS COMMENCED AN INVESTIGATION ON BEHALF OF ALPHABET INC. (“ALPHABET” OR THE “COMPANY”) (NASDAQ: GOOG, GOOGL) INVESTORS CONCERNING THE COMPANY'S POSSIBLE VIOLATIONS OF THE FEDERAL SECURITIES LAWS.","['glancy prongay murray llp, a leading securities fraud law firm, announces investigation of alphabet inc', 'goog, googl on behalf of investors', 'los angeles--business wire--glancy prongay murray llp gpm, a leading national shareholder rights law firm, today announced that it has commenced an investigation on behalf of alphabet inc', ""alphabet or the company nasdaq goog, googl investors concerning the company's possible violations of the federal securities laws.""]",weakly_negative,-0.16945,weakly_negative,weakly_negative
18-03-2023,"GOOG, GOOGL EQUITY ALERT: ROSEN, NATIONAL TRIAL LAWYERS, ENCOURAGES ALPHABET INC. INVESTORS WITH LOSSES IN EXCESS OF $100K TO SECURE COUNSEL BEFORE IMPORTANT DEADLINE IN SECURITIES CLASS ACTION - GOOG, GOOGL","NEW YORK , MARCH 18, 2023 /PRNEWSWIRE/ --  WHY: ROSEN LAW FIRM, A GLOBAL INVESTOR RIGHTS LAW FIRM, ANNOUNCES THE FILING OF A CLASS ACTION LAWSUIT ON BEHALF OF PURCHASERS OF SECURITIES OF ALPHABET INC. (NASDAQ: GOOG, GOOGL), THE PARENT COMPANY OF GOOGLE, BETWEEN FEBRUARY 4, 2020 AND JANUARY 23, 2023, BOTH DATES INCLUSIVE (THE ""CLASS PERIOD""). A CLASS ACTION LAWSUIT HAS ALREADY BEEN FILED.","GOOG, GOOGL EQUITY ALERT: ROSEN, NATIONAL TRIAL LAWYERS, ENCOURAGES ALPHABET INC. INVESTORS WITH LOSSES IN EXCESS OF $100K TO SECURE COUNSEL BEFORE IMPORTANT DEADLINE IN SECURITIES CLASS ACTION - GOOG, GOOGL. NEW YORK , MARCH 18, 2023 /PRNEWSWIRE/ --  WHY: ROSEN LAW FIRM, A GLOBAL INVESTOR RIGHTS LAW FIRM, ANNOUNCES THE FILING OF A CLASS ACTION LAWSUIT ON BEHALF OF PURCHASERS OF SECURITIES OF ALPHABET INC. (NASDAQ: GOOG, GOOGL), THE PARENT COMPANY OF GOOGLE, BETWEEN FEBRUARY 4, 2020 AND JANUARY 23, 2023, BOTH DATES INCLUSIVE (THE ""CLASS PERIOD""). A CLASS ACTION LAWSUIT HAS ALREADY BEEN FILED.","['goog, googl equity alert rosen, national trial lawyers, encourages alphabet inc', 'investors with losses in excess of $100k to secure counsel before important deadline in securities class action - goog, googl', 'new york , march 18, 2023 prnewswire -- why rosen law firm, a global investor rights law firm, announces the filing of a class action lawsuit on behalf of purchasers of securities of alphabet inc', 'nasdaq goog, googl, the parent company of google, between february 4, 2020 and january 23, 2023, both dates inclusive the class period', 'a class action lawsuit has already been filed.']",weakly_positive,0.1755399999999999,weakly_positive,weakly_positive
17-03-2023,"SHAREHOLDER ALERT: ROBBINS LLP INFORMS INVESTORS OF CLASS ACTION AGAINST ALPHABET, INC. (GOOG, GOOGL)",SAN DIEGO--(BUSINESS WIRE)---- $GOOG #ALPHABETINC--ALPHABET INC.,"SHAREHOLDER ALERT: ROBBINS LLP INFORMS INVESTORS OF CLASS ACTION AGAINST ALPHABET, INC. (GOOG, GOOGL). SAN DIEGO--(BUSINESS WIRE)---- $GOOG #ALPHABETINC--ALPHABET INC.","['shareholder alert robbins llp informs investors of class action against alphabet, inc', 'goog, googl', 'san diego--business wire---- $goog alphabetinc--alphabet inc.']",weakly_positive,0.0986666666666666,weakly_positive,weakly_positive
17-03-2023,"INVESTOR ALERT: LAW OFFICES OF HOWARD G. SMITH ANNOUNCES INVESTIGATION OF ALPHABET INC. (GOOG, GOOGL) ON BEHALF OF INVESTORS","BENSALEM, PA.--(BUSINESS WIRE)--LAW OFFICES OF HOWARD G. SMITH ANNOUNCES AN INVESTIGATION ON BEHALF OF ALPHABET INC. (“ALPHABET” OR THE “COMPANY”) (NASDAQ: GOOG, GOOGL) INVESTORS CONCERNING THE COMPANY'S POSSIBLE VIOLATIONS OF FEDERAL SECURITIES LAWS. ON JANUARY 24, 2023, THE U.S.","INVESTOR ALERT: LAW OFFICES OF HOWARD G. SMITH ANNOUNCES INVESTIGATION OF ALPHABET INC. (GOOG, GOOGL) ON BEHALF OF INVESTORS. BENSALEM, PA.--(BUSINESS WIRE)--LAW OFFICES OF HOWARD G. SMITH ANNOUNCES AN INVESTIGATION ON BEHALF OF ALPHABET INC. (“ALPHABET” OR THE “COMPANY”) (NASDAQ: GOOG, GOOGL) INVESTORS CONCERNING THE COMPANY'S POSSIBLE VIOLATIONS OF FEDERAL SECURITIES LAWS. ON JANUARY 24, 2023, THE U.S.","['investor alert law offices of howard g', 'smith announces investigation of alphabet inc', 'goog, googl on behalf of investors', 'bensalem, pa.--business wire--law offices of howard g', 'smith announces an investigation on behalf of alphabet inc', ""alphabet or the company nasdaq goog, googl investors concerning the company's possible violations of federal securities laws"", 'on january 24, 2023, the u.s.']",neutral,0.0,weakly_positive,weakly_positive
17-03-2023,"THE LAW OFFICES OF FRANK R. CRUZ ANNOUNCES INVESTIGATION OF ALPHABET INC. (GOOG, GOOGL) ON BEHALF OF INVESTORS","LOS ANGELES--(BUSINESS WIRE)--THE LAW OFFICES OF FRANK R. CRUZ ANNOUNCES AN INVESTIGATION OF ALPHABET INC. (“ALPHABET” OR THE “COMPANY”) (NASDAQ: GOOG, GOOGL) ON BEHALF OF INVESTORS CONCERNING THE COMPANY'S POSSIBLE VIOLATIONS OF FEDERAL SECURITIES LAWS. IF YOU ARE A SHAREHOLDER WHO SUFFERED A LOSS, CLICK HERE TO PARTICIPATE. ON JANUARY 24, 2023, THE U.S.","THE LAW OFFICES OF FRANK R. CRUZ ANNOUNCES INVESTIGATION OF ALPHABET INC. (GOOG, GOOGL) ON BEHALF OF INVESTORS. LOS ANGELES--(BUSINESS WIRE)--THE LAW OFFICES OF FRANK R. CRUZ ANNOUNCES AN INVESTIGATION OF ALPHABET INC. (“ALPHABET” OR THE “COMPANY”) (NASDAQ: GOOG, GOOGL) ON BEHALF OF INVESTORS CONCERNING THE COMPANY'S POSSIBLE VIOLATIONS OF FEDERAL SECURITIES LAWS. IF YOU ARE A SHAREHOLDER WHO SUFFERED A LOSS, CLICK HERE TO PARTICIPATE. ON JANUARY 24, 2023, THE U.S.","['the law offices of frank r', 'cruz announces investigation of alphabet inc', 'goog, googl on behalf of investors', 'los angeles--business wire--the law offices of frank r', 'cruz announces an investigation of alphabet inc', ""alphabet or the company nasdaq goog, googl on behalf of investors concerning the company's possible violations of federal securities laws"", 'if you are a shareholder who suffered a loss, click here to participate', 'on january 24, 2023, the u.s.']",weakly_negative,-0.1208124999999999,weakly_positive,weakly_positive
17-03-2023,"GOOG, GOOGL EQUITY ALERT: ROSEN, SKILLED INVESTOR COUNSEL, ENCOURAGES ALPHABET INC. INVESTORS WITH LOSSES IN EXCESS OF $100K TO SECURE COUNSEL BEFORE IMPORTANT DEADLINE IN SECURITIES CLASS ACTION – GOOG, GOOGL","NEW YORK--(BUSINESS WIRE)--WHY: ROSEN LAW FIRM, A GLOBAL INVESTOR RIGHTS LAW FIRM, ANNOUNCES THE FILING OF A CLASS ACTION LAWSUIT ON BEHALF OF PURCHASERS OF SECURITIES OF ALPHABET INC., THE PARENT COMPANY OF GOOGLE, (NASDAQ: GOOG, GOOGL) BETWEEN FEBRUARY 4, 2020 AND JANUARY 23, 2023, BOTH DATES INCLUSIVE (THE “CLASS PERIOD”). A CLASS ACTION LAWSUIT HAS ALREADY BEEN FILED. IF YOU WISH TO SERVE AS LEAD PLAINTIFF, YOU MUST MOVE THE COURT NO LATER THAN MAY 15, 2023.","GOOG, GOOGL EQUITY ALERT: ROSEN, SKILLED INVESTOR COUNSEL, ENCOURAGES ALPHABET INC. INVESTORS WITH LOSSES IN EXCESS OF $100K TO SECURE COUNSEL BEFORE IMPORTANT DEADLINE IN SECURITIES CLASS ACTION – GOOG, GOOGL. NEW YORK--(BUSINESS WIRE)--WHY: ROSEN LAW FIRM, A GLOBAL INVESTOR RIGHTS LAW FIRM, ANNOUNCES THE FILING OF A CLASS ACTION LAWSUIT ON BEHALF OF PURCHASERS OF SECURITIES OF ALPHABET INC., THE PARENT COMPANY OF GOOGLE, (NASDAQ: GOOG, GOOGL) BETWEEN FEBRUARY 4, 2020 AND JANUARY 23, 2023, BOTH DATES INCLUSIVE (THE “CLASS PERIOD”). A CLASS ACTION LAWSUIT HAS ALREADY BEEN FILED. IF YOU WISH TO SERVE AS LEAD PLAINTIFF, YOU MUST MOVE THE COURT NO LATER THAN MAY 15, 2023.","['goog, googl equity alert rosen, skilled investor counsel, encourages alphabet inc', 'investors with losses in excess of $100k to secure counsel before important deadline in securities class action goog, googl', 'new york--business wire--why rosen law firm, a global investor rights law firm, announces the filing of a class action lawsuit on behalf of purchasers of securities of alphabet inc., the parent company of google, nasdaq goog, googl between february 4, 2020 and january 23, 2023, both dates inclusive the class period', 'a class action lawsuit has already been filed', 'if you wish to serve as lead plaintiff, you must move the court no later than may 15, 2023.']",weakly_positive,0.20114,weakly_positive,weakly_positive
17-03-2023,"SHAREHOLDER ACTION REMINDER: THE SCHALL LAW FIRM ENCOURAGES INVESTORS IN ALPHABET INC. WITH LOSSES OF $100,000 TO CONTACT THE FIRM",LOS ANGELES--(BUSINESS WIRE)---- $GOOG #GOOG--THE SCHALL LAW FIRM ENCOURAGES INVESTORS IN ALPHABET INC.,"SHAREHOLDER ACTION REMINDER: THE SCHALL LAW FIRM ENCOURAGES INVESTORS IN ALPHABET INC. WITH LOSSES OF $100,000 TO CONTACT THE FIRM. LOS ANGELES--(BUSINESS WIRE)---- $GOOG #GOOG--THE SCHALL LAW FIRM ENCOURAGES INVESTORS IN ALPHABET INC.","['shareholder action reminder the schall law firm encourages investors in alphabet inc', 'with losses of $100,000 to contact the firm', 'los angeles--business wire---- $goog goog--the schall law firm encourages investors in alphabet inc.']",weakly_positive,0.1596333333333333,weakly_positive,weakly_positive
16-03-2023,"SHAREHOLDER ACTION ALERT: THE SCHALL LAW FIRM ENCOURAGES INVESTORS IN ALPHABET INC. WITH LOSSES OF $100,000 TO CONTACT THE FIRM",LOS ANGELES--(BUSINESS WIRE)---- $GOOG #GOOG--THE SCHALL LAW FIRM ENCOURAGES INVESTORS IN ALPHABET INC.,"SHAREHOLDER ACTION ALERT: THE SCHALL LAW FIRM ENCOURAGES INVESTORS IN ALPHABET INC. WITH LOSSES OF $100,000 TO CONTACT THE FIRM. LOS ANGELES--(BUSINESS WIRE)---- $GOOG #GOOG--THE SCHALL LAW FIRM ENCOURAGES INVESTORS IN ALPHABET INC.","['shareholder action alert the schall law firm encourages investors in alphabet inc', 'with losses of $100,000 to contact the firm', 'los angeles--business wire---- $goog goog--the schall law firm encourages investors in alphabet inc.']",weakly_positive,0.2211333333333333,weakly_positive,weakly_positive
13-03-2023,SHAREHOLDER ALERT: POMERANTZ LAW FIRM INVESTIGATES CLAIMS ON BEHALF OF INVESTORS OF ALPHABET INC. - GOOG,"NEW YORK , MARCH 13, 2023 /PRNEWSWIRE/ -- POMERANTZ LLP IS INVESTIGATING CLAIMS ON BEHALF OF INVESTORS OF ALPHABET INC. (""ALPHABET"" OR THE ""COMPANY"") (NASDAQ: GOOG). SUCH INVESTORS ARE ADVISED TO CONTACT ROBERT S.","SHAREHOLDER ALERT: POMERANTZ LAW FIRM INVESTIGATES CLAIMS ON BEHALF OF INVESTORS OF ALPHABET INC. - GOOG. NEW YORK , MARCH 13, 2023 /PRNEWSWIRE/ -- POMERANTZ LLP IS INVESTIGATING CLAIMS ON BEHALF OF INVESTORS OF ALPHABET INC. (""ALPHABET"" OR THE ""COMPANY"") (NASDAQ: GOOG). SUCH INVESTORS ARE ADVISED TO CONTACT ROBERT S.","['shareholder alert pomerantz law firm investigates claims on behalf of investors of alphabet inc', '- goog', 'new york , march 13, 2023 prnewswire -- pomerantz llp is investigating claims on behalf of investors of alphabet inc', 'alphabet or the company nasdaq goog', 'such investors are advised to contact robert s.']",weakly_positive,0.0591999999999999,weakly_positive,weakly_positive
08-03-2023,"SADA, A LEADING GLOBAL SERVICES PROVIDER & GOOGLE CLOUD PARTNER, ACTIVATES ITS PRESENCE IN THE UNITED KINGDOM AND IRELAND","LONDON--(BUSINESS WIRE)--SADA, A LEADING BUSINESS AND TECHNOLOGY CONSULTANCY AND AWARD-WINNING GOOGLE CLOUD PARTNER, ANNOUNCED IT HAS FORMALLY ACTIVATED ITS PRESENCE IN THE UNITED KINGDOM AND IRELAND (UKI), FOLLOWING ITS OFFICIAL EXPANSION IN THE AREA IN THE SUMMER OF 2022.","SADA, A LEADING GLOBAL SERVICES PROVIDER & GOOGLE CLOUD PARTNER, ACTIVATES ITS PRESENCE IN THE UNITED KINGDOM AND IRELAND. LONDON--(BUSINESS WIRE)--SADA, A LEADING BUSINESS AND TECHNOLOGY CONSULTANCY AND AWARD-WINNING GOOGLE CLOUD PARTNER, ANNOUNCED IT HAS FORMALLY ACTIVATED ITS PRESENCE IN THE UNITED KINGDOM AND IRELAND (UKI), FOLLOWING ITS OFFICIAL EXPANSION IN THE AREA IN THE SUMMER OF 2022.","['sada, a leading global services provider google cloud partner, activates its presence in the united kingdom and ireland', 'london--business wire--sada, a leading business and technology consultancy and award-winning google cloud partner, announced it has formally activated its presence in the united kingdom and ireland uki, following its official expansion in the area in the summer of 2022.']",weakly_positive,0.4215,weakly_positive,weakly_positive
01-03-2023,THALES REINFORCES ITS ESIM MANAGEMENT LEADERSHIP WITH GOOGLE CLOUD CERTIFIED AND ENERGY EFFICIENT SERVICES,"PARIS LA DÉFENSE--(BUSINESS WIRE)-- #THALESIDWALLET--THALES, THE WORLD LEADER IN ESIM MANAGEMENT, SUPPORTS THE GROWTH OF ESIM-ENABLED CONSUMER AND INDUSTRIAL DEVICES WITH GOOGLE CLOUD EXPERTISE. THALES' PIONEERING CLOUD SOLUTION COMBINES ITS OWN SECURITY ASSETS WITH GOOGLE'S CLOUD PRESENCE IN 200 COUNTRIES TO PROVIDE ENHANCED SECURITY, FLEXIBILITY, AND SERVICE AVAILABILITY TO MNOS. REMOTE ESIM ACTIVATION, ANYTIME AND ANYWHERE BY 2025, THE NUMBER OF ESIM CONNECTIONS IS ESTIMATED TO REACH CLOSE TO 9 BILLION1.","THALES REINFORCES ITS ESIM MANAGEMENT LEADERSHIP WITH GOOGLE CLOUD CERTIFIED AND ENERGY EFFICIENT SERVICES. PARIS LA DÉFENSE--(BUSINESS WIRE)-- #THALESIDWALLET--THALES, THE WORLD LEADER IN ESIM MANAGEMENT, SUPPORTS THE GROWTH OF ESIM-ENABLED CONSUMER AND INDUSTRIAL DEVICES WITH GOOGLE CLOUD EXPERTISE. THALES' PIONEERING CLOUD SOLUTION COMBINES ITS OWN SECURITY ASSETS WITH GOOGLE'S CLOUD PRESENCE IN 200 COUNTRIES TO PROVIDE ENHANCED SECURITY, FLEXIBILITY, AND SERVICE AVAILABILITY TO MNOS. REMOTE ESIM ACTIVATION, ANYTIME AND ANYWHERE BY 2025, THE NUMBER OF ESIM CONNECTIONS IS ESTIMATED TO REACH CLOSE TO 9 BILLION1.","['thales reinforces its esim management leadership with google cloud certified and energy efficient services', 'paris la dfense--business wire-- thalesidwallet--thales, the world leader in esim management, supports the growth of esim-enabled consumer and industrial devices with google cloud expertise', ""thales' pioneering cloud solution combines its own security assets with google's cloud presence in 200 countries to provide enhanced security, flexibility, and service availability to mnos"", 'remote esim activation, anytime and anywhere by 2025, the number of esim connections is estimated to reach close to 9 billion1.']",strongly_positive,0.543775,strongly_positive,strongly_positive
22-02-2023,MERCEDES-BENZ AND GOOGLE JOIN FORCES TO CREATE NEXT-GENERATION NAVIGATION EXPERIENCE,"MERCEDES-BENZ PLANS TO BUILD ITS OWN BRANDED NAVIGATION USING NEW IN-CAR GEOSPATIAL DATA AND NAVIGATION CAPABILITIES FROM GOOGLE MAPS PLATFORM. THE PARTNERSHIP ENABLES MERCEDES-BENZ TO CREATE A DRIVING EXPERIENCE THAT PAIRS THE TRUSTED, RELIABLE INFORMATION FROM GOOGLE MAPS WITH ITS OWN UNIQUE LUXURY BRAND AND FEEL.","MERCEDES-BENZ AND GOOGLE JOIN FORCES TO CREATE NEXT-GENERATION NAVIGATION EXPERIENCE. MERCEDES-BENZ PLANS TO BUILD ITS OWN BRANDED NAVIGATION USING NEW IN-CAR GEOSPATIAL DATA AND NAVIGATION CAPABILITIES FROM GOOGLE MAPS PLATFORM. THE PARTNERSHIP ENABLES MERCEDES-BENZ TO CREATE A DRIVING EXPERIENCE THAT PAIRS THE TRUSTED, RELIABLE INFORMATION FROM GOOGLE MAPS WITH ITS OWN UNIQUE LUXURY BRAND AND FEEL.","['mercedes-benz and google join forces to create next-generation navigation experience', 'mercedes-benz plans to build its own branded navigation using new in-car geospatial data and navigation capabilities from google maps platform', 'the partnership enables mercedes-benz to create a driving experience that pairs the trusted, reliable information from google maps with its own unique luxury brand and feel.']",weakly_positive,0.3825,weakly_positive,weakly_positive
15-02-2023,"BRONSTEIN, GEWIRTZ & GROSSMAN, LLC NOTIFIES ALPHABET INC. (GOOG) INVESTORS OF INVESTIGATION","NEW YORK--(BUSINESS WIRE)---- $GOOG #CLASSACTION--ATTORNEY ADVERTISING--BRONSTEIN, GEWIRTZ & GROSSMAN, LLC IS INVESTIGATING POTENTIAL CLAIMS ON BEHALF OF INVESTORS OF ALPHABET INC. (“ALPHABET” OR “THE COMPANY”) (NASDAQ: GOOG). ALPHABET INVESTORS ARE ENCOURAGED TO OBTAIN ADDITIONAL INFORMATION AND ASSIST THE INVESTIGATION BY VISITING THE FIRM'S SITE: WWW.BGANDG.COM/GOOG. THE INVESTIGATION CONCERNS WHETHER ALPHABET VIOLATED FEDERAL SECURITIES LAWS. ON JANUARY 24, 2023, THE U.S.","BRONSTEIN, GEWIRTZ & GROSSMAN, LLC NOTIFIES ALPHABET INC. (GOOG) INVESTORS OF INVESTIGATION. NEW YORK--(BUSINESS WIRE)---- $GOOG #CLASSACTION--ATTORNEY ADVERTISING--BRONSTEIN, GEWIRTZ & GROSSMAN, LLC IS INVESTIGATING POTENTIAL CLAIMS ON BEHALF OF INVESTORS OF ALPHABET INC. (“ALPHABET” OR “THE COMPANY”) (NASDAQ: GOOG). ALPHABET INVESTORS ARE ENCOURAGED TO OBTAIN ADDITIONAL INFORMATION AND ASSIST THE INVESTIGATION BY VISITING THE FIRM'S SITE: WWW.BGANDG.COM/GOOG. THE INVESTIGATION CONCERNS WHETHER ALPHABET VIOLATED FEDERAL SECURITIES LAWS. ON JANUARY 24, 2023, THE U.S.","['bronstein, gewirtz grossman, llc notifies alphabet inc', 'goog investors of investigation', 'new york--business wire---- $goog classaction--attorney advertising--bronstein, gewirtz grossman, llc is investigating potential claims on behalf of investors of alphabet inc', 'alphabet or the company nasdaq goog', ""alphabet investors are encouraged to obtain additional information and assist the investigation by visiting the firm's site the investigation concerns whether alphabet violated federal securities laws"", 'on january 24, 2023, the u.s.']",neutral,0.0128666666666666,neutral,neutral
16-01-2023,"REVIEVE ANNOUNCES NEW GLOBAL STRATEGIC PARTNERSHIP WITH GOOGLE CLOUD TO HELP RETAILERS AND BRANDS PERSONALIZE SKINCARE, MAKEUP, BEAUTY AND WELLNESS EXPERIENCES","HELSINKI & CHICAGO--( BUSINESS WIRE )--REVIEVE®, A PERSONALIZED DIGITAL BRAND EXPERIENCE COMPANY WORKING WITH GLOBAL BRANDS, RETAILERS AND DIGITAL SERVICES PROVIDERS IN THE BEAUTY, SKIN, HEALTH AND WELLNESS CATEGORIES, TODAY ANNOUNCED A GLOBAL STRATEGIC PARTNERSHIP WITH GOOGLE CLOUD ENABLING THE BEAUTY INDUSTRY TO DELIVER PERSONALIZED EXPERIENCE SOLUTIONS THROUGH ITS ENTERPRISE-GRADE BEAUTY AND WELLNESS TECHNOLOGY CROSS-CATEGORY, CROSS-CHANNEL, AND THROUGHOUT THE CUSTOMER JOURNEY.","REVIEVE ANNOUNCES NEW GLOBAL STRATEGIC PARTNERSHIP WITH GOOGLE CLOUD TO HELP RETAILERS AND BRANDS PERSONALIZE SKINCARE, MAKEUP, BEAUTY AND WELLNESS EXPERIENCES. HELSINKI & CHICAGO--( BUSINESS WIRE )--REVIEVE®, A PERSONALIZED DIGITAL BRAND EXPERIENCE COMPANY WORKING WITH GLOBAL BRANDS, RETAILERS AND DIGITAL SERVICES PROVIDERS IN THE BEAUTY, SKIN, HEALTH AND WELLNESS CATEGORIES, TODAY ANNOUNCED A GLOBAL STRATEGIC PARTNERSHIP WITH GOOGLE CLOUD ENABLING THE BEAUTY INDUSTRY TO DELIVER PERSONALIZED EXPERIENCE SOLUTIONS THROUGH ITS ENTERPRISE-GRADE BEAUTY AND WELLNESS TECHNOLOGY CROSS-CATEGORY, CROSS-CHANNEL, AND THROUGHOUT THE CUSTOMER JOURNEY.","['revieve announces new global strategic partnership with google cloud to help retailers and brands personalize skincare, makeup, beauty and wellness experiences', 'helsinki chicago-- business wire --revieve, a personalized digital brand experience company working with global brands, retailers and digital services providers in the beauty, skin, health and wellness categories, today announced a global strategic partnership with google cloud enabling the beauty industry to deliver personalized experience solutions through its enterprise-grade beauty and wellness technology cross-category, cross-channel, and throughout the customer journey.']",strongly_positive,0.90665,strongly_positive,strongly_positive
13-01-2023,GOOGLE CLOUD UNVEILS NEW AI TOOLS FOR RETAILERS,"STATE-OF-THE-ART SHELF CHECKING AI SOLUTION UTILIZES GOOGLE'S RECOGNITION OF BILLIONS OF PRODUCTS GOOGLE CLOUD'S DISCOVERY AI SOLUTIONS LAUNCHES NEW AI FEATURES TO POWER ECOMMERCE SITES WITH MODERN BROWSING CAPABILITIES, PERSONALIZED SHOPPING EXPERIENCES, AND BETTER PRODUCT RECOMMENDATIONS NEW YORK , JAN. 13, 2023 /PRNEWSWIRE/ -- AHEAD OF NRF 2023 , THE RETAIL INDUSTRY'S LARGEST EVENT, GOOGLE CLOUD TODAY INTRODUCED FOUR NEW AND UPDATED AI TECHNOLOGIES TO HELP RETAILERS TRANSFORM THEIR IN-STORE SHELF CHECKING PROCESSES AND ENHANCE THEIR ECOMMERCE SITES WITH MORE FLUID AND NATURAL ONLINE SHOPPING EXPERIENCES FOR CUSTOMERS. A NEW SHELF CHECKING AI SOLUTION, BUILT ON GOOGLE CLOUD'S  VERTEX AI VISION , UTILIZES GOOGLE'S DATABASE OF FACTS ABOUT PEOPLE, PLACES AND THINGS, GIVING RETAILERS THE ABILITY TO RECOGNIZE BILLIONS OF PRODUCTS TO ENSURE IN-STORE SHELVES ARE RIGHT-SIZED AND WELL-STOCKED.","GOOGLE CLOUD UNVEILS NEW AI TOOLS FOR RETAILERS. STATE-OF-THE-ART SHELF CHECKING AI SOLUTION UTILIZES GOOGLE'S RECOGNITION OF BILLIONS OF PRODUCTS GOOGLE CLOUD'S DISCOVERY AI SOLUTIONS LAUNCHES NEW AI FEATURES TO POWER ECOMMERCE SITES WITH MODERN BROWSING CAPABILITIES, PERSONALIZED SHOPPING EXPERIENCES, AND BETTER PRODUCT RECOMMENDATIONS NEW YORK , JAN. 13, 2023 /PRNEWSWIRE/ -- AHEAD OF NRF 2023 , THE RETAIL INDUSTRY'S LARGEST EVENT, GOOGLE CLOUD TODAY INTRODUCED FOUR NEW AND UPDATED AI TECHNOLOGIES TO HELP RETAILERS TRANSFORM THEIR IN-STORE SHELF CHECKING PROCESSES AND ENHANCE THEIR ECOMMERCE SITES WITH MORE FLUID AND NATURAL ONLINE SHOPPING EXPERIENCES FOR CUSTOMERS. A NEW SHELF CHECKING AI SOLUTION, BUILT ON GOOGLE CLOUD'S  VERTEX AI VISION , UTILIZES GOOGLE'S DATABASE OF FACTS ABOUT PEOPLE, PLACES AND THINGS, GIVING RETAILERS THE ABILITY TO RECOGNIZE BILLIONS OF PRODUCTS TO ENSURE IN-STORE SHELVES ARE RIGHT-SIZED AND WELL-STOCKED.","['google cloud unveils new ai tools for retailers', ""state-of-the-art shelf checking ai solution utilizes google's recognition of billions of products google cloud's discovery ai solutions launches new ai features to power ecommerce sites with modern browsing capabilities, personalized shopping experiences, and better product recommendations new york , jan"", ""13, 2023 prnewswire -- ahead of nrf 2023 , the retail industry's largest event, google cloud today introduced four new and updated ai technologies to help retailers transform their in-store shelf checking processes and enhance their ecommerce sites with more fluid and natural online shopping experiences for customers"", ""a new shelf checking ai solution, built on google cloud's vertex ai vision , utilizes google's database of facts about people, places and things, giving retailers the ability to recognize billions of products to ensure in-store shelves are right-sized and well-stocked.""]",strongly_positive,0.5596749999999999,weakly_positive,weakly_positive
13-01-2023,"TECH MAHINDRA ESTABLISHES A GOOGLE CLOUD DELIVERY CENTER IN GUADALAJARA, MEXICO","GUADALAJARA, MEXICO & DALLAS & NEW DELHI--( BUSINESS WIRE )--TECH MAHINDRA, A LEADING PROVIDER OF DIGITAL TRANSFORMATION, CONSULTING, AND BUSINESS RE-ENGINEERING SERVICES & SOLUTIONS, TODAY ANNOUNCED THE ESTABLISHMENT OF ITS DELIVERY CENTER FOR GOOGLE CLOUD IN GUADALAJARA, MEXICO. THE CENTER WILL BE DEDICATED TO GOOGLE CLOUD-CENTRIC SOLUTIONS THAT ENABLE CUSTOMERS TO MODERNIZE INFRASTRUCTURE AND MANAGE WORKLOADS WITH DIFFERENTIATED ACCELERATORS, CLOUD NATIVE AND OPEN-SOURCE TECHNOLOGIES.","TECH MAHINDRA ESTABLISHES A GOOGLE CLOUD DELIVERY CENTER IN GUADALAJARA, MEXICO. GUADALAJARA, MEXICO & DALLAS & NEW DELHI--( BUSINESS WIRE )--TECH MAHINDRA, A LEADING PROVIDER OF DIGITAL TRANSFORMATION, CONSULTING, AND BUSINESS RE-ENGINEERING SERVICES & SOLUTIONS, TODAY ANNOUNCED THE ESTABLISHMENT OF ITS DELIVERY CENTER FOR GOOGLE CLOUD IN GUADALAJARA, MEXICO. THE CENTER WILL BE DEDICATED TO GOOGLE CLOUD-CENTRIC SOLUTIONS THAT ENABLE CUSTOMERS TO MODERNIZE INFRASTRUCTURE AND MANAGE WORKLOADS WITH DIFFERENTIATED ACCELERATORS, CLOUD NATIVE AND OPEN-SOURCE TECHNOLOGIES.","['tech mahindra establishes a google cloud delivery center in guadalajara, mexico', 'guadalajara, mexico dallas new delhi-- business wire --tech mahindra, a leading provider of digital transformation, consulting, and business re-engineering services solutions, today announced the establishment of its delivery center for google cloud in guadalajara, mexico', 'the center will be dedicated to google cloud-centric solutions that enable customers to modernize infrastructure and manage workloads with differentiated accelerators, cloud native and open-source technologies.']",weakly_positive,0.2499333333333333,weakly_positive,weakly_positive
12-12-2022,KRISTEN GIL JOINS UNITEDHEALTH GROUP BOARD OF DIRECTORS,"MINNETONKA, MINN.--( BUSINESS WIRE )--UNITEDHEALTH GROUP (NYSE: UNH) ANNOUNCED KRISTEN GIL OF ALPHABET INC. (NASDAQ: GOOG) HAS BEEN APPOINTED TO ITS BOARD OF DIRECTORS, EFFECTIVE IMMEDIATELY.","KRISTEN GIL JOINS UNITEDHEALTH GROUP BOARD OF DIRECTORS. MINNETONKA, MINN.--( BUSINESS WIRE )--UNITEDHEALTH GROUP (NYSE: UNH) ANNOUNCED KRISTEN GIL OF ALPHABET INC. (NASDAQ: GOOG) HAS BEEN APPOINTED TO ITS BOARD OF DIRECTORS, EFFECTIVE IMMEDIATELY.","['kristen gil joins unitedhealth group board of directors', 'minnetonka, minn.-- business wire --unitedhealth group nyse unh announced kristen gil of alphabet inc', 'nasdaq goog has been appointed to its board of directors, effective immediately.']",weakly_positive,0.1589,weakly_positive,weakly_positive
09-12-2022,OUTDEFINE RAISES $2.5 MILLION TO BUILD A DECENTRALIZED TALENT COMMUNITY,"SAN FRANCISCO--( BUSINESS WIRE )--OUTDEFINE, A SAN FRANCISCO-BASED STARTUP, ANNOUNCED ITS $2.5 MILLION FUNDRAISE TO BUILD A DECENTRALIZED HIRING COMMUNITY FOR WEB3 TALENT. THE ROUND WAS LED BY WEB3 INVESTORS TCG CRYPTO AND JUMP CRYPTO, WITH PARTICIPATION FROM BIG BRAIN HOLDINGS, FORMLESS CAPITAL, BLOCORE, MASK ECO FUND, CRYPTO ANGELS, AND SYNDICATES.","OUTDEFINE RAISES $2.5 MILLION TO BUILD A DECENTRALIZED TALENT COMMUNITY. SAN FRANCISCO--( BUSINESS WIRE )--OUTDEFINE, A SAN FRANCISCO-BASED STARTUP, ANNOUNCED ITS $2.5 MILLION FUNDRAISE TO BUILD A DECENTRALIZED HIRING COMMUNITY FOR WEB3 TALENT. THE ROUND WAS LED BY WEB3 INVESTORS TCG CRYPTO AND JUMP CRYPTO, WITH PARTICIPATION FROM BIG BRAIN HOLDINGS, FORMLESS CAPITAL, BLOCORE, MASK ECO FUND, CRYPTO ANGELS, AND SYNDICATES.","['outdefine raises $2.5 million to build a decentralized talent community', 'san francisco-- business wire --outdefine, a san francisco-based startup, announced its $2.5 million fundraise to build a decentralized hiring community for web3 talent', 'the round was led by web3 investors tcg crypto and jump crypto, with participation from big brain holdings, formless capital, blocore, mask eco fund, crypto angels, and syndicates.']",weakly_positive,0.2809999999999999,weakly_positive,weakly_positive
08-11-2022,RENAULT GROUP: RENAULT GROUP AND GOOGLE ACCELERATE PARTNERSHIP TO DEVELOP THE VEHICLE OF TOMORROW AND STRENGTHEN RENAULT GROUP'S DIGITAL TRANSFORMATION,RENAULT GROUP AND GOOGLE ACCELERATE PARTNERSHIP TO DEVELOP THE VEHICLE OF TOMORROW AND STRENGTHEN RENAULT GROUP'S DIGITAL TRANSFORMATION,RENAULT GROUP: RENAULT GROUP AND GOOGLE ACCELERATE PARTNERSHIP TO DEVELOP THE VEHICLE OF TOMORROW AND STRENGTHEN RENAULT GROUP'S DIGITAL TRANSFORMATION. RENAULT GROUP AND GOOGLE ACCELERATE PARTNERSHIP TO DEVELOP THE VEHICLE OF TOMORROW AND STRENGTHEN RENAULT GROUP'S DIGITAL TRANSFORMATION,"[""renault group renault group and google accelerate partnership to develop the vehicle of tomorrow and strengthen renault group's digital transformation"", ""renault group and google accelerate partnership to develop the vehicle of tomorrow and strengthen renault group's digital transformation""]",weakly_positive,0.3182,weakly_positive,weakly_positive
31-10-2022,PERSISTENT LAUNCHES INNOVATIVE CYBER RECOVERY SOLUTION WITH GOOGLE CLOUD,"ACCELERATES THE SAFE RECOVERY FROM RANSOMWARE ATTACKS SANTA CLARA, CALIF. AND PUNE, INDIA , OCT. 31, 2022 /PRNEWSWIRE/ --  PERSISTENT SYSTEMS (BSE: PERSISTENT) (NSE: PERSISTENT), A GLOBAL DIGITAL ENGINEERING PROVIDER, TODAY ANNOUNCED THE LAUNCH OF A TRAILBLAZING SOLUTION THAT ENABLES ORGANIZATIONS TO RECOVER MORE QUICKLY FROM CYBER-ATTACKS.","PERSISTENT LAUNCHES INNOVATIVE CYBER RECOVERY SOLUTION WITH GOOGLE CLOUD. ACCELERATES THE SAFE RECOVERY FROM RANSOMWARE ATTACKS SANTA CLARA, CALIF. AND PUNE, INDIA , OCT. 31, 2022 /PRNEWSWIRE/ --  PERSISTENT SYSTEMS (BSE: PERSISTENT) (NSE: PERSISTENT), A GLOBAL DIGITAL ENGINEERING PROVIDER, TODAY ANNOUNCED THE LAUNCH OF A TRAILBLAZING SOLUTION THAT ENABLES ORGANIZATIONS TO RECOVER MORE QUICKLY FROM CYBER-ATTACKS.","['persistent launches innovative cyber recovery solution with google cloud', 'accelerates the safe recovery from ransomware attacks santa clara, calif', 'and pune, india , oct', '31, 2022 prnewswire -- persistent systems bse persistent nse persistent, a global digital engineering provider, today announced the launch of a trailblazing solution that enables organizations to recover more quickly from cyber-attacks.']",weakly_positive,0.238775,weakly_positive,weakly_positive
18-10-2022,MANDIANT BREACH ANALYTICS FOR GOOGLE CLOUD'S CHRONICLE HELPS AUTOMATE THE LINK BETWEEN THREAT INTELLIGENCE AND REAL-TIME DETECTION,WASHINGTON--(BUSINESS WIRE)-- #CYBERSECURITY--MANDIANT BREACH ANALYTICS FOR GOOGLE CLOUD'S CHRONICLE NOW AVAILABLE.,MANDIANT BREACH ANALYTICS FOR GOOGLE CLOUD'S CHRONICLE HELPS AUTOMATE THE LINK BETWEEN THREAT INTELLIGENCE AND REAL-TIME DETECTION. WASHINGTON--(BUSINESS WIRE)-- #CYBERSECURITY--MANDIANT BREACH ANALYTICS FOR GOOGLE CLOUD'S CHRONICLE NOW AVAILABLE.,"[""mandiant breach analytics for google cloud's chronicle helps automate the link between threat intelligence and real-time detection"", ""washington--business wire-- cybersecurity--mandiant breach analytics for google cloud's chronicle now available.""]",weakly_positive,0.1591,weakly_positive,weakly_positive
13-10-2022,KINAXIS PARTNERS WITH GOOGLE CLOUD TO SCALE GLOBAL SUPPLY CHAIN MANAGEMENT AND CONCURRENT PLANNING,"OTTAWA, ONTARIO--(BUSINESS WIRE)--KINAXIS ANNOUNCED A PARTNERSHIP WITH GOOGLE CLOUD TO MAKE THEIR SUPPLY CHAIN MANAGEMENT SOLUTION, KINAXIS RAPIDRESPONSE®, AVAILABLE ON GOOGLE CLOUD.","KINAXIS PARTNERS WITH GOOGLE CLOUD TO SCALE GLOBAL SUPPLY CHAIN MANAGEMENT AND CONCURRENT PLANNING. OTTAWA, ONTARIO--(BUSINESS WIRE)--KINAXIS ANNOUNCED A PARTNERSHIP WITH GOOGLE CLOUD TO MAKE THEIR SUPPLY CHAIN MANAGEMENT SOLUTION, KINAXIS RAPIDRESPONSE®, AVAILABLE ON GOOGLE CLOUD.","['kinaxis partners with google cloud to scale global supply chain management and concurrent planning', 'ottawa, ontario--business wire--kinaxis announced a partnership with google cloud to make their supply chain management solution, kinaxis rapidresponse, available on google cloud.']",weakly_positive,0.1591,weakly_positive,weakly_positive
10-10-2022,PRUDENTIAL PLC AND GOOGLE CLOUD ANNOUNCE STRATEGIC PARTNERSHIP TO MAKE HEALTHCARE AND FINANCIAL SECURITY MORE ACCESSIBLE ACROSS ASIA AND AFRICA,"HONG KONG, AND LONDON, AND NEW YORK, AND SINGAPORE , OCT. 10, 2022 /PRNEWSWIRE/ -- LEADING INSURANCE GROUP, PRUDENTIAL PLC (PRUDENTIAL) AND GOOGLE CLOUD TODAY ANNOUNCED A STRATEGIC PARTNERSHIP TO ENHANCE HEALTH AND FINANCIAL INCLUSION FOR COMMUNITIES ACROSS ASIA AND AFRICA.  UNDER THIS ALLIANCE, PRUDENTIAL WILL LEVERAGE GOOGLE CLOUD'S DATA ANALYTICS CAPABILITIES, SECURE AND SUSTAINABLE INFRASTRUCTURE, AND THE BROADER GOOGLE ECOSYSTEM, TO ACCELERATE ITS DIGITAL TRANSFORMATION AND TO ENHANCE USER ENGAGEMENT OF ITS HEALTH AND WEALTH PLATFORM, PULSE.","PRUDENTIAL PLC AND GOOGLE CLOUD ANNOUNCE STRATEGIC PARTNERSHIP TO MAKE HEALTHCARE AND FINANCIAL SECURITY MORE ACCESSIBLE ACROSS ASIA AND AFRICA. HONG KONG, AND LONDON, AND NEW YORK, AND SINGAPORE , OCT. 10, 2022 /PRNEWSWIRE/ -- LEADING INSURANCE GROUP, PRUDENTIAL PLC (PRUDENTIAL) AND GOOGLE CLOUD TODAY ANNOUNCED A STRATEGIC PARTNERSHIP TO ENHANCE HEALTH AND FINANCIAL INCLUSION FOR COMMUNITIES ACROSS ASIA AND AFRICA.  UNDER THIS ALLIANCE, PRUDENTIAL WILL LEVERAGE GOOGLE CLOUD'S DATA ANALYTICS CAPABILITIES, SECURE AND SUSTAINABLE INFRASTRUCTURE, AND THE BROADER GOOGLE ECOSYSTEM, TO ACCELERATE ITS DIGITAL TRANSFORMATION AND TO ENHANCE USER ENGAGEMENT OF ITS HEALTH AND WEALTH PLATFORM, PULSE.","['prudential plc and google cloud announce strategic partnership to make healthcare and financial security more accessible across asia and africa', 'hong kong, and london, and new york, and singapore , oct', '10, 2022 prnewswire -- leading insurance group, prudential plc prudential and google cloud today announced a strategic partnership to enhance health and financial inclusion for communities across asia and africa', ""under this alliance, prudential will leverage google cloud's data analytics capabilities, secure and sustainable infrastructure, and the broader google ecosystem, to accelerate its digital transformation and to enhance user engagement of its health and wealth platform, pulse.""]",weakly_positive,0.290625,weakly_positive,weakly_positive
30-09-2022,KISS PR BRAND STORY NOW OFFERS LOCAL SEO / GOOGLE BUSINESS RANKING SERVICES,"DALLAS, TEXAS--(NEWSFILE CORP. - SEPTEMBER 30, 2022) - SINCE 2014, KISS PR HAS BEEN PROVIDING LOCAL SEO SERVICES TO SMALL BUSINESS OWNERS. ONE OF THE KEY COMPONENTS IN LOCAL SEO AND MAP RANKING IS BUILDING A LOCAL BRAND USING PUBLIC RELATIONS. KISS PR'S BRAND STORYTELLING SERVICES HELP LOCAL BUSINESS OWNERS GET ATTENTION FROM THEIR LOCAL COMMUNITY. THEY DO THIS BY CREATING AND SYNDICATING HIGH-QUALITY CONTENT THAT IS OPTIMIZED FOR LOCAL SEARCH.","KISS PR BRAND STORY NOW OFFERS LOCAL SEO / GOOGLE BUSINESS RANKING SERVICES. DALLAS, TEXAS--(NEWSFILE CORP. - SEPTEMBER 30, 2022) - SINCE 2014, KISS PR HAS BEEN PROVIDING LOCAL SEO SERVICES TO SMALL BUSINESS OWNERS. ONE OF THE KEY COMPONENTS IN LOCAL SEO AND MAP RANKING IS BUILDING A LOCAL BRAND USING PUBLIC RELATIONS. KISS PR'S BRAND STORYTELLING SERVICES HELP LOCAL BUSINESS OWNERS GET ATTENTION FROM THEIR LOCAL COMMUNITY. THEY DO THIS BY CREATING AND SYNDICATING HIGH-QUALITY CONTENT THAT IS OPTIMIZED FOR LOCAL SEARCH.","['kiss pr brand story now offers local seo google business ranking services', 'dallas, texas--newsfile corp', '- september 30, 2022 - since 2014, kiss pr has been providing local seo services to small business owners', 'one of the key components in local seo and map ranking is building a local brand using public relations', ""kiss pr's brand storytelling services help local business owners get attention from their local community"", 'they do this by creating and syndicating high-quality content that is optimized for local search.']",weakly_positive,0.3584,weakly_positive,weakly_positive
12-09-2022,GOOGLE COMPLETES ACQUISITION OF MANDIANT,"MOUNTAIN VIEW, CALIF. AND RESTON, VA., SEPT. 12, 2022 /PRNEWSWIRE/ -- GOOGLE LLC TODAY ANNOUNCED THE COMPLETION OF ITS ACQUISITION OF MANDIANT, INC. (NASDAQ: MNDT), A RECOGNIZED LEADER IN DYNAMIC CYBER DEFENSE, THREAT INTELLIGENCE AND INCIDENT RESPONSE SERVICES. MANDIANT WILL JOIN GOOGLE CLOUD AND RETAIN THE MANDIANT BRAND.","GOOGLE COMPLETES ACQUISITION OF MANDIANT. MOUNTAIN VIEW, CALIF. AND RESTON, VA., SEPT. 12, 2022 /PRNEWSWIRE/ -- GOOGLE LLC TODAY ANNOUNCED THE COMPLETION OF ITS ACQUISITION OF MANDIANT, INC. (NASDAQ: MNDT), A RECOGNIZED LEADER IN DYNAMIC CYBER DEFENSE, THREAT INTELLIGENCE AND INCIDENT RESPONSE SERVICES. MANDIANT WILL JOIN GOOGLE CLOUD AND RETAIN THE MANDIANT BRAND.","['google completes acquisition of mandiant', 'mountain view, calif', 'and reston, va., sept', '12, 2022 prnewswire -- google llc today announced the completion of its acquisition of mandiant, inc', 'nasdaq mndt, a recognized leader in dynamic cyber defense, threat intelligence and incident response services', 'mandiant will join google cloud and retain the mandiant brand.']",weakly_positive,0.1195833333333333,weakly_positive,weakly_positive
01-09-2022,HAUSFELD & CO LLP: JUDGMENT RELEASED YESTERDAY: GOOGLE WILL HAVE TO DEFEND AT TRIAL A CONSUMER CLAIM FOR ALMOST £1 BILLION IN RELATION TO THE GOOGLE PLAY STORE – A UK COURT DECIDES,"LONDON--(BUSINESS WIRE)-- #GOOGLE--PATHWAY IS CLEARED FOR FULL TRIAL IN UK OF CASE AGAINST GOOGLE, ALLEGING IT CHARGED EXCESSIVE FEES FOR BUYING APPS AND MAKING IN-APP PURCHASES","HAUSFELD & CO LLP: JUDGMENT RELEASED YESTERDAY: GOOGLE WILL HAVE TO DEFEND AT TRIAL A CONSUMER CLAIM FOR ALMOST £1 BILLION IN RELATION TO THE GOOGLE PLAY STORE – A UK COURT DECIDES. LONDON--(BUSINESS WIRE)-- #GOOGLE--PATHWAY IS CLEARED FOR FULL TRIAL IN UK OF CASE AGAINST GOOGLE, ALLEGING IT CHARGED EXCESSIVE FEES FOR BUYING APPS AND MAKING IN-APP PURCHASES","['hausfeld co llp judgment released yesterday google will have to defend at trial a consumer claim for almost 1 billion in relation to the google play store a uk court decides', 'london--business wire-- google--pathway is cleared for full trial in uk of case against google, alleging it charged excessive fees for buying apps and making in-app purchases']",weakly_positive,0.11865,weakly_positive,weakly_positive
24-08-2022,"CLASS ACTION LAWSUIT FILED BY SEATTLE BUSINESS AGAINST GOOGLE ALLEGING BREACH OF CONTRACT, UNJUST ENRICHMENT, AND VIOLATIONS OF CALIFORNIA LAW","SAN FRANCISCO--(BUSINESS WIRE)-- #GOOGLECLASSACTION--CLASS ACTION LAWSUIT FILED BY SEATTLE BUSINESS AGAINST GOOGLE ALLEGING BREACH OF CONTRACT, UNJUST ENRICHMENT, AND VIOLATIONS OF CALIFORNIA LAW","CLASS ACTION LAWSUIT FILED BY SEATTLE BUSINESS AGAINST GOOGLE ALLEGING BREACH OF CONTRACT, UNJUST ENRICHMENT, AND VIOLATIONS OF CALIFORNIA LAW. SAN FRANCISCO--(BUSINESS WIRE)-- #GOOGLECLASSACTION--CLASS ACTION LAWSUIT FILED BY SEATTLE BUSINESS AGAINST GOOGLE ALLEGING BREACH OF CONTRACT, UNJUST ENRICHMENT, AND VIOLATIONS OF CALIFORNIA LAW","['class action lawsuit filed by seattle business against google alleging breach of contract, unjust enrichment, and violations of california law', 'san francisco--business wire-- googleclassaction--class action lawsuit filed by seattle business against google alleging breach of contract, unjust enrichment, and violations of california law']",strongly_negative,-0.8225,strongly_negative,strongly_negative
22-08-2022,CORELOGIC'S MULTI-YEAR ALLIANCE WITH GOOGLE CLOUD ENABLES NEW PRODUCT LAUNCH,"IRVINE, CALIF.--(BUSINESS WIRE)-- #CORELOGIC--CORELOGIC©, A LEADING GLOBAL PROPERTY DATA AND ANALYTICS-DRIVEN SOLUTIONS PROVIDER, HAS ANNOUNCED AN EXTENDED RELATIONSHIP WITH GOOGLE CLOUD TO SUPPORT THE LAUNCH OF ITS NEW CORELOGIC DISCOVERY PLATFORM™. FULLY BUILT ON GOOGLE CLOUD'S SECURE AND SUSTAINABLE INFRASTRUCTURE, DISCOVERY PLATFORM PROVIDES A COMPREHENSIVE PROPERTY ANALYTICS ENVIRONMENT AND CLOUD-BASED DATA EXCHANGE FOR BUSINESSES ACROSS MULTIPLE SECTORS. DISCOVERY PLATFORM ALLOWS BUSINESSES — INCLUDIN","CORELOGIC'S MULTI-YEAR ALLIANCE WITH GOOGLE CLOUD ENABLES NEW PRODUCT LAUNCH. IRVINE, CALIF.--(BUSINESS WIRE)-- #CORELOGIC--CORELOGIC©, A LEADING GLOBAL PROPERTY DATA AND ANALYTICS-DRIVEN SOLUTIONS PROVIDER, HAS ANNOUNCED AN EXTENDED RELATIONSHIP WITH GOOGLE CLOUD TO SUPPORT THE LAUNCH OF ITS NEW CORELOGIC DISCOVERY PLATFORM™. FULLY BUILT ON GOOGLE CLOUD'S SECURE AND SUSTAINABLE INFRASTRUCTURE, DISCOVERY PLATFORM PROVIDES A COMPREHENSIVE PROPERTY ANALYTICS ENVIRONMENT AND CLOUD-BASED DATA EXCHANGE FOR BUSINESSES ACROSS MULTIPLE SECTORS. DISCOVERY PLATFORM ALLOWS BUSINESSES — INCLUDIN","[""corelogic's multi-year alliance with google cloud enables new product launch"", 'irvine, calif.--business wire-- corelogic--corelogic, a leading global property data and analytics-driven solutions provider, has announced an extended relationship with google cloud to support the launch of its new corelogic discovery platform', ""fully built on google cloud's secure and sustainable infrastructure, discovery platform provides a comprehensive property analytics environment and cloud-based data exchange for businesses across multiple sectors"", 'discovery platform allows businesses includin']",weakly_positive,0.26335,weakly_positive,weakly_positive
03-08-2022,MICRO FOCUS' CYBERRES PARTNERS WITH GOOGLE CLOUD TO ENABLE HIGH-SCALE SECURE CLOUD ANALYTICS WITH DATA PRIVACY,"CYBERRES ADDS VOLTAGE DATA-CENTRIC SECURITY FOR BIGQUERY CUSTOMERS WORLDWIDE TO ADDRESS DATA PRIVACY REGULATIONS SANTA CLARA, CALIF. , AUG. 3, 2022 /PRNEWSWIRE/ -- CYBERRES, A MICRO FOCUS LINE OF BUSINESS, TODAY ANNOUNCED A PARTNERSHIP WITH GOOGLE CLOUD TO SUPPORT THE UPCOMING RELEASE OF BIGQUERY REMOTE FUNCTIONS.","MICRO FOCUS' CYBERRES PARTNERS WITH GOOGLE CLOUD TO ENABLE HIGH-SCALE SECURE CLOUD ANALYTICS WITH DATA PRIVACY. CYBERRES ADDS VOLTAGE DATA-CENTRIC SECURITY FOR BIGQUERY CUSTOMERS WORLDWIDE TO ADDRESS DATA PRIVACY REGULATIONS SANTA CLARA, CALIF. , AUG. 3, 2022 /PRNEWSWIRE/ -- CYBERRES, A MICRO FOCUS LINE OF BUSINESS, TODAY ANNOUNCED A PARTNERSHIP WITH GOOGLE CLOUD TO SUPPORT THE UPCOMING RELEASE OF BIGQUERY REMOTE FUNCTIONS.","[""micro focus' cyberres partners with google cloud to enable high-scale secure cloud analytics with data privacy"", 'cyberres adds voltage data-centric security for bigquery customers worldwide to address data privacy regulations santa clara, calif', ', aug', '3, 2022 prnewswire -- cyberres, a micro focus line of business, today announced a partnership with google cloud to support the upcoming release of bigquery remote functions.']",weakly_positive,0.270475,weakly_positive,weakly_positive
30-06-2022,HAGENS BERMAN: ANDROID APP DEVELOPERS WIN $90 MILLION SETTLEMENT IN ANTITRUST LAWSUIT OVER GOOGLE'S APP STORE POLICIES,"SAN FRANCISCO--(BUSINESS WIRE)---- $GOOG #ANDROID--TODAY, A CLASS OF ANDROID APP DEVELOPERS REPRESENTED BY HAGENS BERMAN REACHED A $90 MILLION SETTLEMENT WITH GOOGLE OVER GOOGLE PLAY STORE POLICIES.","HAGENS BERMAN: ANDROID APP DEVELOPERS WIN $90 MILLION SETTLEMENT IN ANTITRUST LAWSUIT OVER GOOGLE'S APP STORE POLICIES. SAN FRANCISCO--(BUSINESS WIRE)---- $GOOG #ANDROID--TODAY, A CLASS OF ANDROID APP DEVELOPERS REPRESENTED BY HAGENS BERMAN REACHED A $90 MILLION SETTLEMENT WITH GOOGLE OVER GOOGLE PLAY STORE POLICIES.","[""hagens berman android app developers win $90 million settlement in antitrust lawsuit over google's app store policies"", 'san francisco--business wire---- $goog android--today, a class of android app developers represented by hagens berman reached a $90 million settlement with google over google play store policies.']",weakly_positive,0.43095,weakly_positive,weakly_positive
07-06-2022,UBER FREIGHT AND WAYMO VIA PARTNER TO ACCELERATE THE FUTURE OF LOGISTICS,"SAN FRANCISCO--(BUSINESS WIRE)--UBER FREIGHT AND WAYMO VIA TODAY ANNOUNCED A LONG-TERM STRATEGIC PARTNERSHIP TO CONNECT THEIR TECHNOLOGIES AND DEPLOY AUTONOMOUS TRUCKS AT SCALE ON THE UBER FREIGHT NETWORK. THIS PARTNERSHIP BRINGS TOGETHER THE POWER OF WAYMO'S AUTONOMOUS DRIVING TECHNOLOGY WITH THE SCALE OF UBER FREIGHT'S NETWORK AND LEADING MARKETPLACE TECHNOLOGY, UNLOCKING A ROADMAP FOR THE THOUGHTFUL AND SAFE IMPLEMENTATION OF AUTONOMOUS TRUCKS ON AMERICA'S ROADS. THIS AGREEMENT IS AN IMPORTA","UBER FREIGHT AND WAYMO VIA PARTNER TO ACCELERATE THE FUTURE OF LOGISTICS. SAN FRANCISCO--(BUSINESS WIRE)--UBER FREIGHT AND WAYMO VIA TODAY ANNOUNCED A LONG-TERM STRATEGIC PARTNERSHIP TO CONNECT THEIR TECHNOLOGIES AND DEPLOY AUTONOMOUS TRUCKS AT SCALE ON THE UBER FREIGHT NETWORK. THIS PARTNERSHIP BRINGS TOGETHER THE POWER OF WAYMO'S AUTONOMOUS DRIVING TECHNOLOGY WITH THE SCALE OF UBER FREIGHT'S NETWORK AND LEADING MARKETPLACE TECHNOLOGY, UNLOCKING A ROADMAP FOR THE THOUGHTFUL AND SAFE IMPLEMENTATION OF AUTONOMOUS TRUCKS ON AMERICA'S ROADS. THIS AGREEMENT IS AN IMPORTA","['uber freight and waymo via partner to accelerate the future of logistics', 'san francisco--business wire--uber freight and waymo via today announced a long-term strategic partnership to connect their technologies and deploy autonomous trucks at scale on the uber freight network', ""this partnership brings together the power of waymo's autonomous driving technology with the scale of uber freight's network and leading marketplace technology, unlocking a roadmap for the thoughtful and safe implementation of autonomous trucks on america's roads"", 'this agreement is an importa']",weakly_positive,0.2911,weakly_positive,weakly_positive
17-05-2022,BFORBANK CHOOSES TEMENOS ON GOOGLE CLOUD TO POWER FUTURE EXPANSION,"GENEVA--(BUSINESS WIRE)--TEMENOS (SIX: TEMN) TODAY ANNOUNCED THAT BFORBANK, THE FULLY DIGITAL BANK OF THE CRÉDIT AGRICOLE GROUP, HAS SELECTED TEMENOS OPEN PLATFORM FOR COMPOSABLE BANKING TO SUPPORT FUTURE EXPANSION. THE BANK IS MOVING FROM AN ON-PREMISE IMPLEMENTATION TO USING TEMENOS CORE BANKING SOLUTIONS ON GOOGLE CLOUD TO TAP NEW GROWTH OPPORTUNITIES AND DRIVE EFFICIENCIES AT SCALE. A PIONEER IN DIGITAL BANKING, BFORBANK LAUNCHED IN 2009, OFFERING A NEW APPROACH TO SAVINGS, LIFE INSURANCE,","BFORBANK CHOOSES TEMENOS ON GOOGLE CLOUD TO POWER FUTURE EXPANSION. GENEVA--(BUSINESS WIRE)--TEMENOS (SIX: TEMN) TODAY ANNOUNCED THAT BFORBANK, THE FULLY DIGITAL BANK OF THE CRÉDIT AGRICOLE GROUP, HAS SELECTED TEMENOS OPEN PLATFORM FOR COMPOSABLE BANKING TO SUPPORT FUTURE EXPANSION. THE BANK IS MOVING FROM AN ON-PREMISE IMPLEMENTATION TO USING TEMENOS CORE BANKING SOLUTIONS ON GOOGLE CLOUD TO TAP NEW GROWTH OPPORTUNITIES AND DRIVE EFFICIENCIES AT SCALE. A PIONEER IN DIGITAL BANKING, BFORBANK LAUNCHED IN 2009, OFFERING A NEW APPROACH TO SAVINGS, LIFE INSURANCE,","['bforbank chooses temenos on google cloud to power future expansion', 'geneva--business wire--temenos six temn today announced that bforbank, the fully digital bank of the crdit agricole group, has selected temenos open platform for composable banking to support future expansion', 'the bank is moving from an on-premise implementation to using temenos core banking solutions on google cloud to tap new growth opportunities and drive efficiencies at scale', 'a pioneer in digital banking, bforbank launched in 2009, offering a new approach to savings, life insurance,']",weakly_positive,0.336875,weakly_positive,weakly_positive
16-05-2022,SYSDIG WELCOMES GOOGLE OPEN SOURCE LEAD TO HEAD UP OSS ECOSYSTEM TEAM,"VALENCIA, SPAIN--(BUSINESS WIRE)-- #KUBECON--EDD WILDER-JAMES HAS JOINED SYSDIG FROM GOOGLE TO LEAD THE COMPANY'S OPEN SOURCE ECOSYSTEM TEAM.","SYSDIG WELCOMES GOOGLE OPEN SOURCE LEAD TO HEAD UP OSS ECOSYSTEM TEAM. VALENCIA, SPAIN--(BUSINESS WIRE)-- #KUBECON--EDD WILDER-JAMES HAS JOINED SYSDIG FROM GOOGLE TO LEAD THE COMPANY'S OPEN SOURCE ECOSYSTEM TEAM.","['sysdig welcomes google open source lead to head up oss ecosystem team', ""valencia, spain--business wire-- kubecon--edd wilder-james has joined sysdig from google to lead the company's open source ecosystem team.""]",weakly_positive,0.20095,weakly_positive,weakly_positive
13-05-2022,ZENOSS ANNOUNCES GOOGLE CLOUD AS GALAXZ22 PLATINUM SPONSOR,"AUSTIN, TEXAS--(BUSINESS WIRE)-- #AIOPS--ZENOSS ANNOUNCES GOOGLE CLOUD AS GALAXZ22 PLATINUM SPONSOR.","ZENOSS ANNOUNCES GOOGLE CLOUD AS GALAXZ22 PLATINUM SPONSOR. AUSTIN, TEXAS--(BUSINESS WIRE)-- #AIOPS--ZENOSS ANNOUNCES GOOGLE CLOUD AS GALAXZ22 PLATINUM SPONSOR.","['zenoss announces google cloud as galaxz22 platinum sponsor', 'austin, texas--business wire-- aiops--zenoss announces google cloud as galaxz22 platinum sponsor.']",neutral,0.0,neutral,neutral
12-05-2022,WORKFUSION FORMS STRATEGIC ALLIANCE WITH GOOGLE,"NEW YORK--(BUSINESS WIRE)-- #BFSI--WORKFUSION, INC., THE INTELLIGENT AUTOMATION LEADER, AND GOOGLE CLOUD TODAY ANNOUNCED AN AGREEMENT TO ACCELERATE ENTERPRISE ACCESS TO AUTOMATION ON A GLOBAL SCALE. WORKFUSION'S DIGITAL WORKERS ARE NOW AVAILABLE THROUGH GOOGLE CLOUD MARKETPLACE, CONNECTING THE SPEED AND SCALABILITY OF SKILLED DIGITAL KNOWLEDGE WORKERS WITH THE CONVENIENCE AND RELIABILITY OF A GLOBALLY TRUSTED, SECURE PROCUREMENT PLATFORM. WORKFUSION'S PACKAGED, HIGHLY SKILLED DIGITAL WORKERS ARE IMMEDI","WORKFUSION FORMS STRATEGIC ALLIANCE WITH GOOGLE. NEW YORK--(BUSINESS WIRE)-- #BFSI--WORKFUSION, INC., THE INTELLIGENT AUTOMATION LEADER, AND GOOGLE CLOUD TODAY ANNOUNCED AN AGREEMENT TO ACCELERATE ENTERPRISE ACCESS TO AUTOMATION ON A GLOBAL SCALE. WORKFUSION'S DIGITAL WORKERS ARE NOW AVAILABLE THROUGH GOOGLE CLOUD MARKETPLACE, CONNECTING THE SPEED AND SCALABILITY OF SKILLED DIGITAL KNOWLEDGE WORKERS WITH THE CONVENIENCE AND RELIABILITY OF A GLOBALLY TRUSTED, SECURE PROCUREMENT PLATFORM. WORKFUSION'S PACKAGED, HIGHLY SKILLED DIGITAL WORKERS ARE IMMEDI","['workfusion forms strategic alliance with google', 'new york--business wire-- bfsi--workfusion, inc., the intelligent automation leader, and google cloud today announced an agreement to accelerate enterprise access to automation on a global scale', ""workfusion's digital workers are now available through google cloud marketplace, connecting the speed and scalability of skilled digital knowledge workers with the convenience and reliability of a globally trusted, secure procurement platform"", ""workfusion's packaged, highly skilled digital workers are immedi""]",weakly_positive,0.3514,weakly_positive,weakly_positive
12-05-2022,GOOGLE CLOUD CISO PHIL VENABLES TO KEYNOTE CLOUD SECURITY ALLIANCE'S SECTEMBERSM,"SEATTLE--(BUSINESS WIRE)-- #SECTEMBER--PHIL VENABLES, GOOGLE CLOUD CISO, WILL KEYNOTE THIS YEAR'S SECTEMBER TO BE HELD SEPT. 26-30 AT THE MEYDENBAUER CENTER (BELLEVUE, WASH.).","GOOGLE CLOUD CISO PHIL VENABLES TO KEYNOTE CLOUD SECURITY ALLIANCE'S SECTEMBERSM. SEATTLE--(BUSINESS WIRE)-- #SECTEMBER--PHIL VENABLES, GOOGLE CLOUD CISO, WILL KEYNOTE THIS YEAR'S SECTEMBER TO BE HELD SEPT. 26-30 AT THE MEYDENBAUER CENTER (BELLEVUE, WASH.).","[""google cloud ciso phil venables to keynote cloud security alliance's sectembersm"", ""seattle--business wire-- sectember--phil venables, google cloud ciso, will keynote this year's sectember to be held sept"", '26-30 at the meydenbauer center bellevue, wash..']",weakly_positive,0.1133333333333333,weakly_positive,weakly_positive
28-04-2022,ADVERITY LAUNCHES ON GOOGLE CLOUD MARKETPLACE,NEW YORK & LONDON--(BUSINESS WIRE)--ADVERITY LAUNCHES ON GOOGLE CLOUD MARKETPLACE,ADVERITY LAUNCHES ON GOOGLE CLOUD MARKETPLACE. NEW YORK & LONDON--(BUSINESS WIRE)--ADVERITY LAUNCHES ON GOOGLE CLOUD MARKETPLACE,"['adverity launches on google cloud marketplace', 'new york london--business wire--adverity launches on google cloud marketplace']",neutral,0.0,neutral,neutral
06-04-2022,"VOLTUS, RESIDEO, AND GOOGLE NEST TO LAUNCH FIRST BRING-YOUR-OWN-THERMOSTAT PROGRAM THAT DELIVERS GRID SUPPORT DURING UNPLANNED POWER PLANT OUTAGES AND PERIODS OF PEAK DEMAND","SAN FRANCISCO & BOSTON--(BUSINESS WIRE)--VOLTUS, INC. (""VOLTUS""), THE LEADING DISTRIBUTED ENERGY RESOURCE (DER) SOFTWARE TECHNOLOGY PLATFORM, TOGETHER WITH RESIDEO (NYSE: REZI), A LEADING GLOBAL PROVIDER OF HOME COMFORT AND SECURITY SOLUTIONS AND A DISTRIBUTED ENERGY RESOURCE MANAGEMENT SYSTEM (DERMS), AND GOOGLE NEST, TODAY ANNOUNCED THE LAUNCH OF THE FIRST BRING-YOUR-OWN-THERMOSTAT PROGRAM THAT WILL DELIVER BOTH DEMAND RESPONSE CAPACITY AND ANCILLARY SERVICES VALUE TO PJM INTERCONNECTION, THE NATION’S LARGEST ELECTRIC GRID OPERATOR. THE PROGRAM IS NOW AVAILABLE TO SELECT CUSTOMERS OF PPL ELECTRIC UTILITIES IN PENNSYLVANIA. “RESIDEO IS AN ACTIVE PARTICIPANT IN DECARBONIZING THE ELECTRIC GRID AND OUR CONNECTED SAVINGS PROGRAM SETS A NEW STANDARD IN BALANCING COMFORT WITH ENERGY EFFICIENCY,” SAID PHIL THEODORE, PRESIDENT OF PRODUCTS & SOLUTIONS AT RESIDEO. ""TOGETHER WITH OTHER INDUSTRY LEADERS, WE ARE HELPING CREATE A MORE SUSTAINABLE FUTURE BY UTILIZING OUR MARKET-LEADING SMART THERMOSTAT PORTFOLIO INTEGRATIONS AND DEMAND RESPONSE TECHNOLOGY TO HELP REDUCE THE IMPACT TO THE ENVIRONMENT."" IN ADDITION TO PARTICIPATING IN ITS CONNECTED SAVINGS PROGRAM, EACH OF RESIDEO’S HONEYWELL HOME THERMOSTAT CUSTOMERS HAS THE OPTION TO FUND THE PLANTING OF FIFTY NATIVE TREES IN PENNSYLVANIA'S CHESAPEAKE BAY WATERSHED. THESE STREAMSIDE FORESTED BUFFERS CAN HELP CONTROL EROSION, RESTORE WATER QUALITY, PROTECT THE LOCAL ENVIRONMENT AND IMPROVE AIR QUALITY. “WE’RE THRILLED TO BE WORKING WITH INDUSTRY LEADERS RESIDEO AND GOOGLE TO DEMONSTRATE THAT RESIDENTIAL CUSTOMERS CAN RELIABLY SUPPORT GRID STABILITY IN BOTH ANCILLARY SERVICES AND CAPACITY MARKETS,” SAID DANA GUERNSEY, VOLTUS CHIEF PRODUCT OFFICER AND CO-FOUNDER. “TODAY, SMART THERMOSTATS TYPICALLY ONLY DELIVER VALUE DURING THE HOTTEST AFTERNOONS OF THE YEAR WHEN AC USAGE IS AT ITS PEAK. THE VOLTUS PLATFORM CAN DISPATCH DERS AT A MOMENT’S NOTICE, WHICH IS REQUIRED TO DELIVER OPERATING RESERVES TO ADDRESS SUDDEN, UNEXPECTED GRID SUPPLY CONSTRAINTS, LIKE TRADITIONAL POWER PLANTS UNEXPECTEDLY BEING UNAVAILABLE. THERE ARE AN ESTIMATED 34 MILLION SMART THERMOSTATS IN THE US, EACH CAPABLE OF DELIVERING ABOUT ONE KILOWATT OF CONTROLLABLE ELECTRICITY DEMAND, OR 34,000 MW IN TOTAL.” THE RESIDEO ENERGY MANAGEMENT PLATFORM MANAGES MORE THAN ONE-QUARTER OF A GIGAWATT OF DEMAND RESPONSE (DR) CAPACITY WITH ANOTHER 12 GWH OF OPTIMIZED ENERGY EFFICIENCY ACROSS THE U.S. RESIDEO SERVES MORE THAN 25 OF THE NATION’S UTILITY PORTFOLIOS, PROVIDING DR, ENERGY MARKET, ENERGY EFFICIENCY AND BEHAVIORAL SERVICES TO MAJOR MARKETS THROUGHOUT THE NATION. THE VOLTUS SOFTWARE PLATFORM CONNECTS DERS TO ELECTRICITY MARKETS, MAXIMIZING THE AVAILABILITY OF THESE RESOURCES TO GRID OPERATORS. COMPRISED OF ALL DER ASSET TYPES, FROM THE SMALLEST DERS (E.G. SMART THERMOSTATS AND OTHER RESIDENTIAL RESOURCES) TO THE LARGEST DERS (E.G. MANUFACTURING FACILITIES, DATA CENTERS, BIG BOX RETAIL), VOLTUS IS THE ONLY DER SOFTWARE PLATFORM PARTICIPATING IN ALL NINE U.S. AND CANADIAN WHOLESALE POWER MARKETS. ABOUT RESIDEO ENERGY MANAGEMENT RESIDEO'S ENERGY MANAGEMENT BUSINESS OFFERS PEAK DEMAND REDUCTION, AUTOMATED ENERGY EFFICIENCY, BEHAVIORAL ENERGY EFFICIENCY, AND AUTOMATED TIME OF USE FOR CUSTOMERS ACROSS THE U.S. RESIDEO'S ENERGY-SAVING DEVICES HELPED ITS CUSTOMERS SAVE 1.2 BILLION KILOWATT HOURS IN 2020. ALREADY WORKING WITH MAJOR UTILITIES ACROSS THE NATION, THE COMPANY RECENTLY EXPANDED TO INCLUDE ADDITIONAL DISTRIBUTED ENERGY RESOURCES. FOR ADDITIONAL INFORMATION, UTILITIES CAN VISIT CONNECTEDSAVINGS.COM. ABOUT RESIDEO RESIDEO IS A LEADING GLOBAL MANUFACTURER AND DISTRIBUTOR OF TECHNOLOGY-DRIVEN PRODUCTS AND SOLUTIONS THAT PROVIDE COMFORT, SECURITY, ENERGY EFFICIENCY AND CONTROL TO CUSTOMERS WORLDWIDE. BUILDING ON A 130-YEAR HERITAGE, RESIDEO HAS A PRESENCE IN MORE THAN 150 MILLION HOMES, WITH 15 MILLION SYSTEMS INSTALLED IN HOMES EACH YEAR. WE CONTINUE TO SERVE MORE THAN 110,000 PROFESSIONALS THROUGH LEADING DISTRIBUTORS, INCLUDING OUR ADI GLOBAL DISTRIBUTION BUSINESS, WHICH EXPORTS TO MORE THAN 100 COUNTRIES FROM NEARLY 200 STOCKING LOCATIONS AROUND THE WORLD. FOR MORE INFORMATION ABOUT RESIDEO, PLEASE VISIT WWW.RESIDEO.COM. THE HONEYWELL HOME TRADEMARK IS USED UNDER A LONG-TERM LICENSE TO RESIDEO FROM HONEYWELL INTERNATIONAL INC. ABOUT VOLTUS VOLTUS IS THE LEADING SOFTWARE TECHNOLOGY PLATFORM CONNECTING DISTRIBUTED ENERGY RESOURCES TO ELECTRICITY MARKETS, DELIVERING LESS EXPENSIVE, MORE RELIABLE, AND MORE SUSTAINABLE ELECTRICITY. OUR COMMERCIAL AND INDUSTRIAL CUSTOMERS AND DER PARTNERS GENERATE CASH BY ALLOWING VOLTUS TO MAXIMIZE THE VALUE OF THEIR FLEXIBLE LOAD, DISTRIBUTED GENERATION, ENERGY STORAGE, ENERGY EFFICIENCY, AND ELECTRIC VEHICLE RESOURCES IN THESE MARKETS. TO LEARN MORE, VISIT WWW.VOLTUS.CO. ON NOVEMBER 30, 2021, BROADSCALE ACQUISITION CORP. (""BROADSCALE"") (NASDAQ: SCLE) ENTERED INTO A DEFINITIVE AGREEMENT FOR A BUSINESS COMBINATION WITH VOLTUS. THE COMBINED COMPANY IS EXPECTED TO BE LISTED ON THE NASDAQ UPON COMPLETION OF THE TRANSACTION. THE TRANSACTION IS EXPECTED TO OCCUR IN THE SECOND QUARTER OF 2022 AND IS SUBJECT TO APPROVAL BY BROADSCALE'S STOCKHOLDERS, THE REGISTRATION STATEMENT BEING DECLARED EFFECTIVE BY THE SEC, AND OTHER CUSTOMARY CLOSING CONDITIONS. FORWARD-LOOKING STATEMENTS THIS PRESS RELEASE CONTAINS CERTAIN “FORWARD-LOOKING STATEMENTS” WITHIN THE MEANING OF THE UNITED STATES PRIVATE SECURITIES LITIGATION REFORM ACT OF 1995, SECTION 27A OF THE SECURITIES ACT OF 1933, AS AMENDED (THE “SECURITIES ACT”), AND SECTION 21E OF THE SECURITIES EXCHANGE ACT OF 1934, AS AMENDED, INCLUDING CERTAIN FINANCIAL FORECASTS AND PROJECTIONS. ALL STATEMENTS OTHER THAN STATEMENTS OF HISTORICAL FACT CONTAINED IN THIS PRESS RELEASE, INCLUDING STATEMENTS AS TO FUTURE RESULTS OF OPERATIONS AND FINANCIAL POSITION, REVENUE AND OTHER METRICS, PLANNED PRODUCTS AND SERVICES, BUSINESS STRATEGY AND PLANS, OBJECTIVES OF MANAGEMENT FOR FUTURE OPERATIONS OF VOLTUS MARKET SIZE AND GROWTH OPPORTUNITIES, COMPETITIVE POSITION AND TECHNOLOGICAL AND MARKET TRENDS, ARE FORWARD-LOOKING STATEMENTS. SOME OF THESE FORWARD-LOOKING STATEMENTS CAN BE IDENTIFIED BY THE USE OF FORWARD-LOOKING WORDS, INCLUDING “MAY,” “SHOULD,” “EXPECT,” “INTEND,” “WILL,” “ESTIMATE,” “ANTICIPATE,” “BELIEVE,” “PREDICT,” “PLAN,” “TARGETS,” “PROJECTS,” “COULD,” “WOULD,” “CONTINUE,” “FORECAST” OR THE NEGATIVES OF THESE TERMS OR VARIATIONS OF THEM OR SIMILAR EXPRESSIONS. ALL FORWARD-LOOKING STATEMENTS ARE SUBJECT TO RISKS, UNCERTAINTIES, AND OTHER FACTORS WHICH COULD CAUSE ACTUAL RESULTS TO DIFFER MATERIALLY FROM THOSE EXPRESSED OR IMPLIED BY SUCH FORWARD-LOOKING STATEMENTS. ALL FORWARD-LOOKING STATEMENTS ARE BASED UPON ESTIMATES, FORECASTS AND ASSUMPTIONS THAT, WHILE CONSIDERED REASONABLE BY BROADSCALE AND ITS MANAGEMENT, AND VOLTUS AND ITS MANAGEMENT, AS THE CASE MAY BE, ARE INHERENTLY UNCERTAIN AND MANY FACTORS MAY CAUSE THE ACTUAL RESULTS TO DIFFER MATERIALLY FROM CURRENT EXPECTATIONS WHICH INCLUDE, BUT ARE NOT LIMITED TO: 1) THE OCCURRENCE OF ANY EVENT, CHANGE OR OTHER CIRCUMSTANCE THAT COULD GIVE RISE TO THE TERMINATION OF THE DEFINITIVE MERGER AGREEMENT WITH RESPECT TO THE BUSINESS COMBINATION; 2) THE OUTCOME OF ANY LEGAL PROCEEDINGS THAT MAY BE INSTITUTED AGAINST VOLTUS, BROADSCALE, THE COMBINED COMPANY OR OTHERS FOLLOWING THE ANNOUNCEMENT OF THE BUSINESS COMBINATION AND ANY DEFINITIVE AGREEMENTS WITH RESPECT THERETO; 3) THE INABILITY TO COMPLETE THE BUSINESS COMBINATION DUE TO THE FAILURE TO OBTAIN APPROVAL OF THE STOCKHOLDERS OF BROADSCALE OR VOLTUS, OR TO SATISFY OTHER CONDITIONS TO CLOSING THE BUSINESS COMBINATION; 4) CHANGES TO THE PROPOSED STRUCTURE OF THE BUSINESS COMBINATION THAT MAY BE REQUIRED OR APPROPRIATE AS A RESULT OF APPLICABLE LAWS OR REGULATIONS OR AS A CONDITION TO OBTAINING REGULATORY APPROVAL OF THE BUSINESS COMBINATION; 5) THE ABILITY TO MEET NASDAQ'S LISTING STANDARDS FOLLOWING THE CONSUMMATION OF THE BUSINESS COMBINATION; 6) THE RISK THAT THE BUSINESS COMBINATION DISRUPTS CURRENT PLANS AND OPERATIONS OF VOLTUS AS A RESULT OF THE ANNOUNCEMENT AND CONSUMMATION OF THE BUSINESS COMBINATION; 7) THE INABILITY TO RECOGNIZE THE ANTICIPATED BENEFITS OF THE BUSINESS COMBINATION, WHICH MAY BE AFFECTED BY, AMONG OTHER THINGS, COMPETITION, THE ABILITY OF THE COMBINED COMPANY TO GROW AND MANAGE GROWTH PROFITABLY, MAINTAIN RELATIONSHIPS WITH CUSTOMERS AND SUPPLIERS AND RETAIN ITS MANAGEMENT AND KEY EMPLOYEES; 8) COSTS RELATED TO THE BUSINESS COMBINATION; 9) CHANGES IN APPLICABLE LAWS OR REGULATIONS; 10) THE POSSIBILITY THAT VOLTUS OR THE COMBINED COMPANY MAY BE ADVERSELY AFFECTED BY OTHER ECONOMIC, BUSINESS AND/OR COMPETITIVE FACTORS; 11) VOLTUS’S ESTIMATES OF ITS FINANCIAL PERFORMANCE; 12) THE RISK THAT THE BUSINESS COMBINATION MAY NOT BE COMPLETED IN A TIMELY MANNER OR AT ALL, WHICH MAY ADVERSELY AFFECT THE PRICE OF BROADSCALE’S SECURITIES; 13) THE RISK THAT THE TRANSACTION MAY NOT BE COMPLETED BY BROADSCALE’S BUSINESS COMBINATION DEADLINE AND THE POTENTIAL FAILURE TO OBTAIN AN EXTENSION OF THE BUSINESS COMBINATION DEADLINE IF SOUGHT BY BROADSCALE; 14) THE IMPACT OF THE NOVEL CORONAVIRUS DISEASE PANDEMIC, INCLUDING ANY MUTATIONS OR VARIANTS THEREOF, AND ITS EFFECT ON BUSINESS AND FINANCIAL CONDITIONS; 15) INABILITY TO COMPLETE THE PIPE INVESTMENT IN CONNECTION WITH THE BUSINESS COMBINATION; AND 16) OTHER RISKS AND UNCERTAINTIES SET FORTH IN THE SECTIONS ENTITLED “RISK FACTORS” AND “CAUTIONARY NOTE REGARDING FORWARD-LOOKING STATEMENTS” IN BROADSCALE’S REGISTRATION STATEMENT ON FORM S-4 (FILE NO. 333-262287), FILED WITH THE SEC ON JANUARY 21, 2022 AND AS AMENDED BY AMENDMENT NO. 1 FILED ON MARCH 18, 2022 (COLLECTIVELY, THE “REGISTRATION STATEMENT”), AND OTHER DOCUMENTS FILED BY BROADSCALE FROM TIME TO TIME WITH THE SEC. THESE FILINGS IDENTIFY AND ADDRESS OTHER IMPORTANT RISKS AND UNCERTAINTIES THAT COULD CAUSE ACTUAL EVENTS AND RESULTS TO DIFFER MATERIALLY FROM THOSE CONTAINED IN THE FORWARD-LOOKING STATEMENTS. NOTHING IN THIS PRESS RELEASE SHOULD BE REGARDED AS A REPRESENTATION BY ANY PERSON THAT THE FORWARD-LOOKING STATEMENTS SET FORTH HEREIN WILL BE ACHIEVED OR THAT ANY OF THE CONTEMPLATED RESULTS OF SUCH FORWARD LOOKING STATEMENTS WILL BE ACHIEVED. YOU SHOULD NOT PLACE UNDUE RELIANCE ON FORWARD-LOOKING STATEMENTS, WHICH SPEAK ONLY AS OF THE DATE THEY ARE MADE. NEITHER BROADSCALE NOR VOLTUS GIVES ANY ASSURANCE THAT EITHER BROADSCALE OR VOLTUS OR THE COMBINED COMPANY WILL ACHIEVE ITS EXPECTED RESULTS. NEITHER BROADSCALE NOR VOLTUS UNDERTAKES ANY DUTY TO UPDATE THESE FORWARD-LOOKING STATEMENTS, EXCEPT AS OTHERWISE REQUIRED BY LAW. USE OF PROJECTIONS THIS PRESS RELEASE MAY CONTAIN FINANCIAL FORECASTS OF VOLTUS. NEITHER VOLTUS’S INDEPENDENT AUDITORS, NOR THE INDEPENDENT REGISTERED PUBLIC ACCOUNTING FIRM OF BROADSCALE, AUDITED, REVIEWED, COMPILED OR PERFORMED ANY PROCEDURES WITH RESPECT TO THE PROJECTIONS FOR THE PURPOSE OF THEIR INCLUSION IN THIS PRESS RELEASE, AND ACCORDINGLY, NEITHER OF THEM EXPRESSED AN OPINION OR PROVIDED ANY OTHER FORM OF ASSURANCE WITH RESPECT THERETO FOR THE PURPOSE OF THIS PRESS RELEASE. THESE PROJECTIONS SHOULD NOT BE RELIED UPON AS BEING NECESSARILY INDICATIVE OF FUTURE RESULTS. THE PROJECTED FINANCIAL INFORMATION CONTAINED IN THIS PRESS RELEASE CONSTITUTES FORWARD-LOOKING INFORMATION. THE ASSUMPTIONS AND ESTIMATES UNDERLYING SUCH PROJECTED FINANCIAL INFORMATION ARE INHERENTLY UNCERTAIN AND ARE SUBJECT TO A WIDE VARIETY OF SIGNIFICANT BUSINESS, ECONOMIC, COMPETITIVE AND OTHER RISKS AND UNCERTAINTIES THAT COULD CAUSE ACTUAL RESULTS TO DIFFER MATERIALLY FROM THOSE CONTAINED IN THE PROSPECTIVE FINANCIAL INFORMATION. SEE “FORWARD-LOOKING STATEMENTS” ABOVE. ACTUAL RESULTS MAY DIFFER MATERIALLY FROM THE RESULTS CONTEMPLATED BY THE PROJECTED FINANCIAL INFORMATION CONTAINED IN THIS PRESS RELEASE, AND THE INCLUSION OF SUCH INFORMATION IN THIS PRESS RELEASE SHOULD NOT BE REGARDED AS A REPRESENTATION BY ANY PERSON THAT THE RESULTS REFLECTED IN SUCH PROJECTIONS WILL BE ACHIEVED. ADDITIONAL INFORMATION AND WHERE TO FIND IT IN CONNECTION WITH THE PROPOSED TRANSACTION, BROADSCALE HAS FILED WITH THE U.S. SECURITIES AND EXCHANGE COMMISSION THE REGISTRATION STATEMENT, WHICH INCLUDED A PRELIMINARY PROXY STATEMENT AND A PRELIMINARY PROSPECTUS. AFTER THE REGISTRATION STATEMENT HAS BEEN DECLARED EFFECTIVE, BROADSCALE WILL MAIL A DEFINITIVE PROXY STATEMENT /PROSPECTUS RELATING TO THE PROPOSED TRANSACTION TO ITS STOCKHOLDERS AS OF THE RECORD DATE ESTABLISHED FOR VOTING ON THE PROPOSED TRANSACTIONS. BROADSCALE’S STOCKHOLDERS AND OTHER INTERESTED PERSONS ARE URGED TO CAREFULLY READ THE REGISTRATION STATEMENT, INCLUDING THE PRELIMINARY PROXY STATEMENT / PRELIMINARY PROSPECTUS, AND ANY AMENDMENTS THERETO, AND, WHEN AVAILABLE, THE DEFINITIVE PROXY STATEMENT/PROSPECTUS AND OTHER DOCUMENTS FILED IN CONNECTION WITH THE PROPOSED TRANSACTION, AS THESE MATERIALS CONTAIN, OR WILL CONTAIN, IMPORTANT INFORMATION ABOUT THE PROPOSED TRANSACTION AND THE PARTIES TO THE PROPOSED TRANSACTION. BROADSCALE’S STOCKHOLDERS AND OTHER INTERESTED PERSONS WILL BE ABLE TO OBTAIN FREE COPIES OF THE REGISTRATION STATEMENT, THE PRELIMINARY PROXY STATEMENT / PRELIMINARY PROSPECTUS, THE DEFINITIVE PROXY STATEMENT/PROSPECTUS AND ALL OTHER RELEVANT DOCUMENTS FILED OR THAT WILL BE FILED WITH THE SEC, WITHOUT CHARGE, WHEN AVAILABLE, AT THE WEBSITE MAINTAINED BY THE SEC AT WWW.SEC.GOV. THE DOCUMENTS FILED BY BROADSCALE WITH THE SEC ALSO MAY BE OBTAINED FREE OF CHARGE AT BROADSCALE’S WEBSITE AT HTTPS://WWW.BROADSCALESPAC.COM OR UPON WRITTEN REQUEST TO 1845 WALNUT STREET, SUITE 1111, PHILADELPHIA, PA 19103. NEITHER THE SEC NOR ANY STATE SECURITIES REGULATORY AGENCY HAS APPROVED OR DISAPPROVED THE TRANSACTIONS DESCRIBED IN THIS PRESS RELEASE, PASSED UPON THE MERITS OR FAIRNESS OF THE BUSINESS COMBINATION OR RELATED TRANSACTIONS OR PASSED UPON THE ADEQUACY OR ACCURACY OF THE DISCLOSURE IN THIS PRESS RELEASE. ANY REPRESENTATION TO THE CONTRARY CONSTITUTES A CRIMINAL OFFENSE. PARTICIPANTS IN THE SOLICITATION BROADSCALE AND VOLTUS AND THEIR RESPECTIVE DIRECTORS AND EXECUTIVE OFFICERS MAY BE DEEMED TO BE PARTICIPANTS IN THE SOLICITATION OF PROXIES FROM BROADSCALE’S STOCKHOLDERS IN CONNECTION WITH THE PROPOSED TRANSACTIONS. BROADSCALE’S STOCKHOLDERS AND OTHER INTERESTED PERSONS MAY OBTAIN, WITHOUT CHARGE, MORE DETAILED INFORMATION REGARDING THE DIRECTORS AND EXECUTIVE OFFICERS OF BROADSCALE LISTED IN THE REGISTRATION STATEMENT. INFORMATION REGARDING THE PERSONS WHO MAY, UNDER SEC RULES, BE DEEMED PARTICIPANTS IN THE SOLICITATION OF PROXIES FROM BROADSCALE’S STOCKHOLDERS IN CONNECTION WITH THE PROPOSED BUSINESS COMBINATION IS SET FORTH IN THE REGISTRATION STATEMENT. NO OFFER OR SOLICITATION THIS PRESS RELEASE IS NOT INTENDED TO AND DOES NOT CONSTITUTE AN OFFER TO SELL OR THE SOLICITATION OF AN OFFER TO BUY, SELL OR SOLICIT ANY SECURITIES OR ANY PROXY, VOTE OR APPROVAL, NOR SHALL THERE BE ANY SALE OF SECURITIES IN ANY JURISDICTION IN WHICH SUCH OFFER, SOLICITATION OR SALE WOULD BE UNLAWFUL PRIOR TO REGISTRATION OR QUALIFICATION UNDER THE SECURITIES LAWS OF ANY SUCH JURISDICTION. NO OFFER OF SECURITIES SHALL BE DEEMED TO BE MADE EXCEPT BY MEANS OF A PROSPECTUS MEETING THE REQUIREMENTS OF SECTION 10 OF THE SECURITIES ACT.","VOLTUS, RESIDEO, AND GOOGLE NEST TO LAUNCH FIRST BRING-YOUR-OWN-THERMOSTAT PROGRAM THAT DELIVERS GRID SUPPORT DURING UNPLANNED POWER PLANT OUTAGES AND PERIODS OF PEAK DEMAND. SAN FRANCISCO & BOSTON--(BUSINESS WIRE)--VOLTUS, INC. (""VOLTUS""), THE LEADING DISTRIBUTED ENERGY RESOURCE (DER) SOFTWARE TECHNOLOGY PLATFORM, TOGETHER WITH RESIDEO (NYSE: REZI), A LEADING GLOBAL PROVIDER OF HOME COMFORT AND SECURITY SOLUTIONS AND A DISTRIBUTED ENERGY RESOURCE MANAGEMENT SYSTEM (DERMS), AND GOOGLE NEST, TODAY ANNOUNCED THE LAUNCH OF THE FIRST BRING-YOUR-OWN-THERMOSTAT PROGRAM THAT WILL DELIVER BOTH DEMAND RESPONSE CAPACITY AND ANCILLARY SERVICES VALUE TO PJM INTERCONNECTION, THE NATION’S LARGEST ELECTRIC GRID OPERATOR. THE PROGRAM IS NOW AVAILABLE TO SELECT CUSTOMERS OF PPL ELECTRIC UTILITIES IN PENNSYLVANIA. “RESIDEO IS AN ACTIVE PARTICIPANT IN DECARBONIZING THE ELECTRIC GRID AND OUR CONNECTED SAVINGS PROGRAM SETS A NEW STANDARD IN BALANCING COMFORT WITH ENERGY EFFICIENCY,” SAID PHIL THEODORE, PRESIDENT OF PRODUCTS & SOLUTIONS AT RESIDEO. ""TOGETHER WITH OTHER INDUSTRY LEADERS, WE ARE HELPING CREATE A MORE SUSTAINABLE FUTURE BY UTILIZING OUR MARKET-LEADING SMART THERMOSTAT PORTFOLIO INTEGRATIONS AND DEMAND RESPONSE TECHNOLOGY TO HELP REDUCE THE IMPACT TO THE ENVIRONMENT."" IN ADDITION TO PARTICIPATING IN ITS CONNECTED SAVINGS PROGRAM, EACH OF RESIDEO’S HONEYWELL HOME THERMOSTAT CUSTOMERS HAS THE OPTION TO FUND THE PLANTING OF FIFTY NATIVE TREES IN PENNSYLVANIA'S CHESAPEAKE BAY WATERSHED. THESE STREAMSIDE FORESTED BUFFERS CAN HELP CONTROL EROSION, RESTORE WATER QUALITY, PROTECT THE LOCAL ENVIRONMENT AND IMPROVE AIR QUALITY. “WE’RE THRILLED TO BE WORKING WITH INDUSTRY LEADERS RESIDEO AND GOOGLE TO DEMONSTRATE THAT RESIDENTIAL CUSTOMERS CAN RELIABLY SUPPORT GRID STABILITY IN BOTH ANCILLARY SERVICES AND CAPACITY MARKETS,” SAID DANA GUERNSEY, VOLTUS CHIEF PRODUCT OFFICER AND CO-FOUNDER. “TODAY, SMART THERMOSTATS TYPICALLY ONLY DELIVER VALUE DURING THE HOTTEST AFTERNOONS OF THE YEAR WHEN AC USAGE IS AT ITS PEAK. THE VOLTUS PLATFORM CAN DISPATCH DERS AT A MOMENT’S NOTICE, WHICH IS REQUIRED TO DELIVER OPERATING RESERVES TO ADDRESS SUDDEN, UNEXPECTED GRID SUPPLY CONSTRAINTS, LIKE TRADITIONAL POWER PLANTS UNEXPECTEDLY BEING UNAVAILABLE. THERE ARE AN ESTIMATED 34 MILLION SMART THERMOSTATS IN THE US, EACH CAPABLE OF DELIVERING ABOUT ONE KILOWATT OF CONTROLLABLE ELECTRICITY DEMAND, OR 34,000 MW IN TOTAL.” THE RESIDEO ENERGY MANAGEMENT PLATFORM MANAGES MORE THAN ONE-QUARTER OF A GIGAWATT OF DEMAND RESPONSE (DR) CAPACITY WITH ANOTHER 12 GWH OF OPTIMIZED ENERGY EFFICIENCY ACROSS THE U.S. RESIDEO SERVES MORE THAN 25 OF THE NATION’S UTILITY PORTFOLIOS, PROVIDING DR, ENERGY MARKET, ENERGY EFFICIENCY AND BEHAVIORAL SERVICES TO MAJOR MARKETS THROUGHOUT THE NATION. THE VOLTUS SOFTWARE PLATFORM CONNECTS DERS TO ELECTRICITY MARKETS, MAXIMIZING THE AVAILABILITY OF THESE RESOURCES TO GRID OPERATORS. COMPRISED OF ALL DER ASSET TYPES, FROM THE SMALLEST DERS (E.G. SMART THERMOSTATS AND OTHER RESIDENTIAL RESOURCES) TO THE LARGEST DERS (E.G. MANUFACTURING FACILITIES, DATA CENTERS, BIG BOX RETAIL), VOLTUS IS THE ONLY DER SOFTWARE PLATFORM PARTICIPATING IN ALL NINE U.S. AND CANADIAN WHOLESALE POWER MARKETS. ABOUT RESIDEO ENERGY MANAGEMENT RESIDEO'S ENERGY MANAGEMENT BUSINESS OFFERS PEAK DEMAND REDUCTION, AUTOMATED ENERGY EFFICIENCY, BEHAVIORAL ENERGY EFFICIENCY, AND AUTOMATED TIME OF USE FOR CUSTOMERS ACROSS THE U.S. RESIDEO'S ENERGY-SAVING DEVICES HELPED ITS CUSTOMERS SAVE 1.2 BILLION KILOWATT HOURS IN 2020. ALREADY WORKING WITH MAJOR UTILITIES ACROSS THE NATION, THE COMPANY RECENTLY EXPANDED TO INCLUDE ADDITIONAL DISTRIBUTED ENERGY RESOURCES. FOR ADDITIONAL INFORMATION, UTILITIES CAN VISIT CONNECTEDSAVINGS.COM. ABOUT RESIDEO RESIDEO IS A LEADING GLOBAL MANUFACTURER AND DISTRIBUTOR OF TECHNOLOGY-DRIVEN PRODUCTS AND SOLUTIONS THAT PROVIDE COMFORT, SECURITY, ENERGY EFFICIENCY AND CONTROL TO CUSTOMERS WORLDWIDE. BUILDING ON A 130-YEAR HERITAGE, RESIDEO HAS A PRESENCE IN MORE THAN 150 MILLION HOMES, WITH 15 MILLION SYSTEMS INSTALLED IN HOMES EACH YEAR. WE CONTINUE TO SERVE MORE THAN 110,000 PROFESSIONALS THROUGH LEADING DISTRIBUTORS, INCLUDING OUR ADI GLOBAL DISTRIBUTION BUSINESS, WHICH EXPORTS TO MORE THAN 100 COUNTRIES FROM NEARLY 200 STOCKING LOCATIONS AROUND THE WORLD. FOR MORE INFORMATION ABOUT RESIDEO, PLEASE VISIT WWW.RESIDEO.COM. THE HONEYWELL HOME TRADEMARK IS USED UNDER A LONG-TERM LICENSE TO RESIDEO FROM HONEYWELL INTERNATIONAL INC. ABOUT VOLTUS VOLTUS IS THE LEADING SOFTWARE TECHNOLOGY PLATFORM CONNECTING DISTRIBUTED ENERGY RESOURCES TO ELECTRICITY MARKETS, DELIVERING LESS EXPENSIVE, MORE RELIABLE, AND MORE SUSTAINABLE ELECTRICITY. OUR COMMERCIAL AND INDUSTRIAL CUSTOMERS AND DER PARTNERS GENERATE CASH BY ALLOWING VOLTUS TO MAXIMIZE THE VALUE OF THEIR FLEXIBLE LOAD, DISTRIBUTED GENERATION, ENERGY STORAGE, ENERGY EFFICIENCY, AND ELECTRIC VEHICLE RESOURCES IN THESE MARKETS. TO LEARN MORE, VISIT WWW.VOLTUS.CO. ON NOVEMBER 30, 2021, BROADSCALE ACQUISITION CORP. (""BROADSCALE"") (NASDAQ: SCLE) ENTERED INTO A DEFINITIVE AGREEMENT FOR A BUSINESS COMBINATION WITH VOLTUS. THE COMBINED COMPANY IS EXPECTED TO BE LISTED ON THE NASDAQ UPON COMPLETION OF THE TRANSACTION. THE TRANSACTION IS EXPECTED TO OCCUR IN THE SECOND QUARTER OF 2022 AND IS SUBJECT TO APPROVAL BY BROADSCALE'S STOCKHOLDERS, THE REGISTRATION STATEMENT BEING DECLARED EFFECTIVE BY THE SEC, AND OTHER CUSTOMARY CLOSING CONDITIONS. FORWARD-LOOKING STATEMENTS THIS PRESS RELEASE CONTAINS CERTAIN “FORWARD-LOOKING STATEMENTS” WITHIN THE MEANING OF THE UNITED STATES PRIVATE SECURITIES LITIGATION REFORM ACT OF 1995, SECTION 27A OF THE SECURITIES ACT OF 1933, AS AMENDED (THE “SECURITIES ACT”), AND SECTION 21E OF THE SECURITIES EXCHANGE ACT OF 1934, AS AMENDED, INCLUDING CERTAIN FINANCIAL FORECASTS AND PROJECTIONS. ALL STATEMENTS OTHER THAN STATEMENTS OF HISTORICAL FACT CONTAINED IN THIS PRESS RELEASE, INCLUDING STATEMENTS AS TO FUTURE RESULTS OF OPERATIONS AND FINANCIAL POSITION, REVENUE AND OTHER METRICS, PLANNED PRODUCTS AND SERVICES, BUSINESS STRATEGY AND PLANS, OBJECTIVES OF MANAGEMENT FOR FUTURE OPERATIONS OF VOLTUS MARKET SIZE AND GROWTH OPPORTUNITIES, COMPETITIVE POSITION AND TECHNOLOGICAL AND MARKET TRENDS, ARE FORWARD-LOOKING STATEMENTS. SOME OF THESE FORWARD-LOOKING STATEMENTS CAN BE IDENTIFIED BY THE USE OF FORWARD-LOOKING WORDS, INCLUDING “MAY,” “SHOULD,” “EXPECT,” “INTEND,” “WILL,” “ESTIMATE,” “ANTICIPATE,” “BELIEVE,” “PREDICT,” “PLAN,” “TARGETS,” “PROJECTS,” “COULD,” “WOULD,” “CONTINUE,” “FORECAST” OR THE NEGATIVES OF THESE TERMS OR VARIATIONS OF THEM OR SIMILAR EXPRESSIONS. ALL FORWARD-LOOKING STATEMENTS ARE SUBJECT TO RISKS, UNCERTAINTIES, AND OTHER FACTORS WHICH COULD CAUSE ACTUAL RESULTS TO DIFFER MATERIALLY FROM THOSE EXPRESSED OR IMPLIED BY SUCH FORWARD-LOOKING STATEMENTS. ALL FORWARD-LOOKING STATEMENTS ARE BASED UPON ESTIMATES, FORECASTS AND ASSUMPTIONS THAT, WHILE CONSIDERED REASONABLE BY BROADSCALE AND ITS MANAGEMENT, AND VOLTUS AND ITS MANAGEMENT, AS THE CASE MAY BE, ARE INHERENTLY UNCERTAIN AND MANY FACTORS MAY CAUSE THE ACTUAL RESULTS TO DIFFER MATERIALLY FROM CURRENT EXPECTATIONS WHICH INCLUDE, BUT ARE NOT LIMITED TO: 1) THE OCCURRENCE OF ANY EVENT, CHANGE OR OTHER CIRCUMSTANCE THAT COULD GIVE RISE TO THE TERMINATION OF THE DEFINITIVE MERGER AGREEMENT WITH RESPECT TO THE BUSINESS COMBINATION; 2) THE OUTCOME OF ANY LEGAL PROCEEDINGS THAT MAY BE INSTITUTED AGAINST VOLTUS, BROADSCALE, THE COMBINED COMPANY OR OTHERS FOLLOWING THE ANNOUNCEMENT OF THE BUSINESS COMBINATION AND ANY DEFINITIVE AGREEMENTS WITH RESPECT THERETO; 3) THE INABILITY TO COMPLETE THE BUSINESS COMBINATION DUE TO THE FAILURE TO OBTAIN APPROVAL OF THE STOCKHOLDERS OF BROADSCALE OR VOLTUS, OR TO SATISFY OTHER CONDITIONS TO CLOSING THE BUSINESS COMBINATION; 4) CHANGES TO THE PROPOSED STRUCTURE OF THE BUSINESS COMBINATION THAT MAY BE REQUIRED OR APPROPRIATE AS A RESULT OF APPLICABLE LAWS OR REGULATIONS OR AS A CONDITION TO OBTAINING REGULATORY APPROVAL OF THE BUSINESS COMBINATION; 5) THE ABILITY TO MEET NASDAQ'S LISTING STANDARDS FOLLOWING THE CONSUMMATION OF THE BUSINESS COMBINATION; 6) THE RISK THAT THE BUSINESS COMBINATION DISRUPTS CURRENT PLANS AND OPERATIONS OF VOLTUS AS A RESULT OF THE ANNOUNCEMENT AND CONSUMMATION OF THE BUSINESS COMBINATION; 7) THE INABILITY TO RECOGNIZE THE ANTICIPATED BENEFITS OF THE BUSINESS COMBINATION, WHICH MAY BE AFFECTED BY, AMONG OTHER THINGS, COMPETITION, THE ABILITY OF THE COMBINED COMPANY TO GROW AND MANAGE GROWTH PROFITABLY, MAINTAIN RELATIONSHIPS WITH CUSTOMERS AND SUPPLIERS AND RETAIN ITS MANAGEMENT AND KEY EMPLOYEES; 8) COSTS RELATED TO THE BUSINESS COMBINATION; 9) CHANGES IN APPLICABLE LAWS OR REGULATIONS; 10) THE POSSIBILITY THAT VOLTUS OR THE COMBINED COMPANY MAY BE ADVERSELY AFFECTED BY OTHER ECONOMIC, BUSINESS AND/OR COMPETITIVE FACTORS; 11) VOLTUS’S ESTIMATES OF ITS FINANCIAL PERFORMANCE; 12) THE RISK THAT THE BUSINESS COMBINATION MAY NOT BE COMPLETED IN A TIMELY MANNER OR AT ALL, WHICH MAY ADVERSELY AFFECT THE PRICE OF BROADSCALE’S SECURITIES; 13) THE RISK THAT THE TRANSACTION MAY NOT BE COMPLETED BY BROADSCALE’S BUSINESS COMBINATION DEADLINE AND THE POTENTIAL FAILURE TO OBTAIN AN EXTENSION OF THE BUSINESS COMBINATION DEADLINE IF SOUGHT BY BROADSCALE; 14) THE IMPACT OF THE NOVEL CORONAVIRUS DISEASE PANDEMIC, INCLUDING ANY MUTATIONS OR VARIANTS THEREOF, AND ITS EFFECT ON BUSINESS AND FINANCIAL CONDITIONS; 15) INABILITY TO COMPLETE THE PIPE INVESTMENT IN CONNECTION WITH THE BUSINESS COMBINATION; AND 16) OTHER RISKS AND UNCERTAINTIES SET FORTH IN THE SECTIONS ENTITLED “RISK FACTORS” AND “CAUTIONARY NOTE REGARDING FORWARD-LOOKING STATEMENTS” IN BROADSCALE’S REGISTRATION STATEMENT ON FORM S-4 (FILE NO. 333-262287), FILED WITH THE SEC ON JANUARY 21, 2022 AND AS AMENDED BY AMENDMENT NO. 1 FILED ON MARCH 18, 2022 (COLLECTIVELY, THE “REGISTRATION STATEMENT”), AND OTHER DOCUMENTS FILED BY BROADSCALE FROM TIME TO TIME WITH THE SEC. THESE FILINGS IDENTIFY AND ADDRESS OTHER IMPORTANT RISKS AND UNCERTAINTIES THAT COULD CAUSE ACTUAL EVENTS AND RESULTS TO DIFFER MATERIALLY FROM THOSE CONTAINED IN THE FORWARD-LOOKING STATEMENTS. NOTHING IN THIS PRESS RELEASE SHOULD BE REGARDED AS A REPRESENTATION BY ANY PERSON THAT THE FORWARD-LOOKING STATEMENTS SET FORTH HEREIN WILL BE ACHIEVED OR THAT ANY OF THE CONTEMPLATED RESULTS OF SUCH FORWARD LOOKING STATEMENTS WILL BE ACHIEVED. YOU SHOULD NOT PLACE UNDUE RELIANCE ON FORWARD-LOOKING STATEMENTS, WHICH SPEAK ONLY AS OF THE DATE THEY ARE MADE. NEITHER BROADSCALE NOR VOLTUS GIVES ANY ASSURANCE THAT EITHER BROADSCALE OR VOLTUS OR THE COMBINED COMPANY WILL ACHIEVE ITS EXPECTED RESULTS. NEITHER BROADSCALE NOR VOLTUS UNDERTAKES ANY DUTY TO UPDATE THESE FORWARD-LOOKING STATEMENTS, EXCEPT AS OTHERWISE REQUIRED BY LAW. USE OF PROJECTIONS THIS PRESS RELEASE MAY CONTAIN FINANCIAL FORECASTS OF VOLTUS. NEITHER VOLTUS’S INDEPENDENT AUDITORS, NOR THE INDEPENDENT REGISTERED PUBLIC ACCOUNTING FIRM OF BROADSCALE, AUDITED, REVIEWED, COMPILED OR PERFORMED ANY PROCEDURES WITH RESPECT TO THE PROJECTIONS FOR THE PURPOSE OF THEIR INCLUSION IN THIS PRESS RELEASE, AND ACCORDINGLY, NEITHER OF THEM EXPRESSED AN OPINION OR PROVIDED ANY OTHER FORM OF ASSURANCE WITH RESPECT THERETO FOR THE PURPOSE OF THIS PRESS RELEASE. THESE PROJECTIONS SHOULD NOT BE RELIED UPON AS BEING NECESSARILY INDICATIVE OF FUTURE RESULTS. THE PROJECTED FINANCIAL INFORMATION CONTAINED IN THIS PRESS RELEASE CONSTITUTES FORWARD-LOOKING INFORMATION. THE ASSUMPTIONS AND ESTIMATES UNDERLYING SUCH PROJECTED FINANCIAL INFORMATION ARE INHERENTLY UNCERTAIN AND ARE SUBJECT TO A WIDE VARIETY OF SIGNIFICANT BUSINESS, ECONOMIC, COMPETITIVE AND OTHER RISKS AND UNCERTAINTIES THAT COULD CAUSE ACTUAL RESULTS TO DIFFER MATERIALLY FROM THOSE CONTAINED IN THE PROSPECTIVE FINANCIAL INFORMATION. SEE “FORWARD-LOOKING STATEMENTS” ABOVE. ACTUAL RESULTS MAY DIFFER MATERIALLY FROM THE RESULTS CONTEMPLATED BY THE PROJECTED FINANCIAL INFORMATION CONTAINED IN THIS PRESS RELEASE, AND THE INCLUSION OF SUCH INFORMATION IN THIS PRESS RELEASE SHOULD NOT BE REGARDED AS A REPRESENTATION BY ANY PERSON THAT THE RESULTS REFLECTED IN SUCH PROJECTIONS WILL BE ACHIEVED. ADDITIONAL INFORMATION AND WHERE TO FIND IT IN CONNECTION WITH THE PROPOSED TRANSACTION, BROADSCALE HAS FILED WITH THE U.S. SECURITIES AND EXCHANGE COMMISSION THE REGISTRATION STATEMENT, WHICH INCLUDED A PRELIMINARY PROXY STATEMENT AND A PRELIMINARY PROSPECTUS. AFTER THE REGISTRATION STATEMENT HAS BEEN DECLARED EFFECTIVE, BROADSCALE WILL MAIL A DEFINITIVE PROXY STATEMENT /PROSPECTUS RELATING TO THE PROPOSED TRANSACTION TO ITS STOCKHOLDERS AS OF THE RECORD DATE ESTABLISHED FOR VOTING ON THE PROPOSED TRANSACTIONS. BROADSCALE’S STOCKHOLDERS AND OTHER INTERESTED PERSONS ARE URGED TO CAREFULLY READ THE REGISTRATION STATEMENT, INCLUDING THE PRELIMINARY PROXY STATEMENT / PRELIMINARY PROSPECTUS, AND ANY AMENDMENTS THERETO, AND, WHEN AVAILABLE, THE DEFINITIVE PROXY STATEMENT/PROSPECTUS AND OTHER DOCUMENTS FILED IN CONNECTION WITH THE PROPOSED TRANSACTION, AS THESE MATERIALS CONTAIN, OR WILL CONTAIN, IMPORTANT INFORMATION ABOUT THE PROPOSED TRANSACTION AND THE PARTIES TO THE PROPOSED TRANSACTION. BROADSCALE’S STOCKHOLDERS AND OTHER INTERESTED PERSONS WILL BE ABLE TO OBTAIN FREE COPIES OF THE REGISTRATION STATEMENT, THE PRELIMINARY PROXY STATEMENT / PRELIMINARY PROSPECTUS, THE DEFINITIVE PROXY STATEMENT/PROSPECTUS AND ALL OTHER RELEVANT DOCUMENTS FILED OR THAT WILL BE FILED WITH THE SEC, WITHOUT CHARGE, WHEN AVAILABLE, AT THE WEBSITE MAINTAINED BY THE SEC AT WWW.SEC.GOV. THE DOCUMENTS FILED BY BROADSCALE WITH THE SEC ALSO MAY BE OBTAINED FREE OF CHARGE AT BROADSCALE’S WEBSITE AT HTTPS://WWW.BROADSCALESPAC.COM OR UPON WRITTEN REQUEST TO 1845 WALNUT STREET, SUITE 1111, PHILADELPHIA, PA 19103. NEITHER THE SEC NOR ANY STATE SECURITIES REGULATORY AGENCY HAS APPROVED OR DISAPPROVED THE TRANSACTIONS DESCRIBED IN THIS PRESS RELEASE, PASSED UPON THE MERITS OR FAIRNESS OF THE BUSINESS COMBINATION OR RELATED TRANSACTIONS OR PASSED UPON THE ADEQUACY OR ACCURACY OF THE DISCLOSURE IN THIS PRESS RELEASE. ANY REPRESENTATION TO THE CONTRARY CONSTITUTES A CRIMINAL OFFENSE. PARTICIPANTS IN THE SOLICITATION BROADSCALE AND VOLTUS AND THEIR RESPECTIVE DIRECTORS AND EXECUTIVE OFFICERS MAY BE DEEMED TO BE PARTICIPANTS IN THE SOLICITATION OF PROXIES FROM BROADSCALE’S STOCKHOLDERS IN CONNECTION WITH THE PROPOSED TRANSACTIONS. BROADSCALE’S STOCKHOLDERS AND OTHER INTERESTED PERSONS MAY OBTAIN, WITHOUT CHARGE, MORE DETAILED INFORMATION REGARDING THE DIRECTORS AND EXECUTIVE OFFICERS OF BROADSCALE LISTED IN THE REGISTRATION STATEMENT. INFORMATION REGARDING THE PERSONS WHO MAY, UNDER SEC RULES, BE DEEMED PARTICIPANTS IN THE SOLICITATION OF PROXIES FROM BROADSCALE’S STOCKHOLDERS IN CONNECTION WITH THE PROPOSED BUSINESS COMBINATION IS SET FORTH IN THE REGISTRATION STATEMENT. NO OFFER OR SOLICITATION THIS PRESS RELEASE IS NOT INTENDED TO AND DOES NOT CONSTITUTE AN OFFER TO SELL OR THE SOLICITATION OF AN OFFER TO BUY, SELL OR SOLICIT ANY SECURITIES OR ANY PROXY, VOTE OR APPROVAL, NOR SHALL THERE BE ANY SALE OF SECURITIES IN ANY JURISDICTION IN WHICH SUCH OFFER, SOLICITATION OR SALE WOULD BE UNLAWFUL PRIOR TO REGISTRATION OR QUALIFICATION UNDER THE SECURITIES LAWS OF ANY SUCH JURISDICTION. NO OFFER OF SECURITIES SHALL BE DEEMED TO BE MADE EXCEPT BY MEANS OF A PROSPECTUS MEETING THE REQUIREMENTS OF SECTION 10 OF THE SECURITIES ACT.","['voltus, resideo, and google nest to launch first bring-your-own-thermostat program that delivers grid support during unplanned power plant outages and periods of peak demand', 'san francisco boston--business wire--voltus, inc', 'voltus, the leading distributed energy resource der software technology platform, together with resideo nyse rezi, a leading global provider of home comfort and security solutions and a distributed energy resource management system derms, and google nest, today announced the launch of the first bring-your-own-thermostat program that will deliver both demand response capacity and ancillary services value to pjm interconnection, the nations largest electric grid operator', 'the program is now available to select customers of ppl electric utilities in pennsylvania', 'resideo is an active participant in decarbonizing the electric grid and our connected savings program sets a new standard in balancing comfort with energy efficiency, said phil theodore, president of products solutions at resideo', 'together with other industry leaders, we are helping create a more sustainable future by utilizing our market-leading smart thermostat portfolio integrations and demand response technology to help reduce the impact to the environment', ""in addition to participating in its connected savings program, each of resideos honeywell home thermostat customers has the option to fund the planting of fifty native trees in pennsylvania's chesapeake bay watershed"", 'these streamside forested buffers can help control erosion, restore water quality, protect the local environment and improve air quality', 'were thrilled to be working with industry leaders resideo and google to demonstrate that residential customers can reliably support grid stability in both ancillary services and capacity markets, said dana guernsey, voltus chief product officer and co-founder', 'today, smart thermostats typically only deliver value during the hottest afternoons of the year when ac usage is at its peak', 'the voltus platform can dispatch ders at a moments notice, which is required to deliver operating reserves to address sudden, unexpected grid supply constraints, like traditional power plants unexpectedly being unavailable', 'there are an estimated 34 million smart thermostats in the us, each capable of delivering about one kilowatt of controllable electricity demand, or 34,000 mw in total', 'the resideo energy management platform manages more than one-quarter of a gigawatt of demand response dr capacity with another 12 gwh of optimized energy efficiency across the u.s', 'resideo serves more than 25 of the nations utility portfolios, providing dr, energy market, energy efficiency and behavioral services to major markets throughout the nation', 'the voltus software platform connects ders to electricity markets, maximizing the availability of these resources to grid operators', 'comprised of all der asset types, from the smallest ders e.g', 'smart thermostats and other residential resources to the largest ders e.g', 'manufacturing facilities, data centers, big box retail, voltus is the only der software platform participating in all nine u.s', 'and canadian wholesale power markets', ""about resideo energy management resideo's energy management business offers peak demand reduction, automated energy efficiency, behavioral energy efficiency, and automated time of use for customers across the u.s"", ""resideo's energy-saving devices helped its customers save 1.2 billion kilowatt hours in 2020"", 'already working with major utilities across the nation, the company recently expanded to include additional distributed energy resources', 'for additional information, utilities can visit connectedsavings.com', 'about resideo resideo is a leading global manufacturer and distributor of technology-driven products and solutions that provide comfort, security, energy efficiency and control to customers worldwide', 'building on a 130-year heritage, resideo has a presence in more than 150 million homes, with 15 million systems installed in homes each year', 'we continue to serve more than 110,000 professionals through leading distributors, including our adi global distribution business, which exports to more than 100 countries from nearly 200 stocking locations around the world', 'for more information about resideo, please visit the honeywell home trademark is used under a long-term license to resideo from honeywell international inc', 'about voltus voltus is the leading software technology platform connecting distributed energy resources to electricity markets, delivering less expensive, more reliable, and more sustainable electricity', 'our commercial and industrial customers and der partners generate cash by allowing voltus to maximize the value of their flexible load, distributed generation, energy storage, energy efficiency, and electric vehicle resources in these markets', 'to learn more, visit on november 30, 2021, broadscale acquisition corp', 'broadscale nasdaq scle entered into a definitive agreement for a business combination with voltus', 'the combined company is expected to be listed on the nasdaq upon completion of the transaction', ""the transaction is expected to occur in the second quarter of 2022 and is subject to approval by broadscale's stockholders, the registration statement being declared effective by the sec, and other customary closing conditions"", 'forward-looking statements this press release contains certain forward-looking statements within the meaning of the united states private securities litigation reform act of 1995, section 27a of the securities act of 1933, as amended the securities act, and section 21e of the securities exchange act of 1934, as amended, including certain financial forecasts and projections', 'all statements other than statements of historical fact contained in this press release, including statements as to future results of operations and financial position, revenue and other metrics, planned products and services, business strategy and plans, objectives of management for future operations of voltus market size and growth opportunities, competitive position and technological and market trends, are forward-looking statements', 'some of these forward-looking statements can be identified by the use of forward-looking words, including may, should, expect, intend, will, estimate, anticipate, believe, predict, plan, targets, projects, could, would, continue, forecast or the negatives of these terms or variations of them or similar expressions', 'all forward-looking statements are subject to risks, uncertainties, and other factors which could cause actual results to differ materially from those expressed or implied by such forward-looking statements', ""all forward-looking statements are based upon estimates, forecasts and assumptions that, while considered reasonable by broadscale and its management, and voltus and its management, as the case may be, are inherently uncertain and many factors may cause the actual results to differ materially from current expectations which include, but are not limited to 1 the occurrence of any event, change or other circumstance that could give rise to the termination of the definitive merger agreement with respect to the business combination 2 the outcome of any legal proceedings that may be instituted against voltus, broadscale, the combined company or others following the announcement of the business combination and any definitive agreements with respect thereto 3 the inability to complete the business combination due to the failure to obtain approval of the stockholders of broadscale or voltus, or to satisfy other conditions to closing the business combination 4 changes to the proposed structure of the business combination that may be required or appropriate as a result of applicable laws or regulations or as a condition to obtaining regulatory approval of the business combination 5 the ability to meet nasdaq's listing standards following the consummation of the business combination 6 the risk that the business combination disrupts current plans and operations of voltus as a result of the announcement and consummation of the business combination 7 the inability to recognize the anticipated benefits of the business combination, which may be affected by, among other things, competition, the ability of the combined company to grow and manage growth profitably, maintain relationships with customers and suppliers and retain its management and key employees 8 costs related to the business combination 9 changes in applicable laws or regulations 10 the possibility that voltus or the combined company may be adversely affected by other economic, business andor competitive factors 11 voltuss estimates of its financial performance 12 the risk that the business combination may not be completed in a timely manner or at all, which may adversely affect the price of broadscales securities 13 the risk that the transaction may not be completed by broadscales business combination deadline and the potential failure to obtain an extension of the business combination deadline if sought by broadscale 14 the impact of the novel coronavirus disease pandemic, including any mutations or variants thereof, and its effect on business and financial conditions 15 inability to complete the pipe investment in connection with the business combination and 16 other risks and uncertainties set forth in the sections entitled risk factors and cautionary note regarding forward-looking statements in broadscales registration statement on form s-4 file no"", '333-262287, filed with the sec on january 21, 2022 and as amended by amendment no', '1 filed on march 18, 2022 collectively, the registration statement, and other documents filed by broadscale from time to time with the sec', 'these filings identify and address other important risks and uncertainties that could cause actual events and results to differ materially from those contained in the forward-looking statements', 'nothing in this press release should be regarded as a representation by any person that the forward-looking statements set forth herein will be achieved or that any of the contemplated results of such forward looking statements will be achieved', 'you should not place undue reliance on forward-looking statements, which speak only as of the date they are made', 'neither broadscale nor voltus gives any assurance that either broadscale or voltus or the combined company will achieve its expected results', 'neither broadscale nor voltus undertakes any duty to update these forward-looking statements, except as otherwise required by law', 'use of projections this press release may contain financial forecasts of voltus', 'neither voltuss independent auditors, nor the independent registered public accounting firm of broadscale, audited, reviewed, compiled or performed any procedures with respect to the projections for the purpose of their inclusion in this press release, and accordingly, neither of them expressed an opinion or provided any other form of assurance with respect thereto for the purpose of this press release', 'these projections should not be relied upon as being necessarily indicative of future results', 'the projected financial information contained in this press release constitutes forward-looking information', 'the assumptions and estimates underlying such projected financial information are inherently uncertain and are subject to a wide variety of significant business, economic, competitive and other risks and uncertainties that could cause actual results to differ materially from those contained in the prospective financial information', 'see forward-looking statements above', 'actual results may differ materially from the results contemplated by the projected financial information contained in this press release, and the inclusion of such information in this press release should not be regarded as a representation by any person that the results reflected in such projections will be achieved', 'additional information and where to find it in connection with the proposed transaction, broadscale has filed with the u.s', 'securities and exchange commission the registration statement, which included a preliminary proxy statement and a preliminary prospectus', 'after the registration statement has been declared effective, broadscale will mail a definitive proxy statement prospectus relating to the proposed transaction to its stockholders as of the record date established for voting on the proposed transactions', 'broadscales stockholders and other interested persons are urged to carefully read the registration statement, including the preliminary proxy statement preliminary prospectus, and any amendments thereto, and, when available, the definitive proxy statementprospectus and other documents filed in connection with the proposed transaction, as these materials contain, or will contain, important information about the proposed transaction and the parties to the proposed transaction', 'broadscales stockholders and other interested persons will be able to obtain free copies of the registration statement, the preliminary proxy statement preliminary prospectus, the definitive proxy statementprospectus and all other relevant documents filed or that will be filed with the sec, without charge, when available, at the website maintained by the sec at the documents filed by broadscale with the sec also may be obtained free of charge at broadscales website at or upon written request to 1845 walnut street, suite 1111, philadelphia, pa 19103', 'neither the sec nor any state securities regulatory agency has approved or disapproved the transactions described in this press release, passed upon the merits or fairness of the business combination or related transactions or passed upon the adequacy or accuracy of the disclosure in this press release', 'any representation to the contrary constitutes a criminal offense', 'participants in the solicitation broadscale and voltus and their respective directors and executive officers may be deemed to be participants in the solicitation of proxies from broadscales stockholders in connection with the proposed transactions', 'broadscales stockholders and other interested persons may obtain, without charge, more detailed information regarding the directors and executive officers of broadscale listed in the registration statement', 'information regarding the persons who may, under sec rules, be deemed participants in the solicitation of proxies from broadscales stockholders in connection with the proposed business combination is set forth in the registration statement', 'no offer or solicitation this press release is not intended to and does not constitute an offer to sell or the solicitation of an offer to buy, sell or solicit any securities or any proxy, vote or approval, nor shall there be any sale of securities in any jurisdiction in which such offer, solicitation or sale would be unlawful prior to registration or qualification under the securities laws of any such jurisdiction', 'no offer of securities shall be deemed to be made except by means of a prospectus meeting the requirements of section 10 of the securities act.']",weakly_positive,0.3041203125,weakly_positive,weakly_positive
22-03-2022,"BREYER CAPITAL BACKS QUANTUM AI STARTUP, SANDBOX AQ","AUSTIN, TEXAS--(BUSINESS WIRE)--BREYER CAPITAL, A PREMIER GLOBAL VENTURE CAPITAL AND PRIVATE EQUITY INVESTOR FOCUSED ON CATALYZING HIGH-IMPACT ENTREPRENEURS, TODAY ANNOUNCED AN INVESTMENT IN SANDBOX AQ, AN ENTERPRISE SOFTWARE COMPANY DELIVERING SAAS SOLUTIONS THAT LEVERAGE QUANTUM TECH AND AI, WHICH LAUNCHED TODAY. IN ADDITION, BREYER CAPITAL FOUNDER AND CEO JIM BREYER HAS JOINED THE COMPANY'S BOARD OF ADVISORS. FOUNDED BY SUCCESSFUL SERIAL ENTREPRENEUR, CEO AND AUTHOR JACK D. HIDARY, THE INSPI","BREYER CAPITAL BACKS QUANTUM AI STARTUP, SANDBOX AQ. AUSTIN, TEXAS--(BUSINESS WIRE)--BREYER CAPITAL, A PREMIER GLOBAL VENTURE CAPITAL AND PRIVATE EQUITY INVESTOR FOCUSED ON CATALYZING HIGH-IMPACT ENTREPRENEURS, TODAY ANNOUNCED AN INVESTMENT IN SANDBOX AQ, AN ENTERPRISE SOFTWARE COMPANY DELIVERING SAAS SOLUTIONS THAT LEVERAGE QUANTUM TECH AND AI, WHICH LAUNCHED TODAY. IN ADDITION, BREYER CAPITAL FOUNDER AND CEO JIM BREYER HAS JOINED THE COMPANY'S BOARD OF ADVISORS. FOUNDED BY SUCCESSFUL SERIAL ENTREPRENEUR, CEO AND AUTHOR JACK D. HIDARY, THE INSPI","['breyer capital backs quantum ai startup, sandbox aq', 'austin, texas--business wire--breyer capital, a premier global venture capital and private equity investor focused on catalyzing high-impact entrepreneurs, today announced an investment in sandbox aq, an enterprise software company delivering saas solutions that leverage quantum tech and ai, which launched today', ""in addition, breyer capital founder and ceo jim breyer has joined the company's board of advisors"", 'founded by successful serial entrepreneur, ceo and author jack d', 'hidary, the inspi']",weakly_positive,0.22404,weakly_positive,weakly_positive
16-02-2022,C.H. ROBINSON AND WAYMO VIA ENTER STRATEGIC PARTNERSHIP TO ADVANCE DEVELOPMENT OF AUTONOMOUS TRUCKING FOR SUPPLY CHAINS,"EDEN PRAIRIE, MINN. & MOUNTAIN VIEW, CALIF.--(BUSINESS WIRE)--C.H. ROBINSON AND WAYMO VIA ANNOUNCE A STRATEGIC PARTNERSHIP TO ADVANCE AUTONOMOUS TRUCKING FOR SUPPLY CHAINS","C.H. ROBINSON AND WAYMO VIA ENTER STRATEGIC PARTNERSHIP TO ADVANCE DEVELOPMENT OF AUTONOMOUS TRUCKING FOR SUPPLY CHAINS. EDEN PRAIRIE, MINN. & MOUNTAIN VIEW, CALIF.--(BUSINESS WIRE)--C.H. ROBINSON AND WAYMO VIA ANNOUNCE A STRATEGIC PARTNERSHIP TO ADVANCE AUTONOMOUS TRUCKING FOR SUPPLY CHAINS","['c.h', 'robinson and waymo via enter strategic partnership to advance development of autonomous trucking for supply chains', 'eden prairie, minn', 'mountain view, calif.--business wire--c.h', 'robinson and waymo via announce a strategic partnership to advance autonomous trucking for supply chains']",neutral,0.0,neutral,neutral
28-12-2021,DIGITAL TURBINE ANNOUNCES STRATEGIC PARTNERSHIP WITH GOOGLE,"AUSTIN, TEXAS, DEC. 28, 2021 /PRNEWSWIRE/ --  DIGITAL TURBINE, INC. (NASDAQ: APPS), A LEADING INDEPENDENT MOBILE GROWTH & MONETIZATION PLATFORM, TODAY ANNOUNCED A MULTI-YEAR STRATEGIC PARTNERSHIP WITH GOOGLE THAT ACCELERATES DIGITAL TURBINE'S PRODUCT AND GROWTH STRATEGY TO SUPPORT THE ANDROID ECOSYSTEM BY ENABLING NEARLY A BILLION DEVICES WITH INTELLIGENT APP DISCOVERY. DIGITAL TURBINE WILL WORK WITH GOOGLE CLOUD PREMIER PARTNER SADA  TO IMPLEMENT  GOOGLE'S ENTERPRISE AND CLOUD SOLUTIONS TO RAPIDLY ENHANCE AND EXPAND GLOBALLY WHILE BROADENING GROWTH AND MONETIZATION SOLUTIONS FOR ITS PARTNERS.","DIGITAL TURBINE ANNOUNCES STRATEGIC PARTNERSHIP WITH GOOGLE. AUSTIN, TEXAS, DEC. 28, 2021 /PRNEWSWIRE/ --  DIGITAL TURBINE, INC. (NASDAQ: APPS), A LEADING INDEPENDENT MOBILE GROWTH & MONETIZATION PLATFORM, TODAY ANNOUNCED A MULTI-YEAR STRATEGIC PARTNERSHIP WITH GOOGLE THAT ACCELERATES DIGITAL TURBINE'S PRODUCT AND GROWTH STRATEGY TO SUPPORT THE ANDROID ECOSYSTEM BY ENABLING NEARLY A BILLION DEVICES WITH INTELLIGENT APP DISCOVERY. DIGITAL TURBINE WILL WORK WITH GOOGLE CLOUD PREMIER PARTNER SADA  TO IMPLEMENT  GOOGLE'S ENTERPRISE AND CLOUD SOLUTIONS TO RAPIDLY ENHANCE AND EXPAND GLOBALLY WHILE BROADENING GROWTH AND MONETIZATION SOLUTIONS FOR ITS PARTNERS.","['digital turbine announces strategic partnership with google', 'austin, texas, dec', '28, 2021 prnewswire -- digital turbine, inc', ""nasdaq apps, a leading independent mobile growth monetization platform, today announced a multi-year strategic partnership with google that accelerates digital turbine's product and growth strategy to support the android ecosystem by enabling nearly a billion devices with intelligent app discovery"", ""digital turbine will work with google cloud premier partner sada to implement google's enterprise and cloud solutions to rapidly enhance and expand globally while broadening growth and monetization solutions for its partners.""]",weakly_positive,0.323,weakly_positive,weakly_positive
15-11-2021,TELENOR AND GOOGLE CLOUD FORM STRATEGIC PARTNERSHIP,COLLABORATION WITH GOOGLE CLOUD TO SUPPORT TELENOR'S DIGITAL TRANSFORMATION JOURNEY IN SERVING ITS CUSTOMERS NOW AND IN THE FUTURE,TELENOR AND GOOGLE CLOUD FORM STRATEGIC PARTNERSHIP. COLLABORATION WITH GOOGLE CLOUD TO SUPPORT TELENOR'S DIGITAL TRANSFORMATION JOURNEY IN SERVING ITS CUSTOMERS NOW AND IN THE FUTURE,"['telenor and google cloud form strategic partnership', ""collaboration with google cloud to support telenor's digital transformation journey in serving its customers now and in the future""]",weakly_positive,0.20095,weakly_positive,weakly_positive
08-11-2021,INDOSAT OOREDOO AND GOOGLE LAUNCH STRATEGIC PARTNERSHIP TO ACCELERATE DIGITALIZATION ACROSS SMBS AND ENTERPRISES IN INDONESIA,"JAKARTA, INDONESIA, NOV. 8, 2021 /PRNEWSWIRE/ -- TODAY, INDOSAT OOREDOO AND GOOGLE CLOUD ANNOUNCED A NEW STRATEGIC PARTNERSHIP TO ACCELERATE DIGITAL TRANSFORMATION ACROSS CONSUMER AND ENTERPRISE SEGMENTS IN INDONESIA. STRONGLY ALIGNED TO THE INDONESIAN GOVERNMENT'S DIGITAL ECONOMY DEVELOPMENT PROGRAM GOALS, THE MULTI-FACETED PARTNERSHIP WILL SERVE INDONESIA'S SMBS AS A PRIORITY TARGET SEGMENT AND SPANS MANY AREAS THAT ARE CORE TO THE CAPABILITIES OF BOTH ORGANIZATIONS.","INDOSAT OOREDOO AND GOOGLE LAUNCH STRATEGIC PARTNERSHIP TO ACCELERATE DIGITALIZATION ACROSS SMBS AND ENTERPRISES IN INDONESIA. JAKARTA, INDONESIA, NOV. 8, 2021 /PRNEWSWIRE/ -- TODAY, INDOSAT OOREDOO AND GOOGLE CLOUD ANNOUNCED A NEW STRATEGIC PARTNERSHIP TO ACCELERATE DIGITAL TRANSFORMATION ACROSS CONSUMER AND ENTERPRISE SEGMENTS IN INDONESIA. STRONGLY ALIGNED TO THE INDONESIAN GOVERNMENT'S DIGITAL ECONOMY DEVELOPMENT PROGRAM GOALS, THE MULTI-FACETED PARTNERSHIP WILL SERVE INDONESIA'S SMBS AS A PRIORITY TARGET SEGMENT AND SPANS MANY AREAS THAT ARE CORE TO THE CAPABILITIES OF BOTH ORGANIZATIONS.","['indosat ooredoo and google launch strategic partnership to accelerate digitalization across smbs and enterprises in indonesia', 'jakarta, indonesia, nov', '8, 2021 prnewswire -- today, indosat ooredoo and google cloud announced a new strategic partnership to accelerate digital transformation across consumer and enterprise segments in indonesia', ""strongly aligned to the indonesian government's digital economy development program goals, the multi-faceted partnership will serve indonesia's smbs as a priority target segment and spans many areas that are core to the capabilities of both organizations.""]",weakly_positive,0.0683,weakly_positive,weakly_positive
21-10-2021,SENIOR LEADERS FROM GOOGLE CONFIRMED TO SPEAK AT BIOMEDEVICE SILICON VALLEY ‘SMART EVENT',"SAN JOSE, CALIF.--(BUSINESS WIRE)--BIOMEDEVICE SILICON VALLEY, THE MUST-ATTEND REGIONAL EVENT CONNECTING BIOTECH ENGINEERS AND CUTTING-EDGE COMPANIES FORMERLY KNOWN AS BIOMEDEVICE SAN JOSE, TODAY ANNOUNCED THE EVENT'S RETURN TO NORTHERN CALIFORNIA DECEMBER 8-9, 2021 AT THE SAN JOSE MCENERY CONVENTION CENTER. NEW FOR 2021, BIOMEDEVICE WILL BE A SMART EVENT, GIVING THE REGISTERED AUDIENCE ACCESS TO EXCLUSIVE WEBINARS, ROBUST SUPPLIER PROFILES, PRODUCT INFORMATION, MEETING SCHEDULING AND NETWORKIN","SENIOR LEADERS FROM GOOGLE CONFIRMED TO SPEAK AT BIOMEDEVICE SILICON VALLEY ‘SMART EVENT'. SAN JOSE, CALIF.--(BUSINESS WIRE)--BIOMEDEVICE SILICON VALLEY, THE MUST-ATTEND REGIONAL EVENT CONNECTING BIOTECH ENGINEERS AND CUTTING-EDGE COMPANIES FORMERLY KNOWN AS BIOMEDEVICE SAN JOSE, TODAY ANNOUNCED THE EVENT'S RETURN TO NORTHERN CALIFORNIA DECEMBER 8-9, 2021 AT THE SAN JOSE MCENERY CONVENTION CENTER. NEW FOR 2021, BIOMEDEVICE WILL BE A SMART EVENT, GIVING THE REGISTERED AUDIENCE ACCESS TO EXCLUSIVE WEBINARS, ROBUST SUPPLIER PROFILES, PRODUCT INFORMATION, MEETING SCHEDULING AND NETWORKIN","[""senior leaders from google confirmed to speak at biomedevice silicon valley smart event'"", ""san jose, calif.--business wire--biomedevice silicon valley, the must-attend regional event connecting biotech engineers and cutting-edge companies formerly known as biomedevice san jose, today announced the event's return to northern california december 8-9, 2021 at the san jose mcenery convention center"", 'new for 2021, biomedevice will be a smart event, giving the registered audience access to exclusive webinars, robust supplier profiles, product information, meeting scheduling and networkin']",weakly_positive,0.3974999999999999,weakly_positive,weakly_positive
06-10-2021,THALES AND GOOGLE CLOUD ANNOUNCE STRATEGIC PARTNERSHIP TO JOINTLY DEVELOP A TRUSTED CLOUD OFFERING IN FRANCE,"PARIS AND SUNNYVALE, CALIF., OCT. 6, 2021 /PRNEWSWIRE/ -- THALES AND GOOGLE CLOUD TODAY ANNOUNCED A STRATEGIC AGREEMENT TO CO-DEVELOP A SOVEREIGN HYPERSCALE CLOUD OFFERING FOR FRANCE.","THALES AND GOOGLE CLOUD ANNOUNCE STRATEGIC PARTNERSHIP TO JOINTLY DEVELOP A TRUSTED CLOUD OFFERING IN FRANCE. PARIS AND SUNNYVALE, CALIF., OCT. 6, 2021 /PRNEWSWIRE/ -- THALES AND GOOGLE CLOUD TODAY ANNOUNCED A STRATEGIC AGREEMENT TO CO-DEVELOP A SOVEREIGN HYPERSCALE CLOUD OFFERING FOR FRANCE.","['thales and google cloud announce strategic partnership to jointly develop a trusted cloud offering in france', 'paris and sunnyvale, calif., oct', '6, 2021 prnewswire -- thales and google cloud today announced a strategic agreement to co-develop a sovereign hyperscale cloud offering for france.']",weakly_positive,0.3235333333333333,weakly_positive,weakly_positive
02-03-2021,"GOOGLE CLOUD, ALLIANZ AND MUNICH RE PARTNER TO REVOLUTIONIZE RISK MANAGEMENT IN THE CLOUD","NEW YORK AND MUNICH AND SUNNYVALE, CALIF., MARCH 2, 2021 /PRNEWSWIRE/ -- GOOGLE CLOUD, ALLIANZ GLOBAL CORPORATE AND SPECIALTY (AGCS) AND MUNICH RE TODAY ANNOUNCED THE RISK PROTECTION PROGRAM, A FIRST-OF-ITS-KIND COLLABORATION BETWEEN A MAJOR CLOUD PROVIDER AND LEADING CYBER INSURANCE...","GOOGLE CLOUD, ALLIANZ AND MUNICH RE PARTNER TO REVOLUTIONIZE RISK MANAGEMENT IN THE CLOUD. NEW YORK AND MUNICH AND SUNNYVALE, CALIF., MARCH 2, 2021 /PRNEWSWIRE/ -- GOOGLE CLOUD, ALLIANZ GLOBAL CORPORATE AND SPECIALTY (AGCS) AND MUNICH RE TODAY ANNOUNCED THE RISK PROTECTION PROGRAM, A FIRST-OF-ITS-KIND COLLABORATION BETWEEN A MAJOR CLOUD PROVIDER AND LEADING CYBER INSURANCE...","['google cloud, allianz and munich re partner to revolutionize risk management in the cloud', 'new york and munich and sunnyvale, calif., march 2, 2021 prnewswire -- google cloud, allianz global corporate and specialty agcs and munich re today announced the risk protection program, a first-of-its-kind collaboration between a major cloud provider and leading cyber insurance...']",weakly_negative,-0.2732,weakly_negative,weakly_negative
01-03-2021,GOOGLE WORKSPACE ANNOUNCES INNOVATIONS TO ENHANCE COLLABORATION EQUITY IN HYBRID FUTURE OF WORK,"SUNNYVALE, CALIF., MARCH 1, 2021 /PRNEWSWIRE/ -- GOOGLE WORKSPACE TODAY LAUNCHED NEW TOOLS AND FEATURES TO HELP USERS MAKE THE MOST OF THEIR TIME, COLLABORATE EQUALLY, AND DELIVER MORE IMPACT—WHEREVER THEY ARE. ACCORDING TO GARTNER, 90% OF SURVEY RESPONDENTS PLAN TO ALLOW EMPLOYEES TO...","GOOGLE WORKSPACE ANNOUNCES INNOVATIONS TO ENHANCE COLLABORATION EQUITY IN HYBRID FUTURE OF WORK. SUNNYVALE, CALIF., MARCH 1, 2021 /PRNEWSWIRE/ -- GOOGLE WORKSPACE TODAY LAUNCHED NEW TOOLS AND FEATURES TO HELP USERS MAKE THE MOST OF THEIR TIME, COLLABORATE EQUALLY, AND DELIVER MORE IMPACT—WHEREVER THEY ARE. ACCORDING TO GARTNER, 90% OF SURVEY RESPONDENTS PLAN TO ALLOW EMPLOYEES TO...","['google workspace announces innovations to enhance collaboration equity in hybrid future of work', 'sunnyvale, calif., march 1, 2021 prnewswire -- google workspace today launched new tools and features to help users make the most of their time, collaborate equally, and deliver more impactwherever they are', 'according to gartner, 90 percent of survey respondents plan to allow employees to...']",weakly_positive,0.2400666666666666,weakly_positive,weakly_positive
23-02-2021,BBVA AND GOOGLE CLOUD FORM STRATEGIC PARTNERSHIP TO DRIVE SECURITY INNOVATION IN FINANCIAL SERVICES,"MADRID AND SUNNYVALE, CALIF., FEB. 23, 2021 /PRNEWSWIRE/ -- BBVA AND GOOGLE CLOUD TODAY ANNOUNCED A NEW STRATEGIC PARTNERSHIP TO TRANSFORM THE BANK'S SECURITY STRATEGY BY OPTIMIZING AND IMPROVING ITS SECURITY INFRASTRUCTURE. AS PART OF THIS GLOBAL AGREEMENT, BBVA WILL COLLABORATE WITH...","BBVA AND GOOGLE CLOUD FORM STRATEGIC PARTNERSHIP TO DRIVE SECURITY INNOVATION IN FINANCIAL SERVICES. MADRID AND SUNNYVALE, CALIF., FEB. 23, 2021 /PRNEWSWIRE/ -- BBVA AND GOOGLE CLOUD TODAY ANNOUNCED A NEW STRATEGIC PARTNERSHIP TO TRANSFORM THE BANK'S SECURITY STRATEGY BY OPTIMIZING AND IMPROVING ITS SECURITY INFRASTRUCTURE. AS PART OF THIS GLOBAL AGREEMENT, BBVA WILL COLLABORATE WITH...","['bbva and google cloud form strategic partnership to drive security innovation in financial services', 'madrid and sunnyvale, calif., feb', ""23, 2021 prnewswire -- bbva and google cloud today announced a new strategic partnership to transform the bank's security strategy by optimizing and improving its security infrastructure"", 'as part of this global agreement, bbva will collaborate with...']",weakly_positive,0.4922,weakly_positive,weakly_positive
17-02-2021,GOOGLE AND J.B. HUNT ANNOUNCE STRATEGIC ALLIANCE TO ACCELERATE INNOVATION IN TRANSPORTATION AND LOGISTICS,"SUNNYVALE, CALIF. AND LOWELL, ARK., FEB. 17, 2021 /PRNEWSWIRE/ -- GOOGLE AND J.B. HUNT TRANSPORT SERVICES, INC., ONE OF THE LARGEST TRANSPORTATION LOGISTICS COMPANIES IN NORTH AMERICA, TODAY ANNOUNCED A MULTI-YEAR STRATEGIC ALLIANCE TO ACCELERATE J.B. HUNT'S DIGITAL TRANSFORMATION AND...","GOOGLE AND J.B. HUNT ANNOUNCE STRATEGIC ALLIANCE TO ACCELERATE INNOVATION IN TRANSPORTATION AND LOGISTICS. SUNNYVALE, CALIF. AND LOWELL, ARK., FEB. 17, 2021 /PRNEWSWIRE/ -- GOOGLE AND J.B. HUNT TRANSPORT SERVICES, INC., ONE OF THE LARGEST TRANSPORTATION LOGISTICS COMPANIES IN NORTH AMERICA, TODAY ANNOUNCED A MULTI-YEAR STRATEGIC ALLIANCE TO ACCELERATE J.B. HUNT'S DIGITAL TRANSFORMATION AND...","['google and j.b', 'hunt announce strategic alliance to accelerate innovation in transportation and logistics', 'sunnyvale, calif', 'and lowell, ark., feb', '17, 2021 prnewswire -- google and j.b', 'hunt transport services, inc., one of the largest transportation logistics companies in north america, today announced a multi-year strategic alliance to accelerate j.b', ""hunt's digital transformation and...""]",weakly_positive,0.0545428571428571,weakly_positive,weakly_positive
17-02-2021,NEWS CORP AND GOOGLE AGREE TO GLOBAL PARTNERSHIP ON NEWS,"NEW YORK--(BUSINESS WIRE)--NEWS CORP ANNOUNCED TODAY THAT IT HAS AGREED TO AN HISTORIC MULTI-YEAR PARTNERSHIP WITH GOOGLE TO PROVIDE TRUSTED JOURNALISM FROM ITS NEWS SITES AROUND THE WORLD IN RETURN FOR SIGNIFICANT PAYMENTS BY GOOGLE. AMONG THE NEWS CORP PUBLICATIONS JOINING GOOGLE NEWS SHOWCASE WILL BE THE WALL STREET JOURNAL, BARRON'S, MARKETWATCH, AND THE NEW YORK POST; IN THE UK: THE TIMES AND THE SUNDAY TIMES, AND THE SUN; AND IN AUSTRALIA A RANGE OF NEWS PLATFORMS, INCLUDING THE AUSTRALIA","NEWS CORP AND GOOGLE AGREE TO GLOBAL PARTNERSHIP ON NEWS. NEW YORK--(BUSINESS WIRE)--NEWS CORP ANNOUNCED TODAY THAT IT HAS AGREED TO AN HISTORIC MULTI-YEAR PARTNERSHIP WITH GOOGLE TO PROVIDE TRUSTED JOURNALISM FROM ITS NEWS SITES AROUND THE WORLD IN RETURN FOR SIGNIFICANT PAYMENTS BY GOOGLE. AMONG THE NEWS CORP PUBLICATIONS JOINING GOOGLE NEWS SHOWCASE WILL BE THE WALL STREET JOURNAL, BARRON'S, MARKETWATCH, AND THE NEW YORK POST; IN THE UK: THE TIMES AND THE SUNDAY TIMES, AND THE SUN; AND IN AUSTRALIA A RANGE OF NEWS PLATFORMS, INCLUDING THE AUSTRALIA","['news corp and google agree to global partnership on news', 'new york--business wire--news corp announced today that it has agreed to an historic multi-year partnership with google to provide trusted journalism from its news sites around the world in return for significant payments by google', ""among the news corp publications joining google news showcase will be the wall street journal, barron's, marketwatch, and the new york post in the uk the times and the sunday times, and the sun and in australia a range of news platforms, including the australia""]",weakly_positive,0.3598666666666667,weakly_positive,weakly_positive
08-02-2021,GLOBAL PAYMENTS AND GOOGLE FORM STRATEGIC PARTNERSHIP TO REIMAGINE DIGITAL PAYMENTS,"ATLANTA & SUNNYVALE, CALIF.--(BUSINESS WIRE)--GLOBAL PAYMENTS INC. AND GOOGLE TODAY ANNOUNCED AN EXPANSIVE MULTI-YEAR PARTNERSHIP TO DELIVER INNOVATIVE CLOUD-BASED PRODUCTS AND CAPABILITIES, ENABLING BEST-IN-CLASS DIGITAL MERCHANT CUSTOMER EXPERIENCES WORLDWIDE. AS PART OF THE PARTNERSHIP, GLOBAL PAYMENTS WILL MIGRATE ITS MERCHANT ACQUIRING TECHNOLOGY TO GOOGLE CLOUD, AND WILL PROVIDE MERCHANT ACQUIRING SERVICES TO GOOGLE TO EXTEND ITS GLOBAL MARKET REACH. IN ADDITION, GLOBAL PAYMENTS AND GOOGL","GLOBAL PAYMENTS AND GOOGLE FORM STRATEGIC PARTNERSHIP TO REIMAGINE DIGITAL PAYMENTS. ATLANTA & SUNNYVALE, CALIF.--(BUSINESS WIRE)--GLOBAL PAYMENTS INC. AND GOOGLE TODAY ANNOUNCED AN EXPANSIVE MULTI-YEAR PARTNERSHIP TO DELIVER INNOVATIVE CLOUD-BASED PRODUCTS AND CAPABILITIES, ENABLING BEST-IN-CLASS DIGITAL MERCHANT CUSTOMER EXPERIENCES WORLDWIDE. AS PART OF THE PARTNERSHIP, GLOBAL PAYMENTS WILL MIGRATE ITS MERCHANT ACQUIRING TECHNOLOGY TO GOOGLE CLOUD, AND WILL PROVIDE MERCHANT ACQUIRING SERVICES TO GOOGLE TO EXTEND ITS GLOBAL MARKET REACH. IN ADDITION, GLOBAL PAYMENTS AND GOOGL","['global payments and google form strategic partnership to reimagine digital payments', 'atlanta sunnyvale, calif.--business wire--global payments inc', 'and google today announced an expansive multi-year partnership to deliver innovative cloud-based products and capabilities, enabling best-in-class digital merchant customer experiences worldwide', 'as part of the partnership, global payments will migrate its merchant acquiring technology to google cloud, and will provide merchant acquiring services to google to extend its global market reach', 'in addition, global payments and googl']",weakly_positive,0.12854,weakly_positive,weakly_positive
01-02-2021,"FORD AND GOOGLE TO ACCELERATE AUTO INNOVATION, REINVENT CONNECTED VEHICLE EXPERIENCE","DEARBORN, MICH. AND SUNNYVALE, CALIF., FEB. 1, 2021 /PRNEWSWIRE/ -- FORD AND GOOGLE TODAY ANNOUNCED A UNIQUE STRATEGIC PARTNERSHIP TO ACCELERATE FORD'S TRANSFORMATION AND REINVENT THE CONNECTED VEHICLE EXPERIENCE. FORD HAS ALSO NAMED GOOGLE CLOUD ITS PREFERRED CLOUD PROVIDER TO LEVERAGE...","FORD AND GOOGLE TO ACCELERATE AUTO INNOVATION, REINVENT CONNECTED VEHICLE EXPERIENCE. DEARBORN, MICH. AND SUNNYVALE, CALIF., FEB. 1, 2021 /PRNEWSWIRE/ -- FORD AND GOOGLE TODAY ANNOUNCED A UNIQUE STRATEGIC PARTNERSHIP TO ACCELERATE FORD'S TRANSFORMATION AND REINVENT THE CONNECTED VEHICLE EXPERIENCE. FORD HAS ALSO NAMED GOOGLE CLOUD ITS PREFERRED CLOUD PROVIDER TO LEVERAGE...","['ford and google to accelerate auto innovation, reinvent connected vehicle experience', 'dearborn, mich', 'and sunnyvale, calif., feb', ""1, 2021 prnewswire -- ford and google today announced a unique strategic partnership to accelerate ford's transformation and reinvent the connected vehicle experience"", 'ford has also named google cloud its preferred cloud provider to leverage...']",weakly_positive,0.07636,weakly_positive,weakly_positive
21-01-2021,BMG SELECTS GOOGLE CLOUD TO ENHANCE SERVICE TO ARTISTS AND SONGWRITERS,"SUNNYVALE, CALIF., JAN. 21, 2021 /PRNEWSWIRE/ -- GOOGLE CLOUD TODAY ANNOUNCED THAT BMG, ONE OF THE WORLD'S LARGEST MUSIC COMPANIES AND A SUBSIDIARY OF INTERNATIONAL MEDIA GIANT BERTELSMANN, HAS SELECTED GOOGLE CLOUD TO BUILD A SCALABLE, GLOBAL INFRASTRUCTURE AS IT GROWS ITS DIGITAL MUSIC...","BMG SELECTS GOOGLE CLOUD TO ENHANCE SERVICE TO ARTISTS AND SONGWRITERS. SUNNYVALE, CALIF., JAN. 21, 2021 /PRNEWSWIRE/ -- GOOGLE CLOUD TODAY ANNOUNCED THAT BMG, ONE OF THE WORLD'S LARGEST MUSIC COMPANIES AND A SUBSIDIARY OF INTERNATIONAL MEDIA GIANT BERTELSMANN, HAS SELECTED GOOGLE CLOUD TO BUILD A SCALABLE, GLOBAL INFRASTRUCTURE AS IT GROWS ITS DIGITAL MUSIC...","['bmg selects google cloud to enhance service to artists and songwriters', 'sunnyvale, calif., jan', ""21, 2021 prnewswire -- google cloud today announced that bmg, one of the world's largest music companies and a subsidiary of international media giant bertelsmann, has selected google cloud to build a scalable, global infrastructure as it grows its digital music...""]",neutral,0.0,neutral,neutral
23-11-2020,ABB INFORMATION SYSTEMS SELECTS GOOGLE CLOUD TO EXPAND ITS CLOUD FOOTPRINT,"ZURICH AND MUNICH, NOV. 23, 2020 /PRNEWSWIRE/ -- GOOGLE CLOUD TODAY ANNOUNCED IT HAS BEEN SELECTED BY ABB TO FURTHER EXPAND THE CLOUD FOOTPRINT OF ITS INFORMATION SYSTEM (IS) SERVICES. THE SWISS-HEADQUARTERED GLOBAL TECHNOLOGY LEADER HAS CHOSEN GOOGLE CLOUD AS PART OF THE ORGANIZATION'S...","ABB INFORMATION SYSTEMS SELECTS GOOGLE CLOUD TO EXPAND ITS CLOUD FOOTPRINT. ZURICH AND MUNICH, NOV. 23, 2020 /PRNEWSWIRE/ -- GOOGLE CLOUD TODAY ANNOUNCED IT HAS BEEN SELECTED BY ABB TO FURTHER EXPAND THE CLOUD FOOTPRINT OF ITS INFORMATION SYSTEM (IS) SERVICES. THE SWISS-HEADQUARTERED GLOBAL TECHNOLOGY LEADER HAS CHOSEN GOOGLE CLOUD AS PART OF THE ORGANIZATION'S...","['abb information systems selects google cloud to expand its cloud footprint', 'zurich and munich, nov', '23, 2020 prnewswire -- google cloud today announced it has been selected by abb to further expand the cloud footprint of its information system is services', ""the swiss-headquartered global technology leader has chosen google cloud as part of the organization's...""]",weakly_positive,0.1591,weakly_positive,weakly_positive
18-11-2020, CITI UNVEILS SNEAK PREVIEW OF THE CITI PLEX ACCOUNT BY GOOGLE PAY,"NEW YORK--(BUSINESS WIRE)--TODAY, ALONGSIDE THE LAUNCH OF THE REDESIGNED GOOGLE PAY IN THE U.S., CITI SHARED A SNEAK PREVIEW OF THE CITI PLEX ACCOUNT, LAUNCHING ON GOOGLE PAY IN 2021, WITH A CONSUMER WAITLIST OPENING TODAY. THE CITI PLEX ACCOUNT IS A NEW DIGITAL CHECKING AND SAVINGS ACCOUNT BUILT TO MAKE MANAGING MONEY SIMPLER, SMARTER AND MORE REWARDING WITH FINANCIAL WELLNESS AND MOBILE FUNCTIONALITY AT THE CORE OF THE DESIGN. “WE WANT TO MAKE MANAGING MONEY SIMPLER, SMARTER, MORE REWARDING A"," CITI UNVEILS SNEAK PREVIEW OF THE CITI PLEX ACCOUNT BY GOOGLE PAY. NEW YORK--(BUSINESS WIRE)--TODAY, ALONGSIDE THE LAUNCH OF THE REDESIGNED GOOGLE PAY IN THE U.S., CITI SHARED A SNEAK PREVIEW OF THE CITI PLEX ACCOUNT, LAUNCHING ON GOOGLE PAY IN 2021, WITH A CONSUMER WAITLIST OPENING TODAY. THE CITI PLEX ACCOUNT IS A NEW DIGITAL CHECKING AND SAVINGS ACCOUNT BUILT TO MAKE MANAGING MONEY SIMPLER, SMARTER AND MORE REWARDING WITH FINANCIAL WELLNESS AND MOBILE FUNCTIONALITY AT THE CORE OF THE DESIGN. “WE WANT TO MAKE MANAGING MONEY SIMPLER, SMARTER, MORE REWARDING A","['citi unveils sneak preview of the citi plex account by google pay', 'new york--business wire--today, alongside the launch of the redesigned google pay in the u.s., citi shared a sneak preview of the citi plex account, launching on google pay in 2021, with a consumer waitlist opening today', 'the citi plex account is a new digital checking and savings account built to make managing money simpler, smarter and more rewarding with financial wellness and mobile functionality at the core of the design', 'we want to make managing money simpler, smarter, more rewarding a']",weakly_positive,0.4256999999999999,weakly_positive,weakly_positive
17-11-2020,"ROSEN, A LEADING LAW FIRM, ANNOUNCES INVESTIGATION OF SECURITIES CLAIMS AGAINST ALPHABET INC.; ENCOURAGES INVESTORS WITH LOSSES IN EXCESS OF $100K TO CONTACT THE FIRM - GOOG, GOOGL","NEW YORK, NOV. 17, 2020 /PRNEWSWIRE/ -- ROSEN LAW FIRM, A GLOBAL INVESTOR RIGHTS LAW FIRM, ANNOUNCES AN INVESTIGATION OF POTENTIAL SECURITIES CLAIMS ON BEHALF OF SHAREHOLDERS OF ALPHABET INC. (NASDAQ: GOOG, GOOGL) RESULTING FROM ALLEGATIONS THAT ALPHABET MAY HAVE ISSUED MATERIALLY...","ROSEN, A LEADING LAW FIRM, ANNOUNCES INVESTIGATION OF SECURITIES CLAIMS AGAINST ALPHABET INC.; ENCOURAGES INVESTORS WITH LOSSES IN EXCESS OF $100K TO CONTACT THE FIRM - GOOG, GOOGL. NEW YORK, NOV. 17, 2020 /PRNEWSWIRE/ -- ROSEN LAW FIRM, A GLOBAL INVESTOR RIGHTS LAW FIRM, ANNOUNCES AN INVESTIGATION OF POTENTIAL SECURITIES CLAIMS ON BEHALF OF SHAREHOLDERS OF ALPHABET INC. (NASDAQ: GOOG, GOOGL) RESULTING FROM ALLEGATIONS THAT ALPHABET MAY HAVE ISSUED MATERIALLY...","['rosen, a leading law firm, announces investigation of securities claims against alphabet inc', 'encourages investors with losses in excess of $100k to contact the firm - goog, googl', 'new york, nov', '17, 2020 prnewswire -- rosen law firm, a global investor rights law firm, announces an investigation of potential securities claims on behalf of shareholders of alphabet inc', 'nasdaq goog, googl resulting from allegations that alphabet may have issued materially...']",weakly_positive,0.12872,weakly_positive,weakly_positive
12-11-2020,"EQUITY ALERT: ROSEN LAW FIRM ANNOUNCES INVESTIGATION OF SECURITIES CLAIMS AGAINST ALPHABET INC. – GOOG, GOOGL","NEW YORK--(BUSINESS WIRE)--ROSEN LAW FIRM, A GLOBAL INVESTOR RIGHTS LAW FIRM, ANNOUNCES AN INVESTIGATION OF POTENTIAL SECURITIES CLAIMS ON BEHALF OF SHAREHOLDERS OF ALPHABET INC. (NASDAQ: GOOG, GOOGL) RESULTING FROM ALLEGATIONS THAT ALPHABET MAY HAVE ISSUED MATERIALLY MISLEADING BUSINESS INFORMATION TO THE INVESTING PUBLIC. ON JUNE 1, 2019, THE WALL STREET JOURNAL REPORTED THAT “[T]HE JUSTICE DEPARTMENT IS GEARING UP FOR AN ANTITRUST INVESTIGATION OF ALPHABET INC.’S GOOGLE, A MOVE THAT COULD PRESENT A MAJOR NEW LAYER OF REGULATORY SCRUTINY FOR THE SEARCH GIANT, ACCORDING TO PEOPLE FAMILIAR WITH THE MATTER.” ON THIS NEWS, ALPHABET’S CLASS A COMMON STOCK PRICE FELL $67.76 PER SHARE, OR OVER 6%, TO CLOSE AT $1,038.74 PER SHARE ON JUNE 3, 2019, THE NEXT TRADING DAY. THEN ON OCTOBER 20, 2020, THE U.S. DEPARTMENT OF JUSTICE FILED AN ANTITRUST LAWSUIT AGAINST GOOGLE, LLC, A SUBSIDIARY OF ALPHABET. ROSEN LAW FIRM IS PREPARING A SECURITIES LAWSUIT ON BEHALF OF ALPHABET SHAREHOLDERS. IF YOU PURCHASED SECURITIES OF ALPHABET PLEASE VISIT THE FIRM’S WEBSITE AT HTTP://WWW.ROSENLEGAL.COM/CASES-REGISTER-1984.HTML TO JOIN THE SECURITIES ACTION. YOU MAY ALSO CONTACT PHILLIP KIM OF ROSEN LAW FIRM TOLL FREE AT 866-767-3653 OR VIA EMAIL AT MAILTO:PKIM@ROSENLEGAL.COM OR CASES@ROSENLEGAL.COM. FOLLOW US FOR UPDATES ON LINKEDIN: HTTPS://WWW.LINKEDIN.COM/COMPANY/THE-ROSEN-LAW-FIRM OR ON TWITTER: HTTPS://TWITTER.COM/ROSEN_FIRM OR ON FACEBOOK: HTTPS://WWW.FACEBOOK.COM/ROSENLAWFIRM. ROSEN LAW FIRM REPRESENTS INVESTORS THROUGHOUT THE GLOBE, CONCENTRATING ITS PRACTICE IN SECURITIES CLASS ACTIONS AND SHAREHOLDER DERIVATIVE LITIGATION. ROSEN LAW FIRM WAS RANKED NO. 1 BY ISS SECURITIES CLASS ACTION SERVICES FOR NUMBER OF SECURITIES CLASS ACTION SETTLEMENTS IN 2017. THE FIRM HAS BEEN RANKED IN THE TOP 3 EACH YEAR SINCE 2013. ROSEN LAW FIRM HAS ACHIEVED THE LARGEST EVER SECURITIES CLASS ACTION SETTLEMENT AGAINST A CHINESE COMPANY. ROSEN LAW FIRM’S ATTORNEYS ARE RANKED AND RECOGNIZED BY NUMEROUS INDEPENDENT AND RESPECTED SOURCES. ROSEN LAW FIRM HAS SECURED HUNDREDS OF MILLIONS OF DOLLARS FOR INVESTORS. ATTORNEY ADVERTISING. PRIOR RESULTS DO NOT GUARANTEE A SIMILAR OUTCOME. ATTORNEY ADVERTISING. PRIOR RESULTS DO NOT GUARANTEE A SIMILAR OUTCOME.","EQUITY ALERT: ROSEN LAW FIRM ANNOUNCES INVESTIGATION OF SECURITIES CLAIMS AGAINST ALPHABET INC. – GOOG, GOOGL. NEW YORK--(BUSINESS WIRE)--ROSEN LAW FIRM, A GLOBAL INVESTOR RIGHTS LAW FIRM, ANNOUNCES AN INVESTIGATION OF POTENTIAL SECURITIES CLAIMS ON BEHALF OF SHAREHOLDERS OF ALPHABET INC. (NASDAQ: GOOG, GOOGL) RESULTING FROM ALLEGATIONS THAT ALPHABET MAY HAVE ISSUED MATERIALLY MISLEADING BUSINESS INFORMATION TO THE INVESTING PUBLIC. ON JUNE 1, 2019, THE WALL STREET JOURNAL REPORTED THAT “[T]HE JUSTICE DEPARTMENT IS GEARING UP FOR AN ANTITRUST INVESTIGATION OF ALPHABET INC.’S GOOGLE, A MOVE THAT COULD PRESENT A MAJOR NEW LAYER OF REGULATORY SCRUTINY FOR THE SEARCH GIANT, ACCORDING TO PEOPLE FAMILIAR WITH THE MATTER.” ON THIS NEWS, ALPHABET’S CLASS A COMMON STOCK PRICE FELL $67.76 PER SHARE, OR OVER 6%, TO CLOSE AT $1,038.74 PER SHARE ON JUNE 3, 2019, THE NEXT TRADING DAY. THEN ON OCTOBER 20, 2020, THE U.S. DEPARTMENT OF JUSTICE FILED AN ANTITRUST LAWSUIT AGAINST GOOGLE, LLC, A SUBSIDIARY OF ALPHABET. ROSEN LAW FIRM IS PREPARING A SECURITIES LAWSUIT ON BEHALF OF ALPHABET SHAREHOLDERS. IF YOU PURCHASED SECURITIES OF ALPHABET PLEASE VISIT THE FIRM’S WEBSITE AT HTTP://WWW.ROSENLEGAL.COM/CASES-REGISTER-1984.HTML TO JOIN THE SECURITIES ACTION. YOU MAY ALSO CONTACT PHILLIP KIM OF ROSEN LAW FIRM TOLL FREE AT 866-767-3653 OR VIA EMAIL AT MAILTO:PKIM@ROSENLEGAL.COM OR CASES@ROSENLEGAL.COM. FOLLOW US FOR UPDATES ON LINKEDIN: HTTPS://WWW.LINKEDIN.COM/COMPANY/THE-ROSEN-LAW-FIRM OR ON TWITTER: HTTPS://TWITTER.COM/ROSEN_FIRM OR ON FACEBOOK: HTTPS://WWW.FACEBOOK.COM/ROSENLAWFIRM. ROSEN LAW FIRM REPRESENTS INVESTORS THROUGHOUT THE GLOBE, CONCENTRATING ITS PRACTICE IN SECURITIES CLASS ACTIONS AND SHAREHOLDER DERIVATIVE LITIGATION. ROSEN LAW FIRM WAS RANKED NO. 1 BY ISS SECURITIES CLASS ACTION SERVICES FOR NUMBER OF SECURITIES CLASS ACTION SETTLEMENTS IN 2017. THE FIRM HAS BEEN RANKED IN THE TOP 3 EACH YEAR SINCE 2013. ROSEN LAW FIRM HAS ACHIEVED THE LARGEST EVER SECURITIES CLASS ACTION SETTLEMENT AGAINST A CHINESE COMPANY. ROSEN LAW FIRM’S ATTORNEYS ARE RANKED AND RECOGNIZED BY NUMEROUS INDEPENDENT AND RESPECTED SOURCES. ROSEN LAW FIRM HAS SECURED HUNDREDS OF MILLIONS OF DOLLARS FOR INVESTORS. ATTORNEY ADVERTISING. PRIOR RESULTS DO NOT GUARANTEE A SIMILAR OUTCOME. ATTORNEY ADVERTISING. PRIOR RESULTS DO NOT GUARANTEE A SIMILAR OUTCOME.","['equity alert rosen law firm announces investigation of securities claims against alphabet inc', 'goog, googl', 'new york--business wire--rosen law firm, a global investor rights law firm, announces an investigation of potential securities claims on behalf of shareholders of alphabet inc', 'nasdaq goog, googl resulting from allegations that alphabet may have issued materially misleading business information to the investing public', 'on june 1, 2019, the wall street journal reported that the justice department is gearing up for an antitrust investigation of alphabet inc.s google, a move that could present a major new layer of regulatory scrutiny for the search giant, according to people familiar with the matter', 'on this news, alphabets class a common stock price fell $67.76 per share, or over 6 percent, to close at $1,038.74 per share on june 3, 2019, the next trading day', 'then on october 20, 2020, the u.s', 'department of justice filed an antitrust lawsuit against google, llc, a subsidiary of alphabet', 'rosen law firm is preparing a securities lawsuit on behalf of alphabet shareholders', 'if you purchased securities of alphabet please visit the firms website at to join the securities action', 'you may also contact phillip kim of rosen law firm toll free at 866-767-3653 or via email at mailtopkimrosenlegal.com or casesrosenlegal.com', 'follow us for updates on linkedin or on twitter or on facebook rosen law firm represents investors throughout the globe, concentrating its practice in securities class actions and shareholder derivative litigation', 'rosen law firm was ranked no', '1 by iss securities class action services for number of securities class action settlements in 2017', 'the firm has been ranked in the top 3 each year since 2013', 'rosen law firm has achieved the largest ever securities class action settlement against a chinese company', 'rosen law firms attorneys are ranked and recognized by numerous independent and respected sources', 'rosen law firm has secured hundreds of millions of dollars for investors', 'attorney advertising', 'prior results do not guarantee a similar outcome', 'attorney advertising', 'prior results do not guarantee a similar outcome.']",weakly_positive,0.2092454545454545,weakly_positive,weakly_positive
12-11-2020,GOOGLE CLOUD ANNOUNCES DATABASE MIGRATION SERVICE,"SUNNYVALE, CALIF., NOV. 12, 2020 /PRNEWSWIRE/ -- TODAY, GOOGLE CLOUD ANNOUNCED ITS SERVERLESS DATABASE MIGRATION SERVICE (DMS) IS AVAILABLE IN PREVIEW, ENABLING CUSTOMERS TO MIGRATE MYSQL, POSTGRESQL, AND SQL SERVER DATABASES TO CLOUD SQL FROM ON-PREMISES ENVIRONMENTS OR OTHER CLOUDS. FOR...","GOOGLE CLOUD ANNOUNCES DATABASE MIGRATION SERVICE. SUNNYVALE, CALIF., NOV. 12, 2020 /PRNEWSWIRE/ -- TODAY, GOOGLE CLOUD ANNOUNCED ITS SERVERLESS DATABASE MIGRATION SERVICE (DMS) IS AVAILABLE IN PREVIEW, ENABLING CUSTOMERS TO MIGRATE MYSQL, POSTGRESQL, AND SQL SERVER DATABASES TO CLOUD SQL FROM ON-PREMISES ENVIRONMENTS OR OTHER CLOUDS. FOR...","['google cloud announces database migration service', 'sunnyvale, calif., nov', '12, 2020 prnewswire -- today, google cloud announced its serverless database migration service dms is available in preview, enabling customers to migrate mysql, postgresql, and sql server databases to cloud sql from on-premises environments or other clouds', 'for...']",neutral,0.0,weakly_positive,weakly_positive
09-11-2020,APRU RELEASES AI FOR SOCIAL GOOD REPORT IN PARTNERSHIP WITH UNITED NATIONS ESCAP AND GOOGLE,HONG KONG--(BUSINESS WIRE)-- #AI--APRU PARTNERS WITH UNITED NATIONS ESCAP AND GOOGLE TO LAUNCH THE AI FOR SOCIAL GOOD SUMMIT CALLING FOR AI INNOVATION TO AID POST-COVID RECOVERY,APRU RELEASES AI FOR SOCIAL GOOD REPORT IN PARTNERSHIP WITH UNITED NATIONS ESCAP AND GOOGLE. HONG KONG--(BUSINESS WIRE)-- #AI--APRU PARTNERS WITH UNITED NATIONS ESCAP AND GOOGLE TO LAUNCH THE AI FOR SOCIAL GOOD SUMMIT CALLING FOR AI INNOVATION TO AID POST-COVID RECOVERY,"['apru releases ai for social good report in partnership with united nations escap and google', 'hong kong--business wire-- ai--apru partners with united nations escap and google to launch the ai for social good summit calling for ai innovation to aid post-covid recovery']",strongly_positive,0.7491,strongly_positive,strongly_positive
30-10-2020,"FEDERAL CASE AGAINST GOOGLE TOO NARROW, BUT A START: MARYLAND SMITH EXPERT","COLLEGE PARK, MD., OCT. 30, 2020 /PRNEWSWIRE/ -- THE JUSTICE DEPARTMENT'S ANTITRUST SUIT TARGETING GOOGLE'S SEARCH MONOPOLY ""IS TOO NARROW, IF NOT THE WRONG TARGET,"" SAYS RESEARCH PROFESSOR KISLAYA PRASAD AT THE UNIVERSITY OF MARYLAND'S ROBERT H. SMITH SCHOOL OF BUSINESS. HOWEVER, THE...","FEDERAL CASE AGAINST GOOGLE TOO NARROW, BUT A START: MARYLAND SMITH EXPERT. COLLEGE PARK, MD., OCT. 30, 2020 /PRNEWSWIRE/ -- THE JUSTICE DEPARTMENT'S ANTITRUST SUIT TARGETING GOOGLE'S SEARCH MONOPOLY ""IS TOO NARROW, IF NOT THE WRONG TARGET,"" SAYS RESEARCH PROFESSOR KISLAYA PRASAD AT THE UNIVERSITY OF MARYLAND'S ROBERT H. SMITH SCHOOL OF BUSINESS. HOWEVER, THE...","['federal case against google too narrow, but a start maryland smith expert', 'college park, md., oct', ""30, 2020 prnewswire -- the justice department's antitrust suit targeting google's search monopoly is too narrow, if not the wrong target, says research professor kislaya prasad at the university of maryland's robert h"", 'smith school of business', 'however, the...']",weakly_positive,0.14288,weakly_positive,weakly_positive
15-10-2020,DEPARTMENT OF ENERGY ENTERS INTO ENTERPRISE AGREEMENT WITH GOOGLE CLOUD,"WASHINGTON AND MOUNTAIN VIEW, CALIF., OCT. 15, 2020 /PRNEWSWIRE/ -- GOOGLE CLOUD TODAY ANNOUNCED A FIVE-YEAR AGREEMENT TO PROVIDE THE U.S. DEPARTMENT OF ENERGY (DOE) ACCESS TO A BROAD RANGE OF GOOGLE CLOUD TECHNOLOGIES, INCLUDING GOOGLE CLOUD PLATFORM (GCP) AND GOOGLE WORKSPACE...","DEPARTMENT OF ENERGY ENTERS INTO ENTERPRISE AGREEMENT WITH GOOGLE CLOUD. WASHINGTON AND MOUNTAIN VIEW, CALIF., OCT. 15, 2020 /PRNEWSWIRE/ -- GOOGLE CLOUD TODAY ANNOUNCED A FIVE-YEAR AGREEMENT TO PROVIDE THE U.S. DEPARTMENT OF ENERGY (DOE) ACCESS TO A BROAD RANGE OF GOOGLE CLOUD TECHNOLOGIES, INCLUDING GOOGLE CLOUD PLATFORM (GCP) AND GOOGLE WORKSPACE...","['department of energy enters into enterprise agreement with google cloud', 'washington and mountain view, calif., oct', '15, 2020 prnewswire -- google cloud today announced a five-year agreement to provide the u.s', 'department of energy doe access to a broad range of google cloud technologies, including google cloud platform gcp and google workspace...']",weakly_positive,0.353925,weakly_positive,weakly_positive
14-10-2020,NOKIA AND GOOGLE CLOUD SIGN STRATEGIC COLLABORATION TO TRANSFORM NOKIA’S DIGITAL INFRASTRUCTURE,NOKIA AND GOOGLE CLOUD SIGN STRATEGIC COLLABORATION TO TRANSFORM NOKIA’S DIGITAL INFRASTRUCTURE,NOKIA AND GOOGLE CLOUD SIGN STRATEGIC COLLABORATION TO TRANSFORM NOKIA’S DIGITAL INFRASTRUCTURE. NOKIA AND GOOGLE CLOUD SIGN STRATEGIC COLLABORATION TO TRANSFORM NOKIA’S DIGITAL INFRASTRUCTURE,"['nokia and google cloud sign strategic collaboration to transform nokias digital infrastructure', 'nokia and google cloud sign strategic collaboration to transform nokias digital infrastructure']",neutral,0.0,neutral,neutral
06-10-2020,TOBII DYNAVOX AND GOOGLE COLLABORATE TO MAKE TECHNOLOGY MORE ACCESSIBLE,"STOCKHOLM, OCT. 6, 2020 /PRNEWSWIRE/ -- TOBII DYNAVOX, THE GLOBAL LEADER IN ASSISTIVE TECHNOLOGY FOR COMMUNICATION, TODAY ANNOUNCED A NEW COLLABORATION WITH GOOGLE TO INTEGRATE GOOGLE ASSISTANT INTO THEIR COMMUNICATION DEVICES VIA THE SOFTWARE SNAP CORE FIRST. FOR PEOPLE WITH...","TOBII DYNAVOX AND GOOGLE COLLABORATE TO MAKE TECHNOLOGY MORE ACCESSIBLE. STOCKHOLM, OCT. 6, 2020 /PRNEWSWIRE/ -- TOBII DYNAVOX, THE GLOBAL LEADER IN ASSISTIVE TECHNOLOGY FOR COMMUNICATION, TODAY ANNOUNCED A NEW COLLABORATION WITH GOOGLE TO INTEGRATE GOOGLE ASSISTANT INTO THEIR COMMUNICATION DEVICES VIA THE SOFTWARE SNAP CORE FIRST. FOR PEOPLE WITH...","['tobii dynavox and google collaborate to make technology more accessible', 'stockholm, oct', '6, 2020 prnewswire -- tobii dynavox, the global leader in assistive technology for communication, today announced a new collaboration with google to integrate google assistant into their communication devices via the software snap core first', 'for people with...']",neutral,0.0,weakly_positive,weakly_positive
06-10-2020,"INTRODUCING GOOGLE WORKSPACE: EVERYTHING YOU NEED TO GET ANYTHING DONE, NOW IN ONE PLACE","SUNNYVALE, CALIF., OCT. 6, 2020 /PRNEWSWIRE/ -- GOOGLE CLOUD TODAY ANNOUNCED GOOGLE WORKSPACE, A NEW BRAND IDENTITY THAT REFLECTS A NEW DEEPLY INTEGRATED PRODUCT EXPERIENCE, PLUS NEW EDITIONS TO PURCHASE TAILORED TO CUSTOMERS' NEEDS. GOOGLE WORKSPACE THOUGHTFULLY BRINGS TOGETHER...","INTRODUCING GOOGLE WORKSPACE: EVERYTHING YOU NEED TO GET ANYTHING DONE, NOW IN ONE PLACE. SUNNYVALE, CALIF., OCT. 6, 2020 /PRNEWSWIRE/ -- GOOGLE CLOUD TODAY ANNOUNCED GOOGLE WORKSPACE, A NEW BRAND IDENTITY THAT REFLECTS A NEW DEEPLY INTEGRATED PRODUCT EXPERIENCE, PLUS NEW EDITIONS TO PURCHASE TAILORED TO CUSTOMERS' NEEDS. GOOGLE WORKSPACE THOUGHTFULLY BRINGS TOGETHER...","['introducing google workspace everything you need to get anything done, now in one place', 'sunnyvale, calif., oct', ""6, 2020 prnewswire -- google cloud today announced google workspace, a new brand identity that reflects a new deeply integrated product experience, plus new editions to purchase tailored to customers' needs"", 'google workspace thoughtfully brings together...']",weakly_positive,0.100475,weakly_positive,weakly_positive
14-09-2020,HAUSFELD & CO LLP: GOOGLE FACING LANDMARK UK COURT CLAIM OVER UNLAWFUL USE OF MORE THAN 5 MILLION CHILDREN’S DATA,LONDON--(BUSINESS WIRE)--MULTIBILLION-POUND LAWSUIT AIMS TO FORCE YOUTUBE TO STOP TRACKING CHILDREN UNDER 13 AND TO COMPENSATE MILLIONS OF UNDERAGE USERS AND FAMILIES IN UK,HAUSFELD & CO LLP: GOOGLE FACING LANDMARK UK COURT CLAIM OVER UNLAWFUL USE OF MORE THAN 5 MILLION CHILDREN’S DATA. LONDON--(BUSINESS WIRE)--MULTIBILLION-POUND LAWSUIT AIMS TO FORCE YOUTUBE TO STOP TRACKING CHILDREN UNDER 13 AND TO COMPENSATE MILLIONS OF UNDERAGE USERS AND FAMILIES IN UK,"['hausfeld co llp google facing landmark uk court claim over unlawful use of more than 5 million childrens data', 'london--business wire--multibillion-pound lawsuit aims to force youtube to stop tracking children under 13 and to compensate millions of underage users and families in uk']",weakly_negative,-0.19975,weakly_negative,weakly_negative
08-09-2020,NEUSTAR INTEGRATES WITH GOOGLE VERIFIED CALLS TO HELP RESTORE TRUST IN THE PHONE CHANNEL,"STERLING, VA.--(BUSINESS WIRE)-- #NEUSTAR--NEUSTAR INTEGRATES WITH GOOGLE VERIFIED CALLS TO HELP RESTORE TRUST IN THE PHONE CHANNEL","NEUSTAR INTEGRATES WITH GOOGLE VERIFIED CALLS TO HELP RESTORE TRUST IN THE PHONE CHANNEL. STERLING, VA.--(BUSINESS WIRE)-- #NEUSTAR--NEUSTAR INTEGRATES WITH GOOGLE VERIFIED CALLS TO HELP RESTORE TRUST IN THE PHONE CHANNEL","['neustar integrates with google verified calls to help restore trust in the phone channel', 'sterling, va.--business wire-- neustar--neustar integrates with google verified calls to help restore trust in the phone channel']",strongly_positive,0.802,weakly_positive,weakly_positive
08-09-2020,COMMSCOPE PARTNERS WITH GOOGLE TO BRING ORION WIFI TO PUBLIC VENUES,"HICKORY, N.C.--(BUSINESS WIRE)-- #COMMSCOPE--COMMSCOPE IS PARTNERING WITH GOOGLE’S AREA 120 FOR THE LAUNCH OF ORION WIFI, A PLATFORM DESIGNED TO BRING PRIVATE, SECURE ROAMING FOR CONSUMERS WHILE HELPING PUBLIC VENUES SOLVE CELLULAR DEAD ZONES AND MONETIZE THEIR NETWORKS.","COMMSCOPE PARTNERS WITH GOOGLE TO BRING ORION WIFI TO PUBLIC VENUES. HICKORY, N.C.--(BUSINESS WIRE)-- #COMMSCOPE--COMMSCOPE IS PARTNERING WITH GOOGLE’S AREA 120 FOR THE LAUNCH OF ORION WIFI, A PLATFORM DESIGNED TO BRING PRIVATE, SECURE ROAMING FOR CONSUMERS WHILE HELPING PUBLIC VENUES SOLVE CELLULAR DEAD ZONES AND MONETIZE THEIR NETWORKS.","['commscope partners with google to bring orion wifi to public venues', 'hickory, n.c.--business wire-- commscope--commscope is partnering with googles area 120 for the launch of orion wifi, a platform designed to bring private, secure roaming for consumers while helping public venues solve cellular dead zones and monetize their networks.']",neutral,0.0129,weakly_positive,weakly_positive
24-08-2020,GOOGLE CLOUD AND AMWELL PARTNER TO TRANSFORM AND EXPAND ACCESS TO VIRTUAL CARE,"SUNNYVALE, CALIF. AND BOSTON, AUG.","GOOGLE CLOUD AND AMWELL PARTNER TO TRANSFORM AND EXPAND ACCESS TO VIRTUAL CARE. SUNNYVALE, CALIF. AND BOSTON, AUG.","['google cloud and amwell partner to transform and expand access to virtual care', 'sunnyvale, calif', 'and boston, aug.']",weakly_positive,0.2235,weakly_positive,weakly_positive
18-08-2020,"HAGENS BERMAN: ANDROID APP DEVELOPERS SUE GOOGLE CLAIMING PLAY STORE ILLEGALLY MONOPOLIZES MARKETS FOR ANDROID APP DISTRIBUTION AND IN-APP PAYMENT PROCESSING, VIOLATES ANTITRUST LAWS","SAN JOSE, CALIF.--(BUSINESS WIRE)---- $GOOG #ANDROID--AN ANDROID APP DEVELOPER SUED GOOGLE FOR ALLEGEDLY ANTICOMPETITIVE, UNLAWFUL PRACTICES RELATED TO ITS GOOGLE PLAY STORE, ACCORDING TO HAGENS BERMAN.","HAGENS BERMAN: ANDROID APP DEVELOPERS SUE GOOGLE CLAIMING PLAY STORE ILLEGALLY MONOPOLIZES MARKETS FOR ANDROID APP DISTRIBUTION AND IN-APP PAYMENT PROCESSING, VIOLATES ANTITRUST LAWS. SAN JOSE, CALIF.--(BUSINESS WIRE)---- $GOOG #ANDROID--AN ANDROID APP DEVELOPER SUED GOOGLE FOR ALLEGEDLY ANTICOMPETITIVE, UNLAWFUL PRACTICES RELATED TO ITS GOOGLE PLAY STORE, ACCORDING TO HAGENS BERMAN.","['hagens berman android app developers sue google claiming play store illegally monopolizes markets for android app distribution and in-app payment processing, violates antitrust laws', 'san jose, calif.--business wire---- $goog android--an android app developer sued google for allegedly anticompetitive, unlawful practices related to its google play store, according to hagens berman.']",weakly_negative,-0.0593999999999999,weakly_negative,weakly_negative
03-08-2020,ADT AND GOOGLE PARTNER TO CREATE LEADING SMART HOME SECURITY OFFERING,"BOCA RATON, FLA., AUG.  03, 2020  (GLOBE NEWSWIRE) -- ADT (NYSE:  ADT ), A LEADING PROVIDER OF SECURITY AND SMART HOME SOLUTIONS, AND GOOGLE TODAY ANNOUNCED THEY ARE ENTERING INTO A LONG-TERM PARTNERSHIP TO CREATE THE NEXT GENERATION OF SMART HOME SECURITY OFFERINGS. THE PARTNERSHIP WILL COMBINE NEST’S AWARD-WINNING HARDWARE AND SERVICES, POWERED BY GOOGLE’S MACHINE LEARNING TECHNOLOGY, WITH ADT’S INSTALLATION, SERVICE AND PROFESSIONAL MONITORING NETWORK TO CREATE A MORE HELPFUL SMART HOME AND INTEGRATED EXPERIENCE FOR CUSTOMERS ACROSS THE UNITED STATES.","ADT AND GOOGLE PARTNER TO CREATE LEADING SMART HOME SECURITY OFFERING. BOCA RATON, FLA., AUG.  03, 2020  (GLOBE NEWSWIRE) -- ADT (NYSE:  ADT ), A LEADING PROVIDER OF SECURITY AND SMART HOME SOLUTIONS, AND GOOGLE TODAY ANNOUNCED THEY ARE ENTERING INTO A LONG-TERM PARTNERSHIP TO CREATE THE NEXT GENERATION OF SMART HOME SECURITY OFFERINGS. THE PARTNERSHIP WILL COMBINE NEST’S AWARD-WINNING HARDWARE AND SERVICES, POWERED BY GOOGLE’S MACHINE LEARNING TECHNOLOGY, WITH ADT’S INSTALLATION, SERVICE AND PROFESSIONAL MONITORING NETWORK TO CREATE A MORE HELPFUL SMART HOME AND INTEGRATED EXPERIENCE FOR CUSTOMERS ACROSS THE UNITED STATES.","['adt and google partner to create leading smart home security offering', 'boca raton, fla., aug', '03, 2020 globe newswire -- adt nyse adt , a leading provider of security and smart home solutions, and google today announced they are entering into a long-term partnership to create the next generation of smart home security offerings', 'the partnership will combine nests award-winning hardware and services, powered by googles machine learning technology, with adts installation, service and professional monitoring network to create a more helpful smart home and integrated experience for customers across the united states.']",strongly_positive,0.62735,strongly_positive,strongly_positive
28-07-2020,"ORANGE AND GOOGLE CLOUD TO FORM STRATEGIC PARTNERSHIP IN DATA, AI AND EDGE COMPUTING SERVICES","PARIS, JULY 28, 2020 /PRNEWSWIRE/ -- ORANGE AND GOOGLE CLOUD TODAY ANNOUNCED A STRATEGIC PARTNERSHIP TO ACCELERATE THE TRANSFORMATION OF ORANGE'S IT INFRASTRUCTURE AND THE DEVELOPMENT OF FUTURE CLOUD SERVICES, IN PARTICULAR EDGE COMPUTING. THE AGREEMENT REINFORCES ORANGE'S COMMITMENT, AS.","ORANGE AND GOOGLE CLOUD TO FORM STRATEGIC PARTNERSHIP IN DATA, AI AND EDGE COMPUTING SERVICES. PARIS, JULY 28, 2020 /PRNEWSWIRE/ -- ORANGE AND GOOGLE CLOUD TODAY ANNOUNCED A STRATEGIC PARTNERSHIP TO ACCELERATE THE TRANSFORMATION OF ORANGE'S IT INFRASTRUCTURE AND THE DEVELOPMENT OF FUTURE CLOUD SERVICES, IN PARTICULAR EDGE COMPUTING. THE AGREEMENT REINFORCES ORANGE'S COMMITMENT, AS.","['orange and google cloud to form strategic partnership in data, ai and edge computing services', ""paris, july 28, 2020 prnewswire -- orange and google cloud today announced a strategic partnership to accelerate the transformation of orange's it infrastructure and the development of future cloud services, in particular edge computing"", ""the agreement reinforces orange's commitment, as.""]",weakly_positive,0.2334333333333333,weakly_positive,weakly_positive
23-07-2020,"COTCHETT, PITRE & MCCARTHY, LLP FILES LAWSUIT ON BEHALF OF STEVE WOZNIAK AND 17 FRAUD VICTIMS AGAINST YOUTUBE AND GOOGLE OVER FRAUDULENT “BITCOIN GIVEAWAY” SCAM","REDWOOD CITY, CALIF.--(BUSINESS WIRE)--COTCHETT, PITRE & MCCARTHY, LLP FILED A LAWSUIT ON BEHALF OF STEVE WOZNIAK, THE CO-FOUNDER OF APPLE AND RENOWNED TECH ENTREPRENEUR, AGAINST YOUTUBE AND GOOGLE IN CONNECTION WITH A BITCOIN GIVEAWAY SCAM THAT HAS PERSISTED ON YOUTUBE FOR MANY MONTHS. WOZNIAK IS JOINED IN THE COMPLAINT BY 17 INDIVIDUALS FROM VARIOUS COUNTRIES WHO WERE VICTIMS OF THE FRAUD.","COTCHETT, PITRE & MCCARTHY, LLP FILES LAWSUIT ON BEHALF OF STEVE WOZNIAK AND 17 FRAUD VICTIMS AGAINST YOUTUBE AND GOOGLE OVER FRAUDULENT “BITCOIN GIVEAWAY” SCAM. REDWOOD CITY, CALIF.--(BUSINESS WIRE)--COTCHETT, PITRE & MCCARTHY, LLP FILED A LAWSUIT ON BEHALF OF STEVE WOZNIAK, THE CO-FOUNDER OF APPLE AND RENOWNED TECH ENTREPRENEUR, AGAINST YOUTUBE AND GOOGLE IN CONNECTION WITH A BITCOIN GIVEAWAY SCAM THAT HAS PERSISTED ON YOUTUBE FOR MANY MONTHS. WOZNIAK IS JOINED IN THE COMPLAINT BY 17 INDIVIDUALS FROM VARIOUS COUNTRIES WHO WERE VICTIMS OF THE FRAUD.","['cotchett, pitre mccarthy, llp files lawsuit on behalf of steve wozniak and 17 fraud victims against youtube and google over fraudulent bitcoin giveaway scam', 'redwood city, calif.--business wire--cotchett, pitre mccarthy, llp filed a lawsuit on behalf of steve wozniak, the co-founder of apple and renowned tech entrepreneur, against youtube and google in connection with a bitcoin giveaway scam that has persisted on youtube for many months', 'wozniak is joined in the complaint by 17 individuals from various countries who were victims of the fraud.']",strongly_negative,-0.8064999999999999,strongly_negative,strongly_negative
22-07-2020,FCA AND WAYMO FURTHER EXPAND AUTONOMOUS DRIVING TECHNOLOGY PARTNERSHIP AND SIGN EXCLUSIVE AGREEMENT FOR LIGHT COMMERCIAL VEHICLES,"AUBURN HILLS, MICH., JULY 22, 2020 /PRNEWSWIRE/ -- L4 WAYMO DRIVER TO BE INTEGRATED INTO FCA'S RAM PROMASTER LIGHT COMMERCIAL VEHICLE FOR GOODS MOVEMENT, ENABLING THE PARTNERSHIP TO ADDRESS SPECIFIC NEEDS OF COMMERCIAL CUSTOMERS FCA HAS SELECTED WAYMO AS ITS EXCLUSIVE, STRATEGIC PARTNER.","FCA AND WAYMO FURTHER EXPAND AUTONOMOUS DRIVING TECHNOLOGY PARTNERSHIP AND SIGN EXCLUSIVE AGREEMENT FOR LIGHT COMMERCIAL VEHICLES. AUBURN HILLS, MICH., JULY 22, 2020 /PRNEWSWIRE/ -- L4 WAYMO DRIVER TO BE INTEGRATED INTO FCA'S RAM PROMASTER LIGHT COMMERCIAL VEHICLE FOR GOODS MOVEMENT, ENABLING THE PARTNERSHIP TO ADDRESS SPECIFIC NEEDS OF COMMERCIAL CUSTOMERS FCA HAS SELECTED WAYMO AS ITS EXCLUSIVE, STRATEGIC PARTNER.","['fca and waymo further expand autonomous driving technology partnership and sign exclusive agreement for light commercial vehicles', ""auburn hills, mich., july 22, 2020 prnewswire -- l4 waymo driver to be integrated into fca's ram promaster light commercial vehicle for goods movement, enabling the partnership to address specific needs of commercial customers fca has selected waymo as its exclusive, strategic partner.""]",weakly_positive,0.4232,weakly_positive,weakly_positive
13-05-2020,ALPHABET’S LOON AND VODACOM PARTNER TO INCREASE RURAL INTERNET ACCESS IN MOZAMBIQUE,LOON AND VODACOM PARTNER TO BRING NETWORK ACCESS TO PREVIOUSLY UNCOVERED POPULATIONS VIA STRATOSPHERIC INTERNET BALLOONS LOON AND VODACOM PARTNER TO BRING NETWORK ACCESS TO PREVIOUSLY UNCOVERED POPULATIONS VIA STRATOSPHERIC INTERNET BALLOONS,ALPHABET’S LOON AND VODACOM PARTNER TO INCREASE RURAL INTERNET ACCESS IN MOZAMBIQUE. LOON AND VODACOM PARTNER TO BRING NETWORK ACCESS TO PREVIOUSLY UNCOVERED POPULATIONS VIA STRATOSPHERIC INTERNET BALLOONS LOON AND VODACOM PARTNER TO BRING NETWORK ACCESS TO PREVIOUSLY UNCOVERED POPULATIONS VIA STRATOSPHERIC INTERNET BALLOONS,"['alphabets loon and vodacom partner to increase rural internet access in mozambique', 'loon and vodacom partner to bring network access to previously uncovered populations via stratospheric internet balloons loon and vodacom partner to bring network access to previously uncovered populations via stratospheric internet balloons']",weakly_positive,0.1591,weakly_positive,weakly_positive
28-01-2020,"ACCENTURE AND GOOGLE CLOUD COLLABORATE TO HELP LIFE SCIENCES COMPANIES ADVANCE THE DISCOVERY, DEVELOPMENT AND DELIVERY OF INNOVATIVE THERAPIES","NEW YORK & SUNNYDALE, CALIF.--(BUSINESS WIRE)--ACCENTURE (NYSE:ACN) AND GOOGLE CLOUD (NASDAQ:GOOG, GOOGL) TODAY ANNOUNCED THAT GOOGLE CLOUD WILL BE THE CLOUD TECHNOLOGY PROVIDER FOR ACCENTURE’S INTIENT™ LIFE SCIENCES INDUSTRY PLATFORM. THE NEW, MULTI-YEAR AGREEMENT BRINGS GOOGLE’S CLOUD AND ARTIFICIAL INTELLIGENCE CAPABILITIES TOGETHER WITH ACCENTURE’S LIFE SCIENCES SERVICES AND PLATFORMS AND IS INTENDED TO HELP LIFE SCIENCES ORGANIZATIONS MAKE THEIR DATA MORE ACCESSIBLE, SECURE AND VALUABLE. THE INTIENT PLATFORM PROVIDES LIFE SCIENCES ORGANIZATIONS WITH END-TO-END CAPABILITIES FROM DISCOVERY AND RESEARCH TO CLINICAL DEVELOPMENT AND THE DELIVERY OF TREATMENTS. ACCENTURE LAUNCHED INTIENT IN MAY 2019, BUILDING ON MORE THAN SEVEN YEARS OF COLLABORATION WITH OVER 25 LIFE SCIENCES COMPANIES TO DEVELOP AND DEPLOY PLATFORM TECHNOLOGY SOLUTIONS. “INTIENT WILL ADVANCE ACCENTURE’S AND GOOGLE CLOUD’S SHARED MISSION TO EMPOWER LIFE SCIENCES ORGANIZATIONS WITH INTELLIGENT SOLUTIONS THAT HELP BRING INNOVATIVE TREATMENTS TO PATIENTS AROUND THE WORLD, WITH GREATER SPEED, SAFETY, AND EFFICACY,” SAID SIMON EAVES, GROUP CHIEF EXECUTIVE OF PRODUCTS AT ACCENTURE. “TOGETHER, WE CAN DELIVER EXCEPTIONAL VALUE TO CLIENTS AT A RAPID PACE.” GOOGLE CLOUD’S ARCHITECTURE SUPPORTS OPEN SOURCE TECHNOLOGY THAT WILL ENABLE ACCENTURE TO EXPAND THE CAPABILITIES OF INTIENT BY ALLOWING PARTNERS, INDEPENDENT SOFTWARE VENDORS, AND CONTENT PROVIDERS TO RAPIDLY DEVELOP AND PROVIDE ADDITIONAL SOLUTIONS THAT EXTEND THE VALUE OF THE PLATFORM. TARIQ SHAUKAT, PRESIDENT AT GOOGLE CLOUD, SAID, “WE’RE EXCITED TO PARTNER WITH ACCENTURE TO TRANSFORM THE LIFE SCIENCES INDUSTRY WITH CLOUD TECHNOLOGIES. OUR SHARED GOAL IS TO ACCELERATE DEVELOPMENTS IN TREATMENTS BY LEVERAGING POWERFUL GOOGLE CLOUD CAPABILITIES, SUCH AS AI AND DATA ANALYTICS, TO GAIN INSIGHTS THAT CORRELATE SYMPTOMS, EVENTS, AND TREATMENTS IN NEW AND UNEXPECTED WAYS.” UNDER THE TERMS OF THE AGREEMENT, GOOGLE CLOUD WILL BE THE CLOUD TECHNOLOGY PROVIDER FOR CURRENT AND FUTURE SOLUTIONS THAT ARE A PART OF THE ACCENTURE INTIENT PLATFORM FOR LIFE SCIENCES. THE AGREEMENT IS AN EXTENSION OF THE PARTNERSHIP BETWEEN ACCENTURE AND GOOGLE BUILT OVER THE LAST EIGHT YEARS. A KEY MILESTONE IN THE RELATIONSHIP WAS THE JULY 2018 LAUNCH OF THE ACCENTURE GOOGLE CLOUD BUSINESS GROUP, WHICH HELPS COMPANIES USE GOOGLE CLOUD TECHNOLOGY TO DELIVER SUPERIOR CUSTOMER EXPERIENCES AND ACCELERATE THEIR DIGITAL TRANSFORMATION JOURNEYS. ABOUT ACCENTURE ACCENTURE IS A LEADING GLOBAL PROFESSIONAL SERVICES COMPANY, PROVIDING A BROAD RANGE OF SERVICES AND SOLUTIONS IN STRATEGY, CONSULTING, DIGITAL, TECHNOLOGY AND OPERATIONS. COMBINING UNMATCHED EXPERIENCE AND SPECIALIZED SKILLS ACROSS MORE THAN 40 INDUSTRIES AND ALL BUSINESS FUNCTIONS — UNDERPINNED BY THE WORLD’S LARGEST DELIVERY NETWORK — ACCENTURE WORKS AT THE INTERSECTION OF BUSINESS AND TECHNOLOGY TO HELP CLIENTS IMPROVE THEIR PERFORMANCE AND CREATE SUSTAINABLE VALUE FOR THEIR STAKEHOLDERS. WITH 505,000 PEOPLE SERVING CLIENTS IN MORE THAN 120 COUNTRIES, ACCENTURE DRIVES INNOVATION TO IMPROVE THE WAY THE WORLD WORKS AND LIVES. VISIT US AT WWW.ACCENTURE.COM. ABOUT GOOGLE CLOUD GOOGLE CLOUD PROVIDES ORGANIZATIONS WITH LEADING INFRASTRUCTURE, PLATFORM CAPABILITIES AND INDUSTRY SOLUTIONS, ALONG WITH EXPERTISE, TO REINVENT THEIR BUSINESS WITH DATA-POWERED INNOVATION ON MODERN COMPUTING INFRASTRUCTURE. WE DELIVER ENTERPRISE-GRADE CLOUD SOLUTIONS THAT LEVERAGE GOOGLE’S CUTTING-EDGE TECHNOLOGY TO HELP COMPANIES OPERATE MORE EFFICIENTLY, MODERNIZE FOR GROWTH AND INNOVATE FOR THE FUTURE. CUSTOMERS IN MORE THAN 150 COUNTRIES TURN TO GOOGLE CLOUD AS THEIR TRUSTED PARTNER TO SOLVE THEIR MOST CRITICAL BUSINESS PROBLEMS.","ACCENTURE AND GOOGLE CLOUD COLLABORATE TO HELP LIFE SCIENCES COMPANIES ADVANCE THE DISCOVERY, DEVELOPMENT AND DELIVERY OF INNOVATIVE THERAPIES. NEW YORK & SUNNYDALE, CALIF.--(BUSINESS WIRE)--ACCENTURE (NYSE:ACN) AND GOOGLE CLOUD (NASDAQ:GOOG, GOOGL) TODAY ANNOUNCED THAT GOOGLE CLOUD WILL BE THE CLOUD TECHNOLOGY PROVIDER FOR ACCENTURE’S INTIENT™ LIFE SCIENCES INDUSTRY PLATFORM. THE NEW, MULTI-YEAR AGREEMENT BRINGS GOOGLE’S CLOUD AND ARTIFICIAL INTELLIGENCE CAPABILITIES TOGETHER WITH ACCENTURE’S LIFE SCIENCES SERVICES AND PLATFORMS AND IS INTENDED TO HELP LIFE SCIENCES ORGANIZATIONS MAKE THEIR DATA MORE ACCESSIBLE, SECURE AND VALUABLE. THE INTIENT PLATFORM PROVIDES LIFE SCIENCES ORGANIZATIONS WITH END-TO-END CAPABILITIES FROM DISCOVERY AND RESEARCH TO CLINICAL DEVELOPMENT AND THE DELIVERY OF TREATMENTS. ACCENTURE LAUNCHED INTIENT IN MAY 2019, BUILDING ON MORE THAN SEVEN YEARS OF COLLABORATION WITH OVER 25 LIFE SCIENCES COMPANIES TO DEVELOP AND DEPLOY PLATFORM TECHNOLOGY SOLUTIONS. “INTIENT WILL ADVANCE ACCENTURE’S AND GOOGLE CLOUD’S SHARED MISSION TO EMPOWER LIFE SCIENCES ORGANIZATIONS WITH INTELLIGENT SOLUTIONS THAT HELP BRING INNOVATIVE TREATMENTS TO PATIENTS AROUND THE WORLD, WITH GREATER SPEED, SAFETY, AND EFFICACY,” SAID SIMON EAVES, GROUP CHIEF EXECUTIVE OF PRODUCTS AT ACCENTURE. “TOGETHER, WE CAN DELIVER EXCEPTIONAL VALUE TO CLIENTS AT A RAPID PACE.” GOOGLE CLOUD’S ARCHITECTURE SUPPORTS OPEN SOURCE TECHNOLOGY THAT WILL ENABLE ACCENTURE TO EXPAND THE CAPABILITIES OF INTIENT BY ALLOWING PARTNERS, INDEPENDENT SOFTWARE VENDORS, AND CONTENT PROVIDERS TO RAPIDLY DEVELOP AND PROVIDE ADDITIONAL SOLUTIONS THAT EXTEND THE VALUE OF THE PLATFORM. TARIQ SHAUKAT, PRESIDENT AT GOOGLE CLOUD, SAID, “WE’RE EXCITED TO PARTNER WITH ACCENTURE TO TRANSFORM THE LIFE SCIENCES INDUSTRY WITH CLOUD TECHNOLOGIES. OUR SHARED GOAL IS TO ACCELERATE DEVELOPMENTS IN TREATMENTS BY LEVERAGING POWERFUL GOOGLE CLOUD CAPABILITIES, SUCH AS AI AND DATA ANALYTICS, TO GAIN INSIGHTS THAT CORRELATE SYMPTOMS, EVENTS, AND TREATMENTS IN NEW AND UNEXPECTED WAYS.” UNDER THE TERMS OF THE AGREEMENT, GOOGLE CLOUD WILL BE THE CLOUD TECHNOLOGY PROVIDER FOR CURRENT AND FUTURE SOLUTIONS THAT ARE A PART OF THE ACCENTURE INTIENT PLATFORM FOR LIFE SCIENCES. THE AGREEMENT IS AN EXTENSION OF THE PARTNERSHIP BETWEEN ACCENTURE AND GOOGLE BUILT OVER THE LAST EIGHT YEARS. A KEY MILESTONE IN THE RELATIONSHIP WAS THE JULY 2018 LAUNCH OF THE ACCENTURE GOOGLE CLOUD BUSINESS GROUP, WHICH HELPS COMPANIES USE GOOGLE CLOUD TECHNOLOGY TO DELIVER SUPERIOR CUSTOMER EXPERIENCES AND ACCELERATE THEIR DIGITAL TRANSFORMATION JOURNEYS. ABOUT ACCENTURE ACCENTURE IS A LEADING GLOBAL PROFESSIONAL SERVICES COMPANY, PROVIDING A BROAD RANGE OF SERVICES AND SOLUTIONS IN STRATEGY, CONSULTING, DIGITAL, TECHNOLOGY AND OPERATIONS. COMBINING UNMATCHED EXPERIENCE AND SPECIALIZED SKILLS ACROSS MORE THAN 40 INDUSTRIES AND ALL BUSINESS FUNCTIONS — UNDERPINNED BY THE WORLD’S LARGEST DELIVERY NETWORK — ACCENTURE WORKS AT THE INTERSECTION OF BUSINESS AND TECHNOLOGY TO HELP CLIENTS IMPROVE THEIR PERFORMANCE AND CREATE SUSTAINABLE VALUE FOR THEIR STAKEHOLDERS. WITH 505,000 PEOPLE SERVING CLIENTS IN MORE THAN 120 COUNTRIES, ACCENTURE DRIVES INNOVATION TO IMPROVE THE WAY THE WORLD WORKS AND LIVES. VISIT US AT WWW.ACCENTURE.COM. ABOUT GOOGLE CLOUD GOOGLE CLOUD PROVIDES ORGANIZATIONS WITH LEADING INFRASTRUCTURE, PLATFORM CAPABILITIES AND INDUSTRY SOLUTIONS, ALONG WITH EXPERTISE, TO REINVENT THEIR BUSINESS WITH DATA-POWERED INNOVATION ON MODERN COMPUTING INFRASTRUCTURE. WE DELIVER ENTERPRISE-GRADE CLOUD SOLUTIONS THAT LEVERAGE GOOGLE’S CUTTING-EDGE TECHNOLOGY TO HELP COMPANIES OPERATE MORE EFFICIENTLY, MODERNIZE FOR GROWTH AND INNOVATE FOR THE FUTURE. CUSTOMERS IN MORE THAN 150 COUNTRIES TURN TO GOOGLE CLOUD AS THEIR TRUSTED PARTNER TO SOLVE THEIR MOST CRITICAL BUSINESS PROBLEMS.","['accenture and google cloud collaborate to help life sciences companies advance the discovery, development and delivery of innovative therapies', 'new york sunnydale, calif.--business wire--accenture nyseacn and google cloud nasdaqgoog, googl today announced that google cloud will be the cloud technology provider for accentures intient life sciences industry platform', 'the new, multi-year agreement brings googles cloud and artificial intelligence capabilities together with accentures life sciences services and platforms and is intended to help life sciences organizations make their data more accessible, secure and valuable', 'the intient platform provides life sciences organizations with end-to-end capabilities from discovery and research to clinical development and the delivery of treatments', 'accenture launched intient in may 2019, building on more than seven years of collaboration with over 25 life sciences companies to develop and deploy platform technology solutions', 'intient will advance accentures and google clouds shared mission to empower life sciences organizations with intelligent solutions that help bring innovative treatments to patients around the world, with greater speed, safety, and efficacy, said simon eaves, group chief executive of products at accenture', 'together, we can deliver exceptional value to clients at a rapid pace', 'google clouds architecture supports open source technology that will enable accenture to expand the capabilities of intient by allowing partners, independent software vendors, and content providers to rapidly develop and provide additional solutions that extend the value of the platform', 'tariq shaukat, president at google cloud, said, were excited to partner with accenture to transform the life sciences industry with cloud technologies', 'our shared goal is to accelerate developments in treatments by leveraging powerful google cloud capabilities, such as ai and data analytics, to gain insights that correlate symptoms, events, and treatments in new and unexpected ways', 'under the terms of the agreement, google cloud will be the cloud technology provider for current and future solutions that are a part of the accenture intient platform for life sciences', 'the agreement is an extension of the partnership between accenture and google built over the last eight years', 'a key milestone in the relationship was the july 2018 launch of the accenture google cloud business group, which helps companies use google cloud technology to deliver superior customer experiences and accelerate their digital transformation journeys', 'about accenture accenture is a leading global professional services company, providing a broad range of services and solutions in strategy, consulting, digital, technology and operations', 'combining unmatched experience and specialized skills across more than 40 industries and all business functions underpinned by the worlds largest delivery network accenture works at the intersection of business and technology to help clients improve their performance and create sustainable value for their stakeholders', 'with 505,000 people serving clients in more than 120 countries, accenture drives innovation to improve the way the world works and lives', 'visit us at about google cloud google cloud provides organizations with leading infrastructure, platform capabilities and industry solutions, along with expertise, to reinvent their business with data-powered innovation on modern computing infrastructure', 'we deliver enterprise-grade cloud solutions that leverage googles cutting-edge technology to help companies operate more efficiently, modernize for growth and innovate for the future', 'customers in more than 150 countries turn to google cloud as their trusted partner to solve their most critical business problems.']",strongly_positive,0.5254157894736843,strongly_positive,strongly_positive
20-11-2019,NETAPP AND GOOGLE CLOUD ADVANCE STRATEGIC PARTNERSHIP TO DRIVE INNOVATION IN THE CLOUD,"SUNNYVALE, CALIF.--(BUSINESS WIRE)--NETAPP (NASDAQ: NTAP), THE DATA AUTHORITY FOR HYBRID CLOUD, AND GOOGLE CLOUD (NASDAQ: GOOG, GOOGL) TODAY ANNOUNCED THE GENERAL AVAILABILITY OF NETAPP® CLOUD VOLUMES SERVICE, NETAPP CLOUD VOLUMES ONTAP® FOR GOOGLE CLOUD, AND SUPPORT FOR ANTHOS ON NETAPP HCI TO HELP ORGANIZATIONS FOCUS ON INNOVATION ACROSS ANY HYBRID ENVIRONMENTS. AS ENTERPRISES SEEK TO TAKE ADVANTAGE OF THE AGILITY AND EFFICIENCY BENEFITS OF THE CLOUD, THEY NEED TO KNOW THAT THEIR DATA IS SECURE AND IN THE RIGHT PLACE, FOR THE RIGHT COST, AT SCALE. TO ACHIEVE THESE GOALS, THEY ARE BUILDING DATA FABRICS THAT PROVIDE MAXIMUM FLEXIBILITY AS THEY MOVE TO HYBRID MULTICLOUD ENVIRONMENTS. WITH NETAPP AND GOOGLE CLOUD, CUSTOMERS CAN UNLOCK THE POWER OF THEIR DATA WITH TIGHTLY INTEGRATED, ENTERPRISE-CLASS DATA SOLUTIONS THAT ARE OPTIMIZED AND VALIDATED FOR GOOGLE CLOUD. “IDC RESEARCH SHOWS THAT A GROWING PERCENTAGE OF ENTERPRISE WORKLOADS BEING DEPLOYED TO CLOUD ENVIRONMENTS SHARE A DEPENDENCE ON STORAGE PERFORMANCE, AND INCREASINGLY PRIORITIZE TOOLS THAT ENABLE GOVERNANCE, AUTOMATION, AND DATA MOBILITY,” SAID DEEPAK MOHAN, RESEARCH DIRECTOR, CLOUD INFRASTRUCTURE SERVICES, IDC. “WITH NETAPP’S ENTERPRISE DATA SERVICES RUNNING ON GOOGLE CLOUD, ORGANIZATIONS CAN ACHIEVE THE PERFORMANCE AND FUNCTIONALITY NEEDED TO SUPPORT THE MOST INTENSIVE WORKLOADS, AND IMMEDIATELY DRIVE INNOVATION ACROSS ON PREMISES AND PUBLIC CLOUD ENVIRONMENTS.” “WE’RE DELIGHTED TO EXPAND OUR PARTNERSHIP WITH NETAPP TO ENABLE HYBRID AND MULTICLOUD DEPLOYMENTS FOR CUSTOMERS AND TO MAKE NETAPP’S SOLUTIONS GENERALLY AVAILABLE NOW ON GOOGLE CLOUD,” SAID KEVIN ICHHPURANI, CORPORATE VICE PRESIDENT, GLOBAL ECOSYSTEM AT GOOGLE CLOUD. “IN ADDITION, CUSTOMERS NOW HAVE THE OPTION TO DEPLOY ANTHOS ON NETAPP’S VALIDATED HCI, PROVIDING CUSTOMERS MORE CHOICE IN THE ON-PREMISES HARDWARE SOLUTIONS ON WHICH THEY CAN RUN ANTHOS.” NETAPP’S DATA SERVICES AND SOLUTIONS HELP CUSTOMERS EFFECTIVELY MANAGE THEIR TRANSITION FROM ON-PREMISES TO HYBRID AND MULTICLOUD ENVIRONMENTS. “OUR MISSION TO HELP OUR CUSTOMERS REALIZE THE PROMISE OF THE PUBLIC CLOUD AND ENABLE THEM TO DRIVE INNOVATION AND BUSINESS OUTCOMES WITH CLOUD ALIGNS WITH THE APPROACH GOOGLE CLOUD IS PURSUING ON PREMISES AND OFF,” SAID ANTHONY LYE, SENIOR VICE PRESIDENT AND GENERAL MANAGER, CLOUD DATA SERVICES, NETAPP. “WITH POWERFUL NETAPP ENTERPRISE DATA SERVICES AND SOLUTIONS TIGHTLY INTEGRATED INTO GOOGLE CLOUD ENVIRONMENTS, ORGANIZATIONS CAN ACHIEVE ADVANCED DATA MANAGEMENT AND UNPRECEDENTED PERFORMANCE TO TRULY TAKE ADVANTAGE OF GOOGLE CLOUD’S INNOVATIVE LEADERSHIP IN APPLICATION DEVELOPMENT, ANALYTICS, AND MACHINE LEARNING.” TODAY’S ANNOUNCEMENTS INCLUDE THE FOLLOWING NEW SERVICES AND SOLUTIONS. NETAPP CLOUD VOLUMES SERVICE AND CLOUD VOLUMES ONTAP FOR GOOGLE CLOUD ARE NOW GENERALLY AVAILABLE NETAPP CLOUD VOLUMES SERVICE FOR GOOGLE CLOUD IS A CLOUD-NATIVE, GOOGLE CLOUD INTEGRATED FILE SERVICE WITH THE PERFORMANCE, AVAILABILITY, AND SECURITY REQUIRED TO EFFICIENTLY RUN BUSINESS-CRITICAL APPLICATIONS. ADDITIONALLY, CUSTOMERS CAN NOW CONFIDENTLY RUN PRODUCTION WORKLOADS IN GOOGLE CLOUD. CLOUD VOLUMES SERVICE FOR GOOGLE CLOUD IS ALSO NOW AVAILABLE IN THE UNITED KINGDOM REGION. ALSO, NOW GLOBALLY GENERALLY AVAILABLE, NETAPP CLOUD VOLUMES ONTAP FOR GOOGLE CLOUD IS THE LEADING DATA MANAGEMENT SOLUTION THAT ACCELERATES THE ENTERPRISE CLOUD JOURNEY BY BRINGING ENHANCED DATA PROTECTION, STORAGE EFFICIENCIES, AND MOBILITY TO GOOGLE CLOUD AND HYBRID MULTICLOUD ENVIRONMENTS. “IMPACT'S PARTNERSHIP CLOUD™, THE LEADING PARTNERSHIP AUTOMATION SAAS SOLUTION, ACCELERATES ENTERPRISE GROWTH BY BRINGING AUTOMATION TO ENTERPRISE PARTNERSHIP MANAGEMENT,"" SAID ROGER KJENSURD, CHIEF TECHNICAL OFFICER, IMPACT. ""CLOUD VOLUMES SERVICE FOR GOOGLE CLOUD PLATFORM HAS ENABLED US TO DEVELOP AN AGILE AND FLEXIBLE ENTERPRISE-GRADE PLATFORM FOR OUR CUSTOMERS WITH EASE AND SIMPLICITY. IN TURN, THIS HAS ALLOWED US TO ENABLE CUSTOMERS TO IMPROVE THE FULL PARTNERSHIP LIFECYCLE AND OPTIMIZE REVENUE.” ""WE'VE BEEN SEARCHING FOR A SUITABLE REPLACEMENT FOR CEPHFS AND TO DO AWAY WITH THE HEADACHES OF MAINTAINING OUR OWN INTERNAL CEPH STACK,” SAID ALEEM SHAH, SENIOR OPERATIONS ENGINEER, PROWLER.IO. “WE TRIED MANY ALTERNATIVES, WITH NETAPP CLOUD VOLUMES SERVICE COMING OUT ON TOP IN TERMS OF ITS EVER-EXPANDING FEATURE SET, RELIABILITY, AND PRICING. THE SERVICE SUPPORT PROVIDED BY NETAPP WAS UNMATCHED IN ALL CATEGORIES."" INTRODUCING NETAPP HCI FOR GOOGLE CLOUD ANTHOS NETAPP HCI IS A SCALABLE, ON-PREMISES HYBRID CLOUD INFRASTRUCTURE THAT TRANSFORMS PRIVATE CLOUDS INTO A DEPLOYABLE REGION OF A MULTICLOUD. NETAPP HCI IS NOW VALIDATED TO WORK WITH GOOGLE CLOUD’S ANTHOS, GIVING CUSTOMERS THE PEACE OF MIND OF A TRUE ENTERPRISE-CLASS PLATFORM VALIDATED WITH ANTHOS TO RELIABLY DEPLOY AND RUN THEIR APPLICATIONS. KEY CAPABILITIES UNPRECEDENTED ABILITY TO BUILD A HYBRID CLOUD. WITH NETAPP TRIDENT, A FULLY SUPPORTED OPEN SOURCE PROJECT, ORGANIZATIONS CAN ORCHESTRATE A COMPLEX HYBRID CLOUD ENVIRONMENT THAT TIES TOGETHER GOOGLE CLOUD, ANTHOS, AND NETAPP HCI ON THE PREMISES. INCREASED FLEXIBILITY. ENTERPRISES CAN SCALE ON DEMAND AND ADD COMPUTE OR CAPACITY AS NEEDED TO MEET BUSINESS REQUIREMENTS. INCREASED CHOICE. CHOOSE FROM A WIDER RANGE OF LEADING APPLICATION PLATFORMS, INCLUDING ANTHOS, KUBERNETES, VMWARE, AND NETAPP KUBERNETES SERVICE. ADDITIONAL RESOURCES LEARN MORE ABOUT TODAY’S ANNOUNCEMENT HERE. READ MORE ABOUT THE NEWS ON THE NETAPP BLOG. VISIT NETAPP IN BOOTH #P4 AT GOOGLE NEXT LONDON. FOLLOW US ON TWITTER, LINKEDIN, AND FACEBOOK. ABOUT NETAPP NETAPP IS THE DATA AUTHORITY FOR HYBRID CLOUD. WE PROVIDE A FULL RANGE OF HYBRID CLOUD DATA SERVICES THAT SIMPLIFY MANAGEMENT OF APPLICATIONS AND DATA ACROSS CLOUD AND ON-PREMISES ENVIRONMENTS TO ACCELERATE DIGITAL TRANSFORMATION. TOGETHER WITH OUR PARTNERS, WE EMPOWER GLOBAL ORGANIZATIONS TO UNLEASH THE FULL POTENTIAL OF THEIR DATA TO EXPAND CUSTOMER TOUCHPOINTS, FOSTER GREATER INNOVATION, AND OPTIMIZE THEIR OPERATIONS. FOR MORE INFORMATION, VISIT WWW.NETAPP.COM. #DATADRIVEN ABOUT GOOGLE CLOUD GOOGLE CLOUD PROVIDES ORGANIZATIONS WITH LEADING INFRASTRUCTURE, PLATFORM CAPABILITIES AND INDUSTRY SOLUTIONS, ALONG WITH EXPERTISE, TO REINVENT THEIR BUSINESS WITH DATA-POWERED INNOVATION ON MODERN COMPUTING INFRASTRUCTURE. WE DELIVER ENTERPRISE-GRADE CLOUD SOLUTIONS THAT LEVERAGE GOOGLE’S CUTTING-EDGE TECHNOLOGY TO HELP COMPANIES OPERATE MORE EFFICIENTLY, MODERNIZE FOR GROWTH AND INNOVATE FOR THE FUTURE. CUSTOMERS IN MORE THAN 150 COUNTRIES TURN TO GOOGLE CLOUD AS THEIR TRUSTED PARTNER TO SOLVE THEIR MOST CRITICAL BUSINESS PROBLEMS. NETAPP, THE NETAPP LOGO, AND THE MARKS LISTED AT HTTP://WWW.NETAPP.COM/TM ARE TRADEMARKS OF NETAPP, INC. OTHER COMPANY AND PRODUCT NAMES MAY BE TRADEMARKS OF THEIR RESPECTIVE OWNERS. GOOGLE AND THE GOOGLE LOGO ARE TRADEMARKS OF GOOGLE INC. ALL OTHER COMPANY AND PRODUCT NAMES MAY BE TRADEMARKS OF THE RESPECTIVE COMPANIES WITH WHICH THEY ARE ASSOCIATED.","NETAPP AND GOOGLE CLOUD ADVANCE STRATEGIC PARTNERSHIP TO DRIVE INNOVATION IN THE CLOUD. SUNNYVALE, CALIF.--(BUSINESS WIRE)--NETAPP (NASDAQ: NTAP), THE DATA AUTHORITY FOR HYBRID CLOUD, AND GOOGLE CLOUD (NASDAQ: GOOG, GOOGL) TODAY ANNOUNCED THE GENERAL AVAILABILITY OF NETAPP® CLOUD VOLUMES SERVICE, NETAPP CLOUD VOLUMES ONTAP® FOR GOOGLE CLOUD, AND SUPPORT FOR ANTHOS ON NETAPP HCI TO HELP ORGANIZATIONS FOCUS ON INNOVATION ACROSS ANY HYBRID ENVIRONMENTS. AS ENTERPRISES SEEK TO TAKE ADVANTAGE OF THE AGILITY AND EFFICIENCY BENEFITS OF THE CLOUD, THEY NEED TO KNOW THAT THEIR DATA IS SECURE AND IN THE RIGHT PLACE, FOR THE RIGHT COST, AT SCALE. TO ACHIEVE THESE GOALS, THEY ARE BUILDING DATA FABRICS THAT PROVIDE MAXIMUM FLEXIBILITY AS THEY MOVE TO HYBRID MULTICLOUD ENVIRONMENTS. WITH NETAPP AND GOOGLE CLOUD, CUSTOMERS CAN UNLOCK THE POWER OF THEIR DATA WITH TIGHTLY INTEGRATED, ENTERPRISE-CLASS DATA SOLUTIONS THAT ARE OPTIMIZED AND VALIDATED FOR GOOGLE CLOUD. “IDC RESEARCH SHOWS THAT A GROWING PERCENTAGE OF ENTERPRISE WORKLOADS BEING DEPLOYED TO CLOUD ENVIRONMENTS SHARE A DEPENDENCE ON STORAGE PERFORMANCE, AND INCREASINGLY PRIORITIZE TOOLS THAT ENABLE GOVERNANCE, AUTOMATION, AND DATA MOBILITY,” SAID DEEPAK MOHAN, RESEARCH DIRECTOR, CLOUD INFRASTRUCTURE SERVICES, IDC. “WITH NETAPP’S ENTERPRISE DATA SERVICES RUNNING ON GOOGLE CLOUD, ORGANIZATIONS CAN ACHIEVE THE PERFORMANCE AND FUNCTIONALITY NEEDED TO SUPPORT THE MOST INTENSIVE WORKLOADS, AND IMMEDIATELY DRIVE INNOVATION ACROSS ON PREMISES AND PUBLIC CLOUD ENVIRONMENTS.” “WE’RE DELIGHTED TO EXPAND OUR PARTNERSHIP WITH NETAPP TO ENABLE HYBRID AND MULTICLOUD DEPLOYMENTS FOR CUSTOMERS AND TO MAKE NETAPP’S SOLUTIONS GENERALLY AVAILABLE NOW ON GOOGLE CLOUD,” SAID KEVIN ICHHPURANI, CORPORATE VICE PRESIDENT, GLOBAL ECOSYSTEM AT GOOGLE CLOUD. “IN ADDITION, CUSTOMERS NOW HAVE THE OPTION TO DEPLOY ANTHOS ON NETAPP’S VALIDATED HCI, PROVIDING CUSTOMERS MORE CHOICE IN THE ON-PREMISES HARDWARE SOLUTIONS ON WHICH THEY CAN RUN ANTHOS.” NETAPP’S DATA SERVICES AND SOLUTIONS HELP CUSTOMERS EFFECTIVELY MANAGE THEIR TRANSITION FROM ON-PREMISES TO HYBRID AND MULTICLOUD ENVIRONMENTS. “OUR MISSION TO HELP OUR CUSTOMERS REALIZE THE PROMISE OF THE PUBLIC CLOUD AND ENABLE THEM TO DRIVE INNOVATION AND BUSINESS OUTCOMES WITH CLOUD ALIGNS WITH THE APPROACH GOOGLE CLOUD IS PURSUING ON PREMISES AND OFF,” SAID ANTHONY LYE, SENIOR VICE PRESIDENT AND GENERAL MANAGER, CLOUD DATA SERVICES, NETAPP. “WITH POWERFUL NETAPP ENTERPRISE DATA SERVICES AND SOLUTIONS TIGHTLY INTEGRATED INTO GOOGLE CLOUD ENVIRONMENTS, ORGANIZATIONS CAN ACHIEVE ADVANCED DATA MANAGEMENT AND UNPRECEDENTED PERFORMANCE TO TRULY TAKE ADVANTAGE OF GOOGLE CLOUD’S INNOVATIVE LEADERSHIP IN APPLICATION DEVELOPMENT, ANALYTICS, AND MACHINE LEARNING.” TODAY’S ANNOUNCEMENTS INCLUDE THE FOLLOWING NEW SERVICES AND SOLUTIONS. NETAPP CLOUD VOLUMES SERVICE AND CLOUD VOLUMES ONTAP FOR GOOGLE CLOUD ARE NOW GENERALLY AVAILABLE NETAPP CLOUD VOLUMES SERVICE FOR GOOGLE CLOUD IS A CLOUD-NATIVE, GOOGLE CLOUD INTEGRATED FILE SERVICE WITH THE PERFORMANCE, AVAILABILITY, AND SECURITY REQUIRED TO EFFICIENTLY RUN BUSINESS-CRITICAL APPLICATIONS. ADDITIONALLY, CUSTOMERS CAN NOW CONFIDENTLY RUN PRODUCTION WORKLOADS IN GOOGLE CLOUD. CLOUD VOLUMES SERVICE FOR GOOGLE CLOUD IS ALSO NOW AVAILABLE IN THE UNITED KINGDOM REGION. ALSO, NOW GLOBALLY GENERALLY AVAILABLE, NETAPP CLOUD VOLUMES ONTAP FOR GOOGLE CLOUD IS THE LEADING DATA MANAGEMENT SOLUTION THAT ACCELERATES THE ENTERPRISE CLOUD JOURNEY BY BRINGING ENHANCED DATA PROTECTION, STORAGE EFFICIENCIES, AND MOBILITY TO GOOGLE CLOUD AND HYBRID MULTICLOUD ENVIRONMENTS. “IMPACT'S PARTNERSHIP CLOUD™, THE LEADING PARTNERSHIP AUTOMATION SAAS SOLUTION, ACCELERATES ENTERPRISE GROWTH BY BRINGING AUTOMATION TO ENTERPRISE PARTNERSHIP MANAGEMENT,"" SAID ROGER KJENSURD, CHIEF TECHNICAL OFFICER, IMPACT. ""CLOUD VOLUMES SERVICE FOR GOOGLE CLOUD PLATFORM HAS ENABLED US TO DEVELOP AN AGILE AND FLEXIBLE ENTERPRISE-GRADE PLATFORM FOR OUR CUSTOMERS WITH EASE AND SIMPLICITY. IN TURN, THIS HAS ALLOWED US TO ENABLE CUSTOMERS TO IMPROVE THE FULL PARTNERSHIP LIFECYCLE AND OPTIMIZE REVENUE.” ""WE'VE BEEN SEARCHING FOR A SUITABLE REPLACEMENT FOR CEPHFS AND TO DO AWAY WITH THE HEADACHES OF MAINTAINING OUR OWN INTERNAL CEPH STACK,” SAID ALEEM SHAH, SENIOR OPERATIONS ENGINEER, PROWLER.IO. “WE TRIED MANY ALTERNATIVES, WITH NETAPP CLOUD VOLUMES SERVICE COMING OUT ON TOP IN TERMS OF ITS EVER-EXPANDING FEATURE SET, RELIABILITY, AND PRICING. THE SERVICE SUPPORT PROVIDED BY NETAPP WAS UNMATCHED IN ALL CATEGORIES."" INTRODUCING NETAPP HCI FOR GOOGLE CLOUD ANTHOS NETAPP HCI IS A SCALABLE, ON-PREMISES HYBRID CLOUD INFRASTRUCTURE THAT TRANSFORMS PRIVATE CLOUDS INTO A DEPLOYABLE REGION OF A MULTICLOUD. NETAPP HCI IS NOW VALIDATED TO WORK WITH GOOGLE CLOUD’S ANTHOS, GIVING CUSTOMERS THE PEACE OF MIND OF A TRUE ENTERPRISE-CLASS PLATFORM VALIDATED WITH ANTHOS TO RELIABLY DEPLOY AND RUN THEIR APPLICATIONS. KEY CAPABILITIES UNPRECEDENTED ABILITY TO BUILD A HYBRID CLOUD. WITH NETAPP TRIDENT, A FULLY SUPPORTED OPEN SOURCE PROJECT, ORGANIZATIONS CAN ORCHESTRATE A COMPLEX HYBRID CLOUD ENVIRONMENT THAT TIES TOGETHER GOOGLE CLOUD, ANTHOS, AND NETAPP HCI ON THE PREMISES. INCREASED FLEXIBILITY. ENTERPRISES CAN SCALE ON DEMAND AND ADD COMPUTE OR CAPACITY AS NEEDED TO MEET BUSINESS REQUIREMENTS. INCREASED CHOICE. CHOOSE FROM A WIDER RANGE OF LEADING APPLICATION PLATFORMS, INCLUDING ANTHOS, KUBERNETES, VMWARE, AND NETAPP KUBERNETES SERVICE. ADDITIONAL RESOURCES LEARN MORE ABOUT TODAY’S ANNOUNCEMENT HERE. READ MORE ABOUT THE NEWS ON THE NETAPP BLOG. VISIT NETAPP IN BOOTH #P4 AT GOOGLE NEXT LONDON. FOLLOW US ON TWITTER, LINKEDIN, AND FACEBOOK. ABOUT NETAPP NETAPP IS THE DATA AUTHORITY FOR HYBRID CLOUD. WE PROVIDE A FULL RANGE OF HYBRID CLOUD DATA SERVICES THAT SIMPLIFY MANAGEMENT OF APPLICATIONS AND DATA ACROSS CLOUD AND ON-PREMISES ENVIRONMENTS TO ACCELERATE DIGITAL TRANSFORMATION. TOGETHER WITH OUR PARTNERS, WE EMPOWER GLOBAL ORGANIZATIONS TO UNLEASH THE FULL POTENTIAL OF THEIR DATA TO EXPAND CUSTOMER TOUCHPOINTS, FOSTER GREATER INNOVATION, AND OPTIMIZE THEIR OPERATIONS. FOR MORE INFORMATION, VISIT WWW.NETAPP.COM. #DATADRIVEN ABOUT GOOGLE CLOUD GOOGLE CLOUD PROVIDES ORGANIZATIONS WITH LEADING INFRASTRUCTURE, PLATFORM CAPABILITIES AND INDUSTRY SOLUTIONS, ALONG WITH EXPERTISE, TO REINVENT THEIR BUSINESS WITH DATA-POWERED INNOVATION ON MODERN COMPUTING INFRASTRUCTURE. WE DELIVER ENTERPRISE-GRADE CLOUD SOLUTIONS THAT LEVERAGE GOOGLE’S CUTTING-EDGE TECHNOLOGY TO HELP COMPANIES OPERATE MORE EFFICIENTLY, MODERNIZE FOR GROWTH AND INNOVATE FOR THE FUTURE. CUSTOMERS IN MORE THAN 150 COUNTRIES TURN TO GOOGLE CLOUD AS THEIR TRUSTED PARTNER TO SOLVE THEIR MOST CRITICAL BUSINESS PROBLEMS. NETAPP, THE NETAPP LOGO, AND THE MARKS LISTED AT HTTP://WWW.NETAPP.COM/TM ARE TRADEMARKS OF NETAPP, INC. OTHER COMPANY AND PRODUCT NAMES MAY BE TRADEMARKS OF THEIR RESPECTIVE OWNERS. GOOGLE AND THE GOOGLE LOGO ARE TRADEMARKS OF GOOGLE INC. ALL OTHER COMPANY AND PRODUCT NAMES MAY BE TRADEMARKS OF THE RESPECTIVE COMPANIES WITH WHICH THEY ARE ASSOCIATED.","['netapp and google cloud advance strategic partnership to drive innovation in the cloud', 'sunnyvale, calif.--business wire--netapp nasdaq ntap, the data authority for hybrid cloud, and google cloud nasdaq goog, googl today announced the general availability of netapp cloud volumes service, netapp cloud volumes ontap for google cloud, and support for anthos on netapp hci to help organizations focus on innovation across any hybrid environments', 'as enterprises seek to take advantage of the agility and efficiency benefits of the cloud, they need to know that their data is secure and in the right place, for the right cost, at scale', 'to achieve these goals, they are building data fabrics that provide maximum flexibility as they move to hybrid multicloud environments', 'with netapp and google cloud, customers can unlock the power of their data with tightly integrated, enterprise-class data solutions that are optimized and validated for google cloud', 'idc research shows that a growing percentage of enterprise workloads being deployed to cloud environments share a dependence on storage performance, and increasingly prioritize tools that enable governance, automation, and data mobility, said deepak mohan, research director, cloud infrastructure services, idc', 'with netapps enterprise data services running on google cloud, organizations can achieve the performance and functionality needed to support the most intensive workloads, and immediately drive innovation across on premises and public cloud environments', 'were delighted to expand our partnership with netapp to enable hybrid and multicloud deployments for customers and to make netapps solutions generally available now on google cloud, said kevin ichhpurani, corporate vice president, global ecosystem at google cloud', 'in addition, customers now have the option to deploy anthos on netapps validated hci, providing customers more choice in the on-premises hardware solutions on which they can run anthos', 'netapps data services and solutions help customers effectively manage their transition from on-premises to hybrid and multicloud environments', 'our mission to help our customers realize the promise of the public cloud and enable them to drive innovation and business outcomes with cloud aligns with the approach google cloud is pursuing on premises and off, said anthony lye, senior vice president and general manager, cloud data services, netapp', 'with powerful netapp enterprise data services and solutions tightly integrated into google cloud environments, organizations can achieve advanced data management and unprecedented performance to truly take advantage of google clouds innovative leadership in application development, analytics, and machine learning', 'todays announcements include the following new services and solutions', 'netapp cloud volumes service and cloud volumes ontap for google cloud are now generally available netapp cloud volumes service for google cloud is a cloud-native, google cloud integrated file service with the performance, availability, and security required to efficiently run business-critical applications', 'additionally, customers can now confidently run production workloads in google cloud', 'cloud volumes service for google cloud is also now available in the united kingdom region', 'also, now globally generally available, netapp cloud volumes ontap for google cloud is the leading data management solution that accelerates the enterprise cloud journey by bringing enhanced data protection, storage efficiencies, and mobility to google cloud and hybrid multicloud environments', ""impact's partnership cloud, the leading partnership automation saas solution, accelerates enterprise growth by bringing automation to enterprise partnership management, said roger kjensurd, chief technical officer, impact"", 'cloud volumes service for google cloud platform has enabled us to develop an agile and flexible enterprise-grade platform for our customers with ease and simplicity', 'in turn, this has allowed us to enable customers to improve the full partnership lifecycle and optimize revenue', ""we've been searching for a suitable replacement for cephfs and to do away with the headaches of maintaining our own internal ceph stack, said aleem shah, senior operations engineer, prowler.io"", 'we tried many alternatives, with netapp cloud volumes service coming out on top in terms of its ever-expanding feature set, reliability, and pricing', 'the service support provided by netapp was unmatched in all categories', 'introducing netapp hci for google cloud anthos netapp hci is a scalable, on-premises hybrid cloud infrastructure that transforms private clouds into a deployable region of a multicloud', 'netapp hci is now validated to work with google clouds anthos, giving customers the peace of mind of a true enterprise-class platform validated with anthos to reliably deploy and run their applications', 'key capabilities unprecedented ability to build a hybrid cloud', 'with netapp trident, a fully supported open source project, organizations can orchestrate a complex hybrid cloud environment that ties together google cloud, anthos, and netapp hci on the premises', 'increased flexibility', 'enterprises can scale on demand and add compute or capacity as needed to meet business requirements', 'increased choice', 'choose from a wider range of leading application platforms, including anthos, kubernetes, vmware, and netapp kubernetes service', 'additional resources learn more about todays announcement here', 'read more about the news on the netapp blog', 'visit netapp in booth p4 at google next london', 'follow us on twitter, linkedin, and facebook', 'about netapp netapp is the data authority for hybrid cloud', 'we provide a full range of hybrid cloud data services that simplify management of applications and data across cloud and on-premises environments to accelerate digital transformation', 'together with our partners, we empower global organizations to unleash the full potential of their data to expand customer touchpoints, foster greater innovation, and optimize their operations', 'for more information, visit datadriven about google cloud google cloud provides organizations with leading infrastructure, platform capabilities and industry solutions, along with expertise, to reinvent their business with data-powered innovation on modern computing infrastructure', 'we deliver enterprise-grade cloud solutions that leverage googles cutting-edge technology to help companies operate more efficiently, modernize for growth and innovate for the future', 'customers in more than 150 countries turn to google cloud as their trusted partner to solve their most critical business problems', 'netapp, the netapp logo, and the marks listed at are trademarks of netapp, inc', 'other company and product names may be trademarks of their respective owners', 'google and the google logo are trademarks of google inc', 'all other company and product names may be trademarks of the respective companies with which they are associated.']",weakly_positive,0.3923577777777777,weakly_positive,weakly_positive
31-10-2019,HCL TECHNOLOGIES LAUNCHES A DEDICATED GOOGLE CLOUD BUSINESS UNIT TO ACCELERATE ENTERPRISE CLOUD ADOPTION,"NOIDA, INDIA & MOUNTAIN VIEW, CALIF.--(BUSINESS WIRE)--HCL TECHNOLOGIES (HCL), A LEADING GLOBAL TECHNOLOGY COMPANY, AND GOOGLE CLOUD (NASDAQ: GOOG, GOOGL) TODAY ANNOUNCED THE LAUNCH OF HCL’S GOOGLE CLOUD BUSINESS UNIT TO ACCELERATE ENTERPRISE CLOUD ADOPTION WORLDWIDE. THIS DEDICATED BUSINESS GROUP WITHIN HCL WILL BE SUPPORTED BY ENGINEERING, SOLUTIONS, AND BUSINESS TEAMS FROM GOOGLE CLOUD. HCL CURRENTLY HAS MORE THAN 1,300 PROFESSIONALS TRAINED ON GOOGLE CLOUD AND PLANS TO RAMP THIS CAPACITY TO MORE THAN 5,000 SPECIALISTS IN THE NEAR FUTURE, PROVIDING EXPERTISE TO ENTERPRISE CUSTOMERS IN AREAS LIKE CONTAINERIZATION, HYBRID AND MULTI-CLOUD WITH ANTHOS, COMPUTE, DATA AND ANALYTICS, AI AND ML, COLLABORATION WITH G SUITE, AND MORE. TOGETHER, THE COMPANIES’ JOINT INVESTMENTS WILL FOCUS ON HELPING CUSTOMERS ADVANCE THEIR DIGITAL TRANSFORMATIONS THROUGH SOLUTIONS COVERING: SAP WORKLOAD AND APPLICATION MIGRATION TO GCP HYBRID AND MULTI-CLOUD DEPLOYMENTS WITH GOOGLE CLOUD’S ANTHOS ADOPTION OF LEADING GOOGLE CLOUD DATA, AI, AND ML SOLUTIONS IN AREAS LIKE E-COMMERCE, SUPPLY CHAIN, AND MARKETING APPLICATION AND DATA CENTER MODERNIZATION WORKPLACE TRANSFORMATION AND COLLABORATION WITH G SUITE DEVSECOPS AND SERVICE ORCHESTRATION HCL WILL CREATE GOOGLE CLOUD-SPECIFIC CLOUD NATIVE LABS IN THE UNITED STATES (DALLAS), THE UK (LONDON), AND INDIA (NCR). THESE LABS WILL PROVIDE CUSTOMERS A LANDSCAPE TO INNOVATE BY ENGAGING IN BUSINESS-FOCUSED DESIGN WORKSHOPS TO RAPIDLY CREATE MVPS/PILOTS ON GOOGLE CLOUD. ""HCL AND GOOGLE HAVE A DEEP AND LONG-STANDING RELATIONSHIP, AND THIS NEW BUSINESS UNIT IS A STRATEGIC STEP FORWARD IN OUR PARTNERSHIP. I AM CONFIDENT THAT THE GOOGLE CLOUD BUSINESS UNIT WILL ACCELERATE EXECUTION OF DIGITAL TRANSFORMATION OF GLOBAL ORGANIZATIONS AS WELL AS INCUBATE NEW IP AND SOLUTIONS THAT WILL REDEFINE THE MARKET,” SAID C VIJAYAKUMAR, PRESIDENT & CEO, HCL TECHNOLOGIES. “THE CLOUD IS AT THE HEART OF INNOVATION AND DIGITAL TRANSFORMATION FOR ENTERPRISES, AND UNLOCKS NEW OPPORTUNITIES FOR THEM TO TACKLE THEIR MOST IMPORTANT CHALLENGES,” SAID THOMAS KURIAN, CEO AT GOOGLE CLOUD. “THROUGH OUR PARTNERSHIP WITH HCL, WE CAN HELP ORGANIZATIONS DEPLOY GOOGLE CLOUD BROADLY AND AT SCALE, AND MOVE THEIR MOST CRITICAL, DATA-INTENSIVE WORKLOADS TO GCP.” FOR MORE INFORMATION ON HCL’S GOOGLE CLOUD BUSINESS UNIT, VISIT HTTPS://WWW.HCLTECH.COM/CLOUD/GOOGLE-CLOUD. ABOUT HCL TECHNOLOGIES HCL TECHNOLOGIES (HCL) EMPOWERS GLOBAL ENTERPRISES WITH TECHNOLOGY FOR THE NEXT DECADE TODAY. HCL’S MODE 1-2-3 STRATEGY, THROUGH ITS DEEP-DOMAIN INDUSTRY EXPERTISE, CUSTOMER-CENTRICITY AND ENTREPRENEURIAL CULTURE OF IDEAPRENEURSHIP™ ENABLES BUSINESSES TO TRANSFORM INTO NEXT-GEN ENTERPRISES. HCL OFFERS ITS SERVICES AND PRODUCTS THROUGH THREE LINES OF BUSINESS - IT AND BUSINESS SERVICES (ITBS), ENGINEERING AND R&D SERVICES (ERS), AND PRODUCTS & PLATFORMS (P&P). ITBS ENABLES GLOBAL ENTERPRISES TO TRANSFORM THEIR BUSINESSES THROUGH OFFERINGS IN AREAS OF APPLICATIONS, INFRASTRUCTURE, DIGITAL PROCESS OPERATIONS, AND NEXT GENERATION DIGITAL TRANSFORMATION SOLUTIONS. ERS OFFERS ENGINEERING SERVICES AND SOLUTIONS IN ALL ASPECTS OF PRODUCT DEVELOPMENT AND PLATFORM ENGINEERING WHILE UNDER P&P. HCL PROVIDES MODERNIZED SOFTWARE PRODUCTS TO GLOBAL CLIENTS FOR THEIR TECHNOLOGY AND INDUSTRY SPECIFIC REQUIREMENTS. THROUGH ITS CUTTING-EDGE CO-INNOVATION LABS, GLOBAL DELIVERY CAPABILITIES, AND BROAD GLOBAL NETWORK, HCL DELIVERS HOLISTIC SERVICES IN VARIOUS INDUSTRY VERTICALS, CATEGORIZED UNDER FINANCIAL SERVICES, MANUFACTURING, TECHNOLOGY & SERVICES, TELECOM & MEDIA, RETAIL & CPG, LIFE SCIENCES, AND HEALTHCARE AND PUBLIC SERVICES. AS A LEADING GLOBAL TECHNOLOGY COMPANY, HCL TAKES PRIDE IN ITS DIVERSITY, SOCIAL RESPONSIBILITY, SUSTAINABILITY, AND EDUCATION INITIATIVES. AS OF 12 MONTHS ENDING ON SEPTEMBER 30, 2019, HCL HAS A CONSOLIDATED REVENUE OF US$ 9.3 BILLION AND ITS 147,123 IDEAPRENEURS OPERATE OUT OF 44 COUNTRIES. FOR MORE INFORMATION, VISIT WWW.HCLTECH.COM. ABOUT GOOGLE CLOUD GOOGLE CLOUD IS WIDELY RECOGNIZED AS A GLOBAL LEADER IN DELIVERING A SECURE, OPEN AND INTELLIGENT ENTERPRISE CLOUD PLATFORM. OUR TECHNOLOGY IS BUILT ON GOOGLE’S PRIVATE NETWORK AND IS THE PRODUCT OF NEARLY 20 YEARS OF INNOVATION IN SECURITY, NETWORK ARCHITECTURE, COLLABORATION, ARTIFICIAL INTELLIGENCE AND OPEN SOURCE SOFTWARE. WE OFFER A SIMPLY ENGINEERED SET OF TOOLS AND UNPARALLELED TECHNOLOGY ACROSS GOOGLE CLOUD PLATFORM AND G SUITE THAT HELP BRING PEOPLE, INSIGHTS AND IDEAS TOGETHER. CUSTOMERS ACROSS MORE THAN 150 COUNTRIES TRUST GOOGLE CLOUD TO MODERNIZE THEIR COMPUTING ENVIRONMENT FOR TODAY’S DIGITAL WORLD. FORWARD–LOOKING STATEMENTS CERTAIN STATEMENTS IN THIS RELEASE ARE FORWARD-LOOKING STATEMENTS, WHICH INVOLVE A NUMBER OF RISKS, UNCERTAINTIES, ASSUMPTIONS AND OTHER FACTORS THAT COULD CAUSE ACTUAL RESULTS TO DIFFER MATERIALLY FROM THOSE IN SUCH FORWARD-LOOKING STATEMENTS. ALL STATEMENTS, OTHER THAN STATEMENTS OF HISTORICAL FACT ARE STATEMENTS THAT COULD BE DEEMED FORWARD-LOOKING STATEMENTS, INCLUDING BUT NOT LIMITED TO THE STATEMENTS CONTAINING THE WORDS 'PLANNED', 'EXPECTS', 'BELIEVES’,’ STRATEGY', 'OPPORTUNITY', 'ANTICIPATES', 'HOPES' OR OTHER SIMILAR WORDS. THE RISKS AND UNCERTAINTIES RELATING TO THESE STATEMENTS INCLUDE, BUT ARE NOT LIMITED TO, RISKS AND UNCERTAINTIES REGARDING IMPACT OF PENDING REGULATORY PROCEEDINGS, FLUCTUATIONS IN EARNINGS, OUR ABILITY TO MANAGE GROWTH, INTENSE COMPETITION IN IT SERVICES, BUSINESS PROCESS OUTSOURCING AND CONSULTING SERVICES INCLUDING THOSE FACTORS WHICH MAY AFFECT OUR COST ADVANTAGE, WAGE INCREASES IN INDIA, CUSTOMER ACCEPTANCES OF OUR SERVICES, PRODUCTS AND FEE STRUCTURES, OUR ABILITY TO ATTRACT AND RETAIN HIGHLY SKILLED PROFESSIONALS, OUR ABILITY TO INTEGRATE ACQUIRED ASSETS IN A COST-EFFECTIVE AND TIMELY MANNER, TIME AND COST OVERRUNS ON FIXED-PRICE, FIXED-TIMEFRAME CONTRACTS, CLIENT CONCENTRATION, RESTRICTIONS ON IMMIGRATION, OUR ABILITY TO MANAGE OUR INTERNATIONAL OPERATIONS, REDUCED DEMAND FOR TECHNOLOGY IN OUR KEY FOCUS AREAS, DISRUPTIONS IN TELECOMMUNICATION NETWORKS, OUR ABILITY TO SUCCESSFULLY COMPLETE AND INTEGRATE POTENTIAL ACQUISITIONS, THE SUCCESS OF OUR BRAND DEVELOPMENT EFFORTS, LIABILITY FOR DAMAGES ON OUR SERVICE CONTRACTS, THE SUCCESS OF THE COMPANIES /ENTITIES IN WHICH WE HAVE MADE STRATEGIC INVESTMENTS, WITHDRAWAL OF GOVERNMENTAL FISCAL INCENTIVES, POLITICAL INSTABILITY, LEGAL RESTRICTIONS ON RAISING CAPITAL OR ACQUIRING COMPANIES OUTSIDE INDIA, AND UNAUTHORIZED USE OF OUR INTELLECTUAL PROPERTY, OTHER RISKS, UNCERTAINTIES AND GENERAL ECONOMIC CONDITIONS AFFECTING OUR INDUSTRY. THERE CAN BE NO ASSURANCE THAT THE FORWARD-LOOKING STATEMENTS MADE HEREIN WILL PROVE TO BE ACCURATE, AND ISSUANCE OF SUCH FORWARD-LOOKING STATEMENTS SHOULD NOT BE REGARDED AS A REPRESENTATION BY THE COMPANY, OR ANY OTHER PERSON, THAT THE OBJECTIVE AND PLANS OF THE COMPANY WILL BE ACHIEVED. ALL FORWARD-LOOKING STATEMENTS MADE HEREIN ARE BASED ON INFORMATION PRESENTLY AVAILABLE TO THE MANAGEMENT OF THE COMPANY AND THE COMPANY DOES NOT UNDERTAKE TO UPDATE ANY FORWARD-LOOKING STATEMENT THAT MAY BE MADE FROM TIME TO TIME BY OR ON BEHALF OF THE COMPANY.","HCL TECHNOLOGIES LAUNCHES A DEDICATED GOOGLE CLOUD BUSINESS UNIT TO ACCELERATE ENTERPRISE CLOUD ADOPTION. NOIDA, INDIA & MOUNTAIN VIEW, CALIF.--(BUSINESS WIRE)--HCL TECHNOLOGIES (HCL), A LEADING GLOBAL TECHNOLOGY COMPANY, AND GOOGLE CLOUD (NASDAQ: GOOG, GOOGL) TODAY ANNOUNCED THE LAUNCH OF HCL’S GOOGLE CLOUD BUSINESS UNIT TO ACCELERATE ENTERPRISE CLOUD ADOPTION WORLDWIDE. THIS DEDICATED BUSINESS GROUP WITHIN HCL WILL BE SUPPORTED BY ENGINEERING, SOLUTIONS, AND BUSINESS TEAMS FROM GOOGLE CLOUD. HCL CURRENTLY HAS MORE THAN 1,300 PROFESSIONALS TRAINED ON GOOGLE CLOUD AND PLANS TO RAMP THIS CAPACITY TO MORE THAN 5,000 SPECIALISTS IN THE NEAR FUTURE, PROVIDING EXPERTISE TO ENTERPRISE CUSTOMERS IN AREAS LIKE CONTAINERIZATION, HYBRID AND MULTI-CLOUD WITH ANTHOS, COMPUTE, DATA AND ANALYTICS, AI AND ML, COLLABORATION WITH G SUITE, AND MORE. TOGETHER, THE COMPANIES’ JOINT INVESTMENTS WILL FOCUS ON HELPING CUSTOMERS ADVANCE THEIR DIGITAL TRANSFORMATIONS THROUGH SOLUTIONS COVERING: SAP WORKLOAD AND APPLICATION MIGRATION TO GCP HYBRID AND MULTI-CLOUD DEPLOYMENTS WITH GOOGLE CLOUD’S ANTHOS ADOPTION OF LEADING GOOGLE CLOUD DATA, AI, AND ML SOLUTIONS IN AREAS LIKE E-COMMERCE, SUPPLY CHAIN, AND MARKETING APPLICATION AND DATA CENTER MODERNIZATION WORKPLACE TRANSFORMATION AND COLLABORATION WITH G SUITE DEVSECOPS AND SERVICE ORCHESTRATION HCL WILL CREATE GOOGLE CLOUD-SPECIFIC CLOUD NATIVE LABS IN THE UNITED STATES (DALLAS), THE UK (LONDON), AND INDIA (NCR). THESE LABS WILL PROVIDE CUSTOMERS A LANDSCAPE TO INNOVATE BY ENGAGING IN BUSINESS-FOCUSED DESIGN WORKSHOPS TO RAPIDLY CREATE MVPS/PILOTS ON GOOGLE CLOUD. ""HCL AND GOOGLE HAVE A DEEP AND LONG-STANDING RELATIONSHIP, AND THIS NEW BUSINESS UNIT IS A STRATEGIC STEP FORWARD IN OUR PARTNERSHIP. I AM CONFIDENT THAT THE GOOGLE CLOUD BUSINESS UNIT WILL ACCELERATE EXECUTION OF DIGITAL TRANSFORMATION OF GLOBAL ORGANIZATIONS AS WELL AS INCUBATE NEW IP AND SOLUTIONS THAT WILL REDEFINE THE MARKET,” SAID C VIJAYAKUMAR, PRESIDENT & CEO, HCL TECHNOLOGIES. “THE CLOUD IS AT THE HEART OF INNOVATION AND DIGITAL TRANSFORMATION FOR ENTERPRISES, AND UNLOCKS NEW OPPORTUNITIES FOR THEM TO TACKLE THEIR MOST IMPORTANT CHALLENGES,” SAID THOMAS KURIAN, CEO AT GOOGLE CLOUD. “THROUGH OUR PARTNERSHIP WITH HCL, WE CAN HELP ORGANIZATIONS DEPLOY GOOGLE CLOUD BROADLY AND AT SCALE, AND MOVE THEIR MOST CRITICAL, DATA-INTENSIVE WORKLOADS TO GCP.” FOR MORE INFORMATION ON HCL’S GOOGLE CLOUD BUSINESS UNIT, VISIT HTTPS://WWW.HCLTECH.COM/CLOUD/GOOGLE-CLOUD. ABOUT HCL TECHNOLOGIES HCL TECHNOLOGIES (HCL) EMPOWERS GLOBAL ENTERPRISES WITH TECHNOLOGY FOR THE NEXT DECADE TODAY. HCL’S MODE 1-2-3 STRATEGY, THROUGH ITS DEEP-DOMAIN INDUSTRY EXPERTISE, CUSTOMER-CENTRICITY AND ENTREPRENEURIAL CULTURE OF IDEAPRENEURSHIP™ ENABLES BUSINESSES TO TRANSFORM INTO NEXT-GEN ENTERPRISES. HCL OFFERS ITS SERVICES AND PRODUCTS THROUGH THREE LINES OF BUSINESS - IT AND BUSINESS SERVICES (ITBS), ENGINEERING AND R&D SERVICES (ERS), AND PRODUCTS & PLATFORMS (P&P). ITBS ENABLES GLOBAL ENTERPRISES TO TRANSFORM THEIR BUSINESSES THROUGH OFFERINGS IN AREAS OF APPLICATIONS, INFRASTRUCTURE, DIGITAL PROCESS OPERATIONS, AND NEXT GENERATION DIGITAL TRANSFORMATION SOLUTIONS. ERS OFFERS ENGINEERING SERVICES AND SOLUTIONS IN ALL ASPECTS OF PRODUCT DEVELOPMENT AND PLATFORM ENGINEERING WHILE UNDER P&P. HCL PROVIDES MODERNIZED SOFTWARE PRODUCTS TO GLOBAL CLIENTS FOR THEIR TECHNOLOGY AND INDUSTRY SPECIFIC REQUIREMENTS. THROUGH ITS CUTTING-EDGE CO-INNOVATION LABS, GLOBAL DELIVERY CAPABILITIES, AND BROAD GLOBAL NETWORK, HCL DELIVERS HOLISTIC SERVICES IN VARIOUS INDUSTRY VERTICALS, CATEGORIZED UNDER FINANCIAL SERVICES, MANUFACTURING, TECHNOLOGY & SERVICES, TELECOM & MEDIA, RETAIL & CPG, LIFE SCIENCES, AND HEALTHCARE AND PUBLIC SERVICES. AS A LEADING GLOBAL TECHNOLOGY COMPANY, HCL TAKES PRIDE IN ITS DIVERSITY, SOCIAL RESPONSIBILITY, SUSTAINABILITY, AND EDUCATION INITIATIVES. AS OF 12 MONTHS ENDING ON SEPTEMBER 30, 2019, HCL HAS A CONSOLIDATED REVENUE OF US$ 9.3 BILLION AND ITS 147,123 IDEAPRENEURS OPERATE OUT OF 44 COUNTRIES. FOR MORE INFORMATION, VISIT WWW.HCLTECH.COM. ABOUT GOOGLE CLOUD GOOGLE CLOUD IS WIDELY RECOGNIZED AS A GLOBAL LEADER IN DELIVERING A SECURE, OPEN AND INTELLIGENT ENTERPRISE CLOUD PLATFORM. OUR TECHNOLOGY IS BUILT ON GOOGLE’S PRIVATE NETWORK AND IS THE PRODUCT OF NEARLY 20 YEARS OF INNOVATION IN SECURITY, NETWORK ARCHITECTURE, COLLABORATION, ARTIFICIAL INTELLIGENCE AND OPEN SOURCE SOFTWARE. WE OFFER A SIMPLY ENGINEERED SET OF TOOLS AND UNPARALLELED TECHNOLOGY ACROSS GOOGLE CLOUD PLATFORM AND G SUITE THAT HELP BRING PEOPLE, INSIGHTS AND IDEAS TOGETHER. CUSTOMERS ACROSS MORE THAN 150 COUNTRIES TRUST GOOGLE CLOUD TO MODERNIZE THEIR COMPUTING ENVIRONMENT FOR TODAY’S DIGITAL WORLD. FORWARD–LOOKING STATEMENTS CERTAIN STATEMENTS IN THIS RELEASE ARE FORWARD-LOOKING STATEMENTS, WHICH INVOLVE A NUMBER OF RISKS, UNCERTAINTIES, ASSUMPTIONS AND OTHER FACTORS THAT COULD CAUSE ACTUAL RESULTS TO DIFFER MATERIALLY FROM THOSE IN SUCH FORWARD-LOOKING STATEMENTS. ALL STATEMENTS, OTHER THAN STATEMENTS OF HISTORICAL FACT ARE STATEMENTS THAT COULD BE DEEMED FORWARD-LOOKING STATEMENTS, INCLUDING BUT NOT LIMITED TO THE STATEMENTS CONTAINING THE WORDS 'PLANNED', 'EXPECTS', 'BELIEVES’,’ STRATEGY', 'OPPORTUNITY', 'ANTICIPATES', 'HOPES' OR OTHER SIMILAR WORDS. THE RISKS AND UNCERTAINTIES RELATING TO THESE STATEMENTS INCLUDE, BUT ARE NOT LIMITED TO, RISKS AND UNCERTAINTIES REGARDING IMPACT OF PENDING REGULATORY PROCEEDINGS, FLUCTUATIONS IN EARNINGS, OUR ABILITY TO MANAGE GROWTH, INTENSE COMPETITION IN IT SERVICES, BUSINESS PROCESS OUTSOURCING AND CONSULTING SERVICES INCLUDING THOSE FACTORS WHICH MAY AFFECT OUR COST ADVANTAGE, WAGE INCREASES IN INDIA, CUSTOMER ACCEPTANCES OF OUR SERVICES, PRODUCTS AND FEE STRUCTURES, OUR ABILITY TO ATTRACT AND RETAIN HIGHLY SKILLED PROFESSIONALS, OUR ABILITY TO INTEGRATE ACQUIRED ASSETS IN A COST-EFFECTIVE AND TIMELY MANNER, TIME AND COST OVERRUNS ON FIXED-PRICE, FIXED-TIMEFRAME CONTRACTS, CLIENT CONCENTRATION, RESTRICTIONS ON IMMIGRATION, OUR ABILITY TO MANAGE OUR INTERNATIONAL OPERATIONS, REDUCED DEMAND FOR TECHNOLOGY IN OUR KEY FOCUS AREAS, DISRUPTIONS IN TELECOMMUNICATION NETWORKS, OUR ABILITY TO SUCCESSFULLY COMPLETE AND INTEGRATE POTENTIAL ACQUISITIONS, THE SUCCESS OF OUR BRAND DEVELOPMENT EFFORTS, LIABILITY FOR DAMAGES ON OUR SERVICE CONTRACTS, THE SUCCESS OF THE COMPANIES /ENTITIES IN WHICH WE HAVE MADE STRATEGIC INVESTMENTS, WITHDRAWAL OF GOVERNMENTAL FISCAL INCENTIVES, POLITICAL INSTABILITY, LEGAL RESTRICTIONS ON RAISING CAPITAL OR ACQUIRING COMPANIES OUTSIDE INDIA, AND UNAUTHORIZED USE OF OUR INTELLECTUAL PROPERTY, OTHER RISKS, UNCERTAINTIES AND GENERAL ECONOMIC CONDITIONS AFFECTING OUR INDUSTRY. THERE CAN BE NO ASSURANCE THAT THE FORWARD-LOOKING STATEMENTS MADE HEREIN WILL PROVE TO BE ACCURATE, AND ISSUANCE OF SUCH FORWARD-LOOKING STATEMENTS SHOULD NOT BE REGARDED AS A REPRESENTATION BY THE COMPANY, OR ANY OTHER PERSON, THAT THE OBJECTIVE AND PLANS OF THE COMPANY WILL BE ACHIEVED. ALL FORWARD-LOOKING STATEMENTS MADE HEREIN ARE BASED ON INFORMATION PRESENTLY AVAILABLE TO THE MANAGEMENT OF THE COMPANY AND THE COMPANY DOES NOT UNDERTAKE TO UPDATE ANY FORWARD-LOOKING STATEMENT THAT MAY BE MADE FROM TIME TO TIME BY OR ON BEHALF OF THE COMPANY.","['hcl technologies launches a dedicated google cloud business unit to accelerate enterprise cloud adoption', 'noida, india mountain view, calif.--business wire--hcl technologies hcl, a leading global technology company, and google cloud nasdaq goog, googl today announced the launch of hcls google cloud business unit to accelerate enterprise cloud adoption worldwide', 'this dedicated business group within hcl will be supported by engineering, solutions, and business teams from google cloud', 'hcl currently has more than 1,300 professionals trained on google cloud and plans to ramp this capacity to more than 5,000 specialists in the near future, providing expertise to enterprise customers in areas like containerization, hybrid and multi-cloud with anthos, compute, data and analytics, ai and ml, collaboration with g suite, and more', 'together, the companies joint investments will focus on helping customers advance their digital transformations through solutions covering sap workload and application migration to gcp hybrid and multi-cloud deployments with google clouds anthos adoption of leading google cloud data, ai, and ml solutions in areas like e-commerce, supply chain, and marketing application and data center modernization workplace transformation and collaboration with g suite devsecops and service orchestration hcl will create google cloud-specific cloud native labs in the united states dallas, the uk london, and india ncr', 'these labs will provide customers a landscape to innovate by engaging in business-focused design workshops to rapidly create mvpspilots on google cloud', 'hcl and google have a deep and long-standing relationship, and this new business unit is a strategic step forward in our partnership', 'i am confident that the google cloud business unit will accelerate execution of digital transformation of global organizations as well as incubate new ip and solutions that will redefine the market, said c vijayakumar, president ceo, hcl technologies', 'the cloud is at the heart of innovation and digital transformation for enterprises, and unlocks new opportunities for them to tackle their most important challenges, said thomas kurian, ceo at google cloud', 'through our partnership with hcl, we can help organizations deploy google cloud broadly and at scale, and move their most critical, data-intensive workloads to gcp', 'for more information on hcls google cloud business unit, visit about hcl technologies hcl technologies hcl empowers global enterprises with technology for the next decade today', 'hcls mode 1-2-3 strategy, through its deep-domain industry expertise, customer-centricity and entrepreneurial culture of ideapreneurship enables businesses to transform into next-gen enterprises', 'hcl offers its services and products through three lines of business - it and business services itbs, engineering and rd services ers, and products platforms pp', 'itbs enables global enterprises to transform their businesses through offerings in areas of applications, infrastructure, digital process operations, and next generation digital transformation solutions', 'ers offers engineering services and solutions in all aspects of product development and platform engineering while under pp', 'hcl provides modernized software products to global clients for their technology and industry specific requirements', 'through its cutting-edge co-innovation labs, global delivery capabilities, and broad global network, hcl delivers holistic services in various industry verticals, categorized under financial services, manufacturing, technology services, telecom media, retail cpg, life sciences, and healthcare and public services', 'as a leading global technology company, hcl takes pride in its diversity, social responsibility, sustainability, and education initiatives', 'as of 12 months ending on september 30, 2019, hcl has a consolidated revenue of us$ 9.3 billion and its 147,123 ideapreneurs operate out of 44 countries', 'for more information, visit about google cloud google cloud is widely recognized as a global leader in delivering a secure, open and intelligent enterprise cloud platform', 'our technology is built on googles private network and is the product of nearly 20 years of innovation in security, network architecture, collaboration, artificial intelligence and open source software', 'we offer a simply engineered set of tools and unparalleled technology across google cloud platform and g suite that help bring people, insights and ideas together', 'customers across more than 150 countries trust google cloud to modernize their computing environment for todays digital world', 'forwardlooking statements certain statements in this release are forward-looking statements, which involve a number of risks, uncertainties, assumptions and other factors that could cause actual results to differ materially from those in such forward-looking statements', ""all statements, other than statements of historical fact are statements that could be deemed forward-looking statements, including but not limited to the statements containing the words 'planned', 'expects', 'believes, strategy', 'opportunity', 'anticipates', 'hopes' or other similar words"", 'the risks and uncertainties relating to these statements include, but are not limited to, risks and uncertainties regarding impact of pending regulatory proceedings, fluctuations in earnings, our ability to manage growth, intense competition in it services, business process outsourcing and consulting services including those factors which may affect our cost advantage, wage increases in india, customer acceptances of our services, products and fee structures, our ability to attract and retain highly skilled professionals, our ability to integrate acquired assets in a cost-effective and timely manner, time and cost overruns on fixed-price, fixed-timeframe contracts, client concentration, restrictions on immigration, our ability to manage our international operations, reduced demand for technology in our key focus areas, disruptions in telecommunication networks, our ability to successfully complete and integrate potential acquisitions, the success of our brand development efforts, liability for damages on our service contracts, the success of the companies entities in which we have made strategic investments, withdrawal of governmental fiscal incentives, political instability, legal restrictions on raising capital or acquiring companies outside india, and unauthorized use of our intellectual property, other risks, uncertainties and general economic conditions affecting our industry', 'there can be no assurance that the forward-looking statements made herein will prove to be accurate, and issuance of such forward-looking statements should not be regarded as a representation by the company, or any other person, that the objective and plans of the company will be achieved', 'all forward-looking statements made herein are based on information presently available to the management of the company and the company does not undertake to update any forward-looking statement that may be made from time to time by or on behalf of the company.']",weakly_positive,0.3289285714285714,weakly_positive,weakly_positive
28-08-2019,PLURALSIGHT AND GOOGLE CLOUD COLLABORATE TO POWER CLOUD SKILL DEVELOPMENT AT SCALE,"SILICON SLOPES, UTAH, AUG.  28, 2019  (GLOBE NEWSWIRE) --  PLURALSIGHT, INC.  (NASDAQ: PS), THE ENTERPRISE TECHNOLOGY SKILLS PLATFORM, ANNOUNCED TODAY THE RELEASE OF A NEW CLOUD SKILL DEVELOPMENT INITIATIVE FOR CLOUD CUSTOMERS ON THE PLURALSIGHT PLATFORM. THE INITIATIVE INCLUDES THE LAUNCH OF A SKILL IQ ASSESSMENT FOR ASSOCIATE CLOUD ENGINEERS ON GOOGLE CLOUD PLATFORM (GCP), AS WELL AS THE RELEASE OF NEW COURSES ON TOPICS SUCH AS DATA ANALYTICS, MACHINE LEARNING, KUBERNETES, AND CLOUD INFRASTRUCTURE.","PLURALSIGHT AND GOOGLE CLOUD COLLABORATE TO POWER CLOUD SKILL DEVELOPMENT AT SCALE. SILICON SLOPES, UTAH, AUG.  28, 2019  (GLOBE NEWSWIRE) --  PLURALSIGHT, INC.  (NASDAQ: PS), THE ENTERPRISE TECHNOLOGY SKILLS PLATFORM, ANNOUNCED TODAY THE RELEASE OF A NEW CLOUD SKILL DEVELOPMENT INITIATIVE FOR CLOUD CUSTOMERS ON THE PLURALSIGHT PLATFORM. THE INITIATIVE INCLUDES THE LAUNCH OF A SKILL IQ ASSESSMENT FOR ASSOCIATE CLOUD ENGINEERS ON GOOGLE CLOUD PLATFORM (GCP), AS WELL AS THE RELEASE OF NEW COURSES ON TOPICS SUCH AS DATA ANALYTICS, MACHINE LEARNING, KUBERNETES, AND CLOUD INFRASTRUCTURE.","['pluralsight and google cloud collaborate to power cloud skill development at scale', 'silicon slopes, utah, aug', '28, 2019 globe newswire -- pluralsight, inc', 'nasdaq ps, the enterprise technology skills platform, announced today the release of a new cloud skill development initiative for cloud customers on the pluralsight platform', 'the initiative includes the launch of a skill iq assessment for associate cloud engineers on google cloud platform gcp, as well as the release of new courses on topics such as data analytics, machine learning, kubernetes, and cloud infrastructure.']",weakly_positive,0.05464,weakly_positive,weakly_positive
10-04-2019,"ACCENTURE AND GOOGLE CLOUD EXPAND STRATEGIC COLLABORATION, ANNOUNCE 
      NEW ENTERPRISE SOLUTIONS IN CUSTOMER EXPERIENCE TRANSFORMATION","SAN FRANCISCO--(BUSINESS WIRE)--GOOGLE CLOUD NEXT -- EXPANDING THE SCOPE OF THE ACCENTURE GOOGLE CLOUD BUSINESS GROUP, ACCENTURE (NYSE: ACN) AND GOOGLE CLOUD, PART OF ALPHABET INC. (NASDAQ: GOOG, GOOGL), TODAY ANNOUNCED THE COMPANIES ARE COLLABORATING ON SOLUTIONS TO HELP ENTERPRISES MODERNIZE AND IMPROVE THEIR CUSTOMERS’ EXPERIENCES IN THREE MAIN AREAS: ENABLING MULTI-CHANNEL CUSTOMER INTERACTIONS, IMPROVING DATA MANAGEMENT, AND CREATING SERVICES FOR HYPER-PERSONALIZATION IN MARKETING, SALES AND SERVICES. THE FIRST PRIORITY AREA OF FOCUS IS TO HELP CLIENTS ENABLE MULTI-CHANNEL CUSTOMER INTERACTIONS AND IMPROVE ACCESS TO SELF-SERVICE AND ISSUE RESOLUTION CAPABILITIES, WHILE DECREASING THE COST TO SERVICE EACH CUSTOMER. THE EFFORT WILL LEVERAGE GOOGLE CLOUD’S DATA AND AI CAPABILITIES, SPECIFICALLY THE CONTACT CENTER AI (CCAI) SOLUTION, WHICH ENABLES END-TO-END CUSTOMER INTERACTION ACROSS VOICE AND DIGITAL CHANNELS. IN ADDITION TO IMPROVING THE END-USER EXPERIENCE, ACCENTURE WILL LEVERAGE GOOGLE CLOUD’S AI AND DATA MANAGEMENT CAPABILITIES TO BUILD SOLUTIONS THAT WILL HELP CLIENTS USE DATA TO BETTER UNDERSTAND THEIR CUSTOMERS. BY BREAKING DOWN DATA SILOS ACROSS CUSTOMERS, CHANNELS, AND PRODUCTS, THESE SOLUTIONS CAN PROVIDE CLIENTS WITH A REAL-TIME, 360-DEGREE VIEW OF CUSTOMERS, GENERATING NEW INSIGHTS, POWERING NEW STRATEGIES FOR GROWTH AND IMPROVING CUSTOMER SATISFACTION. FINALLY, THE TWO COMPANIES ARE ALSO TEAMING ON THE FAST-EMERGING AREA OF HYPER-PERSONALIZATION TO HELP CUSTOMERS TRANSFORM THEIR MARKETING, SALES AND SERVICES DATA INTO CONTEXTUALLY RELEVANT SERVICES. BY LEVERAGING GOOGLE CLOUD’S AI AND ML CAPABILITIES AND MORE SECURE, TRUSTED HIGH PERFORMANCE CLOUD INFRASTRUCTURE, ORGANIZATIONS CAN TURN DATA INTO BUSINESS INSIGHTS THAT CAN BE APPLIED TO HELP INCREASE CUSTOMER RESPONSE RATES, LIFETIME VALUE AND LOYALTY. “LEADING ORGANIZATIONS ARE ACTIVELY WORKING TO GAIN A COMPETITIVE ADVANTAGE BY PROVIDING DIFFERENTIATED EXPERIENCES AND OMNI-CHANNEL INTERACTIONS WITH THEIR CUSTOMERS,” SAID PAUL DAUGHERTY, CHIEF TECHNOLOGY & INNOVATION OFFICER AT ACCENTURE. “EXPANDING THE SCOPE OF OUR COLLABORATION IS A GREAT EXAMPLE OF HOW ACCENTURE AND GOOGLE CLOUD ARE FUELING THE NEXT GENERATION OF DIGITAL INNOVATION AND BUSINESS GROWTH BY HARNESSING THE POWER OF AI THAT CAN DELIVER REAL OUTCOMES FOR OUR CLIENTS.” THOMAS KURIAN, CEO AT GOOGLE CLOUD, ADDED, “THERE IS A TREMENDOUS OPPORTUNITY FOR FORTUNE 2000 CUSTOMERS TO MODERNIZE THEIR CUSTOMER ENGAGEMENT MODELS. COMBINING GOOGLE CLOUD’S LEADING AI AND ML CAPABILITIES WITH ACCENTURE’S TRUSTED ENTERPRISE TRANSFORMATION CAPABILITY ENABLES US TO DEVELOP REAL, ACTIONABLE SOLUTIONS THAT ENTERPRISE CUSTOMERS CAN START BUILDING ON TODAY.” THE COMPANIES ARE COLLABORATING THROUGH THE ACCENTURE GOOGLE CLOUD BUSINESS GROUP, WHICH FOCUSES ON DEVELOPING INDUSTRY-BASED SOLUTIONS IN HIGH-GROWTH AREAS TO ACCELERATE CLIENTS’ ADOPTION OF GOOGLE CLOUD. ACCENTURE HAS DELIVERED MORE THAN 21,000 CLOUD TRANSFORMATIONS IN NEARLY EVERY INDUSTRY. ACCENTURE WAS SELECTED AS THE 2018 GOOGLE CLOUD GLOBAL SOCIAL IMPACT PARTNER OF THE YEAR AND AS A FINALIST FOR THE 2018 GOOGLE CLOUD SERVICES PARTNER OF THE YEAR. FOR MORE INFORMATION ON THE ACCENTURE GOOGLE CLOUD BUSINESS GROUP, VISIT HTTPS://WWW.ACCENTURE.COM/US-EN/SERVICE-ACCENTURE-GOOGLE-BUSINESS-GROUP. ABOUT ACCENTURE ACCENTURE IS A LEADING GLOBAL PROFESSIONAL SERVICES COMPANY, PROVIDING A BROAD RANGE OF SERVICES AND SOLUTIONS IN STRATEGY, CONSULTING, DIGITAL, TECHNOLOGY AND OPERATIONS. COMBINING UNMATCHED EXPERIENCE AND SPECIALIZED SKILLS ACROSS MORE THAN 40 INDUSTRIES AND ALL BUSINESS FUNCTIONS — UNDERPINNED BY THE WORLD’S LARGEST DELIVERY NETWORK — ACCENTURE WORKS AT THE INTERSECTION OF BUSINESS AND TECHNOLOGY TO HELP CLIENTS IMPROVE THEIR PERFORMANCE AND CREATE SUSTAINABLE VALUE FOR THEIR STAKEHOLDERS. WITH 477,000 PEOPLE SERVING CLIENTS IN MORE THAN 120 COUNTRIES, ACCENTURE DRIVES INNOVATION TO IMPROVE THE WAY THE WORLD WORKS AND LIVES. VISIT US AT WWW.ACCENTURE.COM. ABOUT GOOGLE CLOUD GOOGLE CLOUD IS WIDELY RECOGNIZED AS A GLOBAL LEADER IN DELIVERING A SECURE, OPEN AND INTELLIGENT ENTERPRISE CLOUD PLATFORM. OUR TECHNOLOGY IS BUILT ON GOOGLE’S PRIVATE NETWORK AND IS THE PRODUCT OF NEARLY 20 YEARS OF INNOVATION IN SECURITY, NETWORK ARCHITECTURE, COLLABORATION, ARTIFICIAL INTELLIGENCE AND OPEN SOURCE SOFTWARE. WE OFFER A SIMPLY ENGINEERED SET OF TOOLS AND UNPARALLELED TECHNOLOGY ACROSS GOOGLE CLOUD PLATFORM AND G SUITE THAT HELP BRING PEOPLE, INSIGHTS AND IDEAS TOGETHER. CUSTOMERS ACROSS MORE THAN 150 COUNTRIES TRUST GOOGLE CLOUD TO MODERNIZE THEIR COMPUTING ENVIRONMENT FOR TODAY’S DIGITAL WORLD.","ACCENTURE AND GOOGLE CLOUD EXPAND STRATEGIC COLLABORATION, ANNOUNCE 
      NEW ENTERPRISE SOLUTIONS IN CUSTOMER EXPERIENCE TRANSFORMATION. SAN FRANCISCO--(BUSINESS WIRE)--GOOGLE CLOUD NEXT -- EXPANDING THE SCOPE OF THE ACCENTURE GOOGLE CLOUD BUSINESS GROUP, ACCENTURE (NYSE: ACN) AND GOOGLE CLOUD, PART OF ALPHABET INC. (NASDAQ: GOOG, GOOGL), TODAY ANNOUNCED THE COMPANIES ARE COLLABORATING ON SOLUTIONS TO HELP ENTERPRISES MODERNIZE AND IMPROVE THEIR CUSTOMERS’ EXPERIENCES IN THREE MAIN AREAS: ENABLING MULTI-CHANNEL CUSTOMER INTERACTIONS, IMPROVING DATA MANAGEMENT, AND CREATING SERVICES FOR HYPER-PERSONALIZATION IN MARKETING, SALES AND SERVICES. THE FIRST PRIORITY AREA OF FOCUS IS TO HELP CLIENTS ENABLE MULTI-CHANNEL CUSTOMER INTERACTIONS AND IMPROVE ACCESS TO SELF-SERVICE AND ISSUE RESOLUTION CAPABILITIES, WHILE DECREASING THE COST TO SERVICE EACH CUSTOMER. THE EFFORT WILL LEVERAGE GOOGLE CLOUD’S DATA AND AI CAPABILITIES, SPECIFICALLY THE CONTACT CENTER AI (CCAI) SOLUTION, WHICH ENABLES END-TO-END CUSTOMER INTERACTION ACROSS VOICE AND DIGITAL CHANNELS. IN ADDITION TO IMPROVING THE END-USER EXPERIENCE, ACCENTURE WILL LEVERAGE GOOGLE CLOUD’S AI AND DATA MANAGEMENT CAPABILITIES TO BUILD SOLUTIONS THAT WILL HELP CLIENTS USE DATA TO BETTER UNDERSTAND THEIR CUSTOMERS. BY BREAKING DOWN DATA SILOS ACROSS CUSTOMERS, CHANNELS, AND PRODUCTS, THESE SOLUTIONS CAN PROVIDE CLIENTS WITH A REAL-TIME, 360-DEGREE VIEW OF CUSTOMERS, GENERATING NEW INSIGHTS, POWERING NEW STRATEGIES FOR GROWTH AND IMPROVING CUSTOMER SATISFACTION. FINALLY, THE TWO COMPANIES ARE ALSO TEAMING ON THE FAST-EMERGING AREA OF HYPER-PERSONALIZATION TO HELP CUSTOMERS TRANSFORM THEIR MARKETING, SALES AND SERVICES DATA INTO CONTEXTUALLY RELEVANT SERVICES. BY LEVERAGING GOOGLE CLOUD’S AI AND ML CAPABILITIES AND MORE SECURE, TRUSTED HIGH PERFORMANCE CLOUD INFRASTRUCTURE, ORGANIZATIONS CAN TURN DATA INTO BUSINESS INSIGHTS THAT CAN BE APPLIED TO HELP INCREASE CUSTOMER RESPONSE RATES, LIFETIME VALUE AND LOYALTY. “LEADING ORGANIZATIONS ARE ACTIVELY WORKING TO GAIN A COMPETITIVE ADVANTAGE BY PROVIDING DIFFERENTIATED EXPERIENCES AND OMNI-CHANNEL INTERACTIONS WITH THEIR CUSTOMERS,” SAID PAUL DAUGHERTY, CHIEF TECHNOLOGY & INNOVATION OFFICER AT ACCENTURE. “EXPANDING THE SCOPE OF OUR COLLABORATION IS A GREAT EXAMPLE OF HOW ACCENTURE AND GOOGLE CLOUD ARE FUELING THE NEXT GENERATION OF DIGITAL INNOVATION AND BUSINESS GROWTH BY HARNESSING THE POWER OF AI THAT CAN DELIVER REAL OUTCOMES FOR OUR CLIENTS.” THOMAS KURIAN, CEO AT GOOGLE CLOUD, ADDED, “THERE IS A TREMENDOUS OPPORTUNITY FOR FORTUNE 2000 CUSTOMERS TO MODERNIZE THEIR CUSTOMER ENGAGEMENT MODELS. COMBINING GOOGLE CLOUD’S LEADING AI AND ML CAPABILITIES WITH ACCENTURE’S TRUSTED ENTERPRISE TRANSFORMATION CAPABILITY ENABLES US TO DEVELOP REAL, ACTIONABLE SOLUTIONS THAT ENTERPRISE CUSTOMERS CAN START BUILDING ON TODAY.” THE COMPANIES ARE COLLABORATING THROUGH THE ACCENTURE GOOGLE CLOUD BUSINESS GROUP, WHICH FOCUSES ON DEVELOPING INDUSTRY-BASED SOLUTIONS IN HIGH-GROWTH AREAS TO ACCELERATE CLIENTS’ ADOPTION OF GOOGLE CLOUD. ACCENTURE HAS DELIVERED MORE THAN 21,000 CLOUD TRANSFORMATIONS IN NEARLY EVERY INDUSTRY. ACCENTURE WAS SELECTED AS THE 2018 GOOGLE CLOUD GLOBAL SOCIAL IMPACT PARTNER OF THE YEAR AND AS A FINALIST FOR THE 2018 GOOGLE CLOUD SERVICES PARTNER OF THE YEAR. FOR MORE INFORMATION ON THE ACCENTURE GOOGLE CLOUD BUSINESS GROUP, VISIT HTTPS://WWW.ACCENTURE.COM/US-EN/SERVICE-ACCENTURE-GOOGLE-BUSINESS-GROUP. ABOUT ACCENTURE ACCENTURE IS A LEADING GLOBAL PROFESSIONAL SERVICES COMPANY, PROVIDING A BROAD RANGE OF SERVICES AND SOLUTIONS IN STRATEGY, CONSULTING, DIGITAL, TECHNOLOGY AND OPERATIONS. COMBINING UNMATCHED EXPERIENCE AND SPECIALIZED SKILLS ACROSS MORE THAN 40 INDUSTRIES AND ALL BUSINESS FUNCTIONS — UNDERPINNED BY THE WORLD’S LARGEST DELIVERY NETWORK — ACCENTURE WORKS AT THE INTERSECTION OF BUSINESS AND TECHNOLOGY TO HELP CLIENTS IMPROVE THEIR PERFORMANCE AND CREATE SUSTAINABLE VALUE FOR THEIR STAKEHOLDERS. WITH 477,000 PEOPLE SERVING CLIENTS IN MORE THAN 120 COUNTRIES, ACCENTURE DRIVES INNOVATION TO IMPROVE THE WAY THE WORLD WORKS AND LIVES. VISIT US AT WWW.ACCENTURE.COM. ABOUT GOOGLE CLOUD GOOGLE CLOUD IS WIDELY RECOGNIZED AS A GLOBAL LEADER IN DELIVERING A SECURE, OPEN AND INTELLIGENT ENTERPRISE CLOUD PLATFORM. OUR TECHNOLOGY IS BUILT ON GOOGLE’S PRIVATE NETWORK AND IS THE PRODUCT OF NEARLY 20 YEARS OF INNOVATION IN SECURITY, NETWORK ARCHITECTURE, COLLABORATION, ARTIFICIAL INTELLIGENCE AND OPEN SOURCE SOFTWARE. WE OFFER A SIMPLY ENGINEERED SET OF TOOLS AND UNPARALLELED TECHNOLOGY ACROSS GOOGLE CLOUD PLATFORM AND G SUITE THAT HELP BRING PEOPLE, INSIGHTS AND IDEAS TOGETHER. CUSTOMERS ACROSS MORE THAN 150 COUNTRIES TRUST GOOGLE CLOUD TO MODERNIZE THEIR COMPUTING ENVIRONMENT FOR TODAY’S DIGITAL WORLD.","['accenture and google cloud expand strategic collaboration, announce new enterprise solutions in customer experience transformation', 'san francisco--business wire--google cloud next -- expanding the scope of the accenture google cloud business group, accenture nyse acn and google cloud, part of alphabet inc', 'nasdaq goog, googl, today announced the companies are collaborating on solutions to help enterprises modernize and improve their customers experiences in three main areas enabling multi-channel customer interactions, improving data management, and creating services for hyper-personalization in marketing, sales and services', 'the first priority area of focus is to help clients enable multi-channel customer interactions and improve access to self-service and issue resolution capabilities, while decreasing the cost to service each customer', 'the effort will leverage google clouds data and ai capabilities, specifically the contact center ai ccai solution, which enables end-to-end customer interaction across voice and digital channels', 'in addition to improving the end-user experience, accenture will leverage google clouds ai and data management capabilities to build solutions that will help clients use data to better understand their customers', 'by breaking down data silos across customers, channels, and products, these solutions can provide clients with a real-time, 360-degree view of customers, generating new insights, powering new strategies for growth and improving customer satisfaction', 'finally, the two companies are also teaming on the fast-emerging area of hyper-personalization to help customers transform their marketing, sales and services data into contextually relevant services', 'by leveraging google clouds ai and ml capabilities and more secure, trusted high performance cloud infrastructure, organizations can turn data into business insights that can be applied to help increase customer response rates, lifetime value and loyalty', 'leading organizations are actively working to gain a competitive advantage by providing differentiated experiences and omni-channel interactions with their customers, said paul daugherty, chief technology innovation officer at accenture', 'expanding the scope of our collaboration is a great example of how accenture and google cloud are fueling the next generation of digital innovation and business growth by harnessing the power of ai that can deliver real outcomes for our clients', 'thomas kurian, ceo at google cloud, added, there is a tremendous opportunity for fortune 2000 customers to modernize their customer engagement models', 'combining google clouds leading ai and ml capabilities with accentures trusted enterprise transformation capability enables us to develop real, actionable solutions that enterprise customers can start building on today', 'the companies are collaborating through the accenture google cloud business group, which focuses on developing industry-based solutions in high-growth areas to accelerate clients adoption of google cloud', 'accenture has delivered more than 21,000 cloud transformations in nearly every industry', 'accenture was selected as the 2018 google cloud global social impact partner of the year and as a finalist for the 2018 google cloud services partner of the year', 'for more information on the accenture google cloud business group, visit about accenture accenture is a leading global professional services company, providing a broad range of services and solutions in strategy, consulting, digital, technology and operations', 'combining unmatched experience and specialized skills across more than 40 industries and all business functions underpinned by the worlds largest delivery network accenture works at the intersection of business and technology to help clients improve their performance and create sustainable value for their stakeholders', 'with 477,000 people serving clients in more than 120 countries, accenture drives innovation to improve the way the world works and lives', 'visit us at about google cloud google cloud is widely recognized as a global leader in delivering a secure, open and intelligent enterprise cloud platform', 'our technology is built on googles private network and is the product of nearly 20 years of innovation in security, network architecture, collaboration, artificial intelligence and open source software', 'we offer a simply engineered set of tools and unparalleled technology across google cloud platform and g suite that help bring people, insights and ideas together', 'customers across more than 150 countries trust google cloud to modernize their computing environment for todays digital world.']",strongly_positive,0.5494,strongly_positive,strongly_positive
09-04-2019,HPE AND GOOGLE CLOUD PARTNER TO SIMPLIFY HYBRID CLOUD,"SAN FRANCISCO--(BUSINESS WIRE)--GOOGLE CLOUD NEXT - HEWLETT PACKARD ENTERPRISE (HPE) AND GOOGLE CLOUD TODAY ANNOUNCED A GLOBAL PARTNERSHIP TO DELIVER HYBRID CLOUD SOLUTIONS THAT ACCELERATE INNOVATION AND EXPAND CHOICE AND AGILITY FOR CUSTOMERS. TODAY’S ANNOUNCEMENT IS PART OF AN ONGOING COLLABORATION BETWEEN HPE AND GOOGLE CLOUD TO PROVIDE CUSTOMERS WITH A CONSISTENT EXPERIENCE ACROSS PUBLIC CLOUD AND ON-PREMISES ENVIRONMENTS. AS PART OF THE INITIAL STRATEGIC AGREEMENT, HPE WILL OFFER TWO HPE VALIDATED DESIGNS FOR GOOGLE CLOUD’S ANTHOS BASED ON HPE SIMPLIVITY HYPERCONVERGED INFRASTRUCTURE AND HPE NIMBLE STORAGE AND HPE PROLIANT SERVERS. HPE’S VALIDATION OF ANTHOS ON ITS SOLUTIONS PROVIDES HPE’S AND GOOGLE CLOUD’S MUTUAL CUSTOMERS THE FLEXIBILITY TO CHOOSE THE RIGHT MIX OF ON-PREMISES INFRASTRUCTURE AND PUBLIC CLOUD TO BEST MEET THEIR NEEDS. ADDITIONALLY, HPE WILL OFFER VALIDATED ON-PREMISES INFRASTRUCTURE-AS-A-SERVICE THROUGH HPE GREENLAKE, HPE’S FULLY MANAGED PAY-PER-USE CONSUMPTION OFFERING. CUSTOMERS WHO CHOOSE THIS OFFERING CAN RUN APPLICATIONS AS A SERVICE IN A GOOGLE KUBERNETES ENGINE (GKE) ENVIRONMENT ON-PREMISES AND BENEFIT FROM THE SAME CONTAINER-BASED DESIGN ACROSS THEIR HYBRID INFRASTRUCTURE. CUSTOMERS CAN LEVERAGE ANTHOS TO MANAGE THEIR PUBLIC CLOUD AS WELL AS ON-PREMISES RESOURCES. WITH HPE GREENLAKE, THEY WILL BENEFIT FROM A CONSISTENT CONSUMPTION MODEL FOR THEIR ON-PREMISES ENVIRONMENT. “CUSTOMERS TELL US THEY VALUE CHOICE, SIMPLICITY, AND CONSISTENCY IN BUILDING THEIR HYBRID CLOUD STRATEGY,” SAID PHIL DAVIS, PRESIDENT OF HYBRID IT AND CHIEF SALES OFFICER, HPE. “BY PARTNERING WITH GOOGLE CLOUD AND LEVERAGING A CONTAINER-BASED APPROACH, HPE CAN OFFER A SEAMLESS HYBRID CLOUD EXPERIENCE WITH THE UNIQUE OPTION TO DO IT ALL AS-A-SERVICE. THIS APPROACH, POWERED BY ANTHOS AND HPE GREENLAKE, GIVES OUR CUSTOMERS THE FREEDOM TO MODERNIZE AT THEIR OWN PACE WITH THE HPE INFRASTRUCTURE OF THEIR CHOICE.” “WE’RE WORKING CLOSELY WITH HPE TO MAKE IT EASY FOR CUSTOMERS TO INCORPORATE ANTHOS INTO THEIR CLOUD STRATEGIES,” SAID KEVIN ICHHPURANI, CORPORATE VICE PRESIDENT, GLOBAL ECOSYSTEM AND BUSINESS DEVELOPMENT AT GOOGLE CLOUD. “WE’RE DELIGHTED THAT HPE SHARES OUR ‘BUILD ONCE, RUN ANYWHERE’ APPROACH AND LOOK FORWARD TO EXPANDING OUR PARTNERSHIP FOR HYBRID CLOUD SOLUTIONS ON BEHALF OF CUSTOMERS.” ACCELERATE CONTAINER DEPLOYMENT WITH HPE AND GOOGLE CLOUD TODAY, ORGANIZATIONS ARE USING CONTAINER-BASED ARCHITECTURES TO MODERNIZE APPLICATIONS AND MAKE DEVELOPERS MORE AGILE, APPLICATIONS MORE PORTABLE, AND DEPLOYMENTS MORE STREAMLINED. GARTNER ESTIMATES THAT BY 2022, MORE THAN 75% OF GLOBAL ORGANIZATIONS WILL BE RUNNING CONTAINERIZED APPLICATIONS IN PRODUCTION.1 ANTHOS’ USE OF VIRTUAL MACHINES TO RUN CONTAINERS ON-PREMISES ALLOWS CUSTOMERS TO SECURELY AND EFFICIENTLY RUN PRODUCTION APPLICATIONS ON SOFTWARE-DEFINED INFRASTRUCTURE THAT IS EASILY MANAGED, MONITORED, SCALED, AND OPTIMIZED. THE NEW SOLUTIONS FROM HPE AND GOOGLE CLOUD WILL MAKE IT EASIER FOR CUSTOMERS TO LEVERAGE CONTAINERS AND DRIVE A CONSISTENT CLOUD EXPERIENCE, SO APPLICATIONS ARE BUILT ONCE TO RUN ANYWHERE, ACROSS CLOUDS AND ON-PREMISES. TOGETHER, THESE SOLUTIONS ARE IDEAL FOR A RANGE OF USE CASES, INCLUDING IMPLEMENTING DEVOPS THROUGH A CI/CD PIPELINE, DEVELOPING APPLICATIONS IN GOOGLE CLOUD AND RUNNING THEM IN PRODUCTION ON-PREMISES, AND DEPLOYING LOW-COST DISTRIBUTED EDGE CONTAINERIZED APPLICATIONS. HOW IT WORKS TODAY’S PARTNERSHIP ANNOUNCEMENT CONSISTS OF THE FOLLOWING COMPONENTS: HPE VALIDATED DESIGN FOR ANTHOS ON HPE SIMPLIVITY BRINGS THE SIMPLICITY OF A HYPERCONVERGED SOLUTION TO GKE. THIS SOLUTION SIMPLIFIES TEST/DEV AND HYBRID CLOUD MANAGEMENT FOR CONTAINERIZED APPLICATIONS HOSTED AT THE ENTERPRISE EDGE. HPE SIMPLIVITY’S STRONG REMOTE MANAGEMENT CAPABILITIES AND BANDWIDTH-EFFICIENT REPLICATION BETWEEN SITES MAKE FOR EASY INSTALLATION AND CENTRAL ADMINISTRATION. THE COMBINATION OF INFRASTRUCTURE AND ADVANCED DATA SERVICES FOR VMWARE AND HYPER-V VIRTUALIZED WORKLOADS, AS WELL AS CONTAINERS IN VMS, ENABLES AN EASY TRANSITION TO A CONTAINER ENVIRONMENT BY ALLOWING CONTAINERS AND VMS TO SHARE THE SAME HARDWARE AND STORAGE. HPE VALIDATED DESIGN FOR ANTHOS ON HPE NIMBLE STORAGE AND HPE PROLIANT PROVIDES A FLEXIBLE ARCHITECTURE FOR STORAGE-CENTRIC WORKLOADS THAT REQUIRE INDEPENDENT SCALING OF COMPUTE AND STORAGE. THIS SOLUTION BRINGS MISSION-CRITICAL RELIABILITY AND THE SPEED OF FLASH TO CONTAINER ENVIRONMENTS ALONG WITH UNIFORM MANAGEMENT ACROSS ON-PREMISES AND PUBLIC CLOUD. APPLICATIONS CAN BE MODERNIZED IN PLACE AND HYBRID CLOUD CAN BE IMPLEMENTED TO ACCELERATE TIME-TO-MARKET, LOWER ADMINISTRATIVE OVERHEAD, AND DRIVE INNOVATION. HPE GREENLAKE ALLOWS CUSTOMERS TO EXPERIENCE A FLEXIBLE CONSUMPTION MODEL FOR THE VALIDATED HPE ON-PREMISES INFRASTRUCTURE THAT IS INTEGRATED WITH ANTHOS TO PROVIDE A FULLY MANAGED CONTAINER ORCHESTRATION SERVICE. ORGANIZATIONS CAN DEPLOY CONTAINERS ON DEMAND WITHOUT HAVING TO MANAGE THE UNDERLYING ON-PREMISES INFRASTRUCTURE, INTRODUCING TIME AND COST SAVINGS. HPE GREENLAKE CUSTOMERS BENEFIT FROM: REDUCING DEPLOYMENT TIME BY 65%2 IMPROVING PRODUCTIVITY BY 40% LOWERING OVERPROVISIONING BY 30% REDUCING DEPLOYMENT TIME BY 65%2 IMPROVING PRODUCTIVITY BY 40% LOWERING OVERPROVISIONING BY 30% PLEASE READ MORE ABOUT THIS PARTNERSHIP ON THE HPE BLOG AND GOOGLE BLOG. ABOUT HPE HPE IS A GLOBAL TECHNOLOGY LEADER FOCUSED ON DEVELOPING INTELLIGENT SOLUTIONS THAT ALLOW CUSTOMERS TO CAPTURE, ANALYZE, AND ACT UPON DATA SEAMLESSLY FROM EDGE TO CLOUD. HARTFORD ENABLES CUSTOMERS TO ACCELERATE BUSINESS OUTCOMES BY DRIVING NEW BUSINESS MODELS, CREATING NEW CUSTOMER AND EMPLOYEE EXPERIENCES, AND INCREASING OPERATIONAL EFFICIENCY TODAY AND INTO THE FUTURE. ABOUT GOOGLE CLOUD GOOGLE CLOUD IS WIDELY RECOGNIZED AS A GLOBAL LEADER IN DELIVERING A SECURE, OPEN AND INTELLIGENT ENTERPRISE CLOUD PLATFORM. OUR TECHNOLOGY IS BUILT ON GOOGLE’S PRIVATE NETWORK AND IS THE PRODUCT OF NEARLY 20 YEARS OF INNOVATION IN SECURITY, NETWORK ARCHITECTURE, COLLABORATION, ARTIFICIAL INTELLIGENCE AND OPEN SOURCE SOFTWARE. WE OFFER A SIMPLY ENGINEERED SET OF TOOLS AND UNPARALLELED TECHNOLOGY ACROSS GOOGLE CLOUD PLATFORM AND G SUITE THAT HELP BRING PEOPLE, INSIGHTS AND IDEAS TOGETHER. CUSTOMERS ACROSS MORE THAN 150 COUNTRIES TRUST GOOGLE CLOUD TO MODERNIZE THEIR COMPUTING ENVIRONMENT FOR TODAY’S DIGITAL WORLD. 1 GARTNER, BEST PRACTICES FOR RUNNING CONTAINERS AND KUBERNETES IN PRODUCTION, FEBRUARY 2019. 2 FORRESTER CONSULTING, THE TOTAL ECONOMIC IMPACT OF HPE GREENLAKE FLEX CAPACITY, MAY 2018.","HPE AND GOOGLE CLOUD PARTNER TO SIMPLIFY HYBRID CLOUD. SAN FRANCISCO--(BUSINESS WIRE)--GOOGLE CLOUD NEXT - HEWLETT PACKARD ENTERPRISE (HPE) AND GOOGLE CLOUD TODAY ANNOUNCED A GLOBAL PARTNERSHIP TO DELIVER HYBRID CLOUD SOLUTIONS THAT ACCELERATE INNOVATION AND EXPAND CHOICE AND AGILITY FOR CUSTOMERS. TODAY’S ANNOUNCEMENT IS PART OF AN ONGOING COLLABORATION BETWEEN HPE AND GOOGLE CLOUD TO PROVIDE CUSTOMERS WITH A CONSISTENT EXPERIENCE ACROSS PUBLIC CLOUD AND ON-PREMISES ENVIRONMENTS. AS PART OF THE INITIAL STRATEGIC AGREEMENT, HPE WILL OFFER TWO HPE VALIDATED DESIGNS FOR GOOGLE CLOUD’S ANTHOS BASED ON HPE SIMPLIVITY HYPERCONVERGED INFRASTRUCTURE AND HPE NIMBLE STORAGE AND HPE PROLIANT SERVERS. HPE’S VALIDATION OF ANTHOS ON ITS SOLUTIONS PROVIDES HPE’S AND GOOGLE CLOUD’S MUTUAL CUSTOMERS THE FLEXIBILITY TO CHOOSE THE RIGHT MIX OF ON-PREMISES INFRASTRUCTURE AND PUBLIC CLOUD TO BEST MEET THEIR NEEDS. ADDITIONALLY, HPE WILL OFFER VALIDATED ON-PREMISES INFRASTRUCTURE-AS-A-SERVICE THROUGH HPE GREENLAKE, HPE’S FULLY MANAGED PAY-PER-USE CONSUMPTION OFFERING. CUSTOMERS WHO CHOOSE THIS OFFERING CAN RUN APPLICATIONS AS A SERVICE IN A GOOGLE KUBERNETES ENGINE (GKE) ENVIRONMENT ON-PREMISES AND BENEFIT FROM THE SAME CONTAINER-BASED DESIGN ACROSS THEIR HYBRID INFRASTRUCTURE. CUSTOMERS CAN LEVERAGE ANTHOS TO MANAGE THEIR PUBLIC CLOUD AS WELL AS ON-PREMISES RESOURCES. WITH HPE GREENLAKE, THEY WILL BENEFIT FROM A CONSISTENT CONSUMPTION MODEL FOR THEIR ON-PREMISES ENVIRONMENT. “CUSTOMERS TELL US THEY VALUE CHOICE, SIMPLICITY, AND CONSISTENCY IN BUILDING THEIR HYBRID CLOUD STRATEGY,” SAID PHIL DAVIS, PRESIDENT OF HYBRID IT AND CHIEF SALES OFFICER, HPE. “BY PARTNERING WITH GOOGLE CLOUD AND LEVERAGING A CONTAINER-BASED APPROACH, HPE CAN OFFER A SEAMLESS HYBRID CLOUD EXPERIENCE WITH THE UNIQUE OPTION TO DO IT ALL AS-A-SERVICE. THIS APPROACH, POWERED BY ANTHOS AND HPE GREENLAKE, GIVES OUR CUSTOMERS THE FREEDOM TO MODERNIZE AT THEIR OWN PACE WITH THE HPE INFRASTRUCTURE OF THEIR CHOICE.” “WE’RE WORKING CLOSELY WITH HPE TO MAKE IT EASY FOR CUSTOMERS TO INCORPORATE ANTHOS INTO THEIR CLOUD STRATEGIES,” SAID KEVIN ICHHPURANI, CORPORATE VICE PRESIDENT, GLOBAL ECOSYSTEM AND BUSINESS DEVELOPMENT AT GOOGLE CLOUD. “WE’RE DELIGHTED THAT HPE SHARES OUR ‘BUILD ONCE, RUN ANYWHERE’ APPROACH AND LOOK FORWARD TO EXPANDING OUR PARTNERSHIP FOR HYBRID CLOUD SOLUTIONS ON BEHALF OF CUSTOMERS.” ACCELERATE CONTAINER DEPLOYMENT WITH HPE AND GOOGLE CLOUD TODAY, ORGANIZATIONS ARE USING CONTAINER-BASED ARCHITECTURES TO MODERNIZE APPLICATIONS AND MAKE DEVELOPERS MORE AGILE, APPLICATIONS MORE PORTABLE, AND DEPLOYMENTS MORE STREAMLINED. GARTNER ESTIMATES THAT BY 2022, MORE THAN 75% OF GLOBAL ORGANIZATIONS WILL BE RUNNING CONTAINERIZED APPLICATIONS IN PRODUCTION.1 ANTHOS’ USE OF VIRTUAL MACHINES TO RUN CONTAINERS ON-PREMISES ALLOWS CUSTOMERS TO SECURELY AND EFFICIENTLY RUN PRODUCTION APPLICATIONS ON SOFTWARE-DEFINED INFRASTRUCTURE THAT IS EASILY MANAGED, MONITORED, SCALED, AND OPTIMIZED. THE NEW SOLUTIONS FROM HPE AND GOOGLE CLOUD WILL MAKE IT EASIER FOR CUSTOMERS TO LEVERAGE CONTAINERS AND DRIVE A CONSISTENT CLOUD EXPERIENCE, SO APPLICATIONS ARE BUILT ONCE TO RUN ANYWHERE, ACROSS CLOUDS AND ON-PREMISES. TOGETHER, THESE SOLUTIONS ARE IDEAL FOR A RANGE OF USE CASES, INCLUDING IMPLEMENTING DEVOPS THROUGH A CI/CD PIPELINE, DEVELOPING APPLICATIONS IN GOOGLE CLOUD AND RUNNING THEM IN PRODUCTION ON-PREMISES, AND DEPLOYING LOW-COST DISTRIBUTED EDGE CONTAINERIZED APPLICATIONS. HOW IT WORKS TODAY’S PARTNERSHIP ANNOUNCEMENT CONSISTS OF THE FOLLOWING COMPONENTS: HPE VALIDATED DESIGN FOR ANTHOS ON HPE SIMPLIVITY BRINGS THE SIMPLICITY OF A HYPERCONVERGED SOLUTION TO GKE. THIS SOLUTION SIMPLIFIES TEST/DEV AND HYBRID CLOUD MANAGEMENT FOR CONTAINERIZED APPLICATIONS HOSTED AT THE ENTERPRISE EDGE. HPE SIMPLIVITY’S STRONG REMOTE MANAGEMENT CAPABILITIES AND BANDWIDTH-EFFICIENT REPLICATION BETWEEN SITES MAKE FOR EASY INSTALLATION AND CENTRAL ADMINISTRATION. THE COMBINATION OF INFRASTRUCTURE AND ADVANCED DATA SERVICES FOR VMWARE AND HYPER-V VIRTUALIZED WORKLOADS, AS WELL AS CONTAINERS IN VMS, ENABLES AN EASY TRANSITION TO A CONTAINER ENVIRONMENT BY ALLOWING CONTAINERS AND VMS TO SHARE THE SAME HARDWARE AND STORAGE. HPE VALIDATED DESIGN FOR ANTHOS ON HPE NIMBLE STORAGE AND HPE PROLIANT PROVIDES A FLEXIBLE ARCHITECTURE FOR STORAGE-CENTRIC WORKLOADS THAT REQUIRE INDEPENDENT SCALING OF COMPUTE AND STORAGE. THIS SOLUTION BRINGS MISSION-CRITICAL RELIABILITY AND THE SPEED OF FLASH TO CONTAINER ENVIRONMENTS ALONG WITH UNIFORM MANAGEMENT ACROSS ON-PREMISES AND PUBLIC CLOUD. APPLICATIONS CAN BE MODERNIZED IN PLACE AND HYBRID CLOUD CAN BE IMPLEMENTED TO ACCELERATE TIME-TO-MARKET, LOWER ADMINISTRATIVE OVERHEAD, AND DRIVE INNOVATION. HPE GREENLAKE ALLOWS CUSTOMERS TO EXPERIENCE A FLEXIBLE CONSUMPTION MODEL FOR THE VALIDATED HPE ON-PREMISES INFRASTRUCTURE THAT IS INTEGRATED WITH ANTHOS TO PROVIDE A FULLY MANAGED CONTAINER ORCHESTRATION SERVICE. ORGANIZATIONS CAN DEPLOY CONTAINERS ON DEMAND WITHOUT HAVING TO MANAGE THE UNDERLYING ON-PREMISES INFRASTRUCTURE, INTRODUCING TIME AND COST SAVINGS. HPE GREENLAKE CUSTOMERS BENEFIT FROM: REDUCING DEPLOYMENT TIME BY 65%2 IMPROVING PRODUCTIVITY BY 40% LOWERING OVERPROVISIONING BY 30% REDUCING DEPLOYMENT TIME BY 65%2 IMPROVING PRODUCTIVITY BY 40% LOWERING OVERPROVISIONING BY 30% PLEASE READ MORE ABOUT THIS PARTNERSHIP ON THE HPE BLOG AND GOOGLE BLOG. ABOUT HPE HPE IS A GLOBAL TECHNOLOGY LEADER FOCUSED ON DEVELOPING INTELLIGENT SOLUTIONS THAT ALLOW CUSTOMERS TO CAPTURE, ANALYZE, AND ACT UPON DATA SEAMLESSLY FROM EDGE TO CLOUD. HARTFORD ENABLES CUSTOMERS TO ACCELERATE BUSINESS OUTCOMES BY DRIVING NEW BUSINESS MODELS, CREATING NEW CUSTOMER AND EMPLOYEE EXPERIENCES, AND INCREASING OPERATIONAL EFFICIENCY TODAY AND INTO THE FUTURE. ABOUT GOOGLE CLOUD GOOGLE CLOUD IS WIDELY RECOGNIZED AS A GLOBAL LEADER IN DELIVERING A SECURE, OPEN AND INTELLIGENT ENTERPRISE CLOUD PLATFORM. OUR TECHNOLOGY IS BUILT ON GOOGLE’S PRIVATE NETWORK AND IS THE PRODUCT OF NEARLY 20 YEARS OF INNOVATION IN SECURITY, NETWORK ARCHITECTURE, COLLABORATION, ARTIFICIAL INTELLIGENCE AND OPEN SOURCE SOFTWARE. WE OFFER A SIMPLY ENGINEERED SET OF TOOLS AND UNPARALLELED TECHNOLOGY ACROSS GOOGLE CLOUD PLATFORM AND G SUITE THAT HELP BRING PEOPLE, INSIGHTS AND IDEAS TOGETHER. CUSTOMERS ACROSS MORE THAN 150 COUNTRIES TRUST GOOGLE CLOUD TO MODERNIZE THEIR COMPUTING ENVIRONMENT FOR TODAY’S DIGITAL WORLD. 1 GARTNER, BEST PRACTICES FOR RUNNING CONTAINERS AND KUBERNETES IN PRODUCTION, FEBRUARY 2019. 2 FORRESTER CONSULTING, THE TOTAL ECONOMIC IMPACT OF HPE GREENLAKE FLEX CAPACITY, MAY 2018.","['hpe and google cloud partner to simplify hybrid cloud', 'san francisco--business wire--google cloud next - hewlett packard enterprise hpe and google cloud today announced a global partnership to deliver hybrid cloud solutions that accelerate innovation and expand choice and agility for customers', 'todays announcement is part of an ongoing collaboration between hpe and google cloud to provide customers with a consistent experience across public cloud and on-premises environments', 'as part of the initial strategic agreement, hpe will offer two hpe validated designs for google clouds anthos based on hpe simplivity hyperconverged infrastructure and hpe nimble storage and hpe proliant servers', 'hpes validation of anthos on its solutions provides hpes and google clouds mutual customers the flexibility to choose the right mix of on-premises infrastructure and public cloud to best meet their needs', 'additionally, hpe will offer validated on-premises infrastructure-as-a-service through hpe greenlake, hpes fully managed pay-per-use consumption offering', 'customers who choose this offering can run applications as a service in a google kubernetes engine gke environment on-premises and benefit from the same container-based design across their hybrid infrastructure', 'customers can leverage anthos to manage their public cloud as well as on-premises resources', 'with hpe greenlake, they will benefit from a consistent consumption model for their on-premises environment', 'customers tell us they value choice, simplicity, and consistency in building their hybrid cloud strategy, said phil davis, president of hybrid it and chief sales officer, hpe', 'by partnering with google cloud and leveraging a container-based approach, hpe can offer a seamless hybrid cloud experience with the unique option to do it all as-a-service', 'this approach, powered by anthos and hpe greenlake, gives our customers the freedom to modernize at their own pace with the hpe infrastructure of their choice', 'were working closely with hpe to make it easy for customers to incorporate anthos into their cloud strategies, said kevin ichhpurani, corporate vice president, global ecosystem and business development at google cloud', 'were delighted that hpe shares our build once, run anywhere approach and look forward to expanding our partnership for hybrid cloud solutions on behalf of customers', 'accelerate container deployment with hpe and google cloud today, organizations are using container-based architectures to modernize applications and make developers more agile, applications more portable, and deployments more streamlined', 'gartner estimates that by 2022, more than 75 percent of global organizations will be running containerized applications in production.1 anthos use of virtual machines to run containers on-premises allows customers to securely and efficiently run production applications on software-defined infrastructure that is easily managed, monitored, scaled, and optimized', 'the new solutions from hpe and google cloud will make it easier for customers to leverage containers and drive a consistent cloud experience, so applications are built once to run anywhere, across clouds and on-premises', 'together, these solutions are ideal for a range of use cases, including implementing devops through a cicd pipeline, developing applications in google cloud and running them in production on-premises, and deploying low-cost distributed edge containerized applications', 'how it works todays partnership announcement consists of the following components hpe validated design for anthos on hpe simplivity brings the simplicity of a hyperconverged solution to gke', 'this solution simplifies testdev and hybrid cloud management for containerized applications hosted at the enterprise edge', 'hpe simplivitys strong remote management capabilities and bandwidth-efficient replication between sites make for easy installation and central administration', 'the combination of infrastructure and advanced data services for vmware and hyper-v virtualized workloads, as well as containers in vms, enables an easy transition to a container environment by allowing containers and vms to share the same hardware and storage', 'hpe validated design for anthos on hpe nimble storage and hpe proliant provides a flexible architecture for storage-centric workloads that require independent scaling of compute and storage', 'this solution brings mission-critical reliability and the speed of flash to container environments along with uniform management across on-premises and public cloud', 'applications can be modernized in place and hybrid cloud can be implemented to accelerate time-to-market, lower administrative overhead, and drive innovation', 'hpe greenlake allows customers to experience a flexible consumption model for the validated hpe on-premises infrastructure that is integrated with anthos to provide a fully managed container orchestration service', 'organizations can deploy containers on demand without having to manage the underlying on-premises infrastructure, introducing time and cost savings', 'hpe greenlake customers benefit from reducing deployment time by 65 percent2 improving productivity by 40 percent lowering overprovisioning by 30 percent reducing deployment time by 65 percent2 improving productivity by 40 percent lowering overprovisioning by 30 percent please read more about this partnership on the hpe blog and google blog', 'about hpe hpe is a global technology leader focused on developing intelligent solutions that allow customers to capture, analyze, and act upon data seamlessly from edge to cloud', 'hartford enables customers to accelerate business outcomes by driving new business models, creating new customer and employee experiences, and increasing operational efficiency today and into the future', 'about google cloud google cloud is widely recognized as a global leader in delivering a secure, open and intelligent enterprise cloud platform', 'our technology is built on googles private network and is the product of nearly 20 years of innovation in security, network architecture, collaboration, artificial intelligence and open source software', 'we offer a simply engineered set of tools and unparalleled technology across google cloud platform and g suite that help bring people, insights and ideas together', 'customers across more than 150 countries trust google cloud to modernize their computing environment for todays digital world', '1 gartner, best practices for running containers and kubernetes in production, february 2019', '2 forrester consulting, the total economic impact of hpe greenlake flex capacity, may 2018.']",weakly_positive,0.454386111111111,weakly_positive,weakly_positive
10-01-2019,"COHEN MILSTEIN FILES LAWSUIT ON BEHALF OF ALPHABET SHAREHOLDERS 
      AGAINST COMPANY BOARD","SAN MATEO, CALIF.--(BUSINESS WIRE)--ALPHABET, INC. (GOOG, GOOGL) SHAREHOLDERS HAVE FILED A LAWSUIT AGAINST THE COMPANY’S BOARD OF DIRECTORS ALLEGING THE TECH GIANT VIOLATED STATE AND FEDERAL LAW REGARDING BOTH ISSUES OF WORKPLACE SEXUAL HARASSMENT AND A SERIOUS DATA BREACH. THE PLAINTIFFS, NORTHERN CALIFORNIA PIPE TRADES PENSION PLAN AND TEAMSTERS LOCAL 272 LABOR MANAGEMENT PENSION FUND, ARE CURRENT STOCKHOLDERS OF THE COMPANY AND ARE REPRESENTED BY COHEN MILSTEIN SELLERS & TOLL PLLC AND BERMAN TABACCO, AS LOCAL COUNSEL. THE COMPLAINT WAS FILED JANUARY 9 IN SUPERIOR COURT, SAN MATEO COUNTY, CALIFORNIA. THIS IS THE FIRST TIME THAT SHAREHOLDERS ARE FILING A DERIVATIVE COMPLAINT—A COMPLAINT IN WHICH SHAREHOLDERS STEP INTO THE SHOES OF THE COMPANY TO ENFORCE THEIR RIGHT TO BRING ABOUT CHANGES—ON BOTH THESE ISSUES. IN THE 62-PAGE COMPLAINT, THE SHAREHOLDERS SEEK REDRESS FROM THE INJURY AND LOSSES THAT THEY ALLEGE WERE SUSTAINED BY ALPHABET AS A RESULT OF BREACHES OF FIDUCIARY DUTY AND “CULTURE OF CONCEALMENT” THAT LED DEFENDANTS TO PURSUE THEIR OWN INTERESTS AND PARTICIPATE OR ACQUIESCE IN THE COVER-UPS OF A LONG-STANDING PATTERN OF SEXUAL HARASSMENT AND DISCRIMINATION BY HIGH-POWERED MALE EXECUTIVES. THE COMPLAINT NOTES THAT ALPHABET’S DIRECTORS AND OFFICERS HAVE BEEN DISMISSIVE IN RESPONSE TO SEX DISCRIMINATION AND SEXUAL HARASSMENT ISSUES. “WE ARE HOPING THIS LAWSUIT WILL CREATE GREATER VALUE FOR ALPHABET’S STOCKHOLDERS AND WILL ALSO ENSURE THAT THE COMPANY DEMONSTRATES A GREATER COMMITMENT TO A SAFE AND FAIR WORKPLACE,” SAID JULIE GOLDSMITH REISER, PARTNER AT COHEN MILSTEIN WHO REPRESENTS THE SHAREHOLDERS. THE LAWSUIT ALSO ALLEGES ALPHABET FAILED TO DISCLOSE A DATA PRIVACY BREACH THAT EXPOSED THE PERSONAL DATA OF A HALF A MILLION USERS OF GOOGLE+, A SOCIAL NETWORKING WEBSITE OPERATED BY THE COMPANY. IN PARTICULAR, IT NOTES THAT A GROUP OF U.S. SENATORS CRITICIZED MANAGEMENT FOR A “CULTURE OF CONCEALMENT AND OPACITY SET FROM THE TOP OF THE COMPANY.” “AS THE COMPLAINT’S ALLEGATIONS MAKE CLEAR, ALPHABET’S DIRECTORS’ DEROGATION OF THEIR DUTIES OWED TO THE COMPANY AND ITS SHAREHOLDERS IS UNACCEPTABLE,” SAID CAROL V. GILDEN, A PARTNER AT COHEN MILSTEIN WHO IS ALSO REPRESENTING THE SHAREHOLDERS. “THEY NEED TO BE HELD RESPONSIBLE FOR ANY HARM THEY HAVE CAUSED AND TAKE STEPS TO REFORM THE COMPANY’S GOVERNANCE AND INTERNAL CONTROLS SO THIS CONDUCT DOES NOT REOCCUR.” A FULL COPY OF THE COMPLAINT FILED IS AVAILABLE HERE. ABOUT COHEN MILSTEIN COHEN MILSTEIN SELLERS & TOLL PLLC RECOGNIZED AS ONE OF THE PREMIER LAW FIRMS IN THE COUNTRY HANDLING MAJOR, COMPLEX PLAINTIFF-SIDE LITIGATION. WITH MORE THAN 90 ATTORNEYS, COHEN MILSTEIN HAS OFFICES IN WASHINGTON, D.C., CHICAGO, ILL., NEW YORK, N.Y., PALM BEACH GARDENS, FLA., PHILADELPHIA, PA. AND RALEIGH, N.C. FOR ADDITIONAL INFORMATION, VISIT WWW.COHENMILSTEIN.COM OR CALL 202.408.4600.","COHEN MILSTEIN FILES LAWSUIT ON BEHALF OF ALPHABET SHAREHOLDERS 
      AGAINST COMPANY BOARD. SAN MATEO, CALIF.--(BUSINESS WIRE)--ALPHABET, INC. (GOOG, GOOGL) SHAREHOLDERS HAVE FILED A LAWSUIT AGAINST THE COMPANY’S BOARD OF DIRECTORS ALLEGING THE TECH GIANT VIOLATED STATE AND FEDERAL LAW REGARDING BOTH ISSUES OF WORKPLACE SEXUAL HARASSMENT AND A SERIOUS DATA BREACH. THE PLAINTIFFS, NORTHERN CALIFORNIA PIPE TRADES PENSION PLAN AND TEAMSTERS LOCAL 272 LABOR MANAGEMENT PENSION FUND, ARE CURRENT STOCKHOLDERS OF THE COMPANY AND ARE REPRESENTED BY COHEN MILSTEIN SELLERS & TOLL PLLC AND BERMAN TABACCO, AS LOCAL COUNSEL. THE COMPLAINT WAS FILED JANUARY 9 IN SUPERIOR COURT, SAN MATEO COUNTY, CALIFORNIA. THIS IS THE FIRST TIME THAT SHAREHOLDERS ARE FILING A DERIVATIVE COMPLAINT—A COMPLAINT IN WHICH SHAREHOLDERS STEP INTO THE SHOES OF THE COMPANY TO ENFORCE THEIR RIGHT TO BRING ABOUT CHANGES—ON BOTH THESE ISSUES. IN THE 62-PAGE COMPLAINT, THE SHAREHOLDERS SEEK REDRESS FROM THE INJURY AND LOSSES THAT THEY ALLEGE WERE SUSTAINED BY ALPHABET AS A RESULT OF BREACHES OF FIDUCIARY DUTY AND “CULTURE OF CONCEALMENT” THAT LED DEFENDANTS TO PURSUE THEIR OWN INTERESTS AND PARTICIPATE OR ACQUIESCE IN THE COVER-UPS OF A LONG-STANDING PATTERN OF SEXUAL HARASSMENT AND DISCRIMINATION BY HIGH-POWERED MALE EXECUTIVES. THE COMPLAINT NOTES THAT ALPHABET’S DIRECTORS AND OFFICERS HAVE BEEN DISMISSIVE IN RESPONSE TO SEX DISCRIMINATION AND SEXUAL HARASSMENT ISSUES. “WE ARE HOPING THIS LAWSUIT WILL CREATE GREATER VALUE FOR ALPHABET’S STOCKHOLDERS AND WILL ALSO ENSURE THAT THE COMPANY DEMONSTRATES A GREATER COMMITMENT TO A SAFE AND FAIR WORKPLACE,” SAID JULIE GOLDSMITH REISER, PARTNER AT COHEN MILSTEIN WHO REPRESENTS THE SHAREHOLDERS. THE LAWSUIT ALSO ALLEGES ALPHABET FAILED TO DISCLOSE A DATA PRIVACY BREACH THAT EXPOSED THE PERSONAL DATA OF A HALF A MILLION USERS OF GOOGLE+, A SOCIAL NETWORKING WEBSITE OPERATED BY THE COMPANY. IN PARTICULAR, IT NOTES THAT A GROUP OF U.S. SENATORS CRITICIZED MANAGEMENT FOR A “CULTURE OF CONCEALMENT AND OPACITY SET FROM THE TOP OF THE COMPANY.” “AS THE COMPLAINT’S ALLEGATIONS MAKE CLEAR, ALPHABET’S DIRECTORS’ DEROGATION OF THEIR DUTIES OWED TO THE COMPANY AND ITS SHAREHOLDERS IS UNACCEPTABLE,” SAID CAROL V. GILDEN, A PARTNER AT COHEN MILSTEIN WHO IS ALSO REPRESENTING THE SHAREHOLDERS. “THEY NEED TO BE HELD RESPONSIBLE FOR ANY HARM THEY HAVE CAUSED AND TAKE STEPS TO REFORM THE COMPANY’S GOVERNANCE AND INTERNAL CONTROLS SO THIS CONDUCT DOES NOT REOCCUR.” A FULL COPY OF THE COMPLAINT FILED IS AVAILABLE HERE. ABOUT COHEN MILSTEIN COHEN MILSTEIN SELLERS & TOLL PLLC RECOGNIZED AS ONE OF THE PREMIER LAW FIRMS IN THE COUNTRY HANDLING MAJOR, COMPLEX PLAINTIFF-SIDE LITIGATION. WITH MORE THAN 90 ATTORNEYS, COHEN MILSTEIN HAS OFFICES IN WASHINGTON, D.C., CHICAGO, ILL., NEW YORK, N.Y., PALM BEACH GARDENS, FLA., PHILADELPHIA, PA. AND RALEIGH, N.C. FOR ADDITIONAL INFORMATION, VISIT WWW.COHENMILSTEIN.COM OR CALL 202.408.4600.","['cohen milstein files lawsuit on behalf of alphabet shareholders against company board', 'san mateo, calif.--business wire--alphabet, inc', 'goog, googl shareholders have filed a lawsuit against the companys board of directors alleging the tech giant violated state and federal law regarding both issues of workplace sexual harassment and a serious data breach', 'the plaintiffs, northern california pipe trades pension plan and teamsters local 272 labor management pension fund, are current stockholders of the company and are represented by cohen milstein sellers toll pllc and berman tabacco, as local counsel', 'the complaint was filed january 9 in superior court, san mateo county, california', 'this is the first time that shareholders are filing a derivative complainta complaint in which shareholders step into the shoes of the company to enforce their right to bring about changeson both these issues', 'in the 62-page complaint, the shareholders seek redress from the injury and losses that they allege were sustained by alphabet as a result of breaches of fiduciary duty and culture of concealment that led defendants to pursue their own interests and participate or acquiesce in the cover-ups of a long-standing pattern of sexual harassment and discrimination by high-powered male executives', 'the complaint notes that alphabets directors and officers have been dismissive in response to sex discrimination and sexual harassment issues', 'we are hoping this lawsuit will create greater value for alphabets stockholders and will also ensure that the company demonstrates a greater commitment to a safe and fair workplace, said julie goldsmith reiser, partner at cohen milstein who represents the shareholders', 'the lawsuit also alleges alphabet failed to disclose a data privacy breach that exposed the personal data of a half a million users of google, a social networking website operated by the company', 'in particular, it notes that a group of u.s', 'senators criticized management for a culture of concealment and opacity set from the top of the company', 'as the complaints allegations make clear, alphabets directors derogation of their duties owed to the company and its shareholders is unacceptable, said carol v', 'gilden, a partner at cohen milstein who is also representing the shareholders', 'they need to be held responsible for any harm they have caused and take steps to reform the companys governance and internal controls so this conduct does not reoccur', 'a full copy of the complaint filed is available here', 'about cohen milstein cohen milstein sellers toll pllc recognized as one of the premier law firms in the country handling major, complex plaintiff-side litigation', 'with more than 90 attorneys, cohen milstein has offices in washington, d.c., chicago, ill., new york, n.y., palm beach gardens, fla., philadelphia, pa', 'and raleigh, n.c', 'for additional information, visit or call 202.408.4600.']",weakly_negative,-0.211745,weakly_negative,weakly_negative
09-12-2018,"ALPHABET 24 HOUR DEADLINE ALERT: APPROXIMATELY 24 HOURS REMAIN; 
      CLAIMSFILER REMINDS INVESTORS WITH LOSSES IN EXCESS OF $100,000 OF 
      DEADLINE IN CLASS ACTION LAWSUITS AGAINST ALPHABET INC. - GOOG, GOOGL","NEW ORLEANS--(BUSINESS WIRE)--CLAIMSFILER, A FREE SHAREHOLDER INFORMATION SERVICE, REMINDS INVESTORS THAT THEY HAVE ONLY UNTIL DECEMBER 10, 2018 TO FILE LEAD PLAINTIFF APPLICATIONS IN SECURITIES CLASS ACTION LAWSUITS AGAINST ALPHABET INC. (NASDAQGS: GOOG, GOOGL). INVESTOR LOSSES MUST RELATE TO PURCHASES OF THE COMPANY’S SECURITIES BETWEEN APRIL 23, 2018 AND OCTOBER 10, 2018. THESE ACTIONS ARE PENDING IN THE UNITED STATES DISTRICT COURTS FOR THE EASTERN DISTRICT OF NEW YORK AND NORTHERN DISTRICT OF CALIFORNIA. GET HELP ALPHABET INVESTORS SHOULD VISIT US AT HTTPS://WWW.CLAIMSFILER.COM/CASES/VIEW-ALPHABET-INC-SECURITIES-LITIGATION OR CALL TOLL-FREE (844) 367-9658. LAWYERS AT KAHN SWICK & FOTI, LLC ARE AVAILABLE TO DISCUSS YOUR LEGAL OPTIONS. ABOUT THE LAWSUIT ON OCTOBER 8, 2018, NEWS REPORTS REVEALED THAT ALPHABET, THROUGH ITS SUBSIDIARY GOOGLE, EXPOSED THE PRIVATE DATA OF USERS, BUT FAILED TO DISCLOSE IT DUE, IN PART, TO FEARS OF REGULATORY SCRUTINY AND REPUTATIONAL DAMAGE. THE COMPANY LATER CONFIRMED THE GLITCH, DISCOVERED IN MARCH 2018, INVOLVED MORE THAN 500,000 USERS BETWEEN 2015 AND MARCH 2018. ON THIS NEWS, THE PRICE OF ALPHABET’S SHARES PLUMMETED. THE INITIAL CASE IS WICKS, ET AL. V. ALPHABET, INC., ET AL., 18-CV-06245. ABOUT CLAIMSFILER CLAIMSFILER HAS A SINGLE MISSION: TO SERVE AS THE INFORMATION SOURCE TO HELP RETAIL INVESTORS RECOVER THEIR SHARE OF BILLIONS OF DOLLARS FROM SECURITIES CLASS ACTION SETTLEMENTS. AT CLAIMSFILER.COM, INVESTORS CAN: (1) REGISTER FOR FREE TO GAIN ACCESS TO INFORMATION AND SETTLEMENT WEBSITES FOR VARIOUS SECURITIES CLASS ACTION CASES SO THEY CAN TIMELY SUBMIT THEIR OWN CLAIMS; (2) UPLOAD THEIR PORTFOLIO TRANSACTIONAL DATA TO BE NOTIFIED ABOUT RELEVANT SECURITIES CASES IN WHICH THEY MAY HAVE A FINANCIAL INTEREST; AND (3) SUBMIT INQUIRIES TO THE KAHN SWICK & FOTI, LLC LAW FIRM FOR FREE CASE EVALUATIONS. TO LEARN MORE ABOUT CLAIMSFILER, VISIT WWW.CLAIMSFILER.COM.","ALPHABET 24 HOUR DEADLINE ALERT: APPROXIMATELY 24 HOURS REMAIN; 
      CLAIMSFILER REMINDS INVESTORS WITH LOSSES IN EXCESS OF $100,000 OF 
      DEADLINE IN CLASS ACTION LAWSUITS AGAINST ALPHABET INC. - GOOG, GOOGL. NEW ORLEANS--(BUSINESS WIRE)--CLAIMSFILER, A FREE SHAREHOLDER INFORMATION SERVICE, REMINDS INVESTORS THAT THEY HAVE ONLY UNTIL DECEMBER 10, 2018 TO FILE LEAD PLAINTIFF APPLICATIONS IN SECURITIES CLASS ACTION LAWSUITS AGAINST ALPHABET INC. (NASDAQGS: GOOG, GOOGL). INVESTOR LOSSES MUST RELATE TO PURCHASES OF THE COMPANY’S SECURITIES BETWEEN APRIL 23, 2018 AND OCTOBER 10, 2018. THESE ACTIONS ARE PENDING IN THE UNITED STATES DISTRICT COURTS FOR THE EASTERN DISTRICT OF NEW YORK AND NORTHERN DISTRICT OF CALIFORNIA. GET HELP ALPHABET INVESTORS SHOULD VISIT US AT HTTPS://WWW.CLAIMSFILER.COM/CASES/VIEW-ALPHABET-INC-SECURITIES-LITIGATION OR CALL TOLL-FREE (844) 367-9658. LAWYERS AT KAHN SWICK & FOTI, LLC ARE AVAILABLE TO DISCUSS YOUR LEGAL OPTIONS. ABOUT THE LAWSUIT ON OCTOBER 8, 2018, NEWS REPORTS REVEALED THAT ALPHABET, THROUGH ITS SUBSIDIARY GOOGLE, EXPOSED THE PRIVATE DATA OF USERS, BUT FAILED TO DISCLOSE IT DUE, IN PART, TO FEARS OF REGULATORY SCRUTINY AND REPUTATIONAL DAMAGE. THE COMPANY LATER CONFIRMED THE GLITCH, DISCOVERED IN MARCH 2018, INVOLVED MORE THAN 500,000 USERS BETWEEN 2015 AND MARCH 2018. ON THIS NEWS, THE PRICE OF ALPHABET’S SHARES PLUMMETED. THE INITIAL CASE IS WICKS, ET AL. V. ALPHABET, INC., ET AL., 18-CV-06245. ABOUT CLAIMSFILER CLAIMSFILER HAS A SINGLE MISSION: TO SERVE AS THE INFORMATION SOURCE TO HELP RETAIL INVESTORS RECOVER THEIR SHARE OF BILLIONS OF DOLLARS FROM SECURITIES CLASS ACTION SETTLEMENTS. AT CLAIMSFILER.COM, INVESTORS CAN: (1) REGISTER FOR FREE TO GAIN ACCESS TO INFORMATION AND SETTLEMENT WEBSITES FOR VARIOUS SECURITIES CLASS ACTION CASES SO THEY CAN TIMELY SUBMIT THEIR OWN CLAIMS; (2) UPLOAD THEIR PORTFOLIO TRANSACTIONAL DATA TO BE NOTIFIED ABOUT RELEVANT SECURITIES CASES IN WHICH THEY MAY HAVE A FINANCIAL INTEREST; AND (3) SUBMIT INQUIRIES TO THE KAHN SWICK & FOTI, LLC LAW FIRM FOR FREE CASE EVALUATIONS. TO LEARN MORE ABOUT CLAIMSFILER, VISIT WWW.CLAIMSFILER.COM.","['alphabet 24 hour deadline alert approximately 24 hours remain claimsfiler reminds investors with losses in excess of $100,000 of deadline in class action lawsuits against alphabet inc', '- goog, googl', 'new orleans--business wire--claimsfiler, a free shareholder information service, reminds investors that they have only until december 10, 2018 to file lead plaintiff applications in securities class action lawsuits against alphabet inc', 'nasdaqgs goog, googl', 'investor losses must relate to purchases of the companys securities between april 23, 2018 and october 10, 2018', 'these actions are pending in the united states district courts for the eastern district of new york and northern district of california', 'get help alphabet investors should visit us at or call toll-free 844 367-9658', 'lawyers at kahn swick foti, llc are available to discuss your legal options', 'about the lawsuit on october 8, 2018, news reports revealed that alphabet, through its subsidiary google, exposed the private data of users, but failed to disclose it due, in part, to fears of regulatory scrutiny and reputational damage', 'the company later confirmed the glitch, discovered in march 2018, involved more than 500,000 users between 2015 and march 2018', 'on this news, the price of alphabets shares plummeted', 'the initial case is wicks, et al', 'v', 'alphabet, inc., et al., 18-cv-06245', 'about claimsfiler claimsfiler has a single mission to serve as the information source to help retail investors recover their share of billions of dollars from securities class action settlements', 'at claimsfiler.com, investors can 1 register for free to gain access to information and settlement websites for various securities class action cases so they can timely submit their own claims 2 upload their portfolio transactional data to be notified about relevant securities cases in which they may have a financial interest and 3 submit inquiries to the kahn swick foti, llc law firm for free case evaluations', 'to learn more about claimsfiler, visit']",weakly_positive,0.1286,weakly_positive,weakly_positive
07-12-2018,"ALPHABET 72 HOUR DEADLINE ALERT: APPROXIMATELY 72 HOURS REMAIN; FORMER 
      LOUISIANA ATTORNEY GENERAL AND KAHN SWICK & FOTI, LLC REMIND INVESTORS 
      WITH LOSSES IN EXCESS OF $100,000 OF DEADLINE IN CLASS ACTION LAWSUITS 
      AGAINST ALPHABET INC. - GOOG, GOOGL","NEW ORLEANS--(BUSINESS WIRE)--KAHN SWICK & FOTI, LLC (“KSF”) AND KSF PARTNER, THE FORMER ATTORNEY GENERAL OF LOUISIANA, CHARLES C. FOTI, JR., REMIND INVESTORS WITH LARGE FINANCIAL INTERESTS THAT THEY HAVE ONLY UNTIL DECEMBER 10, 2018 TO FILE LEAD PLAINTIFF APPLICATIONS IN A SECURITIES CLASS ACTION LAWSUIT AGAINST ALPHABET INC. (NASDAQGS: GOOG, GOOGL). INVESTOR LOSSES MUST RELATE TO PURCHASES OF THE COMPANY’S SECURITIES BETWEEN APRIL 23, 2018 AND OCTOBER 10, 2018. THESE ACTIONS ARE PENDING IN THE UNITED STATES DISTRICT COURTS FOR THE EASTERN DISTRICT OF NEW YORK AND NORTHERN DISTRICT OF CALIFORNIA. WHAT YOU MAY DO IF YOU PURCHASED SECURITIES OF ALPHABET AND WOULD LIKE TO DISCUSS YOUR LEGAL RIGHTS AND HOW THESE CASES MIGHT AFFECT YOU AND YOUR RIGHT TO RECOVER FOR YOUR ECONOMIC LOSS, YOU MAY, WITHOUT OBLIGATION OR COST TO YOU, CONTACT KSF MANAGING PARTNER LEWIS KAHN TOLL-FREE AT 1-877-515-1850 OR VIA EMAIL (LEWIS.KAHN@KSFCOUNSEL.COM), OR VISIT HTTPS://WWW.KSFCOUNSEL.COM/CASES/NASDAQGS-GOOG/ TO LEARN MORE. IF YOU WISH TO SERVE AS A LEAD PLAINTIFF IN THIS CLASS ACTION BY OVERSEEING LEAD COUNSEL WITH THE GOAL OF OBTAINING A FAIR AND JUST RESOLUTION, YOU MUST PETITION THE COURT BY DECEMBER 10, 2018. ABOUT THE LAWSUIT ON OCTOBER 8, 2018, NEWS REPORTS REVEALED THAT ALPHABET, THROUGH ITS SUBSIDIARY GOOGLE, EXPOSED THE PRIVATE DATA OF USERS, BUT FAILED TO DISCLOSE IT DUE, IN PART, TO FEARS OF REGULATORY SCRUTINY AND REPUTATIONAL DAMAGE. THE COMPANY LATER CONFIRMED THE GLITCH, DISCOVERED IN MARCH 2018, INVOLVED MORE THAN 500,000 USERS BETWEEN 2015 AND MARCH 2018. ON THIS NEWS, THE PRICE OF ALPHABET’S SHARES PLUMMETED. THE INITIAL CASE IS WICKS, ET AL. V. ALPHABET, INC., ET AL., 18-CV-06245. ABOUT KAHN SWICK & FOTI, LLC KSF, WHOSE PARTNERS INCLUDE FORMER LOUISIANA ATTORNEY GENERAL CHARLES C. FOTI, JR., IS A LAW FIRM FOCUSED ON SECURITIES, ANTITRUST AND CONSUMER CLASS ACTIONS, ALONG WITH MERGER & ACQUISITION AND BREACH OF FIDUCIARY LITIGATION AGAINST PUBLICLY TRADED COMPANIES ON BEHALF OF SHAREHOLDERS. THE FIRM HAS OFFICES IN NEW YORK, CALIFORNIA AND LOUISIANA. TO LEARN MORE ABOUT KSF, YOU MAY VISIT WWW.KSFCOUNSEL.COM.","ALPHABET 72 HOUR DEADLINE ALERT: APPROXIMATELY 72 HOURS REMAIN; FORMER 
      LOUISIANA ATTORNEY GENERAL AND KAHN SWICK & FOTI, LLC REMIND INVESTORS 
      WITH LOSSES IN EXCESS OF $100,000 OF DEADLINE IN CLASS ACTION LAWSUITS 
      AGAINST ALPHABET INC. - GOOG, GOOGL. NEW ORLEANS--(BUSINESS WIRE)--KAHN SWICK & FOTI, LLC (“KSF”) AND KSF PARTNER, THE FORMER ATTORNEY GENERAL OF LOUISIANA, CHARLES C. FOTI, JR., REMIND INVESTORS WITH LARGE FINANCIAL INTERESTS THAT THEY HAVE ONLY UNTIL DECEMBER 10, 2018 TO FILE LEAD PLAINTIFF APPLICATIONS IN A SECURITIES CLASS ACTION LAWSUIT AGAINST ALPHABET INC. (NASDAQGS: GOOG, GOOGL). INVESTOR LOSSES MUST RELATE TO PURCHASES OF THE COMPANY’S SECURITIES BETWEEN APRIL 23, 2018 AND OCTOBER 10, 2018. THESE ACTIONS ARE PENDING IN THE UNITED STATES DISTRICT COURTS FOR THE EASTERN DISTRICT OF NEW YORK AND NORTHERN DISTRICT OF CALIFORNIA. WHAT YOU MAY DO IF YOU PURCHASED SECURITIES OF ALPHABET AND WOULD LIKE TO DISCUSS YOUR LEGAL RIGHTS AND HOW THESE CASES MIGHT AFFECT YOU AND YOUR RIGHT TO RECOVER FOR YOUR ECONOMIC LOSS, YOU MAY, WITHOUT OBLIGATION OR COST TO YOU, CONTACT KSF MANAGING PARTNER LEWIS KAHN TOLL-FREE AT 1-877-515-1850 OR VIA EMAIL (LEWIS.KAHN@KSFCOUNSEL.COM), OR VISIT HTTPS://WWW.KSFCOUNSEL.COM/CASES/NASDAQGS-GOOG/ TO LEARN MORE. IF YOU WISH TO SERVE AS A LEAD PLAINTIFF IN THIS CLASS ACTION BY OVERSEEING LEAD COUNSEL WITH THE GOAL OF OBTAINING A FAIR AND JUST RESOLUTION, YOU MUST PETITION THE COURT BY DECEMBER 10, 2018. ABOUT THE LAWSUIT ON OCTOBER 8, 2018, NEWS REPORTS REVEALED THAT ALPHABET, THROUGH ITS SUBSIDIARY GOOGLE, EXPOSED THE PRIVATE DATA OF USERS, BUT FAILED TO DISCLOSE IT DUE, IN PART, TO FEARS OF REGULATORY SCRUTINY AND REPUTATIONAL DAMAGE. THE COMPANY LATER CONFIRMED THE GLITCH, DISCOVERED IN MARCH 2018, INVOLVED MORE THAN 500,000 USERS BETWEEN 2015 AND MARCH 2018. ON THIS NEWS, THE PRICE OF ALPHABET’S SHARES PLUMMETED. THE INITIAL CASE IS WICKS, ET AL. V. ALPHABET, INC., ET AL., 18-CV-06245. ABOUT KAHN SWICK & FOTI, LLC KSF, WHOSE PARTNERS INCLUDE FORMER LOUISIANA ATTORNEY GENERAL CHARLES C. FOTI, JR., IS A LAW FIRM FOCUSED ON SECURITIES, ANTITRUST AND CONSUMER CLASS ACTIONS, ALONG WITH MERGER & ACQUISITION AND BREACH OF FIDUCIARY LITIGATION AGAINST PUBLICLY TRADED COMPANIES ON BEHALF OF SHAREHOLDERS. THE FIRM HAS OFFICES IN NEW YORK, CALIFORNIA AND LOUISIANA. TO LEARN MORE ABOUT KSF, YOU MAY VISIT WWW.KSFCOUNSEL.COM.","['alphabet 72 hour deadline alert approximately 72 hours remain former louisiana attorney general and kahn swick foti, llc remind investors with losses in excess of $100,000 of deadline in class action lawsuits against alphabet inc', '- goog, googl', 'new orleans--business wire--kahn swick foti, llc ksf and ksf partner, the former attorney general of louisiana, charles c', 'foti, jr., remind investors with large financial interests that they have only until december 10, 2018 to file lead plaintiff applications in a securities class action lawsuit against alphabet inc', 'nasdaqgs goog, googl', 'investor losses must relate to purchases of the companys securities between april 23, 2018 and october 10, 2018', 'these actions are pending in the united states district courts for the eastern district of new york and northern district of california', 'what you may do if you purchased securities of alphabet and would like to discuss your legal rights and how these cases might affect you and your right to recover for your economic loss, you may, without obligation or cost to you, contact ksf managing partner lewis kahn toll-free at 1-877-515-1850 or via email lewis.kahnksfcounsel.com, or visit to learn more', 'if you wish to serve as a lead plaintiff in this class action by overseeing lead counsel with the goal of obtaining a fair and just resolution, you must petition the court by december 10, 2018', 'about the lawsuit on october 8, 2018, news reports revealed that alphabet, through its subsidiary google, exposed the private data of users, but failed to disclose it due, in part, to fears of regulatory scrutiny and reputational damage', 'the company later confirmed the glitch, discovered in march 2018, involved more than 500,000 users between 2015 and march 2018', 'on this news, the price of alphabets shares plummeted', 'the initial case is wicks, et al', 'v', 'alphabet, inc., et al., 18-cv-06245', 'about kahn swick foti, llc ksf, whose partners include former louisiana attorney general charles c', 'foti, jr., is a law firm focused on securities, antitrust and consumer class actions, along with merger acquisition and breach of fiduciary litigation against publicly traded companies on behalf of shareholders', 'the firm has offices in new york, california and louisiana', 'to learn more about ksf, you may visit']",weakly_positive,0.0638421052631579,neutral,neutral
07-12-2018,"MONDAY DEADLINE: THE SCHALL LAW FIRM ANNOUNCES IT IS INVESTIGATING 
      CLAIMS AGAINST ALPHABET INC. AND ENCOURAGES INVESTORS WITH LOSSES IN 
      EXCESS OF $100,000 TO CONTACT THE FIRM","LOS ANGELES--(BUSINESS WIRE)--THE SCHALL LAW FIRM, A NATIONAL SHAREHOLDER RIGHTS LITIGATION FIRM, ANNOUNCES THAT IT IS INVESTIGATING CLAIMS ON BEHALF OF INVESTORS OF ALPHABET INC. (“ALPHABET” OR “THE COMPANY”) (NASDAQ: GOOG, GOOGL) FOR VIOLATIONS OF §§10(B) AND 20(A) OF THE SECURITIES EXCHANGE ACT OF 1934 AND RULE 10B-5 PROMULGATED THEREUNDER BY THE U.S. SECURITIES AND EXCHANGE COMMISSION. THE INVESTIGATION FOCUSES ON WHETHER THE COMPANY ISSUED FALSE AND/OR MISLEADING STATEMENTS AND/OR FAILED TO DISCLOSE INFORMATION PERTINENT TO INVESTORS. THE WALL STREET JOURNAL PUBLISHED AN ARTICLE ON OCTOBER 8, 2018, TITLED, “GOOGLE EXPOSED USER DATA, FEARED REPERCUSSIONS OF DISCLOSING TO PUBLIC.” THE ARTICLE STATED THAT “GOOGLE EXPOSED THE PRIVATE DATA OF HUNDREDS OF THOUSANDS OF USERS OF THE GOOGLE+ SOCIAL NETWORK AND THEN OPTED NOT TO DISCLOSE THE ISSUE THIS PAST SPRING, IN PART BECAUSE OF FEARS THAT DOING SO WOULD DRAW REGULATORY SCRUTINY AND CAUSE REPUTATIONAL DAMAGE.” THE ARTICLE ADDED THAT BASED ON THIS NEWS, THE COMPANY “ANNOUNCED A SWEEPING SET OF DATA PRIVACY MEASURES THAT INCLUDE PERMANENTLY SHUTTING DOWN ALL CONSUMER FUNCTIONALITY OF GOOGLE+.” BASED ON THIS NEWS, SHARES OF ALPHABET FELL SHARPLY THE SAME DAY. IF YOU ARE A SHAREHOLDER WHO SUFFERED A LOSS, CLICK HERE TO PARTICIPATE. WE ALSO ENCOURAGE YOU TO CONTACT BRIAN SCHALL, OR SHERIN MAHDAVIAN, OF THE SCHALL LAW FIRM, 1880 CENTURY PARK EAST, SUITE 404, LOS ANGELES, CA 90067, AT 424-303-1964, TO DISCUSS YOUR RIGHTS FREE OF CHARGE. YOU CAN ALSO REACH US THROUGH THE FIRM'S WEBSITE AT WWW.SCHALLFIRM.COM, OR BY EMAIL AT BRIAN@SCHALLFIRM.COM. THE CLASS IN THIS CASE HAS NOT YET BEEN CERTIFIED, AND UNTIL CERTIFICATION OCCURS, YOU ARE NOT REPRESENTED BY AN ATTORNEY. IF YOU CHOOSE TO TAKE NO ACTION, YOU CAN REMAIN AN ABSENT CLASS MEMBER. THE SCHALL LAW FIRM REPRESENTS INVESTORS AROUND THE WORLD AND SPECIALIZES IN SECURITIES CLASS ACTION LAWSUITS AND SHAREHOLDER RIGHTS LITIGATION. THIS PRESS RELEASE MAY BE CONSIDERED ATTORNEY ADVERTISING IN SOME JURISDICTIONS UNDER THE APPLICABLE LAW AND RULES OF ETHICS.","MONDAY DEADLINE: THE SCHALL LAW FIRM ANNOUNCES IT IS INVESTIGATING 
      CLAIMS AGAINST ALPHABET INC. AND ENCOURAGES INVESTORS WITH LOSSES IN 
      EXCESS OF $100,000 TO CONTACT THE FIRM. LOS ANGELES--(BUSINESS WIRE)--THE SCHALL LAW FIRM, A NATIONAL SHAREHOLDER RIGHTS LITIGATION FIRM, ANNOUNCES THAT IT IS INVESTIGATING CLAIMS ON BEHALF OF INVESTORS OF ALPHABET INC. (“ALPHABET” OR “THE COMPANY”) (NASDAQ: GOOG, GOOGL) FOR VIOLATIONS OF §§10(B) AND 20(A) OF THE SECURITIES EXCHANGE ACT OF 1934 AND RULE 10B-5 PROMULGATED THEREUNDER BY THE U.S. SECURITIES AND EXCHANGE COMMISSION. THE INVESTIGATION FOCUSES ON WHETHER THE COMPANY ISSUED FALSE AND/OR MISLEADING STATEMENTS AND/OR FAILED TO DISCLOSE INFORMATION PERTINENT TO INVESTORS. THE WALL STREET JOURNAL PUBLISHED AN ARTICLE ON OCTOBER 8, 2018, TITLED, “GOOGLE EXPOSED USER DATA, FEARED REPERCUSSIONS OF DISCLOSING TO PUBLIC.” THE ARTICLE STATED THAT “GOOGLE EXPOSED THE PRIVATE DATA OF HUNDREDS OF THOUSANDS OF USERS OF THE GOOGLE+ SOCIAL NETWORK AND THEN OPTED NOT TO DISCLOSE THE ISSUE THIS PAST SPRING, IN PART BECAUSE OF FEARS THAT DOING SO WOULD DRAW REGULATORY SCRUTINY AND CAUSE REPUTATIONAL DAMAGE.” THE ARTICLE ADDED THAT BASED ON THIS NEWS, THE COMPANY “ANNOUNCED A SWEEPING SET OF DATA PRIVACY MEASURES THAT INCLUDE PERMANENTLY SHUTTING DOWN ALL CONSUMER FUNCTIONALITY OF GOOGLE+.” BASED ON THIS NEWS, SHARES OF ALPHABET FELL SHARPLY THE SAME DAY. IF YOU ARE A SHAREHOLDER WHO SUFFERED A LOSS, CLICK HERE TO PARTICIPATE. WE ALSO ENCOURAGE YOU TO CONTACT BRIAN SCHALL, OR SHERIN MAHDAVIAN, OF THE SCHALL LAW FIRM, 1880 CENTURY PARK EAST, SUITE 404, LOS ANGELES, CA 90067, AT 424-303-1964, TO DISCUSS YOUR RIGHTS FREE OF CHARGE. YOU CAN ALSO REACH US THROUGH THE FIRM'S WEBSITE AT WWW.SCHALLFIRM.COM, OR BY EMAIL AT BRIAN@SCHALLFIRM.COM. THE CLASS IN THIS CASE HAS NOT YET BEEN CERTIFIED, AND UNTIL CERTIFICATION OCCURS, YOU ARE NOT REPRESENTED BY AN ATTORNEY. IF YOU CHOOSE TO TAKE NO ACTION, YOU CAN REMAIN AN ABSENT CLASS MEMBER. THE SCHALL LAW FIRM REPRESENTS INVESTORS AROUND THE WORLD AND SPECIALIZES IN SECURITIES CLASS ACTION LAWSUITS AND SHAREHOLDER RIGHTS LITIGATION. THIS PRESS RELEASE MAY BE CONSIDERED ATTORNEY ADVERTISING IN SOME JURISDICTIONS UNDER THE APPLICABLE LAW AND RULES OF ETHICS.","['monday deadline the schall law firm announces it is investigating claims against alphabet inc', 'and encourages investors with losses in excess of $100,000 to contact the firm', 'los angeles--business wire--the schall law firm, a national shareholder rights litigation firm, announces that it is investigating claims on behalf of investors of alphabet inc', 'alphabet or the company nasdaq goog, googl for violations of 10b and 20a of the securities exchange act of 1934 and rule 10b-5 promulgated thereunder by the u.s', 'securities and exchange commission', 'the investigation focuses on whether the company issued false andor misleading statements andor failed to disclose information pertinent to investors', 'the wall street journal published an article on october 8, 2018, titled, google exposed user data, feared repercussions of disclosing to public', 'the article stated that google exposed the private data of hundreds of thousands of users of the google social network and then opted not to disclose the issue this past spring, in part because of fears that doing so would draw regulatory scrutiny and cause reputational damage', 'the article added that based on this news, the company announced a sweeping set of data privacy measures that include permanently shutting down all consumer functionality of google', 'based on this news, shares of alphabet fell sharply the same day', 'if you are a shareholder who suffered a loss, click here to participate', 'we also encourage you to contact brian schall, or sherin mahdavian, of the schall law firm, 1880 century park east, suite 404, los angeles, ca 90067, at 424-303-1964, to discuss your rights free of charge', ""you can also reach us through the firm's website at or by email at brianschallfirm.com"", 'the class in this case has not yet been certified, and until certification occurs, you are not represented by an attorney', 'if you choose to take no action, you can remain an absent class member', 'the schall law firm represents investors around the world and specializes in securities class action lawsuits and shareholder rights litigation', 'this press release may be considered attorney advertising in some jurisdictions under the applicable law and rules of ethics.']",weakly_negative,-0.1226882352941176,neutral,neutral
16-11-2018,"ALPHABET SHAREHOLDER ALERT: CLAIMSFILER REMINDS INVESTORS WITH LOSSES IN 
      EXCESS OF $100,000 OF LEAD PLAINTIFF DEADLINE IN CLASS ACTION LAWSUIT 
      AGAINST ALPHABET INC. - GOOG, GOOGL","NEW ORLEANS--(BUSINESS WIRE)--CLAIMSFILER, A FREE SHAREHOLDER INFORMATION SERVICE, REMINDS INVESTORS THAT THEY HAVE UNTIL DECEMBER 10, 2018 TO FILE LEAD PLAINTIFF APPLICATIONS IN A SECURITIES CLASS ACTION LAWSUIT AGAINST ALPHABET INC. (NASDAQGS: GOOG, GOOGL), IF THEY PURCHASED THE COMPANY’S SECURITIES BETWEEN APRIL 23, 2018 THROUGH OCTOBER 10, 2018. THESE ACTIONS ARE PENDING IN THE UNITED STATES DISTRICT COURTS FOR THE EASTERN DISTRICT OF NEW YORK AND NORTHERN DISTRICT OF CALIFORNIA. GET HELP ALPHABET INVESTORS SHOULD VISIT US AT HTTPS://WWW.CLAIMSFILER.COM/CASES/VIEW-ALPHABET-INC-SECURITIES-LITIGATION OR CALL TOLL-FREE (844) 367-9658. LAWYERS AT KAHN SWICK & FOTI, LLC ARE AVAILABLE TO DISCUSS YOUR LEGAL OPTIONS. ABOUT THE LAWSUIT ALPHABET AND CERTAIN OF ITS EXECUTIVES ARE CHARGED WITH FAILING TO DISCLOSE MATERIAL INFORMATION DURING THE RELEVANT TIME PERIOD, VIOLATING FEDERAL SECURITIES LAWS. ON OCTOBER 8, 2018, THE WALL STREET JOURNAL REPORTED THAT ALPHABET, THROUGH ITS SUBSIDIARY GOOGLE, HAD EXPOSED THE PRIVATE DATA OF GOOGLE+ USERS BUT FAILED TO DISCLOSE THE MATTER “IN PART BECAUSE OF FEARS THAT DOING SO WOULD DRAW REGULATORY SCRUTINY AND CAUSE REPUTATIONAL DAMAGE.” THE COMPANY LATER CONFIRMED THE GLITCH, DISCOVERED IN MARCH 2018, THAT EXPOSED PRIVATE PROFILE DATA OF MORE THAN 500,000 GOOGLE+ USERS BETWEEN 2015 AND MARCH 2018. ON THIS NEWS, THE PRICE OF ALPHABET’S SHARES PLUMMETED. ABOUT CLAIMSFILER CLAIMSFILER HAS A SINGLE MISSION: TO SERVE AS THE INFORMATION SOURCE TO HELP RETAIL INVESTORS RECOVER THEIR SHARE OF BILLIONS OF DOLLARS FROM SECURITIES CLASS ACTION SETTLEMENTS. AT CLAIMSFILER.COM, INVESTORS CAN: (1) REGISTER FOR FREE TO GAIN ACCESS TO INFORMATION AND SETTLEMENT WEBSITES FOR VARIOUS SECURITIES CLASS ACTION CASES SO THEY CAN TIMELY SUBMIT THEIR OWN CLAIMS; (2) UPLOAD THEIR PORTFOLIO TRANSACTIONAL DATA TO BE NOTIFIED ABOUT RELEVANT SECURITIES CASES IN WHICH THEY MAY HAVE A FINANCIAL INTEREST; AND (3) SUBMIT INQUIRIES TO THE KAHN SWICK & FOTI, LLC LAW FIRM FOR FREE CASE EVALUATIONS. TO LEARN MORE ABOUT CLAIMSFILER, VISIT WWW.CLAIMSFILER.COM.","ALPHABET SHAREHOLDER ALERT: CLAIMSFILER REMINDS INVESTORS WITH LOSSES IN 
      EXCESS OF $100,000 OF LEAD PLAINTIFF DEADLINE IN CLASS ACTION LAWSUIT 
      AGAINST ALPHABET INC. - GOOG, GOOGL. NEW ORLEANS--(BUSINESS WIRE)--CLAIMSFILER, A FREE SHAREHOLDER INFORMATION SERVICE, REMINDS INVESTORS THAT THEY HAVE UNTIL DECEMBER 10, 2018 TO FILE LEAD PLAINTIFF APPLICATIONS IN A SECURITIES CLASS ACTION LAWSUIT AGAINST ALPHABET INC. (NASDAQGS: GOOG, GOOGL), IF THEY PURCHASED THE COMPANY’S SECURITIES BETWEEN APRIL 23, 2018 THROUGH OCTOBER 10, 2018. THESE ACTIONS ARE PENDING IN THE UNITED STATES DISTRICT COURTS FOR THE EASTERN DISTRICT OF NEW YORK AND NORTHERN DISTRICT OF CALIFORNIA. GET HELP ALPHABET INVESTORS SHOULD VISIT US AT HTTPS://WWW.CLAIMSFILER.COM/CASES/VIEW-ALPHABET-INC-SECURITIES-LITIGATION OR CALL TOLL-FREE (844) 367-9658. LAWYERS AT KAHN SWICK & FOTI, LLC ARE AVAILABLE TO DISCUSS YOUR LEGAL OPTIONS. ABOUT THE LAWSUIT ALPHABET AND CERTAIN OF ITS EXECUTIVES ARE CHARGED WITH FAILING TO DISCLOSE MATERIAL INFORMATION DURING THE RELEVANT TIME PERIOD, VIOLATING FEDERAL SECURITIES LAWS. ON OCTOBER 8, 2018, THE WALL STREET JOURNAL REPORTED THAT ALPHABET, THROUGH ITS SUBSIDIARY GOOGLE, HAD EXPOSED THE PRIVATE DATA OF GOOGLE+ USERS BUT FAILED TO DISCLOSE THE MATTER “IN PART BECAUSE OF FEARS THAT DOING SO WOULD DRAW REGULATORY SCRUTINY AND CAUSE REPUTATIONAL DAMAGE.” THE COMPANY LATER CONFIRMED THE GLITCH, DISCOVERED IN MARCH 2018, THAT EXPOSED PRIVATE PROFILE DATA OF MORE THAN 500,000 GOOGLE+ USERS BETWEEN 2015 AND MARCH 2018. ON THIS NEWS, THE PRICE OF ALPHABET’S SHARES PLUMMETED. ABOUT CLAIMSFILER CLAIMSFILER HAS A SINGLE MISSION: TO SERVE AS THE INFORMATION SOURCE TO HELP RETAIL INVESTORS RECOVER THEIR SHARE OF BILLIONS OF DOLLARS FROM SECURITIES CLASS ACTION SETTLEMENTS. AT CLAIMSFILER.COM, INVESTORS CAN: (1) REGISTER FOR FREE TO GAIN ACCESS TO INFORMATION AND SETTLEMENT WEBSITES FOR VARIOUS SECURITIES CLASS ACTION CASES SO THEY CAN TIMELY SUBMIT THEIR OWN CLAIMS; (2) UPLOAD THEIR PORTFOLIO TRANSACTIONAL DATA TO BE NOTIFIED ABOUT RELEVANT SECURITIES CASES IN WHICH THEY MAY HAVE A FINANCIAL INTEREST; AND (3) SUBMIT INQUIRIES TO THE KAHN SWICK & FOTI, LLC LAW FIRM FOR FREE CASE EVALUATIONS. TO LEARN MORE ABOUT CLAIMSFILER, VISIT WWW.CLAIMSFILER.COM.","['alphabet shareholder alert claimsfiler reminds investors with losses in excess of $100,000 of lead plaintiff deadline in class action lawsuit against alphabet inc', '- goog, googl', 'new orleans--business wire--claimsfiler, a free shareholder information service, reminds investors that they have until december 10, 2018 to file lead plaintiff applications in a securities class action lawsuit against alphabet inc', 'nasdaqgs goog, googl, if they purchased the companys securities between april 23, 2018 through october 10, 2018', 'these actions are pending in the united states district courts for the eastern district of new york and northern district of california', 'get help alphabet investors should visit us at or call toll-free 844 367-9658', 'lawyers at kahn swick foti, llc are available to discuss your legal options', 'about the lawsuit alphabet and certain of its executives are charged with failing to disclose material information during the relevant time period, violating federal securities laws', 'on october 8, 2018, the wall street journal reported that alphabet, through its subsidiary google, had exposed the private data of google users but failed to disclose the matter in part because of fears that doing so would draw regulatory scrutiny and cause reputational damage', 'the company later confirmed the glitch, discovered in march 2018, that exposed private profile data of more than 500,000 google users between 2015 and march 2018', 'on this news, the price of alphabets shares plummeted', 'about claimsfiler claimsfiler has a single mission to serve as the information source to help retail investors recover their share of billions of dollars from securities class action settlements', 'at claimsfiler.com, investors can 1 register for free to gain access to information and settlement websites for various securities class action cases so they can timely submit their own claims 2 upload their portfolio transactional data to be notified about relevant securities cases in which they may have a financial interest and 3 submit inquiries to the kahn swick foti, llc law firm for free case evaluations', 'to learn more about claimsfiler, visit']",weakly_positive,0.1212071428571428,weakly_positive,weakly_positive
02-11-2018,"ALPHABET SHAREHOLDER ALERT BY FORMER LOUISIANA ATTORNEY GENERAL: KAHN 
      SWICK & FOTI, LLC REMINDS INVESTORS WITH LOSSES IN EXCESS OF $100,000 OF 
      LEAD PLAINTIFF DEADLINE IN CLASS ACTION LAWSUITS AGAINST ALPHABET INC. - 
      GOOG, GOOGL","NEW ORLEANS--(BUSINESS WIRE)--KAHN SWICK & FOTI, LLC (“KSF”) AND KSF PARTNER, FORMER ATTORNEY GENERAL OF LOUISIANA, CHARLES C. FOTI, JR., REMIND INVESTORS THAT THEY HAVE UNTIL DECEMBER 10, 2018 TO FILE LEAD PLAINTIFF APPLICATIONS IN SECURITIES CLASS ACTION LAWSUITS AGAINST ALPHABET INC. (NASDAQGS: GOOG, GOOGL), IF THEY PURCHASED THE COMPANY’S SECURITIES BETWEEN APRIL 23, 2018 THROUGH OCTOBER 10, 2018. THESE ACTIONS ARE PENDING IN THE UNITED STATES DISTRICT COURTS FOR THE EASTERN DISTRICT OF NEW YORK AND NORTHERN DISTRICT OF CALIFORNIA. WHAT YOU MAY DO IF YOU PURCHASED SECURITIES OF ALPHABET AND WOULD LIKE TO DISCUSS YOUR LEGAL RIGHTS AND HOW THESE CASES MIGHT AFFECT YOU AND YOUR RIGHT TO RECOVER FOR YOUR ECONOMIC LOSS, YOU MAY, WITHOUT OBLIGATION OR COST TO YOU, CONTACT KSF MANAGING PARTNER LEWIS KAHN TOLL-FREE AT 1-877-515-1850 OR VIA EMAIL (LEWIS.KAHN@KSFCOUNSEL.COM), OR VISIT HTTPS://WWW.KSFCOUNSEL.COM/CASES/NASDAQGS-GOOG/ TO LEARN MORE. IF YOU WISH TO SERVE AS A LEAD PLAINTIFF IN THESE CLASS ACTIONS, YOU MUST PETITION THE COURTS BY DECEMBER 10, 2018. ABOUT THE LAWSUIT ALPHABET AND CERTAIN OF ITS EXECUTIVES ARE CHARGED WITH FAILING TO DISCLOSE MATERIAL INFORMATION DURING THE RELEVANT TIME PERIOD, VIOLATING FEDERAL SECURITIES LAWS. ON OCTOBER 8, 2018, THE WALL STREET JOURNAL REPORTED THAT ALPHABET, THROUGH ITS SUBSIDIARY GOOGLE, HAD EXPOSED THE PRIVATE DATA OF GOOGLE+ USERS BUT FAILED TO DISCLOSE THE MATTER “IN PART BECAUSE OF FEARS THAT DOING SO WOULD DRAW REGULATORY SCRUTINY AND CAUSE REPUTATIONAL DAMAGE.” THE COMPANY LATER CONFIRMED THE GLITCH, DISCOVERED IN MARCH 2018, THAT EXPOSED PRIVATE PROFILE DATA OF MORE THAN 500,000 GOOGLE+ USERS BETWEEN 2015 AND MARCH 2018. ON THIS NEWS, THE PRICE OF ALPHABET’S SHARES PLUMMETED. ABOUT KAHN SWICK & FOTI, LLC KSF, WHOSE PARTNERS INCLUDE FORMER LOUISIANA ATTORNEY GENERAL CHARLES C. FOTI, JR., IS A LAW FIRM FOCUSED ON SECURITIES, ANTITRUST AND CONSUMER CLASS ACTIONS, ALONG WITH MERGER & ACQUISITION AND BREACH OF FIDUCIARY LITIGATION AGAINST PUBLICLY TRADED COMPANIES ON BEHALF OF SHAREHOLDERS. THE FIRM HAS OFFICES IN NEW YORK, CALIFORNIA AND LOUISIANA. TO LEARN MORE ABOUT KSF, YOU MAY VISIT WWW.KSFCOUNSEL.COM.","ALPHABET SHAREHOLDER ALERT BY FORMER LOUISIANA ATTORNEY GENERAL: KAHN 
      SWICK & FOTI, LLC REMINDS INVESTORS WITH LOSSES IN EXCESS OF $100,000 OF 
      LEAD PLAINTIFF DEADLINE IN CLASS ACTION LAWSUITS AGAINST ALPHABET INC. - 
      GOOG, GOOGL. NEW ORLEANS--(BUSINESS WIRE)--KAHN SWICK & FOTI, LLC (“KSF”) AND KSF PARTNER, FORMER ATTORNEY GENERAL OF LOUISIANA, CHARLES C. FOTI, JR., REMIND INVESTORS THAT THEY HAVE UNTIL DECEMBER 10, 2018 TO FILE LEAD PLAINTIFF APPLICATIONS IN SECURITIES CLASS ACTION LAWSUITS AGAINST ALPHABET INC. (NASDAQGS: GOOG, GOOGL), IF THEY PURCHASED THE COMPANY’S SECURITIES BETWEEN APRIL 23, 2018 THROUGH OCTOBER 10, 2018. THESE ACTIONS ARE PENDING IN THE UNITED STATES DISTRICT COURTS FOR THE EASTERN DISTRICT OF NEW YORK AND NORTHERN DISTRICT OF CALIFORNIA. WHAT YOU MAY DO IF YOU PURCHASED SECURITIES OF ALPHABET AND WOULD LIKE TO DISCUSS YOUR LEGAL RIGHTS AND HOW THESE CASES MIGHT AFFECT YOU AND YOUR RIGHT TO RECOVER FOR YOUR ECONOMIC LOSS, YOU MAY, WITHOUT OBLIGATION OR COST TO YOU, CONTACT KSF MANAGING PARTNER LEWIS KAHN TOLL-FREE AT 1-877-515-1850 OR VIA EMAIL (LEWIS.KAHN@KSFCOUNSEL.COM), OR VISIT HTTPS://WWW.KSFCOUNSEL.COM/CASES/NASDAQGS-GOOG/ TO LEARN MORE. IF YOU WISH TO SERVE AS A LEAD PLAINTIFF IN THESE CLASS ACTIONS, YOU MUST PETITION THE COURTS BY DECEMBER 10, 2018. ABOUT THE LAWSUIT ALPHABET AND CERTAIN OF ITS EXECUTIVES ARE CHARGED WITH FAILING TO DISCLOSE MATERIAL INFORMATION DURING THE RELEVANT TIME PERIOD, VIOLATING FEDERAL SECURITIES LAWS. ON OCTOBER 8, 2018, THE WALL STREET JOURNAL REPORTED THAT ALPHABET, THROUGH ITS SUBSIDIARY GOOGLE, HAD EXPOSED THE PRIVATE DATA OF GOOGLE+ USERS BUT FAILED TO DISCLOSE THE MATTER “IN PART BECAUSE OF FEARS THAT DOING SO WOULD DRAW REGULATORY SCRUTINY AND CAUSE REPUTATIONAL DAMAGE.” THE COMPANY LATER CONFIRMED THE GLITCH, DISCOVERED IN MARCH 2018, THAT EXPOSED PRIVATE PROFILE DATA OF MORE THAN 500,000 GOOGLE+ USERS BETWEEN 2015 AND MARCH 2018. ON THIS NEWS, THE PRICE OF ALPHABET’S SHARES PLUMMETED. ABOUT KAHN SWICK & FOTI, LLC KSF, WHOSE PARTNERS INCLUDE FORMER LOUISIANA ATTORNEY GENERAL CHARLES C. FOTI, JR., IS A LAW FIRM FOCUSED ON SECURITIES, ANTITRUST AND CONSUMER CLASS ACTIONS, ALONG WITH MERGER & ACQUISITION AND BREACH OF FIDUCIARY LITIGATION AGAINST PUBLICLY TRADED COMPANIES ON BEHALF OF SHAREHOLDERS. THE FIRM HAS OFFICES IN NEW YORK, CALIFORNIA AND LOUISIANA. TO LEARN MORE ABOUT KSF, YOU MAY VISIT WWW.KSFCOUNSEL.COM.","['alphabet shareholder alert by former louisiana attorney general kahn swick foti, llc reminds investors with losses in excess of $100,000 of lead plaintiff deadline in class action lawsuits against alphabet inc', '- goog, googl', 'new orleans--business wire--kahn swick foti, llc ksf and ksf partner, former attorney general of louisiana, charles c', 'foti, jr., remind investors that they have until december 10, 2018 to file lead plaintiff applications in securities class action lawsuits against alphabet inc', 'nasdaqgs goog, googl, if they purchased the companys securities between april 23, 2018 through october 10, 2018', 'these actions are pending in the united states district courts for the eastern district of new york and northern district of california', 'what you may do if you purchased securities of alphabet and would like to discuss your legal rights and how these cases might affect you and your right to recover for your economic loss, you may, without obligation or cost to you, contact ksf managing partner lewis kahn toll-free at 1-877-515-1850 or via email lewis.kahnksfcounsel.com, or visit to learn more', 'if you wish to serve as a lead plaintiff in these class actions, you must petition the courts by december 10, 2018', 'about the lawsuit alphabet and certain of its executives are charged with failing to disclose material information during the relevant time period, violating federal securities laws', 'on october 8, 2018, the wall street journal reported that alphabet, through its subsidiary google, had exposed the private data of google users but failed to disclose the matter in part because of fears that doing so would draw regulatory scrutiny and cause reputational damage', 'the company later confirmed the glitch, discovered in march 2018, that exposed private profile data of more than 500,000 google users between 2015 and march 2018', 'on this news, the price of alphabets shares plummeted', 'about kahn swick foti, llc ksf, whose partners include former louisiana attorney general charles c', 'foti, jr., is a law firm focused on securities, antitrust and consumer class actions, along with merger acquisition and breach of fiduciary litigation against publicly traded companies on behalf of shareholders', 'the firm has offices in new york, california and louisiana', 'to learn more about ksf, you may visit']",neutral,0.0285562499999999,neutral,neutral
15-10-2018,"IMPORTANT INVESTOR REMINDER: THE SCHALL LAW FIRM ANNOUNCES THE FILING 
      OF A CLASS ACTION LAWSUIT AGAINST ALPHABET, INC. AND ENCOURAGES 
      INVESTORS WITH LOSSES IN EXCESS OF $100,000 TO CONTACT THE FIRM","LOS ANGELES--(BUSINESS WIRE)--THE SCHALL LAW FIRM, A NATIONAL SHAREHOLDER RIGHTS LITIGATION FIRM, ANNOUNCES THE FILING OF A CLASS ACTION LAWSUIT AGAINST ALPHABET, INC. (“ALPHABET” OR “THE COMPANY”) (NASDAQ: GOOG) (NASDAQ:GOOGL) FOR VIOLATIONS OF §§10(B) AND 20(A) OF THE SECURITIES EXCHANGE ACT OF 1934 AND RULE 10B-5 PROMULGATED THEREUNDER BY THE U.S. SECURITIES AND EXCHANGE COMMISSION. INVESTORS WHO PURCHASED THE COMPANY'S SHARES BETWEEN APRIL 24, 2018 AND OCTOBER 10, 2018, INCLUSIVE (THE ''CLASS PERIOD''), ARE ENCOURAGED TO CONTACT THE FIRM BEFORE DECEMBER 10, 2018. IF YOU ARE A SHAREHOLDER WHO SUFFERED A LOSS, CLICK HERE TO PARTICIPATE. WE ALSO ENCOURAGE YOU TO CONTACT BRIAN SCHALL, OR SHERIN MAHDAVIAN, OF THE SCHALL LAW FIRM, 1880 CENTURY PARK EAST, SUITE 404, LOS ANGELES, CA 90067, AT 424-303-1964, TO DISCUSS YOUR RIGHTS FREE OF CHARGE. YOU CAN ALSO REACH US THROUGH THE FIRM'S WEBSITE AT WWW.SCHALLFIRM.COM, OR BY EMAIL AT BRIAN@SCHALLFIRM.COM. THE CLASS, IN THIS CASE, HAS NOT YET BEEN CERTIFIED, AND UNTIL CERTIFICATION OCCURS, YOU ARE NOT REPRESENTED BY AN ATTORNEY. IF YOU CHOOSE TO TAKE NO ACTION, YOU CAN REMAIN AN ABSENT CLASS MEMBER. ACCORDING TO THE COMPLAINT, THE COMPANY MADE FALSE AND MISLEADING STATEMENTS TO THE MARKET. GOOGLE’S SYSTEMS EXPOSED THE PERSONAL DATA OF HUNDREDS OF THOUSANDS OF USERS OF THE GOOGLE+ SOCIAL MEDIA PLATFORM. AFTER DISCOVERING THE BREACH, THE COMPANY ACTIVELY CONCEALED THE FACTS FROM INVESTORS, USERS, AND THE GOVERNMENT. DOING SO VIOLATED THE COMPANY’S DATA PRIVACY AND SECURITY POLICIES. DISCOVERY OF THE BREACH COULD REASONABLY RESULT IN HEIGHTENED REGULATORY ATTENTION FROM THE GOVERNMENT. BASED ON THESE FACTS, THE COMPANY’S PUBLIC STATEMENTS WERE FALSE AND MATERIALLY MISLEADING THROUGHOUT THE CLASS PERIOD. WHEN THE MARKET LEARNING THE TRUTH ABOUT ALPHABET, INVESTORS SUFFERED DAMAGES. JOIN THE CASE TO RECOVER YOUR LOSSES. THE SCHALL LAW FIRM REPRESENTS INVESTORS AROUND THE WORLD AND SPECIALIZES IN SECURITIES CLASS ACTION LAWSUITS AND SHAREHOLDER RIGHTS LITIGATION. THIS PRESS RELEASE MAY BE CONSIDERED ATTORNEY ADVERTISING IN SOME JURISDICTIONS UNDER THE APPLICABLE LAW AND RULES OF ETHICS.","IMPORTANT INVESTOR REMINDER: THE SCHALL LAW FIRM ANNOUNCES THE FILING 
      OF A CLASS ACTION LAWSUIT AGAINST ALPHABET, INC. AND ENCOURAGES 
      INVESTORS WITH LOSSES IN EXCESS OF $100,000 TO CONTACT THE FIRM. LOS ANGELES--(BUSINESS WIRE)--THE SCHALL LAW FIRM, A NATIONAL SHAREHOLDER RIGHTS LITIGATION FIRM, ANNOUNCES THE FILING OF A CLASS ACTION LAWSUIT AGAINST ALPHABET, INC. (“ALPHABET” OR “THE COMPANY”) (NASDAQ: GOOG) (NASDAQ:GOOGL) FOR VIOLATIONS OF §§10(B) AND 20(A) OF THE SECURITIES EXCHANGE ACT OF 1934 AND RULE 10B-5 PROMULGATED THEREUNDER BY THE U.S. SECURITIES AND EXCHANGE COMMISSION. INVESTORS WHO PURCHASED THE COMPANY'S SHARES BETWEEN APRIL 24, 2018 AND OCTOBER 10, 2018, INCLUSIVE (THE ''CLASS PERIOD''), ARE ENCOURAGED TO CONTACT THE FIRM BEFORE DECEMBER 10, 2018. IF YOU ARE A SHAREHOLDER WHO SUFFERED A LOSS, CLICK HERE TO PARTICIPATE. WE ALSO ENCOURAGE YOU TO CONTACT BRIAN SCHALL, OR SHERIN MAHDAVIAN, OF THE SCHALL LAW FIRM, 1880 CENTURY PARK EAST, SUITE 404, LOS ANGELES, CA 90067, AT 424-303-1964, TO DISCUSS YOUR RIGHTS FREE OF CHARGE. YOU CAN ALSO REACH US THROUGH THE FIRM'S WEBSITE AT WWW.SCHALLFIRM.COM, OR BY EMAIL AT BRIAN@SCHALLFIRM.COM. THE CLASS, IN THIS CASE, HAS NOT YET BEEN CERTIFIED, AND UNTIL CERTIFICATION OCCURS, YOU ARE NOT REPRESENTED BY AN ATTORNEY. IF YOU CHOOSE TO TAKE NO ACTION, YOU CAN REMAIN AN ABSENT CLASS MEMBER. ACCORDING TO THE COMPLAINT, THE COMPANY MADE FALSE AND MISLEADING STATEMENTS TO THE MARKET. GOOGLE’S SYSTEMS EXPOSED THE PERSONAL DATA OF HUNDREDS OF THOUSANDS OF USERS OF THE GOOGLE+ SOCIAL MEDIA PLATFORM. AFTER DISCOVERING THE BREACH, THE COMPANY ACTIVELY CONCEALED THE FACTS FROM INVESTORS, USERS, AND THE GOVERNMENT. DOING SO VIOLATED THE COMPANY’S DATA PRIVACY AND SECURITY POLICIES. DISCOVERY OF THE BREACH COULD REASONABLY RESULT IN HEIGHTENED REGULATORY ATTENTION FROM THE GOVERNMENT. BASED ON THESE FACTS, THE COMPANY’S PUBLIC STATEMENTS WERE FALSE AND MATERIALLY MISLEADING THROUGHOUT THE CLASS PERIOD. WHEN THE MARKET LEARNING THE TRUTH ABOUT ALPHABET, INVESTORS SUFFERED DAMAGES. JOIN THE CASE TO RECOVER YOUR LOSSES. THE SCHALL LAW FIRM REPRESENTS INVESTORS AROUND THE WORLD AND SPECIALIZES IN SECURITIES CLASS ACTION LAWSUITS AND SHAREHOLDER RIGHTS LITIGATION. THIS PRESS RELEASE MAY BE CONSIDERED ATTORNEY ADVERTISING IN SOME JURISDICTIONS UNDER THE APPLICABLE LAW AND RULES OF ETHICS.","['important investor reminder the schall law firm announces the filing of a class action lawsuit against alphabet, inc', 'and encourages investors with losses in excess of $100,000 to contact the firm', 'los angeles--business wire--the schall law firm, a national shareholder rights litigation firm, announces the filing of a class action lawsuit against alphabet, inc', 'alphabet or the company nasdaq goog nasdaqgoogl for violations of 10b and 20a of the securities exchange act of 1934 and rule 10b-5 promulgated thereunder by the u.s', 'securities and exchange commission', ""investors who purchased the company's shares between april 24, 2018 and october 10, 2018, inclusive the ''class period'', are encouraged to contact the firm before december 10, 2018"", 'if you are a shareholder who suffered a loss, click here to participate', 'we also encourage you to contact brian schall, or sherin mahdavian, of the schall law firm, 1880 century park east, suite 404, los angeles, ca 90067, at 424-303-1964, to discuss your rights free of charge', ""you can also reach us through the firm's website at or by email at brianschallfirm.com"", 'the class, in this case, has not yet been certified, and until certification occurs, you are not represented by an attorney', 'if you choose to take no action, you can remain an absent class member', 'according to the complaint, the company made false and misleading statements to the market', 'googles systems exposed the personal data of hundreds of thousands of users of the google social media platform', 'after discovering the breach, the company actively concealed the facts from investors, users, and the government', 'doing so violated the companys data privacy and security policies', 'discovery of the breach could reasonably result in heightened regulatory attention from the government', 'based on these facts, the companys public statements were false and materially misleading throughout the class period', 'when the market learning the truth about alphabet, investors suffered damages', 'join the case to recover your losses', 'the schall law firm represents investors around the world and specializes in securities class action lawsuits and shareholder rights litigation', 'this press release may be considered attorney advertising in some jurisdictions under the applicable law and rules of ethics.']",weakly_negative,-0.0867809523809523,weakly_negative,weakly_negative
12-10-2018,"IMPORTANT INVESTOR NOTICE: THE SCHALL LAW FIRM ANNOUNCES THE FILING 
      OF A CLASS ACTION LAWSUIT AGAINST ALPHABET, INC. AND ENCOURAGES 
      INVESTORS WITH LOSSES IN EXCESS OF $100,000 TO CONTACT THE FIRM","LOS ANGELES--(BUSINESS WIRE)--THE SCHALL LAW FIRM, A NATIONAL SHAREHOLDER RIGHTS LITIGATION FIRM, ANNOUNCES THE FILING OF A CLASS ACTION LAWSUIT AGAINST ALPHABET, INC. (“ALPHABET” OR “THE COMPANY”) (NASDAQ: GOOG, GOOGL) FOR VIOLATIONS OF §§10(B) AND 20(A) OF THE SECURITIES EXCHANGE ACT OF 1934 AND RULE 10B-5 PROMULGATED THEREUNDER BY THE U.S. SECURITIES AND EXCHANGE COMMISSION. INVESTORS WHO PURCHASED THE COMPANY'S SHARES BETWEEN APRIL 24, 2018 AND OCTOBER 10, 2018, INCLUSIVE (THE “CLASS PERIOD”), ARE ENCOURAGED TO CONTACT THE FIRM BEFORE DECEMBER 10, 2018. IF YOU ARE A SHAREHOLDER WHO SUFFERED A LOSS, CLICK HERE TO PARTICIPATE. WE ALSO ENCOURAGE YOU TO CONTACT BRIAN SCHALL, OR SHERIN MAHDAVIAN, OF THE SCHALL LAW FIRM, 1880 CENTURY PARK EAST, SUITE 404, LOS ANGELES, CA 90067, AT 424-303-1964, TO DISCUSS YOUR RIGHTS FREE OF CHARGE. YOU CAN ALSO REACH US THROUGH THE FIRM'S WEBSITE AT WWW.SCHALLFIRM.COM, OR BY EMAIL AT BRIAN@SCHALLFIRM.COM. THE CLASS, IN THIS CASE, HAS NOT YET BEEN CERTIFIED, AND UNTIL CERTIFICATION OCCURS, YOU ARE NOT REPRESENTED BY AN ATTORNEY. IF YOU CHOOSE TO TAKE NO ACTION, YOU CAN REMAIN AN ABSENT CLASS MEMBER. ACCORDING TO THE COMPLAINT, THE COMPANY MADE FALSE AND MISLEADING STATEMENTS TO THE MARKET. GOOGLE’S SYSTEMS EXPOSED THE PERSONAL DATA OF HUNDREDS OF THOUSANDS OF USERS OF THE GOOGLE+ SOCIAL MEDIA PLATFORM. AFTER DISCOVERING THE BREACH, THE COMPANY ACTIVELY CONCEALED THE FACTS FROM INVESTORS, USERS, AND THE GOVERNMENT. DOING SO VIOLATED THE COMPANY’S DATA PRIVACY AND SECURITY POLICIES. DISCOVERY OF THE BREACH COULD REASONABLY RESULT IN HEIGHTENED REGULATORY ATTENTION FROM THE GOVERNMENT. BASED ON THESE FACTS, THE COMPANY’S PUBLIC STATEMENTS WERE FALSE AND MATERIALLY MISLEADING THROUGHOUT THE CLASS PERIOD. WHEN THE MARKET LEARNING THE TRUTH ABOUT ALPHABET, INVESTORS SUFFERED DAMAGES. JOIN THE CASE TO RECOVER YOUR LOSSES. THE SCHALL LAW FIRM REPRESENTS INVESTORS AROUND THE WORLD AND SPECIALIZES IN SECURITIES CLASS ACTION LAWSUITS AND SHAREHOLDER RIGHTS LITIGATION. THIS PRESS RELEASE MAY BE CONSIDERED ATTORNEY ADVERTISING IN SOME JURISDICTIONS UNDER THE APPLICABLE LAW AND RULES OF ETHICS.","IMPORTANT INVESTOR NOTICE: THE SCHALL LAW FIRM ANNOUNCES THE FILING 
      OF A CLASS ACTION LAWSUIT AGAINST ALPHABET, INC. AND ENCOURAGES 
      INVESTORS WITH LOSSES IN EXCESS OF $100,000 TO CONTACT THE FIRM. LOS ANGELES--(BUSINESS WIRE)--THE SCHALL LAW FIRM, A NATIONAL SHAREHOLDER RIGHTS LITIGATION FIRM, ANNOUNCES THE FILING OF A CLASS ACTION LAWSUIT AGAINST ALPHABET, INC. (“ALPHABET” OR “THE COMPANY”) (NASDAQ: GOOG, GOOGL) FOR VIOLATIONS OF §§10(B) AND 20(A) OF THE SECURITIES EXCHANGE ACT OF 1934 AND RULE 10B-5 PROMULGATED THEREUNDER BY THE U.S. SECURITIES AND EXCHANGE COMMISSION. INVESTORS WHO PURCHASED THE COMPANY'S SHARES BETWEEN APRIL 24, 2018 AND OCTOBER 10, 2018, INCLUSIVE (THE “CLASS PERIOD”), ARE ENCOURAGED TO CONTACT THE FIRM BEFORE DECEMBER 10, 2018. IF YOU ARE A SHAREHOLDER WHO SUFFERED A LOSS, CLICK HERE TO PARTICIPATE. WE ALSO ENCOURAGE YOU TO CONTACT BRIAN SCHALL, OR SHERIN MAHDAVIAN, OF THE SCHALL LAW FIRM, 1880 CENTURY PARK EAST, SUITE 404, LOS ANGELES, CA 90067, AT 424-303-1964, TO DISCUSS YOUR RIGHTS FREE OF CHARGE. YOU CAN ALSO REACH US THROUGH THE FIRM'S WEBSITE AT WWW.SCHALLFIRM.COM, OR BY EMAIL AT BRIAN@SCHALLFIRM.COM. THE CLASS, IN THIS CASE, HAS NOT YET BEEN CERTIFIED, AND UNTIL CERTIFICATION OCCURS, YOU ARE NOT REPRESENTED BY AN ATTORNEY. IF YOU CHOOSE TO TAKE NO ACTION, YOU CAN REMAIN AN ABSENT CLASS MEMBER. ACCORDING TO THE COMPLAINT, THE COMPANY MADE FALSE AND MISLEADING STATEMENTS TO THE MARKET. GOOGLE’S SYSTEMS EXPOSED THE PERSONAL DATA OF HUNDREDS OF THOUSANDS OF USERS OF THE GOOGLE+ SOCIAL MEDIA PLATFORM. AFTER DISCOVERING THE BREACH, THE COMPANY ACTIVELY CONCEALED THE FACTS FROM INVESTORS, USERS, AND THE GOVERNMENT. DOING SO VIOLATED THE COMPANY’S DATA PRIVACY AND SECURITY POLICIES. DISCOVERY OF THE BREACH COULD REASONABLY RESULT IN HEIGHTENED REGULATORY ATTENTION FROM THE GOVERNMENT. BASED ON THESE FACTS, THE COMPANY’S PUBLIC STATEMENTS WERE FALSE AND MATERIALLY MISLEADING THROUGHOUT THE CLASS PERIOD. WHEN THE MARKET LEARNING THE TRUTH ABOUT ALPHABET, INVESTORS SUFFERED DAMAGES. JOIN THE CASE TO RECOVER YOUR LOSSES. THE SCHALL LAW FIRM REPRESENTS INVESTORS AROUND THE WORLD AND SPECIALIZES IN SECURITIES CLASS ACTION LAWSUITS AND SHAREHOLDER RIGHTS LITIGATION. THIS PRESS RELEASE MAY BE CONSIDERED ATTORNEY ADVERTISING IN SOME JURISDICTIONS UNDER THE APPLICABLE LAW AND RULES OF ETHICS.","['important investor notice the schall law firm announces the filing of a class action lawsuit against alphabet, inc', 'and encourages investors with losses in excess of $100,000 to contact the firm', 'los angeles--business wire--the schall law firm, a national shareholder rights litigation firm, announces the filing of a class action lawsuit against alphabet, inc', 'alphabet or the company nasdaq goog, googl for violations of 10b and 20a of the securities exchange act of 1934 and rule 10b-5 promulgated thereunder by the u.s', 'securities and exchange commission', ""investors who purchased the company's shares between april 24, 2018 and october 10, 2018, inclusive the class period, are encouraged to contact the firm before december 10, 2018"", 'if you are a shareholder who suffered a loss, click here to participate', 'we also encourage you to contact brian schall, or sherin mahdavian, of the schall law firm, 1880 century park east, suite 404, los angeles, ca 90067, at 424-303-1964, to discuss your rights free of charge', ""you can also reach us through the firm's website at or by email at brianschallfirm.com"", 'the class, in this case, has not yet been certified, and until certification occurs, you are not represented by an attorney', 'if you choose to take no action, you can remain an absent class member', 'according to the complaint, the company made false and misleading statements to the market', 'googles systems exposed the personal data of hundreds of thousands of users of the google social media platform', 'after discovering the breach, the company actively concealed the facts from investors, users, and the government', 'doing so violated the companys data privacy and security policies', 'discovery of the breach could reasonably result in heightened regulatory attention from the government', 'based on these facts, the companys public statements were false and materially misleading throughout the class period', 'when the market learning the truth about alphabet, investors suffered damages', 'join the case to recover your losses', 'the schall law firm represents investors around the world and specializes in securities class action lawsuits and shareholder rights litigation', 'this press release may be considered attorney advertising in some jurisdictions under the applicable law and rules of ethics.']",weakly_negative,-0.0867809523809523,weakly_negative,weakly_negative
11-10-2018,"EQUITY ALERT: ROSEN LAW FIRM FILES SECURITIES CLASS ACTION LAWSUIT 
      AGAINST ALPHABET INC. – GOOG, GOOGL","NEW YORK--(BUSINESS WIRE)--ROSEN LAW FIRM, A GLOBAL INVESTOR RIGHTS LAW FIRM, ANNOUNCES IT HAS FILED A CLASS ACTION LAWSUIT ON BEHALF OF PURCHASERS OF THE SECURITIES OF ALPHABET INC. (NASDAQ: GOOG, GOOGL) FROM APRIL 24, 2018 THROUGH OCTOBER 10, 2018, INCLUSIVE (THE “CLASS PERIOD”). THE LAWSUIT SEEKS TO RECOVER DAMAGES FOR ALPHABET INVESTORS UNDER THE FEDERAL SECURITIES LAWS. TO JOIN THE ALPHABET CLASS ACTION, GO TO HTTPS://WWW.ROSENLEGAL.COM/CASES-1428.HTML OR CALL PHILLIP KIM, ESQ. OR ZACHARY HALPER, ESQ. TOLL-FREE AT 866-767-3653 OR EMAIL PKIM@ROSENLEGAL.COM OR ZHALPER@ROSENLEGAL.COM FOR INFORMATION ON THE CLASS ACTION. NO CLASS HAS YET BEEN CERTIFIED IN THE ABOVE ACTION. UNTIL A CLASS IS CERTIFIED, YOU ARE NOT REPRESENTED BY COUNSEL UNLESS YOU RETAIN ONE. YOU MAY RETAIN COUNSEL OF YOUR CHOICE. YOU MAY ALSO REMAIN AN ABSENT CLASS MEMBER AND DO NOTHING AT THIS POINT. AN INVESTOR’S ABILITY TO SHARE IN ANY POTENTIAL FUTURE RECOVERY IS NOT DEPENDENT UPON SERVING AS LEAD PLAINTIFF. ACCORDING TO THE LAWSUIT, DEFENDANTS MADE FALSE AND/OR MISLEADING STATEMENTS AND/OR FAILED TO DISCLOSE THAT: (1) GOOGLE EXPOSED THE PRIVATE DATA OF HUNDREDS OF THOUSANDS OF GOOGLE+ SOCIAL NETWORK USERS; (2) GOOGLE ACTIVELY CONCEALED THIS DATA BREACH FOR SEVERAL MONTHS; (3) THIS CONDUCT VIOLATED GOOGLE’S PURPORTED DATA PRIVACY AND SECURITY POLICIES; (4) DISCOVERY OF THE FOREGOING CONDUCT COULD FORESEEABLY SUBJECT ALPHABET TO HEIGHTENED REGULATORY SCRUTINY; AND (5) AS A RESULT, ALPHABET’S PUBLIC STATEMENTS WERE MATERIALLY FALSE AND MISLEADING AT ALL RELEVANT TIMES. WHEN THE TRUE DETAILS ENTERED THE MARKET, THE LAWSUIT CLAIMS THAT INVESTORS SUFFERED DAMAGES. A CLASS ACTION LAWSUIT HAS ALREADY BEEN FILED. IF YOU WISH TO SERVE AS LEAD PLAINTIFF, YOU MUST MOVE THE COURT NO LATER THAN DECEMBER 10, 2018. A LEAD PLAINTIFF IS A REPRESENTATIVE PARTY ACTING ON BEHALF OF OTHER CLASS MEMBERS IN DIRECTING THE LITIGATION. IF YOU WISH TO JOIN THE LITIGATION, GO TO HTTPS://WWW.ROSENLEGAL.COM/CASES-1428.HTML OR TO DISCUSS YOUR RIGHTS OR INTERESTS REGARDING THIS CLASS ACTION, PLEASE CONTACT PHILLIP KIM OR ZACHARY HALPER OF ROSEN LAW FIRM TOLL FREE AT 866-767-3653 OR VIA EMAIL AT PKIM@ROSENLEGAL.COM OR ZHALPER@ROSENLEGAL.COM. FOLLOW US FOR UPDATES ON LINKEDIN: HTTPS://WWW.LINKEDIN.COM/COMPANY/THE-ROSEN-LAW-FIRM OR ON TWITTER: HTTPS://TWITTER.COM/ROSEN_FIRM. ROSEN LAW FIRM REPRESENTS INVESTORS THROUGHOUT THE GLOBE, CONCENTRATING ITS PRACTICE IN SECURITIES CLASS ACTIONS AND SHAREHOLDER DERIVATIVE LITIGATION. ROSEN LAW FIRM WAS RANKED NO. 1 BY ISS SECURITIES CLASS ACTION SERVICES FOR NUMBER OF SECURITIES CLASS ACTION SETTLEMENTS IN 2017. THE FIRM HAS BEEN RANKED IN THE TOP 3 EACH YEAR SINCE 2013.","EQUITY ALERT: ROSEN LAW FIRM FILES SECURITIES CLASS ACTION LAWSUIT 
      AGAINST ALPHABET INC. – GOOG, GOOGL. NEW YORK--(BUSINESS WIRE)--ROSEN LAW FIRM, A GLOBAL INVESTOR RIGHTS LAW FIRM, ANNOUNCES IT HAS FILED A CLASS ACTION LAWSUIT ON BEHALF OF PURCHASERS OF THE SECURITIES OF ALPHABET INC. (NASDAQ: GOOG, GOOGL) FROM APRIL 24, 2018 THROUGH OCTOBER 10, 2018, INCLUSIVE (THE “CLASS PERIOD”). THE LAWSUIT SEEKS TO RECOVER DAMAGES FOR ALPHABET INVESTORS UNDER THE FEDERAL SECURITIES LAWS. TO JOIN THE ALPHABET CLASS ACTION, GO TO HTTPS://WWW.ROSENLEGAL.COM/CASES-1428.HTML OR CALL PHILLIP KIM, ESQ. OR ZACHARY HALPER, ESQ. TOLL-FREE AT 866-767-3653 OR EMAIL PKIM@ROSENLEGAL.COM OR ZHALPER@ROSENLEGAL.COM FOR INFORMATION ON THE CLASS ACTION. NO CLASS HAS YET BEEN CERTIFIED IN THE ABOVE ACTION. UNTIL A CLASS IS CERTIFIED, YOU ARE NOT REPRESENTED BY COUNSEL UNLESS YOU RETAIN ONE. YOU MAY RETAIN COUNSEL OF YOUR CHOICE. YOU MAY ALSO REMAIN AN ABSENT CLASS MEMBER AND DO NOTHING AT THIS POINT. AN INVESTOR’S ABILITY TO SHARE IN ANY POTENTIAL FUTURE RECOVERY IS NOT DEPENDENT UPON SERVING AS LEAD PLAINTIFF. ACCORDING TO THE LAWSUIT, DEFENDANTS MADE FALSE AND/OR MISLEADING STATEMENTS AND/OR FAILED TO DISCLOSE THAT: (1) GOOGLE EXPOSED THE PRIVATE DATA OF HUNDREDS OF THOUSANDS OF GOOGLE+ SOCIAL NETWORK USERS; (2) GOOGLE ACTIVELY CONCEALED THIS DATA BREACH FOR SEVERAL MONTHS; (3) THIS CONDUCT VIOLATED GOOGLE’S PURPORTED DATA PRIVACY AND SECURITY POLICIES; (4) DISCOVERY OF THE FOREGOING CONDUCT COULD FORESEEABLY SUBJECT ALPHABET TO HEIGHTENED REGULATORY SCRUTINY; AND (5) AS A RESULT, ALPHABET’S PUBLIC STATEMENTS WERE MATERIALLY FALSE AND MISLEADING AT ALL RELEVANT TIMES. WHEN THE TRUE DETAILS ENTERED THE MARKET, THE LAWSUIT CLAIMS THAT INVESTORS SUFFERED DAMAGES. A CLASS ACTION LAWSUIT HAS ALREADY BEEN FILED. IF YOU WISH TO SERVE AS LEAD PLAINTIFF, YOU MUST MOVE THE COURT NO LATER THAN DECEMBER 10, 2018. A LEAD PLAINTIFF IS A REPRESENTATIVE PARTY ACTING ON BEHALF OF OTHER CLASS MEMBERS IN DIRECTING THE LITIGATION. IF YOU WISH TO JOIN THE LITIGATION, GO TO HTTPS://WWW.ROSENLEGAL.COM/CASES-1428.HTML OR TO DISCUSS YOUR RIGHTS OR INTERESTS REGARDING THIS CLASS ACTION, PLEASE CONTACT PHILLIP KIM OR ZACHARY HALPER OF ROSEN LAW FIRM TOLL FREE AT 866-767-3653 OR VIA EMAIL AT PKIM@ROSENLEGAL.COM OR ZHALPER@ROSENLEGAL.COM. FOLLOW US FOR UPDATES ON LINKEDIN: HTTPS://WWW.LINKEDIN.COM/COMPANY/THE-ROSEN-LAW-FIRM OR ON TWITTER: HTTPS://TWITTER.COM/ROSEN_FIRM. ROSEN LAW FIRM REPRESENTS INVESTORS THROUGHOUT THE GLOBE, CONCENTRATING ITS PRACTICE IN SECURITIES CLASS ACTIONS AND SHAREHOLDER DERIVATIVE LITIGATION. ROSEN LAW FIRM WAS RANKED NO. 1 BY ISS SECURITIES CLASS ACTION SERVICES FOR NUMBER OF SECURITIES CLASS ACTION SETTLEMENTS IN 2017. THE FIRM HAS BEEN RANKED IN THE TOP 3 EACH YEAR SINCE 2013.","['equity alert rosen law firm files securities class action lawsuit against alphabet inc', 'goog, googl', 'new york--business wire--rosen law firm, a global investor rights law firm, announces it has filed a class action lawsuit on behalf of purchasers of the securities of alphabet inc', 'nasdaq goog, googl from april 24, 2018 through october 10, 2018, inclusive the class period', 'the lawsuit seeks to recover damages for alphabet investors under the federal securities laws', 'to join the alphabet class action, go to or call phillip kim, esq', 'or zachary halper, esq', 'toll-free at 866-767-3653 or email pkimrosenlegal.com or zhalperrosenlegal.com for information on the class action', 'no class has yet been certified in the above action', 'until a class is certified, you are not represented by counsel unless you retain one', 'you may retain counsel of your choice', 'you may also remain an absent class member and do nothing at this point', 'an investors ability to share in any potential future recovery is not dependent upon serving as lead plaintiff', 'according to the lawsuit, defendants made false andor misleading statements andor failed to disclose that 1 google exposed the private data of hundreds of thousands of google social network users 2 google actively concealed this data breach for several months 3 this conduct violated googles purported data privacy and security policies 4 discovery of the foregoing conduct could foreseeably subject alphabet to heightened regulatory scrutiny and 5 as a result, alphabets public statements were materially false and misleading at all relevant times', 'when the true details entered the market, the lawsuit claims that investors suffered damages', 'a class action lawsuit has already been filed', 'if you wish to serve as lead plaintiff, you must move the court no later than december 10, 2018', 'a lead plaintiff is a representative party acting on behalf of other class members in directing the litigation', 'if you wish to join the litigation, go to or to discuss your rights or interests regarding this class action, please contact phillip kim or zachary halper of rosen law firm toll free at 866-767-3653 or via email at pkimrosenlegal.com or zhalperrosenlegal.com', 'follow us for updates on linkedin or on twitter rosen law firm represents investors throughout the globe, concentrating its practice in securities class actions and shareholder derivative litigation', 'rosen law firm was ranked no', '1 by iss securities class action services for number of securities class action settlements in 2017', 'the firm has been ranked in the top 3 each year since 2013.']",neutral,0.0293130434782608,neutral,neutral
09-10-2018,"INVESTIGATION ALERT: THE SCHALL LAW FIRM ANNOUNCES IT IS 
      INVESTIGATING CLAIMS AGAINST ALPHABET INC. AND ENCOURAGES INVESTORS WITH 
      LOSSES IN EXCESS OF $100,000 TO CONTACT THE FIRM","LOS ANGELES--(BUSINESS WIRE)--THE SCHALL LAW FIRM, A NATIONAL SHAREHOLDER RIGHTS LITIGATION FIRM, ANNOUNCES THAT IT IS INVESTIGATING CLAIMS ON BEHALF OF INVESTORS OF ALPHABET INC. (“ALPHABET” OR “THE COMPANY”) (NASDAQ: GOOG, GOOGL) FOR VIOLATIONS OF §§10(B) AND 20(A) OF THE SECURITIES EXCHANGE ACT OF 1934 AND RULE 10B-5 PROMULGATED THEREUNDER BY THE U.S. SECURITIES AND EXCHANGE COMMISSION. THE INVESTIGATION FOCUSES ON WHETHER THE COMPANY ISSUED FALSE AND/OR MISLEADING STATEMENTS AND/OR FAILED TO DISCLOSE INFORMATION PERTINENT TO INVESTORS. THE WALL STREET JOURNAL PUBLISHED AN ARTICLE ON OCTOBER 8, 2018, TITLED, “GOOGLE EXPOSED USER DATA, FEARED REPERCUSSIONS OF DISCLOSING TO PUBLIC.” THE ARTICLE STATED THAT “GOOGLE EXPOSED THE PRIVATE DATA OF HUNDREDS OF THOUSANDS OF USERS OF THE GOOGLE+ SOCIAL NETWORK AND THEN OPTED NOT TO DISCLOSE THE ISSUE THIS PAST SPRING, IN PART BECAUSE OF FEARS THAT DOING SO WOULD DRAW REGULATORY SCRUTINY AND CAUSE REPUTATIONAL DAMAGE.” THE ARTICLE ADDED THAT BASED ON THIS NEWS, THE COMPANY “ANNOUNCED A SWEEPING SET OF DATA PRIVACY MEASURES THAT INCLUDE PERMANENTLY SHUTTING DOWN ALL CONSUMER FUNCTIONALITY OF GOOGLE+.” BASED ON THIS NEWS, SHARES OF ALPHABET FELL SHARPLY THE SAME DAY. IF YOU ARE A SHAREHOLDER WHO SUFFERED A LOSS, CLICK HERE TO PARTICIPATE. WE ALSO ENCOURAGE YOU TO CONTACT BRIAN SCHALL, OR SHERIN MAHDAVIAN, OF THE SCHALL LAW FIRM, 1880 CENTURY PARK EAST, SUITE 404, LOS ANGELES, CA 90067, AT 424-303-1964, TO DISCUSS YOUR RIGHTS FREE OF CHARGE. YOU CAN ALSO REACH US THROUGH THE FIRM'S WEBSITE AT WWW.SCHALLFIRM.COM, OR BY EMAIL AT BRIAN@SCHALLFIRM.COM. THE CLASS IN THIS CASE HAS NOT YET BEEN CERTIFIED, AND UNTIL CERTIFICATION OCCURS, YOU ARE NOT REPRESENTED BY AN ATTORNEY. IF YOU CHOOSE TO TAKE NO ACTION, YOU CAN REMAIN AN ABSENT CLASS MEMBER. THE SCHALL LAW FIRM REPRESENTS INVESTORS AROUND THE WORLD AND SPECIALIZES IN SECURITIES CLASS ACTION LAWSUITS AND SHAREHOLDER RIGHTS LITIGATION. THIS PRESS RELEASE MAY BE CONSIDERED ATTORNEY ADVERTISING IN SOME JURISDICTIONS UNDER THE APPLICABLE LAW AND RULES OF ETHICS.","INVESTIGATION ALERT: THE SCHALL LAW FIRM ANNOUNCES IT IS 
      INVESTIGATING CLAIMS AGAINST ALPHABET INC. AND ENCOURAGES INVESTORS WITH 
      LOSSES IN EXCESS OF $100,000 TO CONTACT THE FIRM. LOS ANGELES--(BUSINESS WIRE)--THE SCHALL LAW FIRM, A NATIONAL SHAREHOLDER RIGHTS LITIGATION FIRM, ANNOUNCES THAT IT IS INVESTIGATING CLAIMS ON BEHALF OF INVESTORS OF ALPHABET INC. (“ALPHABET” OR “THE COMPANY”) (NASDAQ: GOOG, GOOGL) FOR VIOLATIONS OF §§10(B) AND 20(A) OF THE SECURITIES EXCHANGE ACT OF 1934 AND RULE 10B-5 PROMULGATED THEREUNDER BY THE U.S. SECURITIES AND EXCHANGE COMMISSION. THE INVESTIGATION FOCUSES ON WHETHER THE COMPANY ISSUED FALSE AND/OR MISLEADING STATEMENTS AND/OR FAILED TO DISCLOSE INFORMATION PERTINENT TO INVESTORS. THE WALL STREET JOURNAL PUBLISHED AN ARTICLE ON OCTOBER 8, 2018, TITLED, “GOOGLE EXPOSED USER DATA, FEARED REPERCUSSIONS OF DISCLOSING TO PUBLIC.” THE ARTICLE STATED THAT “GOOGLE EXPOSED THE PRIVATE DATA OF HUNDREDS OF THOUSANDS OF USERS OF THE GOOGLE+ SOCIAL NETWORK AND THEN OPTED NOT TO DISCLOSE THE ISSUE THIS PAST SPRING, IN PART BECAUSE OF FEARS THAT DOING SO WOULD DRAW REGULATORY SCRUTINY AND CAUSE REPUTATIONAL DAMAGE.” THE ARTICLE ADDED THAT BASED ON THIS NEWS, THE COMPANY “ANNOUNCED A SWEEPING SET OF DATA PRIVACY MEASURES THAT INCLUDE PERMANENTLY SHUTTING DOWN ALL CONSUMER FUNCTIONALITY OF GOOGLE+.” BASED ON THIS NEWS, SHARES OF ALPHABET FELL SHARPLY THE SAME DAY. IF YOU ARE A SHAREHOLDER WHO SUFFERED A LOSS, CLICK HERE TO PARTICIPATE. WE ALSO ENCOURAGE YOU TO CONTACT BRIAN SCHALL, OR SHERIN MAHDAVIAN, OF THE SCHALL LAW FIRM, 1880 CENTURY PARK EAST, SUITE 404, LOS ANGELES, CA 90067, AT 424-303-1964, TO DISCUSS YOUR RIGHTS FREE OF CHARGE. YOU CAN ALSO REACH US THROUGH THE FIRM'S WEBSITE AT WWW.SCHALLFIRM.COM, OR BY EMAIL AT BRIAN@SCHALLFIRM.COM. THE CLASS IN THIS CASE HAS NOT YET BEEN CERTIFIED, AND UNTIL CERTIFICATION OCCURS, YOU ARE NOT REPRESENTED BY AN ATTORNEY. IF YOU CHOOSE TO TAKE NO ACTION, YOU CAN REMAIN AN ABSENT CLASS MEMBER. THE SCHALL LAW FIRM REPRESENTS INVESTORS AROUND THE WORLD AND SPECIALIZES IN SECURITIES CLASS ACTION LAWSUITS AND SHAREHOLDER RIGHTS LITIGATION. THIS PRESS RELEASE MAY BE CONSIDERED ATTORNEY ADVERTISING IN SOME JURISDICTIONS UNDER THE APPLICABLE LAW AND RULES OF ETHICS.","['investigation alert the schall law firm announces it is investigating claims against alphabet inc', 'and encourages investors with losses in excess of $100,000 to contact the firm', 'los angeles--business wire--the schall law firm, a national shareholder rights litigation firm, announces that it is investigating claims on behalf of investors of alphabet inc', 'alphabet or the company nasdaq goog, googl for violations of 10b and 20a of the securities exchange act of 1934 and rule 10b-5 promulgated thereunder by the u.s', 'securities and exchange commission', 'the investigation focuses on whether the company issued false andor misleading statements andor failed to disclose information pertinent to investors', 'the wall street journal published an article on october 8, 2018, titled, google exposed user data, feared repercussions of disclosing to public', 'the article stated that google exposed the private data of hundreds of thousands of users of the google social network and then opted not to disclose the issue this past spring, in part because of fears that doing so would draw regulatory scrutiny and cause reputational damage', 'the article added that based on this news, the company announced a sweeping set of data privacy measures that include permanently shutting down all consumer functionality of google', 'based on this news, shares of alphabet fell sharply the same day', 'if you are a shareholder who suffered a loss, click here to participate', 'we also encourage you to contact brian schall, or sherin mahdavian, of the schall law firm, 1880 century park east, suite 404, los angeles, ca 90067, at 424-303-1964, to discuss your rights free of charge', ""you can also reach us through the firm's website at or by email at brianschallfirm.com"", 'the class in this case has not yet been certified, and until certification occurs, you are not represented by an attorney', 'if you choose to take no action, you can remain an absent class member', 'the schall law firm represents investors around the world and specializes in securities class action lawsuits and shareholder rights litigation', 'this press release may be considered attorney advertising in some jurisdictions under the applicable law and rules of ethics.']",weakly_negative,-0.1052764705882352,weakly_negative,weakly_negative
08-10-2018,"EQUITY ALERT: ROSEN LAW FIRM ANNOUNCES INVESTIGATION OF SECURITIES 
      CLAIMS AGAINST ALPHABET INC. – GOOG, GOOGL","NEW YORK--(BUSINESS WIRE)--ROSEN LAW FIRM, A GLOBAL INVESTOR RIGHTS LAW FIRM, ANNOUNCES IT IS INVESTIGATING POTENTIAL SECURITIES CLAIMS ON BEHALF OF SHAREHOLDERS OF ALPHABET INC. (NASDAQ: GOOG, GOOGL) RESULTING FROM ALLEGATIONS THAT ALPHABET MAY HAVE ISSUED MATERIALLY MISLEADING BUSINESS INFORMATION TO THE INVESTING PUBLIC. ON OCTOBER 8, 2018, THE WALL STREET JOURNAL PUBLISHED AN ARTICLE ENTITLED, “GOOGLE EXPOSED USER DATA, FEARED REPERCUSSIONS OF DISCLOSING TO PUBLIC,” STATING THAT “GOOGLE EXPOSED THE PRIVATE DATA OF HUNDREDS OF THOUSANDS OF USERS OF THE GOOGLE+ SOCIAL NETWORK AND THEN OPTED NOT TO DISCLOSE THE ISSUE THIS PAST SPRING, IN PART BECAUSE OF FEARS THAT DOING SO WOULD DRAW REGULATORY SCRUTINY AND CAUSE REPUTATIONAL DAMAGE[.]” THE ARTICLE FURTHER STATES THAT GOOGLE SUBSEQUENTLY “ANNOUNCED A SWEEPING SET OF DATA PRIVACY MEASURES THAT INCLUDE PERMANENTLY SHUTTING DOWN ALL CONSUMER FUNCTIONALITY OF GOOGLE+.” ON THIS NEWS, SHARES OF ALPHABET STOCK FELL SHARPLY DURING INTRADAY TRADING ON OCTOBER 8, 2018. ROSEN LAW FIRM IS PREPARING A CLASS ACTION LAWSUIT TO RECOVER LOSSES SUFFERED BY ALPHABET INVESTORS. IF YOU PURCHASED SHARES OF ALPHABET PLEASE VISIT THE FIRM’S WEBSITE AT HTTPS://WWW.ROSENLEGAL.COM/CASES-1428.HTML TO JOIN THE CLASS ACTION. YOU MAY ALSO CONTACT PHILLIP KIM OR ZACHARY HALPER OF ROSEN LAW FIRM TOLL FREE AT 866-767-3653 OR VIA EMAIL AT PKIM@ROSENLEGAL.COM OR ZHALPER@ROSENLEGAL.COM. FOLLOW US FOR UPDATES ON LINKEDIN: HTTPS://WWW.LINKEDIN.COM/COMPANY/THE-ROSEN-LAW-FIRM OR ON TWITTER: HTTPS://TWITTER.COM/ROSEN_FIRM. ROSEN LAW FIRM REPRESENTS INVESTORS THROUGHOUT THE GLOBE, CONCENTRATING ITS PRACTICE IN SECURITIES CLASS ACTIONS AND SHAREHOLDER DERIVATIVE LITIGATION. ROSEN LAW FIRM WAS RANKED NO. 1 BY ISS SECURITIES CLASS ACTION SERVICES FOR NUMBER OF SECURITIES CLASS ACTION SETTLEMENTS IN 2017. THE FIRM HAS BEEN RANKED IN THE TOP 3 EACH YEAR SINCE 2013. ATTORNEY ADVERTISING. PRIOR RESULTS DO NOT GUARANTEE A SIMILAR OUTCOME.","EQUITY ALERT: ROSEN LAW FIRM ANNOUNCES INVESTIGATION OF SECURITIES 
      CLAIMS AGAINST ALPHABET INC. – GOOG, GOOGL. NEW YORK--(BUSINESS WIRE)--ROSEN LAW FIRM, A GLOBAL INVESTOR RIGHTS LAW FIRM, ANNOUNCES IT IS INVESTIGATING POTENTIAL SECURITIES CLAIMS ON BEHALF OF SHAREHOLDERS OF ALPHABET INC. (NASDAQ: GOOG, GOOGL) RESULTING FROM ALLEGATIONS THAT ALPHABET MAY HAVE ISSUED MATERIALLY MISLEADING BUSINESS INFORMATION TO THE INVESTING PUBLIC. ON OCTOBER 8, 2018, THE WALL STREET JOURNAL PUBLISHED AN ARTICLE ENTITLED, “GOOGLE EXPOSED USER DATA, FEARED REPERCUSSIONS OF DISCLOSING TO PUBLIC,” STATING THAT “GOOGLE EXPOSED THE PRIVATE DATA OF HUNDREDS OF THOUSANDS OF USERS OF THE GOOGLE+ SOCIAL NETWORK AND THEN OPTED NOT TO DISCLOSE THE ISSUE THIS PAST SPRING, IN PART BECAUSE OF FEARS THAT DOING SO WOULD DRAW REGULATORY SCRUTINY AND CAUSE REPUTATIONAL DAMAGE[.]” THE ARTICLE FURTHER STATES THAT GOOGLE SUBSEQUENTLY “ANNOUNCED A SWEEPING SET OF DATA PRIVACY MEASURES THAT INCLUDE PERMANENTLY SHUTTING DOWN ALL CONSUMER FUNCTIONALITY OF GOOGLE+.” ON THIS NEWS, SHARES OF ALPHABET STOCK FELL SHARPLY DURING INTRADAY TRADING ON OCTOBER 8, 2018. ROSEN LAW FIRM IS PREPARING A CLASS ACTION LAWSUIT TO RECOVER LOSSES SUFFERED BY ALPHABET INVESTORS. IF YOU PURCHASED SHARES OF ALPHABET PLEASE VISIT THE FIRM’S WEBSITE AT HTTPS://WWW.ROSENLEGAL.COM/CASES-1428.HTML TO JOIN THE CLASS ACTION. YOU MAY ALSO CONTACT PHILLIP KIM OR ZACHARY HALPER OF ROSEN LAW FIRM TOLL FREE AT 866-767-3653 OR VIA EMAIL AT PKIM@ROSENLEGAL.COM OR ZHALPER@ROSENLEGAL.COM. FOLLOW US FOR UPDATES ON LINKEDIN: HTTPS://WWW.LINKEDIN.COM/COMPANY/THE-ROSEN-LAW-FIRM OR ON TWITTER: HTTPS://TWITTER.COM/ROSEN_FIRM. ROSEN LAW FIRM REPRESENTS INVESTORS THROUGHOUT THE GLOBE, CONCENTRATING ITS PRACTICE IN SECURITIES CLASS ACTIONS AND SHAREHOLDER DERIVATIVE LITIGATION. ROSEN LAW FIRM WAS RANKED NO. 1 BY ISS SECURITIES CLASS ACTION SERVICES FOR NUMBER OF SECURITIES CLASS ACTION SETTLEMENTS IN 2017. THE FIRM HAS BEEN RANKED IN THE TOP 3 EACH YEAR SINCE 2013. ATTORNEY ADVERTISING. PRIOR RESULTS DO NOT GUARANTEE A SIMILAR OUTCOME.","['equity alert rosen law firm announces investigation of securities claims against alphabet inc', 'goog, googl', 'new york--business wire--rosen law firm, a global investor rights law firm, announces it is investigating potential securities claims on behalf of shareholders of alphabet inc', 'nasdaq goog, googl resulting from allegations that alphabet may have issued materially misleading business information to the investing public', 'on october 8, 2018, the wall street journal published an article entitled, google exposed user data, feared repercussions of disclosing to public, stating that google exposed the private data of hundreds of thousands of users of the google social network and then opted not to disclose the issue this past spring, in part because of fears that doing so would draw regulatory scrutiny and cause reputational damage', 'the article further states that google subsequently announced a sweeping set of data privacy measures that include permanently shutting down all consumer functionality of google', 'on this news, shares of alphabet stock fell sharply during intraday trading on october 8, 2018', 'rosen law firm is preparing a class action lawsuit to recover losses suffered by alphabet investors', 'if you purchased shares of alphabet please visit the firms website at to join the class action', 'you may also contact phillip kim or zachary halper of rosen law firm toll free at 866-767-3653 or via email at pkimrosenlegal.com or zhalperrosenlegal.com', 'follow us for updates on linkedin or on twitter rosen law firm represents investors throughout the globe, concentrating its practice in securities class actions and shareholder derivative litigation', 'rosen law firm was ranked no', '1 by iss securities class action services for number of securities class action settlements in 2017', 'the firm has been ranked in the top 3 each year since 2013', 'attorney advertising', 'prior results do not guarantee a similar outcome.']",neutral,0.044125,neutral,neutral
08-06-2017,SOFTBANK ANNOUNCES AGREEMENT TO ACQUIRE BOSTON DYNAMICS,"TOKYO--(BUSINESS WIRE)--SOFTBANK GROUP CORP. (“SOFTBANK”) TODAY ANNOUNCED A SUBSIDIARY OF SOFTBANK HAS ENTERED INTO A DEFINITIVE AGREEMENT TO ACQUIRE ROBOTICS PIONEER BOSTON DYNAMICS FROM ALPHABET INC. (NASDAQ: GOOGL, GOOG). THE TRANSACTION ALIGNS WITH SOFTBANK’S INVESTMENTS IN PARADIGM-SHIFTING TECHNOLOGIES AND ITS VISION OF CATALYZING THE NEXT WAVE OF SMART ROBOTICS. THE TERMS OF THE TRANSACTION WERE NOT DISCLOSED. MASAYOSHI SON, CHAIRMAN & CEO OF SOFTBANK GROUP CORP., SAID, “TODAY, THERE ARE MANY ISSUES WE STILL CANNOT SOLVE BY OURSELVES WITH HUMAN CAPABILITIES. SMART ROBOTICS ARE GOING TO BE A KEY DRIVER OF THE NEXT STAGE OF THE INFORMATION REVOLUTION, AND MARC AND HIS TEAM AT BOSTON DYNAMICS ARE THE CLEAR TECHNOLOGY LEADERS IN ADVANCED DYNAMIC ROBOTS. I AM THRILLED TO WELCOME THEM TO THE SOFTBANK FAMILY AND LOOK FORWARD TO SUPPORTING THEM AS THEY CONTINUE TO ADVANCE THE FIELD OF ROBOTICS AND EXPLORE APPLICATIONS THAT CAN HELP MAKE LIFE EASIER, SAFER AND MORE FULFILLING.” MARC RAIBERT, CEO AND FOUNDER OF BOSTON DYNAMICS, SAID, “WE AT BOSTON DYNAMICS ARE EXCITED TO BE PART OF SOFTBANK’S BOLD VISION AND ITS POSITION CREATING THE NEXT TECHNOLOGY REVOLUTION, AND WE SHARE SOFTBANK’S BELIEF THAT ADVANCES IN TECHNOLOGY SHOULD BE FOR THE BENEFIT OF HUMANITY. WE LOOK FORWARD TO WORKING WITH SOFTBANK IN OUR MISSION TO PUSH THE BOUNDARIES OF WHAT ADVANCED ROBOTS CAN DO AND TO CREATE USEFUL APPLICATIONS IN A SMARTER AND MORE CONNECTED WORLD.” AS PART OF THE TRANSACTION WITH ALPHABET, SOFTBANK HAS ALSO AGREED TO ACQUIRE JAPANESE BIPEDAL ROBOTICS COMPANY SCHAFT. FOUNDED IN 2012 IN THE JSK ROBOTICS LABORATORY AT THE UNIVERSITY OF TOKYO, THE COMPANY HAS CONTINUED ITS PIONEERING WORK UNDER THE LEADERSHIP OF CO-FOUNDERS YUTO NAKANISHI, JUNICHI URATA, NARITO SUZUKI AND KOICHI NISHIWAKI. THE TRANSACTION IS SUBJECT TO CUSTOMARY CLOSING CONDITIONS AND REGULATORY APPROVALS. ABOUT SOFTBANK SOFTBANK IS A GLOBAL TECHNOLOGY PLAYER THAT ASPIRES TO DRIVE THE INFORMATION REVOLUTION. SOFTBANK IS COMPRISED OF THE HOLDING COMPANY SOFTBANK GROUP CORP. (TYO: 9984) AND ITS GLOBAL PORTFOLIO OF COMPANIES, WHICH INCLUDES ADVANCED TELECOMMUNICATIONS, INTERNET SERVICES, AI, SMART ROBOTICS, IOT AND CLEAN ENERGY TECHNOLOGY PROVIDERS. IN SEPTEMBER 2016, ARM HOLDINGS PLC, THE WORLD’S LEADING SEMICONDUCTOR IP COMPANY, JOINED THE SOFTBANK GROUP. TO LEARN MORE, PLEASE VISIT WWW.SOFTBANK.JP/EN/. ABOUT BOSTON DYNAMICS BOSTON DYNAMICS DEVELOPS ADVANCED ROBOTS, SUCH AS NEXT GENERATION ATLAS, SPOT AND HANDLE. SINCE ITS FOUNDING, BOSTON DYNAMICS HAS BECOME A LEADER IN THE DESIGN, DEVELOPMENT AND FIELD TESTING OF ADVANCED ROBOTS THAT HAVE AGILITY, DEXTERITY, PERCEPTION AND INTELLIGENCE. FOR MORE INFORMATION VISIT WWW.BOSTONDYNAMICS.COM. ABOUT SCHAFT SCHAFT IS A GLOBAL LEADER IN THE FIELD OF HUMANOID BIPEDAL ROBOTS. THE COMPANY'S FOUNDERS EMERGED FROM THE RENOWNED JSK ROBOTICS LABORATORY WITHIN THE UNIVERSITY OF TOKYO. SCHAFT IS DRIVEN BY ITS VISION OF A NEAR FUTURE SOCIETY WHERE BIPEDAL ROBOTS PERFORM CRITICAL INDUSTRIAL AND SERVICE TASKS.","SOFTBANK ANNOUNCES AGREEMENT TO ACQUIRE BOSTON DYNAMICS. TOKYO--(BUSINESS WIRE)--SOFTBANK GROUP CORP. (“SOFTBANK”) TODAY ANNOUNCED A SUBSIDIARY OF SOFTBANK HAS ENTERED INTO A DEFINITIVE AGREEMENT TO ACQUIRE ROBOTICS PIONEER BOSTON DYNAMICS FROM ALPHABET INC. (NASDAQ: GOOGL, GOOG). THE TRANSACTION ALIGNS WITH SOFTBANK’S INVESTMENTS IN PARADIGM-SHIFTING TECHNOLOGIES AND ITS VISION OF CATALYZING THE NEXT WAVE OF SMART ROBOTICS. THE TERMS OF THE TRANSACTION WERE NOT DISCLOSED. MASAYOSHI SON, CHAIRMAN & CEO OF SOFTBANK GROUP CORP., SAID, “TODAY, THERE ARE MANY ISSUES WE STILL CANNOT SOLVE BY OURSELVES WITH HUMAN CAPABILITIES. SMART ROBOTICS ARE GOING TO BE A KEY DRIVER OF THE NEXT STAGE OF THE INFORMATION REVOLUTION, AND MARC AND HIS TEAM AT BOSTON DYNAMICS ARE THE CLEAR TECHNOLOGY LEADERS IN ADVANCED DYNAMIC ROBOTS. I AM THRILLED TO WELCOME THEM TO THE SOFTBANK FAMILY AND LOOK FORWARD TO SUPPORTING THEM AS THEY CONTINUE TO ADVANCE THE FIELD OF ROBOTICS AND EXPLORE APPLICATIONS THAT CAN HELP MAKE LIFE EASIER, SAFER AND MORE FULFILLING.” MARC RAIBERT, CEO AND FOUNDER OF BOSTON DYNAMICS, SAID, “WE AT BOSTON DYNAMICS ARE EXCITED TO BE PART OF SOFTBANK’S BOLD VISION AND ITS POSITION CREATING THE NEXT TECHNOLOGY REVOLUTION, AND WE SHARE SOFTBANK’S BELIEF THAT ADVANCES IN TECHNOLOGY SHOULD BE FOR THE BENEFIT OF HUMANITY. WE LOOK FORWARD TO WORKING WITH SOFTBANK IN OUR MISSION TO PUSH THE BOUNDARIES OF WHAT ADVANCED ROBOTS CAN DO AND TO CREATE USEFUL APPLICATIONS IN A SMARTER AND MORE CONNECTED WORLD.” AS PART OF THE TRANSACTION WITH ALPHABET, SOFTBANK HAS ALSO AGREED TO ACQUIRE JAPANESE BIPEDAL ROBOTICS COMPANY SCHAFT. FOUNDED IN 2012 IN THE JSK ROBOTICS LABORATORY AT THE UNIVERSITY OF TOKYO, THE COMPANY HAS CONTINUED ITS PIONEERING WORK UNDER THE LEADERSHIP OF CO-FOUNDERS YUTO NAKANISHI, JUNICHI URATA, NARITO SUZUKI AND KOICHI NISHIWAKI. THE TRANSACTION IS SUBJECT TO CUSTOMARY CLOSING CONDITIONS AND REGULATORY APPROVALS. ABOUT SOFTBANK SOFTBANK IS A GLOBAL TECHNOLOGY PLAYER THAT ASPIRES TO DRIVE THE INFORMATION REVOLUTION. SOFTBANK IS COMPRISED OF THE HOLDING COMPANY SOFTBANK GROUP CORP. (TYO: 9984) AND ITS GLOBAL PORTFOLIO OF COMPANIES, WHICH INCLUDES ADVANCED TELECOMMUNICATIONS, INTERNET SERVICES, AI, SMART ROBOTICS, IOT AND CLEAN ENERGY TECHNOLOGY PROVIDERS. IN SEPTEMBER 2016, ARM HOLDINGS PLC, THE WORLD’S LEADING SEMICONDUCTOR IP COMPANY, JOINED THE SOFTBANK GROUP. TO LEARN MORE, PLEASE VISIT WWW.SOFTBANK.JP/EN/. ABOUT BOSTON DYNAMICS BOSTON DYNAMICS DEVELOPS ADVANCED ROBOTS, SUCH AS NEXT GENERATION ATLAS, SPOT AND HANDLE. SINCE ITS FOUNDING, BOSTON DYNAMICS HAS BECOME A LEADER IN THE DESIGN, DEVELOPMENT AND FIELD TESTING OF ADVANCED ROBOTS THAT HAVE AGILITY, DEXTERITY, PERCEPTION AND INTELLIGENCE. FOR MORE INFORMATION VISIT WWW.BOSTONDYNAMICS.COM. ABOUT SCHAFT SCHAFT IS A GLOBAL LEADER IN THE FIELD OF HUMANOID BIPEDAL ROBOTS. THE COMPANY'S FOUNDERS EMERGED FROM THE RENOWNED JSK ROBOTICS LABORATORY WITHIN THE UNIVERSITY OF TOKYO. SCHAFT IS DRIVEN BY ITS VISION OF A NEAR FUTURE SOCIETY WHERE BIPEDAL ROBOTS PERFORM CRITICAL INDUSTRIAL AND SERVICE TASKS.","['softbank announces agreement to acquire boston dynamics', 'tokyo--business wire--softbank group corp', 'softbank today announced a subsidiary of softbank has entered into a definitive agreement to acquire robotics pioneer boston dynamics from alphabet inc', 'nasdaq googl, goog', 'the transaction aligns with softbanks investments in paradigm-shifting technologies and its vision of catalyzing the next wave of smart robotics', 'the terms of the transaction were not disclosed', 'masayoshi son, chairman ceo of softbank group corp., said, today, there are many issues we still cannot solve by ourselves with human capabilities', 'smart robotics are going to be a key driver of the next stage of the information revolution, and marc and his team at boston dynamics are the clear technology leaders in advanced dynamic robots', 'i am thrilled to welcome them to the softbank family and look forward to supporting them as they continue to advance the field of robotics and explore applications that can help make life easier, safer and more fulfilling', 'marc raibert, ceo and founder of boston dynamics, said, we at boston dynamics are excited to be part of softbanks bold vision and its position creating the next technology revolution, and we share softbanks belief that advances in technology should be for the benefit of humanity', 'we look forward to working with softbank in our mission to push the boundaries of what advanced robots can do and to create useful applications in a smarter and more connected world', 'as part of the transaction with alphabet, softbank has also agreed to acquire japanese bipedal robotics company schaft', 'founded in 2012 in the jsk robotics laboratory at the university of tokyo, the company has continued its pioneering work under the leadership of co-founders yuto nakanishi, junichi urata, narito suzuki and koichi nishiwaki', 'the transaction is subject to customary closing conditions and regulatory approvals', 'about softbank softbank is a global technology player that aspires to drive the information revolution', 'softbank is comprised of the holding company softbank group corp', 'tyo 9984 and its global portfolio of companies, which includes advanced telecommunications, internet services, ai, smart robotics, iot and clean energy technology providers', 'in september 2016, arm holdings plc, the worlds leading semiconductor ip company, joined the softbank group', 'to learn more, please visit about boston dynamics boston dynamics develops advanced robots, such as next generation atlas, spot and handle', 'since its founding, boston dynamics has become a leader in the design, development and field testing of advanced robots that have agility, dexterity, perception and intelligence', 'for more information visit about schaft schaft is a global leader in the field of humanoid bipedal robots', ""the company's founders emerged from the renowned jsk robotics laboratory within the university of tokyo"", 'schaft is driven by its vision of a near future society where bipedal robots perform critical industrial and service tasks.']",weakly_positive,0.3410086956521739,weakly_positive,weakly_positive
18-01-2016,WATCH THE LATEST EPISODE OF BIZWIRETV FROM BUSINESS WIRE,"NEW YORK--(BUSINESS WIRE)--BUSINESS WIRE ANNOUNCES THE NEWEST EPISODE OF BIZWIRETV TODAY, A WEEKLY SERIES COVERING TRENDING NEWS STORIES PUBLISHED OVER THE NEWSWIRE’S DISTRIBUTION NETWORK. THE SHOW SPOTLIGHTS STORIES ON DISRUPTIVE STARTUPS AND TECHNOLOGIES, ENTREPRENEURS AND FUNDING ANNOUNCEMENTS, HOT BUSINESS TRENDS AND COMPANIES TO WATCH. THIS EPISODE OF BIZWIRETV FEATURES GUEST HOST MILANEE KAPADIA. WATCH FOR NEW EPISODES EACH FRIDAY AVAILABLE ON WWW.BUSINESSWIRE.COM THIS WEEK’S EPISODE FEATURES: AT THE NORTH AMERICAN INTERNATIONAL AUTO SHOW IN DETROIT: NEWS OF GOVERNMENT PLANS TO ACCELERATE THE DEVELOPMENT OF SELF-DRIVING CARS. TWEET THIS! FORD (NYSE:F) CONDUCTS INDUSTRY-FIRST SNOW TESTS OF AUTONOMOUS VEHICLES. TWEET THIS! NASA SELECTS ORBITAL ATK (NYSE:OA) FOR NEW 8-YEAR CONTRACT TO DELIVER CARGO TO THE INTERNATIONAL SPACE STATION. TWEET THIS! CES 2016 BREAKS RECORDS AFTER SETTING STAGE FOR GLOBAL INNOVATION. TWEET THIS! LENOVO (NQB:LNVGY) AND GOOGLE (NASDAQ:GOOG) PARTNER ON NEW PROJECT TANGO DEVICE. TWEET THIS! KODAK (NYSE:KODK) LAUNCHES SUPER 8 FILMMAKING REVIVAL INITIATIVE AT CES 2016. TWEET THIS! VIRTUAL REALITY SOFTWARE COMPANY ENVELOP VR CLOSES OUT SERIES A ROUND WITH ADDITIONAL FUNDING FROM GV. TWEET THIS! FIVE NEW PARTNERS INVEST $192 MILLION IN SKYSCANNER. TWEET THIS! AIG (NYSE:AIG) MAKES STRATEGIC INVESTMENT IN HUMAN CONDITION SAFETY, A WORKPLACE WEARABLES STARTUP. TWEET THIS! PORTABLE GLUTEN-TESTER, NIMA FROM 6SENSORLABS, WINS CES HARDWARE BATTLEFIELD 2016. TWEET THIS! A CORE COMPONENT OF THE VIDEO PROGRAMMING IS NEWS-RELATED DATA ANALYSIS POWERED BY BUSINESS WIRE’S NEWSTRAK REPORTS AND NUVI SOCIAL MEDIA TRACKING. THE WEEKLY SCHEDULE FOR BIZWIRETV EPISODES: BIZWIRETV: FRIDAY AT 6:00AMBIZWIRETV ACCELERATOR REPORT: SUNDAY AT 3:00PM CLICK HERE TO SHARE BIZWIRETV’S LATEST EPISODE ON TWITTER: HTTP://CTT.EC/1A58F ABOUT BUSINESS WIRE BUSINESS WIRE, A BERKSHIRE HATHAWAY COMPANY, IS THE GLOBAL LEADER IN PRESS RELEASE DISTRIBUTION AND REGULATORY DISCLOSURE. INVESTOR RELATIONS, PUBLIC RELATIONS, PUBLIC POLICY AND MARKETING PROFESSIONALS RELY ON BUSINESS WIRE TO ACCURATELY DISTRIBUTE MARKET-MOVING NEWS AND MULTIMEDIA, HOST ONLINE NEWSROOMS AND IR WEBSITES, BUILD CONTENT MARKETING PLATFORMS, GENERATE SOCIAL ENGAGEMENTS AND PROVIDE AUDIENCE ANALYSIS THAT IMPROVES INTERACTION WITH SPECIFIED TARGET MARKETS. FOUNDED IN 1961, BUSINESS WIRE IS A TRUSTED SOURCE FOR NEWS ORGANIZATIONS, JOURNALISTS, INVESTMENT PROFESSIONALS AND REGULATORY AUTHORITIES, DELIVERING NEWS DIRECTLY INTO EDITORIAL SYSTEMS AND LEADING ONLINE NEWS SOURCES VIA ITS MULTI-PATENTED SIMULTANEOUS NX NETWORK. BUSINESS WIRE HAS 32 OFFICES WORLDWIDE TO SECURELY MEET THE VARYING NEEDS OF COMMUNICATIONS PROFESSIONALS AND NEWS CONSUMERS. LEARN MORE AT BUSINESSWIRE.COM AND THE BUSINESSWIRED BLOG; FOLLOW UPDATES ON TWITTER: @BUSINESSWIRE OR ON FACEBOOK. CLICK HERE TO SUBSCRIBE TO MOBILE ALERTS FOR BUSINESS WIRE","WATCH THE LATEST EPISODE OF BIZWIRETV FROM BUSINESS WIRE. NEW YORK--(BUSINESS WIRE)--BUSINESS WIRE ANNOUNCES THE NEWEST EPISODE OF BIZWIRETV TODAY, A WEEKLY SERIES COVERING TRENDING NEWS STORIES PUBLISHED OVER THE NEWSWIRE’S DISTRIBUTION NETWORK. THE SHOW SPOTLIGHTS STORIES ON DISRUPTIVE STARTUPS AND TECHNOLOGIES, ENTREPRENEURS AND FUNDING ANNOUNCEMENTS, HOT BUSINESS TRENDS AND COMPANIES TO WATCH. THIS EPISODE OF BIZWIRETV FEATURES GUEST HOST MILANEE KAPADIA. WATCH FOR NEW EPISODES EACH FRIDAY AVAILABLE ON WWW.BUSINESSWIRE.COM THIS WEEK’S EPISODE FEATURES: AT THE NORTH AMERICAN INTERNATIONAL AUTO SHOW IN DETROIT: NEWS OF GOVERNMENT PLANS TO ACCELERATE THE DEVELOPMENT OF SELF-DRIVING CARS. TWEET THIS! FORD (NYSE:F) CONDUCTS INDUSTRY-FIRST SNOW TESTS OF AUTONOMOUS VEHICLES. TWEET THIS! NASA SELECTS ORBITAL ATK (NYSE:OA) FOR NEW 8-YEAR CONTRACT TO DELIVER CARGO TO THE INTERNATIONAL SPACE STATION. TWEET THIS! CES 2016 BREAKS RECORDS AFTER SETTING STAGE FOR GLOBAL INNOVATION. TWEET THIS! LENOVO (NQB:LNVGY) AND GOOGLE (NASDAQ:GOOG) PARTNER ON NEW PROJECT TANGO DEVICE. TWEET THIS! KODAK (NYSE:KODK) LAUNCHES SUPER 8 FILMMAKING REVIVAL INITIATIVE AT CES 2016. TWEET THIS! VIRTUAL REALITY SOFTWARE COMPANY ENVELOP VR CLOSES OUT SERIES A ROUND WITH ADDITIONAL FUNDING FROM GV. TWEET THIS! FIVE NEW PARTNERS INVEST $192 MILLION IN SKYSCANNER. TWEET THIS! AIG (NYSE:AIG) MAKES STRATEGIC INVESTMENT IN HUMAN CONDITION SAFETY, A WORKPLACE WEARABLES STARTUP. TWEET THIS! PORTABLE GLUTEN-TESTER, NIMA FROM 6SENSORLABS, WINS CES HARDWARE BATTLEFIELD 2016. TWEET THIS! A CORE COMPONENT OF THE VIDEO PROGRAMMING IS NEWS-RELATED DATA ANALYSIS POWERED BY BUSINESS WIRE’S NEWSTRAK REPORTS AND NUVI SOCIAL MEDIA TRACKING. THE WEEKLY SCHEDULE FOR BIZWIRETV EPISODES: BIZWIRETV: FRIDAY AT 6:00AMBIZWIRETV ACCELERATOR REPORT: SUNDAY AT 3:00PM CLICK HERE TO SHARE BIZWIRETV’S LATEST EPISODE ON TWITTER: HTTP://CTT.EC/1A58F ABOUT BUSINESS WIRE BUSINESS WIRE, A BERKSHIRE HATHAWAY COMPANY, IS THE GLOBAL LEADER IN PRESS RELEASE DISTRIBUTION AND REGULATORY DISCLOSURE. INVESTOR RELATIONS, PUBLIC RELATIONS, PUBLIC POLICY AND MARKETING PROFESSIONALS RELY ON BUSINESS WIRE TO ACCURATELY DISTRIBUTE MARKET-MOVING NEWS AND MULTIMEDIA, HOST ONLINE NEWSROOMS AND IR WEBSITES, BUILD CONTENT MARKETING PLATFORMS, GENERATE SOCIAL ENGAGEMENTS AND PROVIDE AUDIENCE ANALYSIS THAT IMPROVES INTERACTION WITH SPECIFIED TARGET MARKETS. FOUNDED IN 1961, BUSINESS WIRE IS A TRUSTED SOURCE FOR NEWS ORGANIZATIONS, JOURNALISTS, INVESTMENT PROFESSIONALS AND REGULATORY AUTHORITIES, DELIVERING NEWS DIRECTLY INTO EDITORIAL SYSTEMS AND LEADING ONLINE NEWS SOURCES VIA ITS MULTI-PATENTED SIMULTANEOUS NX NETWORK. BUSINESS WIRE HAS 32 OFFICES WORLDWIDE TO SECURELY MEET THE VARYING NEEDS OF COMMUNICATIONS PROFESSIONALS AND NEWS CONSUMERS. LEARN MORE AT BUSINESSWIRE.COM AND THE BUSINESSWIRED BLOG; FOLLOW UPDATES ON TWITTER: @BUSINESSWIRE OR ON FACEBOOK. CLICK HERE TO SUBSCRIBE TO MOBILE ALERTS FOR BUSINESS WIRE","['watch the latest episode of bizwiretv from business wire', 'new york--business wire--business wire announces the newest episode of bizwiretv today, a weekly series covering trending news stories published over the newswires distribution network', 'the show spotlights stories on disruptive startups and technologies, entrepreneurs and funding announcements, hot business trends and companies to watch', 'this episode of bizwiretv features guest host milanee kapadia', 'watch for new episodes each friday available on this weeks episode features at the north american international auto show in detroit news of government plans to accelerate the development of self-driving cars', 'tweet this', 'ford nysef conducts industry-first snow tests of autonomous vehicles', 'tweet this', 'nasa selects orbital atk nyseoa for new 8-year contract to deliver cargo to the international space station', 'tweet this', 'ces 2016 breaks records after setting stage for global innovation', 'tweet this', 'lenovo nqblnvgy and google nasdaqgoog partner on new project tango device', 'tweet this', 'kodak nysekodk launches super 8 filmmaking revival initiative at ces 2016', 'tweet this', 'virtual reality software company envelop vr closes out series a round with additional funding from gv', 'tweet this', 'five new partners invest $192 million in skyscanner', 'tweet this', 'aig nyseaig makes strategic investment in human condition safety, a workplace wearables startup', 'tweet this', 'portable gluten-tester, nima from 6sensorlabs, wins ces hardware battlefield 2016', 'tweet this', 'a core component of the video programming is news-related data analysis powered by business wires newstrak reports and nuvi social media tracking', 'the weekly schedule for bizwiretv episodes bizwiretv friday at 600ambizwiretv accelerator report sunday at 300pm click here to share bizwiretvs latest episode on twitter about business wire business wire, a berkshire hathaway company, is the global leader in press release distribution and regulatory disclosure', 'investor relations, public relations, public policy and marketing professionals rely on business wire to accurately distribute market-moving news and multimedia, host online newsrooms and ir websites, build content marketing platforms, generate social engagements and provide audience analysis that improves interaction with specified target markets', 'founded in 1961, business wire is a trusted source for news organizations, journalists, investment professionals and regulatory authorities, delivering news directly into editorial systems and leading online news sources via its multi-patented simultaneous nx network', 'business wire has 32 offices worldwide to securely meet the varying needs of communications professionals and news consumers', 'learn more at businesswire.com and the businesswired blog follow updates on twitter businesswire or on facebook', 'click here to subscribe to mobile alerts for business wire']",weakly_positive,0.0966806451612903,weakly_positive,weakly_positive
30-11-2015,"WATCH THE LATEST EPISODE OF BIZWIRETV ACCELERATOR REPORT FROM 
      BUSINESS WIRE","NEW YORK--(BUSINESS WIRE)--BUSINESS WIRE ANNOUNCES THE NEWEST EPISODE OF BIZWIRETV ACCELERATOR REPORT, PART OF THEIR BIZWIRETV NEWS-SHOW SERIES. NOW AVAILABLE ON WWW.BUSINESSWIRE.COM, THE SHOW SERVES AS A PREVIEW OF UPCOMING IPOS, SCHEDULED EARNINGS ANNOUNCEMENTS, RECENT FUNDING ANNOUNCEMENTS AND TRENDS TO WATCH IN THE UPCOMING WEEK. THIS WEEK’S EPISODE FEATURES: FREEBIRD LAUNCHES MOBILE REBOOKING TOOL TO EMPOWER TRAVELERS DURING FLIGHT DISRUPTIONS. TWEET THIS! CATALYST INVESTORS LEADS $25 MILLION SERIES C INVESTMENT IN PRESENCELEARNING. TWEET THIS! LE TOTE RAISES $15 MILLION IN SERIES B FUNDING. TWEET THIS! KUDDLY CLOSES $1.5 MILLION SEED ROUND FUNDING FROM EXPONENTIAL PARTNERS. TWEET THIS!UNRULY UNVEILS MOST SHARED ADS OF 2015 WITH GOOGLE (NASDAQ: GOOG) ANDROID’S “FRIENDS FUREVER” TOPPING THE LIST. TWEET THIS! PLUS, A PREVIEW OF SOME UPCOMING MARKET MOVING EVENTS SUCH AS THE ISM MANUFACTURING INDEX, CONSTRUCTION SPENDING, ADP EMPLOYMENT REPORT, JOBLESS CLAIMS, EMPLOYMENT NUMBERS AND INTERNATIONAL TRADE. ALSO IMPORTANT TO NOTE, ON WEDNESDAY DEC. 2ND FED CHAIRMAN JANET YELLEN IS SCHEDULED TO SPEAK. BIZWIRETV AND BIZWIRETV ACCELERATOR REPORT ARE HOSTED BY ERIN ADE. TUNE IN TO WATCH ERIN'S REPORTS FOR BIZWIRETV EACH SUNDAY AND FRIDAY ON WWW.BUSINESSWIRE.COM. THE WEEKLY SCHEDULE FOR BIZWIRETV EPISODES: BIZWIRETV: FRIDAY AT 6:00 AM ETBIZWIRETV ACCELERATOR REPORT: SUNDAY AT 3:00 PM ET CLICK HERE TO SHARE THIS WEEK’S BIZWIRETV’S ACCELERATOR REPORT ON TWITTER: HTTP://CTT.EC/544UI ABOUT BUSINESS WIRE BUSINESS WIRE, A BERKSHIRE HATHAWAY COMPANY, IS THE GLOBAL LEADER IN PRESS RELEASE DISTRIBUTION AND REGULATORY DISCLOSURE. INVESTOR RELATIONS, PUBLIC RELATIONS, PUBLIC POLICY AND MARKETING PROFESSIONALS RELY ON BUSINESS WIRE TO ACCURATELY DISTRIBUTE MARKET-MOVING NEWS AND MULTIMEDIA, HOST ONLINE NEWSROOMS AND IR WEBSITES, BUILD CONTENT MARKETING PLATFORMS, GENERATE SOCIAL ENGAGEMENTS AND PROVIDE AUDIENCE ANALYSIS THAT IMPROVES INTERACTION WITH SPECIFIED TARGET MARKETS. FOUNDED IN 1961, BUSINESS WIRE IS A TRUSTED SOURCE FOR NEWS ORGANIZATIONS, JOURNALISTS, INVESTMENT PROFESSIONALS AND REGULATORY AUTHORITIES, DELIVERING NEWS DIRECTLY INTO EDITORIAL SYSTEMS AND LEADING ONLINE NEWS SOURCES VIA ITS MULTI-PATENTED SIMULTANEOUS NX NETWORK. BUSINESS WIRE HAS 32 OFFICES WORLDWIDE TO SECURELY MEET THE VARYING NEEDS OF COMMUNICATIONS PROFESSIONALS AND NEWS CONSUMERS. LEARN MORE AT BUSINESSWIRE.COM AND THE BUSINESSWIRED BLOG; FOLLOW UPDATES ON TWITTER: @BUSINESSWIRE OR ON FACEBOOK. CLICK HERE TO SUBSCRIBE TO MOBILE ALERTS FOR BUSINESS WIRE","WATCH THE LATEST EPISODE OF BIZWIRETV ACCELERATOR REPORT FROM 
      BUSINESS WIRE. NEW YORK--(BUSINESS WIRE)--BUSINESS WIRE ANNOUNCES THE NEWEST EPISODE OF BIZWIRETV ACCELERATOR REPORT, PART OF THEIR BIZWIRETV NEWS-SHOW SERIES. NOW AVAILABLE ON WWW.BUSINESSWIRE.COM, THE SHOW SERVES AS A PREVIEW OF UPCOMING IPOS, SCHEDULED EARNINGS ANNOUNCEMENTS, RECENT FUNDING ANNOUNCEMENTS AND TRENDS TO WATCH IN THE UPCOMING WEEK. THIS WEEK’S EPISODE FEATURES: FREEBIRD LAUNCHES MOBILE REBOOKING TOOL TO EMPOWER TRAVELERS DURING FLIGHT DISRUPTIONS. TWEET THIS! CATALYST INVESTORS LEADS $25 MILLION SERIES C INVESTMENT IN PRESENCELEARNING. TWEET THIS! LE TOTE RAISES $15 MILLION IN SERIES B FUNDING. TWEET THIS! KUDDLY CLOSES $1.5 MILLION SEED ROUND FUNDING FROM EXPONENTIAL PARTNERS. TWEET THIS!UNRULY UNVEILS MOST SHARED ADS OF 2015 WITH GOOGLE (NASDAQ: GOOG) ANDROID’S “FRIENDS FUREVER” TOPPING THE LIST. TWEET THIS! PLUS, A PREVIEW OF SOME UPCOMING MARKET MOVING EVENTS SUCH AS THE ISM MANUFACTURING INDEX, CONSTRUCTION SPENDING, ADP EMPLOYMENT REPORT, JOBLESS CLAIMS, EMPLOYMENT NUMBERS AND INTERNATIONAL TRADE. ALSO IMPORTANT TO NOTE, ON WEDNESDAY DEC. 2ND FED CHAIRMAN JANET YELLEN IS SCHEDULED TO SPEAK. BIZWIRETV AND BIZWIRETV ACCELERATOR REPORT ARE HOSTED BY ERIN ADE. TUNE IN TO WATCH ERIN'S REPORTS FOR BIZWIRETV EACH SUNDAY AND FRIDAY ON WWW.BUSINESSWIRE.COM. THE WEEKLY SCHEDULE FOR BIZWIRETV EPISODES: BIZWIRETV: FRIDAY AT 6:00 AM ETBIZWIRETV ACCELERATOR REPORT: SUNDAY AT 3:00 PM ET CLICK HERE TO SHARE THIS WEEK’S BIZWIRETV’S ACCELERATOR REPORT ON TWITTER: HTTP://CTT.EC/544UI ABOUT BUSINESS WIRE BUSINESS WIRE, A BERKSHIRE HATHAWAY COMPANY, IS THE GLOBAL LEADER IN PRESS RELEASE DISTRIBUTION AND REGULATORY DISCLOSURE. INVESTOR RELATIONS, PUBLIC RELATIONS, PUBLIC POLICY AND MARKETING PROFESSIONALS RELY ON BUSINESS WIRE TO ACCURATELY DISTRIBUTE MARKET-MOVING NEWS AND MULTIMEDIA, HOST ONLINE NEWSROOMS AND IR WEBSITES, BUILD CONTENT MARKETING PLATFORMS, GENERATE SOCIAL ENGAGEMENTS AND PROVIDE AUDIENCE ANALYSIS THAT IMPROVES INTERACTION WITH SPECIFIED TARGET MARKETS. FOUNDED IN 1961, BUSINESS WIRE IS A TRUSTED SOURCE FOR NEWS ORGANIZATIONS, JOURNALISTS, INVESTMENT PROFESSIONALS AND REGULATORY AUTHORITIES, DELIVERING NEWS DIRECTLY INTO EDITORIAL SYSTEMS AND LEADING ONLINE NEWS SOURCES VIA ITS MULTI-PATENTED SIMULTANEOUS NX NETWORK. BUSINESS WIRE HAS 32 OFFICES WORLDWIDE TO SECURELY MEET THE VARYING NEEDS OF COMMUNICATIONS PROFESSIONALS AND NEWS CONSUMERS. LEARN MORE AT BUSINESSWIRE.COM AND THE BUSINESSWIRED BLOG; FOLLOW UPDATES ON TWITTER: @BUSINESSWIRE OR ON FACEBOOK. CLICK HERE TO SUBSCRIBE TO MOBILE ALERTS FOR BUSINESS WIRE","['watch the latest episode of bizwiretv accelerator report from business wire', 'new york--business wire--business wire announces the newest episode of bizwiretv accelerator report, part of their bizwiretv news-show series', 'now available on the show serves as a preview of upcoming ipos, scheduled earnings announcements, recent funding announcements and trends to watch in the upcoming week', 'this weeks episode features freebird launches mobile rebooking tool to empower travelers during flight disruptions', 'tweet this', 'catalyst investors leads $25 million series c investment in presencelearning', 'tweet this', 'le tote raises $15 million in series b funding', 'tweet this', 'kuddly closes $1.5 million seed round funding from exponential partners', 'tweet this!unruly unveils most shared ads of 2015 with google nasdaq goog androids friends furever topping the list', 'tweet this', 'plus, a preview of some upcoming market moving events such as the ism manufacturing index, construction spending, adp employment report, jobless claims, employment numbers and international trade', 'also important to note, on wednesday dec', '2nd fed chairman janet yellen is scheduled to speak', 'bizwiretv and bizwiretv accelerator report are hosted by erin ade', ""tune in to watch erin's reports for bizwiretv each sunday and friday on the weekly schedule for bizwiretv episodes bizwiretv friday at 600 am etbizwiretv accelerator report sunday at 300 pm et click here to share this weeks bizwiretvs accelerator report on twitter about business wire business wire, a berkshire hathaway company, is the global leader in press release distribution and regulatory disclosure"", 'investor relations, public relations, public policy and marketing professionals rely on business wire to accurately distribute market-moving news and multimedia, host online newsrooms and ir websites, build content marketing platforms, generate social engagements and provide audience analysis that improves interaction with specified target markets', 'founded in 1961, business wire is a trusted source for news organizations, journalists, investment professionals and regulatory authorities, delivering news directly into editorial systems and leading online news sources via its multi-patented simultaneous nx network', 'business wire has 32 offices worldwide to securely meet the varying needs of communications professionals and news consumers', 'learn more at businesswire.com and the businesswired blog follow updates on twitter businesswire or on facebook', 'click here to subscribe to mobile alerts for business wire']",weakly_positive,0.1012454545454545,weakly_positive,weakly_positive
06-07-2015,"GOOGLE ANNOUNCES DATE OF SECOND QUARTER 2015 FINANCIAL RESULTS 
      CONFERENCE CALL","MOUNTAIN VIEW, CALIF.--(BUSINESS WIRE)--GOOGLE INC. (NASDAQ: GOOG)(NASDAQ: GOOGL) WILL HOLD ITS QUARTERLY CONFERENCE CALL TO DISCUSS SECOND QUARTER 2015 FINANCIAL RESULTS ON THURSDAY, JULY 16TH AT 1:30 P.M. PACIFIC TIME (4:30 P.M. EASTERN TIME). THE LIVE WEBCAST OF GOOGLE’S EARNINGS CONFERENCE CALL CAN BE ACCESSED AT INVESTOR.GOOGLE.COM/WEBCAST.HTML. A REPLAY OF THE WEBCAST WILL BE AVAILABLE THROUGH THE SAME LINK FOLLOWING THE CONFERENCE CALL. PLEASE VISIT GOOGLE’S INVESTOR RELATIONS WEBSITE AT INVESTOR.GOOGLE.COM ON JULY 16, 2015 TO VIEW THE EARNINGS RELEASE PRIOR TO THE CONFERENCE CALL. ABOUT GOOGLE INC. GOOGLE IS A GLOBAL TECHNOLOGY LEADER FOCUSED ON IMPROVING THE WAYS PEOPLE CONNECT WITH INFORMATION. GOOGLE’S INNOVATIONS IN WEB SEARCH AND ADVERTISING HAVE MADE ITS WEBSITE A TOP INTERNET PROPERTY AND ITS BRAND ONE OF THE MOST RECOGNIZED IN THE WORLD.","GOOGLE ANNOUNCES DATE OF SECOND QUARTER 2015 FINANCIAL RESULTS 
      CONFERENCE CALL. MOUNTAIN VIEW, CALIF.--(BUSINESS WIRE)--GOOGLE INC. (NASDAQ: GOOG)(NASDAQ: GOOGL) WILL HOLD ITS QUARTERLY CONFERENCE CALL TO DISCUSS SECOND QUARTER 2015 FINANCIAL RESULTS ON THURSDAY, JULY 16TH AT 1:30 P.M. PACIFIC TIME (4:30 P.M. EASTERN TIME). THE LIVE WEBCAST OF GOOGLE’S EARNINGS CONFERENCE CALL CAN BE ACCESSED AT INVESTOR.GOOGLE.COM/WEBCAST.HTML. A REPLAY OF THE WEBCAST WILL BE AVAILABLE THROUGH THE SAME LINK FOLLOWING THE CONFERENCE CALL. PLEASE VISIT GOOGLE’S INVESTOR RELATIONS WEBSITE AT INVESTOR.GOOGLE.COM ON JULY 16, 2015 TO VIEW THE EARNINGS RELEASE PRIOR TO THE CONFERENCE CALL. ABOUT GOOGLE INC. GOOGLE IS A GLOBAL TECHNOLOGY LEADER FOCUSED ON IMPROVING THE WAYS PEOPLE CONNECT WITH INFORMATION. GOOGLE’S INNOVATIONS IN WEB SEARCH AND ADVERTISING HAVE MADE ITS WEBSITE A TOP INTERNET PROPERTY AND ITS BRAND ONE OF THE MOST RECOGNIZED IN THE WORLD.","['google announces date of second quarter 2015 financial results conference call', 'mountain view, calif.--business wire--google inc', 'nasdaq goognasdaq googl will hold its quarterly conference call to discuss second quarter 2015 financial results on thursday, july 16th at 130 p.m', 'pacific time 430 p.m', 'eastern time', 'the live webcast of googles earnings conference call can be accessed at investor.google.comwebcast.html', 'a replay of the webcast will be available through the same link following the conference call', 'please visit googles investor relations website at investor.google.com on july 16, 2015 to view the earnings release prior to the conference call', 'about google inc', 'google is a global technology leader focused on improving the ways people connect with information', 'googles innovations in web search and advertising have made its website a top internet property and its brand one of the most recognized in the world.']",weakly_positive,0.107290909090909,weakly_positive,weakly_positive
23-04-2015,"GOOGLE ANNOUNCES INTERNET AVAILABILITY OF PROXY MATERIALS FOR ITS 
      2015 ANNUAL MEETING OF STOCKHOLDERS","MOUNTAIN VIEW, CALIF.--(BUSINESS WIRE)--GOOGLE INC. (NASDAQ:GOOGL) (NASDAQ:GOOG) TODAY ANNOUNCED THE INTERNET AVAILABILITY OF PROXY MATERIALS FOR ITS 2015 ANNUAL MEETING OF STOCKHOLDERS PURSUANT TO THE U.S. SECURITIES AND EXCHANGE COMMISSION’S NOTICE AND ACCESS RULES. PURSUANT TO THE U.S. SECURITIES AND EXCHANGE COMMISSION’S NOTICE AND ACCESS RULES, COMPANIES MAY SATISFY THEIR OBLIGATION TO DELIVER PROXY MATERIALS BY DELIVERING A “NOTICE OF INTERNET AVAILABILITY OF PROXY MATERIALS” TO STOCKHOLDERS, PROVIDING INTERNET ACCESS TO THE PROXY MATERIALS, AND PROVIDING A PRINTED SET OF PROXY MATERIALS BY MAIL TO ANY STOCKHOLDER WHO REQUESTS THEM. GOOGLE HAS ELECTED TO TAKE FULL ADVANTAGE OF THESE RULES IN ORDER TO MINIMIZE IMPACT ON THE ENVIRONMENT AND TO MAXIMIZE COST SAVINGS RELATING TO THE PRINTING OF THE PROXY MATERIALS. GOOGLE’S ANNUAL REPORT ON FORM 10-K FOR THE YEAR ENDED DECEMBER 31, 2014 AND PROXY STATEMENT FOR ITS 2015 ANNUAL MEETING OF STOCKHOLDERS HAVE BEEN FILED WITH THE U.S. SECURITIES AND EXCHANGE COMMISSION, AND MAY BE VIEWED ON GOOGLE’S INVESTOR RELATIONS WEBSITE AT HTTP://INVESTOR.GOOGLE.COM/PROXY.HTML. GOOGLE’S STOCKHOLDERS MAY OBTAIN HARD COPIES OF THESE PROXY MATERIALS AT NO CHARGE BY FOLLOWING THE INSTRUCTIONS PROVIDED ON ITS WEBSITE OR IN THE “NOTICE OF INTERNET AVAILABILITY OF PROXY MATERIALS.” GOOGLE’S 2015 ANNUAL MEETING OF STOCKHOLDERS WILL BE HELD ON WEDNESDAY, JUNE 3, 2015 AT 9:00 A.M., LOCAL TIME, AT GOOGLE’S CORPORATE HEADQUARTERS AT 1600 AMPHITHEATRE PARKWAY, MOUNTAIN VIEW, CALIFORNIA 94043. FOR YOUR CONVENIENCE, WE ARE PLEASED TO OFFER A LIVE WEBCAST OF THE ANNUAL MEETING AT HTTP://INVESTOR.GOOGLE.COM/WEBCAST.HTML. ABOUT GOOGLE INC. GOOGLE IS A GLOBAL TECHNOLOGY LEADER FOCUSED ON IMPROVING THE WAYS PEOPLE CONNECT WITH INFORMATION. GOOGLE’S INNOVATIONS IN WEB SEARCH AND ADVERTISING HAVE MADE ITS WEBSITE A TOP INTERNET PROPERTY AND ITS BRAND ONE OF THE MOST RECOGNIZED IN THE WORLD.","GOOGLE ANNOUNCES INTERNET AVAILABILITY OF PROXY MATERIALS FOR ITS 
      2015 ANNUAL MEETING OF STOCKHOLDERS. MOUNTAIN VIEW, CALIF.--(BUSINESS WIRE)--GOOGLE INC. (NASDAQ:GOOGL) (NASDAQ:GOOG) TODAY ANNOUNCED THE INTERNET AVAILABILITY OF PROXY MATERIALS FOR ITS 2015 ANNUAL MEETING OF STOCKHOLDERS PURSUANT TO THE U.S. SECURITIES AND EXCHANGE COMMISSION’S NOTICE AND ACCESS RULES. PURSUANT TO THE U.S. SECURITIES AND EXCHANGE COMMISSION’S NOTICE AND ACCESS RULES, COMPANIES MAY SATISFY THEIR OBLIGATION TO DELIVER PROXY MATERIALS BY DELIVERING A “NOTICE OF INTERNET AVAILABILITY OF PROXY MATERIALS” TO STOCKHOLDERS, PROVIDING INTERNET ACCESS TO THE PROXY MATERIALS, AND PROVIDING A PRINTED SET OF PROXY MATERIALS BY MAIL TO ANY STOCKHOLDER WHO REQUESTS THEM. GOOGLE HAS ELECTED TO TAKE FULL ADVANTAGE OF THESE RULES IN ORDER TO MINIMIZE IMPACT ON THE ENVIRONMENT AND TO MAXIMIZE COST SAVINGS RELATING TO THE PRINTING OF THE PROXY MATERIALS. GOOGLE’S ANNUAL REPORT ON FORM 10-K FOR THE YEAR ENDED DECEMBER 31, 2014 AND PROXY STATEMENT FOR ITS 2015 ANNUAL MEETING OF STOCKHOLDERS HAVE BEEN FILED WITH THE U.S. SECURITIES AND EXCHANGE COMMISSION, AND MAY BE VIEWED ON GOOGLE’S INVESTOR RELATIONS WEBSITE AT HTTP://INVESTOR.GOOGLE.COM/PROXY.HTML. GOOGLE’S STOCKHOLDERS MAY OBTAIN HARD COPIES OF THESE PROXY MATERIALS AT NO CHARGE BY FOLLOWING THE INSTRUCTIONS PROVIDED ON ITS WEBSITE OR IN THE “NOTICE OF INTERNET AVAILABILITY OF PROXY MATERIALS.” GOOGLE’S 2015 ANNUAL MEETING OF STOCKHOLDERS WILL BE HELD ON WEDNESDAY, JUNE 3, 2015 AT 9:00 A.M., LOCAL TIME, AT GOOGLE’S CORPORATE HEADQUARTERS AT 1600 AMPHITHEATRE PARKWAY, MOUNTAIN VIEW, CALIFORNIA 94043. FOR YOUR CONVENIENCE, WE ARE PLEASED TO OFFER A LIVE WEBCAST OF THE ANNUAL MEETING AT HTTP://INVESTOR.GOOGLE.COM/WEBCAST.HTML. ABOUT GOOGLE INC. GOOGLE IS A GLOBAL TECHNOLOGY LEADER FOCUSED ON IMPROVING THE WAYS PEOPLE CONNECT WITH INFORMATION. GOOGLE’S INNOVATIONS IN WEB SEARCH AND ADVERTISING HAVE MADE ITS WEBSITE A TOP INTERNET PROPERTY AND ITS BRAND ONE OF THE MOST RECOGNIZED IN THE WORLD.","['google announces internet availability of proxy materials for its 2015 annual meeting of stockholders', 'mountain view, calif.--business wire--google inc', 'nasdaqgoogl nasdaqgoog today announced the internet availability of proxy materials for its 2015 annual meeting of stockholders pursuant to the u.s', 'securities and exchange commissions notice and access rules', 'pursuant to the u.s', 'securities and exchange commissions notice and access rules, companies may satisfy their obligation to deliver proxy materials by delivering a notice of internet availability of proxy materials to stockholders, providing internet access to the proxy materials, and providing a printed set of proxy materials by mail to any stockholder who requests them', 'google has elected to take full advantage of these rules in order to minimize impact on the environment and to maximize cost savings relating to the printing of the proxy materials', 'googles annual report on form 10-k for the year ended december 31, 2014 and proxy statement for its 2015 annual meeting of stockholders have been filed with the u.s', 'securities and exchange commission, and may be viewed on googles investor relations website at googles stockholders may obtain hard copies of these proxy materials at no charge by following the instructions provided on its website or in the notice of internet availability of proxy materials', 'googles 2015 annual meeting of stockholders will be held on wednesday, june 3, 2015 at 900 a.m., local time, at googles corporate headquarters at 1600 amphitheatre parkway, mountain view, california 94043', 'for your convenience, we are pleased to offer a live webcast of the annual meeting at about google inc', 'google is a global technology leader focused on improving the ways people connect with information', 'googles innovations in web search and advertising have made its website a top internet property and its brand one of the most recognized in the world.']",weakly_positive,0.1832769230769231,weakly_positive,weakly_positive
19-02-2015,"GOOGLE TO PRESENT AT THE MORGAN STANLEY TECHNOLOGY, MEDIA, AND 
      TELECOM CONFERENCE","MOUNTAIN VIEW, CALIF.--(BUSINESS WIRE)--GOOGLE INC. (NASDAQ:GOOG) ANNOUNCED TODAY THAT NEAL MOHAN, VICE PRESIDENT OF DISPLAY AND VIDEO ADVERTISING PRODUCTS, WILL PARTICIPATE IN A QUESTION-AND-ANSWER SESSION AT THE MORGAN STANLEY TECHNOLOGY, MEDIA, AND TELECOM CONFERENCE IN SAN FRANCISCO. THE SESSION IS SCHEDULED FOR 3:25 P.M. PACIFIC TIME / 6:25 P.M. EASTERN TIME ON TUESDAY, MARCH 3, 2015. TO ACCESS THE LIVE AUDIO WEBCAST OF THE SESSION, PLEASE VISIT HTTP://INVESTOR.GOOGLE.COM/WEBCAST.HTML. ABOUT GOOGLE INC. GOOGLE IS A GLOBAL TECHNOLOGY LEADER FOCUSED ON IMPROVING THE WAYS PEOPLE CONNECT WITH INFORMATION. GOOGLE’S INNOVATIONS IN WEB SEARCH AND ADVERTISING HAVE MADE ITS WEBSITE A TOP INTERNET PROPERTY AND ITS BRAND ONE OF THE MOST RECOGNIZED IN THE WORLD. GOOGLE IS A TRADEMARK OF GOOGLE INC. ALL OTHER COMPANY AND PRODUCT NAMES MAY BE TRADEMARKS OF THE RESPECTIVE COMPANIES WITH WHICH THEY ARE ASSOCIATED.","GOOGLE TO PRESENT AT THE MORGAN STANLEY TECHNOLOGY, MEDIA, AND 
      TELECOM CONFERENCE. MOUNTAIN VIEW, CALIF.--(BUSINESS WIRE)--GOOGLE INC. (NASDAQ:GOOG) ANNOUNCED TODAY THAT NEAL MOHAN, VICE PRESIDENT OF DISPLAY AND VIDEO ADVERTISING PRODUCTS, WILL PARTICIPATE IN A QUESTION-AND-ANSWER SESSION AT THE MORGAN STANLEY TECHNOLOGY, MEDIA, AND TELECOM CONFERENCE IN SAN FRANCISCO. THE SESSION IS SCHEDULED FOR 3:25 P.M. PACIFIC TIME / 6:25 P.M. EASTERN TIME ON TUESDAY, MARCH 3, 2015. TO ACCESS THE LIVE AUDIO WEBCAST OF THE SESSION, PLEASE VISIT HTTP://INVESTOR.GOOGLE.COM/WEBCAST.HTML. ABOUT GOOGLE INC. GOOGLE IS A GLOBAL TECHNOLOGY LEADER FOCUSED ON IMPROVING THE WAYS PEOPLE CONNECT WITH INFORMATION. GOOGLE’S INNOVATIONS IN WEB SEARCH AND ADVERTISING HAVE MADE ITS WEBSITE A TOP INTERNET PROPERTY AND ITS BRAND ONE OF THE MOST RECOGNIZED IN THE WORLD. GOOGLE IS A TRADEMARK OF GOOGLE INC. ALL OTHER COMPANY AND PRODUCT NAMES MAY BE TRADEMARKS OF THE RESPECTIVE COMPANIES WITH WHICH THEY ARE ASSOCIATED.","['google to present at the morgan stanley technology, media, and telecom conference', 'mountain view, calif.--business wire--google inc', 'nasdaqgoog announced today that neal mohan, vice president of display and video advertising products, will participate in a question-and-answer session at the morgan stanley technology, media, and telecom conference in san francisco', 'the session is scheduled for 325 p.m', 'pacific time 625 p.m', 'eastern time on tuesday, march 3, 2015', 'to access the live audio webcast of the session, please visit about google inc', 'google is a global technology leader focused on improving the ways people connect with information', 'googles innovations in web search and advertising have made its website a top internet property and its brand one of the most recognized in the world', 'google is a trademark of google inc', 'all other company and product names may be trademarks of the respective companies with which they are associated.']",weakly_positive,0.1456090909090909,weakly_positive,weakly_positive
16-12-2014,GOOGLE AND VERIZON ENTER INTO GLOBAL PATENT LICENSE AGREEMENT,"NEW YORK & MOUNTAIN VIEW, CALIF.--(BUSINESS WIRE)--VERIZON COMMUNICATIONS INC. AND GOOGLE INC. HAVE ENTERED INTO A LONG-TERM PATENT CROSS-LICENSE AGREEMENT COVERING A BROAD RANGE OF PRODUCTS AND TECHNOLOGIES. THE AGREEMENT ALLOWS EACH COMPANY TO REDUCE THE RISK OF FUTURE PATENT LITIGATION. “VERIZON HAS LONG CHAMPIONED PATENT REFORMS AND INDUSTRY ACTIONS THAT PROMOTE INNOVATION,” SAID VERIZON GENERAL COUNSEL RANDAL MILCH. “WE LOOK FORWARD TO STRIKING SIMILAR DEALS WITH OTHER HIGH-TECH COMPANIES ALSO CONCERNED WITH THE INNOVATION TAX THAT PATENT TROLLS OFTEN COLLECT."" “THIS CROSS LICENSE ALLOWS BOTH COMPANIES TO FOCUS ON DELIVERING GREAT PRODUCTS AND SERVICES TO CONSUMERS AROUND THE WORLD,” SAID KIRK DAILEY, HEAD OF PATENT TRANSACTIONS AT GOOGLE. “WE'RE PLEASED TO ENTER INTO THIS AGREEMENT WITH AN INDUSTRY LEADER LIKE VERIZON, AND WE WELCOME DISCUSSIONS WITH ANY COMPANY INTERESTED IN A SIMILAR ARRANGEMENT."" ABOUT GOOGLE GOOGLE IS A GLOBAL TECHNOLOGY LEADER FOCUSED ON IMPROVING THE WAYS PEOPLE CONNECT WITH INFORMATION. GOOGLE’S INNOVATIONS IN WEB SEARCH AND ADVERTISING HAVE MADE ITS WEBSITE A TOP INTERNET PROPERTY AND ITS BRAND ONE OF THE MOST RECOGNIZED IN THE WORLD. GOOGLE’S PATENT PORTFOLIO OF MORE THAN 50,000 PATENT ASSETS IS RANKED AS ONE OF THE TOP PATENT PORTFOLIOS IN THE HIGH-TECH INDUSTRY. ABOUT VERIZON VERIZON COMMUNICATIONS INC. (NYSE, NASDAQ: VZ), HEADQUARTERED IN NEW YORK, IS A GLOBAL LEADER IN DELIVERING BROADBAND AND OTHER WIRELESS AND WIRELINE COMMUNICATIONS SERVICES TO CONSUMER, BUSINESS, GOVERNMENT AND WHOLESALE CUSTOMERS. VERIZON WIRELESS OPERATES AMERICA’S MOST RELIABLE WIRELESS NETWORK, WITH NEARLY 99 MILLION RETAIL CONNECTIONS NATIONWIDE. VERIZON ALSO PROVIDES CONVERGED COMMUNICATIONS, INFORMATION AND ENTERTAINMENT SERVICES OVER AMERICA’S MOST ADVANCED FIBER-OPTIC NETWORK, AND DELIVERS INTEGRATED BUSINESS SOLUTIONS TO CUSTOMERS IN MORE THAN 150 COUNTRIES, INCLUDING ALL OF THE FORTUNE 500. A DOW 30 COMPANY WITH NEARLY $116 BILLION IN 2012 REVENUES, VERIZON EMPLOYS A DIVERSE WORKFORCE OF 181,900. FOR MORE INFORMATION, VISIT WWW.VERIZON.COM.","GOOGLE AND VERIZON ENTER INTO GLOBAL PATENT LICENSE AGREEMENT. NEW YORK & MOUNTAIN VIEW, CALIF.--(BUSINESS WIRE)--VERIZON COMMUNICATIONS INC. AND GOOGLE INC. HAVE ENTERED INTO A LONG-TERM PATENT CROSS-LICENSE AGREEMENT COVERING A BROAD RANGE OF PRODUCTS AND TECHNOLOGIES. THE AGREEMENT ALLOWS EACH COMPANY TO REDUCE THE RISK OF FUTURE PATENT LITIGATION. “VERIZON HAS LONG CHAMPIONED PATENT REFORMS AND INDUSTRY ACTIONS THAT PROMOTE INNOVATION,” SAID VERIZON GENERAL COUNSEL RANDAL MILCH. “WE LOOK FORWARD TO STRIKING SIMILAR DEALS WITH OTHER HIGH-TECH COMPANIES ALSO CONCERNED WITH THE INNOVATION TAX THAT PATENT TROLLS OFTEN COLLECT."" “THIS CROSS LICENSE ALLOWS BOTH COMPANIES TO FOCUS ON DELIVERING GREAT PRODUCTS AND SERVICES TO CONSUMERS AROUND THE WORLD,” SAID KIRK DAILEY, HEAD OF PATENT TRANSACTIONS AT GOOGLE. “WE'RE PLEASED TO ENTER INTO THIS AGREEMENT WITH AN INDUSTRY LEADER LIKE VERIZON, AND WE WELCOME DISCUSSIONS WITH ANY COMPANY INTERESTED IN A SIMILAR ARRANGEMENT."" ABOUT GOOGLE GOOGLE IS A GLOBAL TECHNOLOGY LEADER FOCUSED ON IMPROVING THE WAYS PEOPLE CONNECT WITH INFORMATION. GOOGLE’S INNOVATIONS IN WEB SEARCH AND ADVERTISING HAVE MADE ITS WEBSITE A TOP INTERNET PROPERTY AND ITS BRAND ONE OF THE MOST RECOGNIZED IN THE WORLD. GOOGLE’S PATENT PORTFOLIO OF MORE THAN 50,000 PATENT ASSETS IS RANKED AS ONE OF THE TOP PATENT PORTFOLIOS IN THE HIGH-TECH INDUSTRY. ABOUT VERIZON VERIZON COMMUNICATIONS INC. (NYSE, NASDAQ: VZ), HEADQUARTERED IN NEW YORK, IS A GLOBAL LEADER IN DELIVERING BROADBAND AND OTHER WIRELESS AND WIRELINE COMMUNICATIONS SERVICES TO CONSUMER, BUSINESS, GOVERNMENT AND WHOLESALE CUSTOMERS. VERIZON WIRELESS OPERATES AMERICA’S MOST RELIABLE WIRELESS NETWORK, WITH NEARLY 99 MILLION RETAIL CONNECTIONS NATIONWIDE. VERIZON ALSO PROVIDES CONVERGED COMMUNICATIONS, INFORMATION AND ENTERTAINMENT SERVICES OVER AMERICA’S MOST ADVANCED FIBER-OPTIC NETWORK, AND DELIVERS INTEGRATED BUSINESS SOLUTIONS TO CUSTOMERS IN MORE THAN 150 COUNTRIES, INCLUDING ALL OF THE FORTUNE 500. A DOW 30 COMPANY WITH NEARLY $116 BILLION IN 2012 REVENUES, VERIZON EMPLOYS A DIVERSE WORKFORCE OF 181,900. FOR MORE INFORMATION, VISIT WWW.VERIZON.COM.","['google and verizon enter into global patent license agreement', 'new york mountain view, calif.--business wire--verizon communications inc', 'and google inc', 'have entered into a long-term patent cross-license agreement covering a broad range of products and technologies', 'the agreement allows each company to reduce the risk of future patent litigation', 'verizon has long championed patent reforms and industry actions that promote innovation, said verizon general counsel randal milch', 'we look forward to striking similar deals with other high-tech companies also concerned with the innovation tax that patent trolls often collect', 'this cross license allows both companies to focus on delivering great products and services to consumers around the world, said kirk dailey, head of patent transactions at google', ""we're pleased to enter into this agreement with an industry leader like verizon, and we welcome discussions with any company interested in a similar arrangement"", 'about google google is a global technology leader focused on improving the ways people connect with information', 'googles innovations in web search and advertising have made its website a top internet property and its brand one of the most recognized in the world', 'googles patent portfolio of more than 50,000 patent assets is ranked as one of the top patent portfolios in the high-tech industry', 'about verizon verizon communications inc', 'nyse, nasdaq vz, headquartered in new york, is a global leader in delivering broadband and other wireless and wireline communications services to consumer, business, government and wholesale customers', 'verizon wireless operates americas most reliable wireless network, with nearly 99 million retail connections nationwide', 'verizon also provides converged communications, information and entertainment services over americas most advanced fiber-optic network, and delivers integrated business solutions to customers in more than 150 countries, including all of the fortune 500', 'a dow 30 company with nearly $116 billion in 2012 revenues, verizon employs a diverse workforce of 181,900', 'for more information, visit']",weakly_positive,0.3153222222222223,weakly_positive,weakly_positive
17-11-2014,GOOGLE TO PRESENT AT THE CREDIT SUISSE TECHNOLOGY CONFERENCE,"MOUNTAIN VIEW, CALIF.--(BUSINESS WIRE)--GOOGLE INC. (NASDAQ:GOOG) ANNOUNCED TODAY THAT NEAL MOHAN, VICE PRESIDENT OF DISPLAY AND VIDEO ADVERTISING PRODUCTS, WILL PARTICIPATE IN A QUESTION-AND-ANSWER SESSION AT THE CREDIT SUISSE TECHNOLOGY CONFERENCE IN PHOENIX. THE SESSION IS SCHEDULED FOR 9:15 A.M. MOUNTAIN TIME / 8:15 A.M. PACIFIC TIME / 11:15 A.M. EASTERN TIME ON TUESDAY, DECEMBER 2, 2014. TO ACCESS THE LIVE AUDIO WEBCAST OF THE SESSION, PLEASE VISIT HTTP://INVESTOR.GOOGLE.COM/WEBCAST.HTML. ABOUT GOOGLE INC. GOOGLE IS A GLOBAL TECHNOLOGY LEADER FOCUSED ON IMPROVING THE WAYS PEOPLE CONNECT WITH INFORMATION. GOOGLE’S INNOVATIONS IN WEB SEARCH AND ADVERTISING HAVE MADE ITS WEBSITE A TOP INTERNET PROPERTY AND ITS BRAND ONE OF THE MOST RECOGNIZED IN THE WORLD. GOOGLE IS A TRADEMARK OF GOOGLE INC. ALL OTHER COMPANY AND PRODUCT NAMES MAY BE TRADEMARKS OF THE RESPECTIVE COMPANIES WITH WHICH THEY ARE ASSOCIATED.","GOOGLE TO PRESENT AT THE CREDIT SUISSE TECHNOLOGY CONFERENCE. MOUNTAIN VIEW, CALIF.--(BUSINESS WIRE)--GOOGLE INC. (NASDAQ:GOOG) ANNOUNCED TODAY THAT NEAL MOHAN, VICE PRESIDENT OF DISPLAY AND VIDEO ADVERTISING PRODUCTS, WILL PARTICIPATE IN A QUESTION-AND-ANSWER SESSION AT THE CREDIT SUISSE TECHNOLOGY CONFERENCE IN PHOENIX. THE SESSION IS SCHEDULED FOR 9:15 A.M. MOUNTAIN TIME / 8:15 A.M. PACIFIC TIME / 11:15 A.M. EASTERN TIME ON TUESDAY, DECEMBER 2, 2014. TO ACCESS THE LIVE AUDIO WEBCAST OF THE SESSION, PLEASE VISIT HTTP://INVESTOR.GOOGLE.COM/WEBCAST.HTML. ABOUT GOOGLE INC. GOOGLE IS A GLOBAL TECHNOLOGY LEADER FOCUSED ON IMPROVING THE WAYS PEOPLE CONNECT WITH INFORMATION. GOOGLE’S INNOVATIONS IN WEB SEARCH AND ADVERTISING HAVE MADE ITS WEBSITE A TOP INTERNET PROPERTY AND ITS BRAND ONE OF THE MOST RECOGNIZED IN THE WORLD. GOOGLE IS A TRADEMARK OF GOOGLE INC. ALL OTHER COMPANY AND PRODUCT NAMES MAY BE TRADEMARKS OF THE RESPECTIVE COMPANIES WITH WHICH THEY ARE ASSOCIATED.","['google to present at the credit suisse technology conference', 'mountain view, calif.--business wire--google inc', 'nasdaqgoog announced today that neal mohan, vice president of display and video advertising products, will participate in a question-and-answer session at the credit suisse technology conference in phoenix', 'the session is scheduled for 915 a.m', 'mountain time 815 a.m', 'pacific time 1115 a.m', 'eastern time on tuesday, december 2, 2014', 'to access the live audio webcast of the session, please visit about google inc', 'google is a global technology leader focused on improving the ways people connect with information', 'googles innovations in web search and advertising have made its website a top internet property and its brand one of the most recognized in the world', 'google is a trademark of google inc', 'all other company and product names may be trademarks of the respective companies with which they are associated.']",weakly_positive,0.1971083333333333,weakly_positive,weakly_positive
04-11-2014,レノボがグーグルからのモトローラ・モビリティの買収を完了,米ノースカロライナ州リサーチ・トライアングル・パーク & カリフォルニア州マウンテンビュー--(BUSINESS WIRE)--（ビジネスワイヤ） -- レノボ（HKSE：0992）（PINK SHEETS：LNVGY）とグーグル（NASDAQ：GOOG）は本日、レノボがグーグルからのモトローラ・モビリティの買収を完了させたと発表しました。 モトローラ・ブランド、そしてMOTO X、MOTO G、MOTO E、DROIDTMシリーズといったモトローラの革新的なスマートフォンのポートフォリオ、さらにモトローラの将来的な製品ロードマップを買収したことで、レノボは世界第3位のスマートフォンメーカーの地位につくことになります。 レノボはモトローラを完全所有子会社として運営します。モトローラの本社は、引き続きシカゴに置きます。買収完了に伴い、レノボは新たな製品ポートフォリオと共に、米国にいる約2800人を含め、世界各地の約3500人の従業員を迎え入れます。これらの従業員は、モトローラの卓越したデバイスのデザイン・設計・販売・サポートを担当します。 レノボの楊元慶会長兼最高経営責任者（CEO）は、次のように述べています。「私たちは本日、レノボとモトローラにとって歴史的なマイルストーンを達成しました。両社は力を合わせ、世界のスマートフォン市場で競い、成長し、勝ち抜く準備が整っています。強固なナンバー3としての地位を築き、スマートフォン市場の上位2社を猛追する信頼できる有力企業となることで、これまで市場が求めていたもの、すなわち選択肢、競争、革新のひらめきを提供します。両社の提携は、もとより理想的な組み合わせでした。レノボは明確な戦略と素晴らしい世界的規模、そして実証済みの卓越した事業能力を持っています。モトローラは米国やその他の成熟市場で確たるプレゼンスがあり、通信キャリアと構築してきたよい関係、象徴的なブランド、強力なIPポートフォリオ、極めて有能なチームを抱えています。勝利が約束された、申し分のない組み合わせです。」 グーグルのラリー・ペイジCEOは、次のように語っています。「モトローラを安心してレノボに任せることができるのは、同社が素晴らしいデバイスの開発に全力で取り組んでいるからです。」 レノボのモバイル事業グループ担当エグゼクティブバイスプレジデントのリュー・ジュン氏が、モトローラ取締役会議長を務めます。モトローラでの経験が豊富なベテランのリック・オステーロー氏は、モトローラ社長兼最高執行責任者（COO）に留任します。 リュー・ジュン氏は、次のように語っています。「モトローラはすでに市場で力強い勢いを得ており、同社の最近の業績は、消費者がデザインとシンプルさが光る同社の優れた製品に大きな期待を寄せていることを示しています。両社が補完的な強みを持ち寄ることで、今年はスマートフォンとタブレットを含め、1億台以上のモバイル機器を販売できる見通しです。そのために中国市場におけるレノボ・ブランドの主導的立場、両社の新興市場での勢い、そしてモトローラの米国などの成熟市場での強固な足場を活用します。」 すでにモトローラは、大成功を収めた新製品のリリースや画期的な革新により、市場で勢いを増しており、堅調に成長しています。スマートフォン以外にも、MOTO 360ウォッチが消費者の関心を集めており、モトローラはモバイル機器の新興分野に事業を拡大している企業としても、地位を確立しています。前述の通り、レノボは4～6四半期の間にモトローラの事業を黒字に転換させる予定です。 グーグルはモトローラ・モビリティの特許ポートフォリオの大半を引き続き所有し、モトローラはこの充実した特許ポートフォリオやその他の知的財産のライセンス供与を受けます。モトローラは2000件以上の特許資産、多数の特許クロスライセンス契約、そしてモトローラ・モビリティのブランドと商標ポートフォリオを保持します。 買収総額は約29億1000万米ドル（買収完了後に調整）で、これには現金約6億6000万米ドルと、新たに発行されたレノボの株式5億1910万7215株が含まれます。買収完了時にグーグルに譲渡されたレノボの株式は、時価総額7億5000万米ドルで、レノボの発行済み株式の約4.7パーセントに相当します。レノボは残15億米ドルを3年満期の約束手形でグーグルに支払います。レノボはそのほか、買収完了時にモトローラが保有していた現金および運転資金として、約2億2800万米ドルをグーグルに支払っています。 この買収取引は米国、中国、EU、ブラジル、メキシコの競争当局が定めるすべての規制要件と慣習的な取引完了条件を満たしており、対米外国投資委員会（CFIUS）からも認可を得ています。レノボがCFIUSから米国事業の買収で認可を受けたのは、2005年以来、本件で5件目になります。 レノボについて レノボ（HKSE：992）（ADR：LNVGY）はフォーチュン・グローバル500社に選ばれている390億ドル規模のリーダー企業として、消費者、商用、エンターテインメント向けの革新的技術を提供しています。当社の高品質でセキュアな製品とサービスのポートフォリオには、PC（名高いTHINKブランドやマルチモードのYOGAブランド他）、ワークステーション、サーバー、ストレージ、スマートTV、そしてスマートフォン（モトローラ・ブランドを含む）、タブレット、アプリを含むモバイル製品ファミリーを網羅しています。リンクトイン、フェイスブック、ツイッター（@LENOVO）で当社をフォローするか、WWW.LENOVO.COMをご覧ください。 グーグルについて グーグルは世界的な技術リーダー企業として、人々と情報のつながり方を向上させることに傾注しています。グーグルがウェブ検索とウェブ広告の革新に努めていることで、同社のウェブサイトは最高のインターネット資産となり、同社のブランドは世界で最高レベルの認知度を誇っています。 *DROIDはLUCASFILM LTD.と関連企業の商標です。ライセンスに基づき利用しています 詳細情報 プレスキットはこちらをご覧ください：HTTP://NEWS.LENOVO.COM/MOTOROLAACQUISITION 写真とマルチメディア・ギャラリーはこちらをご覧ください：HTTP://WWW.BUSINESSWIRE.COM/MULTIMEDIA/HOME/20141030005409/JA/ 本記者発表文の公式バージョンはオリジナル言語版です。翻訳言語版は、読者の便宜を図る目的で提供されたものであり、法的効力を持ちません。翻訳言語版を資料としてご利用になる際には、法的効力を有する唯一のバージョンであるオリジナル言語版と照らし合わせて頂くようお願い致します。,レノボがグーグルからのモトローラ・モビリティの買収を完了. 米ノースカロライナ州リサーチ・トライアングル・パーク & カリフォルニア州マウンテンビュー--(BUSINESS WIRE)--（ビジネスワイヤ） -- レノボ（HKSE：0992）（PINK SHEETS：LNVGY）とグーグル（NASDAQ：GOOG）は本日、レノボがグーグルからのモトローラ・モビリティの買収を完了させたと発表しました。 モトローラ・ブランド、そしてMOTO X、MOTO G、MOTO E、DROIDTMシリーズといったモトローラの革新的なスマートフォンのポートフォリオ、さらにモトローラの将来的な製品ロードマップを買収したことで、レノボは世界第3位のスマートフォンメーカーの地位につくことになります。 レノボはモトローラを完全所有子会社として運営します。モトローラの本社は、引き続きシカゴに置きます。買収完了に伴い、レノボは新たな製品ポートフォリオと共に、米国にいる約2800人を含め、世界各地の約3500人の従業員を迎え入れます。これらの従業員は、モトローラの卓越したデバイスのデザイン・設計・販売・サポートを担当します。 レノボの楊元慶会長兼最高経営責任者（CEO）は、次のように述べています。「私たちは本日、レノボとモトローラにとって歴史的なマイルストーンを達成しました。両社は力を合わせ、世界のスマートフォン市場で競い、成長し、勝ち抜く準備が整っています。強固なナンバー3としての地位を築き、スマートフォン市場の上位2社を猛追する信頼できる有力企業となることで、これまで市場が求めていたもの、すなわち選択肢、競争、革新のひらめきを提供します。両社の提携は、もとより理想的な組み合わせでした。レノボは明確な戦略と素晴らしい世界的規模、そして実証済みの卓越した事業能力を持っています。モトローラは米国やその他の成熟市場で確たるプレゼンスがあり、通信キャリアと構築してきたよい関係、象徴的なブランド、強力なIPポートフォリオ、極めて有能なチームを抱えています。勝利が約束された、申し分のない組み合わせです。」 グーグルのラリー・ペイジCEOは、次のように語っています。「モトローラを安心してレノボに任せることができるのは、同社が素晴らしいデバイスの開発に全力で取り組んでいるからです。」 レノボのモバイル事業グループ担当エグゼクティブバイスプレジデントのリュー・ジュン氏が、モトローラ取締役会議長を務めます。モトローラでの経験が豊富なベテランのリック・オステーロー氏は、モトローラ社長兼最高執行責任者（COO）に留任します。 リュー・ジュン氏は、次のように語っています。「モトローラはすでに市場で力強い勢いを得ており、同社の最近の業績は、消費者がデザインとシンプルさが光る同社の優れた製品に大きな期待を寄せていることを示しています。両社が補完的な強みを持ち寄ることで、今年はスマートフォンとタブレットを含め、1億台以上のモバイル機器を販売できる見通しです。そのために中国市場におけるレノボ・ブランドの主導的立場、両社の新興市場での勢い、そしてモトローラの米国などの成熟市場での強固な足場を活用します。」 すでにモトローラは、大成功を収めた新製品のリリースや画期的な革新により、市場で勢いを増しており、堅調に成長しています。スマートフォン以外にも、MOTO 360ウォッチが消費者の関心を集めており、モトローラはモバイル機器の新興分野に事業を拡大している企業としても、地位を確立しています。前述の通り、レノボは4～6四半期の間にモトローラの事業を黒字に転換させる予定です。 グーグルはモトローラ・モビリティの特許ポートフォリオの大半を引き続き所有し、モトローラはこの充実した特許ポートフォリオやその他の知的財産のライセンス供与を受けます。モトローラは2000件以上の特許資産、多数の特許クロスライセンス契約、そしてモトローラ・モビリティのブランドと商標ポートフォリオを保持します。 買収総額は約29億1000万米ドル（買収完了後に調整）で、これには現金約6億6000万米ドルと、新たに発行されたレノボの株式5億1910万7215株が含まれます。買収完了時にグーグルに譲渡されたレノボの株式は、時価総額7億5000万米ドルで、レノボの発行済み株式の約4.7パーセントに相当します。レノボは残15億米ドルを3年満期の約束手形でグーグルに支払います。レノボはそのほか、買収完了時にモトローラが保有していた現金および運転資金として、約2億2800万米ドルをグーグルに支払っています。 この買収取引は米国、中国、EU、ブラジル、メキシコの競争当局が定めるすべての規制要件と慣習的な取引完了条件を満たしており、対米外国投資委員会（CFIUS）からも認可を得ています。レノボがCFIUSから米国事業の買収で認可を受けたのは、2005年以来、本件で5件目になります。 レノボについて レノボ（HKSE：992）（ADR：LNVGY）はフォーチュン・グローバル500社に選ばれている390億ドル規模のリーダー企業として、消費者、商用、エンターテインメント向けの革新的技術を提供しています。当社の高品質でセキュアな製品とサービスのポートフォリオには、PC（名高いTHINKブランドやマルチモードのYOGAブランド他）、ワークステーション、サーバー、ストレージ、スマートTV、そしてスマートフォン（モトローラ・ブランドを含む）、タブレット、アプリを含むモバイル製品ファミリーを網羅しています。リンクトイン、フェイスブック、ツイッター（@LENOVO）で当社をフォローするか、WWW.LENOVO.COMをご覧ください。 グーグルについて グーグルは世界的な技術リーダー企業として、人々と情報のつながり方を向上させることに傾注しています。グーグルがウェブ検索とウェブ広告の革新に努めていることで、同社のウェブサイトは最高のインターネット資産となり、同社のブランドは世界で最高レベルの認知度を誇っています。 *DROIDはLUCASFILM LTD.と関連企業の商標です。ライセンスに基づき利用しています 詳細情報 プレスキットはこちらをご覧ください：HTTP://NEWS.LENOVO.COM/MOTOROLAACQUISITION 写真とマルチメディア・ギャラリーはこちらをご覧ください：HTTP://WWW.BUSINESSWIRE.COM/MULTIMEDIA/HOME/20141030005409/JA/ 本記者発表文の公式バージョンはオリジナル言語版です。翻訳言語版は、読者の便宜を図る目的で提供されたものであり、法的効力を持ちません。翻訳言語版を資料としてご利用になる際には、法的効力を有する唯一のバージョンであるオリジナル言語版と照らし合わせて頂くようお願い致します。,"['', '--business wire-- -- hkse0992pink sheetslnvgynasdaqgoog moto xmoto gmoto edroidtm3 28003500 ceo32ip ceo coo 1 moto 36046 2000 29100066000519107215750004.715322800 eucfiuscfius20055 hkse992adrlnvgy500390pcthinkyogatvlenovo droidlucasfilm ltd.']",neutral,0.0,neutral,neutral
03-11-2014,聯想完成從GOOGLE收購MOTOROLA MOBILITY,"美國北卡羅來納州三角研究園區及加州山景城--(BUSINESS WIRE)--(美國商業資訊) -- 聯想集團（HKSE: 992；ADR：LNVGY）與GOOGLE（NASDAQ: GOOG）今天公布，聯想正式完成從GOOGLE收購MOTOROLA MOBILITY。 透過這次收購摩托羅拉品牌、創新的智慧型手機產品組合如 MOTO X、MOTO G、MOTO E及DROIDTM 系列等，以及摩托羅拉的未來產品規劃，聯想隨即成為全球第三大智慧型手機廠商。 聯想將以獨資子公司的形式營運摩托羅拉，其總部將繼續設在美國芝加哥。收購完成後，將有近3,500名來自全球的員工加入聯想，其中包括在美國的約2,800名員工，他們專責設計、策劃、銷售和支援摩托羅拉的卓越產品。 「今天對於聯想和摩托羅拉而言都是具有歷史意義的一天，我們已經準備就緒，要一起在全球智慧型手機市場贏得競爭、實現成長。我們將為市場帶來更多的選擇、更具競爭力和創新的產品，在加強全球第三大智慧型手機廠商地位的同時，向前兩名對手發起強有力的挑戰。」聯想集團董事長兼執行長楊元慶表示，「雙方的結合展現出高度匹配：聯想擁有清晰的策略、全球業務規模和卓越的經營能力。摩托羅拉在美國和其他成熟市場實力雄厚，與行動營運商有著良好的關係，並擁有高知名度的品牌、豐富的專利組合以及才華橫溢的團隊，我們有信心成功實現整合，一起贏得市場。」 GOOGLE執行長LARRY PAGE表示：「聯想是一家致力於為使用者創造卓越產品的公司，我們欣見摩托羅拉加入聯想。」 聯想執行副總裁兼行動業務集團總裁劉軍將出任MOTOROLA MOBILITY管理委員會主席。摩托羅拉資深高階主管 RICK OSTERLOH 將繼續擔任摩托羅拉總裁暨營運長。 「摩托羅拉已展現出強勁的發展氣勢，近期的表現顯示，摩托羅拉出色的產品深受消費者的喜愛，消費者對產品傑出的創新和簡約風格興奮不已。」聯想執行副總裁兼行動業務集團總裁劉軍表示，「兩家公司的結合讓我們更加強大。憑藉著聯想在中國市場的巨大優勢和在新興市場的強勁氣勢，以及摩托羅拉在美國等成熟市場的深厚實力，我們預計今年將銷售超過一億台的行動裝置，包括智慧型手機和平板電腦。」 摩托羅拉憑藉成功推出新產品及突破性創新，已在市場上取得強勁氣勢，並取得穩健的成長。除了智慧型手機，MOTO 360智慧手錶也備受消費者關注，確立了摩托羅拉進軍新興行動裝置領域的地位。如之前所述，聯想預期在四至六季內促使摩托羅拉業務取得獲利。 GOOGLE將保留大部份MOTOROLA MOBILITY專利組合所有權，摩托羅拉將獲得使用這些豐富專利組合和其他智慧財產權的授權。摩托羅拉將持有逾2,000項專利資產、大量專利交叉授權協議以及MOTOROLA MOBILITY品牌和商標組合。 此次交易的收購總額約為29.1億美元（可有若干在交割後的調整），其中包括約6.6億美元現金，以及519,107,215股新發行的聯想普通股股份(總值7.5億美元，約占4.7%的聯想股份) 已在交易完成時交給GOOGLE。剩下15億美元將以三年期本票支付。此外，聯想已向GOOGLE支付約2.28億美元的額外現金補償，這主要是摩托羅拉在交割時持有的現金和營運資金。 此項交易符合所有主管機關規定以及交易完成所需的所有通用條款和慣例，包括已經獲得美國、中國、歐盟、巴西和墨西哥主管機構的核准，以及已經獲得美國海外投資委員會（CFIUS）的核准，這是聯想自2005年以來第五次獲得美國海外投資委員會准許其收購美國公司。 關於聯想 聯想（HKSE: 992）（ADR: LNVGY）是一家營業額達390億美元的《財星》雜誌全球500大企業，亦是全球消費、商用以及企業級創新科技的領導者。聯想為使用者提供安全及高品質的產品組合和服務，其中包括個人電腦（經典的THINK 品牌和多模式YOGA 品牌）、工作站、伺服器、儲存裝置、智慧電視，以及一系列行動上網產品如智慧型手機(包括摩托羅拉品牌)、平板電腦和應用軟體等。如需進一步資料，敬請瀏覽WWW.LENOVO.COM。 有關GOOGLE GOOGLE為環球科技翹楚，專門改善人與資訊聯結的方式。GOOGLE在網路搜尋及廣告的創新手法，令其網站成為頂級網路資產。GOOGLE是全球最為人熟悉的品牌之一。 *DROID是LUCASFILM公司及其相關公司的註冊商標，根據授權使用。 免責聲明：本公告之原文版本乃官方授權版本。譯文僅供方便瞭解之用，煩請參照原文，原文版本乃唯一具法律效力之版本。","聯想完成從GOOGLE收購MOTOROLA MOBILITY. 美國北卡羅來納州三角研究園區及加州山景城--(BUSINESS WIRE)--(美國商業資訊) -- 聯想集團（HKSE: 992；ADR：LNVGY）與GOOGLE（NASDAQ: GOOG）今天公布，聯想正式完成從GOOGLE收購MOTOROLA MOBILITY。 透過這次收購摩托羅拉品牌、創新的智慧型手機產品組合如 MOTO X、MOTO G、MOTO E及DROIDTM 系列等，以及摩托羅拉的未來產品規劃，聯想隨即成為全球第三大智慧型手機廠商。 聯想將以獨資子公司的形式營運摩托羅拉，其總部將繼續設在美國芝加哥。收購完成後，將有近3,500名來自全球的員工加入聯想，其中包括在美國的約2,800名員工，他們專責設計、策劃、銷售和支援摩托羅拉的卓越產品。 「今天對於聯想和摩托羅拉而言都是具有歷史意義的一天，我們已經準備就緒，要一起在全球智慧型手機市場贏得競爭、實現成長。我們將為市場帶來更多的選擇、更具競爭力和創新的產品，在加強全球第三大智慧型手機廠商地位的同時，向前兩名對手發起強有力的挑戰。」聯想集團董事長兼執行長楊元慶表示，「雙方的結合展現出高度匹配：聯想擁有清晰的策略、全球業務規模和卓越的經營能力。摩托羅拉在美國和其他成熟市場實力雄厚，與行動營運商有著良好的關係，並擁有高知名度的品牌、豐富的專利組合以及才華橫溢的團隊，我們有信心成功實現整合，一起贏得市場。」 GOOGLE執行長LARRY PAGE表示：「聯想是一家致力於為使用者創造卓越產品的公司，我們欣見摩托羅拉加入聯想。」 聯想執行副總裁兼行動業務集團總裁劉軍將出任MOTOROLA MOBILITY管理委員會主席。摩托羅拉資深高階主管 RICK OSTERLOH 將繼續擔任摩托羅拉總裁暨營運長。 「摩托羅拉已展現出強勁的發展氣勢，近期的表現顯示，摩托羅拉出色的產品深受消費者的喜愛，消費者對產品傑出的創新和簡約風格興奮不已。」聯想執行副總裁兼行動業務集團總裁劉軍表示，「兩家公司的結合讓我們更加強大。憑藉著聯想在中國市場的巨大優勢和在新興市場的強勁氣勢，以及摩托羅拉在美國等成熟市場的深厚實力，我們預計今年將銷售超過一億台的行動裝置，包括智慧型手機和平板電腦。」 摩托羅拉憑藉成功推出新產品及突破性創新，已在市場上取得強勁氣勢，並取得穩健的成長。除了智慧型手機，MOTO 360智慧手錶也備受消費者關注，確立了摩托羅拉進軍新興行動裝置領域的地位。如之前所述，聯想預期在四至六季內促使摩托羅拉業務取得獲利。 GOOGLE將保留大部份MOTOROLA MOBILITY專利組合所有權，摩托羅拉將獲得使用這些豐富專利組合和其他智慧財產權的授權。摩托羅拉將持有逾2,000項專利資產、大量專利交叉授權協議以及MOTOROLA MOBILITY品牌和商標組合。 此次交易的收購總額約為29.1億美元（可有若干在交割後的調整），其中包括約6.6億美元現金，以及519,107,215股新發行的聯想普通股股份(總值7.5億美元，約占4.7%的聯想股份) 已在交易完成時交給GOOGLE。剩下15億美元將以三年期本票支付。此外，聯想已向GOOGLE支付約2.28億美元的額外現金補償，這主要是摩托羅拉在交割時持有的現金和營運資金。 此項交易符合所有主管機關規定以及交易完成所需的所有通用條款和慣例，包括已經獲得美國、中國、歐盟、巴西和墨西哥主管機構的核准，以及已經獲得美國海外投資委員會（CFIUS）的核准，這是聯想自2005年以來第五次獲得美國海外投資委員會准許其收購美國公司。 關於聯想 聯想（HKSE: 992）（ADR: LNVGY）是一家營業額達390億美元的《財星》雜誌全球500大企業，亦是全球消費、商用以及企業級創新科技的領導者。聯想為使用者提供安全及高品質的產品組合和服務，其中包括個人電腦（經典的THINK 品牌和多模式YOGA 品牌）、工作站、伺服器、儲存裝置、智慧電視，以及一系列行動上網產品如智慧型手機(包括摩托羅拉品牌)、平板電腦和應用軟體等。如需進一步資料，敬請瀏覽WWW.LENOVO.COM。 有關GOOGLE GOOGLE為環球科技翹楚，專門改善人與資訊聯結的方式。GOOGLE在網路搜尋及廣告的創新手法，令其網站成為頂級網路資產。GOOGLE是全球最為人熟悉的品牌之一。 *DROID是LUCASFILM公司及其相關公司的註冊商標，根據授權使用。 免責聲明：本公告之原文版本乃官方授權版本。譯文僅供方便瞭解之用，煩請參照原文，原文版本乃唯一具法律效力之版本。","['googlemotorola mobility', '--business wire-- -- hkse 992adrlnvgygooglenasdaq googgooglemotorola mobility moto xmoto gmoto edroidtm 3,5002,800 googlelarry page motorola mobility rick osterloh moto 360 googlemotorola mobility2,000motorola mobility 29.16.6519,107,2157.54.7 percent google15google2.28 cfius2005 hkse 992adr lnvgy390500think yoga google googlegooglegoogle droidlucasfilm']",neutral,0.0,neutral,neutral
03-11-2014,LENOVO VOLTOOIT OVERNAME VAN MOTOROLA,"RESEARCH TRIANGLE PARK, N.C. & MOUNTAIN VIEW, CALIF.--(BUSINESS WIRE)--LENOVO EN HEEFT DE OVERNAME VAN MOTOROLA MOBILITY VOLTOOID. DAT MAAKTEN LENOVO EN GOOGLE, VAN WIE HET BEDRIJF WORDT OVERGENOMEN, DONDERDAG BEKEND. MET DE OVERNAME VAN MOTOROLA EN ZIJN PORTFOLIO VAN INNOVATIEVE SMARTPHONES, ZOALS MODELLEN UIT DE REEKSEN MOTO X, MOTO G, MOTO E EN DROID, ALSOOK MOTOROLA'S ROUTEKAART VOOR PRODUCTEN, WORDT LENOVO DE OP TWEE NA GROOTSTE SMARTPHONEFABRIKANT. MOTOROLA IS ALS DOCHTERONDERNEMING VOLLEDIG EIGENDOM VAN LENOVO. HET HUIDIGE HOOFDKANTOOR VAN MOTOROLA, DAT IN CHICAGO STAAT, ZAL OOK NA DE OVERNAME DIE FUNCTIE VERVULLEN. LENOVO VERWELKOMT TEVENS 3500 WERKNEMERS VAN MOTOROLA. DEZE BEKENDMAKING IS OFFICIEEL GELDEND IN DE ORIGINELE BRONTAAL. VERTALINGEN ZIJN SLECHTS ALS LEESHULP BEDOELD EN MOETEN WORDEN VERGELEKEN MET DE TEKST IN DE BRONTAAL, WELKE ALS ENIGE RECHTSGELDIG IS.","LENOVO VOLTOOIT OVERNAME VAN MOTOROLA. RESEARCH TRIANGLE PARK, N.C. & MOUNTAIN VIEW, CALIF.--(BUSINESS WIRE)--LENOVO EN HEEFT DE OVERNAME VAN MOTOROLA MOBILITY VOLTOOID. DAT MAAKTEN LENOVO EN GOOGLE, VAN WIE HET BEDRIJF WORDT OVERGENOMEN, DONDERDAG BEKEND. MET DE OVERNAME VAN MOTOROLA EN ZIJN PORTFOLIO VAN INNOVATIEVE SMARTPHONES, ZOALS MODELLEN UIT DE REEKSEN MOTO X, MOTO G, MOTO E EN DROID, ALSOOK MOTOROLA'S ROUTEKAART VOOR PRODUCTEN, WORDT LENOVO DE OP TWEE NA GROOTSTE SMARTPHONEFABRIKANT. MOTOROLA IS ALS DOCHTERONDERNEMING VOLLEDIG EIGENDOM VAN LENOVO. HET HUIDIGE HOOFDKANTOOR VAN MOTOROLA, DAT IN CHICAGO STAAT, ZAL OOK NA DE OVERNAME DIE FUNCTIE VERVULLEN. LENOVO VERWELKOMT TEVENS 3500 WERKNEMERS VAN MOTOROLA. DEZE BEKENDMAKING IS OFFICIEEL GELDEND IN DE ORIGINELE BRONTAAL. VERTALINGEN ZIJN SLECHTS ALS LEESHULP BEDOELD EN MOETEN WORDEN VERGELEKEN MET DE TEKST IN DE BRONTAAL, WELKE ALS ENIGE RECHTSGELDIG IS.","['lenovo voltooit overname van motorola', 'research triangle park, n.c', 'mountain view, calif.--business wire--lenovo en heeft de overname van motorola mobility voltooid', 'dat maakten lenovo en google, van wie het bedrijf wordt overgenomen, donderdag bekend', ""met de overname van motorola en zijn portfolio van innovatieve smartphones, zoals modellen uit de reeksen moto x, moto g, moto e en droid, alsook motorola's routekaart voor producten, wordt lenovo de op twee na grootste smartphonefabrikant"", 'motorola is als dochteronderneming volledig eigendom van lenovo', 'het huidige hoofdkantoor van motorola, dat in chicago staat, zal ook na de overname die functie vervullen', 'lenovo verwelkomt tevens 3500 werknemers van motorola', 'deze bekendmaking is officieel geldend in de originele brontaal', 'vertalingen zijn slechts als leeshulp bedoeld en moeten worden vergeleken met de tekst in de brontaal, welke als enige rechtsgeldig is.']",weakly_negative,-0.05994,neutral,neutral
31-10-2014,CONCLUÍDA A AQUISIÇÃO DA MOTOROLA MOBILITY DO GOOGLE PELA LENOVO,"RESEARCH TRIANGLE PARK, CAROLINA DO NORTE & MOUNTAIN VIEW, CALIFÓRNIA, EUA.--(BUSINESS WIRE)--LENOVO (HKSE: 0992) (PINK SHEETS: LNVGY) E GOOGLE (NASDAQ: GOOG) ANUNCIARAM HOJE QUE A AQUISIÇÃO DA MOTOROLA MOBILITY DO GOOGLE PELA LENOVO FOI CONCLUÍDA. A AQUISIÇÃO DA MARCA MOTOROLA E SEU PORTFÓLIO DE SMARTPHONES INOVADORES, COMO MOTO X, MOTO G, MOTO E E A SÉRIE DROIDTM, BEM COMO O PLANO FUTURO DE PRODUTOS DA MOTOROLA, POSICIONAM A LENOVO COMO O TERCEIRO MAIOR FABRICANTE DE SMARTPHONES DO MUNDO. A LENOVO ADMINISTRARÁ A MOTOROLA COMO UMA SUBSIDIÁRIA INTEGRAL. A SEDE DA MOTOROLA PERMANECERÁ EM CHICAGO. COM A CONCLUSÃO DA AQUISIÇÃO, A LENOVO SAÚDA A ADIÇÃO DA NOVA EMPRESA, QUE POSSUI QUASE 3.500 FUNCIONÁRIOS EM TODO O MUNDO, INCLUINDO CERCA DE 2.800 NOS EUA, QUE PROJETAM, FABRICAM, VENDEM E PRESTAM SUPORTE AOS EXCELENTES DISPOSITIVOS DA MOTOROLA. ""HOJE ATINGIMOS UM MARCO HISTÓRICO PARA A LENOVO E PARA A MOTOROLA - E, JUNTOS, ESTAMOS PRONTOS PARA COMPETIR, CRESCER E VENCER NO MERCADO GLOBAL DE SMARTPHONES. AO ASSUMIR UMA POSIÇÃO FORTE COMO NÚMERO TRÊS NO MERCADO E CONCORRENTE DE PESO PARA AS DUAS MAIORES EMPRESAS NO SETOR DE SMARTPHONES, DAREMOS AOS CONSUMIDORES ALGO DE QUE ELES PRECISAM: OPÇÕES, CONCORRÊNCIA E UMA NOVA EXPRESSÃO DE INOVAÇÃO"", DISSE YANG YUANQING, PRESIDENTE E DIRETOR EXECUTIVO DA LENOVO. ""ESTA PARCERIA SEMPRE FOI UMA COMBINAÇÃO PERFEITA. A LENOVO TEM UMA ESTRATÉGIA CLARA, ÓTIMA ESCALA GLOBAL E EXCELÊNCIA OPERACIONAL COMPROVADA. A MOTOROLA TRAZ UMA FORTE PRESENÇA NOS EUA E OUTROS MERCADOS MADUROS, ÓTIMOS RELACIONAMENTOS COM AS OPERADORAS, UMA MARCA ICÔNICA, UM PORTFÓLIO SÓLIDO DE PROPRIEDADE INTELECTUAL E UMA EQUIPE COM TALENTO INCRÍVEL. É UMA COMBINAÇÃO VITORIOSA."" ""A MOTOROLA ESTÁ EM BOAS MÃOS COM A LENOVO, UMA EMPRESA QUE ESTÁ TOTALMENTE FOCADA EM FABRICAR ÓTIMOS DISPOSITIVOS"", DISSE LARRY PAGE, DIRETOR EXECUTIVO DO GOOGLE. LIU JUN, VICE-PRESIDENTE EXECUTIVO DA LENOVO E PRESIDENTE DO MOBILE BUSINESS GROUP DA MESMA EMPRESA, É TAMBÉM O PRESIDENTE DO CONSELHO DE ADMINISTRAÇÃO DA MOTOROLA. RICK OSTERLOH, UMA VETERANO NA MOTOROLA, PERMANECERÁ SENDO O PRESIDENTE E DIRETOR OPERACIONAL DESSA EMPRESA. ""A MOTOROLA JÁ DESENVOLVEU UMA FORÇA SÓLIDA NO MERCADO, E SEUS RESULTADOS RECENTES MOSTRAM QUE OS CONSUMIDORES ESTÃO EMPOLGADOS COM OS PRODUTOS EXCEPCIONAIS DA EMPRESA, QUE SE DESTACAM POR SEU DESIGN E SIMPLICIDADE"", DISSE LIU JUN. ""COM OS PONTOS FORTES QUE SE COMPLEMENTAM DAS NOSSAS DUAS EMPRESAS, ESPERAMOS VENDER MAIS DE 100 MILHÕES DE DISPOSITIVOS MÓVEIS NESTE ANO, INCLUINDO SMARTPHONES E TABLETS, ALAVANCANDO A POSIÇÃO LÍDER DA MARCA LENOVO NO MERCADO CHINÊS, NOSSA FORÇA CONJUNTA EM MERCADOS EMERGENTES E A FORTE PRESENÇA DA MOTOROLA EM MERCADOS MADUROS, COMO OS EUA."" A MOTOROLA JÁ POSSUI UMA FORÇA FORTE NO MERCADO, LIDERADA POR LANÇAMENTOS DE NOVOS PRODUTOS ALTAMENTE BEM-SUCEDIDOS E INOVAÇÕES PIONEIRAS, QUE TÊM GERADO UM CRESCIMENTO SÓLIDO. ALÉM DE SMARTPHONES, O RELÓGIO MOTO 360 CHAMOU A ATENÇÃO DOS CONSUMIDORES E POSICIONOU A MOTOROLA COMO UMA EMPRESA QUE EXPANDE EM ÁREAS EMERGENTES DE DISPOSITIVOS MÓVEIS. CONFORME DECLARADO ANTERIORMENTE, A LENOVO ESPERA TORNAR O NEGÓCIO DA MOTOROLA LUCRATIVO EM QUATRO A SEIS TRIMESTRES. O GOOGLE MANTERÁ A POSSE DA MAIOR PARTE DO PORTFÓLIO DE PATENTES DA MOTOROLA MOBILITY, AO PASSO QUE A MOTOROLA RECEBERÁ UMA LICENÇA PARA ESTE VALIOSO PORTFÓLIO DE PATENTES E OUTRAS PROPRIEDADES INTELECTUAIS. A MOTOROLA MANTERÁ MAIS DE 2.000 BENS PATENTEÁVEIS E UM GRANDE NÚMERO DE ACORDOS DE PATENTE DE LICENÇA CRUZADA, BEM COMO A MARCA MOTOROLA MOBILITY E O PORTFÓLIO DE MARCAS REGISTRADAS. O PREÇO TOTAL DA COMPRA NO FECHAMENTO FOI DE APROXIMADAMENTE US$ 2,91 BILHÕES (SUJEITO A CERTOS AJUSTES PÓS-FECHAMENTO), INCLUINDO APROXIMADAMENTE US$ 660 MILHÕES EM DINHEIRO E 519.107.215 AÇÕES ORDINÁRIAS DA LENOVO RECÉM-EMITIDAS, COM UM VALOR AGREGADO DE US$ 750 MILHÕES, REPRESENTANDO CERCA DE 4,7% DAS AÇÕES EM CIRCULAÇÃO DA LENOVO, QUE FORAM TRANSFERIDAS PARA O GOOGLE NO FECHAMENTO. OS RESTANTES US$ 1,5 BILHÕES SERÃO PAGOS AO GOOGLE PELA LENOVO NA FORMA DE UMA NOTA PROMISSÓRIA DE TRÊS ANOS. UMA COMPENSAÇÃO DE SALDOS SEPARADA DE APROXIMADAMENTE US$ 228 MILHÕES FOI PAGA PELA LENOVO AO GOOGLE PRINCIPALMENTE PELO DINHEIRO E CAPITAL DE GIRO DETIDO PELA MOTOROLA NO MOMENTO DO FECHAMENTO. A TRANSAÇÃO ATENDEU AS EXIGÊNCIAS REGULATÓRIAS E CONDIÇÕES USUAIS DE FECHAMENTO, INCLUINDO AUTORIZAÇÃO DADA PELAS AUTORIDADES DA CONCORRÊNCIA NOS EUA, NA CHINA, NA UNIÃO EUROPEIA, NO BRASIL E NO MÉXICO, E PELO COMITÊ DE INVESTIMENTO ESTRANGEIRO DOS ESTADOS UNIDOS (CFIUS). ESTA É A QUINTA VEZ DESDE 2005 QUE A LENOVO RECEBE AUTORIZAÇÃO DO CFIUS PARA A AQUISIÇÃO DE UMA EMPRESA AMERICANA. SOBRE A LENOVO LENOVO (HKSE: 992) (ADR: LNVGY) É UMA EMPRESA LISTADA NO RANKING FORTUNE 500, AVALIADA EM $ 39 BILHÕES E LÍDER NO FORNECIMENTO DE TECNOLOGIA INOVADORA PARA USO COMERCIAL, EMPRESARIAL E POR CONSUMIDORES. NOSSO PORTFÓLIO DE PRODUTOS E SERVIÇOS SEGUROS E DE ALTA QUALIDADE INCLUEM PCS (INCLUINDO O LENDÁRIO THINK E AS MARCAS YOGA MULTIMODAIS), ESTAÇÕES DE TRABALHO, SERVIDORES, ARMAZENAMENTO, TVS INTELIGENTES E UMA FAMÍLIA DE PRODUTOS MÓVEIS COMO SMARTPHONES (INCLUINDO A MARCA MOTOROLA), TABLETS E APLICATIVOS. JUNTE-SE A NÓS NO LINKEDIN, SIGA-NOS NO FACEBOOK OU TWITTER (@LENOVO) OU VISITE NOSSO SITE EM WWW.LENOVO.COM. SOBRE O GOOGLE O GOOGLE É UMA EMPRESA DE TECNOLOGIA LÍDER MUNDIAL FOCADA EM MELHORAR A MANEIRA COMO AS PESSOAS SE CONECTAM COM A INFORMAÇÃO. AS INOVAÇÕES DO GOOGLE EM PUBLICIDADE E PESQUISA NA INTERNET FIZERAM DO SEU SITE UMA DAS MELHORES PROPRIEDADES DA INTERNET, BEM COMO TORNARAM SUA MARCA UMA DAS MAIS RECONHECIDAS NO MUNDO. *DROID É UMA MARCA REGISTRADA DA LUCASFILM LTD. E SUAS EMPRESAS RELACIONADAS. USADA SOB LICENÇA. PARA MAIS INFORMAÇÕES UM KIT DE IMPRENSA ESTÁ DISPONÍVEL AQUI: HTTP://NEWS.LENOVO.COM/MOTOROLAACQUISITION O TEXTO NO IDIOMA ORIGINAL DESTE ANÚNCIO É A VERSÃO OFICIAL AUTORIZADA. AS TRADUÇÕES SÃO FORNECIDAS APENAS COMO UMA FACILIDADE E DEVEM SE REFERIR AO TEXTO NO IDIOMA ORIGINAL, QUE É A ÚNICA VERSÃO DO TEXTO QUE TEM EFEITO LEGAL.","CONCLUÍDA A AQUISIÇÃO DA MOTOROLA MOBILITY DO GOOGLE PELA LENOVO. RESEARCH TRIANGLE PARK, CAROLINA DO NORTE & MOUNTAIN VIEW, CALIFÓRNIA, EUA.--(BUSINESS WIRE)--LENOVO (HKSE: 0992) (PINK SHEETS: LNVGY) E GOOGLE (NASDAQ: GOOG) ANUNCIARAM HOJE QUE A AQUISIÇÃO DA MOTOROLA MOBILITY DO GOOGLE PELA LENOVO FOI CONCLUÍDA. A AQUISIÇÃO DA MARCA MOTOROLA E SEU PORTFÓLIO DE SMARTPHONES INOVADORES, COMO MOTO X, MOTO G, MOTO E E A SÉRIE DROIDTM, BEM COMO O PLANO FUTURO DE PRODUTOS DA MOTOROLA, POSICIONAM A LENOVO COMO O TERCEIRO MAIOR FABRICANTE DE SMARTPHONES DO MUNDO. A LENOVO ADMINISTRARÁ A MOTOROLA COMO UMA SUBSIDIÁRIA INTEGRAL. A SEDE DA MOTOROLA PERMANECERÁ EM CHICAGO. COM A CONCLUSÃO DA AQUISIÇÃO, A LENOVO SAÚDA A ADIÇÃO DA NOVA EMPRESA, QUE POSSUI QUASE 3.500 FUNCIONÁRIOS EM TODO O MUNDO, INCLUINDO CERCA DE 2.800 NOS EUA, QUE PROJETAM, FABRICAM, VENDEM E PRESTAM SUPORTE AOS EXCELENTES DISPOSITIVOS DA MOTOROLA. ""HOJE ATINGIMOS UM MARCO HISTÓRICO PARA A LENOVO E PARA A MOTOROLA - E, JUNTOS, ESTAMOS PRONTOS PARA COMPETIR, CRESCER E VENCER NO MERCADO GLOBAL DE SMARTPHONES. AO ASSUMIR UMA POSIÇÃO FORTE COMO NÚMERO TRÊS NO MERCADO E CONCORRENTE DE PESO PARA AS DUAS MAIORES EMPRESAS NO SETOR DE SMARTPHONES, DAREMOS AOS CONSUMIDORES ALGO DE QUE ELES PRECISAM: OPÇÕES, CONCORRÊNCIA E UMA NOVA EXPRESSÃO DE INOVAÇÃO"", DISSE YANG YUANQING, PRESIDENTE E DIRETOR EXECUTIVO DA LENOVO. ""ESTA PARCERIA SEMPRE FOI UMA COMBINAÇÃO PERFEITA. A LENOVO TEM UMA ESTRATÉGIA CLARA, ÓTIMA ESCALA GLOBAL E EXCELÊNCIA OPERACIONAL COMPROVADA. A MOTOROLA TRAZ UMA FORTE PRESENÇA NOS EUA E OUTROS MERCADOS MADUROS, ÓTIMOS RELACIONAMENTOS COM AS OPERADORAS, UMA MARCA ICÔNICA, UM PORTFÓLIO SÓLIDO DE PROPRIEDADE INTELECTUAL E UMA EQUIPE COM TALENTO INCRÍVEL. É UMA COMBINAÇÃO VITORIOSA."" ""A MOTOROLA ESTÁ EM BOAS MÃOS COM A LENOVO, UMA EMPRESA QUE ESTÁ TOTALMENTE FOCADA EM FABRICAR ÓTIMOS DISPOSITIVOS"", DISSE LARRY PAGE, DIRETOR EXECUTIVO DO GOOGLE. LIU JUN, VICE-PRESIDENTE EXECUTIVO DA LENOVO E PRESIDENTE DO MOBILE BUSINESS GROUP DA MESMA EMPRESA, É TAMBÉM O PRESIDENTE DO CONSELHO DE ADMINISTRAÇÃO DA MOTOROLA. RICK OSTERLOH, UMA VETERANO NA MOTOROLA, PERMANECERÁ SENDO O PRESIDENTE E DIRETOR OPERACIONAL DESSA EMPRESA. ""A MOTOROLA JÁ DESENVOLVEU UMA FORÇA SÓLIDA NO MERCADO, E SEUS RESULTADOS RECENTES MOSTRAM QUE OS CONSUMIDORES ESTÃO EMPOLGADOS COM OS PRODUTOS EXCEPCIONAIS DA EMPRESA, QUE SE DESTACAM POR SEU DESIGN E SIMPLICIDADE"", DISSE LIU JUN. ""COM OS PONTOS FORTES QUE SE COMPLEMENTAM DAS NOSSAS DUAS EMPRESAS, ESPERAMOS VENDER MAIS DE 100 MILHÕES DE DISPOSITIVOS MÓVEIS NESTE ANO, INCLUINDO SMARTPHONES E TABLETS, ALAVANCANDO A POSIÇÃO LÍDER DA MARCA LENOVO NO MERCADO CHINÊS, NOSSA FORÇA CONJUNTA EM MERCADOS EMERGENTES E A FORTE PRESENÇA DA MOTOROLA EM MERCADOS MADUROS, COMO OS EUA."" A MOTOROLA JÁ POSSUI UMA FORÇA FORTE NO MERCADO, LIDERADA POR LANÇAMENTOS DE NOVOS PRODUTOS ALTAMENTE BEM-SUCEDIDOS E INOVAÇÕES PIONEIRAS, QUE TÊM GERADO UM CRESCIMENTO SÓLIDO. ALÉM DE SMARTPHONES, O RELÓGIO MOTO 360 CHAMOU A ATENÇÃO DOS CONSUMIDORES E POSICIONOU A MOTOROLA COMO UMA EMPRESA QUE EXPANDE EM ÁREAS EMERGENTES DE DISPOSITIVOS MÓVEIS. CONFORME DECLARADO ANTERIORMENTE, A LENOVO ESPERA TORNAR O NEGÓCIO DA MOTOROLA LUCRATIVO EM QUATRO A SEIS TRIMESTRES. O GOOGLE MANTERÁ A POSSE DA MAIOR PARTE DO PORTFÓLIO DE PATENTES DA MOTOROLA MOBILITY, AO PASSO QUE A MOTOROLA RECEBERÁ UMA LICENÇA PARA ESTE VALIOSO PORTFÓLIO DE PATENTES E OUTRAS PROPRIEDADES INTELECTUAIS. A MOTOROLA MANTERÁ MAIS DE 2.000 BENS PATENTEÁVEIS E UM GRANDE NÚMERO DE ACORDOS DE PATENTE DE LICENÇA CRUZADA, BEM COMO A MARCA MOTOROLA MOBILITY E O PORTFÓLIO DE MARCAS REGISTRADAS. O PREÇO TOTAL DA COMPRA NO FECHAMENTO FOI DE APROXIMADAMENTE US$ 2,91 BILHÕES (SUJEITO A CERTOS AJUSTES PÓS-FECHAMENTO), INCLUINDO APROXIMADAMENTE US$ 660 MILHÕES EM DINHEIRO E 519.107.215 AÇÕES ORDINÁRIAS DA LENOVO RECÉM-EMITIDAS, COM UM VALOR AGREGADO DE US$ 750 MILHÕES, REPRESENTANDO CERCA DE 4,7% DAS AÇÕES EM CIRCULAÇÃO DA LENOVO, QUE FORAM TRANSFERIDAS PARA O GOOGLE NO FECHAMENTO. OS RESTANTES US$ 1,5 BILHÕES SERÃO PAGOS AO GOOGLE PELA LENOVO NA FORMA DE UMA NOTA PROMISSÓRIA DE TRÊS ANOS. UMA COMPENSAÇÃO DE SALDOS SEPARADA DE APROXIMADAMENTE US$ 228 MILHÕES FOI PAGA PELA LENOVO AO GOOGLE PRINCIPALMENTE PELO DINHEIRO E CAPITAL DE GIRO DETIDO PELA MOTOROLA NO MOMENTO DO FECHAMENTO. A TRANSAÇÃO ATENDEU AS EXIGÊNCIAS REGULATÓRIAS E CONDIÇÕES USUAIS DE FECHAMENTO, INCLUINDO AUTORIZAÇÃO DADA PELAS AUTORIDADES DA CONCORRÊNCIA NOS EUA, NA CHINA, NA UNIÃO EUROPEIA, NO BRASIL E NO MÉXICO, E PELO COMITÊ DE INVESTIMENTO ESTRANGEIRO DOS ESTADOS UNIDOS (CFIUS). ESTA É A QUINTA VEZ DESDE 2005 QUE A LENOVO RECEBE AUTORIZAÇÃO DO CFIUS PARA A AQUISIÇÃO DE UMA EMPRESA AMERICANA. SOBRE A LENOVO LENOVO (HKSE: 992) (ADR: LNVGY) É UMA EMPRESA LISTADA NO RANKING FORTUNE 500, AVALIADA EM $ 39 BILHÕES E LÍDER NO FORNECIMENTO DE TECNOLOGIA INOVADORA PARA USO COMERCIAL, EMPRESARIAL E POR CONSUMIDORES. NOSSO PORTFÓLIO DE PRODUTOS E SERVIÇOS SEGUROS E DE ALTA QUALIDADE INCLUEM PCS (INCLUINDO O LENDÁRIO THINK E AS MARCAS YOGA MULTIMODAIS), ESTAÇÕES DE TRABALHO, SERVIDORES, ARMAZENAMENTO, TVS INTELIGENTES E UMA FAMÍLIA DE PRODUTOS MÓVEIS COMO SMARTPHONES (INCLUINDO A MARCA MOTOROLA), TABLETS E APLICATIVOS. JUNTE-SE A NÓS NO LINKEDIN, SIGA-NOS NO FACEBOOK OU TWITTER (@LENOVO) OU VISITE NOSSO SITE EM WWW.LENOVO.COM. SOBRE O GOOGLE O GOOGLE É UMA EMPRESA DE TECNOLOGIA LÍDER MUNDIAL FOCADA EM MELHORAR A MANEIRA COMO AS PESSOAS SE CONECTAM COM A INFORMAÇÃO. AS INOVAÇÕES DO GOOGLE EM PUBLICIDADE E PESQUISA NA INTERNET FIZERAM DO SEU SITE UMA DAS MELHORES PROPRIEDADES DA INTERNET, BEM COMO TORNARAM SUA MARCA UMA DAS MAIS RECONHECIDAS NO MUNDO. *DROID É UMA MARCA REGISTRADA DA LUCASFILM LTD. E SUAS EMPRESAS RELACIONADAS. USADA SOB LICENÇA. PARA MAIS INFORMAÇÕES UM KIT DE IMPRENSA ESTÁ DISPONÍVEL AQUI: HTTP://NEWS.LENOVO.COM/MOTOROLAACQUISITION O TEXTO NO IDIOMA ORIGINAL DESTE ANÚNCIO É A VERSÃO OFICIAL AUTORIZADA. AS TRADUÇÕES SÃO FORNECIDAS APENAS COMO UMA FACILIDADE E DEVEM SE REFERIR AO TEXTO NO IDIOMA ORIGINAL, QUE É A ÚNICA VERSÃO DO TEXTO QUE TEM EFEITO LEGAL.","['concluda a aquisio da motorola mobility do google pela lenovo', 'research triangle park, carolina do norte mountain view, califrnia, eua.--business wire--lenovo hkse 0992 pink sheets lnvgy e google nasdaq goog anunciaram hoje que a aquisio da motorola mobility do google pela lenovo foi concluda', 'a aquisio da marca motorola e seu portflio de smartphones inovadores, como moto x, moto g, moto e e a srie droidtm, bem como o plano futuro de produtos da motorola, posicionam a lenovo como o terceiro maior fabricante de smartphones do mundo', 'a lenovo administrar a motorola como uma subsidiria integral', 'a sede da motorola permanecer em chicago', 'com a concluso da aquisio, a lenovo sada a adio da nova empresa, que possui quase 3.500 funcionrios em todo o mundo, incluindo cerca de 2.800 nos eua, que projetam, fabricam, vendem e prestam suporte aos excelentes dispositivos da motorola', 'hoje atingimos um marco histrico para a lenovo e para a motorola - e, juntos, estamos prontos para competir, crescer e vencer no mercado global de smartphones', 'ao assumir uma posio forte como nmero trs no mercado e concorrente de peso para as duas maiores empresas no setor de smartphones, daremos aos consumidores algo de que eles precisam opes, concorrncia e uma nova expresso de inovao, disse yang yuanqing, presidente e diretor executivo da lenovo', 'esta parceria sempre foi uma combinao perfeita', 'a lenovo tem uma estratgia clara, tima escala global e excelncia operacional comprovada', 'a motorola traz uma forte presena nos eua e outros mercados maduros, timos relacionamentos com as operadoras, uma marca icnica, um portflio slido de propriedade intelectual e uma equipe com talento incrvel', 'uma combinao vitoriosa', 'a motorola est em boas mos com a lenovo, uma empresa que est totalmente focada em fabricar timos dispositivos, disse larry page, diretor executivo do google', 'liu jun, vice-presidente executivo da lenovo e presidente do mobile business group da mesma empresa, tambm o presidente do conselho de administrao da motorola', 'rick osterloh, uma veterano na motorola, permanecer sendo o presidente e diretor operacional dessa empresa', 'a motorola j desenvolveu uma fora slida no mercado, e seus resultados recentes mostram que os consumidores esto empolgados com os produtos excepcionais da empresa, que se destacam por seu design e simplicidade, disse liu jun', 'com os pontos fortes que se complementam das nossas duas empresas, esperamos vender mais de 100 milhes de dispositivos mveis neste ano, incluindo smartphones e tablets, alavancando a posio lder da marca lenovo no mercado chins, nossa fora conjunta em mercados emergentes e a forte presena da motorola em mercados maduros, como os eua', 'a motorola j possui uma fora forte no mercado, liderada por lanamentos de novos produtos altamente bem-sucedidos e inovaes pioneiras, que tm gerado um crescimento slido', 'alm de smartphones, o relgio moto 360 chamou a ateno dos consumidores e posicionou a motorola como uma empresa que expande em reas emergentes de dispositivos mveis', 'conforme declarado anteriormente, a lenovo espera tornar o negcio da motorola lucrativo em quatro a seis trimestres', 'o google manter a posse da maior parte do portflio de patentes da motorola mobility, ao passo que a motorola receber uma licena para este valioso portflio de patentes e outras propriedades intelectuais', 'a motorola manter mais de 2.000 bens patenteveis e um grande nmero de acordos de patente de licena cruzada, bem como a marca motorola mobility e o portflio de marcas registradas', 'o preo total da compra no fechamento foi de aproximadamente us$ 2,91 bilhes sujeito a certos ajustes ps-fechamento, incluindo aproximadamente us$ 660 milhes em dinheiro e 519.107.215 aes ordinrias da lenovo recm-emitidas, com um valor agregado de us$ 750 milhes, representando cerca de 4,7 percent das aes em circulao da lenovo, que foram transferidas para o google no fechamento', 'os restantes us$ 1,5 bilhes sero pagos ao google pela lenovo na forma de uma nota promissria de trs anos', 'uma compensao de saldos separada de aproximadamente us$ 228 milhes foi paga pela lenovo ao google principalmente pelo dinheiro e capital de giro detido pela motorola no momento do fechamento', 'a transao atendeu as exigncias regulatrias e condies usuais de fechamento, incluindo autorizao dada pelas autoridades da concorrncia nos eua, na china, na unio europeia, no brasil e no mxico, e pelo comit de investimento estrangeiro dos estados unidos cfius', 'esta a quinta vez desde 2005 que a lenovo recebe autorizao do cfius para a aquisio de uma empresa americana', 'sobre a lenovo lenovo hkse 992 adr lnvgy uma empresa listada no ranking fortune 500, avaliada em $ 39 bilhes e lder no fornecimento de tecnologia inovadora para uso comercial, empresarial e por consumidores', 'nosso portflio de produtos e servios seguros e de alta qualidade incluem pcs incluindo o lendrio think e as marcas yoga multimodais, estaes de trabalho, servidores, armazenamento, tvs inteligentes e uma famlia de produtos mveis como smartphones incluindo a marca motorola, tablets e aplicativos', 'junte-se a ns no linkedin, siga-nos no facebook ou twitter lenovo ou visite nosso site em sobre o google o google uma empresa de tecnologia lder mundial focada em melhorar a maneira como as pessoas se conectam com a informao', 'as inovaes do google em publicidade e pesquisa na internet fizeram do seu site uma das melhores propriedades da internet, bem como tornaram sua marca uma das mais reconhecidas no mundo', 'droid uma marca registrada da lucasfilm ltd', 'e suas empresas relacionadas', 'usada sob licena', 'para mais informaes um kit de imprensa est disponvel aqui o texto no idioma original deste anncio a verso oficial autorizada', 'as tradues so fornecidas apenas como uma facilidade e devem se referir ao texto no idioma original, que a nica verso do texto que tem efeito legal.']",weakly_negative,-0.1550361111111111,neutral,neutral
31-10-2014,"LENOVO FINALIZA LA ADQUISICIÓN DE MOTOROLA MOBILITY, PREVIAMENTE DE 
      GOOGLE","RESEARCH TRIANGLE PARK, CAROLINA DEL NORTE Y MOUNTAIN VIEW, CALIFORNIA--(BUSINESS WIRE)--LENOVO (HKSE: 0992) (PINK SHEETS (HOJAS COLOR ROSA): LNVGY) Y GOOGLE (NASDAQ: GOOG) ANUNCIARON HOY QUE SE ENCUENTRA FINALIZADA LA ADQUISICIÓN DE MOTOROLA MOBILITY, QUE PASÓ DE GOOGLE A LENOVO. LA ADQUISICIÓN DE LA MARCA MOTOROLA Y LA CARTERA DE LOS INNOVADORES TELÉFONOS INTELIGENTES MOTOROLA, COMO MOTO X, MOTO G, MOTO E Y LA SERIE DROIDTM, ASÍ COMO LA FUTURA HOJA DE RUTA DE LOS PRODUCTOS MOTOROLA, POSICIONA A LENOVO COMO EL TERCER FABRICANTE DE TELÉFONOS INTELIGENTES MÁS GRANDE DEL MUNDO. LENOVO HARÁ QUE MOTOROLA FUNCIONE COMO UNA SUBSIDIARIA DE PROPIEDAD ABSOLUTA. LA SEDE CENTRAL DE MOTOROLA SEGUIRÁ ESTANDO EN CHICAGO. YA FINALIZADA LA ADQUISICIÓN, LENOVO CELEBRA LA INCORPORACIÓN DE UNA NUEVA SOCIEDAD DE CARTERA CON CASI 3 500 EMPLEADOS EN TODO EL MUNDO, INCLUIDOS UNOS 2 800 EN LOS EE. UU., QUE DISEÑAN, CREAN, VENDEN Y SOPORTAN EXCELENTES DISPOSITIVOS MOTOROLA. ""HOY HEMOS LOGRADO UN HITO QUE ES HISTÓRICO PARA LENOVO Y MOTOROLA Y, JUNTOS, ESTAMOS LISTOS PARA COMPETIR, CRECER Y GANAR EN EL MERCADO MUNDIAL DE LOS TELÉFONOS INTELIGENTES. AL CREAR SOLIDEZ COMO EL TERCER FABRICANTE MÁS GRANDE Y AL LLEVAR UN RIVAL CREÍBLE AL SEGUNDO PUESTO EN LA INDUSTRIA DE LOS TELÉFONOS INTELIGENTES, OFRECEREMOS, AL MERCADO, ALGO QUE VENÍA NECESITANDO: OPCIONES, COMPETENCIA Y OTRA CHISPA DE INNOVACIÓN"", COMENTÓ YANG YUANQING, PRESIDENTE Y DIRECTOR EJECUTIVO DE LENOVO. ""ESTA ASOCIACIÓN SIEMPRE HA CERRADO A LA PERFECCIÓN. LENOVO CUENTA CON UNA ESTRATEGIA CLARA, UNA GRAN PRESENCIA INTERNACIONAL Y UNA EXCELENCIA OPERATIVA COMPROBADA. POR SU PARTE, MOTOROLA APORTA UNA FUERTE PRESENCIA EN LOS EE. UU. Y EN OTROS MERCADOS MADUROS, EXCELENTES RELACIONES CON LOS PROVEEDORES, UNA MARCA REPRESENTATIVA, UNA SÓLIDA CARTERA DE DERECHOS DE PROPIEDAD INTELECTUAL Y UN EQUIPO SUMAMENTE TALENTOSO. SE TRATA DE UNA COMBINACIÓN GANADORA"". “MOTOROLA ESTÁ EN MUY BUENAS MANOS CON LENOVO, YA QUE ES UNA EMPRESA INTEGRAL A LA HORA DE CREAR EXCELENTES DISPOSITIVOS"", EXPRESÓ LARRY PAGE, DIRECTOR EJECUTIVO DE GOOGLE. LIU JUN, VICEPRESIDENTE EJECUTIVO DE LENOVO Y PRESIDENTE DE MOBILE BUSINESS GROUP DE LENOVO, ES QUIEN PRESIDE EL CONSEJO DE ADMINISTRACIÓN DE MOTOROLA. RICK OSTERLOH, VETERANO DE MOTOROLA, CONTINUARÁ SIENDO PRESIDENTE Y DIRECTOR DE OPERACIONES DE MOTOROLA. ""MOTOROLA YA HA CREADO UN FUERTE IMPULSO EN EL MERCADO, Y LOS ÚLTIMOS RESULTADOS DEMUESTRAN EL ENTUSIASMO DE LOS CONSUMIDORES RESPECTO DE LOS EXCEPCIONALES PRODUCTOS QUE SE DESTACAN POR SU DISEÑO Y SIMPLICIDAD"", EXPLICÓ LIU JUN. ""GRACIAS A LAS FUERZAS COMPLEMENTARIAS DE NUESTRAS DOS COMPAÑÍAS, ESPERAMOS VENDER MÁS DE 100 MILLONES DE DISPOSITIVOS MÓVILES ESTE AÑO (INCLUIDOS LOS TELÉFONOS INTELIGENTES Y LAS TABLETAS), YA QUE APROVECHAREMOS LA POSICIÓN LÍDER DE LA MARCA LENOVO EN EL MERCADO DE CHINA, NUESTRO IMPULSO COMPARTIDO EN LOS MERCADOS EMERGENTES Y LA FUERTE PRESENCIA DE MOTOROLA EN MERCADOS MADUROS COMO EL DE LOS EE. UU."". MOTOROLA YA CUENTA CON UN FUERTE IMPULSO EN EL MERCADO LIDERADO POR EL LANZAMIENTO DE NUEVOS PRODUCTOS MUY EXITOSOS Y LAS REVOLUCIONARIAS INNOVACIONES, QUE HAN LOGRADO UN SÓLIDO CRECIMIENTO. MÁS ALLÁ DE LOS TELÉFONOS INTELIGENTES, EL RELOJ MOTO 360 HA CAPTADO LA ATENCIÓN DE LOS CONSUMIDORES, Y MOTOROLA SE CONSTITUYE COMO UNA EMPRESA QUE SE EXTIENDE HASTA ÁREAS EMERGENTES DENTRO DEL SECTOR DE DISPOSITIVOS MÓVILES. COMO SE ESTABLECIÓ ANTERIORMENTE, LENOVO ESPERA LA RENTABILIDAD DEL NEGOCIO DE MOTOROLA EN UN PERÍODO DE CUATRO A SEIS TRIMESTRES. GOOGLE CONTINUARÁ COMO PROPIETARIO DE LA MAYOR PARTE DE LA CARTERA DE PATENTES DE MOTOROLA MOBILITY, MIENTRAS QUE MOTOROLA RECIBIRÁ UNA LICENCIA DE ESTA VALIOSA CARTERA DE PATENTES Y OTROS DERECHOS DE PROPIEDAD INTELECTUAL. MOTOROLA MANTENDRÁ MÁS DE 2 000 ACTIVOS DE PATENTES Y NUMEROSOS ACUERDOS DE LICENCIA CRUZADA DE PATENTES, ASÍ COMO LA MARCA MOTOROLA MOBILITY Y UNA CARTERA DE MARCAS COMERCIALES. LA COMPRA SE CERRÓ A UN PRECIO TOTAL DE, APROXIMADAMENTE, 2910 MILLONES DE DÓLARES ESTADOUNIDENSES (SUJETO A CIERTOS AJUSTES POSTERIORES AL CIERRE), QUE INCLUYEN UNOS 660 MILLONES DE USD EN EFECTIVO Y 519.107.215 NUEVAS ACCIONES ORDINARIAS EMITIDAS POR LENOVO, CON UN VALOR AGREGADO DE 750 MILLONES DE USD, QUE REPRESENTAN CERCA DEL 4,7 % DE LAS ACCIONES CIRCULANTES DE LENOVO, QUE SE TRANSFIRIERON A GOOGLE AL MOMENTO DEL CIERRE. LENOVO PAGARÁ LOS 1500 MILLONES DE USD RESTANTES A GOOGLE MEDIANTE UN PAGARÉ A TRES AÑOS. SEPARADAMENTE, LENOVO PAGÓ A GOOGLE UNA REMUNERACIÓN EN EFECTIVO DE, APROXIMADAMENTE, 228 MILLONES DE USD, PRINCIPALMENTE, POR EL EFECTIVO Y EL CAPITAL DE TRABAJO CON QUE CONTABA MOTOROLA AL CERRAR LA OPERACIÓN. LA TRANSACCIÓN HA CUMPLIDO CON TODOS LOS REQUISITOS REGULADORES Y LAS CONDICIONES DE CIERRE HABITUALES, INCLUIDA LA AUTORIZACIÓN DE LOS RESPONSABLES DE DEFENSA DE LA COMPETENCIA EN LOS EE. UU., CHINA, LA UNIÓN EUROPEA, BRASIL Y MÉXICO, ASÍ COMO DEL COMITÉ DE INVERSIONES EXTRANJERAS EN LOS ESTADOS UNIDOS (COMMITTEE ON FOREIGN INVESTMENT IN THE UNITED STATES, CFIUS). ESTA ES LA QUINTA VEZ QUE EL CFIUS AUTORIZA A LENOVO LA ADQUISICIÓN DE UNA EMPRESA ESTADOUNIDENSE DESDE 2005. ACERCA DE LENOVO LENOVO (HKSE: 992) (ADR: LNVGY) ES UNA EMPRESA GLOBAL DE 39 000 MILLONES DE USD QUE FIGURA EN FORTUNE 500 Y QUE ES LÍDER EN TECNOLOGÍA INNOVADORA CORPORATIVA, COMERCIAL Y DE CONSUMO. SU CARTERA DE PRODUCTOS Y SERVICIOS SEGUROS Y DE ALTA CALIDAD INCLUYE COMPUTADORAS DE ESCRITORIO (COMO LAS MARCAS LEGENDARIAS THINK Y YOGA MULTIMODO), ESTACIONES DE TRABAJO, SERVIDORES, ALMACENAMIENTO, TELEVISORES INTELIGENTES Y UNA FAMILIA DE PRODUCTOS MÓVILES, COMO TELÉFONOS INTELIGENTES (INCLUIDA LA MARCA MOTOROLA), TABLETAS Y APLICACIONES. ÚNASE A NOSOTROS EN LINKEDIN, SÍGANOS EN FACEBOOK O TWITTER (@LENOVO) O, BIEN, VISÍTENOS EN WWW.LENOVO.COM. ACERCA DE GOOGLE GOOGLE ES UN LÍDER MUNDIAL EN TECNOLOGÍA CUYO OBJETIVO ES MEJORAR LAS FORMAS EN LAS QUE LA GENTE SE CONECTA CON LA INFORMACIÓN. LAS INNOVACIONES DE GOOGLE EN PUBLICIDAD Y BÚSQUEDAS EN LA WEB HAN HECHO DE SU SITIO WEB UNA PROPIEDAD EXTRAORDINARIA DE INTERNET Y SU MARCA UNA DE LAS MÁS RECONOCIDAS EN EL MUNDO. *DROID ES UNA MARCA COMERCIAL DE LUCASFILM LTD. Y SUS EMPRESAS VINCULADAS. USADA BAJO LICENCIA. PARA OBTENER MÁS INFORMACIÓN COMUNICADOS DE PRENSA DISPONIBLES EN: HTTP://NEWS.LENOVO.COM/MOTOROLAACQUISITION EL TEXTO ORIGINAL EN EL IDIOMA FUENTE DE ESTE COMUNICADO ES LA VERSIÓN OFICIAL AUTORIZADA. LAS TRADUCCIONES SOLO SE SUMINISTRAN COMO ADAPTACIÓN Y DEBEN COTEJARSE CON EL TEXTO EN EL IDIOMA FUENTE, QUE ES LA ÚNICA VERSIÓN DEL TEXTO QUE TENDRÁ UN EFECTO LEGAL.","LENOVO FINALIZA LA ADQUISICIÓN DE MOTOROLA MOBILITY, PREVIAMENTE DE 
      GOOGLE. RESEARCH TRIANGLE PARK, CAROLINA DEL NORTE Y MOUNTAIN VIEW, CALIFORNIA--(BUSINESS WIRE)--LENOVO (HKSE: 0992) (PINK SHEETS (HOJAS COLOR ROSA): LNVGY) Y GOOGLE (NASDAQ: GOOG) ANUNCIARON HOY QUE SE ENCUENTRA FINALIZADA LA ADQUISICIÓN DE MOTOROLA MOBILITY, QUE PASÓ DE GOOGLE A LENOVO. LA ADQUISICIÓN DE LA MARCA MOTOROLA Y LA CARTERA DE LOS INNOVADORES TELÉFONOS INTELIGENTES MOTOROLA, COMO MOTO X, MOTO G, MOTO E Y LA SERIE DROIDTM, ASÍ COMO LA FUTURA HOJA DE RUTA DE LOS PRODUCTOS MOTOROLA, POSICIONA A LENOVO COMO EL TERCER FABRICANTE DE TELÉFONOS INTELIGENTES MÁS GRANDE DEL MUNDO. LENOVO HARÁ QUE MOTOROLA FUNCIONE COMO UNA SUBSIDIARIA DE PROPIEDAD ABSOLUTA. LA SEDE CENTRAL DE MOTOROLA SEGUIRÁ ESTANDO EN CHICAGO. YA FINALIZADA LA ADQUISICIÓN, LENOVO CELEBRA LA INCORPORACIÓN DE UNA NUEVA SOCIEDAD DE CARTERA CON CASI 3 500 EMPLEADOS EN TODO EL MUNDO, INCLUIDOS UNOS 2 800 EN LOS EE. UU., QUE DISEÑAN, CREAN, VENDEN Y SOPORTAN EXCELENTES DISPOSITIVOS MOTOROLA. ""HOY HEMOS LOGRADO UN HITO QUE ES HISTÓRICO PARA LENOVO Y MOTOROLA Y, JUNTOS, ESTAMOS LISTOS PARA COMPETIR, CRECER Y GANAR EN EL MERCADO MUNDIAL DE LOS TELÉFONOS INTELIGENTES. AL CREAR SOLIDEZ COMO EL TERCER FABRICANTE MÁS GRANDE Y AL LLEVAR UN RIVAL CREÍBLE AL SEGUNDO PUESTO EN LA INDUSTRIA DE LOS TELÉFONOS INTELIGENTES, OFRECEREMOS, AL MERCADO, ALGO QUE VENÍA NECESITANDO: OPCIONES, COMPETENCIA Y OTRA CHISPA DE INNOVACIÓN"", COMENTÓ YANG YUANQING, PRESIDENTE Y DIRECTOR EJECUTIVO DE LENOVO. ""ESTA ASOCIACIÓN SIEMPRE HA CERRADO A LA PERFECCIÓN. LENOVO CUENTA CON UNA ESTRATEGIA CLARA, UNA GRAN PRESENCIA INTERNACIONAL Y UNA EXCELENCIA OPERATIVA COMPROBADA. POR SU PARTE, MOTOROLA APORTA UNA FUERTE PRESENCIA EN LOS EE. UU. Y EN OTROS MERCADOS MADUROS, EXCELENTES RELACIONES CON LOS PROVEEDORES, UNA MARCA REPRESENTATIVA, UNA SÓLIDA CARTERA DE DERECHOS DE PROPIEDAD INTELECTUAL Y UN EQUIPO SUMAMENTE TALENTOSO. SE TRATA DE UNA COMBINACIÓN GANADORA"". “MOTOROLA ESTÁ EN MUY BUENAS MANOS CON LENOVO, YA QUE ES UNA EMPRESA INTEGRAL A LA HORA DE CREAR EXCELENTES DISPOSITIVOS"", EXPRESÓ LARRY PAGE, DIRECTOR EJECUTIVO DE GOOGLE. LIU JUN, VICEPRESIDENTE EJECUTIVO DE LENOVO Y PRESIDENTE DE MOBILE BUSINESS GROUP DE LENOVO, ES QUIEN PRESIDE EL CONSEJO DE ADMINISTRACIÓN DE MOTOROLA. RICK OSTERLOH, VETERANO DE MOTOROLA, CONTINUARÁ SIENDO PRESIDENTE Y DIRECTOR DE OPERACIONES DE MOTOROLA. ""MOTOROLA YA HA CREADO UN FUERTE IMPULSO EN EL MERCADO, Y LOS ÚLTIMOS RESULTADOS DEMUESTRAN EL ENTUSIASMO DE LOS CONSUMIDORES RESPECTO DE LOS EXCEPCIONALES PRODUCTOS QUE SE DESTACAN POR SU DISEÑO Y SIMPLICIDAD"", EXPLICÓ LIU JUN. ""GRACIAS A LAS FUERZAS COMPLEMENTARIAS DE NUESTRAS DOS COMPAÑÍAS, ESPERAMOS VENDER MÁS DE 100 MILLONES DE DISPOSITIVOS MÓVILES ESTE AÑO (INCLUIDOS LOS TELÉFONOS INTELIGENTES Y LAS TABLETAS), YA QUE APROVECHAREMOS LA POSICIÓN LÍDER DE LA MARCA LENOVO EN EL MERCADO DE CHINA, NUESTRO IMPULSO COMPARTIDO EN LOS MERCADOS EMERGENTES Y LA FUERTE PRESENCIA DE MOTOROLA EN MERCADOS MADUROS COMO EL DE LOS EE. UU."". MOTOROLA YA CUENTA CON UN FUERTE IMPULSO EN EL MERCADO LIDERADO POR EL LANZAMIENTO DE NUEVOS PRODUCTOS MUY EXITOSOS Y LAS REVOLUCIONARIAS INNOVACIONES, QUE HAN LOGRADO UN SÓLIDO CRECIMIENTO. MÁS ALLÁ DE LOS TELÉFONOS INTELIGENTES, EL RELOJ MOTO 360 HA CAPTADO LA ATENCIÓN DE LOS CONSUMIDORES, Y MOTOROLA SE CONSTITUYE COMO UNA EMPRESA QUE SE EXTIENDE HASTA ÁREAS EMERGENTES DENTRO DEL SECTOR DE DISPOSITIVOS MÓVILES. COMO SE ESTABLECIÓ ANTERIORMENTE, LENOVO ESPERA LA RENTABILIDAD DEL NEGOCIO DE MOTOROLA EN UN PERÍODO DE CUATRO A SEIS TRIMESTRES. GOOGLE CONTINUARÁ COMO PROPIETARIO DE LA MAYOR PARTE DE LA CARTERA DE PATENTES DE MOTOROLA MOBILITY, MIENTRAS QUE MOTOROLA RECIBIRÁ UNA LICENCIA DE ESTA VALIOSA CARTERA DE PATENTES Y OTROS DERECHOS DE PROPIEDAD INTELECTUAL. MOTOROLA MANTENDRÁ MÁS DE 2 000 ACTIVOS DE PATENTES Y NUMEROSOS ACUERDOS DE LICENCIA CRUZADA DE PATENTES, ASÍ COMO LA MARCA MOTOROLA MOBILITY Y UNA CARTERA DE MARCAS COMERCIALES. LA COMPRA SE CERRÓ A UN PRECIO TOTAL DE, APROXIMADAMENTE, 2910 MILLONES DE DÓLARES ESTADOUNIDENSES (SUJETO A CIERTOS AJUSTES POSTERIORES AL CIERRE), QUE INCLUYEN UNOS 660 MILLONES DE USD EN EFECTIVO Y 519.107.215 NUEVAS ACCIONES ORDINARIAS EMITIDAS POR LENOVO, CON UN VALOR AGREGADO DE 750 MILLONES DE USD, QUE REPRESENTAN CERCA DEL 4,7 % DE LAS ACCIONES CIRCULANTES DE LENOVO, QUE SE TRANSFIRIERON A GOOGLE AL MOMENTO DEL CIERRE. LENOVO PAGARÁ LOS 1500 MILLONES DE USD RESTANTES A GOOGLE MEDIANTE UN PAGARÉ A TRES AÑOS. SEPARADAMENTE, LENOVO PAGÓ A GOOGLE UNA REMUNERACIÓN EN EFECTIVO DE, APROXIMADAMENTE, 228 MILLONES DE USD, PRINCIPALMENTE, POR EL EFECTIVO Y EL CAPITAL DE TRABAJO CON QUE CONTABA MOTOROLA AL CERRAR LA OPERACIÓN. LA TRANSACCIÓN HA CUMPLIDO CON TODOS LOS REQUISITOS REGULADORES Y LAS CONDICIONES DE CIERRE HABITUALES, INCLUIDA LA AUTORIZACIÓN DE LOS RESPONSABLES DE DEFENSA DE LA COMPETENCIA EN LOS EE. UU., CHINA, LA UNIÓN EUROPEA, BRASIL Y MÉXICO, ASÍ COMO DEL COMITÉ DE INVERSIONES EXTRANJERAS EN LOS ESTADOS UNIDOS (COMMITTEE ON FOREIGN INVESTMENT IN THE UNITED STATES, CFIUS). ESTA ES LA QUINTA VEZ QUE EL CFIUS AUTORIZA A LENOVO LA ADQUISICIÓN DE UNA EMPRESA ESTADOUNIDENSE DESDE 2005. ACERCA DE LENOVO LENOVO (HKSE: 992) (ADR: LNVGY) ES UNA EMPRESA GLOBAL DE 39 000 MILLONES DE USD QUE FIGURA EN FORTUNE 500 Y QUE ES LÍDER EN TECNOLOGÍA INNOVADORA CORPORATIVA, COMERCIAL Y DE CONSUMO. SU CARTERA DE PRODUCTOS Y SERVICIOS SEGUROS Y DE ALTA CALIDAD INCLUYE COMPUTADORAS DE ESCRITORIO (COMO LAS MARCAS LEGENDARIAS THINK Y YOGA MULTIMODO), ESTACIONES DE TRABAJO, SERVIDORES, ALMACENAMIENTO, TELEVISORES INTELIGENTES Y UNA FAMILIA DE PRODUCTOS MÓVILES, COMO TELÉFONOS INTELIGENTES (INCLUIDA LA MARCA MOTOROLA), TABLETAS Y APLICACIONES. ÚNASE A NOSOTROS EN LINKEDIN, SÍGANOS EN FACEBOOK O TWITTER (@LENOVO) O, BIEN, VISÍTENOS EN WWW.LENOVO.COM. ACERCA DE GOOGLE GOOGLE ES UN LÍDER MUNDIAL EN TECNOLOGÍA CUYO OBJETIVO ES MEJORAR LAS FORMAS EN LAS QUE LA GENTE SE CONECTA CON LA INFORMACIÓN. LAS INNOVACIONES DE GOOGLE EN PUBLICIDAD Y BÚSQUEDAS EN LA WEB HAN HECHO DE SU SITIO WEB UNA PROPIEDAD EXTRAORDINARIA DE INTERNET Y SU MARCA UNA DE LAS MÁS RECONOCIDAS EN EL MUNDO. *DROID ES UNA MARCA COMERCIAL DE LUCASFILM LTD. Y SUS EMPRESAS VINCULADAS. USADA BAJO LICENCIA. PARA OBTENER MÁS INFORMACIÓN COMUNICADOS DE PRENSA DISPONIBLES EN: HTTP://NEWS.LENOVO.COM/MOTOROLAACQUISITION EL TEXTO ORIGINAL EN EL IDIOMA FUENTE DE ESTE COMUNICADO ES LA VERSIÓN OFICIAL AUTORIZADA. LAS TRADUCCIONES SOLO SE SUMINISTRAN COMO ADAPTACIÓN Y DEBEN COTEJARSE CON EL TEXTO EN EL IDIOMA FUENTE, QUE ES LA ÚNICA VERSIÓN DEL TEXTO QUE TENDRÁ UN EFECTO LEGAL.","['lenovo finaliza la adquisicin de motorola mobility, previamente de google', 'research triangle park, carolina del norte y mountain view, california--business wire--lenovo hkse 0992 pink sheets hojas color rosa lnvgy y google nasdaq goog anunciaron hoy que se encuentra finalizada la adquisicin de motorola mobility, que pas de google a lenovo', 'la adquisicin de la marca motorola y la cartera de los innovadores telfonos inteligentes motorola, como moto x, moto g, moto e y la serie droidtm, as como la futura hoja de ruta de los productos motorola, posiciona a lenovo como el tercer fabricante de telfonos inteligentes ms grande del mundo', 'lenovo har que motorola funcione como una subsidiaria de propiedad absoluta', 'la sede central de motorola seguir estando en chicago', 'ya finalizada la adquisicin, lenovo celebra la incorporacin de una nueva sociedad de cartera con casi 3 500 empleados en todo el mundo, incluidos unos 2 800 en los ee', 'uu., que disean, crean, venden y soportan excelentes dispositivos motorola', 'hoy hemos logrado un hito que es histrico para lenovo y motorola y, juntos, estamos listos para competir, crecer y ganar en el mercado mundial de los telfonos inteligentes', 'al crear solidez como el tercer fabricante ms grande y al llevar un rival creble al segundo puesto en la industria de los telfonos inteligentes, ofreceremos, al mercado, algo que vena necesitando opciones, competencia y otra chispa de innovacin, coment yang yuanqing, presidente y director ejecutivo de lenovo', 'esta asociacin siempre ha cerrado a la perfeccin', 'lenovo cuenta con una estrategia clara, una gran presencia internacional y una excelencia operativa comprobada', 'por su parte, motorola aporta una fuerte presencia en los ee', 'uu', 'y en otros mercados maduros, excelentes relaciones con los proveedores, una marca representativa, una slida cartera de derechos de propiedad intelectual y un equipo sumamente talentoso', 'se trata de una combinacin ganadora', 'motorola est en muy buenas manos con lenovo, ya que es una empresa integral a la hora de crear excelentes dispositivos, expres larry page, director ejecutivo de google', 'liu jun, vicepresidente ejecutivo de lenovo y presidente de mobile business group de lenovo, es quien preside el consejo de administracin de motorola', 'rick osterloh, veterano de motorola, continuar siendo presidente y director de operaciones de motorola', 'motorola ya ha creado un fuerte impulso en el mercado, y los ltimos resultados demuestran el entusiasmo de los consumidores respecto de los excepcionales productos que se destacan por su diseo y simplicidad, explic liu jun', 'gracias a las fuerzas complementarias de nuestras dos compaas, esperamos vender ms de 100 millones de dispositivos mviles este ao incluidos los telfonos inteligentes y las tabletas, ya que aprovecharemos la posicin lder de la marca lenovo en el mercado de china, nuestro impulso compartido en los mercados emergentes y la fuerte presencia de motorola en mercados maduros como el de los ee', 'uu.', 'motorola ya cuenta con un fuerte impulso en el mercado liderado por el lanzamiento de nuevos productos muy exitosos y las revolucionarias innovaciones, que han logrado un slido crecimiento', 'ms all de los telfonos inteligentes, el reloj moto 360 ha captado la atencin de los consumidores, y motorola se constituye como una empresa que se extiende hasta reas emergentes dentro del sector de dispositivos mviles', 'como se estableci anteriormente, lenovo espera la rentabilidad del negocio de motorola en un perodo de cuatro a seis trimestres', 'google continuar como propietario de la mayor parte de la cartera de patentes de motorola mobility, mientras que motorola recibir una licencia de esta valiosa cartera de patentes y otros derechos de propiedad intelectual', 'motorola mantendr ms de 2 000 activos de patentes y numerosos acuerdos de licencia cruzada de patentes, as como la marca motorola mobility y una cartera de marcas comerciales', 'la compra se cerr a un precio total de, aproximadamente, 2910 millones de dlares estadounidenses sujeto a ciertos ajustes posteriores al cierre, que incluyen unos 660 millones de usd en efectivo y 519.107.215 nuevas acciones ordinarias emitidas por lenovo, con un valor agregado de 750 millones de usd, que representan cerca del 4,7 % de las acciones circulantes de lenovo, que se transfirieron a google al momento del cierre', 'lenovo pagar los 1500 millones de usd restantes a google mediante un pagar a tres aos', 'separadamente, lenovo pag a google una remuneracin en efectivo de, aproximadamente, 228 millones de usd, principalmente, por el efectivo y el capital de trabajo con que contaba motorola al cerrar la operacin', 'la transaccin ha cumplido con todos los requisitos reguladores y las condiciones de cierre habituales, incluida la autorizacin de los responsables de defensa de la competencia en los ee', 'uu., china, la unin europea, brasil y mxico, as como del comit de inversiones extranjeras en los estados unidos committee on foreign investment in the united states, cfius', 'esta es la quinta vez que el cfius autoriza a lenovo la adquisicin de una empresa estadounidense desde 2005', 'acerca de lenovo lenovo hkse 992 adr lnvgy es una empresa global de 39 000 millones de usd que figura en fortune 500 y que es lder en tecnologa innovadora corporativa, comercial y de consumo', 'su cartera de productos y servicios seguros y de alta calidad incluye computadoras de escritorio como las marcas legendarias think y yoga multimodo, estaciones de trabajo, servidores, almacenamiento, televisores inteligentes y una familia de productos mviles, como telfonos inteligentes incluida la marca motorola, tabletas y aplicaciones', 'nase a nosotros en linkedin, sganos en facebook o twitter lenovo o, bien, vistenos en acerca de google google es un lder mundial en tecnologa cuyo objetivo es mejorar las formas en las que la gente se conecta con la informacin', 'las innovaciones de google en publicidad y bsquedas en la web han hecho de su sitio web una propiedad extraordinaria de internet y su marca una de las ms reconocidas en el mundo', 'droid es una marca comercial de lucasfilm ltd', 'y sus empresas vinculadas', 'usada bajo licencia', 'para obtener ms informacin comunicados de prensa disponibles en el texto original en el idioma fuente de este comunicado es la versin oficial autorizada', 'las traducciones solo se suministran como adaptacin y deben cotejarse con el texto en el idioma fuente, que es la nica versin del texto que tendr un efecto legal.']",weakly_positive,0.0543341463414634,neutral,neutral
31-10-2014,LENOVO FINALISE L’ACQUISITION DE MOTOROLA MOBILITY DE GOOGLE,"RESEARCH TRIANGLE PARK, CAROLINE DU NORD ET MOUNTAIN VIEW, CALIFORNIE--(BUSINESS WIRE)--LENOVO (HKSE : 0992) (PINK SHEETS : LNVGY) ET GOOGLE (NASDAQ : GOOG) ONT ANNONCÉ AUJOURD’HUI LA CONCLUSION DE L’ACQUISITION PAR LENOVO DE MOTOROLA MOBILITY DE GOOGLE. L’ACQUISITION DE LA MARQUE MOTOROLA ET DU PORTEFEUILLE DE SMARTPHONES NOVATEURS DE MOTOROLA TELS QUE MOTO X, MOTO G, MOTO E ET LA SÉRIE DROIDMC, AINSI QUE LA FUTURE FEUILLE DE ROUTE DE MOTOROLA, POSITIONNE LENOVO AU RANG DE TROISIÈME FABRICANT MONDIAL DE SMARTPHONES. MOTOROLA SERA EXPLOITÉ PAR LENOVO À TITRE DE FILIALE EN PROPRIÉTÉ EXCLUSIVE. LE SIÈGE DE MOTOROLA RESTERA À CHICAGO. AVEC LA RÉALISATION DE CETTE ACQUISITION, LENOVO SE RÉJOUIT DE L’ARRIVÉE DANS SON GIRON D’UNE NOUVELLE SOCIÉTÉ DE PORTEFEUILLE COMPTANT PRÈS DE 3 500 EMPLOYÉS DANS LE MONDE, DONT ENVIRON 2 800 AUX ÉTATS-UNIS, QUI CONÇOIT, FABRIQUE, COMMERCIALISE ET SUPPORTE LES DISPOSITIFS EXCEPTIONNELS DE MOTOROLA. « NOUS AVONS CONCLU AUJOURD’HUI UN ACCORD HISTORIQUE POUR LENOVO ET MOTOROLA ; ENSEMBLE, NOUS SOMMES PRÊTS À CROÎTRE, À AFFRONTER LA CONCURRENCE ET À TRIOMPHER SUR LE MARCHÉ INTERNATIONAL DES SMARTPHONES. EN DEVENANT UN NUMÉRO TROIS PUISSANT ET UN PRÉTENDANT CRÉDIBLE AUX DEUX PREMIÈRES PLACES DU PODIUM DES SMARTPHONES, NOUS APPORTERONS AU SECTEUR CE QU’IL RECHERCHE : DES CHOIX, LA CONCURRENCE ET UNE NOUVELLE ÉTINCELLE D’INNOVATION », A DÉCLARÉ YANG YUANQING, PRÉSIDENT-DIRECTEUR GÉNÉRAL DE LENOVO. « CE PARTENARIAT A TOUJOURS ÉTÉ PARFAIT. LENOVO A UNE STRATÉGIE CLAIREMENT DÉFINIE, UNE DIMENSION EXCEPTIONNELLE À L’ÉCHELLE MONDIALE ET UNE COMPÉTENCE OPÉRATIONNELLE DÉMONTRÉE. MOTOROLA APPORTE SA FORTE PRÉSENCE AUX ÉTATS-UNIS ET SUR D’AUTRES MARCHÉS BIEN IMPLANTÉS, D’EXCELLENTES RELATIONS AVEC LES OPÉRATEURS, UNE MARQUE EMBLÉMATIQUE, UN SOLIDE PORTEFEUILLE DE PROPRIÉTÉS INTELLECTUELLES ET UNE ÉQUIPE AU TALENT EXCEPTIONNEL. CE RAPPROCHEMENT EST UNE FORMULE GAGNANTE. » « MOTOROLA EST ENTRE DE BONNES MAINS AVEC LENOVO, UNE ENTREPRISE DÉTERMINÉE À FABRIQUER DES DISPOSITIFS EXCEPTIONNELS », A DÉCLARÉ LARRY PAGE, PRÉSIDENT-DIRECTEUR GÉNÉRAL DE GOOGLE. LIU JUN, VICE-PRÉSIDENT EXÉCUTIF DE LENOVO ET PRÉSIDENT DU MOBILE BUSINESS GROUP DE LENOVO, EST PRÉSIDENT DU CONSEIL D’ADMINISTRATION DE MOTOROLA. RICK OSTERLOH, UN VÉTÉRAN DE MOTOROLA, RESTERA PRÉSIDENT ET DIRECTEUR DE L’EXPLOITATION DE MOTOROLA. « MOTOROLA POURSUIT RÉSOLUMENT SON ÉLAN SUR LE MARCHÉ, ET SES RÉSULTATS RÉCENTS MONTRENT QUE LES CONSOMMATEURS SONT SÉDUITS PAR SES PRODUITS EXCEPTIONNELS CARACTÉRISÉS PAR LEUR CONCEPTION ET LEUR SIMPLICITÉ », A DÉCLARÉ LIU JUN. « GRÂCE À LA COMPLÉMENTARITÉ DE NOS DEUX ENTREPRISES, NOUS PRÉVOYONS DE VENDRE PLUS DE 100 MILLIONS D’APPAREILS MOBILES CETTE ANNÉE, Y COMPRIS DES SMARTPHONES ET DES TABLETTES, EN NOUS APPUYANT SUR LA POSITION DOMINANTE DE LA MARQUE LENOVO SUR LE MARCHÉ CHINOIS, NOTRE DYNAMIQUE COMMUNE SUR LES MARCHÉS ÉMERGENTS ET LA FORTE IMPLANTATION DE MOTOROLA SUR LES MARCHÉS MATURES TELS QUE LES ÉTATS-UNIS. » MOTOROLA POURSUIT RÉSOLUMENT SON ÉLAN SUR LE MARCHÉ, SOUTENU PAR LES LANCEMENTS RÉUSSIS DE NOUVEAUX PRODUITS ET D’INNOVATIONS RÉVOLUTIONNAIRES QUI LUI ONT PERMIS DE RÉALISER UNE CROISSANCE SOLIDE. AU-DELÀ DES SMARTPHONES, LA MONTRE MOTO 360 A CAPTÉ L’ATTENTION DES CONSOMMATEURS ET ÉTABLI MOTOROLA EN TANT QU’ENTREPRISE SE DÉVELOPPANT DANS LES SECTEURS ÉMERGENTS DES APPAREILS MOBILES. COMME NOUS LE MENTIONNIONS PRÉCÉDEMMENT, LENOVO PRÉVOIT D’ATTEINDRE LA RENTABILITÉ AVEC MOTOROLA DANS QUATRE À SIX TRIMESTRES. GOOGLE CONSERVERA LA PROPRIÉTÉ D’UNE MAJORITÉ DU PORTEFEUILLE DE BREVETS DE MOTOROLA MOBILITY, TANDIS QUE MOTOROLA RECEVRA UNE LICENCE POUR CE RICHE PORTEFEUILLE DE BREVETS ET AUTRES PROPRIÉTÉS INTELLECTUELLES. MOTOROLA CONSERVERA PLUS DE 2 000 ACTIFS EN BREVETS ET UN GRAND NOMBRE D’ACCORDS DE LICENCES RÉCIPROQUES SUR LES BREVETS, DE MÊME QUE LA MARQUE MOTOROLA MOBILITY ET LE PORTEFEUILLE DE MARQUES COMMERCIALES. LE MONTANT GLOBAL DE LA TRANSACTION À LA CLÔTURE ÉTAIT D’ENVIRON 2,91 MILLIARDS USD (SOUS RÉSERVE D’AJUSTEMENTS APRÈS CLÔTURE), Y COMPRIS ENVIRON 660 MILLIONS USD EN TRÉSORERIE ET 519 107 215 ACTIONS ORDINAIRES NOUVELLEMENT ÉMISES DE LENOVO, D’UNE VALEUR CUMULÉE DE 750 MILLIONS USD, REPRÉSENTANT ENVIRON 4,7 % DES ACTIONS DE LENOVO EN CIRCULATION, QUI ONT ÉTÉ TRANSFÉRÉES À GOOGLE À LA CLÔTURE. LE 1,5 MILLIARD USD RESTANT SERA VERSÉ À GOOGLE PAR LENOVO SOUS LA FORME D’UN EFFET À REMBOURSER SUR TROIS ANS. UNE RÉMUNÉRATION EN ESPÈCES DISTINCTE D’ENVIRON 228 MILLIONS USD A ÉTÉ PAYÉE PAR LENOVO À GOOGLE ESSENTIELLEMENT POUR LE FONDS DE ROULEMENT ET LES LIQUIDITÉS DÉTENUS PAR MOTOROLA AU MOMENT DE LA CLÔTURE. LA TRANSACTION A SATISFAIT À TOUTES LES AUTORISATIONS RÉGLEMENTAIRES ET CONDITIONS DE CLÔTURE D’USAGE, Y COMPRIS L’APPROBATION DES AUTORITÉS DE LA CONCURRENCE AMÉRICAINES, CHINOISES, EUROPÉENNES, BRÉSILIENNES ET MEXICAINES ET DE LA COMMISSION DES INVESTISSEMENTS ÉTRANGERS AUX ÉTATS-UNIS (CFIUS). C’EST LA CINQUIÈME FOIS DEPUIS 2005 QUE LENOVO OBTIENT L’AUTORISATION DE LA CFIUS D’ACQUÉRIR UNE ENTREPRISE AMÉRICAINE. À PROPOS DE LENOVO LENOVO (HKSE : 992) (ADR : LNVGY) EST UNE ENTREPRISE DU FORTUNE GLOBAL 500 DE 39 MILLIARDS USD ET UN CHEF DE FILE DES TECHNOLOGIES NOVATRICES POUR LES MARCHÉS GRAND PUBLIC, COMMERCIAL ET INDUSTRIEL. NOTRE PORTEFEUILLE DE SERVICES ET DE PRODUITS SÛRS DE HAUTE QUALITÉ COUVRE LES PC (Y COMPRIS LES MARQUES LÉGENDAIRES THINK ET YOGA MULTIMODE), STATIONS DE TRAVAIL, SERVEURS, DISPOSITIFS DE STOCKAGE, TÉLÉVISEURS INTELLIGENTS ET TOUTE UNE GAMME D’APPAREILS MOBILES TELS QUE LES SMARTPHONES (Y COMPRIS LA MARQUE MOTOROLA), LES TABLETTES ET LES APPLICATIONS. REJOIGNEZ-NOUS SUR LINKEDIN, ET SUIVEZ-NOUS SUR FACEBOOK OU SUR TWITTER (@LENOVO) OU CONSULTEZ WWW.LENOVO.COM. À PROPOS DE GOOGLE GOOGLE EST UN LEADER TECHNOLOGIQUE MONDIAL SPÉCIALISÉ DANS L’AMÉLIORATION DES MOYENS DE CONNECTER LES GENS À L’INFORMATION. LES INNOVATIONS DE GOOGLE EN MATIÈRE DE RECHERCHE ET DE PUBLICITÉ SUR INTERNET ONT FAIT DE SON SITE WEB UNE ADRESSE INCONTOURNABLE ET DE SA MARQUE L’UNE DES PLUS CONNUES AU MONDE. *DROID EST UNE MARQUE DE COMMERCE DE LUCASFILM LTD. ET SES SOCIÉTÉS AFFILIÉES. UTILISÉ SOUS LICENCE. POUR PLUS D’INFORMATIONS UN DOSSIER DE PRESSE EST DISPONIBLE À : HTTP://NEWS.LENOVO.COM/MOTOROLAACQUISITION LE TEXTE DU COMMUNIQUÉ ISSU D’UNE TRADUCTION NE DOIT D’AUCUNE MANIÈRE ÊTRE CONSIDÉRÉ COMME OFFICIEL. LA SEULE VERSION DU COMMUNIQUÉ QUI FASSE FOI EST CELLE DU COMMUNIQUÉ DANS SA LANGUE D’ORIGINE. LA TRADUCTION DEVRA TOUJOURS ÊTRE CONFRONTÉE AU TEXTE SOURCE, QUI FERA JURISPRUDENCE.","LENOVO FINALISE L’ACQUISITION DE MOTOROLA MOBILITY DE GOOGLE. RESEARCH TRIANGLE PARK, CAROLINE DU NORD ET MOUNTAIN VIEW, CALIFORNIE--(BUSINESS WIRE)--LENOVO (HKSE : 0992) (PINK SHEETS : LNVGY) ET GOOGLE (NASDAQ : GOOG) ONT ANNONCÉ AUJOURD’HUI LA CONCLUSION DE L’ACQUISITION PAR LENOVO DE MOTOROLA MOBILITY DE GOOGLE. L’ACQUISITION DE LA MARQUE MOTOROLA ET DU PORTEFEUILLE DE SMARTPHONES NOVATEURS DE MOTOROLA TELS QUE MOTO X, MOTO G, MOTO E ET LA SÉRIE DROIDMC, AINSI QUE LA FUTURE FEUILLE DE ROUTE DE MOTOROLA, POSITIONNE LENOVO AU RANG DE TROISIÈME FABRICANT MONDIAL DE SMARTPHONES. MOTOROLA SERA EXPLOITÉ PAR LENOVO À TITRE DE FILIALE EN PROPRIÉTÉ EXCLUSIVE. LE SIÈGE DE MOTOROLA RESTERA À CHICAGO. AVEC LA RÉALISATION DE CETTE ACQUISITION, LENOVO SE RÉJOUIT DE L’ARRIVÉE DANS SON GIRON D’UNE NOUVELLE SOCIÉTÉ DE PORTEFEUILLE COMPTANT PRÈS DE 3 500 EMPLOYÉS DANS LE MONDE, DONT ENVIRON 2 800 AUX ÉTATS-UNIS, QUI CONÇOIT, FABRIQUE, COMMERCIALISE ET SUPPORTE LES DISPOSITIFS EXCEPTIONNELS DE MOTOROLA. « NOUS AVONS CONCLU AUJOURD’HUI UN ACCORD HISTORIQUE POUR LENOVO ET MOTOROLA ; ENSEMBLE, NOUS SOMMES PRÊTS À CROÎTRE, À AFFRONTER LA CONCURRENCE ET À TRIOMPHER SUR LE MARCHÉ INTERNATIONAL DES SMARTPHONES. EN DEVENANT UN NUMÉRO TROIS PUISSANT ET UN PRÉTENDANT CRÉDIBLE AUX DEUX PREMIÈRES PLACES DU PODIUM DES SMARTPHONES, NOUS APPORTERONS AU SECTEUR CE QU’IL RECHERCHE : DES CHOIX, LA CONCURRENCE ET UNE NOUVELLE ÉTINCELLE D’INNOVATION », A DÉCLARÉ YANG YUANQING, PRÉSIDENT-DIRECTEUR GÉNÉRAL DE LENOVO. « CE PARTENARIAT A TOUJOURS ÉTÉ PARFAIT. LENOVO A UNE STRATÉGIE CLAIREMENT DÉFINIE, UNE DIMENSION EXCEPTIONNELLE À L’ÉCHELLE MONDIALE ET UNE COMPÉTENCE OPÉRATIONNELLE DÉMONTRÉE. MOTOROLA APPORTE SA FORTE PRÉSENCE AUX ÉTATS-UNIS ET SUR D’AUTRES MARCHÉS BIEN IMPLANTÉS, D’EXCELLENTES RELATIONS AVEC LES OPÉRATEURS, UNE MARQUE EMBLÉMATIQUE, UN SOLIDE PORTEFEUILLE DE PROPRIÉTÉS INTELLECTUELLES ET UNE ÉQUIPE AU TALENT EXCEPTIONNEL. CE RAPPROCHEMENT EST UNE FORMULE GAGNANTE. » « MOTOROLA EST ENTRE DE BONNES MAINS AVEC LENOVO, UNE ENTREPRISE DÉTERMINÉE À FABRIQUER DES DISPOSITIFS EXCEPTIONNELS », A DÉCLARÉ LARRY PAGE, PRÉSIDENT-DIRECTEUR GÉNÉRAL DE GOOGLE. LIU JUN, VICE-PRÉSIDENT EXÉCUTIF DE LENOVO ET PRÉSIDENT DU MOBILE BUSINESS GROUP DE LENOVO, EST PRÉSIDENT DU CONSEIL D’ADMINISTRATION DE MOTOROLA. RICK OSTERLOH, UN VÉTÉRAN DE MOTOROLA, RESTERA PRÉSIDENT ET DIRECTEUR DE L’EXPLOITATION DE MOTOROLA. « MOTOROLA POURSUIT RÉSOLUMENT SON ÉLAN SUR LE MARCHÉ, ET SES RÉSULTATS RÉCENTS MONTRENT QUE LES CONSOMMATEURS SONT SÉDUITS PAR SES PRODUITS EXCEPTIONNELS CARACTÉRISÉS PAR LEUR CONCEPTION ET LEUR SIMPLICITÉ », A DÉCLARÉ LIU JUN. « GRÂCE À LA COMPLÉMENTARITÉ DE NOS DEUX ENTREPRISES, NOUS PRÉVOYONS DE VENDRE PLUS DE 100 MILLIONS D’APPAREILS MOBILES CETTE ANNÉE, Y COMPRIS DES SMARTPHONES ET DES TABLETTES, EN NOUS APPUYANT SUR LA POSITION DOMINANTE DE LA MARQUE LENOVO SUR LE MARCHÉ CHINOIS, NOTRE DYNAMIQUE COMMUNE SUR LES MARCHÉS ÉMERGENTS ET LA FORTE IMPLANTATION DE MOTOROLA SUR LES MARCHÉS MATURES TELS QUE LES ÉTATS-UNIS. » MOTOROLA POURSUIT RÉSOLUMENT SON ÉLAN SUR LE MARCHÉ, SOUTENU PAR LES LANCEMENTS RÉUSSIS DE NOUVEAUX PRODUITS ET D’INNOVATIONS RÉVOLUTIONNAIRES QUI LUI ONT PERMIS DE RÉALISER UNE CROISSANCE SOLIDE. AU-DELÀ DES SMARTPHONES, LA MONTRE MOTO 360 A CAPTÉ L’ATTENTION DES CONSOMMATEURS ET ÉTABLI MOTOROLA EN TANT QU’ENTREPRISE SE DÉVELOPPANT DANS LES SECTEURS ÉMERGENTS DES APPAREILS MOBILES. COMME NOUS LE MENTIONNIONS PRÉCÉDEMMENT, LENOVO PRÉVOIT D’ATTEINDRE LA RENTABILITÉ AVEC MOTOROLA DANS QUATRE À SIX TRIMESTRES. GOOGLE CONSERVERA LA PROPRIÉTÉ D’UNE MAJORITÉ DU PORTEFEUILLE DE BREVETS DE MOTOROLA MOBILITY, TANDIS QUE MOTOROLA RECEVRA UNE LICENCE POUR CE RICHE PORTEFEUILLE DE BREVETS ET AUTRES PROPRIÉTÉS INTELLECTUELLES. MOTOROLA CONSERVERA PLUS DE 2 000 ACTIFS EN BREVETS ET UN GRAND NOMBRE D’ACCORDS DE LICENCES RÉCIPROQUES SUR LES BREVETS, DE MÊME QUE LA MARQUE MOTOROLA MOBILITY ET LE PORTEFEUILLE DE MARQUES COMMERCIALES. LE MONTANT GLOBAL DE LA TRANSACTION À LA CLÔTURE ÉTAIT D’ENVIRON 2,91 MILLIARDS USD (SOUS RÉSERVE D’AJUSTEMENTS APRÈS CLÔTURE), Y COMPRIS ENVIRON 660 MILLIONS USD EN TRÉSORERIE ET 519 107 215 ACTIONS ORDINAIRES NOUVELLEMENT ÉMISES DE LENOVO, D’UNE VALEUR CUMULÉE DE 750 MILLIONS USD, REPRÉSENTANT ENVIRON 4,7 % DES ACTIONS DE LENOVO EN CIRCULATION, QUI ONT ÉTÉ TRANSFÉRÉES À GOOGLE À LA CLÔTURE. LE 1,5 MILLIARD USD RESTANT SERA VERSÉ À GOOGLE PAR LENOVO SOUS LA FORME D’UN EFFET À REMBOURSER SUR TROIS ANS. UNE RÉMUNÉRATION EN ESPÈCES DISTINCTE D’ENVIRON 228 MILLIONS USD A ÉTÉ PAYÉE PAR LENOVO À GOOGLE ESSENTIELLEMENT POUR LE FONDS DE ROULEMENT ET LES LIQUIDITÉS DÉTENUS PAR MOTOROLA AU MOMENT DE LA CLÔTURE. LA TRANSACTION A SATISFAIT À TOUTES LES AUTORISATIONS RÉGLEMENTAIRES ET CONDITIONS DE CLÔTURE D’USAGE, Y COMPRIS L’APPROBATION DES AUTORITÉS DE LA CONCURRENCE AMÉRICAINES, CHINOISES, EUROPÉENNES, BRÉSILIENNES ET MEXICAINES ET DE LA COMMISSION DES INVESTISSEMENTS ÉTRANGERS AUX ÉTATS-UNIS (CFIUS). C’EST LA CINQUIÈME FOIS DEPUIS 2005 QUE LENOVO OBTIENT L’AUTORISATION DE LA CFIUS D’ACQUÉRIR UNE ENTREPRISE AMÉRICAINE. À PROPOS DE LENOVO LENOVO (HKSE : 992) (ADR : LNVGY) EST UNE ENTREPRISE DU FORTUNE GLOBAL 500 DE 39 MILLIARDS USD ET UN CHEF DE FILE DES TECHNOLOGIES NOVATRICES POUR LES MARCHÉS GRAND PUBLIC, COMMERCIAL ET INDUSTRIEL. NOTRE PORTEFEUILLE DE SERVICES ET DE PRODUITS SÛRS DE HAUTE QUALITÉ COUVRE LES PC (Y COMPRIS LES MARQUES LÉGENDAIRES THINK ET YOGA MULTIMODE), STATIONS DE TRAVAIL, SERVEURS, DISPOSITIFS DE STOCKAGE, TÉLÉVISEURS INTELLIGENTS ET TOUTE UNE GAMME D’APPAREILS MOBILES TELS QUE LES SMARTPHONES (Y COMPRIS LA MARQUE MOTOROLA), LES TABLETTES ET LES APPLICATIONS. REJOIGNEZ-NOUS SUR LINKEDIN, ET SUIVEZ-NOUS SUR FACEBOOK OU SUR TWITTER (@LENOVO) OU CONSULTEZ WWW.LENOVO.COM. À PROPOS DE GOOGLE GOOGLE EST UN LEADER TECHNOLOGIQUE MONDIAL SPÉCIALISÉ DANS L’AMÉLIORATION DES MOYENS DE CONNECTER LES GENS À L’INFORMATION. LES INNOVATIONS DE GOOGLE EN MATIÈRE DE RECHERCHE ET DE PUBLICITÉ SUR INTERNET ONT FAIT DE SON SITE WEB UNE ADRESSE INCONTOURNABLE ET DE SA MARQUE L’UNE DES PLUS CONNUES AU MONDE. *DROID EST UNE MARQUE DE COMMERCE DE LUCASFILM LTD. ET SES SOCIÉTÉS AFFILIÉES. UTILISÉ SOUS LICENCE. POUR PLUS D’INFORMATIONS UN DOSSIER DE PRESSE EST DISPONIBLE À : HTTP://NEWS.LENOVO.COM/MOTOROLAACQUISITION LE TEXTE DU COMMUNIQUÉ ISSU D’UNE TRADUCTION NE DOIT D’AUCUNE MANIÈRE ÊTRE CONSIDÉRÉ COMME OFFICIEL. LA SEULE VERSION DU COMMUNIQUÉ QUI FASSE FOI EST CELLE DU COMMUNIQUÉ DANS SA LANGUE D’ORIGINE. LA TRADUCTION DEVRA TOUJOURS ÊTRE CONFRONTÉE AU TEXTE SOURCE, QUI FERA JURISPRUDENCE.","['lenovo finalise lacquisition de motorola mobility de google', 'research triangle park, caroline du nord et mountain view, californie--business wire--lenovo hkse 0992 pink sheets lnvgy et google nasdaq goog ont annonc aujourdhui la conclusion de lacquisition par lenovo de motorola mobility de google', 'lacquisition de la marque motorola et du portefeuille de smartphones novateurs de motorola tels que moto x, moto g, moto e et la srie droidmc, ainsi que la future feuille de route de motorola, positionne lenovo au rang de troisime fabricant mondial de smartphones', 'motorola sera exploit par lenovo titre de filiale en proprit exclusive', 'le sige de motorola restera chicago', 'avec la ralisation de cette acquisition, lenovo se rjouit de larrive dans son giron dune nouvelle socit de portefeuille comptant prs de 3 500 employs dans le monde, dont environ 2 800 aux tats-unis, qui conoit, fabrique, commercialise et supporte les dispositifs exceptionnels de motorola', 'nous avons conclu aujourdhui un accord historique pour lenovo et motorola ensemble, nous sommes prts crotre, affronter la concurrence et triompher sur le march international des smartphones', 'en devenant un numro trois puissant et un prtendant crdible aux deux premires places du podium des smartphones, nous apporterons au secteur ce quil recherche des choix, la concurrence et une nouvelle tincelle dinnovation , a dclar yang yuanqing, prsident-directeur gnral de lenovo', 'ce partenariat a toujours t parfait', 'lenovo a une stratgie clairement dfinie, une dimension exceptionnelle lchelle mondiale et une comptence oprationnelle dmontre', 'motorola apporte sa forte prsence aux tats-unis et sur dautres marchs bien implants, dexcellentes relations avec les oprateurs, une marque emblmatique, un solide portefeuille de proprits intellectuelles et une quipe au talent exceptionnel', 'ce rapprochement est une formule gagnante', 'motorola est entre de bonnes mains avec lenovo, une entreprise dtermine fabriquer des dispositifs exceptionnels , a dclar larry page, prsident-directeur gnral de google', 'liu jun, vice-prsident excutif de lenovo et prsident du mobile business group de lenovo, est prsident du conseil dadministration de motorola', 'rick osterloh, un vtran de motorola, restera prsident et directeur de lexploitation de motorola', 'motorola poursuit rsolument son lan sur le march, et ses rsultats rcents montrent que les consommateurs sont sduits par ses produits exceptionnels caractriss par leur conception et leur simplicit , a dclar liu jun', 'grce la complmentarit de nos deux entreprises, nous prvoyons de vendre plus de 100 millions dappareils mobiles cette anne, y compris des smartphones et des tablettes, en nous appuyant sur la position dominante de la marque lenovo sur le march chinois, notre dynamique commune sur les marchs mergents et la forte implantation de motorola sur les marchs matures tels que les tats-unis', 'motorola poursuit rsolument son lan sur le march, soutenu par les lancements russis de nouveaux produits et dinnovations rvolutionnaires qui lui ont permis de raliser une croissance solide', 'au-del des smartphones, la montre moto 360 a capt lattention des consommateurs et tabli motorola en tant quentreprise se dveloppant dans les secteurs mergents des appareils mobiles', 'comme nous le mentionnions prcdemment, lenovo prvoit datteindre la rentabilit avec motorola dans quatre six trimestres', 'google conservera la proprit dune majorit du portefeuille de brevets de motorola mobility, tandis que motorola recevra une licence pour ce riche portefeuille de brevets et autres proprits intellectuelles', 'motorola conservera plus de 2 000 actifs en brevets et un grand nombre daccords de licences rciproques sur les brevets, de mme que la marque motorola mobility et le portefeuille de marques commerciales', 'le montant global de la transaction la clture tait denviron 2,91 milliards usd sous rserve dajustements aprs clture, y compris environ 660 millions usd en trsorerie et 519 107 215 actions ordinaires nouvellement mises de lenovo, dune valeur cumule de 750 millions usd, reprsentant environ 4,7 % des actions de lenovo en circulation, qui ont t transfres google la clture', 'le 1,5 milliard usd restant sera vers google par lenovo sous la forme dun effet rembourser sur trois ans', 'une rmunration en espces distincte denviron 228 millions usd a t paye par lenovo google essentiellement pour le fonds de roulement et les liquidits dtenus par motorola au moment de la clture', 'la transaction a satisfait toutes les autorisations rglementaires et conditions de clture dusage, y compris lapprobation des autorits de la concurrence amricaines, chinoises, europennes, brsiliennes et mexicaines et de la commission des investissements trangers aux tats-unis cfius', 'cest la cinquime fois depuis 2005 que lenovo obtient lautorisation de la cfius dacqurir une entreprise amricaine', 'propos de lenovo lenovo hkse 992 adr lnvgy est une entreprise du fortune global 500 de 39 milliards usd et un chef de file des technologies novatrices pour les marchs grand public, commercial et industriel', 'notre portefeuille de services et de produits srs de haute qualit couvre les pc y compris les marques lgendaires think et yoga multimode, stations de travail, serveurs, dispositifs de stockage, tlviseurs intelligents et toute une gamme dappareils mobiles tels que les smartphones y compris la marque motorola, les tablettes et les applications', 'rejoignez-nous sur linkedin, et suivez-nous sur facebook ou sur twitter lenovo ou consultez propos de google google est un leader technologique mondial spcialis dans lamlioration des moyens de connecter les gens linformation', 'les innovations de google en matire de recherche et de publicit sur internet ont fait de son site web une adresse incontournable et de sa marque lune des plus connues au monde', 'droid est une marque de commerce de lucasfilm ltd', 'et ses socits affilies', 'utilis sous licence', 'pour plus dinformations un dossier de presse est disponible le texte du communiqu issu dune traduction ne doit daucune manire tre considr comme officiel', 'la seule version du communiqu qui fasse foi est celle du communiqu dans sa langue dorigine', 'la traduction devra toujours tre confronte au texte source, qui fera jurisprudence.']",neutral,0.0368891891891891,neutral,neutral
30-10-2014,LENOVO SCHLIESST ÜBERNAHME VON MOTOROLA MOBILITY VON GOOGLE AB,"RESEARCH TRIANGLE PARK, NORTH CAROLINA UND MOUNTAIN VIEW, KALIFORNIEN (USA)--(BUSINESS WIRE)--LENOVO (HKSE: 0992) (PINK SHEETS: LNVGY) UND GOOGLE (NASDAQ: GOOG) HABEN HEUTE BEKANNT GEGEBEN, DASS LENOVOS ÜBERNAHME VON MOTOROLA MOBILITY VON GOOGLE VOLLENDET IST. DIE ÜBERNAHME DER MARKE MOTOROLA UND MOTOROLAS PORTFOLIO VON INNOVATIVEN SMARTPHONES WIE MOTO X, MOTO G, MOTO E UND DER DROIDTM-SERIE SOWIE DER ZUKÜNFTIGEN MOTOROLA-PRODUKTROADMAP BRINGT LENOVO AUF DIE POSITION DES WELTWEIT DRITTGRÖSSTEN HERSTELLERS VON SMARTPHONES. LENOVO WIRD MOTOROLA ALS HUNDERTPROZENTIGE TOCHTERGESELLSCHAFT BETREIBEN. MOTOROLAS HAUPTSITZ BLEIBT IN CHICAGO. MIT DER BEENDIGUNG DER ÜBERNAHME BEGRÜSST LENOVO DIE AUFNAHME EINES NEUEN UNTERNEHMENS IN SEIN PORTFOLIO MIT FAST 3.500 MITARBEITERN AUF DER GANZEN WELT – DARUNTER ETWA 2.800 IN DEN USA – DIE MOTOROLAS HERVORRAGENDE GERÄTE KONZIPIEREN, KONSTRUIEREN, VERKAUFEN UND BETREUEN. „HEUTE HABEN WIR EINEN HISTORISCHEN MEILENSTEIN FÜR LENOVO UND MOTOROLA ERREICHT, UND GEMEINSAM SIND WIR BEREIT, IM WETTBEWERB AUF DEM GLOBALEN SMARTPHONEMARKT ZU WACHSEN UND ZU GEWINNEN. DURCH DEN AUFBAU EINER STARKEN NUMMER DREI UND EINES ERNSTZUNEHMENDEN HERAUSFORDERERS FÜR DIE BEIDEN MARKTFÜHRER BEI SMARTPHONES GEBEN WIR DEM MARKT ETWAS, DAS ER GEBRAUCHT HAT: AUSWAHL, WETTBEWERB, UND NEU ENTFACHTE INNOVATION“, SAGTE YANG YUANQING, CHAIRMAN UND CEO VON LENOVO. „DIESE PARTNERSCHAFT WAR SCHON IMMER GENAU DIE RICHTIGE WAHL. LENOVO HAT EINE KLARE STRATEGIE, ARBEITET IM WELTMASSSTAB UND HAT BETRIEBLICHE SPITZENLEISTUNGEN BEWIESEN. MOTOROLA BRINGT EINE STARKE PRÄSENZ IN DEN USA UND ANDEREN REIFEN MÄRKTEN MIT, VERBINDUNGEN ZU GROSSEN CARRIERN, EINE MARKENIKONE, EIN STARKES IP-PORTFOLIO UND EIN UNGLAUBLICH TALENTIERTES TEAM. DAS IST EINE GEWINNENDE KOMBINATION.“ „MOTOROLA IST IN AUSGEZEICHNETEN HÄNDEN BEI LENOVO, EINEM UNTERNEHMEN, DAS ALLES GIBT, UM GROSSARTIGE GERÄTE HERZUSTELLEN“, SAGTE LARRY PAGE, DER CEO VON GOOGLE. LIU JUN, EXECUTIVE VICE PRESIDENT VON LENOVO UND PRÄSIDENT DER LENOVO MOBILE BUSINESS GROUP, IST CHAIRMAN VON MOTOROLA. RICK OSTERLOH, EIN MOTOROLA-URGESTEIN, BLEIBT PRÄSIDENT UND CHIEF OPERATING OFFICER VON MOTOROLA. „MOTOROLA HAT BEREITS EINE SOLIDE DYNAMIK AUF DEM MARKT AUFGEBAUT, UND IHRE JÜNGSTEN ERGEBNISSE ZEIGEN, DASS DIE VERBRAUCHER BEGEISTERT VON IHREN AUSSERGEWÖHNLICHEN, FÜR IHR DESIGN UND IHRE EINFACHHEIT BEKANNTEN PRODUKTE SIND“, SAGTE LIU JUN. „MIT DER SICH ERGÄNZENDEN KRAFT UNSERER BEIDEN UNTERNEHMEN ERWARTEN WIR, DASS WIR 100 MILLIONEN MOBILGERÄTE IN DIESEM JAHR VERKAUFEN WERDEN – EINSCHLIESSLICH SMARTPHONES UND TABLETS – INDEM WIR DIE FÜHRENDE MARKTPOSITION DER MARKE LENOVO IN CHINA, UNSEREN GEMEINSAMEN SCHWUNG AUF SCHWELLENMÄRKTEN UND MOTOROLAS STARKE STELLUNG AUF REIFEN MÄRKTEN WIE DEN USA VOLL AUSSPIELEN.“ MOTOROLA HAT BEREITS STARKEN SCHWUNG AUF EINEM MARKT, DER VON ÄUSSERST ERFOLGREICHEN EINFÜHRUNGEN NEUER PRODUKTE UND BAHNBRECHENDER INNOVATIONEN BEFEUERT WIRD, DIE EIN SOLIDES WACHSTUM ANGEKURBELT HABEN. ÜBER SMARTPHONES HINAUS WECKTE DIE SMARTWATCH MOTO 360 DIE AUFMERKSAMKEIT DER VERBRAUCHER UND MACHTE MOTOROLA ZU EINEM UNTERNEHMEN, DAS IN BEREICHE VON ZUKÜNFTIGEN MOBILGERÄTEN VORSTÖSST. WIE VORHER BEKANNT GEGEBEN, ERWARTET LENOVO, DIE GESCHÄFTE VON MOTOROLA IN VIER BIS SECHS QUARTALEN ZUR RENTABILITÄT ZU FÜHREN. GOOGLE WIRD EIGENTÜMER EINER MEHRHEIT AM MOTOROLA-MOBILITY-PATENTPORTFOLIO BLEIBEN, WÄHREND MOTOROLA EINE LIZENZ AUF DIESES REICHHALTIGE PORTFOLIO VON PATENTEN UND ANDEREM GEISTIGEM EIGENTUM ERHÄLT. MOTOROLA WIRD ÜBER 2.000 PATENTE UND EINE HOHE ANZAHL AN WECHSELSEITIGEN PATENT-LIZENZVEREINBARUNGEN HALTEN SOWIE DIE MARKE MOTOROLA MOBILITY UND DAS WARENZEICHEN-PORTFOLIO. DER GESAMTE ÜBERNAHMEPREIS LAG BEI ETWA 2,91 MILLIARDEN US-DOLLAR (VORBEHALTLICH BESTIMMTER NACHBILANZLICHER ANPASSUNGEN), DARUNTER ETWA 660 MILLIONEN US-DOLLAR IN BAR UND 519.107.215 NEU AUSGEGEBENE LENOVO-STAMMAKTIEN, MIT EINEM KUMULIERTEN WERT VON 750 MILLIONEN US-DOLLAR, ENTSPRECHEND 4,7 PROZENT VON LENOVOS IM UMLAUF BEFINDLICHEN AKTIEN, DIE BEI ABSCHLUSS AN GOOGLE ÜBERTRAGEN WURDEN. DER SALDO VON 1,5 MILLIARDEN US-DOLLAR VON LENOVO AN GOOGLE WIRD IN FORM EINES DREIJÄHRIGEN ORDERPAPIERS (PROMISSORY NOTE) GEZAHLT. EINE SEPARATE BARABFINDUNG VON ETWA 228 MILLIONEN US-DOLLAR WURDE VON LENOVO AN GOOGLE PRIMÄR FÜR DIE VON MOTOROLA AM ABSCHLUSS GEHALTENEN BARMITTEL UND DAS BETRIEBSKAPITAL GEZAHLT. DIE TRANSAKTION ERFÜLLTE ALLE AUFSICHTSRECHTLICHEN ANFORDERUNGEN UND ÜBLICHEN ABSCHLUSSBEDINGUNGEN, DARUNTER DIE ZULASSUNG DER WETTBEWERBSAUFSICHT IN DEN USA, CHINA, DER EU, BRASILIEN UND MEXIKO UND DES COMMITTEE ON FOREIGN INVESTMENT IN DEN USA (CFIUS). DAS IST DAS FÜNFTE MAL SEIT 2005, DASS LENOVO VOM CFIUS GRÜNES LICHT ZUM ERWERB EINES US-UNTERNEHMENS ERHALTEN HAT. ÜBER LENOVO LENOVO (HKSE: 992) (ADR: LNVGY) IST EIN 39 MILLIARDEN US-DOLLAR SCHWERES GLOBALES FORTUNE-500-UNTERNEHMEN UND EIN MARKTFÜHRER BEI DER BEREITSTELLUNG VON VERBRAUCHER-, HANDELS- UND UNTERNEHMENSTECHNOLOGIEN. UNSER PORTFOLIO AN QUALITATIV HOCHWERTIGEN, SICHEREN PRODUKTEN UMFASST PCS (DARUNTER DIE LEGENDÄREN MARKEN THINK UND MULTIMODE YOGA), WORKSTATIONS, SERVERS, DATENSPEICHER, SMART TVS UND EINE REIHE MOBILER PRODUKTE WIE SMARTPHONES (EINSCHLIESSLICH DER MARKE MOTOROLA), TABLETS UND APPS. KOMMEN SIE ZU UNS BEI LINKEDIN, FOLGEN SIE UNS AUF FACEBOOK ODER TWITTER (@LENOVO) ODER BESUCHEN SIE UNS AUF WWW.LENOVO.COM. ÜBER GOOGLE GOOGLE IST EIN WELTWEITER TECHNOLOGIEFÜHRER MIT SCHWERPUNKT AUF DER VERBESSERUNG DER METHODEN, MIT DENEN MENSCHEN AUF INFORMATIONEN ZUGREIFEN. DIE INNOVATIONEN VON GOOGLE BEI SUCHDIENSTEN UND WERBUNG HABEN DIE WEBSITE DES UNTERNEHMENS ZU EINER TOP-EINRICHTUNG IM INTERNET UND DIE MARKE ZU EINER DER BEKANNTESTEN DER WELT GEMACHT. *DROID IST EIN WARENZEICHEN VON LUCASFILM LTD. UND SEINEN VERBUNDENEN UNTERNEHMEN. NUTZUNG UNTER LIZENZ. WEITERE INFORMATIONEN EINE PRESSEMAPPE IST HIER VERFÜGBAR: HTTP://NEWS.LENOVO.COM/MOTOROLAACQUISITION DIE AUSGANGSSPRACHE, IN DER DER ORIGINALTEXT VERÖFFENTLICHT WIRD, IST DIE OFFIZIELLE UND AUTORISIERTE VERSION. ÜBERSETZUNGEN WERDEN ZUR BESSEREN VERSTÄNDIGUNG MITGELIEFERT. NUR DIE SPRACHVERSION, DIE IM ORIGINAL VERÖFFENTLICHT WURDE, IST RECHTSGÜLTIG. GLEICHEN SIE DESHALB ÜBERSETZUNGEN MIT DER ORIGINALEN SPRACHVERSION DER VERÖFFENTLICHUNG AB.","LENOVO SCHLIESST ÜBERNAHME VON MOTOROLA MOBILITY VON GOOGLE AB. RESEARCH TRIANGLE PARK, NORTH CAROLINA UND MOUNTAIN VIEW, KALIFORNIEN (USA)--(BUSINESS WIRE)--LENOVO (HKSE: 0992) (PINK SHEETS: LNVGY) UND GOOGLE (NASDAQ: GOOG) HABEN HEUTE BEKANNT GEGEBEN, DASS LENOVOS ÜBERNAHME VON MOTOROLA MOBILITY VON GOOGLE VOLLENDET IST. DIE ÜBERNAHME DER MARKE MOTOROLA UND MOTOROLAS PORTFOLIO VON INNOVATIVEN SMARTPHONES WIE MOTO X, MOTO G, MOTO E UND DER DROIDTM-SERIE SOWIE DER ZUKÜNFTIGEN MOTOROLA-PRODUKTROADMAP BRINGT LENOVO AUF DIE POSITION DES WELTWEIT DRITTGRÖSSTEN HERSTELLERS VON SMARTPHONES. LENOVO WIRD MOTOROLA ALS HUNDERTPROZENTIGE TOCHTERGESELLSCHAFT BETREIBEN. MOTOROLAS HAUPTSITZ BLEIBT IN CHICAGO. MIT DER BEENDIGUNG DER ÜBERNAHME BEGRÜSST LENOVO DIE AUFNAHME EINES NEUEN UNTERNEHMENS IN SEIN PORTFOLIO MIT FAST 3.500 MITARBEITERN AUF DER GANZEN WELT – DARUNTER ETWA 2.800 IN DEN USA – DIE MOTOROLAS HERVORRAGENDE GERÄTE KONZIPIEREN, KONSTRUIEREN, VERKAUFEN UND BETREUEN. „HEUTE HABEN WIR EINEN HISTORISCHEN MEILENSTEIN FÜR LENOVO UND MOTOROLA ERREICHT, UND GEMEINSAM SIND WIR BEREIT, IM WETTBEWERB AUF DEM GLOBALEN SMARTPHONEMARKT ZU WACHSEN UND ZU GEWINNEN. DURCH DEN AUFBAU EINER STARKEN NUMMER DREI UND EINES ERNSTZUNEHMENDEN HERAUSFORDERERS FÜR DIE BEIDEN MARKTFÜHRER BEI SMARTPHONES GEBEN WIR DEM MARKT ETWAS, DAS ER GEBRAUCHT HAT: AUSWAHL, WETTBEWERB, UND NEU ENTFACHTE INNOVATION“, SAGTE YANG YUANQING, CHAIRMAN UND CEO VON LENOVO. „DIESE PARTNERSCHAFT WAR SCHON IMMER GENAU DIE RICHTIGE WAHL. LENOVO HAT EINE KLARE STRATEGIE, ARBEITET IM WELTMASSSTAB UND HAT BETRIEBLICHE SPITZENLEISTUNGEN BEWIESEN. MOTOROLA BRINGT EINE STARKE PRÄSENZ IN DEN USA UND ANDEREN REIFEN MÄRKTEN MIT, VERBINDUNGEN ZU GROSSEN CARRIERN, EINE MARKENIKONE, EIN STARKES IP-PORTFOLIO UND EIN UNGLAUBLICH TALENTIERTES TEAM. DAS IST EINE GEWINNENDE KOMBINATION.“ „MOTOROLA IST IN AUSGEZEICHNETEN HÄNDEN BEI LENOVO, EINEM UNTERNEHMEN, DAS ALLES GIBT, UM GROSSARTIGE GERÄTE HERZUSTELLEN“, SAGTE LARRY PAGE, DER CEO VON GOOGLE. LIU JUN, EXECUTIVE VICE PRESIDENT VON LENOVO UND PRÄSIDENT DER LENOVO MOBILE BUSINESS GROUP, IST CHAIRMAN VON MOTOROLA. RICK OSTERLOH, EIN MOTOROLA-URGESTEIN, BLEIBT PRÄSIDENT UND CHIEF OPERATING OFFICER VON MOTOROLA. „MOTOROLA HAT BEREITS EINE SOLIDE DYNAMIK AUF DEM MARKT AUFGEBAUT, UND IHRE JÜNGSTEN ERGEBNISSE ZEIGEN, DASS DIE VERBRAUCHER BEGEISTERT VON IHREN AUSSERGEWÖHNLICHEN, FÜR IHR DESIGN UND IHRE EINFACHHEIT BEKANNTEN PRODUKTE SIND“, SAGTE LIU JUN. „MIT DER SICH ERGÄNZENDEN KRAFT UNSERER BEIDEN UNTERNEHMEN ERWARTEN WIR, DASS WIR 100 MILLIONEN MOBILGERÄTE IN DIESEM JAHR VERKAUFEN WERDEN – EINSCHLIESSLICH SMARTPHONES UND TABLETS – INDEM WIR DIE FÜHRENDE MARKTPOSITION DER MARKE LENOVO IN CHINA, UNSEREN GEMEINSAMEN SCHWUNG AUF SCHWELLENMÄRKTEN UND MOTOROLAS STARKE STELLUNG AUF REIFEN MÄRKTEN WIE DEN USA VOLL AUSSPIELEN.“ MOTOROLA HAT BEREITS STARKEN SCHWUNG AUF EINEM MARKT, DER VON ÄUSSERST ERFOLGREICHEN EINFÜHRUNGEN NEUER PRODUKTE UND BAHNBRECHENDER INNOVATIONEN BEFEUERT WIRD, DIE EIN SOLIDES WACHSTUM ANGEKURBELT HABEN. ÜBER SMARTPHONES HINAUS WECKTE DIE SMARTWATCH MOTO 360 DIE AUFMERKSAMKEIT DER VERBRAUCHER UND MACHTE MOTOROLA ZU EINEM UNTERNEHMEN, DAS IN BEREICHE VON ZUKÜNFTIGEN MOBILGERÄTEN VORSTÖSST. WIE VORHER BEKANNT GEGEBEN, ERWARTET LENOVO, DIE GESCHÄFTE VON MOTOROLA IN VIER BIS SECHS QUARTALEN ZUR RENTABILITÄT ZU FÜHREN. GOOGLE WIRD EIGENTÜMER EINER MEHRHEIT AM MOTOROLA-MOBILITY-PATENTPORTFOLIO BLEIBEN, WÄHREND MOTOROLA EINE LIZENZ AUF DIESES REICHHALTIGE PORTFOLIO VON PATENTEN UND ANDEREM GEISTIGEM EIGENTUM ERHÄLT. MOTOROLA WIRD ÜBER 2.000 PATENTE UND EINE HOHE ANZAHL AN WECHSELSEITIGEN PATENT-LIZENZVEREINBARUNGEN HALTEN SOWIE DIE MARKE MOTOROLA MOBILITY UND DAS WARENZEICHEN-PORTFOLIO. DER GESAMTE ÜBERNAHMEPREIS LAG BEI ETWA 2,91 MILLIARDEN US-DOLLAR (VORBEHALTLICH BESTIMMTER NACHBILANZLICHER ANPASSUNGEN), DARUNTER ETWA 660 MILLIONEN US-DOLLAR IN BAR UND 519.107.215 NEU AUSGEGEBENE LENOVO-STAMMAKTIEN, MIT EINEM KUMULIERTEN WERT VON 750 MILLIONEN US-DOLLAR, ENTSPRECHEND 4,7 PROZENT VON LENOVOS IM UMLAUF BEFINDLICHEN AKTIEN, DIE BEI ABSCHLUSS AN GOOGLE ÜBERTRAGEN WURDEN. DER SALDO VON 1,5 MILLIARDEN US-DOLLAR VON LENOVO AN GOOGLE WIRD IN FORM EINES DREIJÄHRIGEN ORDERPAPIERS (PROMISSORY NOTE) GEZAHLT. EINE SEPARATE BARABFINDUNG VON ETWA 228 MILLIONEN US-DOLLAR WURDE VON LENOVO AN GOOGLE PRIMÄR FÜR DIE VON MOTOROLA AM ABSCHLUSS GEHALTENEN BARMITTEL UND DAS BETRIEBSKAPITAL GEZAHLT. DIE TRANSAKTION ERFÜLLTE ALLE AUFSICHTSRECHTLICHEN ANFORDERUNGEN UND ÜBLICHEN ABSCHLUSSBEDINGUNGEN, DARUNTER DIE ZULASSUNG DER WETTBEWERBSAUFSICHT IN DEN USA, CHINA, DER EU, BRASILIEN UND MEXIKO UND DES COMMITTEE ON FOREIGN INVESTMENT IN DEN USA (CFIUS). DAS IST DAS FÜNFTE MAL SEIT 2005, DASS LENOVO VOM CFIUS GRÜNES LICHT ZUM ERWERB EINES US-UNTERNEHMENS ERHALTEN HAT. ÜBER LENOVO LENOVO (HKSE: 992) (ADR: LNVGY) IST EIN 39 MILLIARDEN US-DOLLAR SCHWERES GLOBALES FORTUNE-500-UNTERNEHMEN UND EIN MARKTFÜHRER BEI DER BEREITSTELLUNG VON VERBRAUCHER-, HANDELS- UND UNTERNEHMENSTECHNOLOGIEN. UNSER PORTFOLIO AN QUALITATIV HOCHWERTIGEN, SICHEREN PRODUKTEN UMFASST PCS (DARUNTER DIE LEGENDÄREN MARKEN THINK UND MULTIMODE YOGA), WORKSTATIONS, SERVERS, DATENSPEICHER, SMART TVS UND EINE REIHE MOBILER PRODUKTE WIE SMARTPHONES (EINSCHLIESSLICH DER MARKE MOTOROLA), TABLETS UND APPS. KOMMEN SIE ZU UNS BEI LINKEDIN, FOLGEN SIE UNS AUF FACEBOOK ODER TWITTER (@LENOVO) ODER BESUCHEN SIE UNS AUF WWW.LENOVO.COM. ÜBER GOOGLE GOOGLE IST EIN WELTWEITER TECHNOLOGIEFÜHRER MIT SCHWERPUNKT AUF DER VERBESSERUNG DER METHODEN, MIT DENEN MENSCHEN AUF INFORMATIONEN ZUGREIFEN. DIE INNOVATIONEN VON GOOGLE BEI SUCHDIENSTEN UND WERBUNG HABEN DIE WEBSITE DES UNTERNEHMENS ZU EINER TOP-EINRICHTUNG IM INTERNET UND DIE MARKE ZU EINER DER BEKANNTESTEN DER WELT GEMACHT. *DROID IST EIN WARENZEICHEN VON LUCASFILM LTD. UND SEINEN VERBUNDENEN UNTERNEHMEN. NUTZUNG UNTER LIZENZ. WEITERE INFORMATIONEN EINE PRESSEMAPPE IST HIER VERFÜGBAR: HTTP://NEWS.LENOVO.COM/MOTOROLAACQUISITION DIE AUSGANGSSPRACHE, IN DER DER ORIGINALTEXT VERÖFFENTLICHT WIRD, IST DIE OFFIZIELLE UND AUTORISIERTE VERSION. ÜBERSETZUNGEN WERDEN ZUR BESSEREN VERSTÄNDIGUNG MITGELIEFERT. NUR DIE SPRACHVERSION, DIE IM ORIGINAL VERÖFFENTLICHT WURDE, IST RECHTSGÜLTIG. GLEICHEN SIE DESHALB ÜBERSETZUNGEN MIT DER ORIGINALEN SPRACHVERSION DER VERÖFFENTLICHUNG AB.","['lenovo schliesst bernahme von motorola mobility von google ab', 'research triangle park, north carolina und mountain view, kalifornien usa--business wire--lenovo hkse 0992 pink sheets lnvgy und google nasdaq goog haben heute bekannt gegeben, dass lenovos bernahme von motorola mobility von google vollendet ist', 'die bernahme der marke motorola und motorolas portfolio von innovativen smartphones wie moto x, moto g, moto e und der droidtm-serie sowie der zuknftigen motorola-produktroadmap bringt lenovo auf die position des weltweit drittgrssten herstellers von smartphones', 'lenovo wird motorola als hundertprozentige tochtergesellschaft betreiben', 'motorolas hauptsitz bleibt in chicago', 'mit der beendigung der bernahme begrsst lenovo die aufnahme eines neuen unternehmens in sein portfolio mit fast 3.500 mitarbeitern auf der ganzen welt darunter etwa 2.800 in den usa die motorolas hervorragende gerte konzipieren, konstruieren, verkaufen und betreuen', 'heute haben wir einen historischen meilenstein fr lenovo und motorola erreicht, und gemeinsam sind wir bereit, im wettbewerb auf dem globalen smartphonemarkt zu wachsen und zu gewinnen', 'durch den aufbau einer starken nummer drei und eines ernstzunehmenden herausforderers fr die beiden marktfhrer bei smartphones geben wir dem markt etwas, das er gebraucht hat auswahl, wettbewerb, und neu entfachte innovation, sagte yang yuanqing, chairman und ceo von lenovo', 'diese partnerschaft war schon immer genau die richtige wahl', 'lenovo hat eine klare strategie, arbeitet im weltmassstab und hat betriebliche spitzenleistungen bewiesen', 'motorola bringt eine starke prsenz in den usa und anderen reifen mrkten mit, verbindungen zu grossen carriern, eine markenikone, ein starkes ip-portfolio und ein unglaublich talentiertes team', 'das ist eine gewinnende kombination', 'motorola ist in ausgezeichneten hnden bei lenovo, einem unternehmen, das alles gibt, um grossartige gerte herzustellen, sagte larry page, der ceo von google', 'liu jun, executive vice president von lenovo und prsident der lenovo mobile business group, ist chairman von motorola', 'rick osterloh, ein motorola-urgestein, bleibt prsident und chief operating officer von motorola', 'motorola hat bereits eine solide dynamik auf dem markt aufgebaut, und ihre jngsten ergebnisse zeigen, dass die verbraucher begeistert von ihren aussergewhnlichen, fr ihr design und ihre einfachheit bekannten produkte sind, sagte liu jun', 'mit der sich ergnzenden kraft unserer beiden unternehmen erwarten wir, dass wir 100 millionen mobilgerte in diesem jahr verkaufen werden einschliesslich smartphones und tablets indem wir die fhrende marktposition der marke lenovo in china, unseren gemeinsamen schwung auf schwellenmrkten und motorolas starke stellung auf reifen mrkten wie den usa voll ausspielen', 'motorola hat bereits starken schwung auf einem markt, der von usserst erfolgreichen einfhrungen neuer produkte und bahnbrechender innovationen befeuert wird, die ein solides wachstum angekurbelt haben', 'ber smartphones hinaus weckte die smartwatch moto 360 die aufmerksamkeit der verbraucher und machte motorola zu einem unternehmen, das in bereiche von zuknftigen mobilgerten vorstsst', 'wie vorher bekannt gegeben, erwartet lenovo, die geschfte von motorola in vier bis sechs quartalen zur rentabilitt zu fhren', 'google wird eigentmer einer mehrheit am motorola-mobility-patentportfolio bleiben, whrend motorola eine lizenz auf dieses reichhaltige portfolio von patenten und anderem geistigem eigentum erhlt', 'motorola wird ber 2.000 patente und eine hohe anzahl an wechselseitigen patent-lizenzvereinbarungen halten sowie die marke motorola mobility und das warenzeichen-portfolio', 'der gesamte bernahmepreis lag bei etwa 2,91 milliarden us-dollar vorbehaltlich bestimmter nachbilanzlicher anpassungen, darunter etwa 660 millionen us-dollar in bar und 519.107.215 neu ausgegebene lenovo-stammaktien, mit einem kumulierten wert von 750 millionen us-dollar, entsprechend 4,7 prozent von lenovos im umlauf befindlichen aktien, die bei abschluss an google bertragen wurden', 'der saldo von 1,5 milliarden us-dollar von lenovo an google wird in form eines dreijhrigen orderpapiers promissory note gezahlt', 'eine separate barabfindung von etwa 228 millionen us-dollar wurde von lenovo an google primr fr die von motorola am abschluss gehaltenen barmittel und das betriebskapital gezahlt', 'die transaktion erfllte alle aufsichtsrechtlichen anforderungen und blichen abschlussbedingungen, darunter die zulassung der wettbewerbsaufsicht in den usa, china, der eu, brasilien und mexiko und des committee on foreign investment in den usa cfius', 'das ist das fnfte mal seit 2005, dass lenovo vom cfius grnes licht zum erwerb eines us-unternehmens erhalten hat', 'ber lenovo lenovo hkse 992 adr lnvgy ist ein 39 milliarden us-dollar schweres globales fortune-500-unternehmen und ein marktfhrer bei der bereitstellung von verbraucher-, handels- und unternehmenstechnologien', 'unser portfolio an qualitativ hochwertigen, sicheren produkten umfasst pcs darunter die legendren marken think und multimode yoga, workstations, servers, datenspeicher, smart tvs und eine reihe mobiler produkte wie smartphones einschliesslich der marke motorola, tablets und apps', 'kommen sie zu uns bei linkedin, folgen sie uns auf facebook oder twitter lenovo oder besuchen sie uns auf ber google google ist ein weltweiter technologiefhrer mit schwerpunkt auf der verbesserung der methoden, mit denen menschen auf informationen zugreifen', 'die innovationen von google bei suchdiensten und werbung haben die website des unternehmens zu einer top-einrichtung im internet und die marke zu einer der bekanntesten der welt gemacht', 'droid ist ein warenzeichen von lucasfilm ltd', 'und seinen verbundenen unternehmen', 'nutzung unter lizenz', 'weitere informationen eine pressemappe ist hier verfgbar die ausgangssprache, in der der originaltext verffentlicht wird, ist die offizielle und autorisierte version', 'bersetzungen werden zur besseren verstndigung mitgeliefert', 'nur die sprachversion, die im original verffentlicht wurde, ist rechtsgltig', 'gleichen sie deshalb bersetzungen mit der originalen sprachversion der verffentlichung ab.']",weakly_negative,-0.2996947368421053,neutral,neutral
30-10-2014,LENOVO PERFEZIONA L’ACQUISIZIONE DI MOTOROLA MOBILITY DA GOOGLE,"RESEARCH TRIANGLE PARK, CAROLINA DEL NORD E MOUNTAIN VIEW, CALIFORNIA--(BUSINESS WIRE)--LENOVO (HKSE: 0992) (PINK SHEETS: LNVGY) E GOOGLE (NASDAQ: GOOG) HANNO ANNUNCIATO OGGI IL PERFEZIONAMENTO DELL’ACQUISIZIONE DI MOTOROLA MOBILITY DA GOOGLE. CON L’ACQUISIZIONE DEL MARCHIO MOTOROLA E DEL PORTAFOGLIO DI SMARTPHONE INNOVATIVI MOTOROLA COME MOTO X, MOTO G, MOTO E E LA SERIE DROIDTM, NONCHÉ DEL PIANO D’AZIONE PER LA PRODUZIONE FUTURA DI MOTOROLA, LENOVO DIVENTA IL TERZO MAGGIOR PRODUTTORE DI SMARTPHONE AL MONDO. IL TESTO ORIGINALE DEL PRESENTE ANNUNCIO, REDATTO NELLA LINGUA DI PARTENZA, È LA VERSIONE UFFICIALE CHE FA FEDE. LE TRADUZIONI SONO OFFERTE UNICAMENTE PER COMODITÀ DEL LETTORE E DEVONO RINVIARE AL TESTO IN LINGUA ORIGINALE, CHE È L'UNICO GIURIDICAMENTE VALIDO.","LENOVO PERFEZIONA L’ACQUISIZIONE DI MOTOROLA MOBILITY DA GOOGLE. RESEARCH TRIANGLE PARK, CAROLINA DEL NORD E MOUNTAIN VIEW, CALIFORNIA--(BUSINESS WIRE)--LENOVO (HKSE: 0992) (PINK SHEETS: LNVGY) E GOOGLE (NASDAQ: GOOG) HANNO ANNUNCIATO OGGI IL PERFEZIONAMENTO DELL’ACQUISIZIONE DI MOTOROLA MOBILITY DA GOOGLE. CON L’ACQUISIZIONE DEL MARCHIO MOTOROLA E DEL PORTAFOGLIO DI SMARTPHONE INNOVATIVI MOTOROLA COME MOTO X, MOTO G, MOTO E E LA SERIE DROIDTM, NONCHÉ DEL PIANO D’AZIONE PER LA PRODUZIONE FUTURA DI MOTOROLA, LENOVO DIVENTA IL TERZO MAGGIOR PRODUTTORE DI SMARTPHONE AL MONDO. IL TESTO ORIGINALE DEL PRESENTE ANNUNCIO, REDATTO NELLA LINGUA DI PARTENZA, È LA VERSIONE UFFICIALE CHE FA FEDE. LE TRADUZIONI SONO OFFERTE UNICAMENTE PER COMODITÀ DEL LETTORE E DEVONO RINVIARE AL TESTO IN LINGUA ORIGINALE, CHE È L'UNICO GIURIDICAMENTE VALIDO.","['lenovo perfeziona lacquisizione di motorola mobility da google', 'research triangle park, carolina del nord e mountain view, california--business wire--lenovo hkse 0992 pink sheets lnvgy e google nasdaq goog hanno annunciato oggi il perfezionamento dellacquisizione di motorola mobility da google', 'con lacquisizione del marchio motorola e del portafoglio di smartphone innovativi motorola come moto x, moto g, moto e e la serie droidtm, nonch del piano dazione per la produzione futura di motorola, lenovo diventa il terzo maggior produttore di smartphone al mondo', 'il testo originale del presente annuncio, redatto nella lingua di partenza, la versione ufficiale che fa fede', ""le traduzioni sono offerte unicamente per comodit del lettore e devono rinviare al testo in lingua originale, che l'unico giuridicamente valido.""]",neutral,0.0,neutral,neutral
30-10-2014,联想完成从谷歌收购摩托罗拉移动,"美国北卡罗来纳州三角研究园及加州山景城--(BUSINESS WIRE)--联想集团（HKSE: 992；ADR：LNVGY）与谷歌（GOOGLE；NASDAQ: GOOG）今天公布，联想正式完成从谷歌收购摩托罗拉移动（MOTOROLA MOBILITY）。 通过此次收购摩托罗拉品牌、创新的智能手机产品组合如 MOTO X、MOTO G、MOTO E及DROIDTM 系列等，以及摩托罗拉的未来产品规划，联想随即成为全球第三大智能手机厂商。 联想将以全资子公司的形式运营摩托罗拉，其总部将继续设在美国芝加哥。收购完成后，将有近3,500名来自全球的员工加入联想，其中包括在美国的约2,800名员工，他们专责设计、策划、销售和支持摩托罗拉的卓越产品。 “今天对于联想和摩托罗拉而言都是具有历史意义的一天，我们已经准备就绪，要一起在全球智能手机市场赢得竞争、实现增长。我们将为市场带来更多的选择、更具竞争力和创新的产品，在加强全球第三大智能手机厂商地位的同时,向前两名对手发起强有力的挑战。” 联想集团董事长兼首席执行官杨元庆表示，“双方的结合体现出高度匹配：联想有着清晰的战略、全球业务规模和卓越的运营能力。摩托罗拉在美国和其他成熟市场实力雄厚，与移动运营商有着良好的关系，并拥有高知名度的品牌、丰富的专利组合以及才华横溢的团队，我们有信心成功实现整合，一起赢得市场。” 谷歌首席执行官拉里•佩奇(LARRY PAGE)表示，“联想是一家致力于为用户创造卓越产品的公司, 我们欣见摩托罗拉加入联想。” 联想执行副总裁兼移动业务集团总裁刘军将出任摩托罗拉移动管理委员会主席。摩托罗拉资深高管 RICK OSTERLOH 将继续担任摩托罗拉总裁及首席运营官。 “摩托罗拉已展现出强劲的发展势头，近期的表现表明，摩托罗拉出色的产品深受消费者的喜爱，消费者对产品杰出的创新和简约的风格兴奋不已。”联想执行副总裁兼移动业务集团总裁刘军表示，“强强联合让我们更加强大。凭借着联想在中国市场的巨大优势和在新兴市场的强劲势头，以及摩托罗拉在美国等成熟市场的深厚实力，我们预计今年将销售超过一亿台的移动设备，包括智能手机和平板电脑。” 摩托罗拉凭借成功推出新产品及突破性创新，已在市场上取得强劲势头，并录得坚实增长。除了智能手机，MOTO 360智能手表也备受消费者关注，确立了摩托罗拉进军新兴移动设备领域的地位。如之前所述，联想预期在四至六个季度内促使摩托罗拉业务取得盈利。 谷歌将保留大部份摩托罗拉移动专利组合所有权，摩托罗拉将获得使用这些丰富专利组合和其他知识产权的许可权。摩托罗拉将持有逾2,000项专利资产、大量专利交叉授权协议以及摩托罗拉移动品牌和商标组合。 此次交易的收购总额约为29.1亿美元（可有若干在交割后的调整），其中包括约6.6亿美元现金，以及519,107,215股新发行的联想普通股股份(总值7.5亿美元，约占4.7%的联想股份) 已在交易完成时交给谷歌。余下15亿美元将以三年期本票支付。此外，联想已向谷歌支付约2.28亿美元的额外现金补偿，这主要是摩托罗拉在交割时持有的现金和运营资金。 此项交易符合所有监管规定以及交易完成所需的所有通用条款和惯例，包括已经获得美国、中国、欧盟、巴西和墨西哥监管机构的批准，以及已经获得美国海外投资委员会（CFIUS）的批准，这是联想自2005年以來第五次获得美国海外投资委员会准许其收购美国公司。 关于联想 联想（HKSE: 992）（ADR: LNVGY）是一家营业额达390亿美元的《财富》世界500强公司，亦是全球消费、商用以及企业级创新科技的领导者。 联想为用户提供安全及高品质的产品组合和服务，当中包括个人电脑（经典的THINK 品牌和多模式YOGA 品牌）、工作站、服务器、存储、智能电视，以及一系列移动互联产品如智能手机(包括摩托罗拉品牌)、平板电脑 和应用软件等。如需进一步资料，敬请浏览WWW.LENOVO.COM。 有关谷歌（GOOGLE） 谷歌（GOOGLE）为环球科技翘楚，专门改善人与信息联系的方式。GOOGLE在网络搜寻及广告的创新手法，令其网站成为顶级互联网资产。GOOGLE是全球最为人熟悉的品牌之一。 *DROID是LUCASFILM公司及其相关公司的注册商标，根据许可权使用。","联想完成从谷歌收购摩托罗拉移动. 美国北卡罗来纳州三角研究园及加州山景城--(BUSINESS WIRE)--联想集团（HKSE: 992；ADR：LNVGY）与谷歌（GOOGLE；NASDAQ: GOOG）今天公布，联想正式完成从谷歌收购摩托罗拉移动（MOTOROLA MOBILITY）。 通过此次收购摩托罗拉品牌、创新的智能手机产品组合如 MOTO X、MOTO G、MOTO E及DROIDTM 系列等，以及摩托罗拉的未来产品规划，联想随即成为全球第三大智能手机厂商。 联想将以全资子公司的形式运营摩托罗拉，其总部将继续设在美国芝加哥。收购完成后，将有近3,500名来自全球的员工加入联想，其中包括在美国的约2,800名员工，他们专责设计、策划、销售和支持摩托罗拉的卓越产品。 “今天对于联想和摩托罗拉而言都是具有历史意义的一天，我们已经准备就绪，要一起在全球智能手机市场赢得竞争、实现增长。我们将为市场带来更多的选择、更具竞争力和创新的产品，在加强全球第三大智能手机厂商地位的同时,向前两名对手发起强有力的挑战。” 联想集团董事长兼首席执行官杨元庆表示，“双方的结合体现出高度匹配：联想有着清晰的战略、全球业务规模和卓越的运营能力。摩托罗拉在美国和其他成熟市场实力雄厚，与移动运营商有着良好的关系，并拥有高知名度的品牌、丰富的专利组合以及才华横溢的团队，我们有信心成功实现整合，一起赢得市场。” 谷歌首席执行官拉里•佩奇(LARRY PAGE)表示，“联想是一家致力于为用户创造卓越产品的公司, 我们欣见摩托罗拉加入联想。” 联想执行副总裁兼移动业务集团总裁刘军将出任摩托罗拉移动管理委员会主席。摩托罗拉资深高管 RICK OSTERLOH 将继续担任摩托罗拉总裁及首席运营官。 “摩托罗拉已展现出强劲的发展势头，近期的表现表明，摩托罗拉出色的产品深受消费者的喜爱，消费者对产品杰出的创新和简约的风格兴奋不已。”联想执行副总裁兼移动业务集团总裁刘军表示，“强强联合让我们更加强大。凭借着联想在中国市场的巨大优势和在新兴市场的强劲势头，以及摩托罗拉在美国等成熟市场的深厚实力，我们预计今年将销售超过一亿台的移动设备，包括智能手机和平板电脑。” 摩托罗拉凭借成功推出新产品及突破性创新，已在市场上取得强劲势头，并录得坚实增长。除了智能手机，MOTO 360智能手表也备受消费者关注，确立了摩托罗拉进军新兴移动设备领域的地位。如之前所述，联想预期在四至六个季度内促使摩托罗拉业务取得盈利。 谷歌将保留大部份摩托罗拉移动专利组合所有权，摩托罗拉将获得使用这些丰富专利组合和其他知识产权的许可权。摩托罗拉将持有逾2,000项专利资产、大量专利交叉授权协议以及摩托罗拉移动品牌和商标组合。 此次交易的收购总额约为29.1亿美元（可有若干在交割后的调整），其中包括约6.6亿美元现金，以及519,107,215股新发行的联想普通股股份(总值7.5亿美元，约占4.7%的联想股份) 已在交易完成时交给谷歌。余下15亿美元将以三年期本票支付。此外，联想已向谷歌支付约2.28亿美元的额外现金补偿，这主要是摩托罗拉在交割时持有的现金和运营资金。 此项交易符合所有监管规定以及交易完成所需的所有通用条款和惯例，包括已经获得美国、中国、欧盟、巴西和墨西哥监管机构的批准，以及已经获得美国海外投资委员会（CFIUS）的批准，这是联想自2005年以來第五次获得美国海外投资委员会准许其收购美国公司。 关于联想 联想（HKSE: 992）（ADR: LNVGY）是一家营业额达390亿美元的《财富》世界500强公司，亦是全球消费、商用以及企业级创新科技的领导者。 联想为用户提供安全及高品质的产品组合和服务，当中包括个人电脑（经典的THINK 品牌和多模式YOGA 品牌）、工作站、服务器、存储、智能电视，以及一系列移动互联产品如智能手机(包括摩托罗拉品牌)、平板电脑 和应用软件等。如需进一步资料，敬请浏览WWW.LENOVO.COM。 有关谷歌（GOOGLE） 谷歌（GOOGLE）为环球科技翘楚，专门改善人与信息联系的方式。GOOGLE在网络搜寻及广告的创新手法，令其网站成为顶级互联网资产。GOOGLE是全球最为人熟悉的品牌之一。 *DROID是LUCASFILM公司及其相关公司的注册商标，根据许可权使用。","['', '--business wire--hkse 992adrlnvgygooglenasdaq googmotorola mobility moto xmoto gmoto edroidtm 3,5002,800 , larry page, rick osterloh moto 360 2,000 29.16.6519,107,2157.54.7 percent 152.28 cfius2005 hkse 992adr lnvgy390500 think yoga google googlegooglegoogle droidlucasfilm']",neutral,0.0,neutral,neutral
30-10-2014,LENOVO COMPLETES ACQUISITION OF MOTOROLA MOBILITY FROM GOOGLE,"RESEARCH TRIANGLE PARK, N.C. & MOUNTAIN VIEW, CALIF.--(BUSINESS WIRE)--LENOVO (HKSE: 0992) (PINK SHEETS: LNVGY) AND GOOGLE (NASDAQ: GOOG) ANNOUNCED TODAY THAT LENOVO’S ACQUISITION OF MOTOROLA MOBILITY FROM GOOGLE IS COMPLETE. THE ACQUISITION OF THE MOTOROLA BRAND AND MOTOROLA'S PORTFOLIO OF INNOVATIVE SMARTPHONES LIKE MOTO X, MOTO G, MOTO E AND THE DROIDTM SERIES, AS WELL AS THE FUTURE MOTOROLA PRODUCT ROADMAP, POSITIONS LENOVO AS THE WORLD’S THIRD LARGEST MAKER OF SMARTPHONES. LENOVO WILL OPERATE MOTOROLA AS A WHOLLY-OWNED SUBSIDIARY. MOTOROLA’S HEADQUARTERS WILL REMAIN IN CHICAGO. WITH THE COMPLETION OF THE ACQUISITION, LENOVO WELCOMES THE ADDITION OF A NEW PORTFOLIO COMPANY WITH NEARLY 3,500 EMPLOYEES AROUND THE WORLD - INCLUDING ABOUT 2,800 IN THE U.S. - WHO DESIGN, ENGINEER, SELL AND SUPPORT MOTOROLA’S OUTSTANDING DEVICES. “TODAY WE ACHIEVED A HISTORIC MILESTONE FOR LENOVO AND FOR MOTOROLA - AND TOGETHER WE ARE READY TO COMPETE, GROW AND WIN IN THE GLOBAL SMARTPHONE MARKET. BY BUILDING A STRONG NUMBER THREE AND A CREDIBLE CHALLENGER TO THE TOP TWO IN SMARTPHONES, WE WILL GIVE THE MARKET SOMETHING IT HAS NEEDED: CHOICE, COMPETITION AND A NEW SPARK OF INNOVATION,” SAID YANG YUANQING, CHAIRMAN AND CEO, LENOVO. “THIS PARTNERSHIP HAS ALWAYS BEEN A PERFECT FIT. LENOVO HAS A CLEAR STRATEGY, GREAT GLOBAL SCALE, AND PROVEN OPERATIONAL EXCELLENCE. MOTOROLA BRINGS A STRONG PRESENCE IN THE U.S. AND OTHER MATURE MARKETS, GREAT CARRIER RELATIONSHIPS, AN ICONIC BRAND, A STRONG IP PORTFOLIO AND AN INCREDIBLY TALENTED TEAM. THIS IS A WINNING COMBINATION.” “MOTOROLA IS IN GREAT HANDS WITH LENOVO, A COMPANY THAT’S ALL-IN ON MAKING GREAT DEVICES,” SAID LARRY PAGE, CEO, GOOGLE. LIU JUN, LENOVO EXECUTIVE VICE PRESIDENT AND PRESIDENT OF LENOVO’S MOBILE BUSINESS GROUP, IS CHAIRMAN OF THE MOTOROLA MANAGEMENT BOARD. RICK OSTERLOH, A MOTOROLA VETERAN, WILL REMAIN PRESIDENT AND CHIEF OPERATING OFFICER OF MOTOROLA. “MOTOROLA HAS ALREADY BUILT SOLID MOMENTUM IN THE MARKET, AND THEIR RECENT RESULTS SHOW CONSUMERS ARE EXCITED ABOUT THEIR EXCEPTIONAL PRODUCTS THAT STAND OUT FOR THEIR DESIGN AND SIMPLICITY,” SAID LIU JUN. “WITH THE COMPLEMENTARY STRENGTHS OF OUR TWO COMPANIES, WE EXPECT TO SELL MORE THAN 100 MILLION MOBILE DEVICES THIS YEAR - INCLUDING SMARTPHONES AND TABLETS - BY LEVERAGING THE LENOVO BRAND’S LEADING MARKET POSITION IN CHINA, OUR SHARED MOMENTUM IN EMERGING MARKETS, AND MOTOROLA’S STRONG FOOTHOLD IN MATURE MARKETS LIKE THE U.S.” MOTOROLA ALREADY HAS STRONG MOMENTUM IN THE MARKETPLACE LED BY HIGHLY SUCCESSFUL NEW PRODUCT LAUNCHES AND GROUNDBREAKING INNOVATIONS, WHICH HAVE PROVIDED SOLID GROWTH. BEYOND SMARTPHONES, THE MOTO 360 WATCH HAS CAPTURED CONSUMER ATTENTION AND ESTABLISHED MOTOROLA AS A COMPANY EXPANDING INTO EMERGING MOBILE DEVICE AREAS. AS PREVIOUSLY STATED, LENOVO EXPECTS TO MAKE THE MOTOROLA BUSINESS PROFITABLE IN FOUR TO SIX QUARTERS. GOOGLE WILL MAINTAIN OWNERSHIP OF A MAJORITY OF THE MOTOROLA MOBILITY PATENT PORTFOLIO, WHILE MOTOROLA WILL RECEIVE A LICENSE TO THIS RICH PORTFOLIO OF PATENTS AND OTHER INTELLECTUAL PROPERTY. MOTOROLA WILL RETAIN OVER 2,000 PATENT ASSETS AND A LARGE NUMBER OF PATENT CROSS-LICENSE AGREEMENTS, AS WELL AS THE MOTOROLA MOBILITY BRAND AND TRADEMARK PORTFOLIO. THE TOTAL PURCHASE PRICE AT CLOSE WAS APPROXIMATELY US$2.91 BILLION (SUBJECT TO CERTAIN POST-CLOSE ADJUSTMENTS), INCLUDING APPROXIMATELY US$660 MILLION IN CASH AND 519,107,215 NEWLY ISSUED ORDINARY SHARES OF LENOVO STOCK, WITH AN AGGREGATE VALUE OF US$750 MILLION, REPRESENTING ABOUT 4.7 PERCENT OF LENOVO’S SHARES OUTSTANDING, WHICH WERE TRANSFERRED TO GOOGLE AT CLOSE. THE REMAINING US$1.5 BILLION WILL BE PAID TO GOOGLE BY LENOVO IN THE FORM OF A THREE-YEAR PROMISSORY NOTE. A SEPARATE CASH COMPENSATION OF APPROXIMATELY US$228 MILLION WAS PAID BY LENOVO TO GOOGLE PRIMARILY FOR THE CASH AND WORKING CAPITAL HELD BY MOTOROLA AT THE TIME OF CLOSE. THE TRANSACTION HAS SATISFIED ALL REGULATORY REQUIREMENTS AND CUSTOMARY CLOSING CONDITIONS, INCLUDING CLEARANCE BY COMPETITION AUTHORITIES IN THE U.S., CHINA, EU, BRAZIL AND MEXICO, AND BY THE COMMITTEE ON FOREIGN INVESTMENT IN THE UNITED STATES (CFIUS). THIS IS THE FIFTH TIME SINCE 2005 LENOVO HAS BEEN CLEARED BY CFIUS TO ACQUIRE A U.S. BUSINESS. ABOUT LENOVO LENOVO (HKSE: 992) (ADR: LNVGY) IS A $39 BILLION GLOBAL FORTUNE 500 COMPANY AND A LEADER IN PROVIDING INNOVATIVE CONSUMER, COMMERCIAL, AND ENTERPRISE TECHNOLOGY. OUR PORTFOLIO OF HIGH-QUALITY, SECURE PRODUCTS AND SERVICES COVERS PCS (INCLUDING THE LEGENDARY THINK AND MULTIMODE YOGA BRANDS), WORKSTATIONS, SERVERS, STORAGE, SMART TVS AND A FAMILY OF MOBILE PRODUCTS LIKE SMARTPHONES (INCLUDING THE MOTOROLA BRAND), TABLETS AND APPS. JOIN US ON LINKEDIN, FOLLOW US ON FACEBOOK OR TWITTER (@LENOVO) OR VISIT US AT WWW.LENOVO.COM. ABOUT GOOGLE GOOGLE IS A GLOBAL TECHNOLOGY LEADER, FOCUSED ON IMPROVING WAYS PEOPLE CONNECT WITH INFORMATION. GOOGLE’S INNOVATIONS IN WEB SEARCH AND ADVERTISING HAVE MADE ITS WEBSITE A TOP INTERNET PROPERTY AND ITS BRAND ONE OF THE MOST RECOGNIZED IN THE WORLD. *DROID IS A TRADEMARK OF LUCASFILM LTD. AND ITS RELATED COMPANIES. USED UNDER LICENSE. FOR MORE INFORMATION A PRESS KIT IS AVAILABLE HERE: HTTP://NEWS.LENOVO.COM/MOTOROLAACQUISITION","LENOVO COMPLETES ACQUISITION OF MOTOROLA MOBILITY FROM GOOGLE. RESEARCH TRIANGLE PARK, N.C. & MOUNTAIN VIEW, CALIF.--(BUSINESS WIRE)--LENOVO (HKSE: 0992) (PINK SHEETS: LNVGY) AND GOOGLE (NASDAQ: GOOG) ANNOUNCED TODAY THAT LENOVO’S ACQUISITION OF MOTOROLA MOBILITY FROM GOOGLE IS COMPLETE. THE ACQUISITION OF THE MOTOROLA BRAND AND MOTOROLA'S PORTFOLIO OF INNOVATIVE SMARTPHONES LIKE MOTO X, MOTO G, MOTO E AND THE DROIDTM SERIES, AS WELL AS THE FUTURE MOTOROLA PRODUCT ROADMAP, POSITIONS LENOVO AS THE WORLD’S THIRD LARGEST MAKER OF SMARTPHONES. LENOVO WILL OPERATE MOTOROLA AS A WHOLLY-OWNED SUBSIDIARY. MOTOROLA’S HEADQUARTERS WILL REMAIN IN CHICAGO. WITH THE COMPLETION OF THE ACQUISITION, LENOVO WELCOMES THE ADDITION OF A NEW PORTFOLIO COMPANY WITH NEARLY 3,500 EMPLOYEES AROUND THE WORLD - INCLUDING ABOUT 2,800 IN THE U.S. - WHO DESIGN, ENGINEER, SELL AND SUPPORT MOTOROLA’S OUTSTANDING DEVICES. “TODAY WE ACHIEVED A HISTORIC MILESTONE FOR LENOVO AND FOR MOTOROLA - AND TOGETHER WE ARE READY TO COMPETE, GROW AND WIN IN THE GLOBAL SMARTPHONE MARKET. BY BUILDING A STRONG NUMBER THREE AND A CREDIBLE CHALLENGER TO THE TOP TWO IN SMARTPHONES, WE WILL GIVE THE MARKET SOMETHING IT HAS NEEDED: CHOICE, COMPETITION AND A NEW SPARK OF INNOVATION,” SAID YANG YUANQING, CHAIRMAN AND CEO, LENOVO. “THIS PARTNERSHIP HAS ALWAYS BEEN A PERFECT FIT. LENOVO HAS A CLEAR STRATEGY, GREAT GLOBAL SCALE, AND PROVEN OPERATIONAL EXCELLENCE. MOTOROLA BRINGS A STRONG PRESENCE IN THE U.S. AND OTHER MATURE MARKETS, GREAT CARRIER RELATIONSHIPS, AN ICONIC BRAND, A STRONG IP PORTFOLIO AND AN INCREDIBLY TALENTED TEAM. THIS IS A WINNING COMBINATION.” “MOTOROLA IS IN GREAT HANDS WITH LENOVO, A COMPANY THAT’S ALL-IN ON MAKING GREAT DEVICES,” SAID LARRY PAGE, CEO, GOOGLE. LIU JUN, LENOVO EXECUTIVE VICE PRESIDENT AND PRESIDENT OF LENOVO’S MOBILE BUSINESS GROUP, IS CHAIRMAN OF THE MOTOROLA MANAGEMENT BOARD. RICK OSTERLOH, A MOTOROLA VETERAN, WILL REMAIN PRESIDENT AND CHIEF OPERATING OFFICER OF MOTOROLA. “MOTOROLA HAS ALREADY BUILT SOLID MOMENTUM IN THE MARKET, AND THEIR RECENT RESULTS SHOW CONSUMERS ARE EXCITED ABOUT THEIR EXCEPTIONAL PRODUCTS THAT STAND OUT FOR THEIR DESIGN AND SIMPLICITY,” SAID LIU JUN. “WITH THE COMPLEMENTARY STRENGTHS OF OUR TWO COMPANIES, WE EXPECT TO SELL MORE THAN 100 MILLION MOBILE DEVICES THIS YEAR - INCLUDING SMARTPHONES AND TABLETS - BY LEVERAGING THE LENOVO BRAND’S LEADING MARKET POSITION IN CHINA, OUR SHARED MOMENTUM IN EMERGING MARKETS, AND MOTOROLA’S STRONG FOOTHOLD IN MATURE MARKETS LIKE THE U.S.” MOTOROLA ALREADY HAS STRONG MOMENTUM IN THE MARKETPLACE LED BY HIGHLY SUCCESSFUL NEW PRODUCT LAUNCHES AND GROUNDBREAKING INNOVATIONS, WHICH HAVE PROVIDED SOLID GROWTH. BEYOND SMARTPHONES, THE MOTO 360 WATCH HAS CAPTURED CONSUMER ATTENTION AND ESTABLISHED MOTOROLA AS A COMPANY EXPANDING INTO EMERGING MOBILE DEVICE AREAS. AS PREVIOUSLY STATED, LENOVO EXPECTS TO MAKE THE MOTOROLA BUSINESS PROFITABLE IN FOUR TO SIX QUARTERS. GOOGLE WILL MAINTAIN OWNERSHIP OF A MAJORITY OF THE MOTOROLA MOBILITY PATENT PORTFOLIO, WHILE MOTOROLA WILL RECEIVE A LICENSE TO THIS RICH PORTFOLIO OF PATENTS AND OTHER INTELLECTUAL PROPERTY. MOTOROLA WILL RETAIN OVER 2,000 PATENT ASSETS AND A LARGE NUMBER OF PATENT CROSS-LICENSE AGREEMENTS, AS WELL AS THE MOTOROLA MOBILITY BRAND AND TRADEMARK PORTFOLIO. THE TOTAL PURCHASE PRICE AT CLOSE WAS APPROXIMATELY US$2.91 BILLION (SUBJECT TO CERTAIN POST-CLOSE ADJUSTMENTS), INCLUDING APPROXIMATELY US$660 MILLION IN CASH AND 519,107,215 NEWLY ISSUED ORDINARY SHARES OF LENOVO STOCK, WITH AN AGGREGATE VALUE OF US$750 MILLION, REPRESENTING ABOUT 4.7 PERCENT OF LENOVO’S SHARES OUTSTANDING, WHICH WERE TRANSFERRED TO GOOGLE AT CLOSE. THE REMAINING US$1.5 BILLION WILL BE PAID TO GOOGLE BY LENOVO IN THE FORM OF A THREE-YEAR PROMISSORY NOTE. A SEPARATE CASH COMPENSATION OF APPROXIMATELY US$228 MILLION WAS PAID BY LENOVO TO GOOGLE PRIMARILY FOR THE CASH AND WORKING CAPITAL HELD BY MOTOROLA AT THE TIME OF CLOSE. THE TRANSACTION HAS SATISFIED ALL REGULATORY REQUIREMENTS AND CUSTOMARY CLOSING CONDITIONS, INCLUDING CLEARANCE BY COMPETITION AUTHORITIES IN THE U.S., CHINA, EU, BRAZIL AND MEXICO, AND BY THE COMMITTEE ON FOREIGN INVESTMENT IN THE UNITED STATES (CFIUS). THIS IS THE FIFTH TIME SINCE 2005 LENOVO HAS BEEN CLEARED BY CFIUS TO ACQUIRE A U.S. BUSINESS. ABOUT LENOVO LENOVO (HKSE: 992) (ADR: LNVGY) IS A $39 BILLION GLOBAL FORTUNE 500 COMPANY AND A LEADER IN PROVIDING INNOVATIVE CONSUMER, COMMERCIAL, AND ENTERPRISE TECHNOLOGY. OUR PORTFOLIO OF HIGH-QUALITY, SECURE PRODUCTS AND SERVICES COVERS PCS (INCLUDING THE LEGENDARY THINK AND MULTIMODE YOGA BRANDS), WORKSTATIONS, SERVERS, STORAGE, SMART TVS AND A FAMILY OF MOBILE PRODUCTS LIKE SMARTPHONES (INCLUDING THE MOTOROLA BRAND), TABLETS AND APPS. JOIN US ON LINKEDIN, FOLLOW US ON FACEBOOK OR TWITTER (@LENOVO) OR VISIT US AT WWW.LENOVO.COM. ABOUT GOOGLE GOOGLE IS A GLOBAL TECHNOLOGY LEADER, FOCUSED ON IMPROVING WAYS PEOPLE CONNECT WITH INFORMATION. GOOGLE’S INNOVATIONS IN WEB SEARCH AND ADVERTISING HAVE MADE ITS WEBSITE A TOP INTERNET PROPERTY AND ITS BRAND ONE OF THE MOST RECOGNIZED IN THE WORLD. *DROID IS A TRADEMARK OF LUCASFILM LTD. AND ITS RELATED COMPANIES. USED UNDER LICENSE. FOR MORE INFORMATION A PRESS KIT IS AVAILABLE HERE: HTTP://NEWS.LENOVO.COM/MOTOROLAACQUISITION","['lenovo completes acquisition of motorola mobility from google', 'research triangle park, n.c', 'mountain view, calif.--business wire--lenovo hkse 0992 pink sheets lnvgy and google nasdaq goog announced today that lenovos acquisition of motorola mobility from google is complete', ""the acquisition of the motorola brand and motorola's portfolio of innovative smartphones like moto x, moto g, moto e and the droidtm series, as well as the future motorola product roadmap, positions lenovo as the worlds third largest maker of smartphones"", 'lenovo will operate motorola as a wholly-owned subsidiary', 'motorolas headquarters will remain in chicago', 'with the completion of the acquisition, lenovo welcomes the addition of a new portfolio company with nearly 3,500 employees around the world - including about 2,800 in the u.s', '- who design, engineer, sell and support motorolas outstanding devices', 'today we achieved a historic milestone for lenovo and for motorola - and together we are ready to compete, grow and win in the global smartphone market', 'by building a strong number three and a credible challenger to the top two in smartphones, we will give the market something it has needed choice, competition and a new spark of innovation, said yang yuanqing, chairman and ceo, lenovo', 'this partnership has always been a perfect fit', 'lenovo has a clear strategy, great global scale, and proven operational excellence', 'motorola brings a strong presence in the u.s', 'and other mature markets, great carrier relationships, an iconic brand, a strong ip portfolio and an incredibly talented team', 'this is a winning combination', 'motorola is in great hands with lenovo, a company thats all-in on making great devices, said larry page, ceo, google', 'liu jun, lenovo executive vice president and president of lenovos mobile business group, is chairman of the motorola management board', 'rick osterloh, a motorola veteran, will remain president and chief operating officer of motorola', 'motorola has already built solid momentum in the market, and their recent results show consumers are excited about their exceptional products that stand out for their design and simplicity, said liu jun', 'with the complementary strengths of our two companies, we expect to sell more than 100 million mobile devices this year - including smartphones and tablets - by leveraging the lenovo brands leading market position in china, our shared momentum in emerging markets, and motorolas strong foothold in mature markets like the u.s', 'motorola already has strong momentum in the marketplace led by highly successful new product launches and groundbreaking innovations, which have provided solid growth', 'beyond smartphones, the moto 360 watch has captured consumer attention and established motorola as a company expanding into emerging mobile device areas', 'as previously stated, lenovo expects to make the motorola business profitable in four to six quarters', 'google will maintain ownership of a majority of the motorola mobility patent portfolio, while motorola will receive a license to this rich portfolio of patents and other intellectual property', 'motorola will retain over 2,000 patent assets and a large number of patent cross-license agreements, as well as the motorola mobility brand and trademark portfolio', 'the total purchase price at close was approximately us$2.91 billion subject to certain post-close adjustments, including approximately us$660 million in cash and 519,107,215 newly issued ordinary shares of lenovo stock, with an aggregate value of us$750 million, representing about 4.7 percent of lenovos shares outstanding, which were transferred to google at close', 'the remaining us$1.5 billion will be paid to google by lenovo in the form of a three-year promissory note', 'a separate cash compensation of approximately us$228 million was paid by lenovo to google primarily for the cash and working capital held by motorola at the time of close', 'the transaction has satisfied all regulatory requirements and customary closing conditions, including clearance by competition authorities in the u.s., china, eu, brazil and mexico, and by the committee on foreign investment in the united states cfius', 'this is the fifth time since 2005 lenovo has been cleared by cfius to acquire a u.s', 'business', 'about lenovo lenovo hkse 992 adr lnvgy is a $39 billion global fortune 500 company and a leader in providing innovative consumer, commercial, and enterprise technology', 'our portfolio of high-quality, secure products and services covers pcs including the legendary think and multimode yoga brands, workstations, servers, storage, smart tvs and a family of mobile products like smartphones including the motorola brand, tablets and apps', 'join us on linkedin, follow us on facebook or twitter lenovo or visit us at about google google is a global technology leader, focused on improving ways people connect with information', 'googles innovations in web search and advertising have made its website a top internet property and its brand one of the most recognized in the world', 'droid is a trademark of lucasfilm ltd', 'and its related companies', 'used under license', 'for more information a press kit is available here']",weakly_positive,0.4158230769230769,neutral,neutral
01-10-2014,"GOOGLE ANNOUNCES DATE OF THIRD QUARTER 2014 FINANCIAL RESULTS 
      CONFERENCE CALL","MOUNTAIN VIEW, CALIF.--(BUSINESS WIRE)--GOOGLE INC. (NASDAQ: GOOG) WILL HOLD ITS QUARTERLY CONFERENCE CALL TO DISCUSS THIRD QUARTER 2014 FINANCIAL RESULTS ON THURSDAY, OCTOBER 16TH AT 1:30 P.M. PACIFIC TIME (4:30 P.M. EASTERN TIME). THE LIVE WEBCAST OF GOOGLE’S EARNINGS CONFERENCE CALL CAN BE ACCESSED AT INVESTOR.GOOGLE.COM/WEBCAST.HTML. A REPLAY OF THE WEBCAST WILL BE AVAILABLE THROUGH THE SAME LINK FOLLOWING THE CONFERENCE CALL. PLEASE VISIT GOOGLE’S INVESTOR RELATIONS WEBSITE AT INVESTOR.GOOGLE.COM ON OCTOBER 16TH, 2014 TO VIEW THE EARNINGS RELEASE PRIOR TO THE CONFERENCE CALL. ABOUT GOOGLE INC. GOOGLE IS A GLOBAL TECHNOLOGY LEADER FOCUSED ON IMPROVING THE WAYS PEOPLE CONNECT WITH INFORMATION. GOOGLE’S INNOVATIONS IN WEB SEARCH AND ADVERTISING HAVE MADE ITS WEBSITE A TOP INTERNET PROPERTY AND ITS BRAND ONE OF THE MOST RECOGNIZED IN THE WORLD.","GOOGLE ANNOUNCES DATE OF THIRD QUARTER 2014 FINANCIAL RESULTS 
      CONFERENCE CALL. MOUNTAIN VIEW, CALIF.--(BUSINESS WIRE)--GOOGLE INC. (NASDAQ: GOOG) WILL HOLD ITS QUARTERLY CONFERENCE CALL TO DISCUSS THIRD QUARTER 2014 FINANCIAL RESULTS ON THURSDAY, OCTOBER 16TH AT 1:30 P.M. PACIFIC TIME (4:30 P.M. EASTERN TIME). THE LIVE WEBCAST OF GOOGLE’S EARNINGS CONFERENCE CALL CAN BE ACCESSED AT INVESTOR.GOOGLE.COM/WEBCAST.HTML. A REPLAY OF THE WEBCAST WILL BE AVAILABLE THROUGH THE SAME LINK FOLLOWING THE CONFERENCE CALL. PLEASE VISIT GOOGLE’S INVESTOR RELATIONS WEBSITE AT INVESTOR.GOOGLE.COM ON OCTOBER 16TH, 2014 TO VIEW THE EARNINGS RELEASE PRIOR TO THE CONFERENCE CALL. ABOUT GOOGLE INC. GOOGLE IS A GLOBAL TECHNOLOGY LEADER FOCUSED ON IMPROVING THE WAYS PEOPLE CONNECT WITH INFORMATION. GOOGLE’S INNOVATIONS IN WEB SEARCH AND ADVERTISING HAVE MADE ITS WEBSITE A TOP INTERNET PROPERTY AND ITS BRAND ONE OF THE MOST RECOGNIZED IN THE WORLD.","['google announces date of third quarter 2014 financial results conference call', 'mountain view, calif.--business wire--google inc', 'nasdaq goog will hold its quarterly conference call to discuss third quarter 2014 financial results on thursday, october 16th at 130 p.m', 'pacific time 430 p.m', 'eastern time', 'the live webcast of googles earnings conference call can be accessed at investor.google.comwebcast.html', 'a replay of the webcast will be available through the same link following the conference call', 'please visit googles investor relations website at investor.google.com on october 16th, 2014 to view the earnings release prior to the conference call', 'about google inc', 'google is a global technology leader focused on improving the ways people connect with information', 'googles innovations in web search and advertising have made its website a top internet property and its brand one of the most recognized in the world.']",weakly_positive,0.107290909090909,weakly_positive,weakly_positive
07-07-2014,"GOOGLE ANNOUNCES DATE OF SECOND QUARTER 2014 FINANCIAL RESULTS 
      CONFERENCE CALL","MOUNTAIN VIEW, CALIF.--(BUSINESS WIRE)--GOOGLE INC. (NASDAQ: GOOG) WILL HOLD ITS QUARTERLY CONFERENCE CALL TO DISCUSS SECOND QUARTER 2014 FINANCIAL RESULTS ON THURSDAY, JULY 17TH AT 1:30 P.M. PACIFIC TIME (4:30 P.M. EASTERN TIME). THE LIVE WEBCAST OF GOOGLE’S EARNINGS CONFERENCE CALL CAN BE ACCESSED AT INVESTOR.GOOGLE.COM/WEBCAST.HTML. A REPLAY OF THE WEBCAST WILL BE AVAILABLE THROUGH THE SAME LINK FOLLOWING THE CONFERENCE CALL. PLEASE VISIT GOOGLE’S INVESTOR RELATIONS WEBSITE AT INVESTOR.GOOGLE.COM ON JULY 17TH, 2014 TO VIEW THE EARNINGS RELEASE PRIOR TO THE CONFERENCE CALL. ABOUT GOOGLE INC. GOOGLE IS A GLOBAL TECHNOLOGY LEADER FOCUSED ON IMPROVING THE WAYS PEOPLE CONNECT WITH INFORMATION. GOOGLE’S INNOVATIONS IN WEB SEARCH AND ADVERTISING HAVE MADE ITS WEBSITE A TOP INTERNET PROPERTY AND ITS BRAND ONE OF THE MOST RECOGNIZED IN THE WORLD.","GOOGLE ANNOUNCES DATE OF SECOND QUARTER 2014 FINANCIAL RESULTS 
      CONFERENCE CALL. MOUNTAIN VIEW, CALIF.--(BUSINESS WIRE)--GOOGLE INC. (NASDAQ: GOOG) WILL HOLD ITS QUARTERLY CONFERENCE CALL TO DISCUSS SECOND QUARTER 2014 FINANCIAL RESULTS ON THURSDAY, JULY 17TH AT 1:30 P.M. PACIFIC TIME (4:30 P.M. EASTERN TIME). THE LIVE WEBCAST OF GOOGLE’S EARNINGS CONFERENCE CALL CAN BE ACCESSED AT INVESTOR.GOOGLE.COM/WEBCAST.HTML. A REPLAY OF THE WEBCAST WILL BE AVAILABLE THROUGH THE SAME LINK FOLLOWING THE CONFERENCE CALL. PLEASE VISIT GOOGLE’S INVESTOR RELATIONS WEBSITE AT INVESTOR.GOOGLE.COM ON JULY 17TH, 2014 TO VIEW THE EARNINGS RELEASE PRIOR TO THE CONFERENCE CALL. ABOUT GOOGLE INC. GOOGLE IS A GLOBAL TECHNOLOGY LEADER FOCUSED ON IMPROVING THE WAYS PEOPLE CONNECT WITH INFORMATION. GOOGLE’S INNOVATIONS IN WEB SEARCH AND ADVERTISING HAVE MADE ITS WEBSITE A TOP INTERNET PROPERTY AND ITS BRAND ONE OF THE MOST RECOGNIZED IN THE WORLD.","['google announces date of second quarter 2014 financial results conference call', 'mountain view, calif.--business wire--google inc', 'nasdaq goog will hold its quarterly conference call to discuss second quarter 2014 financial results on thursday, july 17th at 130 p.m', 'pacific time 430 p.m', 'eastern time', 'the live webcast of googles earnings conference call can be accessed at investor.google.comwebcast.html', 'a replay of the webcast will be available through the same link following the conference call', 'please visit googles investor relations website at investor.google.com on july 17th, 2014 to view the earnings release prior to the conference call', 'about google inc', 'google is a global technology leader focused on improving the ways people connect with information', 'googles innovations in web search and advertising have made its website a top internet property and its brand one of the most recognized in the world.']",weakly_positive,0.107290909090909,weakly_positive,weakly_positive
20-05-2014,"HAGENS BERMAN ANNOUNCES CLASS-ACTION LAWSUIT AGAINST GOOGLE FOR 
      ALLEGEDLY DENYING PAYMENTS TO GOOGLE ADSENSE USERS","SEATTLE--(BUSINESS WIRE)--HAGENS BERMAN, A CONSUMER RIGHTS LAW FIRM, TODAY FILED A NATIONAL CLASS-ACTION LAWSUIT AGAINST GOOGLE (NASDAQ:GOOG), CLAIMING THE COMPANY UNLAWFULLY DENIES PAYMENTS TO THOUSANDS OF WEBSITE OWNERS AND OPERATORS WHO PLACE ADS ON THEIR SITES SOLD THROUGH GOOGLE ADWORDS. THE LAWSUIT, FILED IN THE U.S. DISTRICT COURT FOR THE NORTHERN DISTRICT OF CALIFORNIA, ALLEGES THAT GOOGLE ABRUPTLY CANCELS WEBSITE OWNERS’ ADSENSE ACCOUNTS OFTEN WITHOUT EXPLANATION SHORTLY BEFORE PAYMENTS ARE DUE, AND REFUSES TO PAY FOR THE ADS THAT RAN PRIOR TO THE CANCELATION. “THIS WRONGFUL PRACTICE HAS SPARKED NUMEROUS BITTER COMPLAINTS FROM WEBSITE OWNERS ACROSS THE WEB, WITH SOME REPORTING LOSSES REACHING THOUSANDS OF DOLLARS A POP,” SAID STEVE BERMAN, ATTORNEY REPRESENTING CONSUMERS AND FOUNDING PARTNER OF HAGENS BERMAN. “WHAT WE BELIEVE TO BE TRUE FROM OUR RESEARCH IS THAT GOOGLE’S PRACTICE IS LIKELY HURTING THOUSANDS OF WEBSITE OWNERS AND OPERATORS WHO FEEL THEY HAVE NO WAY TO FIGHT A GIANT COMPANY LIKE GOOGLE.” ACCORDING TO THE SUIT, GOOGLE’S POPULAR ADSENSE PROGRAM TRANSLATES ANNUALLY TO BILLIONS OF DOLLARS PAYABLE TO WEBSITE OPERATORS THAT HOST ITS ADS VIA ADSENSE. GOOGLE’S ADSENSE ADVERTISING PROGRAM INDUCES WEBSITE OPERATORS TO HOST SPACE FOR ADS ON THEIR WEBSITES. EACH TIME A VISITOR TO THE WEBSITE INTERACTS WITH THE AD, THE AD PUBLISHER WHO HOSTS THE AD EARNS PAYMENT. THE COMPLAINT CLAIMS THAT THE CONTRACTS AND TERMS OF SERVICE GOOGLE REQUIRES WEB PUBLISHERS TO SIGN ARE UNCONSCIONABLY ONE-SIDED, GIVING GOOGLE FREE REIGN TO EMBARK ON WHAT THE SUIT CLAIMS ARE ACTIONS DEVOID OF GOOD FAITH OR FAIR DEALING. “WE HAVE HEARD FROM WEB PUBLISHERS WHO TELL US THE SAME THING: GOOGLE CUTS THEM OFF RIGHT BEFORE A PAYMENT IS DUE, AND STONEWALLS THEM WHEN THEY OBJECT,” BERMAN SAID. “GOOGLE’S COMPANY MOTTO IS ‘DON’T BE EVIL.’ KNOWING WHAT WE KNOW, I THINK THEY HAVE A LOT OF WORK TO DO TO BE TRUE TO THAT GOAL.” THE COMPLAINT STATES, “GIVEN GOOGLE’S CONTRACTUAL TERMS PURPORTEDLY PERMITTING IT TO WITHHOLD PAYMENT TO PUBLISHERS WITH DISABLED ACCOUNTS, AND IN LIGHT OF THE EXPERIENCE OF THE PLAINTIFF IN SEEING THIS POLICY ACTUALLY EFFECTED, THE TOTAL OF EARNED FUNDS THAT GOOGLE HAS REFUSED TO PAY ITS ADSENSE PUBLISHERS COULD BE ENORMOUS.” THE LAWSUIT CLAIMS GOOGLE IS IN VIOLATION OF CONTRACTS WITH USERS AND IN VIOLATION OF THE IMPLIED COVENANT OF GOOD FAITH AND FAIR DEALING, UNJUST ENRICHMENT, AND VIOLATION OF THE CALIFORNIA UNFAIR COMPETITION LAW. THE NAMED PLAINTIFF, FREE RANGE CONTENT, INC., IS A CALIFORNIA CORPORATION THAT OWNS AND OPERATES REPOST.US. FREE RANGE CONTENT FIRST NOTICED A SPIKE IN ADSENSE EARNINGS IN FEB. 2014. AT THE END OF FEB. 2014, GOOGLE ISSUED A REPORT STATING THAT THE PLAINTIFF’S ESTIMATED EARNINGS FOR THE COVERED PERIOD WERE OVER $40,000 – A NUMBER THAT SEEMED FAR TOO HIGH. THEN ON MARCH 4, 2014—TWO DAYS BEFORE A SCHEDULED MARCH 6, 2014 CALL WITH AN ADSENSE REPRESENTATIVE WAS SLATED TO OCCUR—THE PLAINTIFF RECEIVED WORD FROM THE ADSENSE PROGRAM THAT GOOGLE HAD DISABLED ITS ACCOUNT. THE LAWSUIT SEEKS DAMAGES FOR ALL U.S. GOOGLE ADSENSE PUBLISHERS WHOSE ADSENSE ACCOUNT WAS DISABLED OR TERMINATED, AND WHOSE LAST ADSENSE PROGRAM PAYMENT WAS WITHHELD PERMANENTLY BY GOOGLE. CONCERNED CONSUMERS ARE ENCOURAGED TO CONTACT A HAGENS BERMAN ATTORNEY BY EMAILING GOOGLEADSENSE@HBSSLAW.COM OR CALLING (206) 623-7292. ADDITIONAL INFORMATION ABOUT THE INVESTIGATION IS AVAILABLE AT HTTP://WWW.HBSSLAW.COM/CASES-AND-INVESTIGATIONS/CASES/GOOGLE-ADSENSE. ABOUT HAGENS BERMAN HAGENS BERMAN SOBOL SHAPIRO LLP IS A CONSUMER-RIGHTS CLASS-ACTION LAW FIRM WITH OFFICES IN NINE CITIES. THE FIRM HAS BEEN NAMED TO THE NATIONAL LAW JOURNAL’S PLAINTIFFS’ HOT LIST SEVEN TIMES. MORE ABOUT THE LAW FIRM AND ITS SUCCESSES CAN BE FOUND AT WWW.HBSSLAW.COM. THE FIRM’S CLASS-ACTION LAW BLOG IS LOCATED AT WWW.CLASSACTIONLAWTODAY.COM.","HAGENS BERMAN ANNOUNCES CLASS-ACTION LAWSUIT AGAINST GOOGLE FOR 
      ALLEGEDLY DENYING PAYMENTS TO GOOGLE ADSENSE USERS. SEATTLE--(BUSINESS WIRE)--HAGENS BERMAN, A CONSUMER RIGHTS LAW FIRM, TODAY FILED A NATIONAL CLASS-ACTION LAWSUIT AGAINST GOOGLE (NASDAQ:GOOG), CLAIMING THE COMPANY UNLAWFULLY DENIES PAYMENTS TO THOUSANDS OF WEBSITE OWNERS AND OPERATORS WHO PLACE ADS ON THEIR SITES SOLD THROUGH GOOGLE ADWORDS. THE LAWSUIT, FILED IN THE U.S. DISTRICT COURT FOR THE NORTHERN DISTRICT OF CALIFORNIA, ALLEGES THAT GOOGLE ABRUPTLY CANCELS WEBSITE OWNERS’ ADSENSE ACCOUNTS OFTEN WITHOUT EXPLANATION SHORTLY BEFORE PAYMENTS ARE DUE, AND REFUSES TO PAY FOR THE ADS THAT RAN PRIOR TO THE CANCELATION. “THIS WRONGFUL PRACTICE HAS SPARKED NUMEROUS BITTER COMPLAINTS FROM WEBSITE OWNERS ACROSS THE WEB, WITH SOME REPORTING LOSSES REACHING THOUSANDS OF DOLLARS A POP,” SAID STEVE BERMAN, ATTORNEY REPRESENTING CONSUMERS AND FOUNDING PARTNER OF HAGENS BERMAN. “WHAT WE BELIEVE TO BE TRUE FROM OUR RESEARCH IS THAT GOOGLE’S PRACTICE IS LIKELY HURTING THOUSANDS OF WEBSITE OWNERS AND OPERATORS WHO FEEL THEY HAVE NO WAY TO FIGHT A GIANT COMPANY LIKE GOOGLE.” ACCORDING TO THE SUIT, GOOGLE’S POPULAR ADSENSE PROGRAM TRANSLATES ANNUALLY TO BILLIONS OF DOLLARS PAYABLE TO WEBSITE OPERATORS THAT HOST ITS ADS VIA ADSENSE. GOOGLE’S ADSENSE ADVERTISING PROGRAM INDUCES WEBSITE OPERATORS TO HOST SPACE FOR ADS ON THEIR WEBSITES. EACH TIME A VISITOR TO THE WEBSITE INTERACTS WITH THE AD, THE AD PUBLISHER WHO HOSTS THE AD EARNS PAYMENT. THE COMPLAINT CLAIMS THAT THE CONTRACTS AND TERMS OF SERVICE GOOGLE REQUIRES WEB PUBLISHERS TO SIGN ARE UNCONSCIONABLY ONE-SIDED, GIVING GOOGLE FREE REIGN TO EMBARK ON WHAT THE SUIT CLAIMS ARE ACTIONS DEVOID OF GOOD FAITH OR FAIR DEALING. “WE HAVE HEARD FROM WEB PUBLISHERS WHO TELL US THE SAME THING: GOOGLE CUTS THEM OFF RIGHT BEFORE A PAYMENT IS DUE, AND STONEWALLS THEM WHEN THEY OBJECT,” BERMAN SAID. “GOOGLE’S COMPANY MOTTO IS ‘DON’T BE EVIL.’ KNOWING WHAT WE KNOW, I THINK THEY HAVE A LOT OF WORK TO DO TO BE TRUE TO THAT GOAL.” THE COMPLAINT STATES, “GIVEN GOOGLE’S CONTRACTUAL TERMS PURPORTEDLY PERMITTING IT TO WITHHOLD PAYMENT TO PUBLISHERS WITH DISABLED ACCOUNTS, AND IN LIGHT OF THE EXPERIENCE OF THE PLAINTIFF IN SEEING THIS POLICY ACTUALLY EFFECTED, THE TOTAL OF EARNED FUNDS THAT GOOGLE HAS REFUSED TO PAY ITS ADSENSE PUBLISHERS COULD BE ENORMOUS.” THE LAWSUIT CLAIMS GOOGLE IS IN VIOLATION OF CONTRACTS WITH USERS AND IN VIOLATION OF THE IMPLIED COVENANT OF GOOD FAITH AND FAIR DEALING, UNJUST ENRICHMENT, AND VIOLATION OF THE CALIFORNIA UNFAIR COMPETITION LAW. THE NAMED PLAINTIFF, FREE RANGE CONTENT, INC., IS A CALIFORNIA CORPORATION THAT OWNS AND OPERATES REPOST.US. FREE RANGE CONTENT FIRST NOTICED A SPIKE IN ADSENSE EARNINGS IN FEB. 2014. AT THE END OF FEB. 2014, GOOGLE ISSUED A REPORT STATING THAT THE PLAINTIFF’S ESTIMATED EARNINGS FOR THE COVERED PERIOD WERE OVER $40,000 – A NUMBER THAT SEEMED FAR TOO HIGH. THEN ON MARCH 4, 2014—TWO DAYS BEFORE A SCHEDULED MARCH 6, 2014 CALL WITH AN ADSENSE REPRESENTATIVE WAS SLATED TO OCCUR—THE PLAINTIFF RECEIVED WORD FROM THE ADSENSE PROGRAM THAT GOOGLE HAD DISABLED ITS ACCOUNT. THE LAWSUIT SEEKS DAMAGES FOR ALL U.S. GOOGLE ADSENSE PUBLISHERS WHOSE ADSENSE ACCOUNT WAS DISABLED OR TERMINATED, AND WHOSE LAST ADSENSE PROGRAM PAYMENT WAS WITHHELD PERMANENTLY BY GOOGLE. CONCERNED CONSUMERS ARE ENCOURAGED TO CONTACT A HAGENS BERMAN ATTORNEY BY EMAILING GOOGLEADSENSE@HBSSLAW.COM OR CALLING (206) 623-7292. ADDITIONAL INFORMATION ABOUT THE INVESTIGATION IS AVAILABLE AT HTTP://WWW.HBSSLAW.COM/CASES-AND-INVESTIGATIONS/CASES/GOOGLE-ADSENSE. ABOUT HAGENS BERMAN HAGENS BERMAN SOBOL SHAPIRO LLP IS A CONSUMER-RIGHTS CLASS-ACTION LAW FIRM WITH OFFICES IN NINE CITIES. THE FIRM HAS BEEN NAMED TO THE NATIONAL LAW JOURNAL’S PLAINTIFFS’ HOT LIST SEVEN TIMES. MORE ABOUT THE LAW FIRM AND ITS SUCCESSES CAN BE FOUND AT WWW.HBSSLAW.COM. THE FIRM’S CLASS-ACTION LAW BLOG IS LOCATED AT WWW.CLASSACTIONLAWTODAY.COM.","['hagens berman announces class-action lawsuit against google for allegedly denying payments to google adsense users', 'seattle--business wire--hagens berman, a consumer rights law firm, today filed a national class-action lawsuit against google nasdaqgoog, claiming the company unlawfully denies payments to thousands of website owners and operators who place ads on their sites sold through google adwords', 'the lawsuit, filed in the u.s', 'district court for the northern district of california, alleges that google abruptly cancels website owners adsense accounts often without explanation shortly before payments are due, and refuses to pay for the ads that ran prior to the cancelation', 'this wrongful practice has sparked numerous bitter complaints from website owners across the web, with some reporting losses reaching thousands of dollars a pop, said steve berman, attorney representing consumers and founding partner of hagens berman', 'what we believe to be true from our research is that googles practice is likely hurting thousands of website owners and operators who feel they have no way to fight a giant company like google', 'according to the suit, googles popular adsense program translates annually to billions of dollars payable to website operators that host its ads via adsense', 'googles adsense advertising program induces website operators to host space for ads on their websites', 'each time a visitor to the website interacts with the ad, the ad publisher who hosts the ad earns payment', 'the complaint claims that the contracts and terms of service google requires web publishers to sign are unconscionably one-sided, giving google free reign to embark on what the suit claims are actions devoid of good faith or fair dealing', 'we have heard from web publishers who tell us the same thing google cuts them off right before a payment is due, and stonewalls them when they object, berman said', 'googles company motto is dont be evil', 'knowing what we know, i think they have a lot of work to do to be true to that goal', 'the complaint states, given googles contractual terms purportedly permitting it to withhold payment to publishers with disabled accounts, and in light of the experience of the plaintiff in seeing this policy actually effected, the total of earned funds that google has refused to pay its adsense publishers could be enormous', 'the lawsuit claims google is in violation of contracts with users and in violation of the implied covenant of good faith and fair dealing, unjust enrichment, and violation of the california unfair competition law', 'the named plaintiff, free range content, inc., is a california corporation that owns and operates repost.us', 'free range content first noticed a spike in adsense earnings in feb', '2014', 'at the end of feb', '2014, google issued a report stating that the plaintiffs estimated earnings for the covered period were over $40,000 a number that seemed far too high', 'then on march 4, 2014two days before a scheduled march 6, 2014 call with an adsense representative was slated to occurthe plaintiff received word from the adsense program that google had disabled its account', 'the lawsuit seeks damages for all u.s', 'google adsense publishers whose adsense account was disabled or terminated, and whose last adsense program payment was withheld permanently by google', 'concerned consumers are encouraged to contact a hagens berman attorney by emailing googleadsensehbsslaw.com or calling 206 623-7292', 'additional information about the investigation is available at about hagens berman hagens berman sobol shapiro llp is a consumer-rights class-action law firm with offices in nine cities', 'the firm has been named to the national law journals plaintiffs hot list seven times', 'more about the law firm and its successes can be found at the firms class-action law blog is located at']",neutral,-0.0266703703703703,neutral,neutral
01-05-2014,"HAGENS BERMAN ANNOUNCES NATIONWIDE ANTITRUST CLASS-ACTION LAWSUIT 
      AGAINST GOOGLE","SEATTLE--(BUSINESS WIRE)--HAGENS BERMAN, A CONSUMER RIGHTS CLASS-ACTION LAW FIRM, TODAY ANNOUNCED IT HAS FILED A NATIONWIDE ANTITRUST CLASS-ACTION LAWSUIT AGAINST GOOGLE (NASDAQ:GOOG) CLAIMING THE SEARCH ENGINE GIANT ILLEGALLY MONOPOLIZED, AND FINANCIALLY AND CREATIVELY STAGNATED THE AMERICAN MARKET OF INTERNET AND MOBILE SEARCH. THE LAWSUIT, FILED IN THE U.S. DISTRICT COURT FOR THE NORTHERN DISTRICT OF CALIFORNIA, ALLEGES THAT GOOGLE’S MONOPOLY OF THESE MARKETS STEMS FROM THE COMPANY’S PURCHASING OF ANDROID MOBILE OPERATING SYSTEM (ANDROID OS) TO MAINTAIN AND EXPAND ITS MONOPOLY BY PRE-LOADING ITS OWN SUITE OF APPLICATIONS ONTO THE DEVICES BY WAY OF SECRET MOBILE APPLICATION DISTRIBUTION AGREEMENTS (MADA). ACCORDING TO THE SUIT, THESE AGREEMENTS WERE HIDDEN AND MARKED TO BE VIEWED ONLY BY ATTORNEYS. ACCORDING TO THE SUIT, GOOGLE’S ROLE IN PLACING THIS SUITE OF APPS, INCLUDING GOOGLE PLAY, AND YOUTUBE, AMONG OTHERS, HAS HAMPERED THE MARKET AND KEPT THE PRICE OF DEVICES MADE BY COMPETING DEVICE MANUFACTURES LIKE SAMSUNG AND HTC ARTIFICIALLY HIGH. “IT’S CLEAR THAT GOOGLE HAS NOT ACHIEVED THIS MONOPOLY THROUGH OFFERING A BETTER SEARCH ENGINE, BUT THROUGH ITS STRATEGIC, ANTI-COMPETITIVE PLACEMENT, AND IT DOESN’T TAKE A FORENSIC ECONOMIST TO SEE THAT THIS IS EVIDENCE OF MARKET MANIPULATION,” SAID STEVE BERMAN, ATTORNEY REPRESENTING CONSUMERS AND FOUNDING PARTNER OF HAGENS BERMAN. “SIMPLY PUT, THERE IS NO LAWFUL, PRO-COMPETITIVE REASON FOR GOOGLE TO CONDITION LICENSES TO PRE-LOAD POPULAR GOOGLE APPS LIKE THIS.” THE COMPLAINT CLAIMS THAT IF DEVICE MANUFACTURERS BOUND BY GOOGLE’S DISTRIBUTION AGREEMENTS WERE FREE TO CHOOSE A DEFAULT SEARCH ENGINE OTHER THAN GOOGLE, THE OVERALL QUALITY OF INTERNET SEARCH WOULD IMPROVE. “THE MORE USE AN INTERNET OR MOBILE SEARCH ENGINE GETS, THE BETTER IT PERFORMS BASED ON THAT USE,” BERMAN SAID. “INSTEAD OF FINDING A WAY TO LEGITIMATELY OUT-COMPETE OTHER INTERNET AND MOBILE SEARCH PROVIDERS, THEY INSTEAD DECIDED TO CHOKE OFF COMPETITION THROUGH THIS CYNICAL, ANTI-CONSUMER SCHEME.” THE COMPLAINT NOTES THAT GOOGLE’S MONOPOLY NOT ONLY SUPPRESSES ITS COMPETITION BUT ALSO KEEPS THE COMPANY ITSELF FROM IMPROVING. “THIS COMES DOWN TO A COMBINATION OF GOOGLE’S POWER IN THE U.S. GENERAL MOBILE SEARCH MARKET AND THEIR POWER IN THE REALM OF TABLET AND SMARTPHONE MANUFACTURERS,” BERMAN SAID. “AS A RESULT OF THE PRICING CONSPIRACY, EVERYONE LOSES. GOOGLE AND ITS COMPETITORS FACE AN UNCOMPETITIVE, STAGNANT MARKET, AND CONSUMERS ARE FORCED INTO ONE OPTION.” ACCORDING TO THE LAWSUIT, GOOGLE’S MADAS ARE CONTRACTS IN RESTRAINT OF TRADE THAT ARE DESIGNED TO MAINTAIN AND EXTEND ITS MONOPOLIES IN GENERAL SEARCH AND HANDHELD GENERAL SEARCH. THE LAWSUIT CLAIMS GOOGLE IS IN VIOLATION OF A VARIETY OF FEDERAL AND STATE ANTITRUST LAWS, INCLUDING THE SHERMAN ACT, THE CLAYTON ANTITRUST ACT, CALIFORNIA CARTWRIGHT ACT AND CALIFORNIA UNFAIR COMPETITION LAW. THE NAMED PLAINTIFFS INCLUDE GARY FEITELSON, A RESIDENT OF LOUISVILLE, KENTUCKY AND OWNER OF AN HTC EVO 3D MOBILE PHONE, AND DANIEL MCKEE, A RESIDENT OF DES MOINES, IOWA AND OWNER OF A SAMSUNG GALAXY S III MOBILE PHONE. ACCORDING TO THE COMPLAINT, IN BOTH SITUATIONS, THE OWNERS’ PHONES SHOULD HAVE COST LESS AND HAD BETTER SEARCH CAPABILITIES AS THE RESULT OF COMPETITION THAT WOULD HAVE ENSUED, HAD GOOGLE’S MADA RESTRAINTS NOT EXISTED. THE LAWSUIT SEEKS TO REPRESENT ALL U.S. PURCHASERS OF ANY ANDROID OS MOBILE TELEPHONE OR TABLET AS TO WHICH GOOGLE AND THE MANUFACTURER OF SUCH DEVICE HAS ENTERED INTO A CONTRACT OR CONTRACTS, INCLUDING THE MADA, BY WHICH GOOGLE HAS CONDITIONED THE RIGHT TO PRE-LOAD ANY APPLICATION FROM A SUITE OF GOOGLE APPLICATIONS ON TO MANUFACTURER’S MANDATORY ACCEPTANCE. THE LAWSUIT SEEKS DAMAGES FOR INDIVIDUALS WHO HAVE PURCHASED THESE DEVICES AT AN ARTIFICIALLY HIGH PRICE DUE TO GOOGLE’S ALLEGED PRICE-FIXING, ANTICOMPETITIVE RESTRICTIONS. CONCERNED CONSUMERS ARE ENCOURAGED TO CONTACT A HAGENS BERMAN ATTORNEY BY EMAILING GOOGLE@HBSSLAW.COM OR CALLING (206) 623-7292. ADDITIONAL INFORMATION ABOUT THE INVESTIGATION IS AVAILABLE AT HTTP://WWW.HBSSLAW.COM/CASES-AND-INVESTIGATIONS/CASES/GOOGLE. ABOUT HAGENS BERMAN HAGENS BERMAN SOBOL SHAPIRO LLP IS A CONSUMER-RIGHTS CLASS-ACTION LAW FIRM WITH OFFICES NINE CITIES. THE FIRM HAS BEEN NAMED TO THE NATIONAL LAW JOURNAL’S PLAINTIFFS’ HOT LIST SEVEN TIMES. MORE ABOUT THE LAW FIRM AND ITS SUCCESSES CAN BE FOUND AT WWW.HBSSLAW.COM. THE FIRM’S CLASS-ACTION LAW BLOG IS LOCATED AT WWW.CLASSACTIONLAWTODAY.COM.","HAGENS BERMAN ANNOUNCES NATIONWIDE ANTITRUST CLASS-ACTION LAWSUIT 
      AGAINST GOOGLE. SEATTLE--(BUSINESS WIRE)--HAGENS BERMAN, A CONSUMER RIGHTS CLASS-ACTION LAW FIRM, TODAY ANNOUNCED IT HAS FILED A NATIONWIDE ANTITRUST CLASS-ACTION LAWSUIT AGAINST GOOGLE (NASDAQ:GOOG) CLAIMING THE SEARCH ENGINE GIANT ILLEGALLY MONOPOLIZED, AND FINANCIALLY AND CREATIVELY STAGNATED THE AMERICAN MARKET OF INTERNET AND MOBILE SEARCH. THE LAWSUIT, FILED IN THE U.S. DISTRICT COURT FOR THE NORTHERN DISTRICT OF CALIFORNIA, ALLEGES THAT GOOGLE’S MONOPOLY OF THESE MARKETS STEMS FROM THE COMPANY’S PURCHASING OF ANDROID MOBILE OPERATING SYSTEM (ANDROID OS) TO MAINTAIN AND EXPAND ITS MONOPOLY BY PRE-LOADING ITS OWN SUITE OF APPLICATIONS ONTO THE DEVICES BY WAY OF SECRET MOBILE APPLICATION DISTRIBUTION AGREEMENTS (MADA). ACCORDING TO THE SUIT, THESE AGREEMENTS WERE HIDDEN AND MARKED TO BE VIEWED ONLY BY ATTORNEYS. ACCORDING TO THE SUIT, GOOGLE’S ROLE IN PLACING THIS SUITE OF APPS, INCLUDING GOOGLE PLAY, AND YOUTUBE, AMONG OTHERS, HAS HAMPERED THE MARKET AND KEPT THE PRICE OF DEVICES MADE BY COMPETING DEVICE MANUFACTURES LIKE SAMSUNG AND HTC ARTIFICIALLY HIGH. “IT’S CLEAR THAT GOOGLE HAS NOT ACHIEVED THIS MONOPOLY THROUGH OFFERING A BETTER SEARCH ENGINE, BUT THROUGH ITS STRATEGIC, ANTI-COMPETITIVE PLACEMENT, AND IT DOESN’T TAKE A FORENSIC ECONOMIST TO SEE THAT THIS IS EVIDENCE OF MARKET MANIPULATION,” SAID STEVE BERMAN, ATTORNEY REPRESENTING CONSUMERS AND FOUNDING PARTNER OF HAGENS BERMAN. “SIMPLY PUT, THERE IS NO LAWFUL, PRO-COMPETITIVE REASON FOR GOOGLE TO CONDITION LICENSES TO PRE-LOAD POPULAR GOOGLE APPS LIKE THIS.” THE COMPLAINT CLAIMS THAT IF DEVICE MANUFACTURERS BOUND BY GOOGLE’S DISTRIBUTION AGREEMENTS WERE FREE TO CHOOSE A DEFAULT SEARCH ENGINE OTHER THAN GOOGLE, THE OVERALL QUALITY OF INTERNET SEARCH WOULD IMPROVE. “THE MORE USE AN INTERNET OR MOBILE SEARCH ENGINE GETS, THE BETTER IT PERFORMS BASED ON THAT USE,” BERMAN SAID. “INSTEAD OF FINDING A WAY TO LEGITIMATELY OUT-COMPETE OTHER INTERNET AND MOBILE SEARCH PROVIDERS, THEY INSTEAD DECIDED TO CHOKE OFF COMPETITION THROUGH THIS CYNICAL, ANTI-CONSUMER SCHEME.” THE COMPLAINT NOTES THAT GOOGLE’S MONOPOLY NOT ONLY SUPPRESSES ITS COMPETITION BUT ALSO KEEPS THE COMPANY ITSELF FROM IMPROVING. “THIS COMES DOWN TO A COMBINATION OF GOOGLE’S POWER IN THE U.S. GENERAL MOBILE SEARCH MARKET AND THEIR POWER IN THE REALM OF TABLET AND SMARTPHONE MANUFACTURERS,” BERMAN SAID. “AS A RESULT OF THE PRICING CONSPIRACY, EVERYONE LOSES. GOOGLE AND ITS COMPETITORS FACE AN UNCOMPETITIVE, STAGNANT MARKET, AND CONSUMERS ARE FORCED INTO ONE OPTION.” ACCORDING TO THE LAWSUIT, GOOGLE’S MADAS ARE CONTRACTS IN RESTRAINT OF TRADE THAT ARE DESIGNED TO MAINTAIN AND EXTEND ITS MONOPOLIES IN GENERAL SEARCH AND HANDHELD GENERAL SEARCH. THE LAWSUIT CLAIMS GOOGLE IS IN VIOLATION OF A VARIETY OF FEDERAL AND STATE ANTITRUST LAWS, INCLUDING THE SHERMAN ACT, THE CLAYTON ANTITRUST ACT, CALIFORNIA CARTWRIGHT ACT AND CALIFORNIA UNFAIR COMPETITION LAW. THE NAMED PLAINTIFFS INCLUDE GARY FEITELSON, A RESIDENT OF LOUISVILLE, KENTUCKY AND OWNER OF AN HTC EVO 3D MOBILE PHONE, AND DANIEL MCKEE, A RESIDENT OF DES MOINES, IOWA AND OWNER OF A SAMSUNG GALAXY S III MOBILE PHONE. ACCORDING TO THE COMPLAINT, IN BOTH SITUATIONS, THE OWNERS’ PHONES SHOULD HAVE COST LESS AND HAD BETTER SEARCH CAPABILITIES AS THE RESULT OF COMPETITION THAT WOULD HAVE ENSUED, HAD GOOGLE’S MADA RESTRAINTS NOT EXISTED. THE LAWSUIT SEEKS TO REPRESENT ALL U.S. PURCHASERS OF ANY ANDROID OS MOBILE TELEPHONE OR TABLET AS TO WHICH GOOGLE AND THE MANUFACTURER OF SUCH DEVICE HAS ENTERED INTO A CONTRACT OR CONTRACTS, INCLUDING THE MADA, BY WHICH GOOGLE HAS CONDITIONED THE RIGHT TO PRE-LOAD ANY APPLICATION FROM A SUITE OF GOOGLE APPLICATIONS ON TO MANUFACTURER’S MANDATORY ACCEPTANCE. THE LAWSUIT SEEKS DAMAGES FOR INDIVIDUALS WHO HAVE PURCHASED THESE DEVICES AT AN ARTIFICIALLY HIGH PRICE DUE TO GOOGLE’S ALLEGED PRICE-FIXING, ANTICOMPETITIVE RESTRICTIONS. CONCERNED CONSUMERS ARE ENCOURAGED TO CONTACT A HAGENS BERMAN ATTORNEY BY EMAILING GOOGLE@HBSSLAW.COM OR CALLING (206) 623-7292. ADDITIONAL INFORMATION ABOUT THE INVESTIGATION IS AVAILABLE AT HTTP://WWW.HBSSLAW.COM/CASES-AND-INVESTIGATIONS/CASES/GOOGLE. ABOUT HAGENS BERMAN HAGENS BERMAN SOBOL SHAPIRO LLP IS A CONSUMER-RIGHTS CLASS-ACTION LAW FIRM WITH OFFICES NINE CITIES. THE FIRM HAS BEEN NAMED TO THE NATIONAL LAW JOURNAL’S PLAINTIFFS’ HOT LIST SEVEN TIMES. MORE ABOUT THE LAW FIRM AND ITS SUCCESSES CAN BE FOUND AT WWW.HBSSLAW.COM. THE FIRM’S CLASS-ACTION LAW BLOG IS LOCATED AT WWW.CLASSACTIONLAWTODAY.COM.","['hagens berman announces nationwide antitrust class-action lawsuit against google', 'seattle--business wire--hagens berman, a consumer rights class-action law firm, today announced it has filed a nationwide antitrust class-action lawsuit against google nasdaqgoog claiming the search engine giant illegally monopolized, and financially and creatively stagnated the american market of internet and mobile search', 'the lawsuit, filed in the u.s', 'district court for the northern district of california, alleges that googles monopoly of these markets stems from the companys purchasing of android mobile operating system android os to maintain and expand its monopoly by pre-loading its own suite of applications onto the devices by way of secret mobile application distribution agreements mada', 'according to the suit, these agreements were hidden and marked to be viewed only by attorneys', 'according to the suit, googles role in placing this suite of apps, including google play, and youtube, among others, has hampered the market and kept the price of devices made by competing device manufactures like samsung and htc artificially high', 'its clear that google has not achieved this monopoly through offering a better search engine, but through its strategic, anti-competitive placement, and it doesnt take a forensic economist to see that this is evidence of market manipulation, said steve berman, attorney representing consumers and founding partner of hagens berman', 'simply put, there is no lawful, pro-competitive reason for google to condition licenses to pre-load popular google apps like this', 'the complaint claims that if device manufacturers bound by googles distribution agreements were free to choose a default search engine other than google, the overall quality of internet search would improve', 'the more use an internet or mobile search engine gets, the better it performs based on that use, berman said', 'instead of finding a way to legitimately out-compete other internet and mobile search providers, they instead decided to choke off competition through this cynical, anti-consumer scheme', 'the complaint notes that googles monopoly not only suppresses its competition but also keeps the company itself from improving', 'this comes down to a combination of googles power in the u.s', 'general mobile search market and their power in the realm of tablet and smartphone manufacturers, berman said', 'as a result of the pricing conspiracy, everyone loses', 'google and its competitors face an uncompetitive, stagnant market, and consumers are forced into one option', 'according to the lawsuit, googles madas are contracts in restraint of trade that are designed to maintain and extend its monopolies in general search and handheld general search', 'the lawsuit claims google is in violation of a variety of federal and state antitrust laws, including the sherman act, the clayton antitrust act, california cartwright act and california unfair competition law', 'the named plaintiffs include gary feitelson, a resident of louisville, kentucky and owner of an htc evo 3d mobile phone, and daniel mckee, a resident of des moines, iowa and owner of a samsung galaxy s iii mobile phone', 'according to the complaint, in both situations, the owners phones should have cost less and had better search capabilities as the result of competition that would have ensued, had googles mada restraints not existed', 'the lawsuit seeks to represent all u.s', 'purchasers of any android os mobile telephone or tablet as to which google and the manufacturer of such device has entered into a contract or contracts, including the mada, by which google has conditioned the right to pre-load any application from a suite of google applications on to manufacturers mandatory acceptance', 'the lawsuit seeks damages for individuals who have purchased these devices at an artificially high price due to googles alleged price-fixing, anticompetitive restrictions', 'concerned consumers are encouraged to contact a hagens berman attorney by emailing googlehbsslaw.com or calling 206 623-7292', 'additional information about the investigation is available at about hagens berman hagens berman sobol shapiro llp is a consumer-rights class-action law firm with offices nine cities', 'the firm has been named to the national law journals plaintiffs hot list seven times', 'more about the law firm and its successes can be found at the firms class-action law blog is located at']",neutral,0.0350037037037037,neutral,neutral
28-03-2014,"GOOGLE ANNOUNCES DATE OF FIRST QUARTER 2014 FINANCIAL RESULTS 
      CONFERENCE CALL","MOUNTAIN VIEW, CALIF.--(BUSINESS WIRE)--GOOGLE INC. (NASDAQ: GOOG) WILL HOLD ITS QUARTERLY CONFERENCE CALL TO DISCUSS FIRST QUARTER 2014 FINANCIAL RESULTS ON WEDNESDAY, APRIL 16TH AT 1:30 P.M. PACIFIC TIME (4:30 P.M. EASTERN TIME). THE LIVE WEBCAST OF GOOGLE’S EARNINGS CONFERENCE CALL CAN BE ACCESSED AT INVESTOR.GOOGLE.COM/WEBCAST.HTML. A REPLAY OF THE WEBCAST WILL BE AVAILABLE THROUGH THE SAME LINK FOLLOWING THE CONFERENCE CALL. PLEASE VISIT GOOGLE’S INVESTOR RELATIONS WEBSITE AT INVESTOR.GOOGLE.COM ON APRIL 16TH, 2014 TO VIEW THE EARNINGS RELEASE PRIOR TO THE CONFERENCE CALL. ABOUT GOOGLE INC. GOOGLE IS A GLOBAL TECHNOLOGY LEADER FOCUSED ON IMPROVING THE WAYS PEOPLE CONNECT WITH INFORMATION. GOOGLE’S INNOVATIONS IN WEB SEARCH AND ADVERTISING HAVE MADE ITS WEBSITE A TOP INTERNET PROPERTY AND ITS BRAND ONE OF THE MOST RECOGNIZED IN THE WORLD.","GOOGLE ANNOUNCES DATE OF FIRST QUARTER 2014 FINANCIAL RESULTS 
      CONFERENCE CALL. MOUNTAIN VIEW, CALIF.--(BUSINESS WIRE)--GOOGLE INC. (NASDAQ: GOOG) WILL HOLD ITS QUARTERLY CONFERENCE CALL TO DISCUSS FIRST QUARTER 2014 FINANCIAL RESULTS ON WEDNESDAY, APRIL 16TH AT 1:30 P.M. PACIFIC TIME (4:30 P.M. EASTERN TIME). THE LIVE WEBCAST OF GOOGLE’S EARNINGS CONFERENCE CALL CAN BE ACCESSED AT INVESTOR.GOOGLE.COM/WEBCAST.HTML. A REPLAY OF THE WEBCAST WILL BE AVAILABLE THROUGH THE SAME LINK FOLLOWING THE CONFERENCE CALL. PLEASE VISIT GOOGLE’S INVESTOR RELATIONS WEBSITE AT INVESTOR.GOOGLE.COM ON APRIL 16TH, 2014 TO VIEW THE EARNINGS RELEASE PRIOR TO THE CONFERENCE CALL. ABOUT GOOGLE INC. GOOGLE IS A GLOBAL TECHNOLOGY LEADER FOCUSED ON IMPROVING THE WAYS PEOPLE CONNECT WITH INFORMATION. GOOGLE’S INNOVATIONS IN WEB SEARCH AND ADVERTISING HAVE MADE ITS WEBSITE A TOP INTERNET PROPERTY AND ITS BRAND ONE OF THE MOST RECOGNIZED IN THE WORLD.","['google announces date of first quarter 2014 financial results conference call', 'mountain view, calif.--business wire--google inc', 'nasdaq goog will hold its quarterly conference call to discuss first quarter 2014 financial results on wednesday, april 16th at 130 p.m', 'pacific time 430 p.m', 'eastern time', 'the live webcast of googles earnings conference call can be accessed at investor.google.comwebcast.html', 'a replay of the webcast will be available through the same link following the conference call', 'please visit googles investor relations website at investor.google.com on april 16th, 2014 to view the earnings release prior to the conference call', 'about google inc', 'google is a global technology leader focused on improving the ways people connect with information', 'googles innovations in web search and advertising have made its website a top internet property and its brand one of the most recognized in the world.']",weakly_positive,0.107290909090909,weakly_positive,weakly_positive
18-03-2014,VIACOM AND GOOGLE RESOLVE COPYRIGHT LAWSUIT,"MOUNTAIN VIEW, CALIF. & NEW YORK--(BUSINESS WIRE)--GOOGLE (NASDAQ:GOOG) AND VIACOM (NASDAQ:VIAB, VIA) TODAY JOINTLY ANNOUNCED THE RESOLUTION OF THE VIACOM VS. YOUTUBE COPYRIGHT LITIGATION. THE TERMS OF THE SETTLEMENT WERE NOT DISCLOSED. IN CONNECTION WITH THE RESOLUTION OF THE LITIGATION, THE COMPANIES ISSUED THE FOLLOWING STATEMENT: “GOOGLE AND VIACOM TODAY JOINTLY ANNOUNCED THE RESOLUTION OF THE VIACOM VS. YOUTUBE COPYRIGHT LITIGATION. THIS SETTLEMENT REFLECTS THE GROWING COLLABORATIVE DIALOGUE BETWEEN OUR TWO COMPANIES ON IMPORTANT OPPORTUNITIES, AND WE LOOK FORWARD TO WORKING MORE CLOSELY TOGETHER.”","VIACOM AND GOOGLE RESOLVE COPYRIGHT LAWSUIT. MOUNTAIN VIEW, CALIF. & NEW YORK--(BUSINESS WIRE)--GOOGLE (NASDAQ:GOOG) AND VIACOM (NASDAQ:VIAB, VIA) TODAY JOINTLY ANNOUNCED THE RESOLUTION OF THE VIACOM VS. YOUTUBE COPYRIGHT LITIGATION. THE TERMS OF THE SETTLEMENT WERE NOT DISCLOSED. IN CONNECTION WITH THE RESOLUTION OF THE LITIGATION, THE COMPANIES ISSUED THE FOLLOWING STATEMENT: “GOOGLE AND VIACOM TODAY JOINTLY ANNOUNCED THE RESOLUTION OF THE VIACOM VS. YOUTUBE COPYRIGHT LITIGATION. THIS SETTLEMENT REFLECTS THE GROWING COLLABORATIVE DIALOGUE BETWEEN OUR TWO COMPANIES ON IMPORTANT OPPORTUNITIES, AND WE LOOK FORWARD TO WORKING MORE CLOSELY TOGETHER.”","['viacom and google resolve copyright lawsuit', 'mountain view, calif', 'new york--business wire--google nasdaqgoog and viacom nasdaqviab, via today jointly announced the resolution of the viacom vs', 'youtube copyright litigation', 'the terms of the settlement were not disclosed', 'in connection with the resolution of the litigation, the companies issued the following statement google and viacom today jointly announced the resolution of the viacom vs', 'youtube copyright litigation', 'this settlement reflects the growing collaborative dialogue between our two companies on important opportunities, and we look forward to working more closely together.']",neutral,0.0244874999999999,neutral,neutral
26-02-2014,"GOOGLE TO PRESENT AT THE MORGAN STANLEY TECHNOLOGY, MEDIA AND TELECOM 
      CONFERENCE","MOUNTAIN VIEW, CALIF.--(BUSINESS WIRE)--GOOGLE INC. (NASDAQ:GOOG) ANNOUNCED TODAY THAT NIKESH ARORA, SVP AND CHIEF BUSINESS OFFICER, WILL PARTICIPATE IN A QUESTION-AND-ANSWER SESSION AT THE MORGAN STANLEY TECHNOLOGY, MEDIA AND TELECOM CONFERENCE IN SAN FRANCISCO. THE SESSION IS SCHEDULED FOR 3:00 P.M. EASTERN TIME / 12:00 P.M. PACIFIC TIME ON WEDNESDAY, MARCH 5, 2014. TO ACCESS THE LIVE AUDIO WEBCAST OF THE SESSION, PLEASE VISIT HTTP://INVESTOR.GOOGLE.COM/WEBCAST.HTML. ABOUT GOOGLE INC. GOOGLE IS A GLOBAL TECHNOLOGY LEADER FOCUSED ON IMPROVING THE WAYS PEOPLE CONNECT WITH INFORMATION. GOOGLE’S INNOVATIONS IN WEB SEARCH AND ADVERTISING HAVE MADE ITS WEBSITE A TOP INTERNET PROPERTY AND ITS BRAND ONE OF THE MOST RECOGNIZED IN THE WORLD. GOOGLE IS A TRADEMARK OF GOOGLE INC. ALL OTHER COMPANY AND PRODUCT NAMES MAY BE TRADEMARKS OF THE RESPECTIVE COMPANIES WITH WHICH THEY ARE ASSOCIATED.","GOOGLE TO PRESENT AT THE MORGAN STANLEY TECHNOLOGY, MEDIA AND TELECOM 
      CONFERENCE. MOUNTAIN VIEW, CALIF.--(BUSINESS WIRE)--GOOGLE INC. (NASDAQ:GOOG) ANNOUNCED TODAY THAT NIKESH ARORA, SVP AND CHIEF BUSINESS OFFICER, WILL PARTICIPATE IN A QUESTION-AND-ANSWER SESSION AT THE MORGAN STANLEY TECHNOLOGY, MEDIA AND TELECOM CONFERENCE IN SAN FRANCISCO. THE SESSION IS SCHEDULED FOR 3:00 P.M. EASTERN TIME / 12:00 P.M. PACIFIC TIME ON WEDNESDAY, MARCH 5, 2014. TO ACCESS THE LIVE AUDIO WEBCAST OF THE SESSION, PLEASE VISIT HTTP://INVESTOR.GOOGLE.COM/WEBCAST.HTML. ABOUT GOOGLE INC. GOOGLE IS A GLOBAL TECHNOLOGY LEADER FOCUSED ON IMPROVING THE WAYS PEOPLE CONNECT WITH INFORMATION. GOOGLE’S INNOVATIONS IN WEB SEARCH AND ADVERTISING HAVE MADE ITS WEBSITE A TOP INTERNET PROPERTY AND ITS BRAND ONE OF THE MOST RECOGNIZED IN THE WORLD. GOOGLE IS A TRADEMARK OF GOOGLE INC. ALL OTHER COMPANY AND PRODUCT NAMES MAY BE TRADEMARKS OF THE RESPECTIVE COMPANIES WITH WHICH THEY ARE ASSOCIATED.","['google to present at the morgan stanley technology, media and telecom conference', 'mountain view, calif.--business wire--google inc', 'nasdaqgoog announced today that nikesh arora, svp and chief business officer, will participate in a question-and-answer session at the morgan stanley technology, media and telecom conference in san francisco', 'the session is scheduled for 300 p.m', 'eastern time 1200 p.m', 'pacific time on wednesday, march 5, 2014', 'to access the live audio webcast of the session, please visit about google inc', 'google is a global technology leader focused on improving the ways people connect with information', 'googles innovations in web search and advertising have made its website a top internet property and its brand one of the most recognized in the world', 'google is a trademark of google inc', 'all other company and product names may be trademarks of the respective companies with which they are associated.']",weakly_positive,0.1456090909090909,weakly_positive,weakly_positive
04-02-2014,"GOOGLE TO PRESENT AT THE GOLDMAN SACHS TECHNOLOGY AND INTERNET 
      CONFERENCE","MOUNTAIN VIEW, CALIF.--(BUSINESS WIRE)--GOOGLE INC. (NASDAQ:GOOG) ANNOUNCED TODAY THAT PATRICK PICHETTE, SVP AND CHIEF FINANCIAL OFFICER, WILL PARTICIPATE IN A QUESTION-AND-ANSWER SESSION AT THE GOLDMAN SACHS TECHNOLOGY AND INTERNET CONFERENCE IN SAN FRANCISCO. THE SESSION IS SCHEDULED FOR 11:15 A.M. EASTERN TIME / 8:15 A.M. PACIFIC TIME ON WEDNESDAY, FEBRUARY 12, 2014. TO ACCESS THE LIVE AUDIO WEBCAST OF THE SESSION, PLEASE VISIT HTTP://INVESTOR.GOOGLE.COM/WEBCAST.HTML. ABOUT GOOGLE INC. GOOGLE IS A GLOBAL TECHNOLOGY LEADER FOCUSED ON IMPROVING THE WAYS PEOPLE CONNECT WITH INFORMATION. GOOGLE’S INNOVATIONS IN WEB SEARCH AND ADVERTISING HAVE MADE ITS WEBSITE A TOP INTERNET PROPERTY AND ITS BRAND ONE OF THE MOST RECOGNIZED IN THE WORLD. GOOGLE IS A TRADEMARK OF GOOGLE INC. ALL OTHER COMPANY AND PRODUCT NAMES MAY BE TRADEMARKS OF THE RESPECTIVE COMPANIES WITH WHICH THEY ARE ASSOCIATED.","GOOGLE TO PRESENT AT THE GOLDMAN SACHS TECHNOLOGY AND INTERNET 
      CONFERENCE. MOUNTAIN VIEW, CALIF.--(BUSINESS WIRE)--GOOGLE INC. (NASDAQ:GOOG) ANNOUNCED TODAY THAT PATRICK PICHETTE, SVP AND CHIEF FINANCIAL OFFICER, WILL PARTICIPATE IN A QUESTION-AND-ANSWER SESSION AT THE GOLDMAN SACHS TECHNOLOGY AND INTERNET CONFERENCE IN SAN FRANCISCO. THE SESSION IS SCHEDULED FOR 11:15 A.M. EASTERN TIME / 8:15 A.M. PACIFIC TIME ON WEDNESDAY, FEBRUARY 12, 2014. TO ACCESS THE LIVE AUDIO WEBCAST OF THE SESSION, PLEASE VISIT HTTP://INVESTOR.GOOGLE.COM/WEBCAST.HTML. ABOUT GOOGLE INC. GOOGLE IS A GLOBAL TECHNOLOGY LEADER FOCUSED ON IMPROVING THE WAYS PEOPLE CONNECT WITH INFORMATION. GOOGLE’S INNOVATIONS IN WEB SEARCH AND ADVERTISING HAVE MADE ITS WEBSITE A TOP INTERNET PROPERTY AND ITS BRAND ONE OF THE MOST RECOGNIZED IN THE WORLD. GOOGLE IS A TRADEMARK OF GOOGLE INC. ALL OTHER COMPANY AND PRODUCT NAMES MAY BE TRADEMARKS OF THE RESPECTIVE COMPANIES WITH WHICH THEY ARE ASSOCIATED.","['google to present at the goldman sachs technology and internet conference', 'mountain view, calif.--business wire--google inc', 'nasdaqgoog announced today that patrick pichette, svp and chief financial officer, will participate in a question-and-answer session at the goldman sachs technology and internet conference in san francisco', 'the session is scheduled for 1115 a.m', 'eastern time 815 a.m', 'pacific time on wednesday, february 12, 2014', 'to access the live audio webcast of the session, please visit about google inc', 'google is a global technology leader focused on improving the ways people connect with information', 'googles innovations in web search and advertising have made its website a top internet property and its brand one of the most recognized in the world', 'google is a trademark of google inc', 'all other company and product names may be trademarks of the respective companies with which they are associated.']",weakly_positive,0.1456090909090909,weakly_positive,weakly_positive
29-01-2014,LENOVO TO ACQUIRE MOTOROLA MOBILITY FROM GOOGLE,"RESEARCH TRIANGLE PARK, N.C. & MOUNTAIN VIEW, CALIF.--(BUSINESS WIRE)--LENOVO (HKSE: 992) (ADR: LNVGY) AND GOOGLE (NASDAQ: GOOG) TODAY HAVE ENTERED INTO A DEFINITIVE AGREEMENT UNDER WHICH LENOVO PLANS TO ACQUIRE THE MOTOROLA MOBILITY SMARTPHONE BUSINESS. WITH A STRONG PC BUSINESS AND A FAST-GROWING SMARTPHONE BUSINESS, THIS AGREEMENT WILL SIGNIFICANTLY STRENGTHEN LENOVO’S POSITION IN THE SMARTPHONE MARKET. IN ADDITION, LENOVO WILL GAIN A STRONG MARKET PRESENCE IN NORTH AMERICA AND LATIN AMERICA, AS WELL AS A FOOTHOLD IN WESTERN EUROPE, TO COMPLEMENT ITS STRONG, FAST-GROWING SMARTPHONE BUSINESS IN EMERGING MARKETS AROUND THE WORLD. THE PURCHASE PRICE IS APPROXIMATELY US$2.91 BILLION (SUBJECT TO CERTAIN ADJUSTMENTS), INCLUDING US$1.41 BILLION PAID AT CLOSE, COMPRISED OF US$660 MILLION IN CASH AND US$750 MILLION IN LENOVO ORDINARY SHARES (SUBJECT TO A SHARE CAP/FLOOR). THE REMAINING US$1.5 BILLION WILL BE PAID IN THE FORM OF A THREE-YEAR PROMISSORY NOTE. LENOVO, WHICH IN 2005 ACQUIRED IBM’S PC BUSINESS AND ITS LEGENDARY PC BRAND, WILL NOW ACQUIRE WORLD-RENOWNED MOTOROLA MOBILITY, INCLUDING THE MOTOROLA BRAND AND MOTOROLA MOBILITY'S PORTFOLIO OF INNOVATIVE SMARTPHONES LIKE THE MOTO X AND MOTO G AND THE DROIDTM ULTRA SERIES. IN ADDITION TO CURRENT PRODUCTS, LENOVO WILL TAKE OWNERSHIP OF THE FUTURE MOTOROLA MOBILITY PRODUCT ROADMAP. GOOGLE WILL MAINTAIN OWNERSHIP OF THE VAST MAJORITY OF THE MOTOROLA MOBILITY PATENT PORTFOLIO, INCLUDING CURRENT PATENT APPLICATIONS AND INVENTION DISCLOSURES. AS PART OF ITS ONGOING RELATIONSHIP WITH GOOGLE, LENOVO WILL RECEIVE A LICENSE TO THIS RICH PORTFOLIO OF PATENTS AND OTHER INTELLECTUAL PROPERTY. ADDITIONALLY LENOVO WILL RECEIVE OVER 2,000 PATENT ASSETS, AS WELL AS THE MOTOROLA MOBILITY BRAND AND TRADEMARK PORTFOLIO. MOTOROLA MOBILITY ENJOYS OUTSTANDING BRAND AWARENESS AROUND THE WORLD, AND IS CURRENTLY THE #3 ANDROID SMARTPHONE MANUFACTURER IN THE U.S. AND #3 MANUFACTURER OVERALL IN LATIN AMERICA. “THE ACQUISITION OF SUCH AN ICONIC BRAND, INNOVATIVE PRODUCT PORTFOLIO AND INCREDIBLY TALENTED GLOBAL TEAM WILL IMMEDIATELY MAKE LENOVO A STRONG GLOBAL COMPETITOR IN SMARTPHONES. WE WILL IMMEDIATELY HAVE THE OPPORTUNITY TO BECOME A STRONG GLOBAL PLAYER IN THE FAST-GROWING MOBILE SPACE,” SAID YANG YUANQING, CHAIRMAN AND CEO OF LENOVO. “WE ARE CONFIDENT THAT WE CAN BRING TOGETHER THE BEST OF BOTH COMPANIES TO DELIVER PRODUCTS CUSTOMERS WILL LOVE AND A STRONG, GROWING BUSINESS. LENOVO HAS A PROVEN TRACK RECORD OF SUCCESSFULLY EMBRACING AND STRENGTHENING GREAT BRANDS – AS WE DID WITH IBM’S THINK BRAND – AND SMOOTHLY AND EFFICIENTLY INTEGRATING COMPANIES AROUND-THE-WORLD. I AM CONFIDENT WE WILL BE SUCCESSFUL WITH THIS PROCESS, AND THAT OUR COMPANIES WILL NOT ONLY MAINTAIN OUR CURRENT MOMENTUM IN THE MARKET, BUT ALSO BUILD A STRONG FOUNDATION FOR THE FUTURE.” “LENOVO HAS THE EXPERTISE AND TRACK RECORD TO SCALE MOTOROLA MOBILITY INTO A MAJOR PLAYER WITHIN THE ANDROID ECOSYSTEM. THIS MOVE WILL ENABLE GOOGLE TO DEVOTE OUR ENERGY TO DRIVING INNOVATION ACROSS THE ANDROID ECOSYSTEM, FOR THE BENEFIT OF SMARTPHONE USERS EVERYWHERE,” SAID LARRY PAGE, CEO, GOOGLE. “AS PART OF LENOVO, MOTOROLA MOBILITY WILL HAVE A RAPID PATH TO ACHIEVING OUR GOAL OF REACHING THE NEXT 100 MILLION PEOPLE WITH THE MOBILE INTERNET. WITH THE RECENT LAUNCHES OF MOTO X AND MOTO G, WE HAVE TREMENDOUS MOMENTUM RIGHT NOW AND LENOVO’S HARDWARE EXPERTISE AND GLOBAL REACH WILL ONLY HELP TO ACCELERATE THIS,” SAID DENNIS WOODSIDE, CEO, MOTOROLA MOBILITY. THE TRANSACTION IS SUBJECT TO THE SATISFACTION OF REGULATORY REQUIREMENTS, CUSTOMARY CLOSING CONDITIONS AND ANY OTHER NEEDED APPROVALS. ABOUT LENOVO LENOVO (HKSE: 992) (ADR: LNVGY) IS A US$34 BILLION PERSONAL TECHNOLOGY COMPANY – THE LARGEST PC MAKER WORLDWIDE AND AN EMERGING PC PLUS LEADER – SERVING CUSTOMERS IN MORE THAN 160 COUNTRIES. DEDICATED TO EXCEPTIONALLY ENGINEERED PCS AND MOBILE INTERNET DEVICES, LENOVO’S BUSINESS IS BUILT ON PRODUCT INNOVATION, A HIGHLY-EFFICIENT GLOBAL SUPPLY CHAIN AND STRONG STRATEGIC EXECUTION. FORMED BY LENOVO GROUP’S ACQUISITION OF THE FORMER IBM PERSONAL COMPUTING DIVISION, THE COMPANY DEVELOPS, MANUFACTURES AND MARKETS RELIABLE, HIGH-QUALITY, SECURE AND EASY-TO-USE TECHNOLOGY PRODUCTS AND SERVICES. ITS PRODUCT LINES INCLUDE LEGENDARY THINK-BRANDED COMMERCIAL PCS AND IDEA-BRANDED CONSUMER PCS, AS WELL AS SERVERS, WORKSTATIONS, AND A FAMILY OF MOBILE INTERNET DEVICES, INCLUDING TABLETS AND SMART PHONES. LENOVO, A GLOBAL FORTUNE 500 COMPANY, HAS MAJOR RESEARCH CENTERS IN YAMATO, JAPAN; BEIJING, SHANGHAI AND SHENZHEN, CHINA; AND RALEIGH, NORTH CAROLINA. FOR MORE INFORMATION SEE WWW.LENOVO.COM. ABOUT MOTOROLA MOBILITY MOTOROLA MOBILITY, A GOOGLE COMPANY, CREATES MOBILE DEVICES AND WIRELESS ACCESSORIES THAT SIMPLIFY, CONNECT AND ENRICH PEOPLE’S LIVES. FOR MORE INFORMATION, VISIT MOTOROLA.COM/MOBILITY ABOUT GOOGLE GOOGLE IS A GLOBAL TECHNOLOGY LEADER, FOCUSED ON IMPROVING WAYS PEOPLE CONNECT WITH INFORMATION. GOOGLE’S INNOVATIONS IN WEB SEARCH AND ADVERTISING HAVE MADE ITS WEBSITE A TOP INTERNET PROPERTY AND ITS BRAND ONE OF THE MOST RECOGNIZED IN THE WORLD.","LENOVO TO ACQUIRE MOTOROLA MOBILITY FROM GOOGLE. RESEARCH TRIANGLE PARK, N.C. & MOUNTAIN VIEW, CALIF.--(BUSINESS WIRE)--LENOVO (HKSE: 992) (ADR: LNVGY) AND GOOGLE (NASDAQ: GOOG) TODAY HAVE ENTERED INTO A DEFINITIVE AGREEMENT UNDER WHICH LENOVO PLANS TO ACQUIRE THE MOTOROLA MOBILITY SMARTPHONE BUSINESS. WITH A STRONG PC BUSINESS AND A FAST-GROWING SMARTPHONE BUSINESS, THIS AGREEMENT WILL SIGNIFICANTLY STRENGTHEN LENOVO’S POSITION IN THE SMARTPHONE MARKET. IN ADDITION, LENOVO WILL GAIN A STRONG MARKET PRESENCE IN NORTH AMERICA AND LATIN AMERICA, AS WELL AS A FOOTHOLD IN WESTERN EUROPE, TO COMPLEMENT ITS STRONG, FAST-GROWING SMARTPHONE BUSINESS IN EMERGING MARKETS AROUND THE WORLD. THE PURCHASE PRICE IS APPROXIMATELY US$2.91 BILLION (SUBJECT TO CERTAIN ADJUSTMENTS), INCLUDING US$1.41 BILLION PAID AT CLOSE, COMPRISED OF US$660 MILLION IN CASH AND US$750 MILLION IN LENOVO ORDINARY SHARES (SUBJECT TO A SHARE CAP/FLOOR). THE REMAINING US$1.5 BILLION WILL BE PAID IN THE FORM OF A THREE-YEAR PROMISSORY NOTE. LENOVO, WHICH IN 2005 ACQUIRED IBM’S PC BUSINESS AND ITS LEGENDARY PC BRAND, WILL NOW ACQUIRE WORLD-RENOWNED MOTOROLA MOBILITY, INCLUDING THE MOTOROLA BRAND AND MOTOROLA MOBILITY'S PORTFOLIO OF INNOVATIVE SMARTPHONES LIKE THE MOTO X AND MOTO G AND THE DROIDTM ULTRA SERIES. IN ADDITION TO CURRENT PRODUCTS, LENOVO WILL TAKE OWNERSHIP OF THE FUTURE MOTOROLA MOBILITY PRODUCT ROADMAP. GOOGLE WILL MAINTAIN OWNERSHIP OF THE VAST MAJORITY OF THE MOTOROLA MOBILITY PATENT PORTFOLIO, INCLUDING CURRENT PATENT APPLICATIONS AND INVENTION DISCLOSURES. AS PART OF ITS ONGOING RELATIONSHIP WITH GOOGLE, LENOVO WILL RECEIVE A LICENSE TO THIS RICH PORTFOLIO OF PATENTS AND OTHER INTELLECTUAL PROPERTY. ADDITIONALLY LENOVO WILL RECEIVE OVER 2,000 PATENT ASSETS, AS WELL AS THE MOTOROLA MOBILITY BRAND AND TRADEMARK PORTFOLIO. MOTOROLA MOBILITY ENJOYS OUTSTANDING BRAND AWARENESS AROUND THE WORLD, AND IS CURRENTLY THE #3 ANDROID SMARTPHONE MANUFACTURER IN THE U.S. AND #3 MANUFACTURER OVERALL IN LATIN AMERICA. “THE ACQUISITION OF SUCH AN ICONIC BRAND, INNOVATIVE PRODUCT PORTFOLIO AND INCREDIBLY TALENTED GLOBAL TEAM WILL IMMEDIATELY MAKE LENOVO A STRONG GLOBAL COMPETITOR IN SMARTPHONES. WE WILL IMMEDIATELY HAVE THE OPPORTUNITY TO BECOME A STRONG GLOBAL PLAYER IN THE FAST-GROWING MOBILE SPACE,” SAID YANG YUANQING, CHAIRMAN AND CEO OF LENOVO. “WE ARE CONFIDENT THAT WE CAN BRING TOGETHER THE BEST OF BOTH COMPANIES TO DELIVER PRODUCTS CUSTOMERS WILL LOVE AND A STRONG, GROWING BUSINESS. LENOVO HAS A PROVEN TRACK RECORD OF SUCCESSFULLY EMBRACING AND STRENGTHENING GREAT BRANDS – AS WE DID WITH IBM’S THINK BRAND – AND SMOOTHLY AND EFFICIENTLY INTEGRATING COMPANIES AROUND-THE-WORLD. I AM CONFIDENT WE WILL BE SUCCESSFUL WITH THIS PROCESS, AND THAT OUR COMPANIES WILL NOT ONLY MAINTAIN OUR CURRENT MOMENTUM IN THE MARKET, BUT ALSO BUILD A STRONG FOUNDATION FOR THE FUTURE.” “LENOVO HAS THE EXPERTISE AND TRACK RECORD TO SCALE MOTOROLA MOBILITY INTO A MAJOR PLAYER WITHIN THE ANDROID ECOSYSTEM. THIS MOVE WILL ENABLE GOOGLE TO DEVOTE OUR ENERGY TO DRIVING INNOVATION ACROSS THE ANDROID ECOSYSTEM, FOR THE BENEFIT OF SMARTPHONE USERS EVERYWHERE,” SAID LARRY PAGE, CEO, GOOGLE. “AS PART OF LENOVO, MOTOROLA MOBILITY WILL HAVE A RAPID PATH TO ACHIEVING OUR GOAL OF REACHING THE NEXT 100 MILLION PEOPLE WITH THE MOBILE INTERNET. WITH THE RECENT LAUNCHES OF MOTO X AND MOTO G, WE HAVE TREMENDOUS MOMENTUM RIGHT NOW AND LENOVO’S HARDWARE EXPERTISE AND GLOBAL REACH WILL ONLY HELP TO ACCELERATE THIS,” SAID DENNIS WOODSIDE, CEO, MOTOROLA MOBILITY. THE TRANSACTION IS SUBJECT TO THE SATISFACTION OF REGULATORY REQUIREMENTS, CUSTOMARY CLOSING CONDITIONS AND ANY OTHER NEEDED APPROVALS. ABOUT LENOVO LENOVO (HKSE: 992) (ADR: LNVGY) IS A US$34 BILLION PERSONAL TECHNOLOGY COMPANY – THE LARGEST PC MAKER WORLDWIDE AND AN EMERGING PC PLUS LEADER – SERVING CUSTOMERS IN MORE THAN 160 COUNTRIES. DEDICATED TO EXCEPTIONALLY ENGINEERED PCS AND MOBILE INTERNET DEVICES, LENOVO’S BUSINESS IS BUILT ON PRODUCT INNOVATION, A HIGHLY-EFFICIENT GLOBAL SUPPLY CHAIN AND STRONG STRATEGIC EXECUTION. FORMED BY LENOVO GROUP’S ACQUISITION OF THE FORMER IBM PERSONAL COMPUTING DIVISION, THE COMPANY DEVELOPS, MANUFACTURES AND MARKETS RELIABLE, HIGH-QUALITY, SECURE AND EASY-TO-USE TECHNOLOGY PRODUCTS AND SERVICES. ITS PRODUCT LINES INCLUDE LEGENDARY THINK-BRANDED COMMERCIAL PCS AND IDEA-BRANDED CONSUMER PCS, AS WELL AS SERVERS, WORKSTATIONS, AND A FAMILY OF MOBILE INTERNET DEVICES, INCLUDING TABLETS AND SMART PHONES. LENOVO, A GLOBAL FORTUNE 500 COMPANY, HAS MAJOR RESEARCH CENTERS IN YAMATO, JAPAN; BEIJING, SHANGHAI AND SHENZHEN, CHINA; AND RALEIGH, NORTH CAROLINA. FOR MORE INFORMATION SEE WWW.LENOVO.COM. ABOUT MOTOROLA MOBILITY MOTOROLA MOBILITY, A GOOGLE COMPANY, CREATES MOBILE DEVICES AND WIRELESS ACCESSORIES THAT SIMPLIFY, CONNECT AND ENRICH PEOPLE’S LIVES. FOR MORE INFORMATION, VISIT MOTOROLA.COM/MOBILITY ABOUT GOOGLE GOOGLE IS A GLOBAL TECHNOLOGY LEADER, FOCUSED ON IMPROVING WAYS PEOPLE CONNECT WITH INFORMATION. GOOGLE’S INNOVATIONS IN WEB SEARCH AND ADVERTISING HAVE MADE ITS WEBSITE A TOP INTERNET PROPERTY AND ITS BRAND ONE OF THE MOST RECOGNIZED IN THE WORLD.","['lenovo to acquire motorola mobility from google', 'research triangle park, n.c', 'mountain view, calif.--business wire--lenovo hkse 992 adr lnvgy and google nasdaq goog today have entered into a definitive agreement under which lenovo plans to acquire the motorola mobility smartphone business', 'with a strong pc business and a fast-growing smartphone business, this agreement will significantly strengthen lenovos position in the smartphone market', 'in addition, lenovo will gain a strong market presence in north america and latin america, as well as a foothold in western europe, to complement its strong, fast-growing smartphone business in emerging markets around the world', 'the purchase price is approximately us$2.91 billion subject to certain adjustments, including us$1.41 billion paid at close, comprised of us$660 million in cash and us$750 million in lenovo ordinary shares subject to a share capfloor', 'the remaining us$1.5 billion will be paid in the form of a three-year promissory note', ""lenovo, which in 2005 acquired ibms pc business and its legendary pc brand, will now acquire world-renowned motorola mobility, including the motorola brand and motorola mobility's portfolio of innovative smartphones like the moto x and moto g and the droidtm ultra series"", 'in addition to current products, lenovo will take ownership of the future motorola mobility product roadmap', 'google will maintain ownership of the vast majority of the motorola mobility patent portfolio, including current patent applications and invention disclosures', 'as part of its ongoing relationship with google, lenovo will receive a license to this rich portfolio of patents and other intellectual property', 'additionally lenovo will receive over 2,000 patent assets, as well as the motorola mobility brand and trademark portfolio', 'motorola mobility enjoys outstanding brand awareness around the world, and is currently the 3 android smartphone manufacturer in the u.s', 'and 3 manufacturer overall in latin america', 'the acquisition of such an iconic brand, innovative product portfolio and incredibly talented global team will immediately make lenovo a strong global competitor in smartphones', 'we will immediately have the opportunity to become a strong global player in the fast-growing mobile space, said yang yuanqing, chairman and ceo of lenovo', 'we are confident that we can bring together the best of both companies to deliver products customers will love and a strong, growing business', 'lenovo has a proven track record of successfully embracing and strengthening great brands as we did with ibms think brand and smoothly and efficiently integrating companies around-the-world', 'i am confident we will be successful with this process, and that our companies will not only maintain our current momentum in the market, but also build a strong foundation for the future', 'lenovo has the expertise and track record to scale motorola mobility into a major player within the android ecosystem', 'this move will enable google to devote our energy to driving innovation across the android ecosystem, for the benefit of smartphone users everywhere, said larry page, ceo, google', 'as part of lenovo, motorola mobility will have a rapid path to achieving our goal of reaching the next 100 million people with the mobile internet', 'with the recent launches of moto x and moto g, we have tremendous momentum right now and lenovos hardware expertise and global reach will only help to accelerate this, said dennis woodside, ceo, motorola mobility', 'the transaction is subject to the satisfaction of regulatory requirements, customary closing conditions and any other needed approvals', 'about lenovo lenovo hkse 992 adr lnvgy is a us$34 billion personal technology company the largest pc maker worldwide and an emerging pc plus leader serving customers in more than 160 countries', 'dedicated to exceptionally engineered pcs and mobile internet devices, lenovos business is built on product innovation, a highly-efficient global supply chain and strong strategic execution', 'formed by lenovo groups acquisition of the former ibm personal computing division, the company develops, manufactures and markets reliable, high-quality, secure and easy-to-use technology products and services', 'its product lines include legendary think-branded commercial pcs and idea-branded consumer pcs, as well as servers, workstations, and a family of mobile internet devices, including tablets and smart phones', 'lenovo, a global fortune 500 company, has major research centers in yamato, japan beijing, shanghai and shenzhen, china and raleigh, north carolina', 'for more information see about motorola mobility motorola mobility, a google company, creates mobile devices and wireless accessories that simplify, connect and enrich peoples lives', 'for more information, visit motorola.commobility about google google is a global technology leader, focused on improving ways people connect with information', 'googles innovations in web search and advertising have made its website a top internet property and its brand one of the most recognized in the world.']",weakly_positive,0.4676468749999999,weakly_positive,weakly_positive
13-01-2014,GOOGLE TO ACQUIRE NEST,"MOUNTAIN VIEW, CALIF.--(BUSINESS WIRE)--GOOGLE INC. (NASDAQ: GOOG) ANNOUNCED TODAY THAT IT HAS ENTERED INTO AN AGREEMENT TO BUY NEST LABS, INC. FOR $3.2 BILLION IN CASH. NEST’S MISSION IS TO REINVENT UNLOVED BUT IMPORTANT DEVICES IN THE HOME SUCH AS THERMOSTATS AND SMOKE ALARMS. SINCE ITS LAUNCH IN 2011, THE NEST LEARNING THERMOSTAT HAS BEEN A CONSISTENT BEST SELLER--AND THE RECENTLY LAUNCHED PROTECT (SMOKE + CO ALARM) HAS HAD RAVE REVIEWS. LARRY PAGE, CEO OF GOOGLE, SAID: “NEST’S FOUNDERS, TONY FADELL AND MATT ROGERS, HAVE BUILT A TREMENDOUS TEAM THAT WE ARE EXCITED TO WELCOME INTO THE GOOGLE FAMILY. THEY’RE ALREADY DELIVERING AMAZING PRODUCTS YOU CAN BUY RIGHT NOW--THERMOSTATS THAT SAVE ENERGY AND SMOKE/CO ALARMS THAT CAN HELP KEEP YOUR FAMILY SAFE. WE ARE EXCITED TO BRING GREAT EXPERIENCES TO MORE HOMES IN MORE COUNTRIES AND FULFILL THEIR DREAMS!” TONY FADELL, CEO OF NEST, SAID: “WE’RE THRILLED TO JOIN GOOGLE. WITH THEIR SUPPORT, NEST WILL BE EVEN BETTER PLACED TO BUILD SIMPLE, THOUGHTFUL DEVICES THAT MAKE LIFE EASIER AT HOME, AND THAT HAVE A POSITIVE IMPACT ON THE WORLD.” NEST WILL CONTINUE TO OPERATE UNDER THE LEADERSHIP OF TONY FADELL AND WITH ITS OWN DISTINCT BRAND IDENTITY. THE TRANSACTION IS SUBJECT TO CUSTOMARY CLOSING CONDITIONS, INCLUDING THE RECEIPT OF REGULATORY APPROVALS IN THE US. IT IS EXPECTED TO CLOSE IN THE NEXT FEW MONTHS. ABOUT GOOGLE INC. GOOGLE IS A GLOBAL TECHNOLOGY LEADER FOCUSED ON IMPROVING THE WAYS PEOPLE CONNECT WITH INFORMATION. GOOGLE’S INNOVATIONS IN WEB SEARCH AND ADVERTISING HAVE MADE ITS WEBSITE A TOP INTERNET PROPERTY AND ITS BRAND ONE OF THE MOST RECOGNIZED IN THE WORLD.","GOOGLE TO ACQUIRE NEST. MOUNTAIN VIEW, CALIF.--(BUSINESS WIRE)--GOOGLE INC. (NASDAQ: GOOG) ANNOUNCED TODAY THAT IT HAS ENTERED INTO AN AGREEMENT TO BUY NEST LABS, INC. FOR $3.2 BILLION IN CASH. NEST’S MISSION IS TO REINVENT UNLOVED BUT IMPORTANT DEVICES IN THE HOME SUCH AS THERMOSTATS AND SMOKE ALARMS. SINCE ITS LAUNCH IN 2011, THE NEST LEARNING THERMOSTAT HAS BEEN A CONSISTENT BEST SELLER--AND THE RECENTLY LAUNCHED PROTECT (SMOKE + CO ALARM) HAS HAD RAVE REVIEWS. LARRY PAGE, CEO OF GOOGLE, SAID: “NEST’S FOUNDERS, TONY FADELL AND MATT ROGERS, HAVE BUILT A TREMENDOUS TEAM THAT WE ARE EXCITED TO WELCOME INTO THE GOOGLE FAMILY. THEY’RE ALREADY DELIVERING AMAZING PRODUCTS YOU CAN BUY RIGHT NOW--THERMOSTATS THAT SAVE ENERGY AND SMOKE/CO ALARMS THAT CAN HELP KEEP YOUR FAMILY SAFE. WE ARE EXCITED TO BRING GREAT EXPERIENCES TO MORE HOMES IN MORE COUNTRIES AND FULFILL THEIR DREAMS!” TONY FADELL, CEO OF NEST, SAID: “WE’RE THRILLED TO JOIN GOOGLE. WITH THEIR SUPPORT, NEST WILL BE EVEN BETTER PLACED TO BUILD SIMPLE, THOUGHTFUL DEVICES THAT MAKE LIFE EASIER AT HOME, AND THAT HAVE A POSITIVE IMPACT ON THE WORLD.” NEST WILL CONTINUE TO OPERATE UNDER THE LEADERSHIP OF TONY FADELL AND WITH ITS OWN DISTINCT BRAND IDENTITY. THE TRANSACTION IS SUBJECT TO CUSTOMARY CLOSING CONDITIONS, INCLUDING THE RECEIPT OF REGULATORY APPROVALS IN THE US. IT IS EXPECTED TO CLOSE IN THE NEXT FEW MONTHS. ABOUT GOOGLE INC. GOOGLE IS A GLOBAL TECHNOLOGY LEADER FOCUSED ON IMPROVING THE WAYS PEOPLE CONNECT WITH INFORMATION. GOOGLE’S INNOVATIONS IN WEB SEARCH AND ADVERTISING HAVE MADE ITS WEBSITE A TOP INTERNET PROPERTY AND ITS BRAND ONE OF THE MOST RECOGNIZED IN THE WORLD.","['google to acquire nest', 'mountain view, calif.--business wire--google inc', 'nasdaq goog announced today that it has entered into an agreement to buy nest labs, inc', 'for $3.2 billion in cash', 'nests mission is to reinvent unloved but important devices in the home such as thermostats and smoke alarms', 'since its launch in 2011, the nest learning thermostat has been a consistent best seller--and the recently launched protect smoke co alarm has had rave reviews', 'larry page, ceo of google, said nests founders, tony fadell and matt rogers, have built a tremendous team that we are excited to welcome into the google family', 'theyre already delivering amazing products you can buy right now--thermostats that save energy and smokeco alarms that can help keep your family safe', 'we are excited to bring great experiences to more homes in more countries and fulfill their dreams', 'tony fadell, ceo of nest, said were thrilled to join google', 'with their support, nest will be even better placed to build simple, thoughtful devices that make life easier at home, and that have a positive impact on the world', 'nest will continue to operate under the leadership of tony fadell and with its own distinct brand identity', 'the transaction is subject to customary closing conditions, including the receipt of regulatory approvals in the us', 'it is expected to close in the next few months', 'about google inc', 'google is a global technology leader focused on improving the ways people connect with information', 'googles innovations in web search and advertising have made its website a top internet property and its brand one of the most recognized in the world.']",weakly_positive,0.3386294117647059,weakly_positive,weakly_positive
30-09-2013,"GOOGLE ANNOUNCES DATE OF THIRD QUARTER 2013 FINANCIAL RESULTS 
      CONFERENCE CALL","MOUNTAIN VIEW, CALIF.--(BUSINESS WIRE)--GOOGLE INC. (NASDAQ: GOOG) WILL HOLD ITS QUARTERLY CONFERENCE CALL TO DISCUSS THIRD QUARTER 2013 FINANCIAL RESULTS ON THURSDAY, OCTOBER 17TH AT 1:30 P.M. PACIFIC TIME (4:30 P.M. EASTERN TIME). THE LIVE WEBCAST OF GOOGLE’S EARNINGS CONFERENCE CALL CAN BE ACCESSED AT INVESTOR.GOOGLE.COM/WEBCAST.HTML. A REPLAY OF THE WEBCAST WILL BE AVAILABLE THROUGH THE SAME LINK FOLLOWING THE CONFERENCE CALL. PLEASE VISIT GOOGLE’S INVESTOR RELATIONS WEBSITE AT INVESTOR.GOOGLE.COM ON OCTOBER 17TH, 2013 TO VIEW THE EARNINGS RELEASE PRIOR TO THE CONFERENCE CALL. ABOUT GOOGLE INC. GOOGLE IS A GLOBAL TECHNOLOGY LEADER FOCUSED ON IMPROVING THE WAYS PEOPLE CONNECT WITH INFORMATION. GOOGLE’S INNOVATIONS IN WEB SEARCH AND ADVERTISING HAVE MADE ITS WEBSITE A TOP INTERNET PROPERTY AND ITS BRAND ONE OF THE MOST RECOGNIZED IN THE WORLD.","GOOGLE ANNOUNCES DATE OF THIRD QUARTER 2013 FINANCIAL RESULTS 
      CONFERENCE CALL. MOUNTAIN VIEW, CALIF.--(BUSINESS WIRE)--GOOGLE INC. (NASDAQ: GOOG) WILL HOLD ITS QUARTERLY CONFERENCE CALL TO DISCUSS THIRD QUARTER 2013 FINANCIAL RESULTS ON THURSDAY, OCTOBER 17TH AT 1:30 P.M. PACIFIC TIME (4:30 P.M. EASTERN TIME). THE LIVE WEBCAST OF GOOGLE’S EARNINGS CONFERENCE CALL CAN BE ACCESSED AT INVESTOR.GOOGLE.COM/WEBCAST.HTML. A REPLAY OF THE WEBCAST WILL BE AVAILABLE THROUGH THE SAME LINK FOLLOWING THE CONFERENCE CALL. PLEASE VISIT GOOGLE’S INVESTOR RELATIONS WEBSITE AT INVESTOR.GOOGLE.COM ON OCTOBER 17TH, 2013 TO VIEW THE EARNINGS RELEASE PRIOR TO THE CONFERENCE CALL. ABOUT GOOGLE INC. GOOGLE IS A GLOBAL TECHNOLOGY LEADER FOCUSED ON IMPROVING THE WAYS PEOPLE CONNECT WITH INFORMATION. GOOGLE’S INNOVATIONS IN WEB SEARCH AND ADVERTISING HAVE MADE ITS WEBSITE A TOP INTERNET PROPERTY AND ITS BRAND ONE OF THE MOST RECOGNIZED IN THE WORLD.","['google announces date of third quarter 2013 financial results conference call', 'mountain view, calif.--business wire--google inc', 'nasdaq goog will hold its quarterly conference call to discuss third quarter 2013 financial results on thursday, october 17th at 130 p.m', 'pacific time 430 p.m', 'eastern time', 'the live webcast of googles earnings conference call can be accessed at investor.google.comwebcast.html', 'a replay of the webcast will be available through the same link following the conference call', 'please visit googles investor relations website at investor.google.com on october 17th, 2013 to view the earnings release prior to the conference call', 'about google inc', 'google is a global technology leader focused on improving the ways people connect with information', 'googles innovations in web search and advertising have made its website a top internet property and its brand one of the most recognized in the world.']",weakly_positive,0.107290909090909,weakly_positive,weakly_positive
27-06-2013,"GOOGLE ANNOUNCES DATE OF SECOND QUARTER 2013 FINANCIAL RESULTS 
      CONFERENCE CALL","MOUNTAIN VIEW, CALIF.--(BUSINESS WIRE)--GOOGLE INC. (NASDAQ: GOOG) WILL HOLD ITS QUARTERLY CONFERENCE CALL TO DISCUSS SECOND QUARTER 2013 FINANCIAL RESULTS ON THURSDAY, JULY 18TH AT 1:30 P.M. PACIFIC TIME (4:30 P.M. EASTERN TIME). THE LIVE WEBCAST OF GOOGLE’S EARNINGS CONFERENCE CALL CAN BE ACCESSED AT INVESTOR.GOOGLE.COM/WEBCAST.HTML. A REPLAY OF THE WEBCAST WILL BE AVAILABLE THROUGH THE SAME LINK FOLLOWING THE CONFERENCE CALL. PLEASE VISIT GOOGLE’S INVESTOR RELATIONS WEBSITE AT INVESTOR.GOOGLE.COM ON JULY 18TH, 2013 TO VIEW THE EARNINGS RELEASE PRIOR TO THE CONFERENCE CALL. ABOUT GOOGLE INC. GOOGLE IS A GLOBAL TECHNOLOGY LEADER FOCUSED ON IMPROVING THE WAYS PEOPLE CONNECT WITH INFORMATION. GOOGLE’S INNOVATIONS IN WEB SEARCH AND ADVERTISING HAVE MADE ITS WEBSITE A TOP INTERNET PROPERTY AND ITS BRAND ONE OF THE MOST RECOGNIZED IN THE WORLD.","GOOGLE ANNOUNCES DATE OF SECOND QUARTER 2013 FINANCIAL RESULTS 
      CONFERENCE CALL. MOUNTAIN VIEW, CALIF.--(BUSINESS WIRE)--GOOGLE INC. (NASDAQ: GOOG) WILL HOLD ITS QUARTERLY CONFERENCE CALL TO DISCUSS SECOND QUARTER 2013 FINANCIAL RESULTS ON THURSDAY, JULY 18TH AT 1:30 P.M. PACIFIC TIME (4:30 P.M. EASTERN TIME). THE LIVE WEBCAST OF GOOGLE’S EARNINGS CONFERENCE CALL CAN BE ACCESSED AT INVESTOR.GOOGLE.COM/WEBCAST.HTML. A REPLAY OF THE WEBCAST WILL BE AVAILABLE THROUGH THE SAME LINK FOLLOWING THE CONFERENCE CALL. PLEASE VISIT GOOGLE’S INVESTOR RELATIONS WEBSITE AT INVESTOR.GOOGLE.COM ON JULY 18TH, 2013 TO VIEW THE EARNINGS RELEASE PRIOR TO THE CONFERENCE CALL. ABOUT GOOGLE INC. GOOGLE IS A GLOBAL TECHNOLOGY LEADER FOCUSED ON IMPROVING THE WAYS PEOPLE CONNECT WITH INFORMATION. GOOGLE’S INNOVATIONS IN WEB SEARCH AND ADVERTISING HAVE MADE ITS WEBSITE A TOP INTERNET PROPERTY AND ITS BRAND ONE OF THE MOST RECOGNIZED IN THE WORLD.","['google announces date of second quarter 2013 financial results conference call', 'mountain view, calif.--business wire--google inc', 'nasdaq goog will hold its quarterly conference call to discuss second quarter 2013 financial results on thursday, july 18th at 130 p.m', 'pacific time 430 p.m', 'eastern time', 'the live webcast of googles earnings conference call can be accessed at investor.google.comwebcast.html', 'a replay of the webcast will be available through the same link following the conference call', 'please visit googles investor relations website at investor.google.com on july 18th, 2013 to view the earnings release prior to the conference call', 'about google inc', 'google is a global technology leader focused on improving the ways people connect with information', 'googles innovations in web search and advertising have made its website a top internet property and its brand one of the most recognized in the world.']",weakly_positive,0.107290909090909,weakly_positive,weakly_positive
29-03-2013,"GOOGLE ANNOUNCES DATE OF FIRST QUARTER 2013 FINANCIAL RESULTS 
      CONFERENCE CALL","MOUNTAIN VIEW, CALIF.--(BUSINESS WIRE)--GOOGLE INC. (NASDAQ: GOOG) WILL HOLD ITS QUARTERLY CONFERENCE CALL TO DISCUSS FIRST QUARTER 2013 FINANCIAL RESULTS ON THURSDAY, APRIL 18TH AT 1:30 P.M. PACIFIC TIME (4:30 P.M. EASTERN TIME). THE LIVE WEBCAST OF GOOGLE’S EARNINGS CONFERENCE CALL CAN BE ACCESSED AT INVESTOR.GOOGLE.COM/WEBCAST.HTML. A REPLAY OF THE WEBCAST WILL BE AVAILABLE THROUGH THE SAME LINK FOLLOWING THE CONFERENCE CALL. PLEASE VISIT GOOGLE’S INVESTOR RELATIONS WEBSITE AT INVESTOR.GOOGLE.COM ON APRIL 18TH, 2013 TO VIEW THE EARNINGS RELEASE PRIOR TO THE CONFERENCE CALL. ABOUT GOOGLE INC. GOOGLE IS A GLOBAL TECHNOLOGY LEADER FOCUSED ON IMPROVING THE WAYS PEOPLE CONNECT WITH INFORMATION. GOOGLE’S INNOVATIONS IN WEB SEARCH AND ADVERTISING HAVE MADE ITS WEBSITE A TOP INTERNET PROPERTY AND ITS BRAND ONE OF THE MOST RECOGNIZED IN THE WORLD.","GOOGLE ANNOUNCES DATE OF FIRST QUARTER 2013 FINANCIAL RESULTS 
      CONFERENCE CALL. MOUNTAIN VIEW, CALIF.--(BUSINESS WIRE)--GOOGLE INC. (NASDAQ: GOOG) WILL HOLD ITS QUARTERLY CONFERENCE CALL TO DISCUSS FIRST QUARTER 2013 FINANCIAL RESULTS ON THURSDAY, APRIL 18TH AT 1:30 P.M. PACIFIC TIME (4:30 P.M. EASTERN TIME). THE LIVE WEBCAST OF GOOGLE’S EARNINGS CONFERENCE CALL CAN BE ACCESSED AT INVESTOR.GOOGLE.COM/WEBCAST.HTML. A REPLAY OF THE WEBCAST WILL BE AVAILABLE THROUGH THE SAME LINK FOLLOWING THE CONFERENCE CALL. PLEASE VISIT GOOGLE’S INVESTOR RELATIONS WEBSITE AT INVESTOR.GOOGLE.COM ON APRIL 18TH, 2013 TO VIEW THE EARNINGS RELEASE PRIOR TO THE CONFERENCE CALL. ABOUT GOOGLE INC. GOOGLE IS A GLOBAL TECHNOLOGY LEADER FOCUSED ON IMPROVING THE WAYS PEOPLE CONNECT WITH INFORMATION. GOOGLE’S INNOVATIONS IN WEB SEARCH AND ADVERTISING HAVE MADE ITS WEBSITE A TOP INTERNET PROPERTY AND ITS BRAND ONE OF THE MOST RECOGNIZED IN THE WORLD.","['google announces date of first quarter 2013 financial results conference call', 'mountain view, calif.--business wire--google inc', 'nasdaq goog will hold its quarterly conference call to discuss first quarter 2013 financial results on thursday, april 18th at 130 p.m', 'pacific time 430 p.m', 'eastern time', 'the live webcast of googles earnings conference call can be accessed at investor.google.comwebcast.html', 'a replay of the webcast will be available through the same link following the conference call', 'please visit googles investor relations website at investor.google.com on april 18th, 2013 to view the earnings release prior to the conference call', 'about google inc', 'google is a global technology leader focused on improving the ways people connect with information', 'googles innovations in web search and advertising have made its website a top internet property and its brand one of the most recognized in the world.']",weakly_positive,0.107290909090909,weakly_positive,weakly_positive
25-02-2013,GOOGLE TO PRESENT AT THE DEUTSCHE BANK MEDIA AND TELECOM CONFERENCE,"MOUNTAIN VIEW, CALIF.--(BUSINESS WIRE)--GOOGLE INC. (NASDAQ:GOOG) ANNOUNCED TODAY THAT NIKESH ARORA, SVP AND CHIEF BUSINESS OFFICER, WILL PARTICIPATE IN A QUESTION-AND-ANSWER SESSION AT THE DEUTSCHE BANK MEDIA AND TELECOM CONFERENCE IN PALM BEACH. THE SESSION IS SCHEDULED FOR 1:10 P.M. EASTERN TIME / 10:10 A.M. PACIFIC TIME ON TUESDAY, MARCH 5, 2013. TO ACCESS THE LIVE AUDIO WEBCAST OF THE SESSION, PLEASE VISIT HTTP://INVESTOR.GOOGLE.COM/WEBCAST.HTML. ABOUT GOOGLE INC. GOOGLE IS A GLOBAL TECHNOLOGY LEADER FOCUSED ON IMPROVING THE WAYS PEOPLE CONNECT WITH INFORMATION. GOOGLE’S INNOVATIONS IN WEB SEARCH AND ADVERTISING HAVE MADE ITS WEBSITE A TOP INTERNET PROPERTY AND ITS BRAND ONE OF THE MOST RECOGNIZED IN THE WORLD. GOOGLE IS A TRADEMARK OF GOOGLE INC. ALL OTHER COMPANY AND PRODUCT NAMES MAY BE TRADEMARKS OF THE RESPECTIVE COMPANIES WITH WHICH THEY ARE ASSOCIATED.","GOOGLE TO PRESENT AT THE DEUTSCHE BANK MEDIA AND TELECOM CONFERENCE. MOUNTAIN VIEW, CALIF.--(BUSINESS WIRE)--GOOGLE INC. (NASDAQ:GOOG) ANNOUNCED TODAY THAT NIKESH ARORA, SVP AND CHIEF BUSINESS OFFICER, WILL PARTICIPATE IN A QUESTION-AND-ANSWER SESSION AT THE DEUTSCHE BANK MEDIA AND TELECOM CONFERENCE IN PALM BEACH. THE SESSION IS SCHEDULED FOR 1:10 P.M. EASTERN TIME / 10:10 A.M. PACIFIC TIME ON TUESDAY, MARCH 5, 2013. TO ACCESS THE LIVE AUDIO WEBCAST OF THE SESSION, PLEASE VISIT HTTP://INVESTOR.GOOGLE.COM/WEBCAST.HTML. ABOUT GOOGLE INC. GOOGLE IS A GLOBAL TECHNOLOGY LEADER FOCUSED ON IMPROVING THE WAYS PEOPLE CONNECT WITH INFORMATION. GOOGLE’S INNOVATIONS IN WEB SEARCH AND ADVERTISING HAVE MADE ITS WEBSITE A TOP INTERNET PROPERTY AND ITS BRAND ONE OF THE MOST RECOGNIZED IN THE WORLD. GOOGLE IS A TRADEMARK OF GOOGLE INC. ALL OTHER COMPANY AND PRODUCT NAMES MAY BE TRADEMARKS OF THE RESPECTIVE COMPANIES WITH WHICH THEY ARE ASSOCIATED.","['google to present at the deutsche bank media and telecom conference', 'mountain view, calif.--business wire--google inc', 'nasdaqgoog announced today that nikesh arora, svp and chief business officer, will participate in a question-and-answer session at the deutsche bank media and telecom conference in palm beach', 'the session is scheduled for 110 p.m', 'eastern time 1010 a.m', 'pacific time on tuesday, march 5, 2013', 'to access the live audio webcast of the session, please visit about google inc', 'google is a global technology leader focused on improving the ways people connect with information', 'googles innovations in web search and advertising have made its website a top internet property and its brand one of the most recognized in the world', 'google is a trademark of google inc', 'all other company and product names may be trademarks of the respective companies with which they are associated.']",weakly_positive,0.1456090909090909,weakly_positive,weakly_positive
19-02-2013,GOOGLE TO PRESENT AT THE MORGAN STANLEY TMT CONFERENCE,"MOUNTAIN VIEW, CALIF.--(BUSINESS WIRE)--GOOGLE INC. (NASDAQ:GOOG) ANNOUNCED TODAY THAT PATRICK PICHETTE, SVP AND CFO, WILL PARTICIPATE IN A QUESTION-AND-ANSWER SESSION AT THE MORGAN STANLEY TECHNOLOGY, MEDIA AND TELECOM CONFERENCE IN SAN FRANCISCO. THE SESSION IS SCHEDULED FOR 12:30 P.M. EASTERN TIME / 9:30 A.M. PACIFIC TIME ON THURSDAY, FEBRUARY 28, 2013. TO ACCESS THE LIVE AUDIO WEBCAST OF THE SESSION, PLEASE VISIT HTTP://INVESTOR.GOOGLE.COM/WEBCAST.HTML. ABOUT GOOGLE INC. GOOGLE IS A GLOBAL TECHNOLOGY LEADER FOCUSED ON IMPROVING THE WAYS PEOPLE CONNECT WITH INFORMATION. GOOGLE’S INNOVATIONS IN WEB SEARCH AND ADVERTISING HAVE MADE ITS WEBSITE A TOP INTERNET PROPERTY AND ITS BRAND ONE OF THE MOST RECOGNIZED IN THE WORLD. GOOGLE IS A TRADEMARK OF GOOGLE INC. ALL OTHER COMPANY AND PRODUCT NAMES MAY BE TRADEMARKS OF THE RESPECTIVE COMPANIES WITH WHICH THEY ARE ASSOCIATED.","GOOGLE TO PRESENT AT THE MORGAN STANLEY TMT CONFERENCE. MOUNTAIN VIEW, CALIF.--(BUSINESS WIRE)--GOOGLE INC. (NASDAQ:GOOG) ANNOUNCED TODAY THAT PATRICK PICHETTE, SVP AND CFO, WILL PARTICIPATE IN A QUESTION-AND-ANSWER SESSION AT THE MORGAN STANLEY TECHNOLOGY, MEDIA AND TELECOM CONFERENCE IN SAN FRANCISCO. THE SESSION IS SCHEDULED FOR 12:30 P.M. EASTERN TIME / 9:30 A.M. PACIFIC TIME ON THURSDAY, FEBRUARY 28, 2013. TO ACCESS THE LIVE AUDIO WEBCAST OF THE SESSION, PLEASE VISIT HTTP://INVESTOR.GOOGLE.COM/WEBCAST.HTML. ABOUT GOOGLE INC. GOOGLE IS A GLOBAL TECHNOLOGY LEADER FOCUSED ON IMPROVING THE WAYS PEOPLE CONNECT WITH INFORMATION. GOOGLE’S INNOVATIONS IN WEB SEARCH AND ADVERTISING HAVE MADE ITS WEBSITE A TOP INTERNET PROPERTY AND ITS BRAND ONE OF THE MOST RECOGNIZED IN THE WORLD. GOOGLE IS A TRADEMARK OF GOOGLE INC. ALL OTHER COMPANY AND PRODUCT NAMES MAY BE TRADEMARKS OF THE RESPECTIVE COMPANIES WITH WHICH THEY ARE ASSOCIATED.","['google to present at the morgan stanley tmt conference', 'mountain view, calif.--business wire--google inc', 'nasdaqgoog announced today that patrick pichette, svp and cfo, will participate in a question-and-answer session at the morgan stanley technology, media and telecom conference in san francisco', 'the session is scheduled for 1230 p.m', 'eastern time 930 a.m', 'pacific time on thursday, february 28, 2013', 'to access the live audio webcast of the session, please visit about google inc', 'google is a global technology leader focused on improving the ways people connect with information', 'googles innovations in web search and advertising have made its website a top internet property and its brand one of the most recognized in the world', 'google is a trademark of google inc', 'all other company and product names may be trademarks of the respective companies with which they are associated.']",weakly_positive,0.1456090909090909,weakly_positive,weakly_positive
12-02-2013,"GE AND GOOGLE AGREEMENT ALLOWS UTILITIES ANYWHERE TO TAP FAMILIAR, 
      EASY-TO-USE MAPS PLATFORM TO BOOST PRODUCTIVITY","ATLANTA--(BUSINESS WIRE)--A NEW AGREEMENT ANNOUNCED TODAY BETWEEN GE (NYSE: GE) AND GOOGLE (NASDAQ: GOOG) WILL INTEGRATE GOOGLE MAPS DATA INTO GE’S SMALLWORLD™ ELECTRICAL, TELECOMMUNICATIONS AND GAS APPLICATIONS. GE, A LEADING PROVIDER OF GEOSPATIAL ANALYTICAL TOOLS AND INSIGHT, AND GOOGLE, A PROVIDER OF MAP SERVICES WITH MORE THAN 1 BILLION MONTHLY ACTIVE USERS, WILL HELP UTILITIES INCREASE PRODUCTIVITY BASED ON THE ABILITY TO VISUALIZE AND ANALYZE THEIR DATA WITH GE’S SMALLWORLD PRODUCT SUITE. THE COMBINED SOLUTION WILL ENHANCE THE EXISTING NETWORK VISUALIZATION CAPABILITIES AND WILL ALLOW UTILITY CUSTOMERS TO RECEIVE INCREMENTAL EFFICIENCY AND PRODUCTIVITY OF OPERATIONS IN THE FIELD. BY ENHANCING THE ABILITY TO VISUALIZE DATA ON A MAP, UTILITY CUSTOMERS WILL BE ABLE TO QUICKLY PROVIDE THEIR END-USE CUSTOMERS WITH IMPORTANT INFORMATION SUCH AS OUTAGE RESTORATION TIMES AND WILL HELP TO MORE EFFICIENTLY MANAGE THEIR NETWORK ASSETS. “WE ARE RELENTLESSLY LOOKING AT WAYS TO BRING VALUE TO OUR CUSTOMERS AND THIS AGREEMENT BRINGS TOGETHER TWO WORLD-LEADING SOLUTIONS PROVIDERS TO HELP IMPROVE PRODUCTIVITY,” SAID BRYAN FRIEHAUF, PRODUCT LINE LEADER—SOFTWARE SOLUTIONS FOR GE’S DIGITAL ENERGY BUSINESS. “MILLIONS OF PEOPLE ARE ALREADY FAMILIAR WITH GOOGLE MAPS AS SEEN ON THEIR COMPUTER SCREENS IN THE OFFICE OR ON MOBILE DEVICES IN THE FIELD. NOW WE’RE ABLE TO BRING THAT FAMILIARITY TO OUR SMALLWORLD PRODUCTS SO THAT OUR CUSTOMERS CAN USE A PLATFORM THAT’S COMPLETELY CUSTOMIZED FOR THEIR ASSETS AND NETWORKS.” GE DEVELOPED A SET OF SMALL FOCUSED APPLICATIONS FOR THE WEB, MOBILE DEVICES AND DESKTOPS. GOOGLE’S RICH MAPPING CONTENT WILL FORM AN INTEGRAL PART OF GE’S SOLUTIONS, STRENGTHENING THE EXISTING GEOSPATIAL CAPABILITIES OF GE’S SMALLWORLD PRODUCTS BY PROVIDING OUT-OF-THE-BOX BASE MAPPING AS WELL AS VISUALIZATION AND ANALYTICS CAPABILITIES. GE’S DISTRIBUTION MANAGEMENT SYSTEMS AND OUTAGE MANAGEMENT SYSTEMS ALSO WILL UTILIZE GOOGLE’S MAPPING CONTENT IN THE CONTEXT OF OPERATIONAL CONTROL OF ELECTRICITY NETWORKS. NOTABLY, FOR FIELD OPERATORS, GE WILL UTILIZE GOOGLE’S ANDROID PLATFORM TO AUGMENT ITS EXISTING PORTFOLIO OF MOBILE PRODUCTS. THE NEW PORTABLE SOLUTION WILL INTEGRATE GOOGLE MAPS, PROVIDING BETTER CONTEXTUAL INFORMATION TO USERS IN THE FIELD. ""BY USING GOOGLE MAPS AND OUR API OFFERING, GE IS PROVIDING ITS CUSTOMERS WITH THE ADVANTAGE OF A SIMPLE AND INTUITIVE USER INTERFACE. BECAUSE SO MANY PEOPLE ALREADY KNOW HOW TO USE GOOGLE MAPS, THIS ALLOWS GE’S SMALLWORLD TECHNOLOGY TO BE AN EVEN MORE POWERFUL ENTERPRISE SOLUTION,” SAID TARUN BHATNAGAR, DIRECTOR, GOOGLE GEO ENTERPRISE. “BOTH GE AND GOOGLE HAVE A HERITAGE OF INNOVATION, AND WE LOOK FORWARD TO WORKING TOGETHER TO PROVIDE NEW WAYS TO USE AND VISUALIZE DATA ON A MAP.” GE’S SMALLWORLD GEOSPATIAL SOLUTIONS EFFICIENTLY DESIGN AND MODEL COMPLEX NETWORK INFRASTRUCTURES WHILE SUPPORTING ASSET MANAGEMENT LIFECYCLE PROCESSES AND PRODUCING SOLUTIONS FOR COMPANIES WITH COMPLEX NETWORK ASSET MANAGEMENT PROBLEMS. THE AGREEMENT WILL DELIVER THOSE SOLUTIONS FOR APPLICATIONS SUCH AS BUSINESS INTELLIGENCE, ENGINEERING, WEB CLIENTS, SCHEMATICS, CORRIDOR MANAGEMENT AND ENTERPRISE GATEWAY. “WE BELIEVE TOGETHER, GE AND GOOGLE WILL UTILIZE THEIR UNIQUE COMBINATION OF TECHNICAL TALENT AND CAPABILITIES TO SIGNIFICANTLY ENHANCE THE EFFICIENCY OF THEIR OPERATIONS IN A WIDE ARRAY OF APPLICATIONS,” SAID FRIEHAUF. “ULTIMATELY, OUR CUSTOMERS WILL NOTICE SIGNIFICANT BENEFITS FROM THIS NEW AGREEMENT."" ABOUT GE GE (NYSE: GE) WORKS ON THINGS THAT MATTER. THE BEST PEOPLE AND THE BEST TECHNOLOGIES TAKING ON THE TOUGHEST CHALLENGES. FINDING SOLUTIONS IN ENERGY, HEALTH AND HOME, TRANSPORTATION AND FINANCE. BUILDING, POWERING, MOVING AND CURING THE WORLD. NOT JUST IMAGINING. DOING. GE WORKS. FOR MORE INFORMATION, VISIT THE COMPANY'S WEBSITE AT WWW.GE.COM. FOLLOW GE ENERGY MANAGEMENT AND ITS DIGITAL ENERGY BUSINESS ON TWITTER @GE_ENERGYMGMT AND @YOURSMARTGRID. ABOUT GOOGLE MAPS AND EARTH ENTERPRISE: HTTP://WWW.GOOGLE.COM/ENTERPRISE/EARTHMAPS/MAPS.HTML.","GE AND GOOGLE AGREEMENT ALLOWS UTILITIES ANYWHERE TO TAP FAMILIAR, 
      EASY-TO-USE MAPS PLATFORM TO BOOST PRODUCTIVITY. ATLANTA--(BUSINESS WIRE)--A NEW AGREEMENT ANNOUNCED TODAY BETWEEN GE (NYSE: GE) AND GOOGLE (NASDAQ: GOOG) WILL INTEGRATE GOOGLE MAPS DATA INTO GE’S SMALLWORLD™ ELECTRICAL, TELECOMMUNICATIONS AND GAS APPLICATIONS. GE, A LEADING PROVIDER OF GEOSPATIAL ANALYTICAL TOOLS AND INSIGHT, AND GOOGLE, A PROVIDER OF MAP SERVICES WITH MORE THAN 1 BILLION MONTHLY ACTIVE USERS, WILL HELP UTILITIES INCREASE PRODUCTIVITY BASED ON THE ABILITY TO VISUALIZE AND ANALYZE THEIR DATA WITH GE’S SMALLWORLD PRODUCT SUITE. THE COMBINED SOLUTION WILL ENHANCE THE EXISTING NETWORK VISUALIZATION CAPABILITIES AND WILL ALLOW UTILITY CUSTOMERS TO RECEIVE INCREMENTAL EFFICIENCY AND PRODUCTIVITY OF OPERATIONS IN THE FIELD. BY ENHANCING THE ABILITY TO VISUALIZE DATA ON A MAP, UTILITY CUSTOMERS WILL BE ABLE TO QUICKLY PROVIDE THEIR END-USE CUSTOMERS WITH IMPORTANT INFORMATION SUCH AS OUTAGE RESTORATION TIMES AND WILL HELP TO MORE EFFICIENTLY MANAGE THEIR NETWORK ASSETS. “WE ARE RELENTLESSLY LOOKING AT WAYS TO BRING VALUE TO OUR CUSTOMERS AND THIS AGREEMENT BRINGS TOGETHER TWO WORLD-LEADING SOLUTIONS PROVIDERS TO HELP IMPROVE PRODUCTIVITY,” SAID BRYAN FRIEHAUF, PRODUCT LINE LEADER—SOFTWARE SOLUTIONS FOR GE’S DIGITAL ENERGY BUSINESS. “MILLIONS OF PEOPLE ARE ALREADY FAMILIAR WITH GOOGLE MAPS AS SEEN ON THEIR COMPUTER SCREENS IN THE OFFICE OR ON MOBILE DEVICES IN THE FIELD. NOW WE’RE ABLE TO BRING THAT FAMILIARITY TO OUR SMALLWORLD PRODUCTS SO THAT OUR CUSTOMERS CAN USE A PLATFORM THAT’S COMPLETELY CUSTOMIZED FOR THEIR ASSETS AND NETWORKS.” GE DEVELOPED A SET OF SMALL FOCUSED APPLICATIONS FOR THE WEB, MOBILE DEVICES AND DESKTOPS. GOOGLE’S RICH MAPPING CONTENT WILL FORM AN INTEGRAL PART OF GE’S SOLUTIONS, STRENGTHENING THE EXISTING GEOSPATIAL CAPABILITIES OF GE’S SMALLWORLD PRODUCTS BY PROVIDING OUT-OF-THE-BOX BASE MAPPING AS WELL AS VISUALIZATION AND ANALYTICS CAPABILITIES. GE’S DISTRIBUTION MANAGEMENT SYSTEMS AND OUTAGE MANAGEMENT SYSTEMS ALSO WILL UTILIZE GOOGLE’S MAPPING CONTENT IN THE CONTEXT OF OPERATIONAL CONTROL OF ELECTRICITY NETWORKS. NOTABLY, FOR FIELD OPERATORS, GE WILL UTILIZE GOOGLE’S ANDROID PLATFORM TO AUGMENT ITS EXISTING PORTFOLIO OF MOBILE PRODUCTS. THE NEW PORTABLE SOLUTION WILL INTEGRATE GOOGLE MAPS, PROVIDING BETTER CONTEXTUAL INFORMATION TO USERS IN THE FIELD. ""BY USING GOOGLE MAPS AND OUR API OFFERING, GE IS PROVIDING ITS CUSTOMERS WITH THE ADVANTAGE OF A SIMPLE AND INTUITIVE USER INTERFACE. BECAUSE SO MANY PEOPLE ALREADY KNOW HOW TO USE GOOGLE MAPS, THIS ALLOWS GE’S SMALLWORLD TECHNOLOGY TO BE AN EVEN MORE POWERFUL ENTERPRISE SOLUTION,” SAID TARUN BHATNAGAR, DIRECTOR, GOOGLE GEO ENTERPRISE. “BOTH GE AND GOOGLE HAVE A HERITAGE OF INNOVATION, AND WE LOOK FORWARD TO WORKING TOGETHER TO PROVIDE NEW WAYS TO USE AND VISUALIZE DATA ON A MAP.” GE’S SMALLWORLD GEOSPATIAL SOLUTIONS EFFICIENTLY DESIGN AND MODEL COMPLEX NETWORK INFRASTRUCTURES WHILE SUPPORTING ASSET MANAGEMENT LIFECYCLE PROCESSES AND PRODUCING SOLUTIONS FOR COMPANIES WITH COMPLEX NETWORK ASSET MANAGEMENT PROBLEMS. THE AGREEMENT WILL DELIVER THOSE SOLUTIONS FOR APPLICATIONS SUCH AS BUSINESS INTELLIGENCE, ENGINEERING, WEB CLIENTS, SCHEMATICS, CORRIDOR MANAGEMENT AND ENTERPRISE GATEWAY. “WE BELIEVE TOGETHER, GE AND GOOGLE WILL UTILIZE THEIR UNIQUE COMBINATION OF TECHNICAL TALENT AND CAPABILITIES TO SIGNIFICANTLY ENHANCE THE EFFICIENCY OF THEIR OPERATIONS IN A WIDE ARRAY OF APPLICATIONS,” SAID FRIEHAUF. “ULTIMATELY, OUR CUSTOMERS WILL NOTICE SIGNIFICANT BENEFITS FROM THIS NEW AGREEMENT."" ABOUT GE GE (NYSE: GE) WORKS ON THINGS THAT MATTER. THE BEST PEOPLE AND THE BEST TECHNOLOGIES TAKING ON THE TOUGHEST CHALLENGES. FINDING SOLUTIONS IN ENERGY, HEALTH AND HOME, TRANSPORTATION AND FINANCE. BUILDING, POWERING, MOVING AND CURING THE WORLD. NOT JUST IMAGINING. DOING. GE WORKS. FOR MORE INFORMATION, VISIT THE COMPANY'S WEBSITE AT WWW.GE.COM. FOLLOW GE ENERGY MANAGEMENT AND ITS DIGITAL ENERGY BUSINESS ON TWITTER @GE_ENERGYMGMT AND @YOURSMARTGRID. ABOUT GOOGLE MAPS AND EARTH ENTERPRISE: HTTP://WWW.GOOGLE.COM/ENTERPRISE/EARTHMAPS/MAPS.HTML.","['ge and google agreement allows utilities anywhere to tap familiar, easy-to-use maps platform to boost productivity', 'atlanta--business wire--a new agreement announced today between ge nyse ge and google nasdaq goog will integrate google maps data into ges smallworld electrical, telecommunications and gas applications', 'ge, a leading provider of geospatial analytical tools and insight, and google, a provider of map services with more than 1 billion monthly active users, will help utilities increase productivity based on the ability to visualize and analyze their data with ges smallworld product suite', 'the combined solution will enhance the existing network visualization capabilities and will allow utility customers to receive incremental efficiency and productivity of operations in the field', 'by enhancing the ability to visualize data on a map, utility customers will be able to quickly provide their end-use customers with important information such as outage restoration times and will help to more efficiently manage their network assets', 'we are relentlessly looking at ways to bring value to our customers and this agreement brings together two world-leading solutions providers to help improve productivity, said bryan friehauf, product line leadersoftware solutions for ges digital energy business', 'millions of people are already familiar with google maps as seen on their computer screens in the office or on mobile devices in the field', 'now were able to bring that familiarity to our smallworld products so that our customers can use a platform thats completely customized for their assets and networks', 'ge developed a set of small focused applications for the web, mobile devices and desktops', 'googles rich mapping content will form an integral part of ges solutions, strengthening the existing geospatial capabilities of ges smallworld products by providing out-of-the-box base mapping as well as visualization and analytics capabilities', 'ges distribution management systems and outage management systems also will utilize googles mapping content in the context of operational control of electricity networks', 'notably, for field operators, ge will utilize googles android platform to augment its existing portfolio of mobile products', 'the new portable solution will integrate google maps, providing better contextual information to users in the field', 'by using google maps and our api offering, ge is providing its customers with the advantage of a simple and intuitive user interface', 'because so many people already know how to use google maps, this allows ges smallworld technology to be an even more powerful enterprise solution, said tarun bhatnagar, director, google geo enterprise', 'both ge and google have a heritage of innovation, and we look forward to working together to provide new ways to use and visualize data on a map', 'ges smallworld geospatial solutions efficiently design and model complex network infrastructures while supporting asset management lifecycle processes and producing solutions for companies with complex network asset management problems', 'the agreement will deliver those solutions for applications such as business intelligence, engineering, web clients, schematics, corridor management and enterprise gateway', 'we believe together, ge and google will utilize their unique combination of technical talent and capabilities to significantly enhance the efficiency of their operations in a wide array of applications, said friehauf', 'ultimately, our customers will notice significant benefits from this new agreement', 'about ge ge nyse ge works on things that matter', 'the best people and the best technologies taking on the toughest challenges', 'finding solutions in energy, health and home, transportation and finance', 'building, powering, moving and curing the world', 'not just imagining', 'doing', 'ge works', ""for more information, visit the company's website at follow ge energy management and its digital energy business on twitter geenergymgmt and yoursmartgrid"", 'about google maps and earth enterprise']",weakly_positive,0.4399620689655172,weakly_positive,weakly_positive
08-01-2013,SOUTHWEST CHELSEA TO BECOME FIRST WIFI NEIGHBORHOOD IN MANHATTAN,"NEW YORK--(BUSINESS WIRE)--GOOGLE AND THE CHELSEA IMPROVEMENT COMPANY HAVE ANNOUNCED THEY HAVE PARTNERED TO PROVIDE FREE PUBLIC WIFI INTERNET ACCESS IN SOUTHWEST CHELSEA, WHICH WILL PROVIDE FREE INTERNET ACCESS TO HUNDREDS OF THOUSANDS OF PEOPLE EACH YEAR. IT WILL BECOME THE FIRST WIRED NEIGHBORHOOD IN MANHATTAN AND THE LARGEST CONTIGUOUS WIFI NETWORK IN NEW YORK CITY. FREE WIFI IS NOW AVAILABLE OUTDOORS, ROUGHLY BETWEEN GANSEVOORT ST. AND 19 ST. FROM 8TH AVE TO THE WEST SIDE HIGHWAY, AS WELL AS THE NEIGHBORHOOD’S PUBLIC SPACES, INCLUDING THE CHELSEA TRIANGLE, 14TH STREET PARK, AND GANSEVOORT PLAZA. THE CHELSEA WIFI NETWORK WAS DESIGNED AND INSTALLED BY SKY-PACKETS. THE MAYOR’S OFFICE AND THE CITY OF NEW YORK’S DEPARTMENT OF INFORMATION TECHNOLOGY AND TELECOMMUNICATIONS WORKED WITH GOOGLE AND CHELSEA IMPROVEMENT COMPANY TO TRANSFORM THE TWO COMPANIES’ ASPIRATIONS INTO A REALITY, ADVISING THEM ON INSTALLATION. “GOOGLE IS PROUD TO PROVIDE FREE WIFI IN THE NEIGHBORHOOD WE HAVE CALLED HOME FOR OVER 6 YEARS. THIS NETWORK WILL NOT ONLY BE A RESOURCE FOR THE 2000+ RESIDENTS OF THE FULTON HOUSES, IT WILL ALSO SERVE THE 5,000+ STUDENT POPULATION OF CHELSEA AS WELL AS THE HUNDREDS OF WORKERS, RETAIL CUSTOMERS AND TOURISTS WHO VISIT OUR NEIGHBORHOOD EVERY DAY,” SAID BEN FRIED, CHIEF INFORMATION OFFICER FOR GOOGLE. THE NETWORK WILL COVER ALL OF THE OUTDOOR AREAS OF THE FULTON HOUSES, A PROPERTY OWNED AND MANAGED BY THE NEW YORK CITY HOUSING AUTHORITY, AS WELL AS SEVERAL OF THE LOCAL PUBLIC SCHOOLS. “WE ARE EXCITED TO PARTNER WITH GOOGLE IN CREATING AN IMPORTANT DIGITAL AMENITY IN NEW YORK CITY AND GIVING THOUSANDS OF NEW YORKERS FREE INTERNET ACCESS,” SAID DAN BIEDERMAN, PRESIDENT OF THE CHELSEA IMPROVEMENT COMPANY. “EACH DAY ACCESS TO THE INTERNET BECOMES MORE AND MORE IMPORTANT TO FINDING A GOOD JOB OR GETTING A GOOD EDUCATION, AND THIS NEIGHBORHOOD-WIDE WIRELESS NETWORK WILL PROVIDE THAT RESOURCE TO HUNDREDS OF THOUSANDS,” SAID SCHUMER. “THIS CUTTING EDGE WIRELESS NETWORK WILL HELP TO CEMENT NEW YORK’S REPUTATION AS A LEADER IN TECHNOLOGICAL DEVELOPMENT, WILL HELP THE CITY CONTINUE TO ATTRACT BUSINESS AND GROW OUR BOOMING SILICON ALLEY, AND WILL TAKE US ONE STEP CLOSER TO OUR GOAL OF BECOMING THE MOST WELL CONNECTED CITY IN AMERICA.” “NEW YORK IS DETERMINED TO BECOME THE WORLD’S LEADING DIGITAL CITY, AND UNIVERSAL ACCESS TO HIGH-SPEED INTERNET IS ONE THE CORE BUILDING BLOCKS OF THAT VISION,” SAID MAYOR BLOOMBERG. “THANKS TO GOOGLE, FREE WIFI ACROSS THIS PART OF CHELSEA TAKES US ANOTHER STEP CLOSER TO THAT GOAL.” “I APPLAUD THIS IMPORTANT COLLABORATION BETWEEN GOOGLE AND THE CHELSEA IMPROVEMENT COMPANY TO BRING FREE PUBLIC WIFI INTERNET ACCESS TO RESIDENTS, STUDENTS, AND VISITORS OF SOUTHWEST CHELSEA,” SAID CITY COUNCIL SPEAKER CHRISTINE C. QUINN. “THIS PUBLIC-PRIVATE PARTNERSHIP BENEFITS THE LOCAL COMMUNITY WHILE FURTHER CEMENTING GOOGLE’S ROLE AS AN IMPORTANT CONTRIBUTOR TO THE FUTURE DEVELOPMENT OF THE AREA AS A HUB FOR THE CITY’S TECHNOLOGY INDUSTRY. I ALSO WANT TO THANK MAYOR BLOOMBERG AND EVERYONE AT THE NYC DEPARTMENT OF INFORMATION TECHNOLOGY & TELECOMMUNICATIONS FOR WORKING COLLABORATIVELY TO MAKE THIS POSSIBLE.” “CHELSEA WIFI IS A GREAT NEW RESOURCE FOR OUR NEIGHBORHOOD. HUDSON GUILD WILL USE THE NETWORK AS A TEACHING RESOURCE FOR KIDS, AS A TOOL TO CONNECT OLDER ADULTS INSIDE AND OUTSIDE THE SENIOR CENTER AND TO STAY IN TOUCH WITH WORKING PARENTS. THIS FREE INTERNET ACCESS WILL, LITERALLY, HELP CHELSEA STAY CONNECTED,” SAID KEN JOCKERS, EXECUTIVE DIRECTOR OF THE HUDSON GUILD. ABOUT GOOGLE INC. GOOGLE IS A GLOBAL TECHNOLOGY LEADER FOCUSED ON IMPROVING THE WAYS PEOPLE CONNECT WITH INFORMATION. GOOGLE’S INNOVATIONS IN WEB SEARCH AND ADVERTISING HAVE MADE ITS WEBSITE A TOP INTERNET PROPERTY AND ITS BRAND ONE OF THE MOST RECOGNIZED IN THE WORLD. GOOGLE HAS MORE THAN 3000 EMPLOYEES IN ITS CHELSEA HEADQUARTERS AT 111 EIGHTH AVE. FOR MORE INFORMATION, VISIT WWW.GOOGLE.COM/ABOUT.HTML. ABOUT THE CHELSEA IMPROVEMENT COMPANY: THE CHELSEA IMPROVEMENT COMPANY IS A NONPROFIT NEIGHBORHOOD REDEVELOPMENT CORPORATION THAT SEEKS TO IMPROVE THE DAY-TO-DAY LIVES OF THE PEOPLE WHO LIVE, WORK, AND VISIT SOUTHWEST CHELSEA. CIC PROVDES SERVICES THAT SUPPLEMENT THOSE PROVIDED BY CITY GOVERNMENT–LIKE OUR SANITATION AND SECURITY PROGRAMS–AND INVESTING IN THE NEIGHBORHOOD'S STREETSCAPE. THE CHELSEA IMPROVEMENT COMPANY BEGAN OPERATING IN JANUARY 2007 AS A RESPONSE TO THE RAPIDLY CHANGING CONDITIONS IN THE NEIGHBORHOOD: WHAT HAD BEEN A LARGELY INDUSTRIAL AREA WAS FAST BECOMING ONE OF THE CITY'S MOST DESIRABLE NEIGHBORHOODS FOR OFFICES, RETAIL, AND LIVING. ALL OF THE NEW ACTIVITY BROUGHT LOTS MORE PEOPLE ONTO THE STREETS, WHERE THEY ENCOUNTERED UNPLEASANT OR EVEN DANGEROUS CONDITIONS ON SIDEWALKS. AS A RESULT OF THE CHELSEA IMPROVEMENT COMPANY'S EFFORTS, THE STREETS ARE NOW SAFER, BRIGHTER, AND CLEANER, AS WELL AS MORE INVITING FOR PEDESTRIANS AND CARS ALIKE. MORE INFORMATION IS AT: WWW.CHELSEAIMPROVEMENT.COM","SOUTHWEST CHELSEA TO BECOME FIRST WIFI NEIGHBORHOOD IN MANHATTAN. NEW YORK--(BUSINESS WIRE)--GOOGLE AND THE CHELSEA IMPROVEMENT COMPANY HAVE ANNOUNCED THEY HAVE PARTNERED TO PROVIDE FREE PUBLIC WIFI INTERNET ACCESS IN SOUTHWEST CHELSEA, WHICH WILL PROVIDE FREE INTERNET ACCESS TO HUNDREDS OF THOUSANDS OF PEOPLE EACH YEAR. IT WILL BECOME THE FIRST WIRED NEIGHBORHOOD IN MANHATTAN AND THE LARGEST CONTIGUOUS WIFI NETWORK IN NEW YORK CITY. FREE WIFI IS NOW AVAILABLE OUTDOORS, ROUGHLY BETWEEN GANSEVOORT ST. AND 19 ST. FROM 8TH AVE TO THE WEST SIDE HIGHWAY, AS WELL AS THE NEIGHBORHOOD’S PUBLIC SPACES, INCLUDING THE CHELSEA TRIANGLE, 14TH STREET PARK, AND GANSEVOORT PLAZA. THE CHELSEA WIFI NETWORK WAS DESIGNED AND INSTALLED BY SKY-PACKETS. THE MAYOR’S OFFICE AND THE CITY OF NEW YORK’S DEPARTMENT OF INFORMATION TECHNOLOGY AND TELECOMMUNICATIONS WORKED WITH GOOGLE AND CHELSEA IMPROVEMENT COMPANY TO TRANSFORM THE TWO COMPANIES’ ASPIRATIONS INTO A REALITY, ADVISING THEM ON INSTALLATION. “GOOGLE IS PROUD TO PROVIDE FREE WIFI IN THE NEIGHBORHOOD WE HAVE CALLED HOME FOR OVER 6 YEARS. THIS NETWORK WILL NOT ONLY BE A RESOURCE FOR THE 2000+ RESIDENTS OF THE FULTON HOUSES, IT WILL ALSO SERVE THE 5,000+ STUDENT POPULATION OF CHELSEA AS WELL AS THE HUNDREDS OF WORKERS, RETAIL CUSTOMERS AND TOURISTS WHO VISIT OUR NEIGHBORHOOD EVERY DAY,” SAID BEN FRIED, CHIEF INFORMATION OFFICER FOR GOOGLE. THE NETWORK WILL COVER ALL OF THE OUTDOOR AREAS OF THE FULTON HOUSES, A PROPERTY OWNED AND MANAGED BY THE NEW YORK CITY HOUSING AUTHORITY, AS WELL AS SEVERAL OF THE LOCAL PUBLIC SCHOOLS. “WE ARE EXCITED TO PARTNER WITH GOOGLE IN CREATING AN IMPORTANT DIGITAL AMENITY IN NEW YORK CITY AND GIVING THOUSANDS OF NEW YORKERS FREE INTERNET ACCESS,” SAID DAN BIEDERMAN, PRESIDENT OF THE CHELSEA IMPROVEMENT COMPANY. “EACH DAY ACCESS TO THE INTERNET BECOMES MORE AND MORE IMPORTANT TO FINDING A GOOD JOB OR GETTING A GOOD EDUCATION, AND THIS NEIGHBORHOOD-WIDE WIRELESS NETWORK WILL PROVIDE THAT RESOURCE TO HUNDREDS OF THOUSANDS,” SAID SCHUMER. “THIS CUTTING EDGE WIRELESS NETWORK WILL HELP TO CEMENT NEW YORK’S REPUTATION AS A LEADER IN TECHNOLOGICAL DEVELOPMENT, WILL HELP THE CITY CONTINUE TO ATTRACT BUSINESS AND GROW OUR BOOMING SILICON ALLEY, AND WILL TAKE US ONE STEP CLOSER TO OUR GOAL OF BECOMING THE MOST WELL CONNECTED CITY IN AMERICA.” “NEW YORK IS DETERMINED TO BECOME THE WORLD’S LEADING DIGITAL CITY, AND UNIVERSAL ACCESS TO HIGH-SPEED INTERNET IS ONE THE CORE BUILDING BLOCKS OF THAT VISION,” SAID MAYOR BLOOMBERG. “THANKS TO GOOGLE, FREE WIFI ACROSS THIS PART OF CHELSEA TAKES US ANOTHER STEP CLOSER TO THAT GOAL.” “I APPLAUD THIS IMPORTANT COLLABORATION BETWEEN GOOGLE AND THE CHELSEA IMPROVEMENT COMPANY TO BRING FREE PUBLIC WIFI INTERNET ACCESS TO RESIDENTS, STUDENTS, AND VISITORS OF SOUTHWEST CHELSEA,” SAID CITY COUNCIL SPEAKER CHRISTINE C. QUINN. “THIS PUBLIC-PRIVATE PARTNERSHIP BENEFITS THE LOCAL COMMUNITY WHILE FURTHER CEMENTING GOOGLE’S ROLE AS AN IMPORTANT CONTRIBUTOR TO THE FUTURE DEVELOPMENT OF THE AREA AS A HUB FOR THE CITY’S TECHNOLOGY INDUSTRY. I ALSO WANT TO THANK MAYOR BLOOMBERG AND EVERYONE AT THE NYC DEPARTMENT OF INFORMATION TECHNOLOGY & TELECOMMUNICATIONS FOR WORKING COLLABORATIVELY TO MAKE THIS POSSIBLE.” “CHELSEA WIFI IS A GREAT NEW RESOURCE FOR OUR NEIGHBORHOOD. HUDSON GUILD WILL USE THE NETWORK AS A TEACHING RESOURCE FOR KIDS, AS A TOOL TO CONNECT OLDER ADULTS INSIDE AND OUTSIDE THE SENIOR CENTER AND TO STAY IN TOUCH WITH WORKING PARENTS. THIS FREE INTERNET ACCESS WILL, LITERALLY, HELP CHELSEA STAY CONNECTED,” SAID KEN JOCKERS, EXECUTIVE DIRECTOR OF THE HUDSON GUILD. ABOUT GOOGLE INC. GOOGLE IS A GLOBAL TECHNOLOGY LEADER FOCUSED ON IMPROVING THE WAYS PEOPLE CONNECT WITH INFORMATION. GOOGLE’S INNOVATIONS IN WEB SEARCH AND ADVERTISING HAVE MADE ITS WEBSITE A TOP INTERNET PROPERTY AND ITS BRAND ONE OF THE MOST RECOGNIZED IN THE WORLD. GOOGLE HAS MORE THAN 3000 EMPLOYEES IN ITS CHELSEA HEADQUARTERS AT 111 EIGHTH AVE. FOR MORE INFORMATION, VISIT WWW.GOOGLE.COM/ABOUT.HTML. ABOUT THE CHELSEA IMPROVEMENT COMPANY: THE CHELSEA IMPROVEMENT COMPANY IS A NONPROFIT NEIGHBORHOOD REDEVELOPMENT CORPORATION THAT SEEKS TO IMPROVE THE DAY-TO-DAY LIVES OF THE PEOPLE WHO LIVE, WORK, AND VISIT SOUTHWEST CHELSEA. CIC PROVDES SERVICES THAT SUPPLEMENT THOSE PROVIDED BY CITY GOVERNMENT–LIKE OUR SANITATION AND SECURITY PROGRAMS–AND INVESTING IN THE NEIGHBORHOOD'S STREETSCAPE. THE CHELSEA IMPROVEMENT COMPANY BEGAN OPERATING IN JANUARY 2007 AS A RESPONSE TO THE RAPIDLY CHANGING CONDITIONS IN THE NEIGHBORHOOD: WHAT HAD BEEN A LARGELY INDUSTRIAL AREA WAS FAST BECOMING ONE OF THE CITY'S MOST DESIRABLE NEIGHBORHOODS FOR OFFICES, RETAIL, AND LIVING. ALL OF THE NEW ACTIVITY BROUGHT LOTS MORE PEOPLE ONTO THE STREETS, WHERE THEY ENCOUNTERED UNPLEASANT OR EVEN DANGEROUS CONDITIONS ON SIDEWALKS. AS A RESULT OF THE CHELSEA IMPROVEMENT COMPANY'S EFFORTS, THE STREETS ARE NOW SAFER, BRIGHTER, AND CLEANER, AS WELL AS MORE INVITING FOR PEDESTRIANS AND CARS ALIKE. MORE INFORMATION IS AT: WWW.CHELSEAIMPROVEMENT.COM","['southwest chelsea to become first wifi neighborhood in manhattan', 'new york--business wire--google and the chelsea improvement company have announced they have partnered to provide free public wifi internet access in southwest chelsea, which will provide free internet access to hundreds of thousands of people each year', 'it will become the first wired neighborhood in manhattan and the largest contiguous wifi network in new york city', 'free wifi is now available outdoors, roughly between gansevoort st', 'and 19 st', 'from 8th ave to the west side highway, as well as the neighborhoods public spaces, including the chelsea triangle, 14th street park, and gansevoort plaza', 'the chelsea wifi network was designed and installed by sky-packets', 'the mayors office and the city of new yorks department of information technology and telecommunications worked with google and chelsea improvement company to transform the two companies aspirations into a reality, advising them on installation', 'google is proud to provide free wifi in the neighborhood we have called home for over 6 years', 'this network will not only be a resource for the 2000 residents of the fulton houses, it will also serve the 5,000 student population of chelsea as well as the hundreds of workers, retail customers and tourists who visit our neighborhood every day, said ben fried, chief information officer for google', 'the network will cover all of the outdoor areas of the fulton houses, a property owned and managed by the new york city housing authority, as well as several of the local public schools', 'we are excited to partner with google in creating an important digital amenity in new york city and giving thousands of new yorkers free internet access, said dan biederman, president of the chelsea improvement company', 'each day access to the internet becomes more and more important to finding a good job or getting a good education, and this neighborhood-wide wireless network will provide that resource to hundreds of thousands, said schumer', 'this cutting edge wireless network will help to cement new yorks reputation as a leader in technological development, will help the city continue to attract business and grow our booming silicon alley, and will take us one step closer to our goal of becoming the most well connected city in america', 'new york is determined to become the worlds leading digital city, and universal access to high-speed internet is one the core building blocks of that vision, said mayor bloomberg', 'thanks to google, free wifi across this part of chelsea takes us another step closer to that goal', 'i applaud this important collaboration between google and the chelsea improvement company to bring free public wifi internet access to residents, students, and visitors of southwest chelsea, said city council speaker christine c', 'quinn', 'this public-private partnership benefits the local community while further cementing googles role as an important contributor to the future development of the area as a hub for the citys technology industry', 'i also want to thank mayor bloomberg and everyone at the nyc department of information technology telecommunications for working collaboratively to make this possible', 'chelsea wifi is a great new resource for our neighborhood', 'hudson guild will use the network as a teaching resource for kids, as a tool to connect older adults inside and outside the senior center and to stay in touch with working parents', 'this free internet access will, literally, help chelsea stay connected, said ken jockers, executive director of the hudson guild', 'about google inc', 'google is a global technology leader focused on improving the ways people connect with information', 'googles innovations in web search and advertising have made its website a top internet property and its brand one of the most recognized in the world', 'google has more than 3000 employees in its chelsea headquarters at 111 eighth ave', 'for more information, visit about the chelsea improvement company the chelsea improvement company is a nonprofit neighborhood redevelopment corporation that seeks to improve the day-to-day lives of the people who live, work, and visit southwest chelsea', ""cic provdes services that supplement those provided by city governmentlike our sanitation and security programsand investing in the neighborhood's streetscape"", ""the chelsea improvement company began operating in january 2007 as a response to the rapidly changing conditions in the neighborhood what had been a largely industrial area was fast becoming one of the city's most desirable neighborhoods for offices, retail, and living"", 'all of the new activity brought lots more people onto the streets, where they encountered unpleasant or even dangerous conditions on sidewalks', ""as a result of the chelsea improvement company's efforts, the streets are now safer, brighter, and cleaner, as well as more inviting for pedestrians and cars alike"", 'more information is at']",weakly_positive,0.3996757575757576,weakly_positive,weakly_positive
02-01-2013,"GOOGLE ANNOUNCES DATE OF FOURTH QUARTER 2012 FINANCIAL RESULTS 
      CONFERENCE CALL","MOUNTAIN VIEW, CALIF.--(BUSINESS WIRE)--GOOGLE INC. (NASDAQ: GOOG) WILL HOLD ITS QUARTERLY CONFERENCE CALL TO DISCUSS FOURTH QUARTER 2012 FINANCIAL RESULTS ON TUESDAY, JANUARY 22ND AT 1:30 P.M. PACIFIC TIME (4:30 P.M. EASTERN TIME). THE LIVE WEBCAST OF GOOGLE’S EARNINGS CONFERENCE CALL CAN BE ACCESSED AT INVESTOR.GOOGLE.COM/WEBCAST.HTML. A REPLAY OF THE WEBCAST WILL BE AVAILABLE THROUGH THE SAME LINK FOLLOWING THE CONFERENCE CALL. PLEASE VISIT GOOGLE’S INVESTOR RELATIONS WEBSITE AT INVESTOR.GOOGLE.COM ON JANUARY 22ND, 2013 TO VIEW THE EARNINGS RELEASE PRIOR TO THE CONFERENCE CALL. ABOUT GOOGLE INC. GOOGLE IS A GLOBAL TECHNOLOGY LEADER FOCUSED ON IMPROVING THE WAYS PEOPLE CONNECT WITH INFORMATION. GOOGLE’S INNOVATIONS IN WEB SEARCH AND ADVERTISING HAVE MADE ITS WEBSITE A TOP INTERNET PROPERTY AND ITS BRAND ONE OF THE MOST RECOGNIZED IN THE WORLD.","GOOGLE ANNOUNCES DATE OF FOURTH QUARTER 2012 FINANCIAL RESULTS 
      CONFERENCE CALL. MOUNTAIN VIEW, CALIF.--(BUSINESS WIRE)--GOOGLE INC. (NASDAQ: GOOG) WILL HOLD ITS QUARTERLY CONFERENCE CALL TO DISCUSS FOURTH QUARTER 2012 FINANCIAL RESULTS ON TUESDAY, JANUARY 22ND AT 1:30 P.M. PACIFIC TIME (4:30 P.M. EASTERN TIME). THE LIVE WEBCAST OF GOOGLE’S EARNINGS CONFERENCE CALL CAN BE ACCESSED AT INVESTOR.GOOGLE.COM/WEBCAST.HTML. A REPLAY OF THE WEBCAST WILL BE AVAILABLE THROUGH THE SAME LINK FOLLOWING THE CONFERENCE CALL. PLEASE VISIT GOOGLE’S INVESTOR RELATIONS WEBSITE AT INVESTOR.GOOGLE.COM ON JANUARY 22ND, 2013 TO VIEW THE EARNINGS RELEASE PRIOR TO THE CONFERENCE CALL. ABOUT GOOGLE INC. GOOGLE IS A GLOBAL TECHNOLOGY LEADER FOCUSED ON IMPROVING THE WAYS PEOPLE CONNECT WITH INFORMATION. GOOGLE’S INNOVATIONS IN WEB SEARCH AND ADVERTISING HAVE MADE ITS WEBSITE A TOP INTERNET PROPERTY AND ITS BRAND ONE OF THE MOST RECOGNIZED IN THE WORLD.","['google announces date of fourth quarter 2012 financial results conference call', 'mountain view, calif.--business wire--google inc', 'nasdaq goog will hold its quarterly conference call to discuss fourth quarter 2012 financial results on tuesday, january 22nd at 130 p.m', 'pacific time 430 p.m', 'eastern time', 'the live webcast of googles earnings conference call can be accessed at investor.google.comwebcast.html', 'a replay of the webcast will be available through the same link following the conference call', 'please visit googles investor relations website at investor.google.com on january 22nd, 2013 to view the earnings release prior to the conference call', 'about google inc', 'google is a global technology leader focused on improving the ways people connect with information', 'googles innovations in web search and advertising have made its website a top internet property and its brand one of the most recognized in the world.']",weakly_positive,0.107290909090909,weakly_positive,weakly_positive
30-10-2012,GOOGLE TO PRESENT AT THE PIPER JAFFRAY TMT CONFERENCE,"MOUNTAIN VIEW, CALIF.--(BUSINESS WIRE)--GOOGLE INC. (NASDAQ:GOOG) ANNOUNCED TODAY THAT ANDY RUBIN, SVP OF MOBILE AND DIGITAL CONTENT, AND PATRICK PICHETTE, SVP AND CFO, WILL PARTICIPATE IN A QUESTION-AND-ANSWER SESSION AT THE PIPER JAFFRAY TMT CONFERENCE IN NEW YORK CITY. THE SESSION IS SCHEDULED FOR 3:00 P.M. EASTERN TIME / 12:00 P.M. PACIFIC TIME ON WEDNESDAY, NOVEMBER 7, 2012. TO ACCESS THE LIVE AUDIO WEBCAST OF THE SESSION, PLEASE VISIT HTTP://INVESTOR.GOOGLE.COM/WEBCAST.HTML. ABOUT GOOGLE INC. GOOGLE IS A GLOBAL TECHNOLOGY LEADER FOCUSED ON IMPROVING THE WAYS PEOPLE CONNECT WITH INFORMATION. GOOGLE’S INNOVATIONS IN WEB SEARCH AND ADVERTISING HAVE MADE ITS WEBSITE A TOP INTERNET PROPERTY AND ITS BRAND ONE OF THE MOST RECOGNIZED IN THE WORLD. GOOGLE IS A TRADEMARK OF GOOGLE INC. ALL OTHER COMPANY AND PRODUCT NAMES MAY BE TRADEMARKS OF THE RESPECTIVE COMPANIES WITH WHICH THEY ARE ASSOCIATED.","GOOGLE TO PRESENT AT THE PIPER JAFFRAY TMT CONFERENCE. MOUNTAIN VIEW, CALIF.--(BUSINESS WIRE)--GOOGLE INC. (NASDAQ:GOOG) ANNOUNCED TODAY THAT ANDY RUBIN, SVP OF MOBILE AND DIGITAL CONTENT, AND PATRICK PICHETTE, SVP AND CFO, WILL PARTICIPATE IN A QUESTION-AND-ANSWER SESSION AT THE PIPER JAFFRAY TMT CONFERENCE IN NEW YORK CITY. THE SESSION IS SCHEDULED FOR 3:00 P.M. EASTERN TIME / 12:00 P.M. PACIFIC TIME ON WEDNESDAY, NOVEMBER 7, 2012. TO ACCESS THE LIVE AUDIO WEBCAST OF THE SESSION, PLEASE VISIT HTTP://INVESTOR.GOOGLE.COM/WEBCAST.HTML. ABOUT GOOGLE INC. GOOGLE IS A GLOBAL TECHNOLOGY LEADER FOCUSED ON IMPROVING THE WAYS PEOPLE CONNECT WITH INFORMATION. GOOGLE’S INNOVATIONS IN WEB SEARCH AND ADVERTISING HAVE MADE ITS WEBSITE A TOP INTERNET PROPERTY AND ITS BRAND ONE OF THE MOST RECOGNIZED IN THE WORLD. GOOGLE IS A TRADEMARK OF GOOGLE INC. ALL OTHER COMPANY AND PRODUCT NAMES MAY BE TRADEMARKS OF THE RESPECTIVE COMPANIES WITH WHICH THEY ARE ASSOCIATED.","['google to present at the piper jaffray tmt conference', 'mountain view, calif.--business wire--google inc', 'nasdaqgoog announced today that andy rubin, svp of mobile and digital content, and patrick pichette, svp and cfo, will participate in a question-and-answer session at the piper jaffray tmt conference in new york city', 'the session is scheduled for 300 p.m', 'eastern time 1200 p.m', 'pacific time on wednesday, november 7, 2012', 'to access the live audio webcast of the session, please visit about google inc', 'google is a global technology leader focused on improving the ways people connect with information', 'googles innovations in web search and advertising have made its website a top internet property and its brand one of the most recognized in the world', 'google is a trademark of google inc', 'all other company and product names may be trademarks of the respective companies with which they are associated.']",weakly_positive,0.1456090909090909,weakly_positive,weakly_positive
04-10-2012,"GOOGLE ANNOUNCES DATE OF THIRD QUARTER 2012 FINANCIAL RESULTS 
      CONFERENCE CALL","MOUNTAIN VIEW, CALIF.--(BUSINESS WIRE)--GOOGLE INC. (NASDAQ: GOOG) WILL HOLD ITS QUARTERLY CONFERENCE CALL TO DISCUSS THIRD QUARTER 2012 FINANCIAL RESULTS ON THURSDAY, OCTOBER 18TH AT 1:30 P.M. PACIFIC TIME (4:30 P.M. EASTERN TIME). THE LIVE WEBCAST OF GOOGLE’S EARNINGS CONFERENCE CALL CAN BE ACCESSED AT INVESTOR.GOOGLE.COM/WEBCAST.HTML. A REPLAY OF THE WEBCAST WILL BE AVAILABLE THROUGH THE SAME LINK FOLLOWING THE CONFERENCE CALL. PLEASE VISIT GOOGLE’S INVESTOR RELATIONS WEBSITE AT INVESTOR.GOOGLE.COM ON OCTOBER 18TH, 2012 TO VIEW THE EARNINGS RELEASE PRIOR TO THE CONFERENCE CALL. ABOUT GOOGLE INC. GOOGLE IS A GLOBAL TECHNOLOGY LEADER FOCUSED ON IMPROVING THE WAYS PEOPLE CONNECT WITH INFORMATION. GOOGLE’S INNOVATIONS IN WEB SEARCH AND ADVERTISING HAVE MADE ITS WEBSITE A TOP INTERNET PROPERTY AND ITS BRAND ONE OF THE MOST RECOGNIZED IN THE WORLD.","GOOGLE ANNOUNCES DATE OF THIRD QUARTER 2012 FINANCIAL RESULTS 
      CONFERENCE CALL. MOUNTAIN VIEW, CALIF.--(BUSINESS WIRE)--GOOGLE INC. (NASDAQ: GOOG) WILL HOLD ITS QUARTERLY CONFERENCE CALL TO DISCUSS THIRD QUARTER 2012 FINANCIAL RESULTS ON THURSDAY, OCTOBER 18TH AT 1:30 P.M. PACIFIC TIME (4:30 P.M. EASTERN TIME). THE LIVE WEBCAST OF GOOGLE’S EARNINGS CONFERENCE CALL CAN BE ACCESSED AT INVESTOR.GOOGLE.COM/WEBCAST.HTML. A REPLAY OF THE WEBCAST WILL BE AVAILABLE THROUGH THE SAME LINK FOLLOWING THE CONFERENCE CALL. PLEASE VISIT GOOGLE’S INVESTOR RELATIONS WEBSITE AT INVESTOR.GOOGLE.COM ON OCTOBER 18TH, 2012 TO VIEW THE EARNINGS RELEASE PRIOR TO THE CONFERENCE CALL. ABOUT GOOGLE INC. GOOGLE IS A GLOBAL TECHNOLOGY LEADER FOCUSED ON IMPROVING THE WAYS PEOPLE CONNECT WITH INFORMATION. GOOGLE’S INNOVATIONS IN WEB SEARCH AND ADVERTISING HAVE MADE ITS WEBSITE A TOP INTERNET PROPERTY AND ITS BRAND ONE OF THE MOST RECOGNIZED IN THE WORLD.","['google announces date of third quarter 2012 financial results conference call', 'mountain view, calif.--business wire--google inc', 'nasdaq goog will hold its quarterly conference call to discuss third quarter 2012 financial results on thursday, october 18th at 130 p.m', 'pacific time 430 p.m', 'eastern time', 'the live webcast of googles earnings conference call can be accessed at investor.google.comwebcast.html', 'a replay of the webcast will be available through the same link following the conference call', 'please visit googles investor relations website at investor.google.com on october 18th, 2012 to view the earnings release prior to the conference call', 'about google inc', 'google is a global technology leader focused on improving the ways people connect with information', 'googles innovations in web search and advertising have made its website a top internet property and its brand one of the most recognized in the world.']",weakly_positive,0.107290909090909,weakly_positive,weakly_positive
27-08-2012,GOOGLE TO PRESENT AT THE CITI TECHNOLOGY CONFERENCE,"MOUNTAIN VIEW, CALIF.--(BUSINESS WIRE)--GOOGLE INC. (NASDAQ:GOOG) ANNOUNCED TODAY THAT NIKESH ARORA, SENIOR VICE PRESIDENT AND CHIEF BUSINESS OFFICER, WILL PARTICIPATE IN A QUESTION-AND-ANSWER SESSION AT THE CITI TECHNOLOGY CONFERENCE IN NEW YORK CITY. THE SESSION IS SCHEDULED FOR 1:15 P.M. EASTERN TIME / 10:15 A.M. PACIFIC TIME ON THURSDAY, SEPTEMBER 6, 2012. TO ACCESS THE LIVE AUDIO WEBCAST OF THE SESSION, PLEASE VISIT HTTP://INVESTOR.GOOGLE.COM/WEBCAST.HTML. ABOUT GOOGLE INC. GOOGLE IS A GLOBAL TECHNOLOGY LEADER FOCUSED ON IMPROVING THE WAYS PEOPLE CONNECT WITH INFORMATION. GOOGLE’S INNOVATIONS IN WEB SEARCH AND ADVERTISING HAVE MADE ITS WEBSITE A TOP INTERNET PROPERTY AND ITS BRAND ONE OF THE MOST RECOGNIZED IN THE WORLD. GOOGLE IS A TRADEMARK OF GOOGLE INC. ALL OTHER COMPANY AND PRODUCT NAMES MAY BE TRADEMARKS OF THE RESPECTIVE COMPANIES WITH WHICH THEY ARE ASSOCIATED.","GOOGLE TO PRESENT AT THE CITI TECHNOLOGY CONFERENCE. MOUNTAIN VIEW, CALIF.--(BUSINESS WIRE)--GOOGLE INC. (NASDAQ:GOOG) ANNOUNCED TODAY THAT NIKESH ARORA, SENIOR VICE PRESIDENT AND CHIEF BUSINESS OFFICER, WILL PARTICIPATE IN A QUESTION-AND-ANSWER SESSION AT THE CITI TECHNOLOGY CONFERENCE IN NEW YORK CITY. THE SESSION IS SCHEDULED FOR 1:15 P.M. EASTERN TIME / 10:15 A.M. PACIFIC TIME ON THURSDAY, SEPTEMBER 6, 2012. TO ACCESS THE LIVE AUDIO WEBCAST OF THE SESSION, PLEASE VISIT HTTP://INVESTOR.GOOGLE.COM/WEBCAST.HTML. ABOUT GOOGLE INC. GOOGLE IS A GLOBAL TECHNOLOGY LEADER FOCUSED ON IMPROVING THE WAYS PEOPLE CONNECT WITH INFORMATION. GOOGLE’S INNOVATIONS IN WEB SEARCH AND ADVERTISING HAVE MADE ITS WEBSITE A TOP INTERNET PROPERTY AND ITS BRAND ONE OF THE MOST RECOGNIZED IN THE WORLD. GOOGLE IS A TRADEMARK OF GOOGLE INC. ALL OTHER COMPANY AND PRODUCT NAMES MAY BE TRADEMARKS OF THE RESPECTIVE COMPANIES WITH WHICH THEY ARE ASSOCIATED.","['google to present at the citi technology conference', 'mountain view, calif.--business wire--google inc', 'nasdaqgoog announced today that nikesh arora, senior vice president and chief business officer, will participate in a question-and-answer session at the citi technology conference in new york city', 'the session is scheduled for 115 p.m', 'eastern time 1015 a.m', 'pacific time on thursday, september 6, 2012', 'to access the live audio webcast of the session, please visit about google inc', 'google is a global technology leader focused on improving the ways people connect with information', 'googles innovations in web search and advertising have made its website a top internet property and its brand one of the most recognized in the world', 'google is a trademark of google inc', 'all other company and product names may be trademarks of the respective companies with which they are associated.']",weakly_positive,0.1456090909090909,weakly_positive,weakly_positive
07-08-2012,"IVANPAH SOLAR PROJECT REACHES HALFWAY MARK AND PEAK OF CONSTRUCTION 
      EMPLOYMENT","IVANPAH, CALIF.--(BUSINESS WIRE)--NRG ENERGY, GOOGLE, BRIGHTSOURCE ENERGY AND CONSTRUCTION PARTNER BECHTEL ANNOUNCED THAT THE IVANPAH SOLAR ELECTRIC GENERATING SYSTEM (IVANPAH SEGS) HAS REACHED THE HALFWAY MARK OF CONSTRUCTION ON THE WORLD’S LARGEST SOLAR THERMAL PROJECT. IVANPAH HAS ALSO REACHED ITS PEAK CONSTRUCTION WORKFORCE, WITH MORE THAN 2,100 CONSTRUCTION WORKERS AND PROJECT SUPPORT STAFF ON-SITE. THE $2.2 BILLION PROJECT IS ON-TRACK TO BE COMPLETE IN 2013. “LARGE-SCALE SOLAR PROJECTS LIKE IVANPAH CREATE THOUSANDS OF CONSTRUCTION JOBS AND PROVIDE CLEAN, RENEWABLE POWER TO HELP MEET STATE RENEWABLE ENERGY GOALS,” SAID TOM DOYLE, CEO OF NRG SOLAR. “WE BELIEVE THAT ENCOURAGING PUBLIC AND PRIVATE INVESTMENT IN OUR DOMESTIC CLEAN ENERGY INDUSTRY THROUGH SUCCESSFUL PROJECTS LIKE IVANPAH ULTIMATELY WILL PAY DIVIDENDS BY HELPING TO SECURE OUR COUNTRY’S ECONOMIC FUTURE.” “IVANPAH IS AN ICONIC INFRASTRUCTURE PROJECT THAT WILL SET THE COURSE FOR THE FUTURE OF RENEWABLE ENERGY IN THE US AND AROUND THE WORLD,” SAID JOHN WOOLARD, PRESIDENT & CEO, BRIGHTSOURCE ENERGY. “WE ARE TREMENDOUSLY PROUD OF THE SIGNIFICANT ACCOMPLISHMENTS BEING MADE TOWARDS IVANPAH’S COMPLETION, AND LOOK FORWARD TO POWERING CALIFORNIA’S HOMES AND BUSINESSES WITH CLEAN AND RELIABLE ELECTRICITY IN THE COMING YEAR.” “IVANPAH WILL BE THE LARGEST PROJECT IN THE WORLD TO USE THIS POTENTIALLY TRANSFORMATIVE SOLAR TECHNOLOGY,” SAID RICK NEEDHAM, DIRECTOR OF ENERGY & SUSTAINABILITY FOR GOOGLE. “WE HOPE THAT OUR SUPPORT SPURS FURTHER INVESTMENT TO DEPLOY INNOVATIVE, SCALABLE RENEWABLE ENERGY SOLUTIONS AROUND THE WORLD.” ABOUT THE IVANPAH PROJECT THE 370 (NET) MEGAWATT IVANPAH SOLAR POWER FACILITY IS LOCATED ON APPROXIMATELY 3,500 ACRES OF FEDERAL LAND IN CALIFORNIA’S MOJAVE DESERT MANAGED BY THE U.S. DEPARTMENT OF THE INTERIOR‘S BUREAU OF LAND MANAGEMENT (BLM). THE THREE INDIVIDUAL POWER PLANTS AT IVANPAH WILL FEATURE BRIGHTSOURCE ENERGY’S SOLAR THERMAL POWER TOWER TECHNOLOGY TO PRODUCE CLEAN, RENEWABLE ENERGY FROM THE SUN. WHEN COMPLETED IN 2013, THE FACILITY WILL NEARLY DOUBLE THE AMOUNT OF SOLAR THERMAL ELECTRICITY PRODUCED IN THE US. POWER GENERATED FROM THE PLANTS WILL BE SOLD UNDER SEPARATE CONTRACTS WITH PACIFIC GAS AND ELECTRIC (PG&E) AND SOUTHERN CALIFORNIA EDISON (SCE). THE FIRST UNIT WILL BEGIN SUPPLYING POWER TO PG&E IN MID 2013, WITH UNITS TWO AND THREE DELIVERING POWER TO SOUTHERN CALIFORNIA AND PG&E RESPECTIVELY BY LATE OF 2013. IN TOTAL, THE PROJECT WILL POWER MORE THAN 140,000 HOMES AND BUSINESSES IN CALIFORNIA. IVANPAH WILL HELP ITS CUSTOMERS PG&E AND SCE MEET THE STATE OF CALIFORNIA’S RENEWABLE PORTFOLIO STANDARD (RPS) REQUIREMENTS, LEGISLATION REQUIRING EACH INVESTOR-OWNED UTILITY TO PROCURE 33 PERCENT OF ITS ENERGY PORTFOLIO FROM RENEWABLE RESOURCES BY 2020. TECHNOLOGY PROVIDED BY BRIGHTSOURCE ENERGY IVANPAH WILL EMPLOY BRIGHTSOURCE’S POWER TOWER SOLAR THERMAL TECHNOLOGY, WHICH GENERATES POWER THE SAME WAY AS TRADITIONAL POWER PLANTS – BY CREATING HIGH TEMPERATURE STEAM TO TURN A TURBINE. HOWEVER, INSTEAD OF USING FOSSIL FUELS OR NUCLEAR POWER TO CREATE THE STEAM, BRIGHTSOURCE USES THE SUN’S ENERGY. BRIGHTSOURCE’S SYSTEM USES A STATE-OF-THE-ART FIELD OF SOFTWARE-CONTROLLED MIRRORS, CALLED HELIOSTATS, TO REFLECT THE SUN’S ENERGY TO A BOILER ATOP A TOWER TO PRODUCE THE HIGH TEMPERATURE AND HIGH-PRESSURE STEAM. THE STEAM CAN THEN BE INTEGRATED WITH CONVENTIONAL POWER PLANT COMPONENTS TO PRODUCE PREDICTABLE, RELIABLE AND COST-COMPETITIVE CLEAN ENERGY. CREATING JOBS LOCALLY AND NATIONALLY THE $2.2 BILLION PROJECT IS AN INVESTMENT INTO AMERICA’S FUTURE WITH SUBSTANTIAL INDIRECT ECONOMIC BENEFITS LOCALLY AND ACROSS THE NATION. TO DATE, THE PROJECT’S ENGINEERING AND CONSTRUCTION CONTRACTOR BECHTEL HAS RETAINED OVER 2,000 CONSTRUCTION WORKERS TO BUILD THE PLANT, IN ADDITION TO THE MORE THAN 100 ENGINEERING AND SUPPORT STAFF ON SITE. BECHTEL SIGNED A PROJECT LABOR AGREEMENT WITH THE STATE BUILDING AND CONSTRUCTION TRADES COUNCIL OF CALIFORNIA (SBCTC) AND THE BUILDING & CONSTRUCTION TRADES COUNCIL OF SAN BERNARDINO AND RIVERSIDE COUNTIES TO ENSURE THAT CALIFORNIA‘S LOCAL WORKFORCE BENEFITS FROM THE PROJECT. THE PROJECT REQUIRES THE WORK OF SKILLED CRAFT WORKERS AND ENGINEERS FROM A WIDE VARIETY OF TRADES AND DISCIPLINES, INCLUDING PIPEFITTERS, MILLWRIGHTS, CARPENTERS, ELECTRICIANS, LABORERS AND CIVIL ENGINEERS. THE PROJECT WILL PROVIDE $400 MILLION IN LOCAL AND STATE TAX REVENUES, AND PRODUCE $650 MILLION IN WAGES, OVER ITS FIRST 30-YEAR LIFE. THE MAJORITY OF THE PROJECT’S SUPPLY CHAIN IS BEING SOURCED DOMESTICALLY ACROSS 17 U.S. STATES, DRIVING INVESTMENTS THROUGHOUT THE COUNTRY AND CREATING ADDITIONAL JOBS IN OTHER AREAS THAT HAVE BEEN ADVERSELY AFFECTED BY THE ECONOMIC DOWNTURN. CONSTRUCTION PROGRESS AT IVANPAH “THE SCALE AND COMPLEXITY OF THE IVANPAH PROJECT PRESENTED FIRST-OF-A-KIND CONSTRUCTION CHALLENGES THAT REQUIRED INNOVATIVE THINKING AND EXECUTION AT EVERY LEVEL,” SAID JIM IVANY, PRESIDENT OF BECHTEL’S RENEWABLE POWER BUSINESS. “WE CREATED LEAN APPROACHES TO MULTIPLE PHASES OF THE PROJECT, INCLUDING HELIOSTAT ASSEMBLY INSTALLATION AND CONSTRUCTION OF THE PROJECT’S STEEL TOWERS, EACH TOPPED WITH 2,200-TON SOLAR RECEIVER STEAM GENERATORS. THE PROCESSES WE DEVELOPED ENABLED THE TEAM TO SUCCESSFULLY ADVANCE THE PROJECT TO SUPPORT ELECTRICITY GENERATION IN 2013.” THE THREE-UNIT IVANPAH SEGS COMMENCED CONSTRUCTION IN OCTOBER 2010 AND IS HALFWAY COMPLETE. IN THE POWER BLOCK AREA, HOME TO THE MAJOR POWER PLANT EQUIPMENT, WORKERS HAVE ERECTED THREE STEEL TOWER STRUCTURES TO SUPPORT THE BOILERS WHICH EXTEND TO A HEIGHT OF 459 FEET, WELDING INTERCONNECTING PIPE INSIDE THE BOILER AND INSTALLING POWER PLANT EQUIPMENT. IN THE SOLAR FIELD, WORKERS ARE INSTALLING THE PROJECT’S 173,000 PYLONS AND HELIOSTATS, WHICH ARE ASSEMBLED ON-SITE AT A RATE OF 500 EACH DAY. TO DATE, WORKERS HAVE INSTALLED MORE THAN 100,000 STEEL PYLONS AND NEARLY 50,000 HELIOSTATS. FOR MORE DETAILS ON CONSTRUCTION PROGRESS, PLEASE SEE OUR BI-MONTHLY UPDATE FROM IVANPAH. NET BENEFIT TO TAXPAYERS FINANCING OF THIS PROJECT WAS FACILITATED BY THE DEPARTMENT OF ENERGY’S 1703 LOAN GUARANTEE PROGRAM. THE PROJECT'S POWER PURCHASE AGREEMENT, AS WELL AS ITS AGGRESSIVE MANAGEMENT OF COST AND SCHEDULE, ASSURE THAT THE LOAN WILL BE PAID BACK, WITH INTEREST, TO THE BENEFIT OF TAXPAYERS. AN ENVIRONMENTALLY RESPONSIBLE PROJECT THE IVANPAH PROJECT WILL REDUCE CARBON DIOXIDE (CO2) EMISSIONS BY MORE THAN 400,000 TONS ANNUALLY, WHICH IS THE EQUIVALENT OF TAKING MORE THAN 70,000 CARS OFF THE ROAD. BRIGHTSOURCE’S SYSTEM IS ALSO DESIGNED TO MINIMIZE IMPACTS ON THE NATURAL ENVIRONMENT. IN ADDITION TO BEING ONE OF THE MOST LAND-EFFICIENT RENEWABLE ENERGY TECHNOLOGIES, BRIGHTSOURCE’S LOW IMPACT HELIOSTAT LAYOUT IS FLEXIBLE, ALLOWING THE SOLAR FIELD TO BE BUILT AROUND THE NATURAL CONTOURS OF THE LAND AND AVOID AREAS OF SENSITIVE VEGETATION. AND IN ORDER TO CONSERVE SCARCE WATER RESOURCES, THE TECHNOLOGY EMPLOYS AN AIR-COOLING SYSTEM TO CONVERT THE STEAM BACK INTO WATER IN A CLOSED-LOOP CYCLE. BY USING AN AIR-COOLED CONDENSER, BRIGHTSOURCE’S TECHNOLOGY USES MORE THAN 90 PERCENT LESS WATER THAN OLDER TECHNOLOGY PARABOLIC TROUGH PLANTS WITH WET COOLING. ABOUT BRIGHTSOURCE ENERGY, INC. BRIGHTSOURCE ENERGY, INC. IS A LEADER IN THE DESIGN AND DEVELOPMENT OF CONCENTRATING SOLAR THERMAL TECHNOLOGY USED TO PRODUCE HIGH-VALUE ELECTRICITY AND STEAM FOR POWER, PETROLEUM AND PROCESS MARKETS. TO LEARN MORE ABOUT BRIGHTSOURCE ENERGY AND CONCENTRATING SOLAR THERMAL ENERGY, VISIT WWW.BRIGHTSOURCEENERGY.COM. ABOUT NRG NRG (NYSE: NRG) IS AT THE FOREFRONT OF CHANGING HOW PEOPLE THINK ABOUT AND USE ENERGY. A FORTUNE 500 COMPANY, NRG IS A PIONEER IN DEVELOPING CLEANER AND SMARTER ENERGY CHOICES FOR OUR CUSTOMERS: WHETHER AS ONE OF THE LARGEST SOLAR POWER DEVELOPERS IN THE COUNTRY, OR BY BUILDING THE FIRST PRIVATELY FUNDED ELECTRIC VEHICLE CHARGING INFRASTRUCTURE OR BY GIVING CUSTOMERS THE LATEST SMART ENERGY SOLUTIONS TO BETTER MANAGE THEIR ENERGY USE. OUR DIVERSE POWER GENERATING FACILITIES CAN SUPPORT MORE THAN 20 MILLION HOMES AND OUR RETAIL ELECTRICITY PROVIDERS – RELIANT, GREEN MOUNTAIN ENERGY COMPANY AND ENERGY PLUS – SERVE MORE THAN TWO MILLION CUSTOMERS. MORE INFORMATION IS AVAILABLE AT WWW.NRGENERGY.COM. ABOUT GOOGLE INC. GOOGLE (NASDAQ: GOOG) IS A GLOBAL TECHNOLOGY LEADER FOCUSED ON IMPROVING THE WAYS PEOPLE CONNECT WITH INFORMATION. GOOGLE’S INNOVATIONS IN WEB SEARCH AND ADVERTISING HAVE MADE ITS WEBSITE A TOP INTERNET PROPERTY AND ITS BRAND ONE OF THE MOST RECOGNIZED IN THE WORLD. FOR MORE INFORMATION, VISIT WWW.GOOGLE.COM/ABOUT.HTML. ABOUT BECHTEL: BECHTEL IS AMONG THE MOST RESPECTED ENGINEERING, PROJECT MANAGEMENT, AND CONSTRUCTION COMPANIES IN THE WORLD. WE STAND APART FOR OUR ABILITY TO GET THE JOB DONE RIGHT—NO MATTER HOW BIG, HOW COMPLEX OR HOW REMOTE. BECHTEL OPERATES THROUGH FIVE GLOBAL BUSINESS UNITS THAT SPECIALIZE IN CIVIL INFRASTRUCTURE; POWER GENERATION, COMMUNICATIONS AND TRANSMISSION; MINING AND METALS; OIL, GAS AND CHEMICALS; AND GOVERNMENT SERVICES. SINCE ITS FOUNDING IN 1898, BECHTEL HAS WORKED ON MORE THAN 22,000 PROJECTS IN 140 COUNTRIES ON ALL SEVEN CONTINENTS. TODAY, OUR 53,000 EMPLOYEES TEAM WITH CUSTOMERS, PARTNERS, AND SUPPLIERS ON DIVERSE PROJECTS IN NEARLY 50 COUNTRIES. WWW.BECHTEL.COM.","IVANPAH SOLAR PROJECT REACHES HALFWAY MARK AND PEAK OF CONSTRUCTION 
      EMPLOYMENT. IVANPAH, CALIF.--(BUSINESS WIRE)--NRG ENERGY, GOOGLE, BRIGHTSOURCE ENERGY AND CONSTRUCTION PARTNER BECHTEL ANNOUNCED THAT THE IVANPAH SOLAR ELECTRIC GENERATING SYSTEM (IVANPAH SEGS) HAS REACHED THE HALFWAY MARK OF CONSTRUCTION ON THE WORLD’S LARGEST SOLAR THERMAL PROJECT. IVANPAH HAS ALSO REACHED ITS PEAK CONSTRUCTION WORKFORCE, WITH MORE THAN 2,100 CONSTRUCTION WORKERS AND PROJECT SUPPORT STAFF ON-SITE. THE $2.2 BILLION PROJECT IS ON-TRACK TO BE COMPLETE IN 2013. “LARGE-SCALE SOLAR PROJECTS LIKE IVANPAH CREATE THOUSANDS OF CONSTRUCTION JOBS AND PROVIDE CLEAN, RENEWABLE POWER TO HELP MEET STATE RENEWABLE ENERGY GOALS,” SAID TOM DOYLE, CEO OF NRG SOLAR. “WE BELIEVE THAT ENCOURAGING PUBLIC AND PRIVATE INVESTMENT IN OUR DOMESTIC CLEAN ENERGY INDUSTRY THROUGH SUCCESSFUL PROJECTS LIKE IVANPAH ULTIMATELY WILL PAY DIVIDENDS BY HELPING TO SECURE OUR COUNTRY’S ECONOMIC FUTURE.” “IVANPAH IS AN ICONIC INFRASTRUCTURE PROJECT THAT WILL SET THE COURSE FOR THE FUTURE OF RENEWABLE ENERGY IN THE US AND AROUND THE WORLD,” SAID JOHN WOOLARD, PRESIDENT & CEO, BRIGHTSOURCE ENERGY. “WE ARE TREMENDOUSLY PROUD OF THE SIGNIFICANT ACCOMPLISHMENTS BEING MADE TOWARDS IVANPAH’S COMPLETION, AND LOOK FORWARD TO POWERING CALIFORNIA’S HOMES AND BUSINESSES WITH CLEAN AND RELIABLE ELECTRICITY IN THE COMING YEAR.” “IVANPAH WILL BE THE LARGEST PROJECT IN THE WORLD TO USE THIS POTENTIALLY TRANSFORMATIVE SOLAR TECHNOLOGY,” SAID RICK NEEDHAM, DIRECTOR OF ENERGY & SUSTAINABILITY FOR GOOGLE. “WE HOPE THAT OUR SUPPORT SPURS FURTHER INVESTMENT TO DEPLOY INNOVATIVE, SCALABLE RENEWABLE ENERGY SOLUTIONS AROUND THE WORLD.” ABOUT THE IVANPAH PROJECT THE 370 (NET) MEGAWATT IVANPAH SOLAR POWER FACILITY IS LOCATED ON APPROXIMATELY 3,500 ACRES OF FEDERAL LAND IN CALIFORNIA’S MOJAVE DESERT MANAGED BY THE U.S. DEPARTMENT OF THE INTERIOR‘S BUREAU OF LAND MANAGEMENT (BLM). THE THREE INDIVIDUAL POWER PLANTS AT IVANPAH WILL FEATURE BRIGHTSOURCE ENERGY’S SOLAR THERMAL POWER TOWER TECHNOLOGY TO PRODUCE CLEAN, RENEWABLE ENERGY FROM THE SUN. WHEN COMPLETED IN 2013, THE FACILITY WILL NEARLY DOUBLE THE AMOUNT OF SOLAR THERMAL ELECTRICITY PRODUCED IN THE US. POWER GENERATED FROM THE PLANTS WILL BE SOLD UNDER SEPARATE CONTRACTS WITH PACIFIC GAS AND ELECTRIC (PG&E) AND SOUTHERN CALIFORNIA EDISON (SCE). THE FIRST UNIT WILL BEGIN SUPPLYING POWER TO PG&E IN MID 2013, WITH UNITS TWO AND THREE DELIVERING POWER TO SOUTHERN CALIFORNIA AND PG&E RESPECTIVELY BY LATE OF 2013. IN TOTAL, THE PROJECT WILL POWER MORE THAN 140,000 HOMES AND BUSINESSES IN CALIFORNIA. IVANPAH WILL HELP ITS CUSTOMERS PG&E AND SCE MEET THE STATE OF CALIFORNIA’S RENEWABLE PORTFOLIO STANDARD (RPS) REQUIREMENTS, LEGISLATION REQUIRING EACH INVESTOR-OWNED UTILITY TO PROCURE 33 PERCENT OF ITS ENERGY PORTFOLIO FROM RENEWABLE RESOURCES BY 2020. TECHNOLOGY PROVIDED BY BRIGHTSOURCE ENERGY IVANPAH WILL EMPLOY BRIGHTSOURCE’S POWER TOWER SOLAR THERMAL TECHNOLOGY, WHICH GENERATES POWER THE SAME WAY AS TRADITIONAL POWER PLANTS – BY CREATING HIGH TEMPERATURE STEAM TO TURN A TURBINE. HOWEVER, INSTEAD OF USING FOSSIL FUELS OR NUCLEAR POWER TO CREATE THE STEAM, BRIGHTSOURCE USES THE SUN’S ENERGY. BRIGHTSOURCE’S SYSTEM USES A STATE-OF-THE-ART FIELD OF SOFTWARE-CONTROLLED MIRRORS, CALLED HELIOSTATS, TO REFLECT THE SUN’S ENERGY TO A BOILER ATOP A TOWER TO PRODUCE THE HIGH TEMPERATURE AND HIGH-PRESSURE STEAM. THE STEAM CAN THEN BE INTEGRATED WITH CONVENTIONAL POWER PLANT COMPONENTS TO PRODUCE PREDICTABLE, RELIABLE AND COST-COMPETITIVE CLEAN ENERGY. CREATING JOBS LOCALLY AND NATIONALLY THE $2.2 BILLION PROJECT IS AN INVESTMENT INTO AMERICA’S FUTURE WITH SUBSTANTIAL INDIRECT ECONOMIC BENEFITS LOCALLY AND ACROSS THE NATION. TO DATE, THE PROJECT’S ENGINEERING AND CONSTRUCTION CONTRACTOR BECHTEL HAS RETAINED OVER 2,000 CONSTRUCTION WORKERS TO BUILD THE PLANT, IN ADDITION TO THE MORE THAN 100 ENGINEERING AND SUPPORT STAFF ON SITE. BECHTEL SIGNED A PROJECT LABOR AGREEMENT WITH THE STATE BUILDING AND CONSTRUCTION TRADES COUNCIL OF CALIFORNIA (SBCTC) AND THE BUILDING & CONSTRUCTION TRADES COUNCIL OF SAN BERNARDINO AND RIVERSIDE COUNTIES TO ENSURE THAT CALIFORNIA‘S LOCAL WORKFORCE BENEFITS FROM THE PROJECT. THE PROJECT REQUIRES THE WORK OF SKILLED CRAFT WORKERS AND ENGINEERS FROM A WIDE VARIETY OF TRADES AND DISCIPLINES, INCLUDING PIPEFITTERS, MILLWRIGHTS, CARPENTERS, ELECTRICIANS, LABORERS AND CIVIL ENGINEERS. THE PROJECT WILL PROVIDE $400 MILLION IN LOCAL AND STATE TAX REVENUES, AND PRODUCE $650 MILLION IN WAGES, OVER ITS FIRST 30-YEAR LIFE. THE MAJORITY OF THE PROJECT’S SUPPLY CHAIN IS BEING SOURCED DOMESTICALLY ACROSS 17 U.S. STATES, DRIVING INVESTMENTS THROUGHOUT THE COUNTRY AND CREATING ADDITIONAL JOBS IN OTHER AREAS THAT HAVE BEEN ADVERSELY AFFECTED BY THE ECONOMIC DOWNTURN. CONSTRUCTION PROGRESS AT IVANPAH “THE SCALE AND COMPLEXITY OF THE IVANPAH PROJECT PRESENTED FIRST-OF-A-KIND CONSTRUCTION CHALLENGES THAT REQUIRED INNOVATIVE THINKING AND EXECUTION AT EVERY LEVEL,” SAID JIM IVANY, PRESIDENT OF BECHTEL’S RENEWABLE POWER BUSINESS. “WE CREATED LEAN APPROACHES TO MULTIPLE PHASES OF THE PROJECT, INCLUDING HELIOSTAT ASSEMBLY INSTALLATION AND CONSTRUCTION OF THE PROJECT’S STEEL TOWERS, EACH TOPPED WITH 2,200-TON SOLAR RECEIVER STEAM GENERATORS. THE PROCESSES WE DEVELOPED ENABLED THE TEAM TO SUCCESSFULLY ADVANCE THE PROJECT TO SUPPORT ELECTRICITY GENERATION IN 2013.” THE THREE-UNIT IVANPAH SEGS COMMENCED CONSTRUCTION IN OCTOBER 2010 AND IS HALFWAY COMPLETE. IN THE POWER BLOCK AREA, HOME TO THE MAJOR POWER PLANT EQUIPMENT, WORKERS HAVE ERECTED THREE STEEL TOWER STRUCTURES TO SUPPORT THE BOILERS WHICH EXTEND TO A HEIGHT OF 459 FEET, WELDING INTERCONNECTING PIPE INSIDE THE BOILER AND INSTALLING POWER PLANT EQUIPMENT. IN THE SOLAR FIELD, WORKERS ARE INSTALLING THE PROJECT’S 173,000 PYLONS AND HELIOSTATS, WHICH ARE ASSEMBLED ON-SITE AT A RATE OF 500 EACH DAY. TO DATE, WORKERS HAVE INSTALLED MORE THAN 100,000 STEEL PYLONS AND NEARLY 50,000 HELIOSTATS. FOR MORE DETAILS ON CONSTRUCTION PROGRESS, PLEASE SEE OUR BI-MONTHLY UPDATE FROM IVANPAH. NET BENEFIT TO TAXPAYERS FINANCING OF THIS PROJECT WAS FACILITATED BY THE DEPARTMENT OF ENERGY’S 1703 LOAN GUARANTEE PROGRAM. THE PROJECT'S POWER PURCHASE AGREEMENT, AS WELL AS ITS AGGRESSIVE MANAGEMENT OF COST AND SCHEDULE, ASSURE THAT THE LOAN WILL BE PAID BACK, WITH INTEREST, TO THE BENEFIT OF TAXPAYERS. AN ENVIRONMENTALLY RESPONSIBLE PROJECT THE IVANPAH PROJECT WILL REDUCE CARBON DIOXIDE (CO2) EMISSIONS BY MORE THAN 400,000 TONS ANNUALLY, WHICH IS THE EQUIVALENT OF TAKING MORE THAN 70,000 CARS OFF THE ROAD. BRIGHTSOURCE’S SYSTEM IS ALSO DESIGNED TO MINIMIZE IMPACTS ON THE NATURAL ENVIRONMENT. IN ADDITION TO BEING ONE OF THE MOST LAND-EFFICIENT RENEWABLE ENERGY TECHNOLOGIES, BRIGHTSOURCE’S LOW IMPACT HELIOSTAT LAYOUT IS FLEXIBLE, ALLOWING THE SOLAR FIELD TO BE BUILT AROUND THE NATURAL CONTOURS OF THE LAND AND AVOID AREAS OF SENSITIVE VEGETATION. AND IN ORDER TO CONSERVE SCARCE WATER RESOURCES, THE TECHNOLOGY EMPLOYS AN AIR-COOLING SYSTEM TO CONVERT THE STEAM BACK INTO WATER IN A CLOSED-LOOP CYCLE. BY USING AN AIR-COOLED CONDENSER, BRIGHTSOURCE’S TECHNOLOGY USES MORE THAN 90 PERCENT LESS WATER THAN OLDER TECHNOLOGY PARABOLIC TROUGH PLANTS WITH WET COOLING. ABOUT BRIGHTSOURCE ENERGY, INC. BRIGHTSOURCE ENERGY, INC. IS A LEADER IN THE DESIGN AND DEVELOPMENT OF CONCENTRATING SOLAR THERMAL TECHNOLOGY USED TO PRODUCE HIGH-VALUE ELECTRICITY AND STEAM FOR POWER, PETROLEUM AND PROCESS MARKETS. TO LEARN MORE ABOUT BRIGHTSOURCE ENERGY AND CONCENTRATING SOLAR THERMAL ENERGY, VISIT WWW.BRIGHTSOURCEENERGY.COM. ABOUT NRG NRG (NYSE: NRG) IS AT THE FOREFRONT OF CHANGING HOW PEOPLE THINK ABOUT AND USE ENERGY. A FORTUNE 500 COMPANY, NRG IS A PIONEER IN DEVELOPING CLEANER AND SMARTER ENERGY CHOICES FOR OUR CUSTOMERS: WHETHER AS ONE OF THE LARGEST SOLAR POWER DEVELOPERS IN THE COUNTRY, OR BY BUILDING THE FIRST PRIVATELY FUNDED ELECTRIC VEHICLE CHARGING INFRASTRUCTURE OR BY GIVING CUSTOMERS THE LATEST SMART ENERGY SOLUTIONS TO BETTER MANAGE THEIR ENERGY USE. OUR DIVERSE POWER GENERATING FACILITIES CAN SUPPORT MORE THAN 20 MILLION HOMES AND OUR RETAIL ELECTRICITY PROVIDERS – RELIANT, GREEN MOUNTAIN ENERGY COMPANY AND ENERGY PLUS – SERVE MORE THAN TWO MILLION CUSTOMERS. MORE INFORMATION IS AVAILABLE AT WWW.NRGENERGY.COM. ABOUT GOOGLE INC. GOOGLE (NASDAQ: GOOG) IS A GLOBAL TECHNOLOGY LEADER FOCUSED ON IMPROVING THE WAYS PEOPLE CONNECT WITH INFORMATION. GOOGLE’S INNOVATIONS IN WEB SEARCH AND ADVERTISING HAVE MADE ITS WEBSITE A TOP INTERNET PROPERTY AND ITS BRAND ONE OF THE MOST RECOGNIZED IN THE WORLD. FOR MORE INFORMATION, VISIT WWW.GOOGLE.COM/ABOUT.HTML. ABOUT BECHTEL: BECHTEL IS AMONG THE MOST RESPECTED ENGINEERING, PROJECT MANAGEMENT, AND CONSTRUCTION COMPANIES IN THE WORLD. WE STAND APART FOR OUR ABILITY TO GET THE JOB DONE RIGHT—NO MATTER HOW BIG, HOW COMPLEX OR HOW REMOTE. BECHTEL OPERATES THROUGH FIVE GLOBAL BUSINESS UNITS THAT SPECIALIZE IN CIVIL INFRASTRUCTURE; POWER GENERATION, COMMUNICATIONS AND TRANSMISSION; MINING AND METALS; OIL, GAS AND CHEMICALS; AND GOVERNMENT SERVICES. SINCE ITS FOUNDING IN 1898, BECHTEL HAS WORKED ON MORE THAN 22,000 PROJECTS IN 140 COUNTRIES ON ALL SEVEN CONTINENTS. TODAY, OUR 53,000 EMPLOYEES TEAM WITH CUSTOMERS, PARTNERS, AND SUPPLIERS ON DIVERSE PROJECTS IN NEARLY 50 COUNTRIES. WWW.BECHTEL.COM.","['ivanpah solar project reaches halfway mark and peak of construction employment', 'ivanpah, calif.--business wire--nrg energy, google, brightsource energy and construction partner bechtel announced that the ivanpah solar electric generating system ivanpah segs has reached the halfway mark of construction on the worlds largest solar thermal project', 'ivanpah has also reached its peak construction workforce, with more than 2,100 construction workers and project support staff on-site', 'the $2.2 billion project is on-track to be complete in 2013', 'large-scale solar projects like ivanpah create thousands of construction jobs and provide clean, renewable power to help meet state renewable energy goals, said tom doyle, ceo of nrg solar', 'we believe that encouraging public and private investment in our domestic clean energy industry through successful projects like ivanpah ultimately will pay dividends by helping to secure our countrys economic future', 'ivanpah is an iconic infrastructure project that will set the course for the future of renewable energy in the us and around the world, said john woolard, president ceo, brightsource energy', 'we are tremendously proud of the significant accomplishments being made towards ivanpahs completion, and look forward to powering californias homes and businesses with clean and reliable electricity in the coming year', 'ivanpah will be the largest project in the world to use this potentially transformative solar technology, said rick needham, director of energy sustainability for google', 'we hope that our support spurs further investment to deploy innovative, scalable renewable energy solutions around the world', 'about the ivanpah project the 370 net megawatt ivanpah solar power facility is located on approximately 3,500 acres of federal land in californias mojave desert managed by the u.s', 'department of the interiors bureau of land management blm', 'the three individual power plants at ivanpah will feature brightsource energys solar thermal power tower technology to produce clean, renewable energy from the sun', 'when completed in 2013, the facility will nearly double the amount of solar thermal electricity produced in the us', 'power generated from the plants will be sold under separate contracts with pacific gas and electric pge and southern california edison sce', 'the first unit will begin supplying power to pge in mid 2013, with units two and three delivering power to southern california and pge respectively by late of 2013', 'in total, the project will power more than 140,000 homes and businesses in california', 'ivanpah will help its customers pge and sce meet the state of californias renewable portfolio standard rps requirements, legislation requiring each investor-owned utility to procure 33 percent of its energy portfolio from renewable resources by 2020', 'technology provided by brightsource energy ivanpah will employ brightsources power tower solar thermal technology, which generates power the same way as traditional power plants by creating high temperature steam to turn a turbine', 'however, instead of using fossil fuels or nuclear power to create the steam, brightsource uses the suns energy', 'brightsources system uses a state-of-the-art field of software-controlled mirrors, called heliostats, to reflect the suns energy to a boiler atop a tower to produce the high temperature and high-pressure steam', 'the steam can then be integrated with conventional power plant components to produce predictable, reliable and cost-competitive clean energy', 'creating jobs locally and nationally the $2.2 billion project is an investment into americas future with substantial indirect economic benefits locally and across the nation', 'to date, the projects engineering and construction contractor bechtel has retained over 2,000 construction workers to build the plant, in addition to the more than 100 engineering and support staff on site', 'bechtel signed a project labor agreement with the state building and construction trades council of california sbctc and the building construction trades council of san bernardino and riverside counties to ensure that californias local workforce benefits from the project', 'the project requires the work of skilled craft workers and engineers from a wide variety of trades and disciplines, including pipefitters, millwrights, carpenters, electricians, laborers and civil engineers', 'the project will provide $400 million in local and state tax revenues, and produce $650 million in wages, over its first 30-year life', 'the majority of the projects supply chain is being sourced domestically across 17 u.s', 'states, driving investments throughout the country and creating additional jobs in other areas that have been adversely affected by the economic downturn', 'construction progress at ivanpah the scale and complexity of the ivanpah project presented first-of-a-kind construction challenges that required innovative thinking and execution at every level, said jim ivany, president of bechtels renewable power business', 'we created lean approaches to multiple phases of the project, including heliostat assembly installation and construction of the projects steel towers, each topped with 2,200-ton solar receiver steam generators', 'the processes we developed enabled the team to successfully advance the project to support electricity generation in 2013', 'the three-unit ivanpah segs commenced construction in october 2010 and is halfway complete', 'in the power block area, home to the major power plant equipment, workers have erected three steel tower structures to support the boilers which extend to a height of 459 feet, welding interconnecting pipe inside the boiler and installing power plant equipment', 'in the solar field, workers are installing the projects 173,000 pylons and heliostats, which are assembled on-site at a rate of 500 each day', 'to date, workers have installed more than 100,000 steel pylons and nearly 50,000 heliostats', 'for more details on construction progress, please see our bi-monthly update from ivanpah', 'net benefit to taxpayers financing of this project was facilitated by the department of energys 1703 loan guarantee program', ""the project's power purchase agreement, as well as its aggressive management of cost and schedule, assure that the loan will be paid back, with interest, to the benefit of taxpayers"", 'an environmentally responsible project the ivanpah project will reduce carbon dioxide co2 emissions by more than 400,000 tons annually, which is the equivalent of taking more than 70,000 cars off the road', 'brightsources system is also designed to minimize impacts on the natural environment', 'in addition to being one of the most land-efficient renewable energy technologies, brightsources low impact heliostat layout is flexible, allowing the solar field to be built around the natural contours of the land and avoid areas of sensitive vegetation', 'and in order to conserve scarce water resources, the technology employs an air-cooling system to convert the steam back into water in a closed-loop cycle', 'by using an air-cooled condenser, brightsources technology uses more than 90 percent less water than older technology parabolic trough plants with wet cooling', 'about brightsource energy, inc', 'brightsource energy, inc', 'is a leader in the design and development of concentrating solar thermal technology used to produce high-value electricity and steam for power, petroleum and process markets', 'to learn more about brightsource energy and concentrating solar thermal energy, visit about nrg nrg nyse nrg is at the forefront of changing how people think about and use energy', 'a fortune 500 company, nrg is a pioneer in developing cleaner and smarter energy choices for our customers whether as one of the largest solar power developers in the country, or by building the first privately funded electric vehicle charging infrastructure or by giving customers the latest smart energy solutions to better manage their energy use', 'our diverse power generating facilities can support more than 20 million homes and our retail electricity providers reliant, green mountain energy company and energy plus serve more than two million customers', 'more information is available at about google inc', 'google nasdaq goog is a global technology leader focused on improving the ways people connect with information', 'googles innovations in web search and advertising have made its website a top internet property and its brand one of the most recognized in the world', 'for more information, visit about bechtel bechtel is among the most respected engineering, project management, and construction companies in the world', 'we stand apart for our ability to get the job done rightno matter how big, how complex or how remote', 'bechtel operates through five global business units that specialize in civil infrastructure power generation, communications and transmission mining and metals oil, gas and chemicals and government services', 'since its founding in 1898, bechtel has worked on more than 22,000 projects in 140 countries on all seven continents', 'today, our 53,000 employees team with customers, partners, and suppliers on diverse projects in nearly 50 countries.']",weakly_positive,0.3485448275862069,weakly_positive,weakly_positive
09-07-2012,"GOOGLE ANNOUNCES DATE OF SECOND QUARTER 2012 FINANCIAL RESULTS 
      CONFERENCE CALL","MOUNTAIN VIEW, CALIF.--(BUSINESS WIRE)--GOOGLE INC. (NASDAQ:GOOG) WILL HOLD ITS QUARTERLY CONFERENCE CALL TO DISCUSS SECOND QUARTER 2012 FINANCIAL RESULTS ON THURSDAY, JULY 19TH AT 1:30 P.M. PACIFIC TIME (4:30 P.M. EASTERN TIME). THE LIVE WEBCAST OF GOOGLE’S EARNINGS CONFERENCE CALL CAN BE ACCESSED AT INVESTOR.GOOGLE.COM/WEBCAST.HTML. A REPLAY OF THE WEBCAST WILL BE AVAILABLE THROUGH THE SAME LINK FOLLOWING THE CONFERENCE CALL. PLEASE VISIT GOOGLE’S INVESTOR RELATIONS WEBSITE AT INVESTOR.GOOGLE.COM ON JULY 19TH, 2012 TO VIEW THE EARNINGS RELEASE PRIOR TO THE CONFERENCE CALL. ABOUT GOOGLE INC. GOOGLE IS A GLOBAL TECHNOLOGY LEADER FOCUSED ON IMPROVING THE WAYS PEOPLE CONNECT WITH INFORMATION. GOOGLE’S INNOVATIONS IN WEB SEARCH AND ADVERTISING HAVE MADE ITS WEBSITE A TOP INTERNET PROPERTY AND ITS BRAND ONE OF THE MOST RECOGNIZED IN THE WORLD.","GOOGLE ANNOUNCES DATE OF SECOND QUARTER 2012 FINANCIAL RESULTS 
      CONFERENCE CALL. MOUNTAIN VIEW, CALIF.--(BUSINESS WIRE)--GOOGLE INC. (NASDAQ:GOOG) WILL HOLD ITS QUARTERLY CONFERENCE CALL TO DISCUSS SECOND QUARTER 2012 FINANCIAL RESULTS ON THURSDAY, JULY 19TH AT 1:30 P.M. PACIFIC TIME (4:30 P.M. EASTERN TIME). THE LIVE WEBCAST OF GOOGLE’S EARNINGS CONFERENCE CALL CAN BE ACCESSED AT INVESTOR.GOOGLE.COM/WEBCAST.HTML. A REPLAY OF THE WEBCAST WILL BE AVAILABLE THROUGH THE SAME LINK FOLLOWING THE CONFERENCE CALL. PLEASE VISIT GOOGLE’S INVESTOR RELATIONS WEBSITE AT INVESTOR.GOOGLE.COM ON JULY 19TH, 2012 TO VIEW THE EARNINGS RELEASE PRIOR TO THE CONFERENCE CALL. ABOUT GOOGLE INC. GOOGLE IS A GLOBAL TECHNOLOGY LEADER FOCUSED ON IMPROVING THE WAYS PEOPLE CONNECT WITH INFORMATION. GOOGLE’S INNOVATIONS IN WEB SEARCH AND ADVERTISING HAVE MADE ITS WEBSITE A TOP INTERNET PROPERTY AND ITS BRAND ONE OF THE MOST RECOGNIZED IN THE WORLD.","['google announces date of second quarter 2012 financial results conference call', 'mountain view, calif.--business wire--google inc', 'nasdaqgoog will hold its quarterly conference call to discuss second quarter 2012 financial results on thursday, july 19th at 130 p.m', 'pacific time 430 p.m', 'eastern time', 'the live webcast of googles earnings conference call can be accessed at investor.google.comwebcast.html', 'a replay of the webcast will be available through the same link following the conference call', 'please visit googles investor relations website at investor.google.com on july 19th, 2012 to view the earnings release prior to the conference call', 'about google inc', 'google is a global technology leader focused on improving the ways people connect with information', 'googles innovations in web search and advertising have made its website a top internet property and its brand one of the most recognized in the world.']",weakly_positive,0.107290909090909,weakly_positive,weakly_positive
14-06-2012,GOOGLE TO PRESENT AT THE GUGGENHEIM TMT SYMPOSIUM,"MOUNTAIN VIEW, CALIF.--(BUSINESS WIRE)--GOOGLE INC. (NASDAQ:GOOG) ANNOUNCED TODAY THAT NIKESH ARORA, SENIOR VICE PRESIDENT AND CHIEF BUSINESS OFFICER, WILL PARTICIPATE IN A QUESTION-AND-ANSWER SESSION AT THE GUGGENHEIM TMT SYMPOSIUM IN NEW YORK CITY. THE SESSION IS SCHEDULED FOR 12:45 P.M. EASTERN TIME / 9:45 A.M. PACIFIC TIME ON WEDNESDAY, JUNE 20, 2012. TO ACCESS THE LIVE AUDIO WEBCAST OF THE SESSION, PLEASE VISIT HTTP://INVESTOR.GOOGLE.COM/WEBCAST.HTML. ABOUT GOOGLE INC. GOOGLE IS A GLOBAL TECHNOLOGY LEADER FOCUSED ON IMPROVING THE WAYS PEOPLE CONNECT WITH INFORMATION. GOOGLE’S INNOVATIONS IN WEB SEARCH AND ADVERTISING HAVE MADE ITS WEBSITE A TOP INTERNET PROPERTY AND ITS BRAND ONE OF THE MOST RECOGNIZED IN THE WORLD. GOOGLE IS A TRADEMARK OF GOOGLE INC. ALL OTHER COMPANY AND PRODUCT NAMES MAY BE TRADEMARKS OF THE RESPECTIVE COMPANIES WITH WHICH THEY ARE ASSOCIATED.","GOOGLE TO PRESENT AT THE GUGGENHEIM TMT SYMPOSIUM. MOUNTAIN VIEW, CALIF.--(BUSINESS WIRE)--GOOGLE INC. (NASDAQ:GOOG) ANNOUNCED TODAY THAT NIKESH ARORA, SENIOR VICE PRESIDENT AND CHIEF BUSINESS OFFICER, WILL PARTICIPATE IN A QUESTION-AND-ANSWER SESSION AT THE GUGGENHEIM TMT SYMPOSIUM IN NEW YORK CITY. THE SESSION IS SCHEDULED FOR 12:45 P.M. EASTERN TIME / 9:45 A.M. PACIFIC TIME ON WEDNESDAY, JUNE 20, 2012. TO ACCESS THE LIVE AUDIO WEBCAST OF THE SESSION, PLEASE VISIT HTTP://INVESTOR.GOOGLE.COM/WEBCAST.HTML. ABOUT GOOGLE INC. GOOGLE IS A GLOBAL TECHNOLOGY LEADER FOCUSED ON IMPROVING THE WAYS PEOPLE CONNECT WITH INFORMATION. GOOGLE’S INNOVATIONS IN WEB SEARCH AND ADVERTISING HAVE MADE ITS WEBSITE A TOP INTERNET PROPERTY AND ITS BRAND ONE OF THE MOST RECOGNIZED IN THE WORLD. GOOGLE IS A TRADEMARK OF GOOGLE INC. ALL OTHER COMPANY AND PRODUCT NAMES MAY BE TRADEMARKS OF THE RESPECTIVE COMPANIES WITH WHICH THEY ARE ASSOCIATED.","['google to present at the guggenheim tmt symposium', 'mountain view, calif.--business wire--google inc', 'nasdaqgoog announced today that nikesh arora, senior vice president and chief business officer, will participate in a question-and-answer session at the guggenheim tmt symposium in new york city', 'the session is scheduled for 1245 p.m', 'eastern time 945 a.m', 'pacific time on wednesday, june 20, 2012', 'to access the live audio webcast of the session, please visit about google inc', 'google is a global technology leader focused on improving the ways people connect with information', 'googles innovations in web search and advertising have made its website a top internet property and its brand one of the most recognized in the world', 'google is a trademark of google inc', 'all other company and product names may be trademarks of the respective companies with which they are associated.']",weakly_positive,0.1456090909090909,weakly_positive,weakly_positive
21-05-2012,"GOOGLE TO PROVIDE CORNELLNYC TECH WITH FREE OFFICE SPACE FOR MORE 
      THAN 5 YEARS: COMMITMENT TO TRAINING AND DEVELOPING ENGINEERING TALENT 
      IN NEW YORK CITED AS KEY REASONS BY CEO LARRY PAGE","NEW YORK--(BUSINESS WIRE)--GOOGLE INC. CEO LARRY PAGE ANNOUNCED TODAY THAT GOOGLE WILL ALLOCATE 22,000 SQUARE FEET OF ITS NEW YORK HEADQUARTERS TO CORNELLNYC TECH, WHILE THE UNIVERSITY COMPLETES ITS CAMPUS ON ROOSEVELT ISLAND. HE WAS JOINED BY NEW YORK CITY MAYOR MICHAEL R. BLOOMBERG, CORNELL PRESIDENT DAVID SKORTON AND TECHNION’S DIRECTOR CRAIG GOTSMAN AT A PRESS CONFERENCE THIS MORNING AT GOOGLE NEW YORK. THE SPACE WILL ALLOW CORNELL TO BUILD ITS PRESENCE IN NEW YORK IN CLOSE PROXIMITY TO THE TECH COMPANIES AND ENTREPRENEURS WITH WHOM IT WILL COLLABORATE. THIS ARRANGEMENT REPRESENTS GOOGLE, CORNELL, TECHNION AND THE CITY OF NEW YORK’S COMMITMENT TO EDUCATING AND DEVELOPING TECH TALENT IN NEW YORK CITY. GOOGLE WILL INITIALLY PROVIDE CORNELL WITH 22,000 SQUARE FEET OF OFFICE SPACE ON JULY 1, 2012, FREE OF CHARGE FOR 5 YEARS AND 6 MONTHS OR UNTIL THE COMPLETION OF CORNELL’S CAMPUS ON ROOSEVELT ISLAND—WHICHEVER OCCURS FIRST. ADDITIONALLY, CORNELL WILL BE ABLE TO EXPAND TO 58,000 SQUARE FEET OVER FIVE YEARS AS IT BUILDS ITS PRESENCE IN NEW YORK CITY. “I’M PASSIONATE ABOUT BREAKING GROUND IN SCIENCE AND ENGINEERING BECAUSE TECHNOLOGY HAS DRIVEN MANY OF THE ADVANCES HUMANKIND HAS MADE,” SAID GOOGLE CEO LARRY PAGE. “BUT WE STILL DON’T HAVE ENOUGH PEOPLE WORKING IN THESE AREAS. IT’S WHY I AM TREMENDOUSLY PLEASED THAT GOOGLE IS GIVING CORNELL THE OFFICE SPACE TO GET THEIR NEW ENGINEERING UNIVERSITY UP AND RUNNING IN NEW YORK CITY.” “WE’RE ABOUT TO FIND OUT WHAT HAPPENS WHEN YOU MARRY ONE OF THE WORLD’S MOST INNOVATIVE COMPANIES WITH ONE OF THE MOST INNOVATIVE ECONOMIC DEVELOPMENT STRATEGIES ANY CITY HAS UNDERTAKEN,” SAID MAYOR BLOOMBERG. “WHEN WE FIRST ENVISIONED THE APPLIED SCIENCES INITIATIVE, WE HOPED THE WINNING SCHOOL WOULD ESTABLISH STRONG RELATIONSHIPS WITH THE TECH SECTOR. BUT THIS KIND OF SYNERGY IS BEYOND ANYTHING WE COULD HAVE IMAGINED. CORNELLNYC TECH IS WELL ON ITS WAY TO BEING FULLY INTEGRATED INTO NEW YORK CITY’S VIBRANT TECH INDUSTRY, AND GOOGLE’S SUPPORT IS ANOTHER HUGE VOTE OF CONFIDENCE FOR THAT INDUSTRY. JUST A FEW YEARS AGO, OUR TECH SECTOR WAS BARELY ON ANYONE’S RADAR SCREEN – NOW, IT’S CREATING JOBS AND BECOMING A MAJOR PLAYER IN OUR DIVERSIFIED ECONOMY.” “WE ARE PROUD TO BE LAUNCHING CORNELLNYC TECH IN WHAT IS BECOMING THE CENTER OF THE TECH WORLD,” SAID CORNELL PRESIDENT DAVID J. SKORTON. “THE ONE MISSING INGREDIENT HAS BEEN A PIPELINE OF TOP-LEVEL TECH TALENT, AND THAT IS WHAT THE TECH CAMPUS WILL PROVIDE. BUILDING ON MAYOR BLOOMBERG’S VISION, WE ARE CREATING A NEW ACADEMIC MODEL FOR THIS TIME, THIS PLACE AND THIS INDUSTRY. THE KEY IS ENGAGEMENT BETWEEN WORLD CLASS ACADEMICS, COMPANIES AND EARLY-STAGE INVESTORS TO CATALYZE INNOVATION. THAT’S WHAT WE’LL BE CREATING ON ROOSEVELT ISLAND, AND THANKS TO GOOGLE IT’S WHAT WILL BE HAPPENING HERE STARTING THIS FALL.” “WE ARE DELIGHTED TO LAUNCH OUR EXCITING PROGRAMS WITH CORNELL UNIVERSITY IN THE GOOGLE BUILDING. THIS SPACE PROVIDES THE OPTIMAL ENVIRONMENT FOR THE EDUCATION AND NURTURING OF TECHNICAL TALENT. THIS IS A MAJOR STEP TOWARDS THE FULFILLMENT OF MAYOR BLOOMBERG’S VISION TO SEED THE CITY WITH ENTREPRENEURS AND START-UPS. WE AT TECHNION ARE CONFIDENT THAT OUR ACADEMIC PARTNERSHIP WITH CORNELL UNIVERSITY WILL HELP BUILD THE CITY’S TECH ECOSYSTEM AND BOOST THIS SECTOR OF THE ECONOMY,” SAID TECHNION PRESIDENT PERETZ LAVIE. ABOUT GOOGLE INC. GOOGLE IS A GLOBAL TECHNOLOGY LEADER FOCUSED ON IMPROVING THE WAYS PEOPLE CONNECT WITH INFORMATION. GOOGLE’S INNOVATIONS IN WEB SEARCH AND ADVERTISING HAVE MADE ITS WEBSITE A TOP INTERNET PROPERTY AND ITS BRAND ONE OF THE MOST RECOGNIZED IN THE WORLD. FOR MORE INFORMATION, VISIT WWW.GOOGLE.COM/ABOUT.HTML.","GOOGLE TO PROVIDE CORNELLNYC TECH WITH FREE OFFICE SPACE FOR MORE 
      THAN 5 YEARS: COMMITMENT TO TRAINING AND DEVELOPING ENGINEERING TALENT 
      IN NEW YORK CITED AS KEY REASONS BY CEO LARRY PAGE. NEW YORK--(BUSINESS WIRE)--GOOGLE INC. CEO LARRY PAGE ANNOUNCED TODAY THAT GOOGLE WILL ALLOCATE 22,000 SQUARE FEET OF ITS NEW YORK HEADQUARTERS TO CORNELLNYC TECH, WHILE THE UNIVERSITY COMPLETES ITS CAMPUS ON ROOSEVELT ISLAND. HE WAS JOINED BY NEW YORK CITY MAYOR MICHAEL R. BLOOMBERG, CORNELL PRESIDENT DAVID SKORTON AND TECHNION’S DIRECTOR CRAIG GOTSMAN AT A PRESS CONFERENCE THIS MORNING AT GOOGLE NEW YORK. THE SPACE WILL ALLOW CORNELL TO BUILD ITS PRESENCE IN NEW YORK IN CLOSE PROXIMITY TO THE TECH COMPANIES AND ENTREPRENEURS WITH WHOM IT WILL COLLABORATE. THIS ARRANGEMENT REPRESENTS GOOGLE, CORNELL, TECHNION AND THE CITY OF NEW YORK’S COMMITMENT TO EDUCATING AND DEVELOPING TECH TALENT IN NEW YORK CITY. GOOGLE WILL INITIALLY PROVIDE CORNELL WITH 22,000 SQUARE FEET OF OFFICE SPACE ON JULY 1, 2012, FREE OF CHARGE FOR 5 YEARS AND 6 MONTHS OR UNTIL THE COMPLETION OF CORNELL’S CAMPUS ON ROOSEVELT ISLAND—WHICHEVER OCCURS FIRST. ADDITIONALLY, CORNELL WILL BE ABLE TO EXPAND TO 58,000 SQUARE FEET OVER FIVE YEARS AS IT BUILDS ITS PRESENCE IN NEW YORK CITY. “I’M PASSIONATE ABOUT BREAKING GROUND IN SCIENCE AND ENGINEERING BECAUSE TECHNOLOGY HAS DRIVEN MANY OF THE ADVANCES HUMANKIND HAS MADE,” SAID GOOGLE CEO LARRY PAGE. “BUT WE STILL DON’T HAVE ENOUGH PEOPLE WORKING IN THESE AREAS. IT’S WHY I AM TREMENDOUSLY PLEASED THAT GOOGLE IS GIVING CORNELL THE OFFICE SPACE TO GET THEIR NEW ENGINEERING UNIVERSITY UP AND RUNNING IN NEW YORK CITY.” “WE’RE ABOUT TO FIND OUT WHAT HAPPENS WHEN YOU MARRY ONE OF THE WORLD’S MOST INNOVATIVE COMPANIES WITH ONE OF THE MOST INNOVATIVE ECONOMIC DEVELOPMENT STRATEGIES ANY CITY HAS UNDERTAKEN,” SAID MAYOR BLOOMBERG. “WHEN WE FIRST ENVISIONED THE APPLIED SCIENCES INITIATIVE, WE HOPED THE WINNING SCHOOL WOULD ESTABLISH STRONG RELATIONSHIPS WITH THE TECH SECTOR. BUT THIS KIND OF SYNERGY IS BEYOND ANYTHING WE COULD HAVE IMAGINED. CORNELLNYC TECH IS WELL ON ITS WAY TO BEING FULLY INTEGRATED INTO NEW YORK CITY’S VIBRANT TECH INDUSTRY, AND GOOGLE’S SUPPORT IS ANOTHER HUGE VOTE OF CONFIDENCE FOR THAT INDUSTRY. JUST A FEW YEARS AGO, OUR TECH SECTOR WAS BARELY ON ANYONE’S RADAR SCREEN – NOW, IT’S CREATING JOBS AND BECOMING A MAJOR PLAYER IN OUR DIVERSIFIED ECONOMY.” “WE ARE PROUD TO BE LAUNCHING CORNELLNYC TECH IN WHAT IS BECOMING THE CENTER OF THE TECH WORLD,” SAID CORNELL PRESIDENT DAVID J. SKORTON. “THE ONE MISSING INGREDIENT HAS BEEN A PIPELINE OF TOP-LEVEL TECH TALENT, AND THAT IS WHAT THE TECH CAMPUS WILL PROVIDE. BUILDING ON MAYOR BLOOMBERG’S VISION, WE ARE CREATING A NEW ACADEMIC MODEL FOR THIS TIME, THIS PLACE AND THIS INDUSTRY. THE KEY IS ENGAGEMENT BETWEEN WORLD CLASS ACADEMICS, COMPANIES AND EARLY-STAGE INVESTORS TO CATALYZE INNOVATION. THAT’S WHAT WE’LL BE CREATING ON ROOSEVELT ISLAND, AND THANKS TO GOOGLE IT’S WHAT WILL BE HAPPENING HERE STARTING THIS FALL.” “WE ARE DELIGHTED TO LAUNCH OUR EXCITING PROGRAMS WITH CORNELL UNIVERSITY IN THE GOOGLE BUILDING. THIS SPACE PROVIDES THE OPTIMAL ENVIRONMENT FOR THE EDUCATION AND NURTURING OF TECHNICAL TALENT. THIS IS A MAJOR STEP TOWARDS THE FULFILLMENT OF MAYOR BLOOMBERG’S VISION TO SEED THE CITY WITH ENTREPRENEURS AND START-UPS. WE AT TECHNION ARE CONFIDENT THAT OUR ACADEMIC PARTNERSHIP WITH CORNELL UNIVERSITY WILL HELP BUILD THE CITY’S TECH ECOSYSTEM AND BOOST THIS SECTOR OF THE ECONOMY,” SAID TECHNION PRESIDENT PERETZ LAVIE. ABOUT GOOGLE INC. GOOGLE IS A GLOBAL TECHNOLOGY LEADER FOCUSED ON IMPROVING THE WAYS PEOPLE CONNECT WITH INFORMATION. GOOGLE’S INNOVATIONS IN WEB SEARCH AND ADVERTISING HAVE MADE ITS WEBSITE A TOP INTERNET PROPERTY AND ITS BRAND ONE OF THE MOST RECOGNIZED IN THE WORLD. FOR MORE INFORMATION, VISIT WWW.GOOGLE.COM/ABOUT.HTML.","['google to provide cornellnyc tech with free office space for more than 5 years commitment to training and developing engineering talent in new york cited as key reasons by ceo larry page', 'new york--business wire--google inc', 'ceo larry page announced today that google will allocate 22,000 square feet of its new york headquarters to cornellnyc tech, while the university completes its campus on roosevelt island', 'he was joined by new york city mayor michael r', 'bloomberg, cornell president david skorton and technions director craig gotsman at a press conference this morning at google new york', 'the space will allow cornell to build its presence in new york in close proximity to the tech companies and entrepreneurs with whom it will collaborate', 'this arrangement represents google, cornell, technion and the city of new yorks commitment to educating and developing tech talent in new york city', 'google will initially provide cornell with 22,000 square feet of office space on july 1, 2012, free of charge for 5 years and 6 months or until the completion of cornells campus on roosevelt islandwhichever occurs first', 'additionally, cornell will be able to expand to 58,000 square feet over five years as it builds its presence in new york city', 'im passionate about breaking ground in science and engineering because technology has driven many of the advances humankind has made, said google ceo larry page', 'but we still dont have enough people working in these areas', 'its why i am tremendously pleased that google is giving cornell the office space to get their new engineering university up and running in new york city', 'were about to find out what happens when you marry one of the worlds most innovative companies with one of the most innovative economic development strategies any city has undertaken, said mayor bloomberg', 'when we first envisioned the applied sciences initiative, we hoped the winning school would establish strong relationships with the tech sector', 'but this kind of synergy is beyond anything we could have imagined', 'cornellnyc tech is well on its way to being fully integrated into new york citys vibrant tech industry, and googles support is another huge vote of confidence for that industry', 'just a few years ago, our tech sector was barely on anyones radar screen now, its creating jobs and becoming a major player in our diversified economy', 'we are proud to be launching cornellnyc tech in what is becoming the center of the tech world, said cornell president david j', 'skorton', 'the one missing ingredient has been a pipeline of top-level tech talent, and that is what the tech campus will provide', 'building on mayor bloombergs vision, we are creating a new academic model for this time, this place and this industry', 'the key is engagement between world class academics, companies and early-stage investors to catalyze innovation', 'thats what well be creating on roosevelt island, and thanks to google its what will be happening here starting this fall', 'we are delighted to launch our exciting programs with cornell university in the google building', 'this space provides the optimal environment for the education and nurturing of technical talent', 'this is a major step towards the fulfillment of mayor bloombergs vision to seed the city with entrepreneurs and start-ups', 'we at technion are confident that our academic partnership with cornell university will help build the citys tech ecosystem and boost this sector of the economy, said technion president peretz lavie', 'about google inc', 'google is a global technology leader focused on improving the ways people connect with information', 'googles innovations in web search and advertising have made its website a top internet property and its brand one of the most recognized in the world', 'for more information, visit']",weakly_positive,0.4064806451612902,weakly_positive,weakly_positive
30-04-2012,"GOOGLE TO PRESENT AT THE BANK OF AMERICA MERRILL LYNCH TECHNOLOGY 
      CONFERENCE","MOUNTAIN VIEW, CALIF.--(BUSINESS WIRE)--GOOGLE INC. (NASDAQ:GOOG) ANNOUNCED TODAY THAT PATRICK PICHETTE, SENIOR VICE PRESIDENT AND CHIEF FINANCIAL OFFICER, WILL PARTICIPATE IN A QUESTION-AND-ANSWER SESSION AT THE BANK OF AMERICA MERRILL LYNCH TECHNOLOGY CONFERENCE IN SAN FRANCISCO. THE SESSION IS SCHEDULED FOR 7:15 P.M. EASTERN TIME / 4:15 P.M. PACIFIC TIME ON TUESDAY, MAY 8, 2012. TO ACCESS THE LIVE AUDIO WEBCAST OF THE SESSION, PLEASE VISIT HTTP://INVESTOR.GOOGLE.COM/WEBCAST.HTML. ABOUT GOOGLE INC. GOOGLE IS A GLOBAL TECHNOLOGY LEADER FOCUSED ON IMPROVING THE WAYS PEOPLE CONNECT WITH INFORMATION. GOOGLE’S INNOVATIONS IN WEB SEARCH AND ADVERTISING HAVE MADE ITS WEBSITE A TOP INTERNET PROPERTY AND ITS BRAND ONE OF THE MOST RECOGNIZED IN THE WORLD. GOOGLE IS A TRADEMARK OF GOOGLE INC. ALL OTHER COMPANY AND PRODUCT NAMES MAY BE TRADEMARKS OF THE RESPECTIVE COMPANIES WITH WHICH THEY ARE ASSOCIATED.","GOOGLE TO PRESENT AT THE BANK OF AMERICA MERRILL LYNCH TECHNOLOGY 
      CONFERENCE. MOUNTAIN VIEW, CALIF.--(BUSINESS WIRE)--GOOGLE INC. (NASDAQ:GOOG) ANNOUNCED TODAY THAT PATRICK PICHETTE, SENIOR VICE PRESIDENT AND CHIEF FINANCIAL OFFICER, WILL PARTICIPATE IN A QUESTION-AND-ANSWER SESSION AT THE BANK OF AMERICA MERRILL LYNCH TECHNOLOGY CONFERENCE IN SAN FRANCISCO. THE SESSION IS SCHEDULED FOR 7:15 P.M. EASTERN TIME / 4:15 P.M. PACIFIC TIME ON TUESDAY, MAY 8, 2012. TO ACCESS THE LIVE AUDIO WEBCAST OF THE SESSION, PLEASE VISIT HTTP://INVESTOR.GOOGLE.COM/WEBCAST.HTML. ABOUT GOOGLE INC. GOOGLE IS A GLOBAL TECHNOLOGY LEADER FOCUSED ON IMPROVING THE WAYS PEOPLE CONNECT WITH INFORMATION. GOOGLE’S INNOVATIONS IN WEB SEARCH AND ADVERTISING HAVE MADE ITS WEBSITE A TOP INTERNET PROPERTY AND ITS BRAND ONE OF THE MOST RECOGNIZED IN THE WORLD. GOOGLE IS A TRADEMARK OF GOOGLE INC. ALL OTHER COMPANY AND PRODUCT NAMES MAY BE TRADEMARKS OF THE RESPECTIVE COMPANIES WITH WHICH THEY ARE ASSOCIATED.","['google to present at the bank of america merrill lynch technology conference', 'mountain view, calif.--business wire--google inc', 'nasdaqgoog announced today that patrick pichette, senior vice president and chief financial officer, will participate in a question-and-answer session at the bank of america merrill lynch technology conference in san francisco', 'the session is scheduled for 715 p.m', 'eastern time 415 p.m', 'pacific time on tuesday, may 8, 2012', 'to access the live audio webcast of the session, please visit about google inc', 'google is a global technology leader focused on improving the ways people connect with information', 'googles innovations in web search and advertising have made its website a top internet property and its brand one of the most recognized in the world', 'google is a trademark of google inc', 'all other company and product names may be trademarks of the respective companies with which they are associated.']",weakly_positive,0.1456090909090909,weakly_positive,weakly_positive
02-04-2012,"GOOGLE ANNOUNCES DATE OF FIRST QUARTER 2012 FINANCIAL RESULTS 
      CONFERENCE CALL","MOUNTAIN VIEW, CALIF.--(BUSINESS WIRE)--GOOGLE INC. (NASDAQ:GOOG) WILL HOLD ITS QUARTERLY CONFERENCE CALL TO DISCUSS FIRST QUARTER 2012 FINANCIAL RESULTS ON THURSDAY, APRIL 12TH AT 1:30 P.M. PACIFIC TIME (4:30 P.M. EASTERN TIME). THE LIVE WEBCAST OF GOOGLE’S EARNINGS CONFERENCE CALL CAN BE ACCESSED AT INVESTOR.GOOGLE.COM/WEBCAST.HTML. A REPLAY OF THE WEBCAST WILL BE AVAILABLE THROUGH THE SAME LINK FOLLOWING THE CONFERENCE CALL. PLEASE VISIT GOOGLE’S INVESTOR RELATIONS WEBSITE AT INVESTOR.GOOGLE.COM ON APRIL 12TH, 2012 TO VIEW THE EARNINGS RELEASE PRIOR TO THE CONFERENCE CALL. ABOUT GOOGLE INC. GOOGLE IS A GLOBAL TECHNOLOGY LEADER FOCUSED ON IMPROVING THE WAYS PEOPLE CONNECT WITH INFORMATION. GOOGLE’S INNOVATIONS IN WEB SEARCH AND ADVERTISING HAVE MADE ITS WEBSITE A TOP INTERNET PROPERTY AND ITS BRAND ONE OF THE MOST RECOGNIZED IN THE WORLD.","GOOGLE ANNOUNCES DATE OF FIRST QUARTER 2012 FINANCIAL RESULTS 
      CONFERENCE CALL. MOUNTAIN VIEW, CALIF.--(BUSINESS WIRE)--GOOGLE INC. (NASDAQ:GOOG) WILL HOLD ITS QUARTERLY CONFERENCE CALL TO DISCUSS FIRST QUARTER 2012 FINANCIAL RESULTS ON THURSDAY, APRIL 12TH AT 1:30 P.M. PACIFIC TIME (4:30 P.M. EASTERN TIME). THE LIVE WEBCAST OF GOOGLE’S EARNINGS CONFERENCE CALL CAN BE ACCESSED AT INVESTOR.GOOGLE.COM/WEBCAST.HTML. A REPLAY OF THE WEBCAST WILL BE AVAILABLE THROUGH THE SAME LINK FOLLOWING THE CONFERENCE CALL. PLEASE VISIT GOOGLE’S INVESTOR RELATIONS WEBSITE AT INVESTOR.GOOGLE.COM ON APRIL 12TH, 2012 TO VIEW THE EARNINGS RELEASE PRIOR TO THE CONFERENCE CALL. ABOUT GOOGLE INC. GOOGLE IS A GLOBAL TECHNOLOGY LEADER FOCUSED ON IMPROVING THE WAYS PEOPLE CONNECT WITH INFORMATION. GOOGLE’S INNOVATIONS IN WEB SEARCH AND ADVERTISING HAVE MADE ITS WEBSITE A TOP INTERNET PROPERTY AND ITS BRAND ONE OF THE MOST RECOGNIZED IN THE WORLD.","['google announces date of first quarter 2012 financial results conference call', 'mountain view, calif.--business wire--google inc', 'nasdaqgoog will hold its quarterly conference call to discuss first quarter 2012 financial results on thursday, april 12th at 130 p.m', 'pacific time 430 p.m', 'eastern time', 'the live webcast of googles earnings conference call can be accessed at investor.google.comwebcast.html', 'a replay of the webcast will be available through the same link following the conference call', 'please visit googles investor relations website at investor.google.com on april 12th, 2012 to view the earnings release prior to the conference call', 'about google inc', 'google is a global technology leader focused on improving the ways people connect with information', 'googles innovations in web search and advertising have made its website a top internet property and its brand one of the most recognized in the world.']",weakly_positive,0.107290909090909,weakly_positive,weakly_positive
27-02-2012,"CORRECTING AND REPLACING GOOGLE TO PRESENT AT THE MORGAN STANLEY 
      TECHNOLOGY, MEDIA AND TELECOM CONFERENCE","MOUNTAIN VIEW, CALIF.--(BUSINESS WIRE)--FIRST GRAPH, SECOND SENTENCE OF THE RELEASE (DATED FEBRUARY 21, 2012) SHOULD READ: THE SESSION IS SCHEDULED FOR 1:00 P.M. EASTERN TIME / 10:00 A.M. PACIFIC TIME ON TUESDAY, FEBRUARY 28, 2012. (STED THE SESSION IS SCHEDULED FOR 1:45 P.M. EASTERN TIME / 10:45 A.M. PACIFIC TIME ON TUESDAY, FEBRUARY 28, 2012). THE CORRECTED RELEASE READS: GOOGLE TO PRESENT AT THE MORGAN STANLEY TECHNOLOGY, MEDIA AND TELECOM CONFERENCE GOOGLE INC. (NASDAQ:GOOG) ANNOUNCED TODAY THAT SUSAN WOJCICKI, SENIOR VICE PRESIDENT, ADVERTISING, WILL PARTICIPATE IN A QUESTION-AND-ANSWER SESSION AT THE MORGAN STANLEY TECHNOLOGY, MEDIA AND TELECOM CONFERENCE IN SAN FRANCISCO. THE SESSION IS SCHEDULED FOR 1:00 P.M. EASTERN TIME / 10:00 A.M. PACIFIC TIME ON TUESDAY, FEBRUARY 28, 2012. TO ACCESS THE LIVE AUDIO WEBCAST OF THE SESSION, PLEASE VISIT HTTP://INVESTOR.GOOGLE.COM/WEBCAST.HTML. ABOUT GOOGLE INC. GOOGLE IS A GLOBAL TECHNOLOGY LEADER FOCUSED ON IMPROVING THE WAYS PEOPLE CONNECT WITH INFORMATION. GOOGLE’S INNOVATIONS IN WEB SEARCH AND ADVERTISING HAVE MADE ITS WEBSITE A TOP INTERNET PROPERTY AND ITS BRAND ONE OF THE MOST RECOGNIZED IN THE WORLD. GOOGLE IS A TRADEMARK OF GOOGLE INC. ALL OTHER COMPANY AND PRODUCT NAMES MAY BE TRADEMARKS OF THE RESPECTIVE COMPANIES WITH WHICH THEY ARE ASSOCIATED.","CORRECTING AND REPLACING GOOGLE TO PRESENT AT THE MORGAN STANLEY 
      TECHNOLOGY, MEDIA AND TELECOM CONFERENCE. MOUNTAIN VIEW, CALIF.--(BUSINESS WIRE)--FIRST GRAPH, SECOND SENTENCE OF THE RELEASE (DATED FEBRUARY 21, 2012) SHOULD READ: THE SESSION IS SCHEDULED FOR 1:00 P.M. EASTERN TIME / 10:00 A.M. PACIFIC TIME ON TUESDAY, FEBRUARY 28, 2012. (STED THE SESSION IS SCHEDULED FOR 1:45 P.M. EASTERN TIME / 10:45 A.M. PACIFIC TIME ON TUESDAY, FEBRUARY 28, 2012). THE CORRECTED RELEASE READS: GOOGLE TO PRESENT AT THE MORGAN STANLEY TECHNOLOGY, MEDIA AND TELECOM CONFERENCE GOOGLE INC. (NASDAQ:GOOG) ANNOUNCED TODAY THAT SUSAN WOJCICKI, SENIOR VICE PRESIDENT, ADVERTISING, WILL PARTICIPATE IN A QUESTION-AND-ANSWER SESSION AT THE MORGAN STANLEY TECHNOLOGY, MEDIA AND TELECOM CONFERENCE IN SAN FRANCISCO. THE SESSION IS SCHEDULED FOR 1:00 P.M. EASTERN TIME / 10:00 A.M. PACIFIC TIME ON TUESDAY, FEBRUARY 28, 2012. TO ACCESS THE LIVE AUDIO WEBCAST OF THE SESSION, PLEASE VISIT HTTP://INVESTOR.GOOGLE.COM/WEBCAST.HTML. ABOUT GOOGLE INC. GOOGLE IS A GLOBAL TECHNOLOGY LEADER FOCUSED ON IMPROVING THE WAYS PEOPLE CONNECT WITH INFORMATION. GOOGLE’S INNOVATIONS IN WEB SEARCH AND ADVERTISING HAVE MADE ITS WEBSITE A TOP INTERNET PROPERTY AND ITS BRAND ONE OF THE MOST RECOGNIZED IN THE WORLD. GOOGLE IS A TRADEMARK OF GOOGLE INC. ALL OTHER COMPANY AND PRODUCT NAMES MAY BE TRADEMARKS OF THE RESPECTIVE COMPANIES WITH WHICH THEY ARE ASSOCIATED.","['correcting and replacing google to present at the morgan stanley technology, media and telecom conference', 'mountain view, calif.--business wire--first graph, second sentence of the release dated february 21, 2012 should read the session is scheduled for 100 p.m', 'eastern time 1000 a.m', 'pacific time on tuesday, february 28, 2012', 'sted the session is scheduled for 145 p.m', 'eastern time 1045 a.m', 'pacific time on tuesday, february 28, 2012', 'the corrected release reads google to present at the morgan stanley technology, media and telecom conference google inc', 'nasdaqgoog announced today that susan wojcicki, senior vice president, advertising, will participate in a question-and-answer session at the morgan stanley technology, media and telecom conference in san francisco', 'the session is scheduled for 100 p.m', 'eastern time 1000 a.m', 'pacific time on tuesday, february 28, 2012', 'to access the live audio webcast of the session, please visit about google inc', 'google is a global technology leader focused on improving the ways people connect with information', 'googles innovations in web search and advertising have made its website a top internet property and its brand one of the most recognized in the world', 'google is a trademark of google inc', 'all other company and product names may be trademarks of the respective companies with which they are associated.']",weakly_positive,0.0987588235294117,weakly_positive,weakly_positive
06-02-2012,"GOOGLE TO PRESENT AT THE GOLDMAN SACHS TECHNOLOGY AND INTERNET 
      CONFERENCE","MOUNTAIN VIEW, CALIF.--(BUSINESS WIRE)--GOOGLE INC. (NASDAQ:GOOG) ANNOUNCED TODAY THAT SUNDAR PICHAI, SENIOR VICE PRESIDENT, CHROME AND APPS, WILL PARTICIPATE IN A QUESTION-AND-ANSWER SESSION AT THE GOLDMAN SACHS TECHNOLOGY AND INTERNET CONFERENCE IN SAN FRANCISCO. THE SESSION IS SCHEDULED FOR 3:30 P.M. EASTERN TIME / 12:30 P.M. PACIFIC TIME ON THURSDAY, FEBRUARY 16, 2012. TO ACCESS THE LIVE AUDIO WEBCAST OF THE SESSION, PLEASE VISIT HTTP://INVESTOR.GOOGLE.COM/WEBCAST.HTML. ABOUT GOOGLE INC. GOOGLE IS A GLOBAL TECHNOLOGY LEADER FOCUSED ON IMPROVING THE WAYS PEOPLE CONNECT WITH INFORMATION. GOOGLE’S INNOVATIONS IN WEB SEARCH AND ADVERTISING HAVE MADE ITS WEBSITE A TOP INTERNET PROPERTY AND ITS BRAND ONE OF THE MOST RECOGNIZED IN THE WORLD. GOOGLE IS A TRADEMARK OF GOOGLE INC. ALL OTHER COMPANY AND PRODUCT NAMES MAY BE TRADEMARKS OF THE RESPECTIVE COMPANIES WITH WHICH THEY ARE ASSOCIATED.","GOOGLE TO PRESENT AT THE GOLDMAN SACHS TECHNOLOGY AND INTERNET 
      CONFERENCE. MOUNTAIN VIEW, CALIF.--(BUSINESS WIRE)--GOOGLE INC. (NASDAQ:GOOG) ANNOUNCED TODAY THAT SUNDAR PICHAI, SENIOR VICE PRESIDENT, CHROME AND APPS, WILL PARTICIPATE IN A QUESTION-AND-ANSWER SESSION AT THE GOLDMAN SACHS TECHNOLOGY AND INTERNET CONFERENCE IN SAN FRANCISCO. THE SESSION IS SCHEDULED FOR 3:30 P.M. EASTERN TIME / 12:30 P.M. PACIFIC TIME ON THURSDAY, FEBRUARY 16, 2012. TO ACCESS THE LIVE AUDIO WEBCAST OF THE SESSION, PLEASE VISIT HTTP://INVESTOR.GOOGLE.COM/WEBCAST.HTML. ABOUT GOOGLE INC. GOOGLE IS A GLOBAL TECHNOLOGY LEADER FOCUSED ON IMPROVING THE WAYS PEOPLE CONNECT WITH INFORMATION. GOOGLE’S INNOVATIONS IN WEB SEARCH AND ADVERTISING HAVE MADE ITS WEBSITE A TOP INTERNET PROPERTY AND ITS BRAND ONE OF THE MOST RECOGNIZED IN THE WORLD. GOOGLE IS A TRADEMARK OF GOOGLE INC. ALL OTHER COMPANY AND PRODUCT NAMES MAY BE TRADEMARKS OF THE RESPECTIVE COMPANIES WITH WHICH THEY ARE ASSOCIATED.","['google to present at the goldman sachs technology and internet conference', 'mountain view, calif.--business wire--google inc', 'nasdaqgoog announced today that sundar pichai, senior vice president, chrome and apps, will participate in a question-and-answer session at the goldman sachs technology and internet conference in san francisco', 'the session is scheduled for 330 p.m', 'eastern time 1230 p.m', 'pacific time on thursday, february 16, 2012', 'to access the live audio webcast of the session, please visit about google inc', 'google is a global technology leader focused on improving the ways people connect with information', 'googles innovations in web search and advertising have made its website a top internet property and its brand one of the most recognized in the world', 'google is a trademark of google inc', 'all other company and product names may be trademarks of the respective companies with which they are associated.']",weakly_positive,0.1456090909090909,weakly_positive,weakly_positive
09-01-2012,"GOOGLE ANNOUNCES DATE OF FOURTH QUARTER 2011 FINANCIAL RESULTS 
      CONFERENCE CALL","MOUNTAIN VIEW, CALIF.--(BUSINESS WIRE)--GOOGLE INC. (NASDAQ: GOOG) WILL HOLD ITS QUARTERLY CONFERENCE CALL TO DISCUSS FOURTH QUARTER 2011 FINANCIAL RESULTS ON THURSDAY, JANUARY 19TH AT 1:30 P.M. PACIFIC TIME (4:30 P.M. EASTERN TIME). THE LIVE WEBCAST OF GOOGLE’S EARNINGS CONFERENCE CALL CAN BE ACCESSED AT INVESTOR.GOOGLE.COM/WEBCAST.HTML. A REPLAY OF THE WEBCAST WILL BE AVAILABLE THROUGH THE SAME LINK FOLLOWING THE CONFERENCE CALL. PLEASE VISIT GOOGLE’S INVESTOR RELATIONS WEBSITE AT INVESTOR.GOOGLE.COM ON JANUARY 19TH, 2012 TO VIEW THE EARNINGS RELEASE PRIOR TO THE CONFERENCE CALL. ABOUT GOOGLE INC. GOOGLE IS A GLOBAL TECHNOLOGY LEADER FOCUSED ON IMPROVING THE WAYS PEOPLE CONNECT WITH INFORMATION. GOOGLE’S INNOVATIONS IN WEB SEARCH AND ADVERTISING HAVE MADE ITS WEBSITE A TOP INTERNET PROPERTY AND ITS BRAND ONE OF THE MOST RECOGNIZED IN THE WORLD.","GOOGLE ANNOUNCES DATE OF FOURTH QUARTER 2011 FINANCIAL RESULTS 
      CONFERENCE CALL. MOUNTAIN VIEW, CALIF.--(BUSINESS WIRE)--GOOGLE INC. (NASDAQ: GOOG) WILL HOLD ITS QUARTERLY CONFERENCE CALL TO DISCUSS FOURTH QUARTER 2011 FINANCIAL RESULTS ON THURSDAY, JANUARY 19TH AT 1:30 P.M. PACIFIC TIME (4:30 P.M. EASTERN TIME). THE LIVE WEBCAST OF GOOGLE’S EARNINGS CONFERENCE CALL CAN BE ACCESSED AT INVESTOR.GOOGLE.COM/WEBCAST.HTML. A REPLAY OF THE WEBCAST WILL BE AVAILABLE THROUGH THE SAME LINK FOLLOWING THE CONFERENCE CALL. PLEASE VISIT GOOGLE’S INVESTOR RELATIONS WEBSITE AT INVESTOR.GOOGLE.COM ON JANUARY 19TH, 2012 TO VIEW THE EARNINGS RELEASE PRIOR TO THE CONFERENCE CALL. ABOUT GOOGLE INC. GOOGLE IS A GLOBAL TECHNOLOGY LEADER FOCUSED ON IMPROVING THE WAYS PEOPLE CONNECT WITH INFORMATION. GOOGLE’S INNOVATIONS IN WEB SEARCH AND ADVERTISING HAVE MADE ITS WEBSITE A TOP INTERNET PROPERTY AND ITS BRAND ONE OF THE MOST RECOGNIZED IN THE WORLD.","['google announces date of fourth quarter 2011 financial results conference call', 'mountain view, calif.--business wire--google inc', 'nasdaq goog will hold its quarterly conference call to discuss fourth quarter 2011 financial results on thursday, january 19th at 130 p.m', 'pacific time 430 p.m', 'eastern time', 'the live webcast of googles earnings conference call can be accessed at investor.google.comwebcast.html', 'a replay of the webcast will be available through the same link following the conference call', 'please visit googles investor relations website at investor.google.com on january 19th, 2012 to view the earnings release prior to the conference call', 'about google inc', 'google is a global technology leader focused on improving the ways people connect with information', 'googles innovations in web search and advertising have made its website a top internet property and its brand one of the most recognized in the world.']",weakly_positive,0.107290909090909,weakly_positive,weakly_positive
01-11-2011,GOOGLE TO PRESENT AT THE CITIGROUP FINANCIAL TECHNOLOGY CONFERENCE,"MOUNTAIN VIEW, CALIF.--(BUSINESS WIRE)--GOOGLE INC. (NASDAQ:GOOG) ANNOUNCED TODAY THAT STEPHANIE TILENIUS, VICE PRESIDENT, COMMERCE, WILL PARTICIPATE IN A QUESTION-AND-ANSWER SESSION AT THE CITIGROUP FINANCIAL TECHNOLOGY CONFERENCE IN BOSTON. THE SESSION IS SCHEDULED FOR 1:05 P.M. EASTERN TIME / 10:05 A.M. PACIFIC TIME ON TUESDAY, NOVEMBER 8, 2011. TO ACCESS THE LIVE AUDIO WEBCAST OF THE SESSION, PLEASE VISIT HTTP://INVESTOR.GOOGLE.COM/WEBCAST.HTML. ABOUT GOOGLE INC. GOOGLE IS A GLOBAL TECHNOLOGY LEADER FOCUSED ON IMPROVING THE WAYS PEOPLE CONNECT WITH INFORMATION. GOOGLE’S INNOVATIONS IN WEB SEARCH AND ADVERTISING HAVE MADE ITS WEBSITE A TOP INTERNET PROPERTY AND ITS BRAND ONE OF THE MOST RECOGNIZED IN THE WORLD. GOOGLE IS A TRADEMARK OF GOOGLE INC. ALL OTHER COMPANY AND PRODUCT NAMES MAY BE TRADEMARKS OF THE RESPECTIVE COMPANIES WITH WHICH THEY ARE ASSOCIATED.","GOOGLE TO PRESENT AT THE CITIGROUP FINANCIAL TECHNOLOGY CONFERENCE. MOUNTAIN VIEW, CALIF.--(BUSINESS WIRE)--GOOGLE INC. (NASDAQ:GOOG) ANNOUNCED TODAY THAT STEPHANIE TILENIUS, VICE PRESIDENT, COMMERCE, WILL PARTICIPATE IN A QUESTION-AND-ANSWER SESSION AT THE CITIGROUP FINANCIAL TECHNOLOGY CONFERENCE IN BOSTON. THE SESSION IS SCHEDULED FOR 1:05 P.M. EASTERN TIME / 10:05 A.M. PACIFIC TIME ON TUESDAY, NOVEMBER 8, 2011. TO ACCESS THE LIVE AUDIO WEBCAST OF THE SESSION, PLEASE VISIT HTTP://INVESTOR.GOOGLE.COM/WEBCAST.HTML. ABOUT GOOGLE INC. GOOGLE IS A GLOBAL TECHNOLOGY LEADER FOCUSED ON IMPROVING THE WAYS PEOPLE CONNECT WITH INFORMATION. GOOGLE’S INNOVATIONS IN WEB SEARCH AND ADVERTISING HAVE MADE ITS WEBSITE A TOP INTERNET PROPERTY AND ITS BRAND ONE OF THE MOST RECOGNIZED IN THE WORLD. GOOGLE IS A TRADEMARK OF GOOGLE INC. ALL OTHER COMPANY AND PRODUCT NAMES MAY BE TRADEMARKS OF THE RESPECTIVE COMPANIES WITH WHICH THEY ARE ASSOCIATED.","['google to present at the citigroup financial technology conference', 'mountain view, calif.--business wire--google inc', 'nasdaqgoog announced today that stephanie tilenius, vice president, commerce, will participate in a question-and-answer session at the citigroup financial technology conference in boston', 'the session is scheduled for 105 p.m', 'eastern time 1005 a.m', 'pacific time on tuesday, november 8, 2011', 'to access the live audio webcast of the session, please visit about google inc', 'google is a global technology leader focused on improving the ways people connect with information', 'googles innovations in web search and advertising have made its website a top internet property and its brand one of the most recognized in the world', 'google is a trademark of google inc', 'all other company and product names may be trademarks of the respective companies with which they are associated.']",weakly_positive,0.1456090909090909,weakly_positive,weakly_positive
03-10-2011,GOOGLE ANNOUNCES THIRD QUARTER 2011 FINANCIAL RESULTS CONFERENCE CALL,"MOUNTAIN VIEW, CALIF.--(BUSINESS WIRE)--GOOGLE INC. (NASDAQ:GOOG) WILL HOLD ITS QUARTERLY CONFERENCE CALL TO DISCUSS THIRD QUARTER 2011 FINANCIAL RESULTS ON THURSDAY, OCT 13, 2011 AT 1:30 P.M. PACIFIC TIME (4:30 P.M. EASTERN TIME). THE LIVE WEBCAST OF GOOGLE’S EARNINGS CONFERENCE CALL CAN BE ACCESSED AT INVESTOR.GOOGLE.COM/WEBCAST.HTML. A REPLAY OF THE WEBCAST WILL BE AVAILABLE THROUGH THE SAME LINK FOLLOWING THE CONFERENCE CALL. PLEASE VISIT GOOGLE’S INVESTOR RELATIONS WEBSITE AT INVESTOR.GOOGLE.COM ON OCT 13, 2011 TO VIEW THE EARNINGS RELEASE PRIOR TO THE CONFERENCE CALL. ABOUT GOOGLE INC. GOOGLE IS A GLOBAL TECHNOLOGY LEADER FOCUSED ON IMPROVING THE WAYS PEOPLE CONNECT WITH INFORMATION. GOOGLE’S INNOVATIONS IN WEB SEARCH AND ADVERTISING HAVE MADE ITS WEBSITE A TOP INTERNET PROPERTY AND ITS BRAND ONE OF THE MOST RECOGNIZED IN THE WORLD.","GOOGLE ANNOUNCES THIRD QUARTER 2011 FINANCIAL RESULTS CONFERENCE CALL. MOUNTAIN VIEW, CALIF.--(BUSINESS WIRE)--GOOGLE INC. (NASDAQ:GOOG) WILL HOLD ITS QUARTERLY CONFERENCE CALL TO DISCUSS THIRD QUARTER 2011 FINANCIAL RESULTS ON THURSDAY, OCT 13, 2011 AT 1:30 P.M. PACIFIC TIME (4:30 P.M. EASTERN TIME). THE LIVE WEBCAST OF GOOGLE’S EARNINGS CONFERENCE CALL CAN BE ACCESSED AT INVESTOR.GOOGLE.COM/WEBCAST.HTML. A REPLAY OF THE WEBCAST WILL BE AVAILABLE THROUGH THE SAME LINK FOLLOWING THE CONFERENCE CALL. PLEASE VISIT GOOGLE’S INVESTOR RELATIONS WEBSITE AT INVESTOR.GOOGLE.COM ON OCT 13, 2011 TO VIEW THE EARNINGS RELEASE PRIOR TO THE CONFERENCE CALL. ABOUT GOOGLE INC. GOOGLE IS A GLOBAL TECHNOLOGY LEADER FOCUSED ON IMPROVING THE WAYS PEOPLE CONNECT WITH INFORMATION. GOOGLE’S INNOVATIONS IN WEB SEARCH AND ADVERTISING HAVE MADE ITS WEBSITE A TOP INTERNET PROPERTY AND ITS BRAND ONE OF THE MOST RECOGNIZED IN THE WORLD.","['google announces third quarter 2011 financial results conference call', 'mountain view, calif.--business wire--google inc', 'nasdaqgoog will hold its quarterly conference call to discuss third quarter 2011 financial results on thursday, oct 13, 2011 at 130 p.m', 'pacific time 430 p.m', 'eastern time', 'the live webcast of googles earnings conference call can be accessed at investor.google.comwebcast.html', 'a replay of the webcast will be available through the same link following the conference call', 'please visit googles investor relations website at investor.google.com on oct 13, 2011 to view the earnings release prior to the conference call', 'about google inc', 'google is a global technology leader focused on improving the ways people connect with information', 'googles innovations in web search and advertising have made its website a top internet property and its brand one of the most recognized in the world.']",weakly_positive,0.107290909090909,weakly_positive,weakly_positive
19-09-2011,VISA AND GOOGLE SIGN LICENSING DEAL TO BOOST MOBILE PAYMENT ADOPTION,"SAN FRANCISCO--(BUSINESS WIRE)--VISA INC., VISA EUROPE AND GOOGLE TODAY ANNOUNCED THAT GOOGLE HAS RECEIVED A WORLDWIDE LICENSE TO VISA PAYWAVE, AN INNOVATIVE NFC-BASED PAYMENT TECHNOLOGY. VISA PAYWAVE ENABLES CONSUMERS TO MAKE FAST AND SECURE PAYMENTS AT RETAIL LOCATIONS BY WAVING THEIR MOBILE PHONE IN FRONT OF A PAYMENT TERMINAL AND IS CURRENTLY ACCEPTED AT HUNDREDS OF THOUSANDS OF RETAIL LOCATIONS WORLDWIDE. THE AGREEMENT SETS THE STAGE FOR VISA-ISSUING BANKS WORLDWIDE TO ENABLE VISA ACCOUNT HOLDERS TO ADD THEIR CREDIT, DEBIT AND PREPAID ACCOUNTS TO GOOGLE WALLET – A MOBILE APPLICATION THAT TURNS A SMART PHONE INTO A DIGITAL WALLET. THIS IS THE LATEST EFFORT BY VISA AND GOOGLE TO SIMPLIFY THE CONSUMER SHOPPING EXPERIENCE BY ENABLING THEM TO MAKE MOBILE PAYMENTS USING THEIR MOBILE PHONES. “MOBILE TECHNOLOGY IS TRANSFORMING HOW PEOPLE PAY FOR GOODS AND SERVICES,” SAID JIM MCCARTHY, GLOBAL HEAD OF PRODUCT, VISA INC. “THIS AGREEMENT BUILDS ON VISA’S STRATEGY OF ENABLING CONSUMERS TO MAKE MOBILE PAYMENTS WITH WHATEVER DEVICE THEY CHOOSE USING THE TRUSTED ACCOUNTS THEY ALREADY HAVE.” “THIS AGREEMENT EXTENDS GOOGLE WALLET TO VISA ACCOUNT HOLDERS WORLDWIDE,” SAID STEPHANIE TILENIUS, VICE PRESIDENT OF COMMERCE AND PAYMENTS AT GOOGLE. “THIS IS A CRUCIAL STEP TOWARDS REALIZING OUR SHARED VISION FOR THE FUTURE OF MOBILE COMMERCE – ONE THAT CREATES A RICH SHOPPING EXPERIENCE FOR CONSUMERS AND MERCHANTS ALIKE.” TODAY’S NEWS FURTHERS VISA’S PROGRESS IN MAKING ITS PRODUCTS AVAILABLE AS A PAYMENT OPTION IN ANY DIGITAL WALLET. THIS INCLUDES VISA’S OWN DIGITAL WALLET ANNOUNCED EARLIER THIS YEAR WHICH IS DESIGNED TO PROVIDE CONSUMERS WITH “CLICK-TO-BUY” PAYMENT FUNCTIONALITY AND ACCESS TO THEIR VISA AND NON-VISA ACCOUNTS USING A PERSONAL COMPUTER OR SMART PHONE, TO MAKE PURCHASES ONLINE AND AT RETAIL LOCATIONS. GOOGLE WALLET IS DESIGNED TO ENABLE AN OPEN COMMERCE ECOSYSTEM ENABLING CONSUMERS TO CARRY PAYMENT CARDS, OFFERS, LOYALTY AND GIFT CARDS -- AND EVENTUALLY MUCH MORE. GOOGLE IS ALSO WORKING WITH TOP RETAIL BRANDS TO CREATE A NEW MOBILE SHOPPING EXPERIENCE. ABOUT VISA INC.: VISA INC. (NYSE:V) IS A GLOBAL PAYMENTS TECHNOLOGY COMPANY THAT CONNECTS CONSUMERS, BUSINESSES, FINANCIAL INSTITUTIONS AND GOVERNMENTS IN MORE THAN 200 COUNTRIES AND TERRITORIES TO FAST, SECURE AND RELIABLE DIGITAL CURRENCY. UNDERPINNING DIGITAL CURRENCY IS ONE OF THE WORLD’S MOST ADVANCED PROCESSING NETWORKS—VISANET—THAT IS CAPABLE OF HANDLING MORE THAN 20,000 TRANSACTION MESSAGES A SECOND, WITH FRAUD PROTECTION FOR CONSUMERS AND GUARANTEED PAYMENT FOR MERCHANTS. VISA IS NOT A BANK, AND DOES NOT ISSUE CARDS, EXTEND CREDIT OR SET RATES AND FEES FOR CONSUMERS. VISA’S INNOVATIONS, HOWEVER, ENABLE ITS FINANCIAL INSTITUTION CUSTOMERS TO OFFER CONSUMERS MORE CHOICES: PAY NOW WITH DEBIT, AHEAD OF TIME WITH PREPAID OR LATER WITH CREDIT PRODUCTS. FOR MORE INFORMATION, VISIT WWW.CORPORATE.VISA.COM. ABOUT VISA EUROPE: AS A LEADER IN THE DEVELOPMENT AND IMPLEMENTATION OF PAYMENTS TECHNOLOGIES, VISA EUROPE IS AT THE FOREFRONT OF CONTACTLESS AND MOBILE PAYMENT INNOVATION IN EUROPE. VISA EUROPE IS OWNED AND OPERATED BY MORE THAN 4,000 EUROPEAN MEMBER BANKS AND WAS INCORPORATED IN JULY 2004. IN OCTOBER 2007, VISA EUROPE BECAME INDEPENDENT OF THE NEW GLOBAL VISA INC., WITH AN EXCLUSIVE, IRREVOCABLE AND PERPETUAL LICENCE IN EUROPE. AS A DEDICATED EUROPEAN PAYMENT SYSTEM IT IS ABLE TO RESPOND QUICKLY TO THE SPECIFIC MARKET NEEDS OF EUROPEAN BANKS AND THEIR CUSTOMERS - CARDHOLDERS AND RETAILERS - AND TO MEET THE EUROPEAN COMMISSION’S OBJECTIVE TO CREATE A TRUE INTERNAL MARKET FOR PAYMENTS. FOR MORE INFORMATION, VISIT WWW.VISAEUROPE.COM. ABOUT GOOGLE: GOOGLE (NASDAQ: GOOG) IS A GLOBAL TECHNOLOGY LEADER FOCUSED ON IMPROVING THE WAYS PEOPLE CONNECT WITH INFORMATION. GOOGLE’S INNOVATIONS IN WEB SEARCH AND ADVERTISING HAVE MADE ITS WEBSITE A TOP INTERNET PROPERTY AND ITS BRAND ONE OF THE MOST RECOGNIZED IN THE WORLD. FOR MORE INFORMATION, VISIT WWW.GOOGLE.COM/ABOUT.HTML.","VISA AND GOOGLE SIGN LICENSING DEAL TO BOOST MOBILE PAYMENT ADOPTION. SAN FRANCISCO--(BUSINESS WIRE)--VISA INC., VISA EUROPE AND GOOGLE TODAY ANNOUNCED THAT GOOGLE HAS RECEIVED A WORLDWIDE LICENSE TO VISA PAYWAVE, AN INNOVATIVE NFC-BASED PAYMENT TECHNOLOGY. VISA PAYWAVE ENABLES CONSUMERS TO MAKE FAST AND SECURE PAYMENTS AT RETAIL LOCATIONS BY WAVING THEIR MOBILE PHONE IN FRONT OF A PAYMENT TERMINAL AND IS CURRENTLY ACCEPTED AT HUNDREDS OF THOUSANDS OF RETAIL LOCATIONS WORLDWIDE. THE AGREEMENT SETS THE STAGE FOR VISA-ISSUING BANKS WORLDWIDE TO ENABLE VISA ACCOUNT HOLDERS TO ADD THEIR CREDIT, DEBIT AND PREPAID ACCOUNTS TO GOOGLE WALLET – A MOBILE APPLICATION THAT TURNS A SMART PHONE INTO A DIGITAL WALLET. THIS IS THE LATEST EFFORT BY VISA AND GOOGLE TO SIMPLIFY THE CONSUMER SHOPPING EXPERIENCE BY ENABLING THEM TO MAKE MOBILE PAYMENTS USING THEIR MOBILE PHONES. “MOBILE TECHNOLOGY IS TRANSFORMING HOW PEOPLE PAY FOR GOODS AND SERVICES,” SAID JIM MCCARTHY, GLOBAL HEAD OF PRODUCT, VISA INC. “THIS AGREEMENT BUILDS ON VISA’S STRATEGY OF ENABLING CONSUMERS TO MAKE MOBILE PAYMENTS WITH WHATEVER DEVICE THEY CHOOSE USING THE TRUSTED ACCOUNTS THEY ALREADY HAVE.” “THIS AGREEMENT EXTENDS GOOGLE WALLET TO VISA ACCOUNT HOLDERS WORLDWIDE,” SAID STEPHANIE TILENIUS, VICE PRESIDENT OF COMMERCE AND PAYMENTS AT GOOGLE. “THIS IS A CRUCIAL STEP TOWARDS REALIZING OUR SHARED VISION FOR THE FUTURE OF MOBILE COMMERCE – ONE THAT CREATES A RICH SHOPPING EXPERIENCE FOR CONSUMERS AND MERCHANTS ALIKE.” TODAY’S NEWS FURTHERS VISA’S PROGRESS IN MAKING ITS PRODUCTS AVAILABLE AS A PAYMENT OPTION IN ANY DIGITAL WALLET. THIS INCLUDES VISA’S OWN DIGITAL WALLET ANNOUNCED EARLIER THIS YEAR WHICH IS DESIGNED TO PROVIDE CONSUMERS WITH “CLICK-TO-BUY” PAYMENT FUNCTIONALITY AND ACCESS TO THEIR VISA AND NON-VISA ACCOUNTS USING A PERSONAL COMPUTER OR SMART PHONE, TO MAKE PURCHASES ONLINE AND AT RETAIL LOCATIONS. GOOGLE WALLET IS DESIGNED TO ENABLE AN OPEN COMMERCE ECOSYSTEM ENABLING CONSUMERS TO CARRY PAYMENT CARDS, OFFERS, LOYALTY AND GIFT CARDS -- AND EVENTUALLY MUCH MORE. GOOGLE IS ALSO WORKING WITH TOP RETAIL BRANDS TO CREATE A NEW MOBILE SHOPPING EXPERIENCE. ABOUT VISA INC.: VISA INC. (NYSE:V) IS A GLOBAL PAYMENTS TECHNOLOGY COMPANY THAT CONNECTS CONSUMERS, BUSINESSES, FINANCIAL INSTITUTIONS AND GOVERNMENTS IN MORE THAN 200 COUNTRIES AND TERRITORIES TO FAST, SECURE AND RELIABLE DIGITAL CURRENCY. UNDERPINNING DIGITAL CURRENCY IS ONE OF THE WORLD’S MOST ADVANCED PROCESSING NETWORKS—VISANET—THAT IS CAPABLE OF HANDLING MORE THAN 20,000 TRANSACTION MESSAGES A SECOND, WITH FRAUD PROTECTION FOR CONSUMERS AND GUARANTEED PAYMENT FOR MERCHANTS. VISA IS NOT A BANK, AND DOES NOT ISSUE CARDS, EXTEND CREDIT OR SET RATES AND FEES FOR CONSUMERS. VISA’S INNOVATIONS, HOWEVER, ENABLE ITS FINANCIAL INSTITUTION CUSTOMERS TO OFFER CONSUMERS MORE CHOICES: PAY NOW WITH DEBIT, AHEAD OF TIME WITH PREPAID OR LATER WITH CREDIT PRODUCTS. FOR MORE INFORMATION, VISIT WWW.CORPORATE.VISA.COM. ABOUT VISA EUROPE: AS A LEADER IN THE DEVELOPMENT AND IMPLEMENTATION OF PAYMENTS TECHNOLOGIES, VISA EUROPE IS AT THE FOREFRONT OF CONTACTLESS AND MOBILE PAYMENT INNOVATION IN EUROPE. VISA EUROPE IS OWNED AND OPERATED BY MORE THAN 4,000 EUROPEAN MEMBER BANKS AND WAS INCORPORATED IN JULY 2004. IN OCTOBER 2007, VISA EUROPE BECAME INDEPENDENT OF THE NEW GLOBAL VISA INC., WITH AN EXCLUSIVE, IRREVOCABLE AND PERPETUAL LICENCE IN EUROPE. AS A DEDICATED EUROPEAN PAYMENT SYSTEM IT IS ABLE TO RESPOND QUICKLY TO THE SPECIFIC MARKET NEEDS OF EUROPEAN BANKS AND THEIR CUSTOMERS - CARDHOLDERS AND RETAILERS - AND TO MEET THE EUROPEAN COMMISSION’S OBJECTIVE TO CREATE A TRUE INTERNAL MARKET FOR PAYMENTS. FOR MORE INFORMATION, VISIT WWW.VISAEUROPE.COM. ABOUT GOOGLE: GOOGLE (NASDAQ: GOOG) IS A GLOBAL TECHNOLOGY LEADER FOCUSED ON IMPROVING THE WAYS PEOPLE CONNECT WITH INFORMATION. GOOGLE’S INNOVATIONS IN WEB SEARCH AND ADVERTISING HAVE MADE ITS WEBSITE A TOP INTERNET PROPERTY AND ITS BRAND ONE OF THE MOST RECOGNIZED IN THE WORLD. FOR MORE INFORMATION, VISIT WWW.GOOGLE.COM/ABOUT.HTML.","['visa and google sign licensing deal to boost mobile payment adoption', 'san francisco--business wire--visa inc., visa europe and google today announced that google has received a worldwide license to visa paywave, an innovative nfc-based payment technology', 'visa paywave enables consumers to make fast and secure payments at retail locations by waving their mobile phone in front of a payment terminal and is currently accepted at hundreds of thousands of retail locations worldwide', 'the agreement sets the stage for visa-issuing banks worldwide to enable visa account holders to add their credit, debit and prepaid accounts to google wallet a mobile application that turns a smart phone into a digital wallet', 'this is the latest effort by visa and google to simplify the consumer shopping experience by enabling them to make mobile payments using their mobile phones', 'mobile technology is transforming how people pay for goods and services, said jim mccarthy, global head of product, visa inc', 'this agreement builds on visas strategy of enabling consumers to make mobile payments with whatever device they choose using the trusted accounts they already have', 'this agreement extends google wallet to visa account holders worldwide, said stephanie tilenius, vice president of commerce and payments at google', 'this is a crucial step towards realizing our shared vision for the future of mobile commerce one that creates a rich shopping experience for consumers and merchants alike', 'todays news furthers visas progress in making its products available as a payment option in any digital wallet', 'this includes visas own digital wallet announced earlier this year which is designed to provide consumers with click-to-buy payment functionality and access to their visa and non-visa accounts using a personal computer or smart phone, to make purchases online and at retail locations', 'google wallet is designed to enable an open commerce ecosystem enabling consumers to carry payment cards, offers, loyalty and gift cards -- and eventually much more', 'google is also working with top retail brands to create a new mobile shopping experience', 'about visa inc', 'visa inc', 'nysev is a global payments technology company that connects consumers, businesses, financial institutions and governments in more than 200 countries and territories to fast, secure and reliable digital currency', 'underpinning digital currency is one of the worlds most advanced processing networksvisanetthat is capable of handling more than 20,000 transaction messages a second, with fraud protection for consumers and guaranteed payment for merchants', 'visa is not a bank, and does not issue cards, extend credit or set rates and fees for consumers', 'visas innovations, however, enable its financial institution customers to offer consumers more choices pay now with debit, ahead of time with prepaid or later with credit products', 'for more information, visit about visa europe as a leader in the development and implementation of payments technologies, visa europe is at the forefront of contactless and mobile payment innovation in europe', 'visa europe is owned and operated by more than 4,000 european member banks and was incorporated in july 2004', 'in october 2007, visa europe became independent of the new global visa inc., with an exclusive, irrevocable and perpetual licence in europe', 'as a dedicated european payment system it is able to respond quickly to the specific market needs of european banks and their customers - cardholders and retailers - and to meet the european commissions objective to create a true internal market for payments', 'for more information, visit about google google nasdaq goog is a global technology leader focused on improving the ways people connect with information', 'googles innovations in web search and advertising have made its website a top internet property and its brand one of the most recognized in the world', 'for more information, visit']",weakly_positive,0.3574576923076922,weakly_positive,weakly_positive
29-08-2011,GOOGLE TO PRESENT AT THE CITIGROUP TECHNOLOGY CONFERENCE,"MOUNTAIN VIEW, CALIF.--(BUSINESS WIRE)--GOOGLE INC. (NASDAQ:GOOG) ANNOUNCED TODAY THAT BRAD BENDER, DIRECTOR, DISPLAY PRODUCT MANAGEMENT, WILL PARTICIPATE IN A QUESTION-AND-ANSWER SESSION AT THE CITIGROUP TECHNOLOGY CONFERENCE IN NEW YORK. THE SESSION IS SCHEDULED FOR 2:55 P.M. EASTERN TIME / 11:55 A.M. PACIFIC TIME ON THURSDAY, SEPTEMBER 8, 2011. TO ACCESS THE LIVE AUDIO WEBCAST OF THE SESSION, PLEASE VISIT HTTP://INVESTOR.GOOGLE.COM/WEBCAST.HTML. ABOUT GOOGLE INC. GOOGLE IS A GLOBAL TECHNOLOGY LEADER FOCUSED ON IMPROVING THE WAYS PEOPLE CONNECT WITH INFORMATION. GOOGLE’S INNOVATIONS IN WEB SEARCH AND ADVERTISING HAVE MADE ITS WEBSITE A TOP INTERNET PROPERTY AND ITS BRAND ONE OF THE MOST RECOGNIZED IN THE WORLD. GOOGLE IS A TRADEMARK OF GOOGLE INC. ALL OTHER COMPANY AND PRODUCT NAMES MAY BE TRADEMARKS OF THE RESPECTIVE COMPANIES WITH WHICH THEY ARE ASSOCIATED.","GOOGLE TO PRESENT AT THE CITIGROUP TECHNOLOGY CONFERENCE. MOUNTAIN VIEW, CALIF.--(BUSINESS WIRE)--GOOGLE INC. (NASDAQ:GOOG) ANNOUNCED TODAY THAT BRAD BENDER, DIRECTOR, DISPLAY PRODUCT MANAGEMENT, WILL PARTICIPATE IN A QUESTION-AND-ANSWER SESSION AT THE CITIGROUP TECHNOLOGY CONFERENCE IN NEW YORK. THE SESSION IS SCHEDULED FOR 2:55 P.M. EASTERN TIME / 11:55 A.M. PACIFIC TIME ON THURSDAY, SEPTEMBER 8, 2011. TO ACCESS THE LIVE AUDIO WEBCAST OF THE SESSION, PLEASE VISIT HTTP://INVESTOR.GOOGLE.COM/WEBCAST.HTML. ABOUT GOOGLE INC. GOOGLE IS A GLOBAL TECHNOLOGY LEADER FOCUSED ON IMPROVING THE WAYS PEOPLE CONNECT WITH INFORMATION. GOOGLE’S INNOVATIONS IN WEB SEARCH AND ADVERTISING HAVE MADE ITS WEBSITE A TOP INTERNET PROPERTY AND ITS BRAND ONE OF THE MOST RECOGNIZED IN THE WORLD. GOOGLE IS A TRADEMARK OF GOOGLE INC. ALL OTHER COMPANY AND PRODUCT NAMES MAY BE TRADEMARKS OF THE RESPECTIVE COMPANIES WITH WHICH THEY ARE ASSOCIATED.","['google to present at the citigroup technology conference', 'mountain view, calif.--business wire--google inc', 'nasdaqgoog announced today that brad bender, director, display product management, will participate in a question-and-answer session at the citigroup technology conference in new york', 'the session is scheduled for 255 p.m', 'eastern time 1155 a.m', 'pacific time on thursday, september 8, 2011', 'to access the live audio webcast of the session, please visit about google inc', 'google is a global technology leader focused on improving the ways people connect with information', 'googles innovations in web search and advertising have made its website a top internet property and its brand one of the most recognized in the world', 'google is a trademark of google inc', 'all other company and product names may be trademarks of the respective companies with which they are associated.']",weakly_positive,0.1456090909090909,weakly_positive,weakly_positive
15-08-2011,GOOGLE TO ACQUIRE MOTOROLA MOBILITY,"MOUNTAIN VIEW, CALIF. & LIBERTYVILLE, ILL.--(BUSINESS WIRE)--GOOGLE INC. (NASDAQ: GOOG) AND MOTOROLA MOBILITY HOLDINGS, INC. (NYSE: MMI) TODAY ANNOUNCED THAT THEY HAVE ENTERED INTO A DEFINITIVE AGREEMENT UNDER WHICH GOOGLE WILL ACQUIRE MOTOROLA MOBILITY FOR $40.00 PER SHARE IN CASH, OR A TOTAL OF ABOUT $12.5 BILLION, A PREMIUM OF 63% TO THE CLOSING PRICE OF MOTOROLA MOBILITY SHARES ON FRIDAY, AUGUST 12, 2011. THE TRANSACTION WAS UNANIMOUSLY APPROVED BY THE BOARDS OF DIRECTORS OF BOTH COMPANIES. THE ACQUISITION OF MOTOROLA MOBILITY, A DEDICATED ANDROID PARTNER, WILL ENABLE GOOGLE TO SUPERCHARGE THE ANDROID ECOSYSTEM AND WILL ENHANCE COMPETITION IN MOBILE COMPUTING. MOTOROLA MOBILITY WILL REMAIN A LICENSEE OF ANDROID AND ANDROID WILL REMAIN OPEN. GOOGLE WILL RUN MOTOROLA MOBILITY AS A SEPARATE BUSINESS. LARRY PAGE, CEO OF GOOGLE, SAID, “MOTOROLA MOBILITY’S TOTAL COMMITMENT TO ANDROID HAS CREATED A NATURAL FIT FOR OUR TWO COMPANIES. TOGETHER, WE WILL CREATE AMAZING USER EXPERIENCES THAT SUPERCHARGE THE ENTIRE ANDROID ECOSYSTEM FOR THE BENEFIT OF CONSUMERS, PARTNERS AND DEVELOPERS. I LOOK FORWARD TO WELCOMING MOTOROLANS TO OUR FAMILY OF GOOGLERS.” SANJAY JHA, CEO OF MOTOROLA MOBILITY, SAID, “THIS TRANSACTION OFFERS SIGNIFICANT VALUE FOR MOTOROLA MOBILITY’S STOCKHOLDERS AND PROVIDES COMPELLING NEW OPPORTUNITIES FOR OUR EMPLOYEES, CUSTOMERS, AND PARTNERS AROUND THE WORLD. WE HAVE SHARED A PRODUCTIVE PARTNERSHIP WITH GOOGLE TO ADVANCE THE ANDROID PLATFORM, AND NOW THROUGH THIS COMBINATION WE WILL BE ABLE TO DO EVEN MORE TO INNOVATE AND DELIVER OUTSTANDING MOBILITY SOLUTIONS ACROSS OUR MOBILE DEVICES AND HOME BUSINESSES.” ANDY RUBIN, SENIOR VICE PRESIDENT OF MOBILE AT GOOGLE, SAID, “WE EXPECT THAT THIS COMBINATION WILL ENABLE US TO BREAK NEW GROUND FOR THE ANDROID ECOSYSTEM. HOWEVER, OUR VISION FOR ANDROID IS UNCHANGED AND GOOGLE REMAINS FIRMLY COMMITTED TO ANDROID AS AN OPEN PLATFORM AND A VIBRANT OPEN SOURCE COMMUNITY. WE WILL CONTINUE TO WORK WITH ALL OF OUR VALUED ANDROID PARTNERS TO DEVELOP AND DISTRIBUTE INNOVATIVE ANDROID-POWERED DEVICES.” THE TRANSACTION IS SUBJECT TO CUSTOMARY CLOSING CONDITIONS, INCLUDING THE RECEIPT OF REGULATORY APPROVALS IN THE US, THE EUROPEAN UNION AND OTHER JURISDICTIONS, AND THE APPROVAL OF MOTOROLA MOBILITY’S STOCKHOLDERS. THE TRANSACTION IS EXPECTED TO CLOSE BY THE END OF 2011 OR EARLY 2012. WEBCAST INFORMATION GOOGLE AND MOTOROLA MOBILITY WILL HOLD A CONFERENCE CALL WITH FINANCIAL ANALYSTS TO DISCUSS THIS ANNOUNCEMENT TODAY AT 8:30AM ET. THE TOLL-FREE DIAL-IN NUMBER FOR THE CALL IS 877-616-4476 (CONFERENCE ID: 92149124). THE CALL WILL ALSO BE WEBCAST LIVE AT HTTP://INVESTOR.SHAREHOLDER.COM/MEDIA/EVENTDETAIL.CFM?EVENTID=101369&COMPANYID=ABEA-3VZHGF&E=1&MEDIAKEY=A21887C59EBAAC12F1BCF4D43C080953. THE WEBCAST VERSION OF THE CONFERENCE CALL WILL BE AVAILABLE THROUGH THE SAME LINK FOLLOWING THE CONFERENCE CALL. ABOUT GOOGLE INC. GOOGLE'S INNOVATIVE SEARCH TECHNOLOGIES CONNECT MILLIONS OF PEOPLE AROUND THE WORLD WITH INFORMATION EVERY DAY. FOUNDED IN 1998 BY STANFORD PH.D. STUDENTS LARRY PAGE AND SERGEY BRIN, GOOGLE TODAY IS A TOP WEB PROPERTY IN ALL MAJOR GLOBAL MARKETS. GOOGLE'S TARGETED ADVERTISING PROGRAM PROVIDES BUSINESSES OF ALL SIZES WITH MEASURABLE RESULTS, WHILE ENHANCING THE OVERALL WEB EXPERIENCE FOR USERS. GOOGLE IS HEADQUARTERED IN SILICON VALLEY WITH OFFICES THROUGHOUT THE AMERICAS, EUROPE AND ASIA. FOR MORE INFORMATION, VISIT WWW.GOOGLE.COM. ABOUT MOTOROLA MOBILITY MOTOROLA MOBILITY HOLDINGS, INC. FUSES INNOVATIVE TECHNOLOGY WITH HUMAN INSIGHTS TO CREATE EXPERIENCES THAT SIMPLIFY, CONNECT AND ENRICH PEOPLE'S LIVES. OUR PORTFOLIO INCLUDES CONVERGED MOBILE DEVICES SUCH AS SMARTPHONES AND TABLETS; WIRELESS ACCESSORIES; END-TO-END VIDEO AND DATA DELIVERY; AND MANAGEMENT SOLUTIONS, INCLUDING SET-TOPS AND DATA-ACCESS DEVICES. FOR MORE INFORMATION, VISIT MOTOROLA.COM/MOBILITY. FORWARD-LOOKING STATEMENTS THIS PRESS RELEASE INCLUDES FORWARD-LOOKING STATEMENTS WITHIN THE MEANING OF SECTION 27A OF THE SECURITIES ACT OF 1933 AND SECTION 21E OF THE SECURITIES EXCHANGE ACT OF 1934. THESE FORWARD-LOOKING STATEMENTS GENERALLY CAN BE IDENTIFIED BY PHRASES SUCH AS GOOGLE, MOTOROLA OR MANAGEMENT OF EITHER COMPANY “BELIEVES,” “EXPECTS,” “ANTICIPATES,” “FORESEES,” “FORECASTS,” “ESTIMATES” OR OTHER WORDS OR PHRASES OF SIMILAR IMPORT. SIMILARLY, STATEMENTS HEREIN THAT DESCRIBE THE PROPOSED TRANSACTION, INCLUDING ITS FINANCIAL IMPACT, AND OTHER STATEMENTS OF MANAGEMENT’S BELIEFS, INTENTIONS OR GOALS ALSO ARE FORWARD-LOOKING STATEMENTS. IT IS UNCERTAIN WHETHER ANY OF THE EVENTS ANTICIPATED BY THE FORWARD-LOOKING STATEMENTS WILL TRANSPIRE OR OCCUR, OR IF ANY OF THEM DO, WHAT IMPACT THEY WILL HAVE ON THE RESULTS OF OPERATIONS AND FINANCIAL CONDITION OF THE COMBINED COMPANIES OR THE PRICE OF GOOGLE OR MOTOROLA STOCK. THESE FORWARD-LOOKING STATEMENTS INVOLVE CERTAIN RISKS AND UNCERTAINTIES THAT COULD CAUSE ACTUAL RESULTS TO DIFFER MATERIALLY FROM THOSE INDICATED IN SUCH FORWARD-LOOKING STATEMENTS, INCLUDING BUT NOT LIMITED TO THE ABILITY OF THE PARTIES TO CONSUMMATE THE PROPOSED TRANSACTION AND THE SATISFACTION OF THE CONDITIONS PRECEDENT TO CONSUMMATION OF THE PROPOSED TRANSACTION, INCLUDING THE ABILITY TO SECURE REGULATORY APPROVALS AT ALL OR IN A TIMELY MANNER; THE ABILITY OF GOOGLE TO SUCCESSFULLY INTEGRATE MOTOROLA’S OPERATIONS, PRODUCT LINES AND TECHNOLOGY; THE ABILITY OF GOOGLE TO IMPLEMENT ITS PLANS, FORECASTS AND OTHER EXPECTATIONS WITH RESPECT TO MOTOROLA’S BUSINESS AFTER THE COMPLETION OF THE TRANSACTION AND REALIZE ADDITIONAL OPPORTUNITIES FOR GROWTH AND INNOVATION; AND THE OTHER RISKS AND IMPORTANT FACTORS CONTAINED AND IDENTIFIED IN GOOGLE’S AND MOTOROLA'S FILINGS WITH THE SECURITIES AND EXCHANGE COMMISSION (THE ""SEC""), SUCH AS THEIR RESPECTIVE QUARTERLY REPORTS ON FORM 10-Q AND ANNUAL REPORTS ON FORM 10-K, ANY OF WHICH COULD CAUSE ACTUAL RESULTS TO DIFFER MATERIALLY FROM THE FORWARD-LOOKING STATEMENTS. THE FORWARD-LOOKING STATEMENTS INCLUDED IN THIS PRESS RELEASE ARE MADE ONLY AS OF THE DATE HEREOF. NEITHER GOOGLE NOR MOTOROLA UNDERTAKES ANY OBLIGATION TO UPDATE THE FORWARD-LOOKING STATEMENTS TO REFLECT SUBSEQUENT EVENTS OR CIRCUMSTANCES. ADDITIONAL INFORMATION AND WHERE TO FIND IT MOTOROLA INTENDS TO FILE WITH THE SEC A PROXY STATEMENT IN CONNECTION WITH THE PROPOSED TRANSACTION WITH GOOGLE. THE DEFINITIVE PROXY STATEMENT WILL BE SENT OR GIVEN TO THE STOCKHOLDERS OF MOTOROLA AND WILL CONTAIN IMPORTANT INFORMATION ABOUT THE PROPOSED TRANSACTION AND RELATED MATTERS. SECURITY HOLDERS ARE URGED TO READ THE PROXY STATEMENT CAREFULLY WHEN IT BECOMES AVAILABLE. THE PROXY STATEMENT AND OTHER RELEVANT MATERIALS (WHEN THEY BECOME AVAILABLE), AND ANY OTHER DOCUMENTS FILED BY MOTOROLA WITH THE SEC, MAY BE OBTAINED FREE OF CHARGE AT THE SEC’S WEBSITE, AT WWW.SEC.GOV. IN ADDITION, SECURITY HOLDERS WILL BE ABLE TO OBTAIN FREE COPIES OF THE PROXY STATEMENT FROM MOTOROLA BY CONTACTING INVESTOR RELATIONS BY MAIL AT ATTN: INVESTOR RELATIONS, 600 NORTH U.S. HIGHWAY 45, LIBERTYVILLE, IL 60048. PARTICIPANTS IN THE SOLICITATION MOTOROLA AND ITS DIRECTORS AND EXECUTIVE OFFICERS MAY BE DEEMED TO BE PARTICIPANTS IN THE SOLICITATION OF PROXIES FROM MOTOROLA STOCKHOLDERS IN CONNECTION WITH THE PROPOSED TRANSACTION. INFORMATION ABOUT MOTOROLA’S DIRECTORS AND EXECUTIVE OFFICERS IS SET FORTH IN ITS PROXY STATEMENT FOR ITS 2011 ANNUAL MEETING OF STOCKHOLDERS, WHICH WAS FILED WITH THE SEC ON MARCH 15, 2011, AND ITS ANNUAL REPORT ON FORM 10-K FOR THE YEAR ENDED DECEMBER 31, 2010, FILED ON FEBRUARY 18, 2011. THESE DOCUMENTS ARE AVAILABLE FREE OF CHARGE AT THE SEC’S WEBSITE AT WWW.SEC.GOV, AND BY MAIL AT ATTENTION: INVESTOR RELATIONS, 600 NORTH U.S. HIGHWAY 45, LIBERTYVILLE, IL 60048, OR BY GOING TO MOTOROLA’S INVESTOR RELATIONS PAGE ON ITS CORPORATE WEBSITE AT HTTP://INVESTORS.MOTOROLA.COM. ADDITIONAL INFORMATION REGARDING THE INTERESTS OF PARTICIPANTS IN THE SOLICITATION OF PROXIES IN CONNECTION WITH THE TRANSACTION WILL BE INCLUDED IN THE PROXY STATEMENT THAT MOTOROLA INTENDS TO FILE WITH THE SEC.","GOOGLE TO ACQUIRE MOTOROLA MOBILITY. MOUNTAIN VIEW, CALIF. & LIBERTYVILLE, ILL.--(BUSINESS WIRE)--GOOGLE INC. (NASDAQ: GOOG) AND MOTOROLA MOBILITY HOLDINGS, INC. (NYSE: MMI) TODAY ANNOUNCED THAT THEY HAVE ENTERED INTO A DEFINITIVE AGREEMENT UNDER WHICH GOOGLE WILL ACQUIRE MOTOROLA MOBILITY FOR $40.00 PER SHARE IN CASH, OR A TOTAL OF ABOUT $12.5 BILLION, A PREMIUM OF 63% TO THE CLOSING PRICE OF MOTOROLA MOBILITY SHARES ON FRIDAY, AUGUST 12, 2011. THE TRANSACTION WAS UNANIMOUSLY APPROVED BY THE BOARDS OF DIRECTORS OF BOTH COMPANIES. THE ACQUISITION OF MOTOROLA MOBILITY, A DEDICATED ANDROID PARTNER, WILL ENABLE GOOGLE TO SUPERCHARGE THE ANDROID ECOSYSTEM AND WILL ENHANCE COMPETITION IN MOBILE COMPUTING. MOTOROLA MOBILITY WILL REMAIN A LICENSEE OF ANDROID AND ANDROID WILL REMAIN OPEN. GOOGLE WILL RUN MOTOROLA MOBILITY AS A SEPARATE BUSINESS. LARRY PAGE, CEO OF GOOGLE, SAID, “MOTOROLA MOBILITY’S TOTAL COMMITMENT TO ANDROID HAS CREATED A NATURAL FIT FOR OUR TWO COMPANIES. TOGETHER, WE WILL CREATE AMAZING USER EXPERIENCES THAT SUPERCHARGE THE ENTIRE ANDROID ECOSYSTEM FOR THE BENEFIT OF CONSUMERS, PARTNERS AND DEVELOPERS. I LOOK FORWARD TO WELCOMING MOTOROLANS TO OUR FAMILY OF GOOGLERS.” SANJAY JHA, CEO OF MOTOROLA MOBILITY, SAID, “THIS TRANSACTION OFFERS SIGNIFICANT VALUE FOR MOTOROLA MOBILITY’S STOCKHOLDERS AND PROVIDES COMPELLING NEW OPPORTUNITIES FOR OUR EMPLOYEES, CUSTOMERS, AND PARTNERS AROUND THE WORLD. WE HAVE SHARED A PRODUCTIVE PARTNERSHIP WITH GOOGLE TO ADVANCE THE ANDROID PLATFORM, AND NOW THROUGH THIS COMBINATION WE WILL BE ABLE TO DO EVEN MORE TO INNOVATE AND DELIVER OUTSTANDING MOBILITY SOLUTIONS ACROSS OUR MOBILE DEVICES AND HOME BUSINESSES.” ANDY RUBIN, SENIOR VICE PRESIDENT OF MOBILE AT GOOGLE, SAID, “WE EXPECT THAT THIS COMBINATION WILL ENABLE US TO BREAK NEW GROUND FOR THE ANDROID ECOSYSTEM. HOWEVER, OUR VISION FOR ANDROID IS UNCHANGED AND GOOGLE REMAINS FIRMLY COMMITTED TO ANDROID AS AN OPEN PLATFORM AND A VIBRANT OPEN SOURCE COMMUNITY. WE WILL CONTINUE TO WORK WITH ALL OF OUR VALUED ANDROID PARTNERS TO DEVELOP AND DISTRIBUTE INNOVATIVE ANDROID-POWERED DEVICES.” THE TRANSACTION IS SUBJECT TO CUSTOMARY CLOSING CONDITIONS, INCLUDING THE RECEIPT OF REGULATORY APPROVALS IN THE US, THE EUROPEAN UNION AND OTHER JURISDICTIONS, AND THE APPROVAL OF MOTOROLA MOBILITY’S STOCKHOLDERS. THE TRANSACTION IS EXPECTED TO CLOSE BY THE END OF 2011 OR EARLY 2012. WEBCAST INFORMATION GOOGLE AND MOTOROLA MOBILITY WILL HOLD A CONFERENCE CALL WITH FINANCIAL ANALYSTS TO DISCUSS THIS ANNOUNCEMENT TODAY AT 8:30AM ET. THE TOLL-FREE DIAL-IN NUMBER FOR THE CALL IS 877-616-4476 (CONFERENCE ID: 92149124). THE CALL WILL ALSO BE WEBCAST LIVE AT HTTP://INVESTOR.SHAREHOLDER.COM/MEDIA/EVENTDETAIL.CFM?EVENTID=101369&COMPANYID=ABEA-3VZHGF&E=1&MEDIAKEY=A21887C59EBAAC12F1BCF4D43C080953. THE WEBCAST VERSION OF THE CONFERENCE CALL WILL BE AVAILABLE THROUGH THE SAME LINK FOLLOWING THE CONFERENCE CALL. ABOUT GOOGLE INC. GOOGLE'S INNOVATIVE SEARCH TECHNOLOGIES CONNECT MILLIONS OF PEOPLE AROUND THE WORLD WITH INFORMATION EVERY DAY. FOUNDED IN 1998 BY STANFORD PH.D. STUDENTS LARRY PAGE AND SERGEY BRIN, GOOGLE TODAY IS A TOP WEB PROPERTY IN ALL MAJOR GLOBAL MARKETS. GOOGLE'S TARGETED ADVERTISING PROGRAM PROVIDES BUSINESSES OF ALL SIZES WITH MEASURABLE RESULTS, WHILE ENHANCING THE OVERALL WEB EXPERIENCE FOR USERS. GOOGLE IS HEADQUARTERED IN SILICON VALLEY WITH OFFICES THROUGHOUT THE AMERICAS, EUROPE AND ASIA. FOR MORE INFORMATION, VISIT WWW.GOOGLE.COM. ABOUT MOTOROLA MOBILITY MOTOROLA MOBILITY HOLDINGS, INC. FUSES INNOVATIVE TECHNOLOGY WITH HUMAN INSIGHTS TO CREATE EXPERIENCES THAT SIMPLIFY, CONNECT AND ENRICH PEOPLE'S LIVES. OUR PORTFOLIO INCLUDES CONVERGED MOBILE DEVICES SUCH AS SMARTPHONES AND TABLETS; WIRELESS ACCESSORIES; END-TO-END VIDEO AND DATA DELIVERY; AND MANAGEMENT SOLUTIONS, INCLUDING SET-TOPS AND DATA-ACCESS DEVICES. FOR MORE INFORMATION, VISIT MOTOROLA.COM/MOBILITY. FORWARD-LOOKING STATEMENTS THIS PRESS RELEASE INCLUDES FORWARD-LOOKING STATEMENTS WITHIN THE MEANING OF SECTION 27A OF THE SECURITIES ACT OF 1933 AND SECTION 21E OF THE SECURITIES EXCHANGE ACT OF 1934. THESE FORWARD-LOOKING STATEMENTS GENERALLY CAN BE IDENTIFIED BY PHRASES SUCH AS GOOGLE, MOTOROLA OR MANAGEMENT OF EITHER COMPANY “BELIEVES,” “EXPECTS,” “ANTICIPATES,” “FORESEES,” “FORECASTS,” “ESTIMATES” OR OTHER WORDS OR PHRASES OF SIMILAR IMPORT. SIMILARLY, STATEMENTS HEREIN THAT DESCRIBE THE PROPOSED TRANSACTION, INCLUDING ITS FINANCIAL IMPACT, AND OTHER STATEMENTS OF MANAGEMENT’S BELIEFS, INTENTIONS OR GOALS ALSO ARE FORWARD-LOOKING STATEMENTS. IT IS UNCERTAIN WHETHER ANY OF THE EVENTS ANTICIPATED BY THE FORWARD-LOOKING STATEMENTS WILL TRANSPIRE OR OCCUR, OR IF ANY OF THEM DO, WHAT IMPACT THEY WILL HAVE ON THE RESULTS OF OPERATIONS AND FINANCIAL CONDITION OF THE COMBINED COMPANIES OR THE PRICE OF GOOGLE OR MOTOROLA STOCK. THESE FORWARD-LOOKING STATEMENTS INVOLVE CERTAIN RISKS AND UNCERTAINTIES THAT COULD CAUSE ACTUAL RESULTS TO DIFFER MATERIALLY FROM THOSE INDICATED IN SUCH FORWARD-LOOKING STATEMENTS, INCLUDING BUT NOT LIMITED TO THE ABILITY OF THE PARTIES TO CONSUMMATE THE PROPOSED TRANSACTION AND THE SATISFACTION OF THE CONDITIONS PRECEDENT TO CONSUMMATION OF THE PROPOSED TRANSACTION, INCLUDING THE ABILITY TO SECURE REGULATORY APPROVALS AT ALL OR IN A TIMELY MANNER; THE ABILITY OF GOOGLE TO SUCCESSFULLY INTEGRATE MOTOROLA’S OPERATIONS, PRODUCT LINES AND TECHNOLOGY; THE ABILITY OF GOOGLE TO IMPLEMENT ITS PLANS, FORECASTS AND OTHER EXPECTATIONS WITH RESPECT TO MOTOROLA’S BUSINESS AFTER THE COMPLETION OF THE TRANSACTION AND REALIZE ADDITIONAL OPPORTUNITIES FOR GROWTH AND INNOVATION; AND THE OTHER RISKS AND IMPORTANT FACTORS CONTAINED AND IDENTIFIED IN GOOGLE’S AND MOTOROLA'S FILINGS WITH THE SECURITIES AND EXCHANGE COMMISSION (THE ""SEC""), SUCH AS THEIR RESPECTIVE QUARTERLY REPORTS ON FORM 10-Q AND ANNUAL REPORTS ON FORM 10-K, ANY OF WHICH COULD CAUSE ACTUAL RESULTS TO DIFFER MATERIALLY FROM THE FORWARD-LOOKING STATEMENTS. THE FORWARD-LOOKING STATEMENTS INCLUDED IN THIS PRESS RELEASE ARE MADE ONLY AS OF THE DATE HEREOF. NEITHER GOOGLE NOR MOTOROLA UNDERTAKES ANY OBLIGATION TO UPDATE THE FORWARD-LOOKING STATEMENTS TO REFLECT SUBSEQUENT EVENTS OR CIRCUMSTANCES. ADDITIONAL INFORMATION AND WHERE TO FIND IT MOTOROLA INTENDS TO FILE WITH THE SEC A PROXY STATEMENT IN CONNECTION WITH THE PROPOSED TRANSACTION WITH GOOGLE. THE DEFINITIVE PROXY STATEMENT WILL BE SENT OR GIVEN TO THE STOCKHOLDERS OF MOTOROLA AND WILL CONTAIN IMPORTANT INFORMATION ABOUT THE PROPOSED TRANSACTION AND RELATED MATTERS. SECURITY HOLDERS ARE URGED TO READ THE PROXY STATEMENT CAREFULLY WHEN IT BECOMES AVAILABLE. THE PROXY STATEMENT AND OTHER RELEVANT MATERIALS (WHEN THEY BECOME AVAILABLE), AND ANY OTHER DOCUMENTS FILED BY MOTOROLA WITH THE SEC, MAY BE OBTAINED FREE OF CHARGE AT THE SEC’S WEBSITE, AT WWW.SEC.GOV. IN ADDITION, SECURITY HOLDERS WILL BE ABLE TO OBTAIN FREE COPIES OF THE PROXY STATEMENT FROM MOTOROLA BY CONTACTING INVESTOR RELATIONS BY MAIL AT ATTN: INVESTOR RELATIONS, 600 NORTH U.S. HIGHWAY 45, LIBERTYVILLE, IL 60048. PARTICIPANTS IN THE SOLICITATION MOTOROLA AND ITS DIRECTORS AND EXECUTIVE OFFICERS MAY BE DEEMED TO BE PARTICIPANTS IN THE SOLICITATION OF PROXIES FROM MOTOROLA STOCKHOLDERS IN CONNECTION WITH THE PROPOSED TRANSACTION. INFORMATION ABOUT MOTOROLA’S DIRECTORS AND EXECUTIVE OFFICERS IS SET FORTH IN ITS PROXY STATEMENT FOR ITS 2011 ANNUAL MEETING OF STOCKHOLDERS, WHICH WAS FILED WITH THE SEC ON MARCH 15, 2011, AND ITS ANNUAL REPORT ON FORM 10-K FOR THE YEAR ENDED DECEMBER 31, 2010, FILED ON FEBRUARY 18, 2011. THESE DOCUMENTS ARE AVAILABLE FREE OF CHARGE AT THE SEC’S WEBSITE AT WWW.SEC.GOV, AND BY MAIL AT ATTENTION: INVESTOR RELATIONS, 600 NORTH U.S. HIGHWAY 45, LIBERTYVILLE, IL 60048, OR BY GOING TO MOTOROLA’S INVESTOR RELATIONS PAGE ON ITS CORPORATE WEBSITE AT HTTP://INVESTORS.MOTOROLA.COM. ADDITIONAL INFORMATION REGARDING THE INTERESTS OF PARTICIPANTS IN THE SOLICITATION OF PROXIES IN CONNECTION WITH THE TRANSACTION WILL BE INCLUDED IN THE PROXY STATEMENT THAT MOTOROLA INTENDS TO FILE WITH THE SEC.","['google to acquire motorola mobility', 'mountain view, calif', 'libertyville, ill.--business wire--google inc', 'nasdaq goog and motorola mobility holdings, inc', 'nyse mmi today announced that they have entered into a definitive agreement under which google will acquire motorola mobility for $40.00 per share in cash, or a total of about $12.5 billion, a premium of 63 percent to the closing price of motorola mobility shares on friday, august 12, 2011', 'the transaction was unanimously approved by the boards of directors of both companies', 'the acquisition of motorola mobility, a dedicated android partner, will enable google to supercharge the android ecosystem and will enhance competition in mobile computing', 'motorola mobility will remain a licensee of android and android will remain open', 'google will run motorola mobility as a separate business', 'larry page, ceo of google, said, motorola mobilitys total commitment to android has created a natural fit for our two companies', 'together, we will create amazing user experiences that supercharge the entire android ecosystem for the benefit of consumers, partners and developers', 'i look forward to welcoming motorolans to our family of googlers', 'sanjay jha, ceo of motorola mobility, said, this transaction offers significant value for motorola mobilitys stockholders and provides compelling new opportunities for our employees, customers, and partners around the world', 'we have shared a productive partnership with google to advance the android platform, and now through this combination we will be able to do even more to innovate and deliver outstanding mobility solutions across our mobile devices and home businesses', 'andy rubin, senior vice president of mobile at google, said, we expect that this combination will enable us to break new ground for the android ecosystem', 'however, our vision for android is unchanged and google remains firmly committed to android as an open platform and a vibrant open source community', 'we will continue to work with all of our valued android partners to develop and distribute innovative android-powered devices', 'the transaction is subject to customary closing conditions, including the receipt of regulatory approvals in the us, the european union and other jurisdictions, and the approval of motorola mobilitys stockholders', 'the transaction is expected to close by the end of 2011 or early 2012', 'webcast information google and motorola mobility will hold a conference call with financial analysts to discuss this announcement today at 830am et', 'the toll-free dial-in number for the call is 877-616-4476 conference id 92149124', 'the call will also be webcast live at the webcast version of the conference call will be available through the same link following the conference call', 'about google inc', ""google's innovative search technologies connect millions of people around the world with information every day"", 'founded in 1998 by stanford ph.d', 'students larry page and sergey brin, google today is a top web property in all major global markets', ""google's targeted advertising program provides businesses of all sizes with measurable results, while enhancing the overall web experience for users"", 'google is headquartered in silicon valley with offices throughout the americas, europe and asia', 'for more information, visit about motorola mobility motorola mobility holdings, inc', ""fuses innovative technology with human insights to create experiences that simplify, connect and enrich people's lives"", 'our portfolio includes converged mobile devices such as smartphones and tablets wireless accessories end-to-end video and data delivery and management solutions, including set-tops and data-access devices', 'for more information, visit motorola.commobility', 'forward-looking statements this press release includes forward-looking statements within the meaning of section 27a of the securities act of 1933 and section 21e of the securities exchange act of 1934', 'these forward-looking statements generally can be identified by phrases such as google, motorola or management of either company believes, expects, anticipates, foresees, forecasts, estimates or other words or phrases of similar import', 'similarly, statements herein that describe the proposed transaction, including its financial impact, and other statements of managements beliefs, intentions or goals also are forward-looking statements', 'it is uncertain whether any of the events anticipated by the forward-looking statements will transpire or occur, or if any of them do, what impact they will have on the results of operations and financial condition of the combined companies or the price of google or motorola stock', ""these forward-looking statements involve certain risks and uncertainties that could cause actual results to differ materially from those indicated in such forward-looking statements, including but not limited to the ability of the parties to consummate the proposed transaction and the satisfaction of the conditions precedent to consummation of the proposed transaction, including the ability to secure regulatory approvals at all or in a timely manner the ability of google to successfully integrate motorolas operations, product lines and technology the ability of google to implement its plans, forecasts and other expectations with respect to motorolas business after the completion of the transaction and realize additional opportunities for growth and innovation and the other risks and important factors contained and identified in googles and motorola's filings with the securities and exchange commission the sec, such as their respective quarterly reports on form 10-q and annual reports on form 10-k, any of which could cause actual results to differ materially from the forward-looking statements"", 'the forward-looking statements included in this press release are made only as of the date hereof', 'neither google nor motorola undertakes any obligation to update the forward-looking statements to reflect subsequent events or circumstances', 'additional information and where to find it motorola intends to file with the sec a proxy statement in connection with the proposed transaction with google', 'the definitive proxy statement will be sent or given to the stockholders of motorola and will contain important information about the proposed transaction and related matters', 'security holders are urged to read the proxy statement carefully when it becomes available', 'the proxy statement and other relevant materials when they become available, and any other documents filed by motorola with the sec, may be obtained free of charge at the secs website, at in addition, security holders will be able to obtain free copies of the proxy statement from motorola by contacting investor relations by mail at attn investor relations, 600 north u.s', 'highway 45, libertyville, il 60048', 'participants in the solicitation motorola and its directors and executive officers may be deemed to be participants in the solicitation of proxies from motorola stockholders in connection with the proposed transaction', 'information about motorolas directors and executive officers is set forth in its proxy statement for its 2011 annual meeting of stockholders, which was filed with the sec on march 15, 2011, and its annual report on form 10-k for the year ended december 31, 2010, filed on february 18, 2011', 'these documents are available free of charge at the secs website at and by mail at attention investor relations, 600 north u.s', 'highway 45, libertyville, il 60048, or by going to motorolas investor relations page on its corporate website at additional information regarding the interests of participants in the solicitation of proxies in connection with the transaction will be included in the proxy statement that motorola intends to file with the sec.']",weakly_positive,0.2574208333333334,weakly_positive,weakly_positive
28-07-2011,GOOGLE TO PRESENT AT THE PACIFIC CREST TECHNOLOGY CONFERENCE,"MOUNTAIN VIEW, CALIF.--(BUSINESS WIRE)--GOOGLE INC. (NASDAQ:GOOG) ANNOUNCED TODAY THAT JOHN LAGERLING, DIRECTOR, ANDROID GLOBAL PARTNERSHIPS, WILL PARTICIPATE IN A KEYNOTE PANEL DISCUSSION ON THE INTERSECTION OF CONNECTIVITY AND GLOBALIZATION AT THE PACIFIC CREST TECHNOLOGY CONFERENCE IN VAIL, COLORADO. THE SESSION IS SCHEDULED FOR 9:45 A.M. EASTERN TIME / 6:45 A.M. PACIFIC TIME ON MONDAY, AUGUST 8, 2011. TO ACCESS THE LIVE AUDIO WEBCAST OF THE SESSION, PLEASE VISIT HTTP://INVESTOR.GOOGLE.COM/WEBCAST.HTML. ABOUT GOOGLE INC. GOOGLE IS A GLOBAL TECHNOLOGY LEADER FOCUSED ON IMPROVING THE WAYS PEOPLE CONNECT WITH INFORMATION. GOOGLE’S INNOVATIONS IN WEB SEARCH AND ADVERTISING HAVE MADE ITS WEBSITE A TOP INTERNET PROPERTY AND ITS BRAND ONE OF THE MOST RECOGNIZED IN THE WORLD. GOOGLE IS A TRADEMARK OF GOOGLE INC. ALL OTHER COMPANY AND PRODUCT NAMES MAY BE TRADEMARKS OF THE RESPECTIVE COMPANIES WITH WHICH THEY ARE ASSOCIATED.","GOOGLE TO PRESENT AT THE PACIFIC CREST TECHNOLOGY CONFERENCE. MOUNTAIN VIEW, CALIF.--(BUSINESS WIRE)--GOOGLE INC. (NASDAQ:GOOG) ANNOUNCED TODAY THAT JOHN LAGERLING, DIRECTOR, ANDROID GLOBAL PARTNERSHIPS, WILL PARTICIPATE IN A KEYNOTE PANEL DISCUSSION ON THE INTERSECTION OF CONNECTIVITY AND GLOBALIZATION AT THE PACIFIC CREST TECHNOLOGY CONFERENCE IN VAIL, COLORADO. THE SESSION IS SCHEDULED FOR 9:45 A.M. EASTERN TIME / 6:45 A.M. PACIFIC TIME ON MONDAY, AUGUST 8, 2011. TO ACCESS THE LIVE AUDIO WEBCAST OF THE SESSION, PLEASE VISIT HTTP://INVESTOR.GOOGLE.COM/WEBCAST.HTML. ABOUT GOOGLE INC. GOOGLE IS A GLOBAL TECHNOLOGY LEADER FOCUSED ON IMPROVING THE WAYS PEOPLE CONNECT WITH INFORMATION. GOOGLE’S INNOVATIONS IN WEB SEARCH AND ADVERTISING HAVE MADE ITS WEBSITE A TOP INTERNET PROPERTY AND ITS BRAND ONE OF THE MOST RECOGNIZED IN THE WORLD. GOOGLE IS A TRADEMARK OF GOOGLE INC. ALL OTHER COMPANY AND PRODUCT NAMES MAY BE TRADEMARKS OF THE RESPECTIVE COMPANIES WITH WHICH THEY ARE ASSOCIATED.","['google to present at the pacific crest technology conference', 'mountain view, calif.--business wire--google inc', 'nasdaqgoog announced today that john lagerling, director, android global partnerships, will participate in a keynote panel discussion on the intersection of connectivity and globalization at the pacific crest technology conference in vail, colorado', 'the session is scheduled for 945 a.m', 'eastern time 645 a.m', 'pacific time on monday, august 8, 2011', 'to access the live audio webcast of the session, please visit about google inc', 'google is a global technology leader focused on improving the ways people connect with information', 'googles innovations in web search and advertising have made its website a top internet property and its brand one of the most recognized in the world', 'google is a trademark of google inc', 'all other company and product names may be trademarks of the respective companies with which they are associated.']",weakly_positive,0.1456090909090909,weakly_positive,weakly_positive
06-07-2011,GOOGLE TO ANNOUNCE SECOND QUARTER 2011 FINANCIAL RESULTS,"MOUNTAIN VIEW, CALIF.--(BUSINESS WIRE)--GOOGLE INC. (NASDAQ:GOOG) TODAY ANNOUNCED THAT IT WILL HOLD ITS QUARTERLY CONFERENCE CALL TO DISCUSS SECOND QUARTER 2011 FINANCIAL RESULTS ON THURSDAY, JULY 14, 2011 AT 1:30 P.M. PACIFIC TIME (4:30 P.M. EASTERN TIME). THE LIVE WEBCAST OF GOOGLE’S EARNINGS CONFERENCE CALL CAN BE ACCESSED AT INVESTOR.GOOGLE.COM/WEBCAST.HTML ON THE DAY OF THE CONFERENCE CALL. THE WEBCAST VERSION OF THE CONFERENCE CALL WILL BE AVAILABLE THROUGH THE SAME LINK FOLLOWING THE CONFERENCE CALL. PLEASE VISIT GOOGLE’S INVESTOR RELATIONS WEBSITE AT INVESTOR.GOOGLE.COM ON JULY 14, 2011 TO VIEW THE EARNINGS RELEASE PRIOR TO THE CONFERENCE CALL. ABOUT GOOGLE INC. GOOGLE IS A GLOBAL TECHNOLOGY LEADER FOCUSED ON IMPROVING THE WAYS PEOPLE CONNECT WITH INFORMATION. GOOGLE’S INNOVATIONS IN WEB SEARCH AND ADVERTISING HAVE MADE ITS WEBSITE A TOP INTERNET PROPERTY AND ITS BRAND ONE OF THE MOST RECOGNIZED IN THE WORLD.","GOOGLE TO ANNOUNCE SECOND QUARTER 2011 FINANCIAL RESULTS. MOUNTAIN VIEW, CALIF.--(BUSINESS WIRE)--GOOGLE INC. (NASDAQ:GOOG) TODAY ANNOUNCED THAT IT WILL HOLD ITS QUARTERLY CONFERENCE CALL TO DISCUSS SECOND QUARTER 2011 FINANCIAL RESULTS ON THURSDAY, JULY 14, 2011 AT 1:30 P.M. PACIFIC TIME (4:30 P.M. EASTERN TIME). THE LIVE WEBCAST OF GOOGLE’S EARNINGS CONFERENCE CALL CAN BE ACCESSED AT INVESTOR.GOOGLE.COM/WEBCAST.HTML ON THE DAY OF THE CONFERENCE CALL. THE WEBCAST VERSION OF THE CONFERENCE CALL WILL BE AVAILABLE THROUGH THE SAME LINK FOLLOWING THE CONFERENCE CALL. PLEASE VISIT GOOGLE’S INVESTOR RELATIONS WEBSITE AT INVESTOR.GOOGLE.COM ON JULY 14, 2011 TO VIEW THE EARNINGS RELEASE PRIOR TO THE CONFERENCE CALL. ABOUT GOOGLE INC. GOOGLE IS A GLOBAL TECHNOLOGY LEADER FOCUSED ON IMPROVING THE WAYS PEOPLE CONNECT WITH INFORMATION. GOOGLE’S INNOVATIONS IN WEB SEARCH AND ADVERTISING HAVE MADE ITS WEBSITE A TOP INTERNET PROPERTY AND ITS BRAND ONE OF THE MOST RECOGNIZED IN THE WORLD.","['google to announce second quarter 2011 financial results', 'mountain view, calif.--business wire--google inc', 'nasdaqgoog today announced that it will hold its quarterly conference call to discuss second quarter 2011 financial results on thursday, july 14, 2011 at 130 p.m', 'pacific time 430 p.m', 'eastern time', 'the live webcast of googles earnings conference call can be accessed at investor.google.comwebcast.html on the day of the conference call', 'the webcast version of the conference call will be available through the same link following the conference call', 'please visit googles investor relations website at investor.google.com on july 14, 2011 to view the earnings release prior to the conference call', 'about google inc', 'google is a global technology leader focused on improving the ways people connect with information', 'googles innovations in web search and advertising have made its website a top internet property and its brand one of the most recognized in the world.']",weakly_positive,0.107290909090909,weakly_positive,weakly_positive
14-06-2011,"GOOGLE PARTNERS WITH SOLARCITY TO CREATE $280 MILLION FUND FOR 
      RESIDENTIAL SOLAR PROJECTS, NATION’S LARGEST TO DATE","SAN MATEO, CALIF. & MOUNTAIN VIEW, CALIF.--(BUSINESS WIRE)--SOLARCITY® AND GOOGLE (NASDAQ:GOOG), TODAY ANNOUNCED THE CREATION OF A NEW $280 MILLION FUND TO FINANCE RESIDENTIAL SOLAR PROJECTS. THE GOOGLE-BACKED FUND IS THE FIRST COLLABORATION BETWEEN THE INTERNET GIANT AND THE NATION’S LEADING SOLAR POWER AND ENERGY EFFICIENCY SERVICE PROVIDER, AND REPRESENTS GOOGLE’S LARGEST INVESTMENT TO DATE IN THE CLEAN ENERGY SECTOR. THE FUND IS SOLARCITY’S LARGEST PROJECT FINANCING FUND AND THE LARGEST RESIDENTIAL SOLAR FUND CREATED IN THE U.S. SOLARCITY HAS NOW CREATED 15 PROJECT FUNDS WITH SEVEN DIFFERENT PARTNERS TO FINANCE $1.28 BILLION IN SOLAR PROJECTS. “GOOGLE IS SETTING AN EXAMPLE THAT OTHER LEADING AMERICAN COMPANIES CAN FOLLOW,” SAID LYNDON RIVE, CEO OF SOLARCITY. “THE LARGEST 200 CORPORATIONS IN THE U.S. HAVE MORE THAN $1 TRILLION IN CASH ON THEIR BALANCE SHEETS. INVESTMENTS IN SOLAR ENERGY GENERATE RETURNS FOR CORPORATE INVESTORS, OFFER COST SAVINGS FOR HOMEOWNERS, CREATE NEW, LOCAL JOBS FOR JOBSEEKERS, AND PROTECT THE ENVIRONMENT FROM POLLUTING POWER SOURCES. IF MORE COMPANIES FOLLOW GOOGLE’S LEAD, WE CAN DRAMATICALLY REDUCE OUR NATION’S DEPENDENCE ON POLLUTING POWER.” THE SOLARCITY/GOOGLE FUND WILL EXTEND SOLAR LEASE (SOLARLEASE®) AND POWER PURCHASE AGREEMENT (SOLARPPA™) OPTIONS TO CUSTOMERS WHO DESIRE TO HAVE SOLAR PANELS INSTALLED ON THEIR HOMES, BUT DO NOT WISH TO MAKE THE LARGER UPFRONT INVESTMENT TO PURCHASE THE SYSTEMS. SOLARCITY SERVES ARIZONA, CALIFORNIA, COLORADO, THE DISTRICT OF COLUMBIA, MARYLAND, MASSACHUSETTS, NEW YORK, NEW JERSEY, PENNSYLVANIA AND TEXAS, AND HAS MORE THAN 15,000 SOLAR PROJECTS COMPLETED OR UNDERWAY. MORE THAN 12,000 OF THOSE CUSTOMERS HAVE CHOSEN SOLARCITY’S FINANCING OPTIONS, WHILE 3,000 HAVE PURCHASED THEIR SYSTEMS. “GOOGLE HAS MADE A SERIES OF INVESTMENTS IN RENEWABLE ENERGY BECAUSE THEY MAKE BUSINESS SENSE AND HELP DEPLOY A RANGE OF SOLUTIONS THAT CAN HELP MOVE US TOWARD A CLEAN ENERGY FUTURE,” SAID RICK NEEDHAM, DIRECTOR OF GREEN BUSINESS OPERATIONS AT GOOGLE. “NOW, THROUGH THIS PARTNERSHIP WITH SOLARCITY, WE’RE EXCITED TO BE MAKING OUR FIRST INVESTMENT IN DISTRIBUTED RESIDENTIAL SOLAR, MAKING IT EASIER AND MORE AFFORDABLE FOR CONSUMERS ACROSS THE COUNTRY, INCLUDING OUR OWN EMPLOYEES, TO USE RENEWABLE ENERGY AT THEIR OWN HOMES.” GOOGLE HAS NOW INVESTED MORE THAN $680 MILLION IN A WIDE RANGE OF CLEAN ENERGY TECHNOLOGIES. THIS MARKS GOOGLE’S FIRST INVESTMENT IN RESIDENTIAL SOLAR. “AS AMERICAN CONSUMERS BETTER UNDERSTAND THE CONSEQUENCES OF THEIR ENERGY CHOICES, DEMAND FOR AFFORDABLE CLEAN POWER IS INCREASING,” SAID BENJAMIN COOK, VICE PRESIDENT OF PROJECT FINANCE AT SOLARCITY. “THIS COLLABORATION WITH GOOGLE WILL ENABLE US TO PROVIDE SOLAR POWER TO THOUSANDS OF HOMEOWNERS AT OR BELOW THE COST THEY CURRENTLY PAY FOR ELECTRICITY.” ADDITIONAL PERSPECTIVE ON THE SOLARCITY PARTNERSHIP IS AVAILABLE ON THE GOOGLE BLOG, AT HTTP://GOOGLEGREENBLOG.BLOGSPOT.COM/. MORE INFORMATION ABOUT THE RESIDENTIAL FINANCING OPTIONS ENABLED BY THE PARTNERSHIP IS AVAILABLE AT WWW.SOLARCITY.COM/GOOGLE-FUND. ABOUT GOOGLE GOOGLE'S INNOVATIVE SEARCH TECHNOLOGIES CONNECT MILLIONS OF PEOPLE AROUND THE WORLD WITH INFORMATION EVERY DAY. FOUNDED IN 1998 BY STANFORD PH.D. STUDENTS LARRY PAGE AND SERGEY BRIN, GOOGLE TODAY IS A TOP WEB PROPERTY IN ALL MAJOR GLOBAL MARKETS. GOOGLE'S TARGETED ADVERTISING PROGRAM PROVIDES BUSINESSES OF ALL SIZES WITH MEASURABLE RESULTS, WHILE ENHANCING THE OVERALL WEB EXPERIENCE FOR USERS. GOOGLE IS HEADQUARTERED IN SILICON VALLEY WITH OFFICES THROUGHOUT THE AMERICAS, EUROPE AND ASIA. FOR MORE INFORMATION, VISIT WWW.GOOGLE.COM. ABOUT SOLARCITY SOLARCITY®—A NATIONAL LEADER IN SOLAR POWER DESIGN, FINANCING, INSTALLATION, MONITORING AND ENERGY EFFICIENCY SERVICES—WAS FOUNDED WITH THE MISSION TO HELP MILLIONS OF HOMEOWNERS AND BUSINESSES ADOPT CLEAN POWER, PROTECT THEMSELVES FROM RISING GAS AND ELECTRICITY COSTS AND PROTECT THEIR ENVIRONMENT FROM POLLUTING POWER SOURCES. THE COMPANY’S SOLARLEASE® AND POWER PURCHASE AGREEMENT (SOLARPPA™) OPTIONS CAN MAKE IT POSSIBLE FOR HOMEOWNERS AND BUSINESSES TO SWITCH TO CLEAN, SOLAR POWER FOR LESS MONEY THAN THEY CURRENTLY PAY FOR ELECTRICITY. SOLARCITY’S 24 OPERATIONS CENTERS SERVE ARIZONA, CALIFORNIA, COLORADO, MARYLAND, MASSACHUSETTS, NEW JERSEY, NEW YORK, OREGON, PENNSYLVANIA, TEXAS AND WASHINGTON, D.C. ADDITIONAL INFORMATION ABOUT THE COMPANY IS AVAILABLE ON THE WEB AT WWW.SOLARCITY.COM","GOOGLE PARTNERS WITH SOLARCITY TO CREATE $280 MILLION FUND FOR 
      RESIDENTIAL SOLAR PROJECTS, NATION’S LARGEST TO DATE. SAN MATEO, CALIF. & MOUNTAIN VIEW, CALIF.--(BUSINESS WIRE)--SOLARCITY® AND GOOGLE (NASDAQ:GOOG), TODAY ANNOUNCED THE CREATION OF A NEW $280 MILLION FUND TO FINANCE RESIDENTIAL SOLAR PROJECTS. THE GOOGLE-BACKED FUND IS THE FIRST COLLABORATION BETWEEN THE INTERNET GIANT AND THE NATION’S LEADING SOLAR POWER AND ENERGY EFFICIENCY SERVICE PROVIDER, AND REPRESENTS GOOGLE’S LARGEST INVESTMENT TO DATE IN THE CLEAN ENERGY SECTOR. THE FUND IS SOLARCITY’S LARGEST PROJECT FINANCING FUND AND THE LARGEST RESIDENTIAL SOLAR FUND CREATED IN THE U.S. SOLARCITY HAS NOW CREATED 15 PROJECT FUNDS WITH SEVEN DIFFERENT PARTNERS TO FINANCE $1.28 BILLION IN SOLAR PROJECTS. “GOOGLE IS SETTING AN EXAMPLE THAT OTHER LEADING AMERICAN COMPANIES CAN FOLLOW,” SAID LYNDON RIVE, CEO OF SOLARCITY. “THE LARGEST 200 CORPORATIONS IN THE U.S. HAVE MORE THAN $1 TRILLION IN CASH ON THEIR BALANCE SHEETS. INVESTMENTS IN SOLAR ENERGY GENERATE RETURNS FOR CORPORATE INVESTORS, OFFER COST SAVINGS FOR HOMEOWNERS, CREATE NEW, LOCAL JOBS FOR JOBSEEKERS, AND PROTECT THE ENVIRONMENT FROM POLLUTING POWER SOURCES. IF MORE COMPANIES FOLLOW GOOGLE’S LEAD, WE CAN DRAMATICALLY REDUCE OUR NATION’S DEPENDENCE ON POLLUTING POWER.” THE SOLARCITY/GOOGLE FUND WILL EXTEND SOLAR LEASE (SOLARLEASE®) AND POWER PURCHASE AGREEMENT (SOLARPPA™) OPTIONS TO CUSTOMERS WHO DESIRE TO HAVE SOLAR PANELS INSTALLED ON THEIR HOMES, BUT DO NOT WISH TO MAKE THE LARGER UPFRONT INVESTMENT TO PURCHASE THE SYSTEMS. SOLARCITY SERVES ARIZONA, CALIFORNIA, COLORADO, THE DISTRICT OF COLUMBIA, MARYLAND, MASSACHUSETTS, NEW YORK, NEW JERSEY, PENNSYLVANIA AND TEXAS, AND HAS MORE THAN 15,000 SOLAR PROJECTS COMPLETED OR UNDERWAY. MORE THAN 12,000 OF THOSE CUSTOMERS HAVE CHOSEN SOLARCITY’S FINANCING OPTIONS, WHILE 3,000 HAVE PURCHASED THEIR SYSTEMS. “GOOGLE HAS MADE A SERIES OF INVESTMENTS IN RENEWABLE ENERGY BECAUSE THEY MAKE BUSINESS SENSE AND HELP DEPLOY A RANGE OF SOLUTIONS THAT CAN HELP MOVE US TOWARD A CLEAN ENERGY FUTURE,” SAID RICK NEEDHAM, DIRECTOR OF GREEN BUSINESS OPERATIONS AT GOOGLE. “NOW, THROUGH THIS PARTNERSHIP WITH SOLARCITY, WE’RE EXCITED TO BE MAKING OUR FIRST INVESTMENT IN DISTRIBUTED RESIDENTIAL SOLAR, MAKING IT EASIER AND MORE AFFORDABLE FOR CONSUMERS ACROSS THE COUNTRY, INCLUDING OUR OWN EMPLOYEES, TO USE RENEWABLE ENERGY AT THEIR OWN HOMES.” GOOGLE HAS NOW INVESTED MORE THAN $680 MILLION IN A WIDE RANGE OF CLEAN ENERGY TECHNOLOGIES. THIS MARKS GOOGLE’S FIRST INVESTMENT IN RESIDENTIAL SOLAR. “AS AMERICAN CONSUMERS BETTER UNDERSTAND THE CONSEQUENCES OF THEIR ENERGY CHOICES, DEMAND FOR AFFORDABLE CLEAN POWER IS INCREASING,” SAID BENJAMIN COOK, VICE PRESIDENT OF PROJECT FINANCE AT SOLARCITY. “THIS COLLABORATION WITH GOOGLE WILL ENABLE US TO PROVIDE SOLAR POWER TO THOUSANDS OF HOMEOWNERS AT OR BELOW THE COST THEY CURRENTLY PAY FOR ELECTRICITY.” ADDITIONAL PERSPECTIVE ON THE SOLARCITY PARTNERSHIP IS AVAILABLE ON THE GOOGLE BLOG, AT HTTP://GOOGLEGREENBLOG.BLOGSPOT.COM/. MORE INFORMATION ABOUT THE RESIDENTIAL FINANCING OPTIONS ENABLED BY THE PARTNERSHIP IS AVAILABLE AT WWW.SOLARCITY.COM/GOOGLE-FUND. ABOUT GOOGLE GOOGLE'S INNOVATIVE SEARCH TECHNOLOGIES CONNECT MILLIONS OF PEOPLE AROUND THE WORLD WITH INFORMATION EVERY DAY. FOUNDED IN 1998 BY STANFORD PH.D. STUDENTS LARRY PAGE AND SERGEY BRIN, GOOGLE TODAY IS A TOP WEB PROPERTY IN ALL MAJOR GLOBAL MARKETS. GOOGLE'S TARGETED ADVERTISING PROGRAM PROVIDES BUSINESSES OF ALL SIZES WITH MEASURABLE RESULTS, WHILE ENHANCING THE OVERALL WEB EXPERIENCE FOR USERS. GOOGLE IS HEADQUARTERED IN SILICON VALLEY WITH OFFICES THROUGHOUT THE AMERICAS, EUROPE AND ASIA. FOR MORE INFORMATION, VISIT WWW.GOOGLE.COM. ABOUT SOLARCITY SOLARCITY®—A NATIONAL LEADER IN SOLAR POWER DESIGN, FINANCING, INSTALLATION, MONITORING AND ENERGY EFFICIENCY SERVICES—WAS FOUNDED WITH THE MISSION TO HELP MILLIONS OF HOMEOWNERS AND BUSINESSES ADOPT CLEAN POWER, PROTECT THEMSELVES FROM RISING GAS AND ELECTRICITY COSTS AND PROTECT THEIR ENVIRONMENT FROM POLLUTING POWER SOURCES. THE COMPANY’S SOLARLEASE® AND POWER PURCHASE AGREEMENT (SOLARPPA™) OPTIONS CAN MAKE IT POSSIBLE FOR HOMEOWNERS AND BUSINESSES TO SWITCH TO CLEAN, SOLAR POWER FOR LESS MONEY THAN THEY CURRENTLY PAY FOR ELECTRICITY. SOLARCITY’S 24 OPERATIONS CENTERS SERVE ARIZONA, CALIFORNIA, COLORADO, MARYLAND, MASSACHUSETTS, NEW JERSEY, NEW YORK, OREGON, PENNSYLVANIA, TEXAS AND WASHINGTON, D.C. ADDITIONAL INFORMATION ABOUT THE COMPANY IS AVAILABLE ON THE WEB AT WWW.SOLARCITY.COM","['google partners with solarcity to create $280 million fund for residential solar projects, nations largest to date', 'san mateo, calif', 'mountain view, calif.--business wire--solarcity and google nasdaqgoog, today announced the creation of a new $280 million fund to finance residential solar projects', 'the google-backed fund is the first collaboration between the internet giant and the nations leading solar power and energy efficiency service provider, and represents googles largest investment to date in the clean energy sector', 'the fund is solarcitys largest project financing fund and the largest residential solar fund created in the u.s', 'solarcity has now created 15 project funds with seven different partners to finance $1.28 billion in solar projects', 'google is setting an example that other leading american companies can follow, said lyndon rive, ceo of solarcity', 'the largest 200 corporations in the u.s', 'have more than $1 trillion in cash on their balance sheets', 'investments in solar energy generate returns for corporate investors, offer cost savings for homeowners, create new, local jobs for jobseekers, and protect the environment from polluting power sources', 'if more companies follow googles lead, we can dramatically reduce our nations dependence on polluting power', 'the solarcitygoogle fund will extend solar lease solarlease and power purchase agreement solarppa options to customers who desire to have solar panels installed on their homes, but do not wish to make the larger upfront investment to purchase the systems', 'solarcity serves arizona, california, colorado, the district of columbia, maryland, massachusetts, new york, new jersey, pennsylvania and texas, and has more than 15,000 solar projects completed or underway', 'more than 12,000 of those customers have chosen solarcitys financing options, while 3,000 have purchased their systems', 'google has made a series of investments in renewable energy because they make business sense and help deploy a range of solutions that can help move us toward a clean energy future, said rick needham, director of green business operations at google', 'now, through this partnership with solarcity, were excited to be making our first investment in distributed residential solar, making it easier and more affordable for consumers across the country, including our own employees, to use renewable energy at their own homes', 'google has now invested more than $680 million in a wide range of clean energy technologies', 'this marks googles first investment in residential solar', 'as american consumers better understand the consequences of their energy choices, demand for affordable clean power is increasing, said benjamin cook, vice president of project finance at solarcity', 'this collaboration with google will enable us to provide solar power to thousands of homeowners at or below the cost they currently pay for electricity', ""additional perspective on the solarcity partnership is available on the google blog, at more information about the residential financing options enabled by the partnership is available at about google google's innovative search technologies connect millions of people around the world with information every day"", 'founded in 1998 by stanford ph.d', 'students larry page and sergey brin, google today is a top web property in all major global markets', ""google's targeted advertising program provides businesses of all sizes with measurable results, while enhancing the overall web experience for users"", 'google is headquartered in silicon valley with offices throughout the americas, europe and asia', 'for more information, visit about solarcity solarcitya national leader in solar power design, financing, installation, monitoring and energy efficiency serviceswas founded with the mission to help millions of homeowners and businesses adopt clean power, protect themselves from rising gas and electricity costs and protect their environment from polluting power sources', 'the companys solarlease and power purchase agreement solarppa options can make it possible for homeowners and businesses to switch to clean, solar power for less money than they currently pay for electricity', 'solarcitys 24 operations centers serve arizona, california, colorado, maryland, massachusetts, new jersey, new york, oregon, pennsylvania, texas and washington, d.c', 'additional information about the company is available on the web at']",weakly_positive,0.2679724137931034,weakly_positive,weakly_positive
16-05-2011,GOOGLE INC. ANNOUNCES PRICING OF NOTES OFFERING,"MOUNTAIN VIEW, CALIF.--(BUSINESS WIRE)--GOOGLE INC. (NASDAQ:GOOG) TODAY ANNOUNCED THE PRICING OF ITS PUBLIC OFFERING OF $3,000,000,000 AGGREGATE PRINCIPAL AMOUNT OF ITS NOTES. THE PUBLIC OFFERING CONSISTS OF $1,000,000,000 OF 1.250% NOTES DUE 2014, $1,000,000,000 OF 2.125% NOTES DUE 2016 AND $1,000,000,000 OF 3.625% NOTES DUE 2021. GOOGLE EXPECTS TO RECEIVE NET PROCEEDS FROM THIS OFFERING OF APPROXIMATELY $2.97 BILLION, AFTER DEDUCTING UNDERWRITING DISCOUNTS AND ESTIMATED OFFERING EXPENSES. GOOGLE INTENDS TO USE THE NET PROCEEDS TO REPAY OUTSTANDING COMMERCIAL PAPER AND FOR GENERAL CORPORATE PURPOSES. ABOUT THE OFFERING CITIGROUP GLOBAL MARKETS INC., GOLDMAN, SACHS & CO., J.P. MORGAN SECURITIES LLC, MERRILL LYNCH, PIERCE, FENNER & SMITH INCORPORATED, CREDIT SUISSE SECURITIES (USA) LLC AND MORGAN STANLEY & CO. INCORPORATED ARE ACTING AS JOINT BOOK-RUNNING MANAGERS FOR THE OFFERING OF THE NOTES. ABOUT GOOGLE INC. GOOGLE IS A GLOBAL TECHNOLOGY LEADER FOCUSED ON IMPROVING THE WAYS PEOPLE CONNECT WITH INFORMATION. GOOGLE’S INNOVATIONS IN WEB SEARCH AND ADVERTISING HAVE MADE ITS WEBSITE A TOP INTERNET PROPERTY AND ITS BRAND ONE OF THE MOST RECOGNIZED IN THE WORLD. THIS NEWS RELEASE SHALL NOT CONSTITUTE AN OFFER TO SELL OR A SOLICITATION TO BUY ANY SECURITIES, NOR SHALL THERE BE ANY SALE OF THESE SECURITIES IN ANY STATE OR JURISDICTION IN WHICH SUCH AN OFFER, SOLICITATION OR SALE WOULD BE UNLAWFUL PRIOR TO REGISTRATION OR QUALIFICATION UNDER THE SECURITIES LAWS OF ANY SUCH STATE OR JURISDICTION. THE OFFERING IS BEING MADE ONLY BY MEANS OF A PROSPECTUS AND RELATED PROSPECTUS SUPPLEMENT, WHICH MAY BE OBTAINED BY VISITING THE SEC’S WEBSITE AT WWW.SEC.GOV OR BY CONTACTING CITIGROUP GLOBAL MARKETS INC., 140 58TH STREET, 8TH FLOOR, BROOKLYN, NEW YORK 11220, ATTENTION: PROSPECTUS DEPARTMENT, BROOKLYN ARMY TERMINAL, TELEPHONE: 1-877-858-5407, GOLDMAN, SACHS & CO., PROSPECTUS DEPARTMENT, 200 WEST STREET, NEW YORK, NEW YORK 10282, TELEPHONE: 1-866-471-2526, FACSIMILE: 212-902-9316, OR BY EMAILING PROSPECTUS-NY@NY.EMAIL.GS.COM, OR J.P. MORGAN SECURITIES LLC, 383 MADISON AVENUE, NEW YORK, NEW YORK 10179, ATTENTION: INVESTMENT GRADE SYNDICATE DESK, TELEPHONE: 1-212-834-4533. FORWARD-LOOKING STATEMENTS THIS PRESS RELEASE CONTAINS FORWARD-LOOKING STATEMENTS THAT INVOLVE RISKS AND UNCERTAINTIES, INCLUDING THOSE DESCRIBED IN OUR QUARTERLY REPORT ON FORM 10-Q FOR THE QUARTER ENDED MARCH 31, 2011 FILED WITH THE SEC.","GOOGLE INC. ANNOUNCES PRICING OF NOTES OFFERING. MOUNTAIN VIEW, CALIF.--(BUSINESS WIRE)--GOOGLE INC. (NASDAQ:GOOG) TODAY ANNOUNCED THE PRICING OF ITS PUBLIC OFFERING OF $3,000,000,000 AGGREGATE PRINCIPAL AMOUNT OF ITS NOTES. THE PUBLIC OFFERING CONSISTS OF $1,000,000,000 OF 1.250% NOTES DUE 2014, $1,000,000,000 OF 2.125% NOTES DUE 2016 AND $1,000,000,000 OF 3.625% NOTES DUE 2021. GOOGLE EXPECTS TO RECEIVE NET PROCEEDS FROM THIS OFFERING OF APPROXIMATELY $2.97 BILLION, AFTER DEDUCTING UNDERWRITING DISCOUNTS AND ESTIMATED OFFERING EXPENSES. GOOGLE INTENDS TO USE THE NET PROCEEDS TO REPAY OUTSTANDING COMMERCIAL PAPER AND FOR GENERAL CORPORATE PURPOSES. ABOUT THE OFFERING CITIGROUP GLOBAL MARKETS INC., GOLDMAN, SACHS & CO., J.P. MORGAN SECURITIES LLC, MERRILL LYNCH, PIERCE, FENNER & SMITH INCORPORATED, CREDIT SUISSE SECURITIES (USA) LLC AND MORGAN STANLEY & CO. INCORPORATED ARE ACTING AS JOINT BOOK-RUNNING MANAGERS FOR THE OFFERING OF THE NOTES. ABOUT GOOGLE INC. GOOGLE IS A GLOBAL TECHNOLOGY LEADER FOCUSED ON IMPROVING THE WAYS PEOPLE CONNECT WITH INFORMATION. GOOGLE’S INNOVATIONS IN WEB SEARCH AND ADVERTISING HAVE MADE ITS WEBSITE A TOP INTERNET PROPERTY AND ITS BRAND ONE OF THE MOST RECOGNIZED IN THE WORLD. THIS NEWS RELEASE SHALL NOT CONSTITUTE AN OFFER TO SELL OR A SOLICITATION TO BUY ANY SECURITIES, NOR SHALL THERE BE ANY SALE OF THESE SECURITIES IN ANY STATE OR JURISDICTION IN WHICH SUCH AN OFFER, SOLICITATION OR SALE WOULD BE UNLAWFUL PRIOR TO REGISTRATION OR QUALIFICATION UNDER THE SECURITIES LAWS OF ANY SUCH STATE OR JURISDICTION. THE OFFERING IS BEING MADE ONLY BY MEANS OF A PROSPECTUS AND RELATED PROSPECTUS SUPPLEMENT, WHICH MAY BE OBTAINED BY VISITING THE SEC’S WEBSITE AT WWW.SEC.GOV OR BY CONTACTING CITIGROUP GLOBAL MARKETS INC., 140 58TH STREET, 8TH FLOOR, BROOKLYN, NEW YORK 11220, ATTENTION: PROSPECTUS DEPARTMENT, BROOKLYN ARMY TERMINAL, TELEPHONE: 1-877-858-5407, GOLDMAN, SACHS & CO., PROSPECTUS DEPARTMENT, 200 WEST STREET, NEW YORK, NEW YORK 10282, TELEPHONE: 1-866-471-2526, FACSIMILE: 212-902-9316, OR BY EMAILING PROSPECTUS-NY@NY.EMAIL.GS.COM, OR J.P. MORGAN SECURITIES LLC, 383 MADISON AVENUE, NEW YORK, NEW YORK 10179, ATTENTION: INVESTMENT GRADE SYNDICATE DESK, TELEPHONE: 1-212-834-4533. FORWARD-LOOKING STATEMENTS THIS PRESS RELEASE CONTAINS FORWARD-LOOKING STATEMENTS THAT INVOLVE RISKS AND UNCERTAINTIES, INCLUDING THOSE DESCRIBED IN OUR QUARTERLY REPORT ON FORM 10-Q FOR THE QUARTER ENDED MARCH 31, 2011 FILED WITH THE SEC.","['google inc', 'announces pricing of notes offering', 'mountain view, calif.--business wire--google inc', 'nasdaqgoog today announced the pricing of its public offering of $3,000,000,000 aggregate principal amount of its notes', 'the public offering consists of $1,000,000,000 of 1.250 percent notes due 2014, $1,000,000,000 of 2.125 percent notes due 2016 and $1,000,000,000 of 3.625 percent notes due 2021', 'google expects to receive net proceeds from this offering of approximately $2.97 billion, after deducting underwriting discounts and estimated offering expenses', 'google intends to use the net proceeds to repay outstanding commercial paper and for general corporate purposes', 'about the offering citigroup global markets inc., goldman, sachs co., j.p', 'morgan securities llc, merrill lynch, pierce, fenner smith incorporated, credit suisse securities usa llc and morgan stanley co', 'incorporated are acting as joint book-running managers for the offering of the notes', 'about google inc', 'google is a global technology leader focused on improving the ways people connect with information', 'googles innovations in web search and advertising have made its website a top internet property and its brand one of the most recognized in the world', 'this news release shall not constitute an offer to sell or a solicitation to buy any securities, nor shall there be any sale of these securities in any state or jurisdiction in which such an offer, solicitation or sale would be unlawful prior to registration or qualification under the securities laws of any such state or jurisdiction', 'the offering is being made only by means of a prospectus and related prospectus supplement, which may be obtained by visiting the secs website at or by contacting citigroup global markets inc., 140 58th street, 8th floor, brooklyn, new york 11220, attention prospectus department, brooklyn army terminal, telephone 1-877-858-5407, goldman, sachs co., prospectus department, 200 west street, new york, new york 10282, telephone 1-866-471-2526, facsimile 212-902-9316, or by emailing prospectus-nyny.email.gs.com, or j.p', 'morgan securities llc, 383 madison avenue, new york, new york 10179, attention investment grade syndicate desk, telephone 1-212-834-4533', 'forward-looking statements this press release contains forward-looking statements that involve risks and uncertainties, including those described in our quarterly report on form 10-q for the quarter ended march 31, 2011 filed with the sec.']",weakly_positive,0.1545470588235294,weakly_positive,weakly_positive
04-05-2011,"ANTITRUST CLASS ACTION LAWSUIT SEEKS DAMAGES FOR WORKERS HARMED BY “NO 
      SOLICITATION” AGREEMENTS IN HIGH-TECH INDUSTRY","SAN FRANCISCO--(BUSINESS WIRE)--JOSEPH R. SAVERI OF THE NATIONAL PLAINTIFFS’ LAW FIRM LIEFF CABRASER HEIMANN & BERNSTEIN, LLP ANNOUNCED THAT SIDDHARTH HARIHARAN, A FORMER SOFTWARE ENGINEER AT LUCASFILM AND FOUNDER AND CEO OF INEARTH, TODAY FILED A CLASS ACTION LAWSUIT CHARGING THAT SEVERAL OF THE NATION’S LEADING HIGH-TECH COMPANIES VIOLATED ANTITRUST LAWS BY CONSPIRING TO FIX THE PAY OF THEIR EMPLOYEES AND ENTERING INTO “NO SOLICITATION” AGREEMENTS WITH EACH OTHER. THE COMPLAINT SEEKS RESTITUTION FOR LOST COMPENSATION AND TREBLE DAMAGES FOR THE ANTI-COMPETITIVE EMPLOYMENT PRACTICES OF ADOBE SYSTEMS INC. (ADBE), APPLE INC. (AAPL), GOOGLE INC. (GOOG), INTEL CORPORATION (INTC), INTUIT INC. (INTU), LUCASFILM LTD., AND PIXAR. “MY COLLEAGUES AT LUCASFILM AND I APPLIED OUR SKILLS, KNOWLEDGE, AND CREATIVITY TO MAKE THE COMPANY AN INDUSTRY LEADER,” STATED MR. HARIHARAN. “IT’S DISAPPOINTING THAT, WHILE WE WERE WORKING HARD TO MAKE TERRIFIC PRODUCTS THAT RESULTED IN ENORMOUS PROFITS FOR LUCASFILM, SENIOR EXECUTIVES OF THE COMPANY CUT DEALS WITH OTHER PREMIERE HIGH TECH COMPANIES TO ELIMINATE COMPETITION AND CAP PAY FOR SKILLED EMPLOYEES.” “COMPETITION IN THE LABOR MARKET RESULTS IN BETTER SALARIES, ENHANCED CAREER OPPORTUNITIES FOR EMPLOYEES, AND BETTER PRODUCTS FOR CONSUMERS,” STATED MR. SAVERI. “WE ESTIMATE THAT BECAUSE OF REDUCED COMPETITION FOR THEIR SERVICES, COMPENSATION FOR SKILLED EMPLOYEES AT ADOBE, APPLE, GOOGLE, INTEL, INTUIT, LUCASFILM, AND PIXAR WAS REDUCED BY 10 TO 15 PERCENT. THESE COMPANIES OWE THEIR TREMENDOUS SUCCESSES TO THE SACRIFICES AND HARD WORK OF THEIR EMPLOYEES, AND MUST TAKE RESPONSIBILITY FOR THEIR MISCONDUCT.” FACTUAL ALLEGATIONS THE COMPLAINT ALLEGES THE CONSPIRACY AMONG DEFENDANTS CONSISTED OF (1) AGREEMENTS NOT TO ACTIVELY RECRUIT EACH OTHER’S EMPLOYEES; (2) AGREEMENTS TO PROVIDE NOTIFICATION WHEN MAKING AN OFFER TO ANOTHER’S EMPLOYEE (WITHOUT THE KNOWLEDGE OR CONSENT OF THAT EMPLOYEE); AND (3) AGREEMENTS TO CAP PAY PACKAGES OFFERED TO PROSPECTIVE EMPLOYEES AT THE INITIAL OFFER. STARTING IN 2005 WITH LUCASFILM AND PIXAR, AND CONTINUING UNTIL AT LEAST 2009 WITH ALL DEFENDANTS, THE COMPANIES ENTERED INTO “NO SOLICITATION” AGREEMENTS WITH KNOWLEDGE OF THE OVERALL CONSPIRACY AND WITH THE INTENT TO REDUCE EMPLOYEE COMPENSATION. AS ADDITIONAL COMPANIES JOINED THE CONSPIRACY, COMPETITION AMONG PARTICIPATING COMPANIES FOR SKILLED LABOR DECREASED. COMPENSATION OF DEFENDANTS’ EMPLOYEES WAS LESS THAN WHAT WOULD HAVE PREVAILED IN A PROPERLY FUNCTIONING LABOR MARKET WHERE EMPLOYERS COMPETE FOR WORKERS. THE COMPLAINT FOR DAMAGES FOLLOWS AN INVESTIGATION LAST YEAR BY THE UNITED STATES DEPARTMENT OF JUSTICE INTO SIMILAR MISCONDUCT BY DEFENDANTS. AFTER THAT INVESTIGATION WAS MADE PUBLIC, DEFENDANTS AGREED TO END THE ANTICOMPETITIVE AGREEMENTS. HOWEVER, NO COMPENSATION WAS PROVIDED TO EMPLOYEES OF DEFENDANTS. TODAY’S CLASS ACTION WAS FILED TO SEEK LOST PAY FOR THE EMPLOYEES WHO WERE TARGETED BY DEFENDANTS’ CONSPIRACY. THE LAWSUIT WAS FILED IN CALIFORNIA SUPERIOR COURT IN ALAMEDA COUNTY. MR. HARIHARAN SEEKS TO REPRESENT A NATIONWIDE CLASS OF ALL EMPLOYEES WHO WERE HARMED BY DEFENDANTS’ UNLAWFUL AGREEMENTS. A COPY OF THE COMPLAINT IS AVAILABLE AT HTTP://WWW.LIEFFCABRASER.COM/ANTITRUST/CASE/344/HIGH-TECH-WORKERS-CLASS-ACTION-LAWSUIT. INFORMATION FOR AFFECTED EMPLOYEES CURRENT AND FORMER EMPLOYEES OF ADOBE, APPLE, GOOGLE, INTEL, INTUIT, LUCASFILM AND PIXAR WHO WISH TO LEARN MORE ABOUT THIS LAWSUIT OR TO REPORT THEIR EXPERIENCES IN SEEKING EMPLOYMENT AND SALARY INCREASES SHOULD VISIT HTTP://WWW.LIEFFCABRASER.COM/ANTITRUST/CASE/344/HIGH-TECH-WORKERS-CLASS-ACTION-LAWSUIT. OR THEY MANY CONTACT LIEFF CABRASER ATTORNEY DEAN HARVEY AT (415) 956-1000 OR DHARVEY@LCHB.COM. THERE IS NO CHARGE OR OBLIGATION FOR OUR REVIEW OF YOUR CLAIM. ALL INFORMATION WILL BE KEPT STRICTLY CONFIDENTIAL AS PROVIDED UNDER LAW. ABOUT LIEFF CABRASER LIEFF, CABRASER, HEIMANN & BERNSTEIN, LLP, WITH OFFICES IN SAN FRANCISCO, NEW YORK AND NASHVILLE, HAS BEEN RECOGNIZED FOR THE PAST EIGHT CONSECUTIVE YEARS BY THE NATIONAL LAW JOURNAL AS ONE OF THE NATION’S LEADING PLAINTIFFS’ LAW FIRMS. SINCE OUR FOUNDING IN 1972, WE HAVE BEEN COMMITTED TO ACHIEVING JUSTICE FOR INVESTORS, CONSUMERS, EMPLOYEES, PATIENTS, AND SMALL BUSINESS OWNERS, PROMOTING FAIR COMPETITION AND SAFER PRODUCTS, PROTECTING OUR ENVIRONMENT, AND REMEDYING VIOLATIONS OF THE CIVIL RIGHTS OF CITIZENS WORLDWIDE. OUR COMPREHENSIVE AND DIVERSE PRACTICE IS UNIQUE AMONG PLAINTIFFS' LAW FIRMS. FOR MORE INFORMATION ABOUT LIEFF CABRASER, PLEASE VISIT HTTP://WWW.LIEFFCABRASER.COM.","ANTITRUST CLASS ACTION LAWSUIT SEEKS DAMAGES FOR WORKERS HARMED BY “NO 
      SOLICITATION” AGREEMENTS IN HIGH-TECH INDUSTRY. SAN FRANCISCO--(BUSINESS WIRE)--JOSEPH R. SAVERI OF THE NATIONAL PLAINTIFFS’ LAW FIRM LIEFF CABRASER HEIMANN & BERNSTEIN, LLP ANNOUNCED THAT SIDDHARTH HARIHARAN, A FORMER SOFTWARE ENGINEER AT LUCASFILM AND FOUNDER AND CEO OF INEARTH, TODAY FILED A CLASS ACTION LAWSUIT CHARGING THAT SEVERAL OF THE NATION’S LEADING HIGH-TECH COMPANIES VIOLATED ANTITRUST LAWS BY CONSPIRING TO FIX THE PAY OF THEIR EMPLOYEES AND ENTERING INTO “NO SOLICITATION” AGREEMENTS WITH EACH OTHER. THE COMPLAINT SEEKS RESTITUTION FOR LOST COMPENSATION AND TREBLE DAMAGES FOR THE ANTI-COMPETITIVE EMPLOYMENT PRACTICES OF ADOBE SYSTEMS INC. (ADBE), APPLE INC. (AAPL), GOOGLE INC. (GOOG), INTEL CORPORATION (INTC), INTUIT INC. (INTU), LUCASFILM LTD., AND PIXAR. “MY COLLEAGUES AT LUCASFILM AND I APPLIED OUR SKILLS, KNOWLEDGE, AND CREATIVITY TO MAKE THE COMPANY AN INDUSTRY LEADER,” STATED MR. HARIHARAN. “IT’S DISAPPOINTING THAT, WHILE WE WERE WORKING HARD TO MAKE TERRIFIC PRODUCTS THAT RESULTED IN ENORMOUS PROFITS FOR LUCASFILM, SENIOR EXECUTIVES OF THE COMPANY CUT DEALS WITH OTHER PREMIERE HIGH TECH COMPANIES TO ELIMINATE COMPETITION AND CAP PAY FOR SKILLED EMPLOYEES.” “COMPETITION IN THE LABOR MARKET RESULTS IN BETTER SALARIES, ENHANCED CAREER OPPORTUNITIES FOR EMPLOYEES, AND BETTER PRODUCTS FOR CONSUMERS,” STATED MR. SAVERI. “WE ESTIMATE THAT BECAUSE OF REDUCED COMPETITION FOR THEIR SERVICES, COMPENSATION FOR SKILLED EMPLOYEES AT ADOBE, APPLE, GOOGLE, INTEL, INTUIT, LUCASFILM, AND PIXAR WAS REDUCED BY 10 TO 15 PERCENT. THESE COMPANIES OWE THEIR TREMENDOUS SUCCESSES TO THE SACRIFICES AND HARD WORK OF THEIR EMPLOYEES, AND MUST TAKE RESPONSIBILITY FOR THEIR MISCONDUCT.” FACTUAL ALLEGATIONS THE COMPLAINT ALLEGES THE CONSPIRACY AMONG DEFENDANTS CONSISTED OF (1) AGREEMENTS NOT TO ACTIVELY RECRUIT EACH OTHER’S EMPLOYEES; (2) AGREEMENTS TO PROVIDE NOTIFICATION WHEN MAKING AN OFFER TO ANOTHER’S EMPLOYEE (WITHOUT THE KNOWLEDGE OR CONSENT OF THAT EMPLOYEE); AND (3) AGREEMENTS TO CAP PAY PACKAGES OFFERED TO PROSPECTIVE EMPLOYEES AT THE INITIAL OFFER. STARTING IN 2005 WITH LUCASFILM AND PIXAR, AND CONTINUING UNTIL AT LEAST 2009 WITH ALL DEFENDANTS, THE COMPANIES ENTERED INTO “NO SOLICITATION” AGREEMENTS WITH KNOWLEDGE OF THE OVERALL CONSPIRACY AND WITH THE INTENT TO REDUCE EMPLOYEE COMPENSATION. AS ADDITIONAL COMPANIES JOINED THE CONSPIRACY, COMPETITION AMONG PARTICIPATING COMPANIES FOR SKILLED LABOR DECREASED. COMPENSATION OF DEFENDANTS’ EMPLOYEES WAS LESS THAN WHAT WOULD HAVE PREVAILED IN A PROPERLY FUNCTIONING LABOR MARKET WHERE EMPLOYERS COMPETE FOR WORKERS. THE COMPLAINT FOR DAMAGES FOLLOWS AN INVESTIGATION LAST YEAR BY THE UNITED STATES DEPARTMENT OF JUSTICE INTO SIMILAR MISCONDUCT BY DEFENDANTS. AFTER THAT INVESTIGATION WAS MADE PUBLIC, DEFENDANTS AGREED TO END THE ANTICOMPETITIVE AGREEMENTS. HOWEVER, NO COMPENSATION WAS PROVIDED TO EMPLOYEES OF DEFENDANTS. TODAY’S CLASS ACTION WAS FILED TO SEEK LOST PAY FOR THE EMPLOYEES WHO WERE TARGETED BY DEFENDANTS’ CONSPIRACY. THE LAWSUIT WAS FILED IN CALIFORNIA SUPERIOR COURT IN ALAMEDA COUNTY. MR. HARIHARAN SEEKS TO REPRESENT A NATIONWIDE CLASS OF ALL EMPLOYEES WHO WERE HARMED BY DEFENDANTS’ UNLAWFUL AGREEMENTS. A COPY OF THE COMPLAINT IS AVAILABLE AT HTTP://WWW.LIEFFCABRASER.COM/ANTITRUST/CASE/344/HIGH-TECH-WORKERS-CLASS-ACTION-LAWSUIT. INFORMATION FOR AFFECTED EMPLOYEES CURRENT AND FORMER EMPLOYEES OF ADOBE, APPLE, GOOGLE, INTEL, INTUIT, LUCASFILM AND PIXAR WHO WISH TO LEARN MORE ABOUT THIS LAWSUIT OR TO REPORT THEIR EXPERIENCES IN SEEKING EMPLOYMENT AND SALARY INCREASES SHOULD VISIT HTTP://WWW.LIEFFCABRASER.COM/ANTITRUST/CASE/344/HIGH-TECH-WORKERS-CLASS-ACTION-LAWSUIT. OR THEY MANY CONTACT LIEFF CABRASER ATTORNEY DEAN HARVEY AT (415) 956-1000 OR DHARVEY@LCHB.COM. THERE IS NO CHARGE OR OBLIGATION FOR OUR REVIEW OF YOUR CLAIM. ALL INFORMATION WILL BE KEPT STRICTLY CONFIDENTIAL AS PROVIDED UNDER LAW. ABOUT LIEFF CABRASER LIEFF, CABRASER, HEIMANN & BERNSTEIN, LLP, WITH OFFICES IN SAN FRANCISCO, NEW YORK AND NASHVILLE, HAS BEEN RECOGNIZED FOR THE PAST EIGHT CONSECUTIVE YEARS BY THE NATIONAL LAW JOURNAL AS ONE OF THE NATION’S LEADING PLAINTIFFS’ LAW FIRMS. SINCE OUR FOUNDING IN 1972, WE HAVE BEEN COMMITTED TO ACHIEVING JUSTICE FOR INVESTORS, CONSUMERS, EMPLOYEES, PATIENTS, AND SMALL BUSINESS OWNERS, PROMOTING FAIR COMPETITION AND SAFER PRODUCTS, PROTECTING OUR ENVIRONMENT, AND REMEDYING VIOLATIONS OF THE CIVIL RIGHTS OF CITIZENS WORLDWIDE. OUR COMPREHENSIVE AND DIVERSE PRACTICE IS UNIQUE AMONG PLAINTIFFS' LAW FIRMS. FOR MORE INFORMATION ABOUT LIEFF CABRASER, PLEASE VISIT HTTP://WWW.LIEFFCABRASER.COM.","['antitrust class action lawsuit seeks damages for workers harmed by no solicitation agreements in high-tech industry', 'san francisco--business wire--joseph r', 'saveri of the national plaintiffs law firm lieff cabraser heimann bernstein, llp announced that siddharth hariharan, a former software engineer at lucasfilm and founder and ceo of inearth, today filed a class action lawsuit charging that several of the nations leading high-tech companies violated antitrust laws by conspiring to fix the pay of their employees and entering into no solicitation agreements with each other', 'the complaint seeks restitution for lost compensation and treble damages for the anti-competitive employment practices of adobe systems inc', 'adbe, apple inc', 'aapl, google inc', 'goog, intel corporation intc, intuit inc', 'intu, lucasfilm ltd., and pixar', 'my colleagues at lucasfilm and i applied our skills, knowledge, and creativity to make the company an industry leader, stated mr', 'hariharan', 'its disappointing that, while we were working hard to make terrific products that resulted in enormous profits for lucasfilm, senior executives of the company cut deals with other premiere high tech companies to eliminate competition and cap pay for skilled employees', 'competition in the labor market results in better salaries, enhanced career opportunities for employees, and better products for consumers, stated mr', 'saveri', 'we estimate that because of reduced competition for their services, compensation for skilled employees at adobe, apple, google, intel, intuit, lucasfilm, and pixar was reduced by 10 to 15 percent', 'these companies owe their tremendous successes to the sacrifices and hard work of their employees, and must take responsibility for their misconduct', 'factual allegations the complaint alleges the conspiracy among defendants consisted of 1 agreements not to actively recruit each others employees 2 agreements to provide notification when making an offer to anothers employee without the knowledge or consent of that employee and 3 agreements to cap pay packages offered to prospective employees at the initial offer', 'starting in 2005 with lucasfilm and pixar, and continuing until at least 2009 with all defendants, the companies entered into no solicitation agreements with knowledge of the overall conspiracy and with the intent to reduce employee compensation', 'as additional companies joined the conspiracy, competition among participating companies for skilled labor decreased', 'compensation of defendants employees was less than what would have prevailed in a properly functioning labor market where employers compete for workers', 'the complaint for damages follows an investigation last year by the united states department of justice into similar misconduct by defendants', 'after that investigation was made public, defendants agreed to end the anticompetitive agreements', 'however, no compensation was provided to employees of defendants', 'todays class action was filed to seek lost pay for the employees who were targeted by defendants conspiracy', 'the lawsuit was filed in california superior court in alameda county', 'mr', 'hariharan seeks to represent a nationwide class of all employees who were harmed by defendants unlawful agreements', 'a copy of the complaint is available at information for affected employees current and former employees of adobe, apple, google, intel, intuit, lucasfilm and pixar who wish to learn more about this lawsuit or to report their experiences in seeking employment and salary increases should visit or they many contact lieff cabraser attorney dean harvey at 415 956-1000 or dharveylchb.com', 'there is no charge or obligation for our review of your claim', 'all information will be kept strictly confidential as provided under law', 'about lieff cabraser lieff, cabraser, heimann bernstein, llp, with offices in san francisco, new york and nashville, has been recognized for the past eight consecutive years by the national law journal as one of the nations leading plaintiffs law firms', 'since our founding in 1972, we have been committed to achieving justice for investors, consumers, employees, patients, and small business owners, promoting fair competition and safer products, protecting our environment, and remedying violations of the civil rights of citizens worldwide', ""our comprehensive and diverse practice is unique among plaintiffs' law firms"", 'for more information about lieff cabraser, please visit']",neutral,-0.0464818181818181,neutral,neutral
21-04-2011,"GOOGLE ANNOUNCES INTERNET AVAILABILITY OF PROXY MATERIALS FOR ITS 
      2011 ANNUAL MEETING OF STOCKHOLDERS","MOUNTAIN VIEW, CALIF.--(BUSINESS WIRE)--GOOGLE INC. (NASDAQ:GOOG) TODAY ANNOUNCED THE INTERNET AVAILABILITY OF PROXY MATERIALS FOR ITS 2011 ANNUAL MEETING OF STOCKHOLDERS PURSUANT TO THE U.S. SECURITIES AND EXCHANGE COMMISSION’S NOTICE AND ACCESS RULES. GOOGLE'S PROXY MATERIALS CAN BE FOUND ON ITS INVESTOR RELATIONS WEBSITE AT HTTP://INVESTOR.GOOGLE.COM/PROXY.HTML. PURSUANT TO THE U.S. SECURITIES AND EXCHANGE COMMISSION’S NOTICE AND ACCESS RULES, COMPANIES MAY SATISFY THEIR PROXY MATERIALS DELIVERY REQUIREMENTS BY DELIVERING A “NOTICE OF INTERNET AVAILABILITY OF PROXY MATERIALS” TO STOCKHOLDERS, PROVIDING INTERNET ACCESS TO THE PROXY MATERIALS, AND PROVIDING A PRINTED SET OF PROXY MATERIALS BY MAIL TO ANY STOCKHOLDER WHO REQUESTS THEM. GOOGLE HAS ELECTED TO TAKE FULL ADVANTAGE OF THESE RULES IN ORDER TO MINIMIZE IMPACT ON THE ENVIRONMENT AND MAXIMIZE COST SAVINGS RELATING TO THE PRINTING OF THE PROXY MATERIALS. GOOGLE’S 2010 ANNUAL REPORT ON FORM 10-K AND PROXY STATEMENT FOR ITS 2011 ANNUAL MEETING OF STOCKHOLDERS HAVE BEEN FILED WITH THE U.S. SECURITIES AND EXCHANGE COMMISSION, AND MAY BE VIEWED ON GOOGLE’S WEBSITE AT HTTP://INVESTOR.GOOGLE.COM/PROXY.HTML. GOOGLE’S STOCKHOLDERS MAY OBTAIN HARD COPIES OF THESE PROXY MATERIALS FREE OF CHARGE BY FOLLOWING THE INSTRUCTIONS PROVIDED ON ITS WEBSITE OR IN THE “NOTICE OF INTERNET AVAILABILITY OF PROXY MATERIALS.” GOOGLE’S 2011 ANNUAL MEETING OF STOCKHOLDERS WILL BE HELD ON THURSDAY, JUNE 2, 2011 AT 2:00 P.M., LOCAL TIME, AT GOOGLE’S CORPORATE HEADQUARTERS AT 1600 AMPHITHEATRE PARKWAY, MOUNTAIN VIEW, CALIFORNIA 94043. FOR YOUR CONVENIENCE, WE ARE PLEASED TO OFFER A LIVE WEBCAST OF THE ANNUAL MEETING AT HTTP://INVESTOR.GOOGLE.COM/WEBCAST.HTML. ABOUT GOOGLE INC. GOOGLE IS A GLOBAL TECHNOLOGY LEADER FOCUSED ON IMPROVING THE WAYS PEOPLE CONNECT WITH INFORMATION. GOOGLE’S INNOVATIONS IN WEB SEARCH AND ADVERTISING HAVE MADE ITS WEBSITE A TOP INTERNET PROPERTY AND ITS BRAND ONE OF THE MOST RECOGNIZED IN THE WORLD. FOR MORE INFORMATION, VISIT WWW.GOOGLE.COM/ABOUT.HTML.","GOOGLE ANNOUNCES INTERNET AVAILABILITY OF PROXY MATERIALS FOR ITS 
      2011 ANNUAL MEETING OF STOCKHOLDERS. MOUNTAIN VIEW, CALIF.--(BUSINESS WIRE)--GOOGLE INC. (NASDAQ:GOOG) TODAY ANNOUNCED THE INTERNET AVAILABILITY OF PROXY MATERIALS FOR ITS 2011 ANNUAL MEETING OF STOCKHOLDERS PURSUANT TO THE U.S. SECURITIES AND EXCHANGE COMMISSION’S NOTICE AND ACCESS RULES. GOOGLE'S PROXY MATERIALS CAN BE FOUND ON ITS INVESTOR RELATIONS WEBSITE AT HTTP://INVESTOR.GOOGLE.COM/PROXY.HTML. PURSUANT TO THE U.S. SECURITIES AND EXCHANGE COMMISSION’S NOTICE AND ACCESS RULES, COMPANIES MAY SATISFY THEIR PROXY MATERIALS DELIVERY REQUIREMENTS BY DELIVERING A “NOTICE OF INTERNET AVAILABILITY OF PROXY MATERIALS” TO STOCKHOLDERS, PROVIDING INTERNET ACCESS TO THE PROXY MATERIALS, AND PROVIDING A PRINTED SET OF PROXY MATERIALS BY MAIL TO ANY STOCKHOLDER WHO REQUESTS THEM. GOOGLE HAS ELECTED TO TAKE FULL ADVANTAGE OF THESE RULES IN ORDER TO MINIMIZE IMPACT ON THE ENVIRONMENT AND MAXIMIZE COST SAVINGS RELATING TO THE PRINTING OF THE PROXY MATERIALS. GOOGLE’S 2010 ANNUAL REPORT ON FORM 10-K AND PROXY STATEMENT FOR ITS 2011 ANNUAL MEETING OF STOCKHOLDERS HAVE BEEN FILED WITH THE U.S. SECURITIES AND EXCHANGE COMMISSION, AND MAY BE VIEWED ON GOOGLE’S WEBSITE AT HTTP://INVESTOR.GOOGLE.COM/PROXY.HTML. GOOGLE’S STOCKHOLDERS MAY OBTAIN HARD COPIES OF THESE PROXY MATERIALS FREE OF CHARGE BY FOLLOWING THE INSTRUCTIONS PROVIDED ON ITS WEBSITE OR IN THE “NOTICE OF INTERNET AVAILABILITY OF PROXY MATERIALS.” GOOGLE’S 2011 ANNUAL MEETING OF STOCKHOLDERS WILL BE HELD ON THURSDAY, JUNE 2, 2011 AT 2:00 P.M., LOCAL TIME, AT GOOGLE’S CORPORATE HEADQUARTERS AT 1600 AMPHITHEATRE PARKWAY, MOUNTAIN VIEW, CALIFORNIA 94043. FOR YOUR CONVENIENCE, WE ARE PLEASED TO OFFER A LIVE WEBCAST OF THE ANNUAL MEETING AT HTTP://INVESTOR.GOOGLE.COM/WEBCAST.HTML. ABOUT GOOGLE INC. GOOGLE IS A GLOBAL TECHNOLOGY LEADER FOCUSED ON IMPROVING THE WAYS PEOPLE CONNECT WITH INFORMATION. GOOGLE’S INNOVATIONS IN WEB SEARCH AND ADVERTISING HAVE MADE ITS WEBSITE A TOP INTERNET PROPERTY AND ITS BRAND ONE OF THE MOST RECOGNIZED IN THE WORLD. FOR MORE INFORMATION, VISIT WWW.GOOGLE.COM/ABOUT.HTML.","['google announces internet availability of proxy materials for its 2011 annual meeting of stockholders', 'mountain view, calif.--business wire--google inc', 'nasdaqgoog today announced the internet availability of proxy materials for its 2011 annual meeting of stockholders pursuant to the u.s', 'securities and exchange commissions notice and access rules', ""google's proxy materials can be found on its investor relations website at pursuant to the u.s"", 'securities and exchange commissions notice and access rules, companies may satisfy their proxy materials delivery requirements by delivering a notice of internet availability of proxy materials to stockholders, providing internet access to the proxy materials, and providing a printed set of proxy materials by mail to any stockholder who requests them', 'google has elected to take full advantage of these rules in order to minimize impact on the environment and maximize cost savings relating to the printing of the proxy materials', 'googles 2010 annual report on form 10-k and proxy statement for its 2011 annual meeting of stockholders have been filed with the u.s', 'securities and exchange commission, and may be viewed on googles website at googles stockholders may obtain hard copies of these proxy materials free of charge by following the instructions provided on its website or in the notice of internet availability of proxy materials', 'googles 2011 annual meeting of stockholders will be held on thursday, june 2, 2011 at 200 p.m., local time, at googles corporate headquarters at 1600 amphitheatre parkway, mountain view, california 94043', 'for your convenience, we are pleased to offer a live webcast of the annual meeting at about google inc', 'google is a global technology leader focused on improving the ways people connect with information', 'googles innovations in web search and advertising have made its website a top internet property and its brand one of the most recognized in the world', 'for more information, visit']",weakly_positive,0.2221571428571429,weakly_positive,weakly_positive
04-04-2011,GOOGLE TO ANNOUNCE FIRST QUARTER 2011 FINANCIAL RESULTS,"MOUNTAIN VIEW, CALIF.--(BUSINESS WIRE)--GOOGLE INC. (NASDAQ:GOOG) TODAY ANNOUNCED THAT IT WILL HOLD ITS QUARTERLY CONFERENCE CALL TO DISCUSS FIRST QUARTER 2011 FINANCIAL RESULTS ON THURSDAY, APRIL 14, 2011 AT 1:30 P.M. PACIFIC TIME (4:30 P.M. EASTERN TIME). THE LIVE WEBCAST OF GOOGLE'S EARNINGS CONFERENCE CALL CAN BE ACCESSED AT HTTP://INVESTOR.GOOGLE.COM/WEBCAST.HTML. THE WEBCAST VERSION OF THE CONFERENCE CALL WILL BE AVAILABLE THROUGH THE SAME LINK FOLLOWING THE CONFERENCE CALL. PLEASE VISIT GOOGLE'S INVESTOR RELATIONS WEBSITE AT HTTP://INVESTOR.GOOGLE.COM TO VIEW THE EARNINGS RELEASE. ABOUT GOOGLE INC. GOOGLE IS A GLOBAL TECHNOLOGY LEADER FOCUSED ON IMPROVING THE WAYS PEOPLE CONNECT WITH INFORMATION. GOOGLE’S INNOVATIONS IN WEB SEARCH AND ADVERTISING HAVE MADE ITS WEBSITE A TOP INTERNET PROPERTY AND ITS BRAND ONE OF THE MOST RECOGNIZED IN THE WORLD. FOR MORE INFORMATION, VISIT HTTP://WWW.GOOGLE.COM/INTL/EN/ABOUT.HTML.","GOOGLE TO ANNOUNCE FIRST QUARTER 2011 FINANCIAL RESULTS. MOUNTAIN VIEW, CALIF.--(BUSINESS WIRE)--GOOGLE INC. (NASDAQ:GOOG) TODAY ANNOUNCED THAT IT WILL HOLD ITS QUARTERLY CONFERENCE CALL TO DISCUSS FIRST QUARTER 2011 FINANCIAL RESULTS ON THURSDAY, APRIL 14, 2011 AT 1:30 P.M. PACIFIC TIME (4:30 P.M. EASTERN TIME). THE LIVE WEBCAST OF GOOGLE'S EARNINGS CONFERENCE CALL CAN BE ACCESSED AT HTTP://INVESTOR.GOOGLE.COM/WEBCAST.HTML. THE WEBCAST VERSION OF THE CONFERENCE CALL WILL BE AVAILABLE THROUGH THE SAME LINK FOLLOWING THE CONFERENCE CALL. PLEASE VISIT GOOGLE'S INVESTOR RELATIONS WEBSITE AT HTTP://INVESTOR.GOOGLE.COM TO VIEW THE EARNINGS RELEASE. ABOUT GOOGLE INC. GOOGLE IS A GLOBAL TECHNOLOGY LEADER FOCUSED ON IMPROVING THE WAYS PEOPLE CONNECT WITH INFORMATION. GOOGLE’S INNOVATIONS IN WEB SEARCH AND ADVERTISING HAVE MADE ITS WEBSITE A TOP INTERNET PROPERTY AND ITS BRAND ONE OF THE MOST RECOGNIZED IN THE WORLD. FOR MORE INFORMATION, VISIT HTTP://WWW.GOOGLE.COM/INTL/EN/ABOUT.HTML.","['google to announce first quarter 2011 financial results', 'mountain view, calif.--business wire--google inc', 'nasdaqgoog today announced that it will hold its quarterly conference call to discuss first quarter 2011 financial results on thursday, april 14, 2011 at 130 p.m', 'pacific time 430 p.m', 'eastern time', ""the live webcast of google's earnings conference call can be accessed at the webcast version of the conference call will be available through the same link following the conference call"", ""please visit google's investor relations website at to view the earnings release"", 'about google inc', 'google is a global technology leader focused on improving the ways people connect with information', 'googles innovations in web search and advertising have made its website a top internet property and its brand one of the most recognized in the world', 'for more information, visit']",weakly_positive,0.107290909090909,weakly_positive,weakly_positive
22-02-2011,"GOOGLE TO PRESENT AT THE 2011 MORGAN STANLEY TECH, MEDIA & TELECOM 
      CONFERENCE","MOUNTAIN VIEW, CALIF.--(BUSINESS WIRE)--GOOGLE INC. (NASDAQ:GOOG) ANNOUNCED TODAY THAT NEAL MOHAN, VICE PRESIDENT, PRODUCT MANAGEMENT, WILL PARTICIPATE IN A QUESTION-AND-ANSWER SESSION AT THE 2011 MORGAN STANLEY TECH, MEDIA & TELECOM CONFERENCE IN SAN FRANCISCO. THE SESSION IS SCHEDULED FOR 9:30 A.M. PACIFIC TIME / 12:30 P.M. EASTERN TIME ON MONDAY, FEBRUARY 28, 2011. TO ACCESS THE LIVE AUDIO WEBCAST OF THE SESSIONS, PLEASE VISIT HTTP://INVESTOR.GOOGLE.COM/WEBCAST.HTML. ABOUT GOOGLE INC. GOOGLE'S INNOVATIVE SEARCH TECHNOLOGIES CONNECT MILLIONS OF PEOPLE AROUND THE WORLD WITH INFORMATION EVERY DAY. FOUNDED IN 1998 BY STANFORD PH.D. STUDENTS LARRY PAGE AND SERGEY BRIN, GOOGLE TODAY IS A TOP WEB PROPERTY IN ALL MAJOR GLOBAL MARKETS. GOOGLE'S TARGETED ADVERTISING PROGRAM PROVIDES BUSINESSES OF ALL SIZES WITH MEASURABLE RESULTS, WHILE ENHANCING THE OVERALL WEB EXPERIENCE FOR USERS. GOOGLE IS HEADQUARTERED IN SILICON VALLEY WITH OFFICES THROUGHOUT THE AMERICAS, EUROPE AND ASIA. FOR MORE INFORMATION, VISIT WWW.GOOGLE.COM. GOOGLE IS A TRADEMARK OF GOOGLE INC. ALL OTHER COMPANY AND PRODUCT NAMES MAY BE TRADEMARKS OF THE RESPECTIVE COMPANIES WITH WHICH THEY ARE ASSOCIATED.","GOOGLE TO PRESENT AT THE 2011 MORGAN STANLEY TECH, MEDIA & TELECOM 
      CONFERENCE. MOUNTAIN VIEW, CALIF.--(BUSINESS WIRE)--GOOGLE INC. (NASDAQ:GOOG) ANNOUNCED TODAY THAT NEAL MOHAN, VICE PRESIDENT, PRODUCT MANAGEMENT, WILL PARTICIPATE IN A QUESTION-AND-ANSWER SESSION AT THE 2011 MORGAN STANLEY TECH, MEDIA & TELECOM CONFERENCE IN SAN FRANCISCO. THE SESSION IS SCHEDULED FOR 9:30 A.M. PACIFIC TIME / 12:30 P.M. EASTERN TIME ON MONDAY, FEBRUARY 28, 2011. TO ACCESS THE LIVE AUDIO WEBCAST OF THE SESSIONS, PLEASE VISIT HTTP://INVESTOR.GOOGLE.COM/WEBCAST.HTML. ABOUT GOOGLE INC. GOOGLE'S INNOVATIVE SEARCH TECHNOLOGIES CONNECT MILLIONS OF PEOPLE AROUND THE WORLD WITH INFORMATION EVERY DAY. FOUNDED IN 1998 BY STANFORD PH.D. STUDENTS LARRY PAGE AND SERGEY BRIN, GOOGLE TODAY IS A TOP WEB PROPERTY IN ALL MAJOR GLOBAL MARKETS. GOOGLE'S TARGETED ADVERTISING PROGRAM PROVIDES BUSINESSES OF ALL SIZES WITH MEASURABLE RESULTS, WHILE ENHANCING THE OVERALL WEB EXPERIENCE FOR USERS. GOOGLE IS HEADQUARTERED IN SILICON VALLEY WITH OFFICES THROUGHOUT THE AMERICAS, EUROPE AND ASIA. FOR MORE INFORMATION, VISIT WWW.GOOGLE.COM. GOOGLE IS A TRADEMARK OF GOOGLE INC. ALL OTHER COMPANY AND PRODUCT NAMES MAY BE TRADEMARKS OF THE RESPECTIVE COMPANIES WITH WHICH THEY ARE ASSOCIATED.","['google to present at the 2011 morgan stanley tech, media telecom conference', 'mountain view, calif.--business wire--google inc', 'nasdaqgoog announced today that neal mohan, vice president, product management, will participate in a question-and-answer session at the 2011 morgan stanley tech, media telecom conference in san francisco', 'the session is scheduled for 930 a.m', 'pacific time 1230 p.m', 'eastern time on monday, february 28, 2011', 'to access the live audio webcast of the sessions, please visit about google inc', ""google's innovative search technologies connect millions of people around the world with information every day"", 'founded in 1998 by stanford ph.d', 'students larry page and sergey brin, google today is a top web property in all major global markets', ""google's targeted advertising program provides businesses of all sizes with measurable results, while enhancing the overall web experience for users"", 'google is headquartered in silicon valley with offices throughout the americas, europe and asia', 'for more information, visit google is a trademark of google inc', 'all other company and product names may be trademarks of the respective companies with which they are associated.']",weakly_positive,0.0987428571428571,weakly_positive,weakly_positive
07-02-2011,"GOOGLE TO PRESENT AT THE GOLDMAN SACHS TECHNOLOGY AND INTERNET 
      CONFERENCE","MOUNTAIN VIEW, CALIF.--(BUSINESS WIRE)--GOOGLE INC. (NASDAQ:GOOG) ANNOUNCED TODAY THAT NICK FOX, VICE PRESIDENT, PRODUCT MANAGEMENT, WILL PARTICIPATE IN A QUESTION-AND-ANSWER SESSION AT THE GOLDMAN SACHS TECHNOLOGY AND INTERNET CONFERENCE IN SAN FRANCISCO. THE SESSION IS SCHEDULED FOR 5:20 P.M. PACIFIC TIME / 8:20 P.M. EASTERN TIME ON TUESDAY, FEBRUARY 15, 2011. TO ACCESS THE LIVE AUDIO WEBCAST OF THE SESSIONS, PLEASE VISIT HTTP://INVESTOR.GOOGLE.COM/WEBCAST.HTML. ABOUT GOOGLE INC. GOOGLE'S INNOVATIVE SEARCH TECHNOLOGIES CONNECT MILLIONS OF PEOPLE AROUND THE WORLD WITH INFORMATION EVERY DAY. FOUNDED IN 1998 BY STANFORD PH.D. STUDENTS LARRY PAGE AND SERGEY BRIN, GOOGLE TODAY IS A TOP WEB PROPERTY IN ALL MAJOR GLOBAL MARKETS. GOOGLE'S TARGETED ADVERTISING PROGRAM PROVIDES BUSINESSES OF ALL SIZES WITH MEASURABLE RESULTS, WHILE ENHANCING THE OVERALL WEB EXPERIENCE FOR USERS. GOOGLE IS HEADQUARTERED IN SILICON VALLEY WITH OFFICES THROUGHOUT THE AMERICAS, EUROPE AND ASIA. FOR MORE INFORMATION, VISIT WWW.GOOGLE.COM. GOOGLE IS A TRADEMARK OF GOOGLE INC. ALL OTHER COMPANY AND PRODUCT NAMES MAY BE TRADEMARKS OF THE RESPECTIVE COMPANIES WITH WHICH THEY ARE ASSOCIATED.","GOOGLE TO PRESENT AT THE GOLDMAN SACHS TECHNOLOGY AND INTERNET 
      CONFERENCE. MOUNTAIN VIEW, CALIF.--(BUSINESS WIRE)--GOOGLE INC. (NASDAQ:GOOG) ANNOUNCED TODAY THAT NICK FOX, VICE PRESIDENT, PRODUCT MANAGEMENT, WILL PARTICIPATE IN A QUESTION-AND-ANSWER SESSION AT THE GOLDMAN SACHS TECHNOLOGY AND INTERNET CONFERENCE IN SAN FRANCISCO. THE SESSION IS SCHEDULED FOR 5:20 P.M. PACIFIC TIME / 8:20 P.M. EASTERN TIME ON TUESDAY, FEBRUARY 15, 2011. TO ACCESS THE LIVE AUDIO WEBCAST OF THE SESSIONS, PLEASE VISIT HTTP://INVESTOR.GOOGLE.COM/WEBCAST.HTML. ABOUT GOOGLE INC. GOOGLE'S INNOVATIVE SEARCH TECHNOLOGIES CONNECT MILLIONS OF PEOPLE AROUND THE WORLD WITH INFORMATION EVERY DAY. FOUNDED IN 1998 BY STANFORD PH.D. STUDENTS LARRY PAGE AND SERGEY BRIN, GOOGLE TODAY IS A TOP WEB PROPERTY IN ALL MAJOR GLOBAL MARKETS. GOOGLE'S TARGETED ADVERTISING PROGRAM PROVIDES BUSINESSES OF ALL SIZES WITH MEASURABLE RESULTS, WHILE ENHANCING THE OVERALL WEB EXPERIENCE FOR USERS. GOOGLE IS HEADQUARTERED IN SILICON VALLEY WITH OFFICES THROUGHOUT THE AMERICAS, EUROPE AND ASIA. FOR MORE INFORMATION, VISIT WWW.GOOGLE.COM. GOOGLE IS A TRADEMARK OF GOOGLE INC. ALL OTHER COMPANY AND PRODUCT NAMES MAY BE TRADEMARKS OF THE RESPECTIVE COMPANIES WITH WHICH THEY ARE ASSOCIATED.","['google to present at the goldman sachs technology and internet conference', 'mountain view, calif.--business wire--google inc', 'nasdaqgoog announced today that nick fox, vice president, product management, will participate in a question-and-answer session at the goldman sachs technology and internet conference in san francisco', 'the session is scheduled for 520 p.m', 'pacific time 820 p.m', 'eastern time on tuesday, february 15, 2011', 'to access the live audio webcast of the sessions, please visit about google inc', ""google's innovative search technologies connect millions of people around the world with information every day"", 'founded in 1998 by stanford ph.d', 'students larry page and sergey brin, google today is a top web property in all major global markets', ""google's targeted advertising program provides businesses of all sizes with measurable results, while enhancing the overall web experience for users"", 'google is headquartered in silicon valley with offices throughout the americas, europe and asia', 'for more information, visit google is a trademark of google inc', 'all other company and product names may be trademarks of the respective companies with which they are associated.']",weakly_positive,0.0987428571428571,weakly_positive,weakly_positive
