date,GOOG_close,GOOG_high,GOOG_low,GOOG_open,GOOG_traded_volume,GOOG_adjClose,GOOG_adjLow,GOOG_adjOpen,GOOG_adj_traded_volume,GOOG_divCash,GOOG_splitFactor
27-03-2014,558.46,568.0,552.92,568.0,13100,27.822744747,27.5467392929,28.2980321174,262000,0.0,1.0
28-03-2014,559.99,566.43,558.67,561.2,41100,27.89897008,27.8332070476,27.9592528597,822000,0.0,1.0
31-03-2014,556.97,567.0,556.93,566.89,10800,27.7485122332,27.746519414,28.2427313857,216000,0.0,1.0
01-04-2014,567.16,568.45,558.71,558.71,7900,28.256182915,27.8351998668,27.8351998668,158000,0.0,1.0
02-04-2014,567.0,604.83,562.19,565.106,146700,28.2482116384,28.008575134,28.153851651,2934000,0.0,1.0
03-04-2014,569.74,587.28,564.13,569.85,5085200,28.384719751,28.1052268634,28.3902000037,101704000,0.0,1.0
04-04-2014,543.14,577.77,543.0,574.65,6351900,27.0594950075,27.0525201404,28.6293383033,127038000,0.0,1.0
07-04-2014,538.15,548.48,527.15,540.74,4389600,26.8108908169,26.262865547,26.9399258577,87792000,0.0,1.0
08-04-2014,554.9,555.0,541.61,542.6,3142600,27.6453838415,26.9832696745,27.0325919488,62852000,0.0,1.0
09-04-2014,564.14,565.37,552.95,559.62,3321700,28.1057250682,27.5482339073,27.8805365028,66434000,0.0,1.0
10-04-2014,540.95,565.0,539.9,565.0,4025800,26.9503881583,26.8980766553,28.1485706802,80516000,0.0,1.0
11-04-2014,530.6,540.0,526.53,532.55,3914100,26.4347461999,26.23197685,26.5318961341,78282000,0.0,1.0
14-04-2014,532.52,544.1,529.561,538.25,2568000,26.5304015197,26.3829827221,26.8158728648,51360000,0.0,1.0
15-04-2014,536.44,538.45,518.4601,536.82,3844500,26.7256977977,25.8299305659,26.7446295797,76890000,0.0,1.0
16-04-2014,556.54,557.0,540.0,543.0,4879900,27.7270894272,26.9030587032,27.0525201404,97598000,0.0,1.0
17-04-2014,536.1,549.5,531.15,548.81,6790900,26.7087588348,26.4621474633,27.3419771239,135818000,0.0,1.0
21-04-2014,528.62,536.7,525.6,536.1,2559700,26.3361016513,26.1856438045,26.7087588348,51194000,0.0,1.0
22-04-2014,534.81,537.23,527.51,528.64,2358900,26.6444904168,26.2808009195,26.3370980609,47178000,0.0,1.0
23-04-2014,526.94,533.87,526.25,533.79,2046700,26.2524032464,26.2180271159,26.5936735281,40934000,0.0,1.0
24-04-2014,525.16,531.65,522.12,530.07,1878000,26.1637227937,26.0122685373,26.4083413459,37560000,0.0,1.0
25-04-2014,516.18,524.7,515.42,522.51,2094600,25.7163348915,25.6784713274,26.0316985241,41892000,0.0,1.0
28-04-2014,517.15,518.6,502.8,517.18,3326400,25.7646607562,25.0497368814,25.7661553706,66528000,0.0,1.0
29-04-2014,527.7,529.46,516.32,516.9,2691700,26.2902668105,25.7233097586,25.7522056365,53834000,0.0,1.0
30-04-2014,526.66,528.0,522.52,527.6,1746400,26.2384535123,26.0321967289,26.2852847626,34928000,0.0,1.0
01-05-2014,531.35,532.93,523.88,527.11,1900300,26.4721115592,26.0999525804,26.2608727279,38006000,0.0,1.0
02-05-2014,527.93,533.9999,525.61,533.76,1683900,26.3017255207,26.1861420092,26.5921789137,33678000,0.0,1.0
05-05-2014,527.81,528.9,521.32,524.82,1021300,26.2957470632,25.972412154,26.1467838308,20426000,0.0,1.0
06-05-2014,515.14,526.81,515.06,525.23,1684400,25.6645215933,25.660535955,26.1672102272,33688000,0.0,1.0
07-05-2014,509.96,516.68,503.3,515.79,3215500,25.4064515116,25.074647121,25.6969049047,64310000,0.0,1.0
08-05-2014,511.0,517.23,506.45,508.46,2015800,25.4582648099,25.2315816301,25.331720793,40316000,0.0,1.0
09-05-2014,518.73,519.9,504.2,510.75,2432800,25.8433771132,25.1194855521,25.4458096901,48656000,0.0,1.0
12-05-2014,529.92,530.19,519.01,523.51,1907300,26.4008682741,25.8573268473,26.0815190032,38146000,0.0,1.0
13-05-2014,533.09,536.07,529.51,530.89,1648900,26.5587991928,26.3804418777,26.4491941388,32978000,0.0,1.0
14-05-2014,526.65,533.0,525.29,533.0,1188500,26.2379553075,26.1701994559,26.5543153496,23770000,0.0,1.0
15-05-2014,519.98,525.87,517.42,525.7,1699700,25.905652712,25.7781122856,26.1906258524,33994000,0.0,1.0
16-05-2014,520.63,521.8,515.44,521.39,1481200,25.9380360234,25.679467737,25.9758995875,29624000,0.0,1.0
19-05-2014,528.86,529.78,517.583,519.7,1274300,26.3480585663,25.7862330237,25.8917029779,25486000,0.0,1.0
20-05-2014,529.77,536.23,526.3,529.74,1779900,26.3933952022,26.2205181398,26.3919005878,35598000,0.0,1.0
21-05-2014,538.94,539.1828,531.91,532.9,1193000,26.8502489954,26.5000110275,26.5493333017,23860000,0.0,1.0
22-05-2014,545.06,547.5999,540.78,541.13,1611400,27.1551503274,26.9419186769,26.9593558446,32228000,0.0,1.0
23-05-2014,552.7,553.64,543.7,547.26,1926900,27.5357787875,27.0873944758,27.2647553813,38538000,0.0,1.0
27-05-2014,565.95,566.0,554.35,556.0,2098400,28.1959001353,27.617982578,27.7001863685,41968000,0.0,1.0
28-05-2014,561.68,567.84,561.0,564.57,1647500,27.9831666897,27.9492887639,28.1271478742,32950000,0.0,1.0
29-05-2014,560.08,564.0,558.71,563.35,1350400,27.9034539231,27.8351998668,28.0663668897,27008000,0.0,1.0
30-05-2014,559.89,561.35,555.91,560.8,1766300,27.8939880321,27.6957025254,27.9393246681,35326000,0.0,1.0
02-06-2014,553.93,560.9,545.73,560.7,1431100,27.5970579768,27.1885300483,27.9343426202,28622000,0.0,1.0
03-06-2014,544.94,552.34,542.55,550.99,1861500,27.1491718699,27.0301009249,27.4505857683,37230000,0.0,1.0
04-06-2014,544.66,548.61,538.75,541.5,1811500,27.1352221357,26.8407831044,26.9777894218,36230000,0.0,1.0
05-06-2014,553.9,554.95,544.45,546.4,1684500,27.5955633624,27.1247598351,27.2219097693,33690000,0.0,1.0
06-06-2014,556.33,558.06,548.93,558.06,1732000,27.7166271266,27.3479555814,27.8028165554,34640000,0.0,1.0
09-06-2014,562.12,562.9,556.04,557.15,1463500,28.0050877005,27.7021791877,27.7574799194,29270000,0.0,1.0
10-06-2014,560.55,563.6,557.9,560.51,1348000,27.9268695483,27.7948452787,27.9248767291,26960000,0.0,1.0
11-06-2014,558.84,559.88,555.0201,558.0,1097100,27.8416765291,27.651367281,27.7998273266,21942000,0.0,1.0
12-06-2014,551.35,557.99,548.46,557.3,1454500,27.4685211408,27.3245399562,27.7649529913,29090000,0.0,1.0
13-06-2014,551.76,552.3,545.56,552.26,1217200,27.4889475372,27.1800605669,27.5138577767,24344000,0.0,1.0
16-06-2014,544.28,549.62,541.52,549.26,1697900,27.1162903537,26.9787858314,27.3643963395,33958000,0.0,1.0
17-06-2014,543.01,545.32,539.33,544.2,1440600,27.0530183452,26.8696789822,27.1123047153,28812000,0.0,1.0
18-06-2014,553.37,553.56,544.0,544.86,1737000,27.5691585085,27.1023406195,27.1451862315,34740000,0.0,1.0
19-06-2014,554.9,555.0,548.51,554.24,2450100,27.6453838415,27.3270309802,27.6125023253,49002000,0.0,1.0
20-06-2014,556.36,557.58,550.3915,556.85,4496000,27.718121741,27.4207682116,27.7425337757,89920000,0.0,1.0
23-06-2014,564.95,565.0,554.25,555.15,1532600,28.1460796563,27.6130005301,27.6578389613,30652000,0.0,1.0
24-06-2014,564.62,572.646,561.01,565.19,2201100,28.1296388982,27.9497869687,28.1580365712,44022000,0.0,1.0
25-06-2014,578.65,579.96,565.22,565.26,1964000,28.8286202197,28.1595311856,28.1615240048,39280000,0.0,1.0
26-06-2014,576.0,582.45,571.85,581.0,1737200,28.6965959501,28.4898409619,28.9456983455,34744000,0.0,1.0
27-06-2014,577.24,579.87,573.8,577.18,2230800,28.7583733441,28.5869908961,28.7553841154,44616000,0.0,1.0
30-06-2014,575.28,579.57,574.75,578.66,1310200,28.6607252052,28.6343203512,28.8291184244,26204000,0.0,1.0
01-07-2014,582.67,584.4,576.65,578.32,1444000,29.0288985456,28.7289792615,28.8121794616,28880000,0.0,1.0
02-07-2014,582.335,585.4399,580.39,583.35,1053500,29.0122086851,28.9153078532,29.0627764713,21070000,0.0,1.0
03-07-2014,584.73,585.01,580.92,583.35,712200,29.1315287325,28.9417127072,29.0627764713,14244000,0.0,1.0
07-07-2014,582.25,586.4299,579.59,583.76,1061700,29.0079739443,28.87545147,29.0832028677,21234000,0.0,1.0
08-07-2014,571.09,579.5284,566.135,577.66,1904300,28.4519773978,28.205116924,28.7792979454,38086000,0.0,1.0
09-07-2014,576.08,576.72,569.376,571.58,1113700,28.7005815884,28.3665850967,28.4763894326,22274000,0.0,1.0
10-07-2014,571.1,576.59,565.01,565.91,1353000,28.4524756026,28.149068885,28.1939073162,27060000,0.0,1.0
11-07-2014,579.18,580.85,571.42,571.91,1617300,28.8550250736,28.4684181559,28.4928301907,32346000,0.0,1.0
14-07-2014,584.87,585.21,578.03,582.6,1849000,29.1385035995,28.7977315226,29.025411112,36980000,0.0,1.0
15-07-2014,584.78,585.8045,576.56,585.74,1618600,29.1340197564,28.7244954184,29.1818474163,32372000,0.0,1.0
16-07-2014,582.66,588.4,582.2,588.0,1393300,29.0284003408,29.0054829204,29.294441699,27866000,0.0,1.0
17-07-2014,573.7299,580.99,568.61,579.53,3008300,28.5834984805,28.3284226097,28.8724622412,60166000,0.0,1.0
18-07-2014,595.08,596.8,582.0,593.0,4003200,29.6471706909,28.9955188246,29.5435440944,80064000,0.0,1.0
21-07-2014,589.47,594.4,585.2326,591.75,2056500,29.3676778033,29.1565685052,29.4812684956,41130000,0.0,1.0
22-07-2014,594.74,599.65,590.6,590.72,1694500,29.630231728,29.4239749447,29.4299534021,33890000,0.0,1.0
23-07-2014,595.98,597.85,592.5,593.23,1229800,29.6920091221,29.5186338549,29.5550028046,24596000,0.0,1.0
24-07-2014,593.35,599.5,591.77,596.45,1032300,29.5609812621,29.4822649052,29.7154247473,20646000,0.0,1.0
25-07-2014,589.02,591.86,587.03,590.4,929900,29.3452585877,29.2461158343,29.4140108488,18598000,0.0,1.0
28-07-2014,590.6,592.5,584.7533,588.07,984100,29.4239749447,29.1326895496,29.2979291326,19682000,0.0,1.0
29-07-2014,585.61,589.7,583.515,588.75,1346200,29.175370754,29.0709968504,29.3318070584,26924000,0.0,1.0
30-07-2014,587.42,589.5,584.0,586.55,1013700,29.2655458212,29.0951597827,29.2222020044,20274000,0.0,1.0
31-07-2014,571.6,583.6499,570.0,580.6,2097000,28.4773858421,28.3976730756,28.9257701539,41940000,0.0,1.0
01-08-2014,566.07,575.9599,562.85,570.4,1949900,28.2018785928,28.0414566502,28.4176012672,38998000,0.0,1.0
04-08-2014,573.15,575.35,564.1,569.04,1423400,28.5546075847,28.103732249,28.3498454157,28468000,0.0,1.0
05-08-2014,565.07,571.98,562.61,570.05,1547000,28.1520581137,28.0294997352,28.4001640996,30940000,0.0,1.0
06-08-2014,566.374,570.7,560.0,561.78,1330700,28.2170240185,27.8994682848,27.9881487376,26614000,0.0,1.0
07-08-2014,563.36,569.89,561.1,568.0,1107900,28.0668650945,27.9542708118,28.2980321174,22158000,0.0,1.0
08-08-2014,568.77,570.25,560.35,563.56,1490700,28.3363938863,27.9169054525,28.0768291903,29814000,0.0,1.0
11-08-2014,567.88,570.49,566.0,569.99,1211400,28.29205366,28.1983911593,28.3971748708,24228000,0.0,1.0
12-08-2014,562.73,565.9,560.88,564.52,1537800,28.0354781927,27.9433103064,28.1246568502,30756000,0.0,1.0
13-08-2014,574.78,575.0,565.75,567.31,1437900,28.6358149656,28.1859360395,28.2636559869,28758000,0.0,1.0
14-08-2014,574.65,577.9,570.88,576.18,982800,28.6293383033,28.4415150972,28.7055636363,19656000,0.0,1.0
15-08-2014,573.48,579.38,570.52,577.86,1515000,28.5710483428,28.4235797247,28.7892620412,30300000,0.0,1.0
18-08-2014,582.16,584.51,576.0,576.11,1280600,29.0034901012,28.6965959501,28.7020762028,25612000,0.0,1.0
19-08-2014,586.86,587.34,584.0,585.0,976000,29.2376463529,29.0951597827,29.1449802618,19520000,0.0,1.0
20-08-2014,584.49,586.7,582.57,585.88,1033900,29.1195718175,29.0239164976,29.1888222834,20678000,0.0,1.0
21-08-2014,583.37,584.5,581.14,583.82,912300,29.0637728809,28.9526732126,29.0861920965,18246000,0.0,1.0
22-08-2014,582.56,585.236,580.64,583.59,786900,29.0234182929,28.927762973,29.0747333863,15738000,0.0,1.0
25-08-2014,580.2,585.0,579.0,584.72,1357700,28.9058419622,28.8460573873,29.1310305277,27154000,0.0,1.0
26-08-2014,577.86,581.8,576.58,581.26,1635200,28.7892620412,28.725491828,28.95865167,32704000,0.0,1.0
27-08-2014,571.0,578.49,570.103,577.27,1698700,28.4474935547,28.402804585,28.7598679585,33974000,0.0,1.0
28-08-2014,569.2,573.25,567.1,569.56,1289400,28.3578166923,28.2531936863,28.3757520648,25788000,0.0,1.0
29-08-2014,571.6,572.04,567.0692,571.33,1080800,28.4773858421,28.2516592155,28.4639343128,21616000,0.0,1.0
02-09-2014,577.33,577.83,571.19,571.85,1574100,28.7628571873,28.4569594457,28.4898409619,31482000,0.0,1.0
03-09-2014,577.94,582.99,575.0,580.0,1211800,28.7932476795,28.646775471,28.8958778664,24236000,0.0,1.0
04-09-2014,581.98,586.0,579.22,580.0,1454200,28.994522415,28.8570178927,28.8958778664,29084000,0.0,1.0
05-09-2014,586.08,586.55,581.95,583.98,1627900,29.1987863792,28.9930278006,29.0941633731,32558000,0.0,1.0
08-09-2014,589.72,591.77,586.3,586.6,1427100,29.3801329231,29.2097468846,29.2246930283,28542000,0.0,1.0
09-09-2014,581.01,589.0,580.0,588.9,1283700,28.9461965503,28.8958778664,29.3392801302,25674000,0.0,1.0
10-09-2014,583.1,583.5,576.94,581.5,974700,29.0503213516,28.7434272004,28.970608585,19494000,0.0,1.0
11-09-2014,581.35,581.81,576.26,580.36,1217700,28.9631355132,28.7095492746,28.9138132389,24354000,0.0,1.0
12-09-2014,575.62,581.64,574.46,581.0,1597300,28.677664168,28.6198724123,28.9456983455,31946000,0.0,1.0
15-09-2014,573.1,574.95,568.21,572.94,1593200,28.5521165608,28.3084944181,28.5441452841,31864000,0.0,1.0
16-09-2014,579.95,581.5,572.66,572.76,1476300,28.8933868425,28.53019555,28.5351775979,29526000,0.0,1.0
17-09-2014,584.77,587.5199,578.775,580.01,1688200,29.1335215516,28.8348477795,28.8963760712,33764000,0.0,1.0
18-09-2014,589.27,589.54,585.0,587.0,1440600,29.3577137075,29.1449802618,29.24462122,28812000,0.0,1.0
19-09-2014,596.08,596.48,589.5,591.5,3726400,29.69699117,29.3691724177,29.4688133758,74528000,0.0,1.0
22-09-2014,587.37,593.949,583.46,593.82,1684900,29.2630547972,29.068256724,29.5843968873,33698000,0.0,1.0
23-09-2014,581.13,586.85,581.0,586.85,1467400,28.9521750078,28.9456983455,29.2371481481,29348000,0.0,1.0
24-09-2014,587.99,589.63,580.52,581.46,1721085,29.2939434943,28.9217845155,28.9686157659,34421700,0.0,1.0
25-09-2014,575.06,587.98,574.18,587.55,1915643,28.6497646998,28.6059226782,29.2720224835,38312860,0.0,1.0
26-09-2014,577.1,579.25,574.66,576.06,1439807,28.7513984771,28.6298365081,28.6995851788,28796140,0.0,1.0
29-09-2014,576.36,578.19,571.17,571.75,1281204,28.7145313226,28.4559630361,28.484858914,25624080,0.0,1.0
30-09-2014,577.36,579.85,572.85,576.93,1618437,28.7643518016,28.539661441,28.7429289956,32368740,0.0,1.0
01-10-2014,568.27,577.5799,567.01,576.01,1445027,28.3114836468,28.2487098432,28.6970941549,28900540,0.0,1.0
02-10-2014,570.08,571.91,563.32,567.31,1175307,28.4016587139,28.0648722754,28.2636559869,23506140,0.0,1.0
03-10-2014,575.28,577.225,572.5,573.05,1138636,28.6607252052,28.5222242733,28.5496255368,22772720,0.0,1.0
06-10-2014,577.35,581.0,574.44,578.8,1211320,28.7638535968,28.6188760027,28.8360932915,24226400,0.0,1.0
07-10-2014,563.74,575.27,563.74,574.4,1906427,28.0857968766,28.0857968766,28.6168831836,38128540,0.0,1.0
08-10-2014,572.5,573.88,557.49,565.57,1987888,28.5222242733,27.7744188823,28.1769683533,39757760,0.0,1.0
09-10-2014,560.88,571.49,559.06,571.18,2519693,27.9433103064,27.8526370345,28.4564612409,50393860,0.0,1.0
10-10-2014,544.49,565.1299,544.05,557.72,3078634,27.1267526543,27.1048316435,27.7858775925,61572680,0.0,1.0
13-10-2014,533.21,549.5,533.1,544.99,2578676,26.5647776503,26.5592973976,27.1516628938,51573520,0.0,1.0
14-10-2014,537.94,547.19,533.1695,538.9,2217230,26.8004285163,26.5627599209,26.8482561762,44344600,0.0,1.0
15-10-2014,530.03,532.8,518.3,531.01,3712536,26.4063485268,25.8219543072,26.4551725963,74250720,0.0,1.0
16-10-2014,524.51,529.43,515.0,519.0,3698423,26.1313394823,25.6575467262,25.8568286425,73968460,0.0,1.0
17-10-2014,511.17,530.98,508.53,527.25,5530674,25.4667342913,25.3352082266,26.2678475949,110613480,0.0,1.0
20-10-2014,520.84,521.76,508.1,509.45,2605505,25.948498324,25.3137854206,25.3810430673,52110100,0.0,1.0
21-10-2014,526.54,526.79,519.11,525.19,2332531,26.2324750548,25.8623088952,26.165217408,46650620,0.0,1.0
22-10-2014,532.71,539.8,528.8,529.89,2917183,26.5398674107,26.3450693375,26.3993736597,58343660,0.0,1.0
23-10-2014,543.98,547.22,535.85,539.32,2345296,27.1013442099,26.696303715,26.8691807774,46905920,0.0,1.0
24-10-2014,539.78,544.88,535.79,544.36,1972047,26.8920981978,26.6933144863,27.120275992,39440940,0.0,1.0
27-10-2014,540.77,544.41,537.03,537.03,1184973,26.9414204721,26.7550918803,26.7550918803,23699460,0.0,1.0
28-10-2014,548.9,548.98,541.62,543.0,1273372,27.346460967,26.9837678793,27.0525201404,25467440,0.0,1.0
29-10-2014,549.33,554.19,546.98,550.0,1767107,27.367883773,27.2508056472,27.401263494,35342140,0.0,1.0
30-10-2014,550.31,552.8,543.51,548.95,1451667,27.4167078425,27.0779285848,27.348951991,29033340,0.0,1.0
31-10-2014,559.08,559.57,554.75,559.35,2032887,27.8536334441,27.6379107696,27.8670849734,40657740,0.0,1.0
03-11-2014,555.22,557.9,553.23,555.5,1378511,27.6613263948,27.5621836414,27.6752761289,27570220,0.0,1.0
04-11-2014,554.11,555.5,549.3,553.0,1240761,27.606025663,27.3663891587,27.5507249312,24815220,0.0,1.0
05-11-2014,545.92,556.8,544.05,556.8,2026740,27.1979959394,27.1048316435,27.7400427518,40534800,0.0,1.0
06-11-2014,542.04,546.885,540.97,545.5,1329604,27.0046924805,26.9513845679,27.1770713381,26592080,0.0,1.0
07-11-2014,541.01,546.21,538.67,546.21,1629259,26.9533773871,26.836797466,27.2124438783,32585180,0.0,1.0
10-11-2014,547.49,549.59,541.02,541.46,1131546,27.2762140915,26.9538755919,26.9757966027,22630920,0.0,1.0
11-11-2014,550.29,551.9399,546.3,548.49,964866,27.4157114329,27.2169277214,27.3260345706,19297320,0.0,1.0
12-11-2014,547.31,550.46,545.17,550.39,1126594,27.2672464053,27.1606305801,27.4206934808,22531880,0.0,1.0
13-11-2014,545.38,549.8,543.48,549.8,1335719,27.1710928807,27.0764339704,27.3912993982,26714380,0.0,1.0
14-11-2014,544.4,546.68,542.15,546.68,1285991,27.1222688112,27.0101727332,27.2358595035,25719820,0.0,1.0
17-11-2014,536.51,543.79,534.061,543.58,1721282,26.7291852312,26.607174878,27.0814160183,34425640,0.0,1.0
18-11-2014,535.03,541.94,534.17,537.5,1957664,26.6554509222,26.6126053102,26.7785075055,39153280,0.0,1.0
19-11-2014,536.99,538.24,530.08,535.0,1388440,26.7530990612,26.4088395507,26.6539563078,27768800,0.0,1.0
20-11-2014,534.83,535.11,531.08,531.25,1559131,26.6454868264,26.4586600298,26.4671295113,31182620,0.0,1.0
21-11-2014,537.5,542.14,536.56,541.61,2218249,26.7785075055,26.7316762552,26.9832696745,44364980,0.0,1.0
24-11-2014,539.27,542.7,535.62,537.65,1701682,26.8666897535,26.6848450048,26.7859805774,34033640,0.0,1.0
25-11-2014,541.08,543.98,538.602,539.0,1784967,26.9568648206,26.8334096735,26.8532382241,35699340,0.0,1.0
26-11-2014,540.37,541.55,537.042,540.88,1519503,26.9214922805,26.7556897261,26.9469007248,30390060,0.0,1.0
28-11-2014,541.83,542.0,536.6,540.62,1145231,26.9942301799,26.7336690743,26.9339474002,22904620,0.0,1.0
01-12-2014,533.8,541.41,531.86,538.9,2109599,26.5941717329,26.4975200035,26.8482561762,42191980,0.0,1.0
02-12-2014,533.75,535.5,529.8,533.51,1522481,26.591680709,26.3948898166,26.579723794,30449620,0.0,1.0
03-12-2014,531.32,535.996,529.26,531.44,1279288,26.4706169448,26.3679867579,26.4765954023,25585760,0.0,1.0
04-12-2014,537.31,537.34,528.59,531.16,1392208,26.7690416145,26.3346070369,26.4626456681,27844160,0.0,1.0
05-12-2014,525.26,532.89,524.28,531.0,2558649,26.1687048416,26.1198807721,26.4546743915,51172980,0.0,1.0
08-12-2014,526.98,531.0,523.79,527.13,2327127,26.2543960656,26.0954687373,26.2618691374,46542540,0.0,1.0
09-12-2014,533.37,534.19,520.5,522.14,1871268,26.5727489269,25.9315593611,26.0132649468,37425360,0.0,1.0
10-12-2014,526.06,536.33,525.56,533.08,1716835,26.2085612248,26.1836509853,26.558300988,34336700,0.0,1.0
11-12-2014,528.34,533.92,527.1,527.8,1610964,26.3221519171,26.2603745231,26.2952488584,32219280,0.0,1.0
12-12-2014,518.66,528.5,518.66,523.51,1989117,25.8398896796,25.8398896796,26.0815190032,39782340,0.0,1.0
15-12-2014,513.8,523.1,513.27,522.74,2812786,25.5977621513,25.5713572974,26.0431572343,56255720,0.0,1.0
16-12-2014,495.39,513.05,489.0,511.56,3953371,24.6805671314,24.3622142701,25.4861642782,79067420,0.0,1.0
17-12-2014,504.89,507.0,496.81,497.0,2875281,25.1538616827,24.7513122117,24.7607781028,57505620,0.0,1.0
18-12-2014,511.1,513.87,504.7,512.95,2918730,25.4632468578,25.1443957917,25.5554147441,58374600,0.0,1.0
19-12-2014,516.35,517.72,506.9106,511.51,3680148,25.724804373,25.2545289427,25.4836732542,73602960,0.0,1.0
22-12-2014,524.87,526.46,516.08,516.08,2723599,26.1492748547,25.7113528436,25.7113528436,54471980,0.0,1.0
23-12-2014,530.59,534.56,526.29,527.0,2191567,26.4342479951,26.220019935,26.2553924752,43831340,0.0,1.0
24-12-2014,528.77,531.759,527.02,530.51,704035,26.3435747231,26.2563888847,26.4302623567,14080700,0.0,1.0
26-12-2014,534.03,534.25,527.31,528.77,1037727,26.6056304431,26.2708368237,26.3435747231,20754540,0.0,1.0
29-12-2014,530.33,535.48,530.011,532.19,2276104,26.4212946705,26.4054019377,26.5139607616,45522080,0.0,1.0
30-12-2014,530.42,531.15,527.13,528.09,873923,26.4257785136,26.2618691374,26.3096967974,17478460,0.0,1.0
31-12-2014,526.4,532.6,525.8,531.25,1371819,26.2255001877,26.1956079003,26.4671295113,27436380,0.0,1.0
02-01-2015,524.81,531.27,524.1,529.01,1446662,26.146285626,26.1109130858,26.3555316381,28933240,0.0,1.0
05-01-2015,513.87,524.33,513.06,523.26,2054238,25.6012495848,25.5608949968,26.0690638834,41084760,0.0,1.0
06-01-2015,501.96,516.175,501.05,515.0,2891950,25.007887679,24.962551043,25.6575467262,57839000,0.0,1.0
07-01-2015,501.1,507.244,499.65,507.0,2059366,24.965042067,24.8928023723,25.2589828936,41187320,0.0,1.0
08-01-2015,502.68,503.48,491.0,497.99,3344395,25.0437584239,24.4618552283,24.8101003771,66887900,0.0,1.0
09-01-2015,496.17,504.92,494.79,504.76,2054956,24.7194271051,24.650674844,25.1473850204,41099120,0.0,1.0
12-01-2015,492.55,495.976,487.56,494.94,2320446,24.5390769709,24.2904727803,24.6581479159,46408920,0.0,1.0
13-01-2015,496.18,502.98,492.39,498.84,2365687,24.7199253099,24.5311056942,24.8524477843,47313740,0.0,1.0
14-01-2015,500.87,503.23,493.0,494.65,2229638,24.9535833568,24.5614961864,24.6436999769,44592760,0.0,1.0
15-01-2015,501.79,505.68,497.76,505.57,2711355,24.9994181976,24.7986416669,25.1877396085,54227100,0.0,1.0
16-01-2015,508.08,508.19,500.0,500.01,2292043,25.312789011,24.91023954,24.9107377448,45840860,0.0,1.0
20-01-2015,506.9,512.5,506.016,511.0,2225922,25.2540008457,25.2099595422,25.4582648099,44518440,0.0,1.0
21-01-2015,518.04,519.28,506.2,507.25,2262455,25.8090009826,25.2191265103,25.2714380133,45249100,0.0,1.0
22-01-2015,534.39,536.33,519.7,521.48,2669558,26.6235658156,25.8917029779,25.9803834306,53391160,0.0,1.0
23-01-2015,539.95,542.17,533.0,535.59,2275485,26.9005676793,26.5543153496,26.6833503905,45509700,0.0,1.0
26-01-2015,535.21,539.0,529.67,538.53,1539524,26.6644186084,26.3884131543,26.829822599,30790480,0.0,1.0
27-01-2015,518.63,530.7,518.19,529.97,1898844,25.8383950653,25.8164740545,26.403359298,37976880,0.0,1.0
28-01-2015,510.0,522.99,510.0,522.78,1679230,25.4084443308,25.4084443308,26.0451500534,33584600,0.0,1.0
29-01-2015,510.66,511.09,501.2,511.0,4174924,25.441325847,24.9700241149,25.4582648099,83498480,0.0,1.0
30-01-2015,534.52,539.87,515.52,515.86,5590977,26.6300424778,25.6834533753,25.7003923382,111819540,0.0,1.0
02-02-2015,528.48,533.0,518.55,531.73,2841976,26.3291267842,25.8344094269,26.4910433412,56839520,0.0,1.0
03-02-2015,529.24,533.4,523.26,528.0,2033085,26.3669903483,26.0690638834,26.3052129542,40661700,0.0,1.0
04-02-2015,522.76,532.6715,521.27,529.24,1659125,26.0441536439,25.96992113,26.3669903483,33182500,0.0,1.0
05-02-2015,527.58,528.5,522.09,523.79,1844687,26.284288353,26.0107739229,26.0954687373,36893740,0.0,1.0
06-02-2015,531.0,537.2,526.41,527.64,1758650,26.4546743915,26.2259983925,26.2872775818,35173000,0.0,1.0
09-02-2015,527.83,532.0,526.02,528.0,1264276,26.2967434728,26.2065684057,26.3052129542,25285520,0.0,1.0
10-02-2015,536.94,537.7,526.92,529.3,1745076,26.7506080372,26.2514068368,26.3699795771,34901520,0.0,1.0
11-02-2015,535.97,538.45,533.3775,535.3,1373970,26.7022821725,26.5731225805,26.6689024515,27479400,0.0,1.0
12-02-2015,542.93,544.82,534.673,537.25,1615824,27.0490327069,26.6376650111,26.7660523857,32316480,0.0,1.0
13-02-2015,549.01,549.91,543.13,543.35,1895126,27.3519412197,27.0589968027,27.0699573081,37902520,0.0,1.0
17-02-2015,542.84,550.0,541.09,546.83,1612439,27.0445488638,26.9573630254,27.2433325753,32248780,0.0,1.0
18-02-2015,539.7,545.49,537.51,541.4,1449089,26.8881125595,26.7790057103,26.9728073739,28981780,0.0,1.0
19-02-2015,542.87,543.11,538.01,538.04,987478,27.0460434782,26.8039159498,26.8054105642,19749560,0.0,1.0
20-02-2015,538.95,543.75,535.8,543.13,1441212,26.8507472002,26.6938126911,27.0589968027,28824240,0.0,1.0
23-02-2015,531.91,536.439,529.41,536.05,1453907,26.5000110275,26.3754598298,26.7062678108,29078140,0.0,1.0
24-02-2015,536.09,536.79,528.25,530.0,1002393,26.70826063,26.317668074,26.4048539124,20047860,0.0,1.0
25-02-2015,543.87,546.22,535.445,535.9,1821041,27.0958639572,26.676126421,26.698794739,36420820,0.0,1.0
26-02-2015,555.48,556.14,541.5,543.21,2305219,27.6742797194,26.9777894218,27.0629824411,46104380,0.0,1.0
27-02-2015,558.4,564.71,552.9,554.24,2403553,27.8197555183,27.5457428833,27.6125023253,48071060,0.0,1.0
02-03-2015,571.34,572.15,558.75,560.53,2123796,28.4644325176,27.837192686,27.9258731387,42475920,0.0,1.0
03-03-2015,573.64,575.39,566.52,570.45,1700084,28.5790196195,28.2242978084,28.4200922912,34001680,0.0,1.0
04-03-2015,573.37,577.11,568.01,571.87,1871694,28.5655680901,28.2985303222,28.4908373715,37433880,0.0,1.0
05-03-2015,575.33,577.91,573.41,575.02,1385818,28.6632162291,28.5675609093,28.6477718806,27716360,0.0,1.0
06-03-2015,567.685,576.6799,566.76,574.88,1654561,28.2823386665,28.2362547234,28.6407970135,33091220,0.0,1.0
09-03-2015,568.85,570.27,563.535,566.86,1059336,28.3403795247,28.0755836784,28.2412367713,21186720,0.0,1.0
10-03-2015,555.01,564.85,554.73,564.25,1787357,27.6508640942,27.6369143601,28.1112053209,35747140,0.0,1.0
11-03-2015,551.18,558.14,550.68,555.14,1815763,27.4600516593,27.4351414198,27.6573407565,36315260,0.0,1.0
12-03-2015,555.51,556.37,550.46,553.51,1385772,27.6757743337,27.4241809144,27.5761333756,27715440,0.0,1.0
13-03-2015,547.32,558.4,544.22,553.5,1698872,27.2677446101,27.1133011249,27.5756351708,33977440,0.0,1.0
16-03-2015,554.51,556.85,546.0,550.95,1636493,27.6259538547,27.2019815777,27.4485929491,32729860,0.0,1.0
17-03-2015,550.84,553.8,548.0,551.71,1800570,27.4431126964,27.3016225358,27.4864565132,36011400,0.0,1.0
18-03-2015,559.5,559.78,547.0001,552.5,2128714,27.8745580453,27.2518070388,27.5258146917,42574280,0.0,1.0
19-03-2015,557.99,560.8,556.145,559.39,1194049,27.7993291219,27.707410338,27.8690777926,23880980,0.0,1.0
20-03-2015,560.36,561.72,559.05,561.65,2609690,27.9174036573,27.8521388297,27.9816720753,52193800,0.0,1.0
23-03-2015,558.81,562.36,555.83,560.43,1639306,27.8401819147,27.691716887,27.9208910908,32786120,0.0,1.0
24-03-2015,570.19,574.59,561.21,562.56,2576234,28.4071389666,27.9597510645,28.0270087113,51524680,0.0,1.0
25-03-2015,558.785,572.26,558.74,570.5,2146384,27.8389364027,27.8366944812,28.4225833151,42927680,0.0,1.0
26-03-2015,555.17,558.9,550.65,557.59,1568331,27.6588353709,27.4336468054,27.7794009302,31366620,0.0,1.0
27-03-2015,548.34,555.28,548.13,553.0,1892323,27.3185614987,27.3080991981,27.5507249312,37846460,0.0,1.0
30-03-2015,552.03,553.47,548.17,551.62,1283958,27.5023990665,27.3100920173,27.4819726701,25679160,0.0,1.0
31-03-2015,548.0,554.71,546.72,550.0,1583677,27.3016225358,27.2378523226,27.401263494,31673540,0.0,1.0
01-04-2015,542.56,551.14,539.5,548.6,1957718,27.0305991297,26.8781484637,27.3315148233,39154360,0.0,1.0
02-04-2015,535.53,540.85,533.8467,540.85,1711737,26.6803611617,26.5964983493,26.9454061104,34234740,0.0,1.0
06-04-2015,536.765,538.41,529.57,532.22,1320767,26.7418894534,26.3834311064,26.515455376,26415340,0.0,1.0
07-04-2015,537.02,542.69,536.0,538.08,1299298,26.7545936755,26.7037767869,26.8074033834,25985960,0.0,1.0
08-04-2015,541.61,543.85,538.38,538.38,1175332,26.9832696745,26.8223495271,26.8223495271,23506640,0.0,1.0
09-04-2015,540.78,541.95,535.49,541.03,1553586,26.9419186769,26.6783683426,26.9543737967,31071720,0.0,1.0
10-04-2015,540.01,542.29,537.31,542.29,1405574,26.903556908,26.7690416145,27.0171476003,28111480,0.0,1.0
13-04-2015,539.17,544.06,537.31,538.41,1640809,26.8617077056,26.7690416145,26.8238441415,32816180,0.0,1.0
14-04-2015,530.39,537.5699,528.0925,536.25,2597043,26.4242838992,26.3098213486,26.7162319067,51940860,0.0,1.0
15-04-2015,532.53,534.73,523.22,528.7,2312512,26.5308997245,26.0670710642,26.3400872896,46250240,0.0,1.0
16-04-2015,533.8,535.59,529.61,529.9,1296304,26.5941717329,26.3854239256,26.3998718645,25926080,0.0,1.0
17-04-2015,524.05,529.84,521.01,528.66,2145955,26.1084220619,25.9569678055,26.3380944704,42919100,0.0,1.0
20-04-2015,535.38,536.09,524.5,525.6,1675487,26.6728880899,26.1308412775,26.1856438045,33509740,0.0,1.0
21-04-2015,533.97,539.39,533.675,537.51,1839668,26.6026412144,26.587944173,26.7790057103,36793360,0.0,1.0
22-04-2015,539.365,541.08,531.75,534.4,1589248,26.871422699,26.4920397508,26.6240640204,31784960,0.0,1.0
23-04-2015,547.0,550.96,540.23,541.0,4173376,27.2518020568,26.9145174134,26.9528791823,83467520,0.0,1.0
24-04-2015,565.06,571.14,557.25,566.1,4919031,28.151559909,27.7624619673,28.2033732072,98380620,0.0,1.0
27-04-2015,555.37,565.95,553.2001,563.39,2398039,27.6687994667,27.5606940091,28.0683597089,47960780,0.0,1.0
28-04-2015,553.68,556.02,550.366,554.64,1490983,27.584602857,27.4194977894,27.6324305169,29819660,0.0,1.0
29-04-2015,549.08,553.68,546.905,550.47,1698761,27.3554286533,27.2470691113,27.4246791192,33975220,0.0,1.0
30-04-2015,537.34,548.59,535.05,547.87,2082214,26.7705362289,26.6564473318,27.2951458736,41644280,0.0,1.0
01-05-2015,537.9,539.54,532.1,538.43,1768181,26.7984356971,26.5094769185,26.8248405511,35363620,0.0,1.0
04-05-2015,540.78,544.07,535.06,538.53,1307960,26.9419186769,26.6569455366,26.829822599,26159200,0.0,1.0
05-05-2015,530.8,539.74,530.3906,538.21,1383068,26.4447102957,26.4243137915,26.8138800457,27661360,0.0,1.0
06-05-2015,524.22,532.38,521.085,531.24,1566987,26.1168915433,25.9607043414,26.4666313065,31339740,0.0,1.0
07-05-2015,530.7,533.46,521.75,523.99,1546278,26.4397282478,25.99383496,26.1054328331,30925560,0.0,1.0
08-05-2015,538.22,541.15,536.0,536.65,1527615,26.8143782504,26.7037767869,26.7361600983,30552300,0.0,1.0
11-05-2015,535.7,541.98,535.4,538.37,905285,26.6888306432,26.6738844994,26.8218513223,18105700,0.0,1.0
12-05-2015,529.04,533.2089,525.26,531.6,1634174,26.3570262525,26.1687048416,26.4845666789,32683480,0.0,1.0
13-05-2015,529.62,534.3215,528.655,530.56,1253063,26.3859221304,26.337845368,26.4327533807,25061260,0.0,1.0
14-05-2015,538.4,539.0,532.41,533.77,1403935,26.8233459367,26.524921267,26.5926771185,28078700,0.0,1.0
15-05-2015,533.85,539.2743,530.38,539.18,1971343,26.5966627569,26.4237856945,26.8622059104,39426860,0.0,1.0
18-05-2015,532.3,534.82,528.85,532.01,2003421,26.5194410143,26.3475603615,26.5049930754,40068420,0.0,1.0
19-05-2015,537.36,540.66,533.04,533.98,1966947,26.7715326384,26.5563081688,26.6031394191,39338940,0.0,1.0
20-05-2015,539.27,542.92,532.972,538.49,1430826,26.8666897535,26.5529203762,26.8278297798,28616520,0.0,1.0
21-05-2015,542.51,543.8399,535.98,537.95,1462695,27.0281081057,26.7027803773,26.8009267211,29253900,0.0,1.0
22-05-2015,540.11,544.19,539.51,540.15,1176214,26.9085389559,26.8786466685,26.9105317751,23524280,0.0,1.0
26-05-2015,532.32,539.0,529.88,538.12,2406512,26.5204374239,26.3988754549,26.8093962025,48130240,0.0,1.0
27-05-2015,539.79,540.55,531.71,532.8,1525019,26.8925964026,26.4900469316,26.5443512538,30500380,0.0,1.0
28-05-2015,539.78,540.61,536.25,538.01,1029849,26.8920981978,26.7162319067,26.8039159498,20596980,0.0,1.0
29-05-2015,532.11,538.63,531.45,537.37,2597407,26.5099751233,26.4770936071,26.7720308432,51948140,0.0,1.0
01-06-2015,533.99,536.79,529.76,536.79,1904332,26.6036376239,26.3928969974,26.7431349654,38086640,0.0,1.0
02-06-2015,539.18,543.0,531.33,532.93,1938989,26.8622059104,26.4711151496,26.5508279161,38779780,0.0,1.0
03-06-2015,540.31,543.5,537.11,539.91,1717036,26.9185030517,26.7590775187,26.8985748601,34340720,0.0,1.0
04-06-2015,536.7,540.59,534.32,537.76,1348337,26.7386511222,26.620078382,26.7914608301,26966740,0.0,1.0
05-06-2015,533.33,537.2,532.52,536.35,1388220,26.5707561077,26.5304015197,26.7212139546,27764400,0.0,1.0
08-06-2015,526.83,534.12,526.24,533.31,1524139,26.2469229937,26.2175289111,26.5697596982,30482780,0.0,1.0
09-06-2015,526.69,529.2,523.01,527.56,1455266,26.2399481267,26.0566087636,26.2832919435,29105320,0.0,1.0
10-06-2015,536.69,538.36,529.35,529.36,1814958,26.7381529175,26.372470601,26.3729688058,36299160,0.0,1.0
11-06-2015,534.61,538.98,533.02,538.425,1217536,26.634526321,26.5553117592,26.8245914487,24350720,0.0,1.0
12-06-2015,532.33,533.12,530.16,531.6,955789,26.5209356287,26.4128251891,26.4845666789,19115780,0.0,1.0
15-06-2015,527.2,528.3,524.0,528.0,1632702,26.265356571,26.1059310379,26.3052129542,32654040,0.0,1.0
16-06-2015,528.15,529.6399,525.56,528.4,1071814,26.3126860261,26.1836509853,26.3251411459,21436280,0.0,1.0
17-06-2015,529.26,530.98,525.1,529.37,1294216,26.3679867579,26.1607335649,26.3734670106,25884320,0.0,1.0
18-06-2015,536.73,538.15,530.79,531.0,1833109,26.7401457366,26.4442120909,26.4546743915,36662180,0.0,1.0
19-06-2015,536.69,538.25,533.01,537.21,1893497,26.7381529175,26.5548135544,26.7640595666,37869940,0.0,1.0
22-06-2015,538.19,543.74,537.53,539.59,1250282,26.8128836361,26.7800021199,26.8826323068,25005640,0.0,1.0
23-06-2015,540.48,541.499,535.25,539.64,1197450,26.9269725332,26.6664114276,26.8851233307,23949000,0.0,1.0
24-06-2015,537.84,540.0,535.66,540.0,1286608,26.7954464684,26.686837824,26.9030587032,25732160,0.0,1.0
25-06-2015,535.23,540.9,535.23,538.87,1335697,26.665415018,26.665415018,26.8467615618,26713940,0.0,1.0
26-06-2015,531.69,537.76,531.35,537.26,2109130,26.4890505221,26.4721115592,26.7665505905,42182600,0.0,1.0
29-06-2015,521.52,528.61,520.54,525.01,1937821,25.9823762498,25.9335521803,26.1562497218,38756420,0.0,1.0
30-06-2015,520.51,526.25,520.5,526.02,2235595,25.9320575659,25.9315593611,26.2065684057,44711900,0.0,1.0
01-07-2015,521.84,525.69,518.2305,524.73,1961354,25.9983188031,25.8184917839,26.1422999877,39227080,0.0,1.0
02-07-2015,523.4,524.65,521.08,521.08,1235903,26.0760387505,25.960455239,25.960455239,24718060,0.0,1.0
06-07-2015,522.86,525.25,519.0,519.5,1280525,26.0491356918,25.8568286425,25.8817388821,25610500,0.0,1.0
07-07-2015,525.02,526.18,515.18,523.13,1597229,26.1567479266,25.6665144124,26.0625872211,31944580,0.0,1.0
08-07-2015,516.83,522.734,516.11,521.05,1296699,25.7487182029,25.712847458,25.9589606246,25933980,0.0,1.0
09-07-2015,520.68,523.77,520.35,523.12,1842347,25.9405270474,25.9240862893,26.0620890163,36846940,0.0,1.0
10-07-2015,530.13,532.56,525.55,526.29,1956682,26.4113305747,26.1831527805,26.220019935,39133640,0.0,1.0
13-07-2015,546.55,547.11,532.4001,532.88,2206475,27.2293828412,26.5244280442,26.5483368922,44129500,0.0,1.0
14-07-2015,561.1,565.8487,546.71,546.76,3244066,27.9542708118,27.2373541178,27.2398451418,64881320,0.0,1.0
15-07-2015,560.22,566.5029,556.79,560.13,1784554,27.9104287902,27.739544547,27.9059449471,35691080,0.0,1.0
16-07-2015,579.85,580.68,565.0,565.12,4768318,28.8884047945,28.1485706802,28.1545491377,95366360,0.0,1.0
17-07-2015,672.93,674.468,645.0,649.0,11164943,33.5256949873,32.1342090066,32.3334909229,223298860,0.0,1.0
20-07-2015,663.02,668.88,653.01,659.24,5860872,33.0319740396,32.533271044,32.8436526287,117217440,0.0,1.0
21-07-2015,662.3,673.0,654.3,655.21,3377196,32.9961032947,32.5975394621,32.642876098,67543920,0.0,1.0
22-07-2015,662.1,678.64,659.0,660.89,3929309,32.9861391989,32.8316957137,32.9258564192,78586180,0.0,1.0
23-07-2015,644.28,663.63,641.0,661.27,3029109,32.0983382617,31.9349270903,32.9447882012,60582180,0.0,1.0
24-07-2015,623.56,648.17,622.52,647.0,3625747,31.0660579351,31.0142446369,32.2338499648,72514940,0.0,1.0
27-07-2015,627.26,634.3,620.5,621.0,2675381,31.2503937077,30.9136072691,30.9385175087,53507620,0.0,1.0
28-07-2015,628.0,632.83,623.31,632.83,1727327,31.2872608622,31.0536028154,31.5278937762,34546540,0.0,1.0
29-07-2015,631.93,633.36,622.65,628.8,1575069,31.483055345,31.0207212992,31.3271172455,31501380,0.0,1.0
30-07-2015,632.59,635.22,622.05,630.0,1474203,31.5159368612,30.9908290117,31.3869018204,29484060,0.0,1.0
31-07-2015,625.61,632.91,625.5,631.38,1706149,31.1681899172,31.1627096645,31.4556540815,34122980,0.0,1.0
03-08-2015,631.21,633.0556,625.34,625.34,1304511,31.4471846001,31.1547383879,31.1547383879,26090220,0.0,1.0
04-08-2015,629.25,634.81,627.16,628.42,1490881,31.3495364611,31.2454116598,31.3081854635,29817620,0.0,1.0
05-08-2015,643.78,647.86,633.16,634.33,2008659,32.0734280221,31.5443345343,31.6026244948,40173180,0.0,1.0
06-08-2015,642.68,645.379,632.25,645.0,1572600,32.0186254951,31.4989978983,32.1342090066,31452000,0.0,1.0
07-08-2015,635.3,642.68,629.71,640.23,1403865,31.6509503595,31.3724538815,31.8965653214,28077300,0.0,1.0
10-08-2015,633.73,643.44,631.249,639.48,1809205,31.5727322074,31.4491275988,31.8591999621,36184100,0.0,1.0
11-08-2015,660.78,674.9,654.27,669.2,5029203,32.9203761665,32.5960448477,33.3398646003,100584060,0.0,1.0
12-08-2015,659.56,665.0,652.29,663.08,2940803,32.859595182,32.4974002991,33.0349632684,58816060,0.0,1.0
13-08-2015,656.45,664.5,651.661,659.3225,1810749,32.7046534921,32.4660632178,32.8477628182,36214980,0.0,1.0
14-08-2015,657.12,659.855,652.66,655.01,1072061,32.7380332131,32.5158338764,32.6329120022,21441220,0.0,1.0
17-08-2015,660.87,661.38,651.24,656.8,1051699,32.9248600096,32.4450887961,32.7220906598,21033980,0.0,1.0
18-08-2015,656.13,664.0,653.46,661.9,1456059,32.6887109388,32.5556902596,32.9761751031,29121180,0.0,1.0
19-08-2015,660.9,667.0,654.19,656.6,2134098,32.926354624,32.5920592094,32.7121265639,42681960,0.0,1.0
20-08-2015,646.83,662.99,642.9,655.46,2855299,32.2253804833,32.0295860005,32.6553312178,57105980,0.0,1.0
21-08-2015,612.48,640.05,612.33,639.78,4265183,30.5140470269,30.5065739551,31.8741461058,85303660,0.0,1.0
24-08-2015,589.61,614.0,565.05,573.0,5770302,29.3746526704,28.1510617042,28.5471345128,115406040,0.0,1.0
25-08-2015,582.06,617.45,581.11,614.91,3537966,28.9985080533,28.9511785982,30.6351107911,70759320,0.0,1.0
26-08-2015,628.62,631.71,599.05,610.35,4235891,31.3181495593,29.8449579929,30.4079294065,84717820,0.0,1.0
27-08-2015,637.61,643.59,622.0,639.4,3491336,31.7660356662,30.9883379878,31.8552143238,69826720,0.0,1.0
28-08-2015,630.38,636.88,624.56,632.82,1978733,31.4058336025,31.1158784142,31.5273955714,39574660,0.0,1.0
31-08-2015,618.25,635.8,617.68,627.54,2176737,30.8015111912,30.7731135181,31.2643434419,43534740,0.0,1.0
01-09-2015,597.79,612.86,594.1,602.36,3702105,29.7821841892,29.5983466214,30.0098637786,74042100,0.0,1.0
02-09-2015,614.34,614.34,599.71,605.68,2575620,30.606713118,29.8778395091,30.1752677692,51512400,0.0,1.0
03-09-2015,606.25,619.71,602.8213,617.0,1759572,30.2036654423,30.0328459656,30.7392355924,35191440,0.0,1.0
04-09-2015,600.7,603.47,595.25,600.0,2089453,29.9271617834,29.6556401724,29.892287448,41789060,0.0,1.0
08-09-2015,614.66,616.31,604.12,612.49,2279538,30.6226556713,30.0975478218,30.5145452317,45590760,0.0,1.0
09-09-2015,612.72,626.52,609.6,621.22,1702094,30.5260039419,30.3705640472,30.9494780141,34041880,0.0,1.0
10-09-2015,621.35,624.16,611.43,613.1,1905276,30.9559546764,30.4617355239,30.544935724,38105520,0.0,1.0
11-09-2015,625.77,625.78,617.42,619.75,1373545,31.1761611939,30.7601601936,30.8762419098,27470900,0.0,1.0
14-09-2015,623.24,625.86,619.43,625.7,1702271,31.0501153818,30.8602993565,31.1726737604,34045420,0.0,1.0
15-09-2015,635.14,638.7,623.78,626.7,2084397,31.6429790829,31.0770184405,31.2224942394,41687940,0.0,1.0
16-09-2015,635.98,637.95,632.32,635.47,1286454,31.6848282853,31.5024853319,31.659419841,25729080,0.0,1.0
17-09-2015,642.9,650.9,635.02,637.79,2274690,32.0295860005,31.6370006254,31.7750033524,45493800,0.0,1.0
18-09-2015,629.25,640.0,627.02,636.79,5133386,31.3495364611,31.2384367928,31.7251828734,102667720,0.0,1.0
21-09-2015,635.44,636.49,625.94,634.4,1788506,31.6579252266,31.1846306753,31.6061119284,35770120,0.0,1.0
22-09-2015,622.69,627.55,615.43,627.0,2562869,31.0227141183,30.6610174402,31.2374403832,51257380,0.0,1.0
23-09-2015,622.36,628.93,620.0,622.05,1470949,31.0062733602,30.8886970296,30.9908290117,29418980,0.0,1.0
24-09-2015,625.8,627.32,612.4,616.64,2240098,31.1776558083,30.5100613886,30.7213002199,44801960,0.0,1.0
25-09-2015,611.97,629.77,611.0,629.77,2174009,30.4886385826,30.4403127179,31.3754431102,43480180,0.0,1.0
28-09-2015,594.89,614.605,589.38,610.34,3110651,29.6377047999,29.3631939602,30.4074312017,62213020,0.0,1.0
29-09-2015,594.97,605.0,590.22,597.28,2310284,29.6416904382,29.4050431626,29.7567757449,46205680,0.0,1.0
30-09-2015,608.42,608.76,600.73,603.28,2332087,30.3117758819,29.9286563977,30.0556986194,46641740,0.0,1.0
01-10-2015,611.29,612.09,599.85,608.37,1867601,30.4547606568,29.8848143761,30.3092848579,37352020,0.0,1.0
02-10-2015,626.91,627.34,603.13,607.2,2684805,31.2329565401,30.0482255475,30.2509948974,53696100,0.0,1.0
05-10-2015,641.47,643.01,627.0,632.0,1803643,31.9583427155,31.2374403832,31.4865427786,36072860,0.0,1.0
06-10-2015,645.44,649.25,636.5295,638.84,2236847,32.1561300174,31.7122046386,31.8273148555,44736940,0.0,1.0
07-10-2015,642.36,650.609,632.15,649.24,2092714,32.0026829418,31.4940158504,32.3454478379,41854280,0.0,1.0
08-10-2015,639.16,644.45,625.56,641.36,2182081,31.8432574088,31.1656988933,31.9528624628,43641620,0.0,1.0
09-10-2015,643.61,645.99,635.318,640.0,1648736,32.0649585407,31.6518471282,31.8851066112,32974720,0.0,1.0
12-10-2015,646.67,648.5,639.01,642.09,1276134,32.2174092067,31.8357843369,31.9892314125,25522680,0.0,1.0
13-10-2015,652.3,657.8125,643.15,643.15,1807685,32.4978985039,32.0420411203,32.0420411203,36153700,0.0,1.0
14-10-2015,651.16,659.39,648.85,653.21,1415468,32.4411031577,32.3260178511,32.5432351399,28309360,0.0,1.0
15-10-2015,661.74,663.13,654.46,654.66,1885737,32.9682038264,32.6055107387,32.6154748345,37714740,0.0,1.0
16-10-2015,662.2,664.97,657.2,664.11,1611128,32.9911212468,32.7420188514,33.0862783618,32222560,0.0,1.0
19-10-2015,666.1,666.82,659.58,661.18,1477340,33.1854211152,32.8605915916,32.9403043581,29546800,0.0,1.0
20-10-2015,650.28,664.7197,644.195,664.04,2498215,32.3972611362,32.0941035209,33.0827909283,49964300,0.0,1.0
21-10-2015,642.61,655.87,641.73,654.15,1794172,32.0151380616,31.97129604,32.5900663902,35883440,0.0,1.0
22-10-2015,651.79,657.8,644.01,646.7,4070954,32.4724900596,32.0848867323,32.218903821,81419080,0.0,1.0
23-10-2015,702.0,730.0,701.5,727.5,6653923,34.9739763142,34.9490660746,36.2443985307,133078460,0.0,1.0
26-10-2015,712.78,719.15,701.26,701.55,2716615,35.5110410787,34.9371091597,34.9515570986,54332300,0.0,1.0
27-10-2015,708.49,713.62,704.55,707.38,2245796,35.2973112234,35.1010185358,35.2420104916,44915920,0.0,1.0
28-10-2015,712.95,712.98,703.08,707.33,2178917,35.5195105601,35.0277824316,35.2395194677,43578340,0.0,1.0
29-10-2015,716.92,718.26,710.01,710.5,1455965,35.717297862,35.3730383516,35.3974503864,29119300,0.0,1.0
30-10-2015,710.81,718.0,710.05,715.73,1908774,35.4128947349,35.3750311708,35.6580114919,38175480,0.0,1.0
02-11-2015,721.11,721.62,705.85,711.06,1886250,35.9260456694,35.1657851586,35.4253498546,37725000,0.0,1.0
03-11-2015,722.16,724.65,714.72,718.86,1565379,35.9783571724,35.6076928081,35.8139495915,31307580,0.0,1.0
04-11-2015,728.11,733.1,721.9,722.0,1706700,36.2747890229,35.9654038479,35.9703858958,34134000,0.0,1.0
05-11-2015,731.25,739.48,729.47,729.47,1861550,36.4312253273,36.3425448745,36.3425448745,37231000,0.0,1.0
06-11-2015,733.76,735.41,727.01,731.5,1511599,36.5562747298,36.219986496,36.443680447,30231980,0.0,1.0
09-11-2015,724.89,734.71,719.43,730.2,2069807,36.1143670803,35.8423472645,36.3789138242,41396140,0.0,1.0
10-11-2015,728.32,730.59,718.5001,724.4,1607994,36.2852513236,35.796019201,36.0899550456,32159880,0.0,1.0
11-11-2015,735.4,741.0,730.23,732.46,1366995,36.6379803154,36.3804084386,36.4915081069,27339900,0.0,1.0
12-11-2015,731.23,737.8,728.645,731.0,1837154,36.4302289177,36.3014429793,36.4187702075,36743080,0.0,1.0
13-11-2015,717.0,731.15,716.73,729.17,2075504,35.7212835004,35.707831971,36.3275987308,41510080,0.0,1.0
16-11-2015,728.96,729.49,711.33,715.6,1905893,36.3171364302,35.438801384,35.6515348297,38117860,0.0,1.0
17-11-2015,725.3,731.845,723.027,729.29,1506733,36.1347934767,36.0215515278,36.3335771883,30134660,0.0,1.0
18-11-2015,740.0,741.41,727.0,727.58,1684259,36.8671545192,36.2194882912,36.248384169,33685180,0.0,1.0
19-11-2015,738.41,742.0,737.43,738.74,1327879,36.7879399575,36.739115888,36.8043807156,26557580,0.0,1.0
20-11-2015,756.6,757.92,743.0,746.53,2213284,37.6941744719,37.0166159565,37.1924822476,44265680,0.0,1.0
23-11-2015,755.98,762.7075,751.82,757.45,1415385,37.6632857749,37.4560325819,37.7365218792,28307700,0.0,1.0
24-11-2015,748.28,755.279,737.63,752.0,2334197,37.279668086,36.7490799838,37.4650002682,46683940,0.0,1.0
25-11-2015,748.15,752.0,746.06,748.14,1122224,37.2731914237,37.1690666224,37.2726932189,22444480,0.0,1.0
27-11-2015,750.26,753.41,747.49,748.46,838528,37.3783126346,37.2403099075,37.2886357722,16770560,0.0,1.0
30-11-2015,742.6,754.93,741.27,748.81,2097624,36.9966877648,36.9304265276,37.3060729399,41952480,0.0,1.0
01-12-2015,767.04,768.95,746.7,747.11,2134621,38.2143002735,37.200951729,37.2213781255,42692420,0.0,1.0
02-12-2015,762.38,775.955,758.96,768.9,2230373,37.982136841,37.8117508026,38.3069663646,44607460,0.0,1.0
03-12-2015,752.54,768.995,745.63,766.01,2590641,37.4919033269,37.1476438164,38.1629851801,51812820,0.0,1.0
04-12-2015,766.81,768.49,750.0,753.1,2757283,38.2028415633,37.36535931,37.5198027952,55145660,0.0,1.0
07-12-2015,763.25,768.73,755.09,767.77,1812314,38.0254806578,37.6189455485,38.2506692233,36246280,0.0,1.0
08-12-2015,762.37,764.8,754.2,757.89,1829475,37.9816386362,37.5746053221,37.75844289,36589500,0.0,1.0
09-12-2015,751.61,764.23,737.001,759.17,2699990,37.4455702813,36.7177429024,37.8222131032,53999800,0.0,1.0
10-12-2015,749.46,755.85,743.83,752.85,1988380,37.3384562513,37.0579669541,37.5073476754,39767600,0.0,1.0
11-12-2015,738.87,745.71,736.75,741.16,2224410,36.8108573778,36.7052379622,36.9249462749,44488200,0.0,1.0
14-12-2015,747.77,748.73,724.17,741.79,2421236,37.2542596417,36.0784963354,36.9563331768,48424720,0.0,1.0
15-12-2015,743.4,758.08,743.01,753.0,2666229,37.0365441481,37.0171141612,37.5148207473,53324580,0.0,1.0
16-12-2015,758.09,760.59,739.435,750.0,1993251,37.7684069858,36.8390059485,37.36535931,39865020,0.0,1.0
17-12-2015,749.43,762.68,749.0,762.42,1553418,37.3369616369,37.3155388309,37.9841296602,31068360,0.0,1.0
18-12-2015,739.31,754.13,738.15,746.51,3148743,36.8327783886,36.7749866329,37.191485838,62974860,0.0,1.0
21-12-2015,747.77,750.0,740.0,746.13,1525703,37.2542596417,36.8671545192,37.172554056,30514060,0.0,1.0
22-12-2015,750.0,754.85,745.53,751.65,1365520,37.36535931,37.1426617685,37.4475631005,27310400,0.0,1.0
23-12-2015,750.31,754.21,744.0,753.47,1566726,37.3808036585,37.0664364355,37.5382363724,31334520,0.0,1.0
24-12-2015,748.4,751.35,746.62,749.55,527223,37.2856465435,37.1969660907,37.3429400944,10544460,0.0,1.0
28-12-2015,762.51,762.99,749.52,752.92,1515716,37.9886135033,37.3414454801,37.5108351089,30314320,0.0,1.0
29-12-2015,776.6,779.98,766.43,766.69,1765012,38.6905840535,38.1839097813,38.1968631059,35300240,0.0,1.0
30-12-2015,771.0,777.6,766.9,776.6,1293521,38.4115893707,38.2073254065,38.6905840535,25870420,0.0,1.0
31-12-2015,758.88,769.5,758.34,769.5,1500923,37.8077651642,37.7808621055,38.3368586521,30018460,0.0,1.0
04-01-2016,741.84,744.06,731.2577,743.0,3272776,36.9588242007,36.4316089449,37.0166159565,65455520,0.0,1.0
05-01-2016,742.58,752.0,738.64,746.45,1950691,36.9956913552,36.7993986677,37.1884966093,39013820,0.0,1.0
06-01-2016,743.62,747.18,728.92,730.0,1947034,37.0475046535,36.315143611,36.3689497284,38940680,0.0,1.0
07-01-2016,726.39,738.5,719.06,730.31,2963741,36.1890977989,35.8239136873,36.3843940769,59274820,0.0,1.0
08-01-2016,714.47,733.23,713.0,731.45,2450857,35.5952376883,35.5220015841,36.4411894231,49017140,0.0,1.0
11-01-2016,716.03,718.855,703.54,716.61,2090621,35.6729576357,35.050699852,35.7018535135,41812420,0.0,1.0
12-01-2016,726.07,728.75,717.3165,721.68,2024509,36.1731552456,35.737051682,35.9544433425,40490180,0.0,1.0
13-01-2016,700.56,734.74,698.61,730.85,2501730,34.9022348243,34.8050848901,36.4112971356,50034600,0.0,1.0
14-01-2016,714.72,721.925,689.1,705.38,2225768,35.6076928081,34.331292134,35.1423695335,44515360,0.0,1.0
15-01-2016,694.45,706.74,685.37,692.29,3608109,34.5978316971,34.1454617471,34.4902194623,72162180,0.0,1.0
19-01-2016,701.79,709.98,693.4101,703.3,2268078,34.9635140136,34.5460233809,35.038742937,45361560,0.0,1.0
20-01-2016,698.45,706.85,673.26,688.61,3444962,34.7971136134,33.5421357454,34.3068800993,68899240,0.0,1.0
21-01-2016,706.59,719.19,694.46,702.18,2412211,35.2026523131,34.5983299019,34.9829440004,48244220,0.0,1.0
22-01-2016,725.25,728.13,720.121,723.6,2011797,36.1323024528,35.8767732156,36.0500986623,40235940,0.0,1.0
25-01-2016,711.67,729.68,710.01,723.58,1711716,35.4557403469,35.3730383516,36.0491022527,34234320,0.0,1.0
26-01-2016,713.04,718.28,706.48,713.85,1331691,35.5239944032,35.1971720604,35.5643489913,26633820,0.0,1.0
27-01-2016,699.99,718.235,694.39,713.67,2194227,34.8738371512,34.5948424684,35.555381305,43884540,0.0,1.0
28-01-2016,730.96,733.69,712.35,722.22,2676397,36.4167773883,35.4896182726,35.9813464012,53527940,0.0,1.0
29-01-2016,742.95,744.9899,726.8,731.53,3474319,37.0141249325,36.2095241954,36.4451750614,69486380,0.0,1.0
01-02-2016,752.0,757.86,743.27,750.46,5139157,37.4650002682,37.0300674858,37.3882767304,102783140,0.0,1.0
02-02-2016,764.65,789.8699,764.65,784.5,6348126,38.0952293285,38.0952293285,39.0841658383,126962520,0.0,1.0
03-02-2016,726.95,774.5,720.5,770.22,6171019,36.2169972672,35.8956551772,38.372729397,123420380,0.0,1.0
04-02-2016,708.01,727.0,701.86,722.81,5168709,35.2733973934,34.9670014471,36.0107404838,103374180,0.0,1.0
05-02-2016,683.57,703.99,680.15,703.87,5105725,34.0557848847,33.8853988463,35.06714061,102114500,0.0,1.0
08-02-2016,682.74,684.03,663.06,667.85,4247355,34.0144338871,33.0339668588,33.2726069536,84947100,0.0,1.0
09-02-2016,678.11,699.9,668.77,672.32,3608914,33.7837650689,33.3184417943,33.4953044951,72178280,0.0,1.0
10-02-2016,684.12,701.31,682.13,686.86,2638007,34.0831861482,33.9840433948,34.2196942609,52760140,0.0,1.0
11-02-2016,683.11,689.35,668.8675,675.0,3024043,34.0328674643,33.3232992911,33.628823379,60480860,0.0,1.0
12-02-2016,682.4,693.75,678.6,690.26,2141373,33.9974949242,33.8081771037,34.3890838898,42827460,0.0,1.0
16-02-2016,691.0,698.0,685.05,692.98,2520021,34.4259510443,34.1295191938,34.5245955929,50400420,0.0,1.0
17-02-2016,708.4,709.75,691.38,699.0,2492634,35.2928273803,34.4448828263,34.8245148769,49852680,0.0,1.0
18-02-2016,697.35,712.35,696.03,710.0,1883248,34.7423110864,34.6765480541,35.3725401468,37664960,0.0,1.0
19-02-2016,700.91,703.0805,694.05,695.03,1589281,34.919671992,34.5779035055,34.626727575,31785620,0.0,1.0
22-02-2016,706.46,713.24,702.51,707.45,1949816,35.1961756509,34.9993847585,35.2454979252,38996320,0.0,1.0
23-02-2016,695.85,708.4,693.58,701.45,2009280,34.6675803678,34.5544878803,34.9465750507,40185600,0.0,1.0
24-02-2016,699.56,700.0,680.78,688.92,1963573,34.8524143452,33.9167857481,34.3223244478,39271460,0.0,1.0
25-02-2016,705.75,705.98,690.585,700.01,1642166,35.1608031107,34.4052755455,34.8748335608,32843320,0.0,1.0
26-02-2016,705.07,713.43,700.86,708.58,2243522,35.1269251849,34.917180968,35.3017950665,44870440,0.0,1.0
29-02-2016,697.77,710.89,697.68,700.32,2481145,34.7632356877,34.7587518445,34.8902779093,49622900,0.0,1.0
01-03-2016,718.81,718.81,699.77,703.62,2151419,35.8114585675,34.8628766458,35.0546854903,43028380,0.0,1.0
02-03-2016,718.85,720.0,712.0,719.0,1629003,35.8134513867,35.472181105,35.8209244585,32580060,0.0,1.0
03-03-2016,712.42,719.45,706.02,718.68,1957974,35.4931057062,35.1742546401,35.8049819052,39159480,0.0,1.0
04-03-2016,710.89,716.49,706.02,714.99,1972077,35.4168803732,35.1742546401,35.6211443374,39441540,0.0,1.0
07-03-2016,695.16,708.0912,686.9,706.9,2988026,34.6332042373,34.2216870801,35.2180966617,59760520,0.0,1.0
08-03-2016,693.97,703.79,685.34,688.59,2058471,34.5739178672,34.1439671327,34.3058836897,41169420,0.0,1.0
09-03-2016,705.24,705.68,694.0,698.47,1421515,35.1353946664,34.5754124815,34.798110023,28430300,0.0,1.0
10-03-2016,712.82,716.44,703.36,708.12,2833525,35.5130338978,35.0417321657,35.2788776461,56670500,0.0,1.0
11-03-2016,726.82,726.92,717.125,720.0,1970815,36.2105206049,35.7275110603,35.8707449376,39416300,0.0,1.0
14-03-2016,730.49,735.5,725.15,726.81,1718252,36.3933617632,36.1273204049,36.2100224001,34365040,0.0,1.0
15-03-2016,728.33,732.29,724.77,726.92,1720965,36.2857495283,36.1083886228,36.2155026528,34419300,0.0,1.0
16-03-2016,736.09,737.47,724.51,726.37,1624370,36.672356446,36.0954352983,36.1881013893,32487400,0.0,1.0
17-03-2016,737.78,743.07,736.0,736.45,1860834,36.7565530557,36.6678726029,36.6902918185,37216680,0.0,1.0
18-03-2016,737.6,742.0,731.83,741.86,2980709,36.7475853694,36.4601212051,36.9598206103,59614180,0.0,1.0
21-03-2016,742.09,742.5,733.5157,736.5,1836503,36.9712793205,36.5441035867,36.6927828424,36730060,0.0,1.0
22-03-2016,740.75,745.0,737.46,737.46,1269749,36.9045198785,36.7406105023,36.7406105023,25394980,0.0,1.0
23-03-2016,738.06,745.7199,736.15,742.36,1432099,36.7705027898,36.6753456748,36.9847308498,28641980,0.0,1.0
24-03-2016,735.3,737.747,731.0,732.01,1594891,36.6329982675,36.4187702075,36.4690888914,31897820,0.0,1.0
28-03-2016,733.53,738.99,732.5,736.79,1301327,36.5448160196,36.4935009261,36.7072307814,26026540,0.0,1.0
29-03-2016,744.77,747.25,728.76,734.59,1903758,37.1047982044,36.3071723344,36.5976257274,38075160,0.0,1.0
30-03-2016,750.53,757.88,748.74,750.1,1782427,37.3917641639,37.3025855064,37.3703413579,35648540,0.0,1.0
31-03-2016,744.95,750.85,740.94,749.25,1718798,37.1137658907,36.9139857695,37.3279939507,34375960,0.0,1.0
01-04-2016,749.91,750.34,737.0,738.6,1576745,37.3608754669,36.717693082,36.7974058485,31534900,0.0,1.0
04-04-2016,745.29,752.8,742.43,750.06,1134390,37.1307048535,36.9882182834,37.3683485388,22687800,0.0,1.0
05-04-2016,737.8,742.8,735.37,738.0,1132294,36.7575494652,36.6364857011,36.7675135611,22645880,0.0,1.0
06-04-2016,745.69,746.24,735.56,735.77,1053713,37.1506330452,36.6459515921,36.6564138927,21074260,0.0,1.0
07-04-2016,740.28,746.9999,736.28,745.37,1453185,36.8811042534,36.681822337,37.1346904919,29063700,0.0,1.0
08-04-2016,739.15,745.45,735.55,743.97,1290787,36.824807112,36.6454533873,37.0649418212,25815740,0.0,1.0
11-04-2016,736.1,745.0,736.05,743.02,1220088,36.6728546508,36.6703636268,37.017612366,24401760,0.0,1.0
12-04-2016,743.09,743.83,731.01,738.0,1352992,37.0210997996,36.4192684123,36.7675135611,27059840,0.0,1.0
13-04-2016,751.72,754.38,744.261,749.16,1707641,37.451050534,37.0794395806,37.3235101076,34152820,0.0,1.0
14-04-2016,753.2,757.31,752.705,754.01,1135271,37.5247848431,37.5001237059,37.5651394311,22705420,0.0,1.0
15-04-2016,759.0,761.0,752.6938,753.98,1809332,37.8137436217,37.4995657166,37.5636448167,36186640,0.0,1.0
18-04-2016,766.61,768.05,757.3,760.46,1558848,38.1928774675,37.7290488073,37.8864815212,31176960,0.0,1.0
19-04-2016,753.93,769.9,749.33,769.51,2030526,37.5611537928,37.331979589,38.3373568569,40610520,0.0,1.0
20-04-2016,752.67,758.1315,750.01,758.0,1529217,37.4983799892,37.3658575148,37.7639231427,30584340,0.0,1.0
21-04-2016,759.14,760.45,749.55,755.38,3060490,37.8207184888,37.3429400944,37.6333934875,61209800,0.0,1.0
22-04-2016,718.77,736.12,713.61,726.3,5951938,35.8094657483,35.5523920763,36.1846139558,119038760,0.0,1.0
25-04-2016,723.15,723.93,715.59,716.1,1959179,36.0276794467,35.6510366249,35.6764450692,39183580,0.0,1.0
26-04-2016,708.14,725.766,703.0264,725.42,2744587,35.2798740557,35.0251120539,36.1407719342,54891740,0.0,1.0
27-04-2016,705.84,708.98,692.3651,707.29,3098587,35.1652869538,34.4939609803,35.2375266485,61971740,0.0,1.0
28-04-2016,691.02,714.17,689.55,708.26,2867255,34.4269474539,34.3537113496,35.2858525132,57345100,0.0,1.0
29-04-2016,693.01,697.62,689.0,690.7,2487673,34.5260902072,34.3263100861,34.4110049006,49753460,0.0,1.0
02-05-2016,698.21,700.64,691.0,697.63,1645265,34.7851566985,34.4259510443,34.7562608206,32905300,0.0,1.0
03-05-2016,692.36,697.84,692.0,696.87,1543785,34.4937068958,34.4757715234,34.7183972565,30875700,0.0,1.0
04-05-2016,695.7,699.75,689.01,690.49,1693525,34.660107296,34.3268082909,34.4005426,33870500,0.0,1.0
05-05-2016,701.43,702.3199,695.72,697.7,1683507,34.9455786411,34.6611037055,34.7597482541,33670140,0.0,1.0
06-05-2016,711.12,711.86,698.1067,698.38,1829291,35.4283390834,34.780010243,34.7936261799,36585820,0.0,1.0
09-05-2016,712.9,718.71,710.0,712.0,1510289,35.5170195361,35.3725401468,35.472181105,30205780,0.0,1.0
10-05-2016,723.18,723.5,715.72,716.75,1569591,36.0291740611,35.6575132871,35.7088283806,31391820,0.0,1.0
11-05-2016,715.29,724.48,712.8,723.41,1692063,35.6360904811,35.5120374882,36.0406327713,33841260,0.0,1.0
12-05-2016,713.31,719.25,709.0,717.06,1361332,35.5374459326,35.3227196677,35.7242727291,27226640,0.0,1.0
13-05-2016,710.83,716.6619,709.26,711.93,1314499,35.4138911444,35.3356729923,35.4686936714,26289980,0.0,1.0
16-05-2016,716.49,718.48,705.65,709.13,1317069,35.695875056,35.1558210628,35.32919633,26341380,0.0,1.0
17-05-2016,706.23,721.52,704.11,715.99,2001225,35.1847169407,35.079097525,35.6709648165,40024500,0.0,1.0
18-05-2016,706.63,711.6,700.63,703.67,1766836,35.2046451323,34.9057222578,35.0571765142,35336720,0.0,1.0
19-05-2016,700.32,706.0,696.8,702.36,1670234,34.8902779093,34.714909823,34.9919116866,33404680,0.0,1.0
20-05-2016,709.74,714.58,700.52,701.62,1828387,35.3595868222,34.9002420051,34.9550445321,36567740,0.0,1.0
23-05-2016,704.24,711.4781,704.18,706.53,1330692,35.0855741873,35.0825849586,35.1996630844,26613840,0.0,1.0
24-05-2016,720.09,720.97,706.86,706.86,1929467,35.8752287807,35.2161038425,35.2161038425,38589340,0.0,1.0
25-05-2016,725.27,727.51,719.7047,720.76,1632564,36.1332988624,35.8560329501,35.9086085017,32651280,0.0,1.0
26-05-2016,724.12,728.33,720.28,722.87,1576286,36.0760053114,35.8846946718,36.0137297126,31525720,0.0,1.0
27-05-2016,732.66,733.936,724.0,724.01,1974962,36.5014722028,36.0700268539,36.0705250587,39499240,0.0,1.0
31-05-2016,735.72,739.73,731.26,731.74,2129545,36.6539228687,36.4317235321,36.455637362,42590900,0.0,1.0
01-06-2016,734.15,737.21,730.66,734.53,1253593,36.5757047166,36.4018312446,36.5946364986,25071860,0.0,1.0
02-06-2016,730.4,733.02,724.17,732.5,1341807,36.38887792,36.0784963354,36.4935009261,26836140,0.0,1.0
03-06-2016,722.34,729.49,720.56,729.27,1226253,35.9873248587,35.8986444059,36.3325807787,24525060,0.0,1.0
06-06-2016,716.55,724.91,714.61,724.91,1566059,35.6988642848,35.6022125554,36.1153634899,31321180,0.0,1.0
07-06-2016,716.65,721.98,716.55,719.84,1336754,35.7038463327,35.6988642848,35.862773661,26735080,0.0,1.0
08-06-2016,728.28,728.57,720.58,723.96,1583701,36.2832585044,35.8996408155,36.0680340348,31674020,0.0,1.0
09-06-2016,728.58,729.54,722.3361,722.87,988914,36.2982046481,35.9871305588,36.0137297126,19778280,0.0,1.0
10-06-2016,719.41,725.89,716.43,719.47,1216443,35.841350855,35.6928858273,35.8443400837,24328860,0.0,1.0
13-06-2016,718.36,725.44,716.51,716.51,1258930,35.7890393519,35.6968714656,35.6968714656,25178600,0.0,1.0
14-06-2016,718.27,722.47,713.12,716.48,1306065,35.7845555088,35.5279800415,35.6953768512,26121300,0.0,1.0
15-06-2016,718.92,722.98,717.31,719.0,1214517,35.8169388202,35.7367278489,35.8209244585,24290340,0.0,1.0
16-06-2016,710.36,716.65,703.26,714.91,1982471,35.3904755193,35.0367501178,35.6171586991,39649420,0.0,1.0
17-06-2016,691.72,708.82,688.4515,708.65,3402357,34.4618217892,34.2989835534,35.3052825001,68047140,0.0,1.0
20-06-2016,693.71,702.48,693.41,698.77,2082538,34.5609645426,34.5460183989,34.8130561667,41650760,0.0,1.0
21-06-2016,695.94,702.77,692.01,698.4,1465634,34.6720642109,34.4762697282,34.7946225895,29312680,0.0,1.0
22-06-2016,697.46,700.86,693.0819,699.06,1184318,34.7477913391,34.5296722997,34.8275041057,23686360,0.0,1.0
23-06-2016,701.87,701.95,687.0,697.45,2171415,34.9674996519,34.226669128,34.7472931344,43428300,0.0,1.0
24-06-2016,675.22,689.4,673.45,675.17,4449022,33.6397838844,33.5516016364,33.6372928605,88980440,0.0,1.0
27-06-2016,668.26,672.3,663.284,671.0,2641085,33.29303335,33.0451266461,33.4295414627,52821700,0.0,1.0
28-06-2016,680.04,680.33,673.0,678.97,2173762,33.8799185936,33.5291824208,33.826610681,43475240,0.0,1.0
29-06-2016,684.11,687.4292,681.41,683.0,1932561,34.0826879434,33.9481726499,34.0273872116,38651220,0.0,1.0
30-06-2016,692.1,692.32,683.65,685.47,1597714,34.4807535713,34.0597705231,34.150443795,31954280,0.0,1.0
01-07-2016,699.21,700.65,692.1301,692.2,1344710,34.8349771775,34.4822531677,34.4857356192,26894200,0.0,1.0
05-07-2016,694.49,696.94,688.88,696.06,1462616,34.5998245163,34.3203316286,34.6780426684,29252320,0.0,1.0
06-07-2016,697.77,701.68,689.09,689.98,1411925,34.7632356877,34.3307939292,34.3751341556,28238500,0.0,1.0
07-07-2016,695.36,698.2,688.215,698.08,1304200,34.6431683331,34.2872010101,34.7786800362,26084000,0.0,1.0
08-07-2016,705.63,705.71,696.435,699.5,1575166,35.1548246532,34.6967253481,34.8494251165,31503320,0.0,1.0
11-07-2016,715.09,716.51,707.24,708.05,1111762,35.6261263853,35.2350356245,35.2753902126,22235240,0.0,1.0
12-07-2016,720.64,722.94,715.91,719.12,1336921,35.9026300442,35.6669791782,35.826902916,26738420,0.0,1.0
13-07-2016,716.98,724.0,716.85,723.62,935876,35.7202870908,35.7138104285,36.0510950719,18717520,0.0,1.0
14-07-2016,720.95,722.21,718.03,721.58,950193,35.9180743927,35.7725985938,35.9494612946,19003860,0.0,1.0
15-07-2016,719.85,725.74,719.055,725.73,1279339,35.8632718657,35.8236645849,36.1562162827,25586780,0.0,1.0
18-07-2016,733.78,736.13,721.19,722.71,1295476,36.5572711393,35.9300313077,36.0057584359,25909520,0.0,1.0
19-07-2016,736.96,736.99,729.0,729.89,1227486,36.7157002628,36.3191292493,36.3634694757,24549720,0.0,1.0
20-07-2016,741.19,742.13,737.1,737.33,1289671,36.9264408893,36.7226751299,36.7341338401,25793420,0.0,1.0
21-07-2016,738.63,741.69,735.831,740.36,1026306,36.7989004629,36.6594529419,36.8850898917,20526120,0.0,1.0
22-07-2016,742.74,743.24,736.56,741.86,1259823,37.0036626319,36.6957720712,36.9598206103,25196460,0.0,1.0
25-07-2016,739.77,742.61,737.5,740.67,1032432,36.855695809,36.7426033215,36.9005342402,20648640,0.0,1.0
26-07-2016,738.42,741.69,734.27,739.04,1186738,36.7884381623,36.5816831741,36.8193268593,23734760,0.0,1.0
27-07-2016,741.77,744.46,737.0,738.28,1512517,36.9553367672,36.717693082,36.7814632952,30250340,0.0,1.0
28-07-2016,745.91,748.65,739.3,747.04,3530169,37.1615935506,36.8322801839,37.2178906919,70603380,0.0,1.0
29-07-2016,768.79,778.55,766.77,772.71,3841482,38.3014861119,38.2008487442,38.4967823899,76829640,0.0,1.0
01-08-2016,772.88,780.43,761.09,761.09,2700470,38.5052518714,37.917868423,37.917868423,54009400,0.0,1.0
02-08-2016,771.07,775.84,767.85,768.69,1784525,38.4150768042,38.2546548616,38.296504064,35690500,0.0,1.0
03-08-2016,773.18,773.21,766.82,767.18,1287421,38.5201980151,38.2033397681,38.2212751406,25748420,0.0,1.0
04-08-2016,771.61,774.07,768.795,772.22,1140254,38.4419798629,38.3017352143,38.4723703552,22805080,0.0,1.0
05-08-2016,782.22,783.04,772.34,773.78,1801205,38.970575146,38.4783488127,38.5500903025,36024100,0.0,1.0
08-08-2016,781.76,782.63,778.091,782.0,1107857,38.9476577256,38.7648663878,38.9596146406,22157140,0.0,1.0
09-08-2016,784.26,788.94,780.57,781.1,1318894,39.0722089233,38.8883713555,38.9147762094,26377880,0.0,1.0
10-08-2016,784.68,786.8123,782.778,783.75,786363,39.0931335245,38.9983749733,39.046800479,15727260,0.0,1.0
11-08-2016,784.85,789.75,782.97,785.0,975113,39.1016030059,39.0079405053,39.1090760778,19502260,0.0,1.0
12-08-2016,783.22,783.395,780.4,781.5,740498,39.020395625,38.879901874,38.934704401,14809960,0.0,1.0
15-08-2016,782.44,787.49,780.11,783.75,938186,38.9815356514,38.8654539351,39.046800479,18763720,0.0,1.0
16-08-2016,777.14,780.98,773.444,780.3,1028047,38.7174871122,38.5333506216,38.8749198261,20560940,0.0,1.0
17-08-2016,779.91,780.81,773.53,777.32,924226,38.8554898393,38.5376351828,38.7264547985,18484520,0.0,1.0
18-08-2016,777.5,782.86,777.0,780.01,719429,38.7354224847,38.7105122452,38.8604718872,14388580,0.0,1.0
19-08-2016,775.42,777.1,773.13,775.0,861546,38.6317958882,38.5177069911,38.610871287,17230920,0.0,1.0
22-08-2016,772.15,774.54,770.0502,773.27,951362,38.4688829216,38.3642698797,38.5246818582,19027240,0.0,1.0
23-08-2016,772.08,776.44,771.785,775.48,928232,38.4653954881,38.4506984468,38.634785117,18564640,0.0,1.0
24-08-2016,769.64,774.5,767.07,770.58,1071999,38.3438335191,38.2157948879,38.3906647695,21439980,0.0,1.0
25-08-2016,769.41,771.89,763.1846,767.0,926883,38.332374809,38.0222223985,38.2123074544,18537660,0.0,1.0
26-08-2016,769.54,776.0799,765.85,769.0,1166681,38.3388514712,38.1550139034,38.3119484125,23333620,0.0,1.0
29-08-2016,772.15,774.99,766.615,768.74,847565,38.4688829216,38.1931265699,38.298995088,16951300,0.0,1.0
30-08-2016,769.09,774.466,766.84,769.33,1130029,38.3164322556,38.2043361777,38.3283891706,22600580,0.0,1.0
31-08-2016,767.05,769.09,765.38,767.01,1248556,38.2147984783,38.1315982783,38.2128056592,24971120,0.0,1.0
01-09-2016,768.78,771.02,764.3,769.25,925131,38.3009879071,38.0777921609,38.3244035323,18502620,0.0,1.0
02-09-2016,771.46,773.9199,768.41,773.01,1072658,38.4345067911,38.2825543299,38.5117285336,21453160,0.0,1.0
06-09-2016,780.08,782.0,771.0,773.45,1442822,38.8639593207,38.4115893707,38.5336495444,28856440,0.0,1.0
07-09-2016,780.35,782.73,776.2,780.0,894021,38.8774108501,38.6706558619,38.8599736824,17880420,0.0,1.0
08-09-2016,775.32,780.35,773.58,778.59,1270264,38.6268138403,38.5401262067,38.7897268069,25405280,0.0,1.0
09-09-2016,759.66,773.245,759.66,770.1,1885496,37.8466251379,37.8466251379,38.3667509395,37709920,0.0,1.0
12-09-2016,769.02,770.29,754.0001,755.13,1310986,38.3129448221,37.5646462084,37.6209383677,26219720,0.0,1.0
13-09-2016,759.69,766.2195,755.8,764.48,1395046,37.8481197523,37.6543180887,38.0867598471,27900920,0.0,1.0
14-09-2016,762.49,767.68,759.11,759.61,1094490,37.9876170937,37.8192238744,37.844134114,21889800,0.0,1.0
15-09-2016,771.76,773.8,759.96,762.89,1346751,38.4494529348,37.8615712816,38.0075452854,26935020,0.0,1.0
16-09-2016,768.88,769.75,764.66,769.75,2049338,38.305969955,38.0957275333,38.3493137718,40986760,0.0,1.0
19-09-2016,765.7,774.0,764.4406,772.42,1172824,38.1475408316,38.0847969202,38.482334451,23456480,0.0,1.0
20-09-2016,771.41,773.33,768.53,769.0,978631,38.4320157671,38.2885327874,38.3119484125,19572620,0.0,1.0
21-09-2016,776.22,777.16,768.301,772.66,1167810,38.6716522715,38.2771238977,38.494291366,23356200,0.0,1.0
22-09-2016,787.21,789.85,778.44,780.0,1486223,39.2191793366,38.782253735,38.8599736824,29724460,0.0,1.0
23-09-2016,786.9,788.93,784.15,786.59,1411937,39.2037349881,39.0667286706,39.1882906395,28238740,0.0,1.0
26-09-2016,774.21,782.74,773.07,782.74,1533206,38.5715131085,38.5147177624,38.9964817951,30664120,0.0,1.0
27-09-2016,783.01,785.9899,774.308,775.5,1153247,39.0099333244,38.5763955155,38.6357815266,23064940,0.0,1.0
28-09-2016,781.56,781.81,774.97,777.85,1109834,38.9376936298,38.6093766726,38.7528596524,22196680,0.0,1.0
29-09-2016,775.01,785.8,774.232,781.44,1314746,38.6113694918,38.5726091591,38.9317151723,26294920,0.0,1.0
30-09-2016,777.29,780.94,774.09,776.33,1585333,38.7249601841,38.565534651,38.6771325242,31706660,0.0,1.0
03-10-2016,772.56,776.065,769.5,774.25,1278821,38.4893093181,38.3368586521,38.5735059277,25576420,0.0,1.0
04-10-2016,776.43,778.71,772.89,776.03,1201350,38.6821145721,38.5057500762,38.6621863805,24027000,0.0,1.0
05-10-2016,776.47,782.07,775.65,779.31,1461151,38.6841073913,38.6432545984,38.8255975518,29223020,0.0,1.0
06-10-2016,776.86,780.48,775.54,779.0,1070692,38.7035373781,38.6377743457,38.8101532033,21413840,0.0,1.0
07-10-2016,775.08,779.66,770.75,779.66,933158,38.6148569253,38.3991342509,38.8430347195,18663160,0.0,1.0
10-10-2016,785.94,789.38,775.87,777.71,1174923,39.1559073281,38.6542151038,38.7458847853,23498460,0.0,1.0
11-10-2016,783.07,792.28,780.58,786.66,1372461,39.0129225532,38.8888695603,39.1917780731,27449220,0.0,1.0
12-10-2016,786.14,788.13,782.06,783.76,937435,39.165871424,38.9626038693,39.0472986838,18748700,0.0,1.0
13-10-2016,778.19,781.22,773.0,781.22,1365277,38.7697986153,38.5112303289,38.9207546669,27305540,0.0,1.0
14-10-2016,778.53,783.95,776.0,781.65,852487,38.7867375782,38.6606917661,38.9421774729,17049740,0.0,1.0
17-10-2016,779.96,785.85,777.5,779.8,1092973,38.8579808632,38.7354224847,38.8500095866,21859460,0.0,1.0
18-10-2016,795.26,801.61,785.565,787.85,2056903,39.6202341932,39.1372246485,39.2510644432,41138060,0.0,1.0
19-10-2016,801.56,804.63,797.635,798.86,1766798,39.9341032114,39.738557831,39.7995879179,35335960,0.0,1.0
20-10-2016,796.97,803.97,796.03,803.3,1757528,39.7054272124,39.6585959621,40.020790845,35150560,0.0,1.0
21-10-2016,799.37,799.5,794.0,795.0,1266181,39.8249963622,39.5574603895,39.6072808686,25323620,0.0,1.0
24-10-2016,813.11,815.18,804.82,804.9,1697514,40.5095297448,40.0965179732,40.1005036115,33950280,0.0,1.0
25-10-2016,807.67,816.68,805.14,816.68,1576404,40.2385063386,40.1124605265,40.6873888551,31528080,0.0,1.0
26-10-2016,799.07,806.98,796.32,806.34,1647733,39.8100502185,39.673043901,40.1722451014,32954660,0.0,1.0
27-10-2016,795.35,803.49,791.5,801.0,2749221,39.6247180363,39.4329091918,39.9062037431,54984420,0.0,1.0
28-10-2016,795.37,815.49,793.59,808.35,4269902,39.6257144459,39.5370339931,40.2723842643,85398040,0.0,1.0
31-10-2016,784.54,796.86,784.0,795.47,2427284,39.0861586574,39.0592555987,39.6306964938,48545680,0.0,1.0
01-11-2016,783.61,789.49,775.54,782.89,2406356,39.0398256119,38.6377743457,39.003954867,48127120,0.0,1.0
02-11-2016,768.7,781.65,763.4496,778.2,1918414,38.2970022688,38.0354248254,38.7702968201,38368280,0.0,1.0
03-11-2016,762.13,769.95,759.03,767.25,1943175,37.9696817213,37.8152382361,38.2247625741,38863500,0.0,1.0
04-11-2016,762.02,770.36,750.5611,750.66,2134812,37.9642014686,37.3933135808,37.3982408262,42696240,0.0,1.0
07-11-2016,782.52,785.19,772.55,774.5,1585070,38.9855212897,38.4888111133,38.5859610475,31701400,0.0,1.0
08-11-2016,790.51,795.633,780.19,783.4,1366873,39.3835869175,38.8694395734,39.0293633113,27337460,0.0,1.0
09-11-2016,785.31,791.2265,771.67,779.94,2607121,39.1245204263,38.4449690917,38.8569844537,52142420,0.0,1.0
10-11-2016,762.56,791.17,752.18,791.17,4745183,37.9911045273,37.4739679544,39.4164684337,94903660,0.0,1.0
11-11-2016,754.02,760.78,750.38,756.54,2431815,37.5656376359,37.3842910921,37.6911852432,48636300,0.0,1.0
14-11-2016,736.08,757.85,727.54,755.6,3654385,36.6718582412,36.2463913499,37.6443539929,73087700,0.0,1.0
15-11-2016,758.49,764.4162,746.97,746.97,2384001,37.7883351774,37.2144032584,37.2144032584,47680020,0.0,1.0
16-11-2016,764.48,766.36,750.51,755.2,1472594,38.0867598471,37.3907677543,37.6244258012,29451880,0.0,1.0
17-11-2016,771.23,772.7,764.23,766.92,1304048,38.4230480809,38.0743047273,38.208321816,26080960,0.0,1.0
18-11-2016,760.54,775.0,760.0,771.37,1547145,37.8904671595,37.8635641008,38.430022948,30942900,0.0,1.0
21-11-2016,769.2,769.7,760.6,762.61,1330639,38.3219125083,37.8934563883,37.9935955512,26612780,0.0,1.0
22-11-2016,768.27,776.96,767.0,772.63,1593108,38.2755794628,38.2123074544,38.4927967516,31862160,0.0,1.0
23-11-2016,760.99,768.2825,755.25,767.73,1478417,37.9128863751,37.6269168252,38.2486764041,29568340,0.0,1.0
25-11-2016,761.68,765.0,760.52,764.26,587421,37.9472625057,37.8894707499,38.0757993417,11748420,0.0,1.0
28-11-2016,768.24,779.53,759.8,760.0,2188151,38.2740848484,37.853600005,37.8635641008,43763020,0.0,1.0
29-11-2016,770.84,778.5,768.24,771.53,1616618,38.403618094,38.2740848484,38.4379942246,32332360,0.0,1.0
30-11-2016,758.04,772.99,754.83,770.07,2392890,37.7659159618,37.605992224,38.3652563251,47857800,0.0,1.0
01-12-2016,747.92,759.85,737.0245,757.44,3017947,37.2617327135,36.7189136837,37.7360236744,60358940,0.0,1.0
02-12-2016,750.5,754.0,743.1,744.59,1452484,37.3902695496,37.0215980044,37.0958305182,29049680,0.0,1.0
05-12-2016,762.52,763.9,752.9,757.71,1394223,37.9891117081,37.5098386993,37.7494752037,27884460,0.0,1.0
06-12-2016,759.11,768.83,757.34,764.73,1690689,37.8192238744,37.7310416265,38.0992149669,33813780,0.0,1.0
07-12-2016,771.19,771.36,755.8,761.0,1760966,38.4210552617,37.6543180887,37.9133845799,35219320,0.0,1.0
08-12-2016,776.42,778.18,767.23,772.48,1488059,38.6816163673,38.2237661646,38.4853236797,29761180,0.0,1.0
09-12-2016,789.29,789.43,779.021,780.0,1821914,39.3228059331,38.8111994334,38.8599736824,36438280,0.0,1.0
12-12-2016,789.27,791.25,784.3554,785.04,2104117,39.3218095235,39.076961797,39.111068897,42082340,0.0,1.0
13-12-2016,796.1,804.3799,793.34,793.9,2145209,39.6620833956,39.5245788733,39.5524783416,42904180,0.0,1.0
14-12-2016,797.07,804.0,794.01,797.4,1704150,39.7104092603,39.5579585943,39.7268500184,34083000,0.0,1.0
15-12-2016,797.85,803.0,792.92,797.34,1626499,39.749269234,39.5036542721,39.7238607897,32529980,0.0,1.0
16-12-2016,790.8,800.8558,790.29,800.4,2443796,39.3980348565,39.3726264121,39.8763114556,48875920,0.0,1.0
19-12-2016,794.2,797.66,786.27,790.22,1232087,39.5674244853,39.1723480862,39.3691389786,24641740,0.0,1.0
20-12-2016,796.42,798.65,793.27,796.76,951014,39.6780259489,39.5210914398,39.6949649118,19020280,0.0,1.0
21-12-2016,794.56,796.6757,787.1,795.84,1211346,39.5853598578,39.2136990839,39.649130071,24226920,0.0,1.0
22-12-2016,791.26,793.32,788.58,792.36,972169,39.4209522769,39.2874333929,39.4757548038,19443380,0.0,1.0
23-12-2016,789.91,792.74,787.28,790.9,623944,39.3536946301,39.2226667701,39.4030169044,12478880,0.0,1.0
27-12-2016,791.55,797.86,787.657,790.68,789321,39.4354002158,39.2414490907,39.392056399,15786420,0.0,1.0
28-12-2016,785.05,794.23,783.2,793.7,1153824,39.1115671018,39.0193992155,39.5425142458,23076480,0.0,1.0
29-12-2016,782.79,785.93,778.92,783.33,744272,38.998972819,38.806167565,39.0258758777,14885440,0.0,1.0
30-12-2016,771.82,782.78,770.41,782.75,1769950,38.4524421635,38.382195288,38.9969799999,35399000,0.0,1.0
03-01-2017,786.14,789.63,775.8,778.81,1657268,39.165871424,38.6507276703,38.8006873123,33145360,0.0,1.0
04-01-2017,786.9,791.34,783.16,788.36,1072958,39.2037349881,39.0174063963,39.2764728875,21459160,0.0,1.0
05-01-2017,794.02,794.48,785.02,786.08,1335167,39.5584567991,39.1100724874,39.1628821952,26703340,0.0,1.0
06-01-2017,806.15,807.9,792.2041,795.26,1640170,40.1627792104,39.4679877912,39.6202341932,32803400,0.0,1.0
09-01-2017,806.65,809.9664,802.83,806.4,1274645,40.1876894499,39.9973752198,40.1752343301,25492900,0.0,1.0
10-01-2017,804.79,809.1299,803.51,807.86,1176780,40.0950233588,40.0312531456,40.2479722296,23535600,0.0,1.0
11-01-2017,807.91,808.15,801.37,805.0,1065936,40.2504632535,39.9246373204,40.1054856594,21318720,0.0,1.0
12-01-2017,806.36,807.39,799.17,807.14,1353057,40.173241511,39.8150322664,40.2121014846,27061140,0.0,1.0
13-01-2017,807.88,811.2244,806.69,807.48,1099215,40.2489686392,40.1896822691,40.2290404475,21984300,0.0,1.0
17-01-2017,804.61,807.14,800.37,807.08,1362115,40.0860556726,39.8748168413,40.2091122559,27242300,0.0,1.0
18-01-2017,806.07,806.205,800.99,805.81,1294407,40.158793572,39.9057055383,40.1458402475,25888140,0.0,1.0
19-01-2017,802.175,809.48,801.8,805.12,919325,39.964742806,39.9460601264,40.1114641169,18386500,0.0,1.0
20-01-2017,805.02,806.91,801.69,806.91,1670045,40.106482069,39.9405798737,40.2006427745,33400900,0.0,1.0
23-01-2017,819.31,820.87,803.74,807.25,1963628,40.818416715,40.0427118558,40.2175817373,39272560,0.0,1.0
24-01-2017,823.87,825.9,817.821,822.3,1474010,41.0455980997,40.7442340217,40.9673799475,29480200,0.0,1.0
25-01-2017,835.67,835.77,825.06,829.62,1627304,41.6334797528,41.1048844698,41.3320658544,32546080,0.0,1.0
26-01-2017,832.15,838.0,827.01,837.81,2973891,41.4581116664,41.202034404,41.740095578,59477820,0.0,1.0
27-01-2017,823.31,841.95,820.44,834.71,2965771,41.0176986314,40.8747138564,41.5856520929,59315420,0.0,1.0
30-01-2017,802.32,815.84,799.8,814.66,3246573,39.9719667755,39.8464191682,40.5867514873,64931460,0.0,1.0
31-01-2017,796.79,801.25,790.52,796.86,2160556,39.6964595262,39.3840851223,39.6999469597,43211120,0.0,1.0
01-02-2017,795.695,801.19,791.19,799.68,2029744,39.6419061016,39.4174648433,39.8404407107,40594880,0.0,1.0
02-02-2017,798.53,802.7,792.0,793.8,1532138,39.7831471598,39.4578194314,39.5474962937,30642760,0.0,1.0
03-02-2017,801.49,806.0,800.37,802.99,1463448,39.9306157778,39.8748168413,40.0053464965,29268960,0.0,1.0
06-02-2017,801.34,801.67,795.2501,799.7,1184483,39.923142706,39.6197409704,39.8414371203,23689660,0.0,1.0
07-02-2017,806.97,810.5,801.78,803.99,1241221,40.2036320032,39.9450637168,40.0551669755,24824420,0.0,1.0
08-02-2017,808.38,811.84,803.1903,807.0,1155990,40.2738788787,40.0153255384,40.2051266176,23119800,0.0,1.0
09-02-2017,809.56,810.66,804.54,809.51,990391,40.332667044,40.082568239,40.3301760201,19807820,0.0,1.0
10-02-2017,813.67,815.25,809.78,811.7,1134976,40.537429213,40.3436275494,40.4392828692,22699520,0.0,1.0
13-02-2017,819.24,820.959,815.49,816.0,1213324,40.8149292815,40.628102485,40.6535109293,24266480,0.0,1.0
14-02-2017,820.45,823.0,816.0,819.0,1054732,40.8752120612,40.6535109293,40.8029723665,21094640,0.0,1.0
15-02-2017,818.98,823.0,818.47,819.36,1313617,40.801975957,40.7765675126,40.820907739,26272340,0.0,1.0
16-02-2017,824.16,824.4,818.98,819.93,1287626,41.0600460386,40.801975957,40.8493054121,25752520,0.0,1.0
17-02-2017,828.07,828.07,821.655,823.02,1611039,41.2548441118,40.9352457385,41.0032506924,32220780,0.0,1.0
21-02-2017,831.66,833.45,828.35,828.66,1262337,41.4336996317,41.2687938459,41.2842381944,25246740,0.0,1.0
22-02-2017,830.76,833.25,828.64,828.66,987248,41.3888612005,41.2832417849,41.2842381944,19744960,0.0,1.0
23-02-2017,831.33,832.46,822.88,830.12,1472771,41.4172588736,40.9962758254,41.3569760939,29455420,0.0,1.0
24-02-2017,828.64,829.0,824.2,827.73,1392202,41.2832417849,41.0620388577,41.2379051489,27844040,0.0,1.0
27-02-2017,829.28,830.5,824.0,824.55,1101466,41.3151268915,41.0520747619,41.0794760254,22029320,0.0,1.0
28-02-2017,823.21,828.54,820.2,825.61,2260769,41.0127165835,40.8627569414,41.1322857333,45215380,0.0,1.0
01-03-2017,835.24,836.255,827.26,828.85,1496540,41.6120569468,41.2144895237,41.2937040855,29930800,0.0,1.0
02-03-2017,830.63,834.51,829.64,833.85,942476,41.3823845382,41.3330622639,41.5428064809,18849520,0.0,1.0
03-03-2017,829.08,831.36,825.751,830.56,896378,41.3051627957,41.1393104208,41.3788971047,17927560,0.0,1.0
06-03-2017,827.78,828.88,822.4,826.95,1109037,41.2403961729,40.9723619954,41.1990451752,22180740,0.0,1.0
07-03-2017,831.91,833.41,826.52,827.4,1037630,41.4461547515,41.1776223692,41.2214643908,20752600,0.0,1.0
08-03-2017,835.37,838.15,831.79,833.51,989773,41.6185336091,41.440176294,41.525867518,19795460,0.0,1.0
09-03-2017,838.68,842.0,834.21,836.0,1261517,41.7834393948,41.5607418533,41.6499205109,25230340,0.0,1.0
10-03-2017,843.25,844.91,839.5,843.28,1704024,42.0111189842,41.8242921877,42.0126135986,34080480,0.0,1.0
13-03-2017,845.54,848.685,843.25,844.0,1223647,42.1252078813,42.0111189842,42.0484843435,24472940,0.0,1.0
14-03-2017,845.62,847.24,840.8,843.64,780198,42.1291935196,41.8890588105,42.0305489711,15603960,0.0,1.0
15-03-2017,847.2,848.63,840.77,847.59,1381474,42.2079098766,41.8875641961,42.2273398634,27629480,0.0,1.0
16-03-2017,848.78,850.85,846.13,849.03,977560,42.2866262335,42.154601964,42.2990813533,19551200,0.0,1.0
17-03-2017,852.12,853.4,847.11,851.61,1716471,42.4530266337,42.2034260335,42.4276181893,34329420,0.0,1.0
20-03-2017,848.4,850.22,845.15,850.01,1231521,42.2676944515,42.1057778945,42.3479054228,24630420,0.0,1.0
21-03-2017,830.46,853.5,829.02,851.4,2463484,41.3739150568,41.3021735669,42.4171558887,49269680,0.0,1.0
22-03-2017,829.59,835.55,827.1801,831.91,1401465,41.33057124,41.2105088675,41.4461547515,28029300,0.0,1.0
23-03-2017,817.58,822.57,812.257,821.0,3487056,40.7322272862,40.4670328761,40.9026133247,69741120,0.0,1.0
24-03-2017,814.43,821.93,808.89,820.08,1981006,40.5752927771,40.299287323,40.8567784839,39620120,0.0,1.0
27-03-2017,819.51,821.63,803.37,806.95,1894990,40.8283808109,40.0242782785,40.2026355936,37899800,0.0,1.0
28-03-2017,820.92,825.99,814.027,820.41,1620542,40.8986276864,40.5552151241,40.873219242,32410840,0.0,1.0
29-03-2017,831.41,832.765,822.3801,825.0,1786321,41.4212445119,40.9713705679,41.101895241,35726420,0.0,1.0
30-03-2017,831.5,833.68,829.0,833.5,1055339,41.425728355,41.3011771573,41.5253693132,21106780,0.0,1.0
31-03-2017,829.56,831.64,827.39,828.97,1401893,41.3290766256,41.220966186,41.299682543,28037860,0.0,1.0
03-04-2017,838.55,840.85,829.22,829.22,1671503,41.7769627325,41.3121376627,41.3121376627,33430060,0.0,1.0
04-04-2017,834.57,835.18,829.0363,831.36,1045363,41.5786772258,41.3029856407,41.418753488,20907260,0.0,1.0
05-04-2017,831.41,842.45,830.72,835.51,1555328,41.4212445119,41.3868683813,41.6255084761,31106560,0.0,1.0
06-04-2017,827.88,836.39,826.46,832.4,1254433,41.2453782208,41.1746331405,41.4705667862,25088660,0.0,1.0
07-04-2017,824.67,828.485,820.5127,827.96,1056692,41.0854544829,40.8783358052,41.2493638591,21133840,0.0,1.0
10-04-2017,824.73,829.35,823.77,825.39,978905,41.0884437117,41.0406160517,41.1213252279,19578100,0.0,1.0
11-04-2017,823.35,827.4267,817.0201,824.71,1079732,41.0196914505,40.7043328,41.0874473021,21594640,0.0,1.0
12-04-2017,824.32,826.66,821.02,821.93,900480,41.0680173152,40.9036097343,40.9489463702,18009600,0.0,1.0
13-04-2017,823.56,826.38,821.44,822.14,1122362,41.0301537511,40.9245343355,40.9594086708,22447240,0.0,1.0
17-04-2017,837.17,837.75,824.47,825.01,895015,41.7082104714,41.0754903871,41.1023934458,17900300,0.0,1.0
18-04-2017,836.82,838.93,832.71,834.22,836722,41.6907733037,41.4860111347,41.5612400581,16734440,0.0,1.0
19-04-2017,838.21,842.22,836.29,839.79,954330,41.7600237697,41.6643684498,41.8387401266,19086600,0.0,1.0
20-04-2017,841.65,845.2,839.32,841.44,959031,41.9314062177,41.8153245014,41.9209439171,19180620,0.0,1.0
21-04-2017,843.19,843.88,840.6,842.88,1323583,42.0081297555,41.8790947147,41.992685407,26471660,0.0,1.0
24-04-2017,862.76,863.45,849.86,851.2,1371581,42.9831165311,42.3404323509,42.4071917929,27431620,0.0,1.0
25-04-2017,872.3,875.0,862.81,865.0,1654161,43.4584039015,42.985607555,43.0947144042,33083220,0.0,1.0
26-04-2017,871.73,876.05,867.7481,874.23,1188464,43.4300062284,43.2316260628,43.5545574261,23769280,0.0,1.0
27-04-2017,874.25,875.4,870.38,873.6,1734197,43.5555538357,43.3627485817,43.5231705243,34683940,0.0,1.0
28-04-2017,905.96,916.85,905.77,910.66,3160585,45.1353612273,45.1258953363,45.369517479,63211700,0.0,1.0
01-05-2017,912.57,915.68,901.45,901.94,2100457,45.464674594,44.9106708667,44.9350829014,42009140,0.0,1.0
02-05-2017,916.44,920.77,909.4526,909.62,1520766,45.6574798481,45.3093642326,45.3177041808,30415320,0.0,1.0
03-05-2017,927.04,928.1,912.5426,914.86,1477329,46.1855769263,45.4633095129,45.5787634911,29546580,0.0,1.0
04-05-2017,931.66,935.93,924.59,926.07,1405844,46.4157475397,46.0635167526,46.1372510616,28116880,0.0,1.0
05-05-2017,927.13,934.9,925.2,933.54,1904731,46.1900607695,46.0939072448,46.5094100404,38094620,0.0,1.0
08-05-2017,934.3,936.925,925.26,926.12,1319052,46.5472736045,46.0968964736,46.1397420856,26381040,0.0,1.0
09-05-2017,932.17,937.5,929.53,936.95,1575628,46.441155984,46.3096299192,46.679297874,31512560,0.0,1.0
10-05-2017,928.78,932.0,925.16,931.98,1170055,46.2722645599,46.0919144257,46.431690093,23401100,0.0,1.0
11-05-2017,930.6,932.53,923.0301,925.32,830838,46.3629378319,45.9858017873,46.0998857023,16616760,0.0,1.0
12-05-2017,932.22,933.44,927.85,931.53,1038409,46.443647008,46.2259315144,46.4092708774,20768180,0.0,1.0
15-05-2017,937.08,938.25,929.34,932.95,1094283,46.6857745363,46.3001640282,46.4800159577,21885660,0.0,1.0
16-05-2017,943.0,943.11,937.58,940.0,956692,46.9807117725,46.7106847758,46.8312503352,19133840,0.0,1.0
17-05-2017,919.62,939.3325,918.14,935.67,2323389,45.8159089716,45.7421746625,46.6155276608,46467780,0.0,1.0
18-05-2017,930.24,933.17,918.75,921.0,1586465,46.3450024594,45.7725651548,45.8846612327,31729300,0.0,1.0
19-05-2017,934.01,937.755,931.0,931.47,1382221,46.5328256655,46.3828660235,46.4062816487,27644420,0.0,1.0
22-05-2017,941.86,941.8828,935.0,935.0,1092176,46.9239164263,46.5821479398,46.5821479398,21843520,0.0,1.0
23-05-2017,948.82,951.4666,942.575,947.92,1259285,47.2706669607,46.9595380688,47.2258285295,25185700,0.0,1.0
24-05-2017,954.96,955.09,949.5,952.98,990248,47.5765647023,47.3045448865,47.4779201537,19804960,0.0,1.0
25-05-2017,969.54,972.629,955.47,957.33,1645873,48.3029472872,47.6019731466,47.6946392377,32917460,0.0,1.0
26-05-2017,971.47,974.98,965.03,969.7,1246186,48.3991008119,48.0782569266,48.3109185639,24923720,0.0,1.0
30-05-2017,975.88,976.2,969.49,970.31,1455686,48.6188091246,48.3004562633,48.3413090561,29113720,0.0,1.0
31-05-2017,964.86,979.27,960.18,975.02,2426589,48.0697874451,47.836627603,48.5759635126,48531780,0.0,1.0
01-06-2017,966.95,971.5,960.01,968.95,1403200,48.1739122464,47.8281581216,48.2735532046,28064000,0.0,1.0
02-06-2017,975.6,975.88,966.0,969.46,1717212,48.6048593905,48.1265827913,48.2989616489,34344240,0.0,1.0
05-06-2017,983.68,986.91,975.1,976.55,1221971,49.0074088614,48.5799491509,48.6521888456,24439420,0.0,1.0
06-06-2017,976.57,988.25,975.14,983.16,1796904,48.6531852552,48.5819419701,48.9815022123,35938080,0.0,1.0
07-06-2017,981.08,984.15,975.77,979.65,1429834,48.8778756158,48.6133288719,48.8066323307,28596680,0.0,1.0
08-06-2017,983.41,984.57,977.2,982.35,1451232,48.9939573321,48.684572157,48.9411476243,29024640,0.0,1.0
09-06-2017,949.83,984.5,935.63,984.5,3270248,47.3209856446,46.6135348416,49.0482616543,65404960,0.0,1.0
12-06-2017,942.9,949.355,915.2328,939.56,3731589,46.9757297245,45.5973365657,46.8093293244,74631780,0.0,1.0
13-06-2017,953.4,959.98,944.09,951.91,1995350,47.4988447549,47.0350160947,47.4246122411,39907000,0.0,1.0
14-06-2017,950.76,961.15,942.25,959.92,1477033,47.3673186901,46.9433464131,47.8236742785,29540660,0.0,1.0
15-06-2017,942.31,943.339,924.44,933.97,2055953,46.9463356419,46.0560436807,46.5308328464,41119060,0.0,1.0
16-06-2017,939.78,942.04,931.595,940.0,2921393,46.8202898298,46.4125092085,46.8312503352,58427860,0.0,1.0
19-06-2017,957.37,959.99,949.05,949.96,1494191,47.6966320568,47.2821256709,47.3274623069,29883820,0.0,1.0
20-06-2017,950.63,961.62,950.01,957.52,1111840,47.3608420278,47.3299533308,47.7041051287,22236800,0.0,1.0
21-06-2017,959.45,960.1,950.76,953.64,1192342,47.8002586533,47.3673186901,47.5108016699,23846840,0.0,1.0
22-06-2017,957.09,960.72,954.55,958.7,940373,47.6826823227,47.5561383058,47.762893294,18807460,0.0,1.0
23-06-2017,965.59,966.0,954.2,956.83,1394008,48.1061563949,47.5387011381,47.6697289981,27880160,0.0,1.0
26-06-2017,952.27,973.31,950.79,969.9,1581031,47.4425476135,47.3688133045,48.3208826597,31620620,0.0,1.0
27-06-2017,927.33,948.29,926.85,942.46,2553771,46.2000248653,46.1761110353,46.9538087138,51075420,0.0,1.0
28-06-2017,940.49,942.75,916.0,929.0,2712222,46.85566237,45.6355588373,46.2832250653,54244440,0.0,1.0
29-06-2017,917.79,931.26,910.62,929.92,3248393,45.7247374948,45.3675246598,46.3290599061,64967860,0.0,1.0
30-06-2017,908.73,926.05,908.31,926.05,2035931,45.2733639544,45.2524393532,46.136254652,40718620,0.0,1.0
03-07-2017,898.7,913.94,894.79,912.18,1710189,44.7736645492,44.578866476,45.4452446072,34203780,0.0,1.0
05-07-2017,911.71,914.51,898.5,901.76,1743497,45.421828982,44.7637004534,44.9261152152,34869940,0.0,1.0
06-07-2017,906.69,914.9444,899.7,904.12,1409533,45.1717301771,44.8234850283,45.0436915458,28190660,0.0,1.0
07-07-2017,918.59,921.54,908.85,908.85,1588034,45.7645938781,45.2793424119,45.2793424119,31760680,0.0,1.0
10-07-2017,928.8,930.38,919.59,921.77,1189085,46.2732609695,45.8144143572,45.9230230016,23781700,0.0,1.0
11-07-2017,930.09,931.43,922.0,929.54,1093281,46.3375293875,45.9344817118,46.310128124,21865620,0.0,1.0
12-07-2017,943.83,946.3,934.47,938.68,1505982,47.0220627701,46.5557430859,46.7654873028,30119640,0.0,1.0
13-07-2017,947.16,954.45,943.01,946.29,1291782,47.1879649654,46.9812099772,47.1446211486,25835640,0.0,1.0
14-07-2017,955.99,956.91,948.005,952.0,1017632,47.6278797957,47.2300632702,47.4290960842,20352640,0.0,1.0
17-07-2017,953.42,960.74,949.2407,957.0,1141026,47.4998411645,47.2916264362,47.6781984796,22820520,0.0,1.0
18-07-2017,965.4,968.04,950.6,953.0,1131130,48.0966905038,47.3593474135,47.4789165633,22622600,0.0,1.0
19-07-2017,970.89,973.04,964.03,967.84,1212814,48.370204934,48.0284364475,48.2182524728,24256280,0.0,1.0
20-07-2017,968.15,975.9,961.51,975.0,1577103,48.2336968213,47.9028888402,48.574967103,31542060,0.0,1.0
21-07-2017,972.92,973.23,960.15,962.25,1665103,48.4713405065,47.8351329887,47.9397559947,33302060,0.0,1.0
24-07-2017,980.34,986.2,970.77,972.22,2634669,48.8410084613,48.3642264765,48.4364661712,52693380,0.0,1.0
25-07-2017,950.7,959.7,945.4,953.81,4626086,47.3643294614,47.1002809222,47.5192711513,92521720,0.0,1.0
26-07-2017,947.8,955.0,942.2788,954.68,2056013,47.219850072,46.9447812429,47.5626149681,41120260,0.0,1.0
27-07-2017,934.09,951.78,920.0,951.78,3095263,46.5368113039,45.8348407536,47.4181355788,61905260,0.0,1.0
28-07-2017,941.53,943.83,927.5,929.4,1775076,46.9074756682,46.2084943467,46.303153257,35501520,0.0,1.0
31-07-2017,930.5,943.59,926.04,941.89,1952716,46.357955784,46.1357564473,46.9254110407,39054320,0.0,1.0
01-08-2017,930.83,937.447,929.26,932.38,1211553,46.374396542,46.2961783899,46.4516182846,24231060,0.0,1.0
02-08-2017,930.39,932.6,916.68,928.61,1816343,46.3524755313,45.6694367631,46.2637950785,36326860,0.0,1.0
03-08-2017,923.65,932.24,922.24,930.34,1179126,46.0166855023,45.9464386268,46.3499845073,23582520,0.0,1.0
04-08-2017,927.96,930.3068,923.03,926.75,1019159,46.2314117671,45.9857968052,46.1711289874,20383180,0.0,1.0
07-08-2017,929.36,931.7,926.5,929.06,1012296,46.3011604378,46.1586738676,46.2862142941,20245920,0.0,1.0
08-08-2017,926.79,935.814,925.6095,927.09,1039394,46.1731218066,46.114308731,46.1880679503,20787880,0.0,1.0
09-08-2017,922.9,925.98,917.2501,920.61,1169431,45.9793201429,45.6978394182,45.8652312459,23388620,0.0,1.0
10-08-2017,907.24,919.26,906.13,917.55,1722296,45.1991314406,45.1438307088,45.7127805799,34445920,0.0,1.0
11-08-2017,914.39,917.78,905.58,907.97,1190458,45.555347866,45.1164294453,45.2355003903,23809160,0.0,1.0
14-08-2017,922.67,924.668,918.19,922.53,1047828,45.9678614328,45.7446656865,45.9608865657,20956560,0.0,1.0
15-08-2017,922.22,926.5499,919.82,924.23,873070,45.9454422172,45.8258730674,46.0455813801,17461400,0.0,1.0
16-08-2017,926.96,932.7,923.445,925.29,988604,46.181591288,46.006472304,46.0983910879,19772080,0.0,1.0
17-08-2017,910.98,926.86,910.98,925.78,1218963,45.3854600323,45.3854600323,46.1228031227,24379260,0.0,1.0
18-08-2017,910.67,915.275,907.1543,910.31,1333572,45.3700156838,45.1948618255,45.3520803113,26671440,0.0,1.0
21-08-2017,906.66,913.0,903.4,910.0,932903,45.1702355627,45.0078208009,45.3366359628,18658060,0.0,1.0
22-08-2017,924.69,925.86,911.4751,912.72,1145571,46.0684988005,45.4101261515,45.4721476659,22911420,0.0,1.0
23-08-2017,927.0,929.93,919.36,921.93,1077809,46.1835841072,45.802955647,45.9309942782,21556180,0.0,1.0
24-08-2017,921.28,930.84,915.5,928.66,1218875,45.8986109668,45.6106485978,46.2662861024,24377500,0.0,1.0
25-08-2017,915.89,925.555,915.5,923.49,1040693,45.6300785846,45.6106485978,46.0087142256,20813860,0.0,1.0
28-08-2017,913.81,919.245,911.87,916.0,1072467,45.5264519881,45.4298002587,45.6355588373,21449340,0.0,1.0
29-08-2017,921.29,923.33,905.0,905.1,1180160,45.8991091716,45.0875335674,45.0925156153,23603200,0.0,1.0
30-08-2017,929.57,930.819,919.65,920.05,1282093,46.3116227384,45.8174035859,45.8373317776,25641860,0.0,1.0
31-08-2017,939.33,941.98,931.76,931.76,1553301,46.7978706142,46.4207295876,46.4207295876,31066020,0.0,1.0
01-09-2017,937.34,942.48,935.15,941.13,913404,46.6987278609,46.5896210117,46.8875474766,18268080,0.0,1.0
05-09-2017,928.45,937.0,921.96,933.08,1202163,46.2558238018,45.9324888926,46.48649262,24043260,0.0,1.0
06-09-2017,927.81,930.915,919.27,930.15,1468808,46.2239386952,45.7984718039,46.3405186163,29376160,0.0,1.0
07-09-2017,935.95,936.41,923.62,931.73,1200257,46.6294773949,46.0151908879,46.4192349732,24005140,0.0,1.0
08-09-2017,926.5,936.99,924.88,936.49,993832,46.1586738676,46.0779646915,46.6563804536,19876640,0.0,1.0
11-09-2017,929.08,938.38,926.92,934.25,1247138,46.2872107037,46.1795984688,46.5447825805,24942760,0.0,1.0
12-09-2017,932.07,933.48,923.861,932.59,1120449,46.4361739361,46.0271976233,46.4620805852,22408980,0.0,1.0
13-09-2017,935.09,937.25,929.86,930.66,1066051,46.5866317829,46.3260706773,46.3659270606,21321020,0.0,1.0
14-09-2017,925.11,932.77,924.0,931.25,1389012,46.0894234017,46.0341226699,46.3953211433,27780240,0.0,1.0
15-09-2017,920.29,926.49,916.36,924.66,2475031,45.8492886925,45.6534942098,46.0670041861,49500620,0.0,1.0
18-09-2017,915.0,922.08,910.6,920.01,1263456,45.5857383582,45.3665282503,45.8353389584,25269120,0.0,1.0
19-09-2017,921.81,922.4199,912.55,917.42,902415,45.9250158207,45.4636781845,45.7063039176,18048300,0.0,1.0
20-09-2017,931.58,933.88,922.0,922.98,1518166,46.4117619014,45.9344817118,45.9833057813,30363320,0.0,1.0
21-09-2017,932.45,936.53,923.83,933.0,1207656,46.4551057182,46.0256531885,46.4825069817,24153120,0.0,1.0
22-09-2017,928.53,934.73,926.48,927.75,1038551,46.2598094402,46.1576774581,46.2209494665,20771020,0.0,1.0
25-09-2017,920.97,926.4,909.7,925.45,1822881,45.8831666183,45.3216898191,46.1063623646,36457620,0.0,1.0
26-09-2017,924.86,930.82,921.14,923.72,1652848,46.0769682819,45.8916360998,46.0201729358,33056960,0.0,1.0
27-09-2017,944.49,949.9,927.74,927.74,2202959,47.0549442863,46.2204512617,46.2204512617,44059180,0.0,1.0
28-09-2017,949.5,950.69,940.55,941.36,959648,47.3045448865,46.8586515987,46.8990061868,19192960,0.0,1.0
29-09-2017,959.11,959.7864,951.51,952.0,1533133,47.7833196904,47.4046840494,47.4290960842,30662660,0.0,1.0
02-10-2017,953.27,962.54,947.84,959.98,1222026,47.4923680926,47.2218428912,47.8266635072,24440520,0.0,1.0
03-10-2017,957.79,958.0,949.14,954.0,881562,47.717556658,47.286609514,47.5287370423,17631240,0.0,1.0
04-10-2017,951.68,960.39,950.69,957.0,881380,47.4131535309,47.3638312566,47.6781984796,17627600,0.0,1.0
05-10-2017,969.96,970.91,955.18,955.49,1202101,48.3238718885,47.5875252076,47.6029695562,24042020,0.0,1.0
06-10-2017,978.89,979.46,963.36,966.7,1142699,48.7687687666,47.9950567265,48.1614571266,22853980,0.0,1.0
09-10-2017,977.0,985.425,976.11,980.0,886700,48.6746080612,48.6302678348,48.8240694984,17734000,0.0,1.0
10-10-2017,972.6,981.57,966.0801,980.0,956419,48.4553979532,48.1305734117,48.8240694984,19128380,0.0,1.0
11-10-2017,989.25,990.71,972.25,973.72,1663731,49.2849089299,48.4379607855,48.5111968898,33274620,0.0,1.0
12-10-2017,987.83,994.12,985.0,987.45,1259082,49.2141638496,49.0731718938,49.1952320676,25181640,0.0,1.0
13-10-2017,989.68,997.21,989.0,992.0,1143907,49.3063317359,49.2724538101,49.4219152474,22878140,0.0,1.0
16-10-2017,992.0,993.9065,984.0,992.1,900751,49.4219152474,49.0233514147,49.4268972953,18015020,0.0,1.0
17-10-2017,992.18,996.44,988.59,990.29,1266399,49.4308829336,49.2520274137,49.3367222281,25327980,0.0,1.0
18-10-2017,992.81,996.72,986.9747,991.77,1022521,49.4622698354,49.1715523939,49.4104565372,20450420,0.0,1.0
19-10-2017,984.45,988.88,978.39,986.0,1282755,49.0457706303,48.7438585271,49.1229923729,25655100,0.0,1.0
20-10-2017,988.2,991.0,984.58,989.44,1120038,49.2325974269,49.0522472926,49.2943748209,22400760,0.0,1.0
23-10-2017,968.45,989.52,966.12,989.52,1431886,48.248642965,48.1325612488,49.2983604593,28637720,0.0,1.0
24-10-2017,970.54,972.23,961.0,970.0,1155231,48.3527677663,47.8774803959,48.3258647076,23104620,0.0,1.0
25-10-2017,973.33,976.09,960.5201,968.37,1162606,48.491766903,47.853571548,48.2446573267,23252120,0.0,1.0
26-10-2017,972.56,987.6,972.2,980.0,1660850,48.4534051341,48.4354697616,48.8240694984,33217000,0.0,1.0
27-10-2017,1019.27,1048.39,1008.2,1009.19,5125791,50.7805197119,50.2290070085,50.2783292828,102515820,0.0,1.0
30-10-2017,1017.11,1024.97,1007.5,1014.0,2074619,50.6729074771,50.1941326731,50.5179657871,41492380,0.0,1.0
31-10-2017,1016.64,1024.0,1010.42,1015.22,1324961,50.6494918519,50.339608472,50.5787467716,26499220,0.0,1.0
01-11-2017,1025.5,1029.67,1016.95,1017.21,1360900,51.0909012966,50.6649362004,50.677889525,27218000,0.0,1.0
02-11-2017,1025.58,1028.09,1013.01,1021.76,1008190,51.0948869349,50.4686435128,50.9045727048,20163800,0.0,1.0
03-11-2017,1032.48,1032.65,1020.31,1022.11,1058037,51.4386482405,50.8323330101,50.9220098725,21160740,0.0,1.0
06-11-2017,1025.9,1034.87,1025.0,1028.99,1119131,51.1108294882,51.065991057,51.2647747685,22382620,0.0,1.0
07-11-2017,1033.33,1033.97,1025.13,1027.27,1089887,51.4809956478,51.0724677193,51.1790835445,21797740,0.0,1.0
08-11-2017,1039.85,1043.52,1028.45,1030.52,946210,51.8058251714,51.2378717098,51.3410001015,18924200,0.0,1.0
09-11-2017,1031.26,1033.99,1019.67,1033.99,1236903,51.3778672561,50.8004479035,51.5138771639,24738060,0.0,1.0
10-11-2017,1028.07,1030.76,1025.28,1026.46,719227,51.2189399278,51.0799407912,51.1387289565,14384540,0.0,1.0
13-11-2017,1025.75,1031.58,1022.57,1023.42,878969,51.1033564163,50.9449272928,50.9872747001,17579380,0.0,1.0
14-11-2017,1026.0,1026.81,1014.15,1022.59,947273,51.1158115361,50.525438859,50.9459237024,18945460,0.0,1.0
15-11-2017,1020.91,1024.09,1015.42,1019.21,859951,50.8622252976,50.5887108674,50.7775304831,17199020,0.0,1.0
16-11-2017,1032.5,1035.92,1022.52,1022.52,1129423,51.4396446501,50.9424362689,50.9424362689,22588460,0.0,1.0
17-11-2017,1019.09,1034.42,1017.75,1034.01,1350144,50.7715520257,50.7047925837,51.5148735735,27002880,0.0,1.0
20-11-2017,1018.38,1022.61,1017.5,1020.26,894844,50.7361794855,50.6923374639,50.8298419862,17896880,0.0,1.0
21-11-2017,1034.49,1035.11,1022.66,1023.31,1083715,51.5387874035,50.949411136,50.9817944474,21674300,0.0,1.0
22-11-2017,1035.96,1039.71,1031.43,1035.0,716661,51.6120235077,51.3863367375,51.5641958478,14333220,0.0,1.0
24-11-2017,1040.61,1043.18,1035.0,1035.87,536958,51.8436887355,51.5641958478,51.6075396646,10739160,0.0,1.0
27-11-2017,1054.21,1055.46,1038.44,1040.0,1284354,52.5212472509,51.7355782958,51.8132982432,25687080,0.0,1.0
28-11-2017,1047.41,1062.38,1040.0,1055.09,1341000,52.1824679932,51.8132982432,52.5650892725,26820000,0.0,1.0
29-11-2017,1021.66,1044.08,1015.65,1042.68,2438875,50.8995906569,50.6001695776,51.9468171271,48777500,0.0,1.0
30-11-2017,1021.41,1028.49,1015.0,1022.37,1722913,50.8871355371,50.5677862662,50.934963197,34458260,0.0,1.0
01-12-2017,1010.17,1022.49,1002.02,1015.8,1908944,50.3271533523,49.9211164478,50.6076426495,38178880,0.0,1.0
04-12-2017,998.68,1016.1,995.57,1012.66,1891408,49.7547160476,49.5997743577,50.4512063452,37828160,0.0,1.0
05-12-2017,1005.15,1020.61,988.28,995.94,2023376,50.0770545473,49.2365830652,49.6182079349,40467520,0.0,1.0
06-12-2017,1018.38,1024.97,1001.14,1001.5,1254837,50.7361794855,49.8772744262,49.8952097986,25096740,0.0,1.0
07-12-2017,1030.93,1034.24,1018.07,1020.43,1387107,51.361426498,50.720735137,50.8383114676,27742140,0.0,1.0
08-12-2017,1037.05,1042.05,1032.522,1037.49,1277894,51.6663278299,51.4407407007,51.6882488407,25557880,0.0,1.0
11-12-2017,1041.1,1043.8,1032.05,1035.5,1119052,51.8681007702,51.4172254345,51.5891060874,22381040,0.0,1.0
12-12-2017,1040.48,1050.31,1033.69,1039.63,1269883,51.8372120732,51.4989310202,51.794864666,25397660,0.0,1.0
13-12-2017,1040.61,1046.665,1038.38,1046.12,1207286,51.8436887355,51.7325890671,52.1181995752,24145720,0.0,1.0
14-12-2017,1049.15,1058.5,1043.11,1045.0,1545616,52.2691556268,51.9682399332,52.0624006386,30912320,0.0,1.0
15-12-2017,1064.19,1067.62,1049.5,1054.61,3142760,53.0184556322,52.2865927945,52.5411754426,62855200,0.0,1.0
18-12-2017,1077.14,1078.49,1062.0,1066.08,1531522,53.6636308362,52.909348783,53.1126163376,30630440,0.0,1.0
19-12-2017,1070.68,1076.84,1063.55,1075.2,1254615,53.3417905414,52.9865705255,53.5669791068,25092300,0.0,1.0
20-12-2017,1064.95,1073.38,1061.52,1071.78,1266115,53.0563191963,52.885434953,53.3965930684,25322300,0.0,1.0
21-12-2017,1063.63,1069.33,1061.794,1064.95,974594,52.9905561639,52.8990857643,53.0563191963,19491880,0.0,1.0
22-12-2017,1060.12,1064.2,1059.44,1061.11,734566,52.8156862823,52.7818083565,52.8650085566,14691320,0.0,1.0
26-12-2017,1056.74,1060.12,1050.2,1058.07,756324,52.647293063,52.3214671298,52.7135543002,15126480,0.0,1.0
27-12-2017,1049.37,1058.37,1048.05,1057.39,1214775,52.2801161322,52.2143530998,52.6796763744,24295500,0.0,1.0
28-12-2017,1048.14,1054.75,1044.77,1051.6,829623,52.2188369429,52.0509419284,52.3912158005,16592460,0.0,1.0
29-12-2017,1046.4,1049.7,1044.9,1046.72,867943,52.1321493093,52.0574185907,52.1480918626,17358860,0.0,1.0
02-01-2018,1065.0,1066.94,1045.23,1048.34,1223114,53.0588102202,52.0738593488,52.2288010387,24462280,0.0,1.0
03-01-2018,1082.48,1086.29,1063.21,1064.31,1416093,53.9296721945,52.9696315627,53.0244340896,28321860,0.0,1.0
04-01-2018,1086.4,1093.57,1084.002,1088.0,990510,54.1249684725,54.0054989637,54.2046812391,19810200,0.0,1.0
05-01-2018,1102.23,1104.25,1092.0,1094.0,1210974,54.9136266564,54.4039631554,54.5036041135,24219480,0.0,1.0
08-01-2018,1106.94,1111.27,1101.62,1102.23,1003098,55.1482811128,54.8832361641,54.9136266564,20061960,0.0,1.0
09-01-2018,1106.26,1110.57,1101.231,1109.4,897400,55.1144031871,54.8638559978,55.2708394914,17948000,0.0,1.0
10-01-2018,1102.61,1104.6,1096.11,1097.1,1038917,54.9325584384,54.6087253244,54.6580475987,20778340,0.0,1.0
11-01-2018,1105.52,1106.525,1099.59,1106.3,962696,55.0775360325,54.7821005916,55.1163960062,19253920,0.0,1.0
12-01-2018,1122.26,1124.29,1101.15,1102.41,1701377,55.9115308523,54.859820539,54.9225943426,34027540,0.0,1.0
16-01-2018,1121.76,1139.91,1117.832,1132.51,1539230,55.8866206128,55.690925771,56.4221907629,30784600,0.0,1.0
17-01-2018,1131.98,1132.6,1117.01,1126.22,1146089,56.395785909,55.6499733372,56.1088199495,22921780,0.0,1.0
18-01-2018,1129.79,1132.51,1117.5,1131.41,1148920,56.2866790598,55.6743853719,56.3673882359,22978400,0.0,1.0
19-01-2018,1137.51,1137.86,1128.3,1131.83,1361390,56.6712931583,56.212446546,56.3883128371,27227800,0.0,1.0
22-01-2018,1155.81,1159.88,1135.11,1137.49,1582504,57.5830079255,56.5517240085,56.6702967487,31650080,0.0,1.0
23-01-2018,1169.97,1171.627,1158.75,1159.85,1199326,58.2884659092,57.729480134,57.784282661,23986520,0.0,1.0
24-01-2018,1164.24,1179.86,1161.05,1177.33,1351237,58.0029945641,57.8440672359,58.6551446353,27024740,0.0,1.0
25-01-2018,1170.37,1175.94,1162.76,1172.53,1326436,58.3083941009,57.9292602551,58.4160063357,26528720,0.0,1.0
26-01-2018,1175.84,1175.84,1158.11,1175.08,1825680,58.5809121214,57.6975950274,58.5430485573,36513600,0.0,1.0
29-01-2018,1175.58,1186.89,1171.98,1176.48,1299218,58.5679587969,58.3886050722,58.6127972281,25984360,0.0,1.0
30-01-2018,1163.69,1176.52,1163.52,1167.83,1400132,57.9755933006,57.9671238192,58.181850084,28002640,0.0,1.0
31-01-2018,1169.94,1173.0,1159.13,1170.57,1486793,58.2869712949,57.748411916,58.3183581967,29735860,0.0,1.0
01-02-2018,1167.7,1174.0,1157.52,1162.61,1974700,58.1753734217,57.6682009447,57.9217871832,39494000,0.0,1.0
02-02-2018,1111.9,1123.07,1107.278,1122.0,4758496,55.3953906891,55.1651204348,55.8985775278,95169920,0.0,1.0
05-02-2018,1055.8,1110.0,1052.03,1090.6,3336352,52.6004618127,52.4126386065,54.3342144847,66727040,0.0,1.0
06-02-2018,1080.6,1081.71,1023.137,1027.18,3360727,53.8360096939,50.9731755045,51.1745997014,67214540,0.0,1.0
07-02-2018,1048.58,1081.78,1048.26,1081.54,2331374,52.2407579537,52.2248154004,53.8828409442,46627480,0.0,1.0
08-02-2018,1001.52,1058.62,1000.66,1055.41,2720942,49.8962062082,49.8533605962,52.5810318258,54418840,0.0,1.0
09-02-2018,1037.78,1043.97,992.56,1017.25,3267883,51.7026967797,49.4498147157,50.6798823441,65357660,0.0,1.0
12-02-2018,1051.94,1061.5,1040.928,1048.0,2038875,52.4081547634,51.8595316478,52.2118620759,40777500,0.0,1.0
13-02-2018,1052.1,1058.37,1044.087,1045.0,1209341,52.4161260401,52.0169145412,52.0624006386,24186820,0.0,1.0
14-02-2018,1069.7,1071.72,1046.75,1048.95,1515444,53.2929664719,52.149586477,52.259191531,30308880,0.0,1.0
15-02-2018,1089.52,1091.479,1064.34,1079.07,1777694,54.2804083673,53.025928704,53.7597843609,35553880,0.0,1.0
16-02-2018,1094.8,1104.67,1088.313,1088.41,1664969,54.5434604968,54.220275049,54.2251076355,33299380,0.0,1.0
20-02-2018,1102.46,1113.95,1088.52,1090.57,1381603,54.9250853666,54.2305878882,54.3327198703,27632060,0.0,1.0
21-02-2018,1111.34,1133.97,1106.33,1106.47,1493162,55.3674912208,55.1178906206,55.1248654877,29863240,0.0,1.0
22-02-2018,1106.63,1122.82,1102.59,1116.19,1306276,55.1328367643,54.9315620288,55.6091205443,26125520,0.0,1.0
23-02-2018,1126.79,1127.28,1104.714,1112.64,1158377,56.1372176226,55.0373807264,55.4322578436,23167540,0.0,1.0
26-02-2018,1143.75,1143.96,1126.695,1127.8,1492380,56.9821729478,56.1324846771,56.1875363064,29847600,0.0,1.0
27-02-2018,1118.29,1144.04,1118.0,1141.24,1741578,55.7137435504,55.6992956115,56.8571235453,34831560,0.0,1.0
28-02-2018,1104.73,1127.53,1103.24,1123.03,1858051,55.0381778541,54.9639453402,55.9498926212,37161020,0.0,1.0
01-03-2018,1069.52,1110.12,1067.001,1107.87,2515910,53.2839987857,53.1585009989,55.1946141584,50318200,0.0,1.0
02-03-2018,1078.92,1081.999,1048.115,1053.08,2271551,53.752311289,52.2175914309,52.4649501096,45431020,0.0,1.0
05-03-2018,1090.93,1097.1,1069.0,1075.14,1202174,54.3506552428,53.2580921365,53.5639898781,24043480,0.0,1.0
06-03-2018,1095.06,1101.85,1089.775,1099.22,1532783,54.5564138214,54.2931125894,54.7636670143,30655660,0.0,1.0
07-03-2018,1109.64,1112.22,1085.482,1089.19,1292537,55.2827964063,54.0792332727,54.2639676092,25850740,0.0,1.0
08-03-2018,1126.0,1127.6,1112.8,1115.32,1240299,56.0978594441,55.4402291202,55.5657767275,24805980,0.0,1.0
09-03-2018,1160.04,1160.8,1132.461,1136.0,2074952,57.793748552,56.4197495594,56.5960642349,41499040,0.0,1.0
12-03-2018,1164.5,1177.05,1157.42,1163.85,2076306,58.0159478887,57.6632188968,57.9835645773,41526120,0.0,1.0
13-03-2018,1138.17,1176.76,1133.33,1170.0,1808098,56.7041746745,56.4630435558,58.2899605236,36161960,0.0,1.0
14-03-2018,1149.49,1158.59,1141.44,1145.21,1192615,57.2681424977,56.8670876411,57.0549108472,23852300,0.0,1.0
15-03-2018,1149.58,1161.08,1134.54,1149.96,1392521,57.2726263408,56.5233263354,57.2915581229,27850420,0.0,1.0
16-03-2018,1135.73,1155.88,1131.96,1154.14,2560277,56.5826127055,56.3947894994,57.4998077254,51205540,0.0,1.0
19-03-2018,1099.82,1121.99,1089.01,1120.01,2339506,54.7935593018,54.2549999229,55.7994347744,46790120,0.0,1.0
20-03-2018,1097.71,1105.2,1083.46,1099.0,1783872,54.6884380909,53.978496264,54.7527065089,35677440,0.0,1.0
21-03-2018,1090.88,1106.3,1085.15,1092.74,1640709,54.3481642188,54.0626928737,54.4408303099,32814180,0.0,1.0
22-03-2018,1049.08,1082.9,1045.91,1081.88,2580374,52.2656681933,52.1077372746,53.8997799071,51607480,0.0,1.0
23-03-2018,1021.57,1063.36,1021.22,1047.03,2113497,50.8951068138,50.8776696461,52.1635362111,42269940,0.0,1.0
26-03-2018,1053.21,1055.63,1008.4,1046.0,2558385,52.4714267719,50.2389711043,52.1122211177,51167700,0.0,1.0
27-03-2018,1005.1,1064.839,996.92,1063.0,3029471,50.0745635233,49.6670320044,52.9591692621,60589420,0.0,1.0
28-03-2018,1004.56,1024.23,980.64,998.0,3369275,50.0476604646,48.855954605,49.7208381219,67385500,0.0,1.0
29-03-2018,1031.79,1043.0,1002.9,1011.63,2726830,51.40427211,49.9649584693,50.3998912517,54536600,0.0,1.0
02-04-2018,1006.47,1034.8,990.37,1022.82,2680400,50.1428175797,49.3407078665,50.9573824126,53608000,0.0,1.0
03-04-2018,1013.41,1020.99,994.07,1013.91,2275076,50.4885717045,49.5250436391,50.513481944,45501520,0.0,1.0
04-04-2018,1025.14,1028.718,993.0,993.41,2484651,51.0729659241,49.4717357265,49.4921621229,49693020,0.0,1.0
05-04-2018,1027.81,1042.79,1020.131,1041.33,1363049,51.2059866032,50.8234151444,51.8795594804,27260980,0.0,1.0
06-04-2018,1007.04,1031.42,1003.03,1020.0,1746430,50.1712152527,49.9714351316,50.8168886616,34928600,0.0,1.0
09-04-2018,1015.45,1039.6,1014.08,1016.8,1751559,50.5902054818,50.5219514255,50.6574631286,35031180,0.0,1.0
10-04-2018,1031.64,1036.28,1011.34,1026.44,2029648,51.3967990381,50.3854433128,51.1377325469,40592960,0.0,1.0
11-04-2018,1019.97,1031.364,1015.87,1027.99,1483881,50.8153940472,50.611130083,51.2149542895,29677620,0.0,1.0
12-04-2018,1032.51,1040.69,1021.435,1025.04,1359389,51.4401428549,50.8883810491,51.0679838762,27187780,0.0,1.0
13-04-2018,1029.27,1046.42,1022.98,1040.88,1223017,51.2787245027,50.9653536893,51.8571402648,24460340,0.0,1.0
16-04-2018,1037.98,1043.24,1026.74,1037.0,1211208,51.7126608755,51.1526786906,51.663836806,24224160,0.0,1.0
17-04-2018,1074.16,1077.88,1048.26,1051.37,2320266,53.5151658086,52.2248154004,52.3797570904,46405320,0.0,1.0
18-04-2018,1072.08,1077.43,1066.225,1077.43,1344138,53.4115392121,53.1198403071,53.6780787752,26882760,0.0,1.0
19-04-2018,1087.7,1094.165,1068.18,1069.4,1747671,54.1897350953,53.2172393437,53.2780203282,34953420,0.0,1.0
20-04-2018,1072.96,1092.35,1069.57,1082.0,1889686,53.4553812337,53.2864898096,53.9057583646,37793720,0.0,1.0
23-04-2018,1067.45,1082.72,1060.7,1077.86,2341258,53.180870394,52.8445821602,53.6995015812,46825160,0.0,1.0
24-04-2018,1019.98,1057.0,1010.59,1052.0,4760260,50.815892252,50.3480779535,52.4111439922,95205200,0.0,1.0
25-04-2018,1021.18,1032.49,1015.31,1025.52,2391105,50.8756768269,50.5832306147,51.0918977061,47822100,0.0,1.0
26-04-2018,1040.04,1047.98,1018.19,1029.51,2079533,51.8152910624,50.7267135945,51.2906814177,41590660,0.0,1.0
27-04-2018,1030.05,1049.5,1025.59,1046.0,1619796,51.3175844764,51.0953851397,52.1122211177,32395920,0.0,1.0
30-04-2018,1017.33,1037.0,1016.85,1030.01,1671254,50.6838679825,50.6599541525,51.3155916572,33425080,0.0,1.0
01-05-2018,1037.31,1038.47,1008.21,1013.66,1427857,51.6792811545,50.2295052133,50.5010268242,28557140,0.0,1.0
02-05-2018,1024.38,1040.389,1022.87,1028.1,1603081,51.03510236,50.9598734366,51.2204345422,32061620,0.0,1.0
03-05-2018,1023.72,1029.675,1006.29,1019.0,1815058,51.0022208438,50.1338498934,50.7670681825,36301160,0.0,1.0
04-05-2018,1048.21,1048.51,1016.9,1016.9,1938658,52.2223243765,50.6624451765,50.6624451765,38773160,0.0,1.0
07-05-2018,1054.79,1061.68,1047.1,1049.23,1466065,52.5501431288,52.1670236447,52.2731412651,29321300,0.0,1.0
08-05-2018,1053.91,1060.55,1047.145,1058.54,1217721,52.5063011072,52.1692655662,52.7369699254,24354420,0.0,1.0
09-05-2018,1082.76,1085.44,1056.365,1058.1,2032818,53.9436219287,52.6286103834,52.7150489146,40656360,0.0,1.0
10-05-2018,1097.57,1100.44,1085.64,1086.03,1443025,54.6814632239,54.0871049084,54.1065348953,28860500,0.0,1.0
11-05-2018,1098.26,1101.33,1090.91,1093.6,1253665,54.7158393544,54.3496588332,54.4836759219,25073300,0.0,1.0
14-05-2018,1100.2,1110.75,1099.11,1100.0,1518077,54.8124910838,54.7581867616,54.802526988,30361540,0.0,1.0
15-05-2018,1079.23,1090.05,1073.47,1090.0,1494872,53.7677556375,53.480789678,54.3043221972,29897440,0.0,1.0
16-05-2018,1081.77,1089.27,1076.26,1077.31,1097317,53.8942996544,53.6197888147,53.6721003177,21946340,0.0,1.0
17-05-2018,1078.59,1086.87,1073.5,1079.89,1043766,53.7358705309,53.4822842924,53.8006371537,20875320,0.0,1.0
18-05-2018,1066.36,1069.94,1060.68,1061.86,1565240,53.1265660718,52.8435857506,52.9023739159,31304800,0.0,1.0
21-05-2018,1079.58,1088.0,1073.65,1074.06,1023211,53.7851928052,53.4897573643,53.5101837607,20464220,0.0,1.0
22-05-2018,1069.73,1086.59,1066.69,1083.56,1090002,53.2944610863,53.1430068299,53.9834783119,21800040,0.0,1.0
23-05-2018,1079.69,1080.78,1061.71,1065.13,1060683,53.7906730579,52.894900844,53.0652868825,21213660,0.0,1.0
24-05-2018,1079.24,1080.47,1066.15,1079.0,766773,53.7682538423,53.1161037712,53.7562969273,15335460,0.0,1.0
25-05-2018,1075.66,1082.56,1073.775,1079.02,899406,53.5898965272,53.4959849241,53.7572933369,17988120,0.0,1.0
29-05-2018,1060.32,1073.37,1055.22,1064.89,1865139,52.8256503781,52.5715659348,53.0533299675,37302780,0.0,1.0
30-05-2018,1067.8,1069.21,1056.83,1063.03,1138457,53.1983075616,52.6517769061,52.9606638764,22769140,0.0,1.0
31-05-2018,1084.99,1097.19,1067.56,1067.56,3088305,54.054721597,53.1863506467,53.1863506467,61766100,0.0,1.0
01-06-2018,1119.5,1120.0,1098.5,1099.35,2421598,55.7740263301,54.7277962694,54.7701436766,48431960,0.0,1.0
04-06-2018,1139.29,1141.89,1122.005,1122.33,1889579,56.7599736111,55.8988266302,55.9150182859,37791580,0.0,1.0
05-06-2018,1139.66,1145.738,1133.19,1140.99,1677973,56.7784071883,56.4560686887,56.8446684255,33559460,0.0,1.0
06-06-2018,1136.88,1143.0,1125.743,1142.17,1698247,56.6399062565,56.085055581,56.9034565908,33964940,0.0,1.0
07-06-2018,1123.86,1135.82,1116.52,1131.32,1520020,55.9912436189,55.6255613024,56.3629043928,30400400,0.0,1.0
08-06-2018,1120.87,1126.67,1112.15,1118.18,1290845,55.8422803864,55.4078458088,55.7082632977,25816900,0.0,1.0
11-06-2018,1129.99,1137.26,1118.6,1118.6,1079294,56.2966431556,55.7291878989,55.7291878989,21585880,0.0,1.0
12-06-2018,1139.32,1139.79,1130.735,1131.07,912018,56.7614682254,56.3337594125,56.350449273,18240360,0.0,1.0
13-06-2018,1134.79,1146.5,1133.38,1141.12,1506407,56.5357814552,56.4655345797,56.8511450878,30128140,0.0,1.0
14-06-2018,1152.12,1155.47,1140.64,1143.85,1350868,57.3991703577,56.8272312578,56.9871549957,27017360,0.0,1.0
15-06-2018,1152.26,1153.42,1143.485,1148.86,2122476,57.4061452247,56.9689705208,57.2367555959,42449520,0.0,1.0
18-06-2018,1173.46,1174.31,1143.59,1143.65,1413692,58.4623393812,56.9742016711,56.9771908999,28273840,0.0,1.0
19-06-2018,1168.06,1171.27,1154.01,1158.5,1621018,58.1933087942,57.4933310631,57.7170250142,32420360,0.0,1.0
20-06-2018,1169.84,1186.286,1169.16,1175.31,1648536,58.281989247,58.2481113212,58.5545072675,32970720,0.0,1.0
21-06-2018,1157.66,1177.295,1152.232,1174.85,1238118,57.6751758118,57.4047502513,58.5315898472,24762360,0.0,1.0
22-06-2018,1155.48,1162.497,1147.26,1159.14,1310967,57.5665671674,57.1570428293,57.7489101208,26219340,0.0,1.0
25-06-2018,1124.81,1143.91,1112.78,1143.6,2157310,56.038573074,55.4392327107,56.9746998759,43146200,0.0,1.0
26-06-2018,1118.46,1133.21,1116.659,1128.0,1563225,55.7222130318,55.632486349,56.1975004023,31264500,0.0,1.0
27-06-2018,1103.98,1131.836,1103.62,1121.34,1293892,55.0008124948,54.9828771223,55.8656960116,25877840,0.0,1.0
28-06-2018,1114.22,1122.31,1096.01,1102.09,1072438,55.5109742005,54.6037432765,54.9066517893,21448760,0.0,1.0
29-06-2018,1115.65,1128.227,1115.0,1120.0,1315121,55.5822174856,55.5498341742,55.7989365696,26302420,0.0,1.0
02-07-2018,1127.46,1128.0,1093.8,1099.0,1217311,56.1705973436,54.4936400177,54.7527065089,24346220,0.0,1.0
03-07-2018,1102.89,1135.82,1100.02,1135.82,679034,54.9465081726,54.8035233976,56.5870965487,13580680,0.0,1.0
05-07-2018,1124.27,1127.5,1108.48,1110.53,1066685,56.0116700153,55.2250046506,55.3271366327,21333700,0.0,1.0
06-07-2018,1140.17,1140.93,1120.737,1123.58,996079,56.8038156327,55.8356542627,55.9772938847,19921580,0.0,1.0
09-07-2018,1154.05,1154.67,1143.42,1148.48,908969,57.4953238823,56.9657321897,57.2178238138,18179380,0.0,1.0
10-07-2018,1152.84,1159.59,1149.59,1156.98,798412,57.4350411026,57.2731245456,57.641297886,15968240,0.0,1.0
11-07-2018,1153.9,1164.29,1141.0,1144.59,1119993,57.4878508104,56.8451666303,57.0240221502,22399860,0.0,1.0
12-07-2018,1183.48,1184.41,1155.935,1159.89,1251884,58.9615405816,57.5892354854,57.7862754801,25037680,0.0,1.0
13-07-2018,1188.82,1195.417,1180.0,1185.0,1222072,59.2275819399,58.7881653144,59.0372677098,24441440,0.0,1.0
16-07-2018,1183.86,1191.0,1179.28,1189.39,1055662,58.9804723637,58.7522945695,59.255979613,21113240,0.0,1.0
17-07-2018,1198.8,1203.04,1170.6,1172.22,1610353,59.7247903211,58.3198528111,58.4005619872,32207060,0.0,1.0
18-07-2018,1195.88,1204.5,1190.34,1196.56,1393606,59.5793145222,59.3033090681,59.613192448,27872120,0.0,1.0
19-07-2018,1186.96,1200.0,1183.32,1191.0,1276667,59.1349158488,58.953569305,59.3361905843,25533340,0.0,1.0
20-07-2018,1184.91,1196.86,1184.22,1186.96,1248400,59.0327838667,58.9984077361,59.1349158488,24968000,0.0,1.0
23-07-2018,1205.5,1206.49,1181.0,1181.01,2619234,60.058587531,58.8379857935,58.8384839983,52384680,0.0,1.0
24-07-2018,1248.08,1266.0,1235.56,1262.59,3318204,62.1799435302,61.5561911321,62.9028386816,66364080,0.0,1.0
25-07-2018,1263.7,1265.86,1239.13,1239.13,2139999,62.9581394134,61.7340502424,61.7340502424,42799980,0.0,1.0
26-07-2018,1268.33,1269.771,1249.02,1251.0,2405638,63.1888082316,62.2267747805,62.3254193291,48112760,0.0,1.0
27-07-2018,1238.5,1273.89,1231.0,1271.0,2130558,61.7026633406,61.3290097475,63.3218289107,42611160,0.0,1.0
30-07-2018,1219.74,1234.916,1211.47,1228.01,1849904,60.7680311531,60.3560157911,61.180046515,36998080,0.0,1.0
31-07-2018,1217.26,1227.588,1205.6,1220.01,1644722,60.6444763649,60.0635695789,60.7814826824,32894440,0.0,1.0
01-08-2018,1220.01,1233.47,1210.21,1228.0,1567264,60.7814826824,60.2932419874,61.1795483103,31345280,0.0,1.0
02-08-2018,1226.15,1229.88,1204.79,1205.9,1531299,61.087380424,60.0232149908,60.0785157226,30625980,0.0,1.0
03-08-2018,1223.71,1230.0,1215.06,1229.62,1089896,60.965818455,60.534871311,61.2602574864,21797920,0.0,1.0
06-08-2018,1224.77,1226.088,1215.797,1225.0,1081723,61.0186281628,60.571589004,61.030086873,21634460,0.0,1.0
07-08-2018,1242.22,1251.17,1236.17,1237.0,1493980,61.8879955228,61.5865816243,61.627932622,29879600,0.0,1.0
08-08-2018,1245.61,1256.5,1238.008,1240.47,1370913,62.0568869469,61.6781516649,61.8008096844,27418260,0.0,1.0
09-08-2018,1249.1,1255.542,1246.01,1249.9,848601,62.2307604188,62.0768151385,62.2706168021,16972020,0.0,1.0
10-08-2018,1237.61,1245.695,1232.0,1243.0,1108919,61.6583231142,61.3788302266,61.9268554965,22178380,0.0,1.0
13-08-2018,1235.01,1249.273,1233.641,1236.98,997346,61.5287898686,61.4605856327,61.6269362124,19946920,0.0,1.0
14-08-2018,1242.1,1245.87,1225.11,1235.19,1348194,61.8820170653,61.0355671257,61.5377575548,26963880,0.0,1.0
15-08-2018,1214.38,1235.24,1209.51,1229.26,1828814,60.5009933852,60.2583676521,61.2423221139,36576280,0.0,1.0
16-08-2018,1206.49,1226.0,1202.55,1224.73,1343161,60.1079098052,59.9116171177,61.0166353437,26863220,0.0,1.0
17-08-2018,1200.96,1209.02,1188.24,1202.03,1389645,59.8324025559,59.198686062,59.8857104685,27792900,0.0,1.0
20-08-2018,1207.77,1211.0,1194.626,1205.02,870772,60.1716800185,59.5168396414,60.034673701,17415440,0.0,1.0
21-08-2018,1201.62,1217.26,1200.354,1208.0,1205580,59.8652840721,59.8022113456,60.1831387287,24111600,0.0,1.0
22-08-2018,1207.33,1211.84,1199.0,1200.0,887389,60.1497590077,59.7347544169,59.784574896,17747780,0.0,1.0
23-08-2018,1205.38,1221.28,1204.24,1207.14,992604,60.0526090735,59.9958137273,60.1402931166,19852080,0.0,1.0
24-08-2018,1220.65,1221.65,1206.359,1208.82,946840,60.813367789,60.1013833225,60.2239915215,18936800,0.0,1.0
27-08-2018,1241.82,1243.09,1225.716,1227.6,1156255,61.8680673311,61.065758336,61.1596201186,23125100,0.0,1.0
28-08-2018,1231.15,1242.545,1228.69,1241.29,1304007,61.3364828194,61.2139244408,61.8416624772,26080140,0.0,1.0
29-08-2018,1249.3,1250.66,1236.359,1237.45,1309312,62.2407245147,61.5959976949,61.6503518376,26186240,0.0,1.0
30-08-2018,1239.12,1253.635,1232.59,1244.23,1331439,61.7335520376,61.4082243092,61.9881346857,26628780,0.0,1.0
31-08-2018,1218.19,1238.66,1211.285,1234.98,1816426,60.6908094105,60.3467990024,61.5272952542,36328520,0.0,1.0
04-09-2018,1197.0,1212.99,1192.5,1204.27,1831045,59.6351134588,59.4109213029,59.9973083417,36620900,0.0,1.0
05-09-2018,1186.48,1199.01,1162.0,1193.8,2061309,59.1110020189,57.891396691,59.4756879257,41226180,0.0,1.0
06-09-2018,1171.44,1186.3,1152.0,1186.3,1888467,58.3617020135,57.3931919002,59.1020343326,37769340,0.0,1.0
07-09-2018,1164.83,1175.26,1157.215,1158.67,1401404,58.0323886468,57.6530056986,57.7254944956,28028080,0.0,1.0
10-09-2018,1164.64,1174.54,1160.11,1172.19,1115796,58.0229227557,57.7972359855,58.3990673728,22315920,0.0,1.0
11-09-2018,1177.36,1178.68,1156.24,1161.63,1209565,58.6566392496,57.6044307315,57.8729631137,24191300,0.0,1.0
12-09-2018,1162.82,1178.61,1158.36,1172.72,1295472,57.9322494838,57.7100501471,58.4254722267,25909440,0.0,1.0
13-09-2018,1175.33,1178.61,1162.85,1170.74,1431214,58.5555036771,57.9337440982,58.3268276781,28624280,0.0,1.0
14-09-2018,1172.53,1180.425,1168.33,1179.1,943978,58.4160063357,58.2067603236,58.7433268832,18879560,0.0,1.0
17-09-2018,1156.05,1177.24,1154.03,1170.14,1306522,57.5949648405,57.4943274727,58.2969353907,26130440,0.0,1.0
18-09-2018,1161.22,1176.08,1157.09,1157.09,1203686,57.8525367173,57.6467781387,57.6467781387,24073720,0.0,1.0
19-09-2018,1171.09,1173.21,1154.58,1164.98,1191386,58.3442648458,57.5217287362,58.0398617186,23827720,0.0,1.0
20-09-2018,1186.87,1189.89,1173.36,1179.99,1225387,59.1304320057,58.4573573333,58.7876671096,24507740,0.0,1.0
21-09-2018,1166.09,1192.21,1166.04,1192.0,4405584,58.0951624504,58.0926714265,59.3860110634,88111680,0.0,1.0
24-09-2018,1173.37,1178.0,1146.91,1157.17,1271017,58.4578555381,57.1396056617,57.650763777,25420340,0.0,1.0
25-09-2018,1184.65,1186.88,1168.0,1176.15,977731,59.0198305421,58.1903195655,58.59635647,19554620,0.0,1.0
26-09-2018,1180.49,1194.23,1174.765,1185.15,1462253,58.8125773492,58.5273551064,59.0447407817,29245060,0.0,1.0
27-09-2018,1194.64,1202.1,1183.63,1186.73,1260754,59.5175371281,58.9690136535,59.1234571386,25215080,0.0,1.0
28-09-2018,1193.47,1195.41,1184.5,1191.87,1380629,59.4592471676,59.0123574703,59.3795344011,27612580,0.0,1.0
01-10-2018,1195.31,1209.9,1190.3,1199.89,1357604,59.5509168491,59.3013162489,59.7790946433,27152080,0.0,1.0
02-10-2018,1200.11,1209.96,1186.63,1190.96,1687914,59.7900551487,59.1184750907,59.3341977651,33758280,0.0,1.0
03-10-2018,1202.95,1206.41,1193.83,1205.0,1256214,59.9315453093,59.4771825401,60.0336772914,25124280,0.0,1.0
04-10-2018,1168.19,1197.51,1155.576,1195.33,2209490,58.1997854565,57.5713499334,59.5519132587,44189800,0.0,1.0
05-10-2018,1157.35,1173.5,1145.12,1167.5,1184452,57.6597314633,57.0504270041,58.1654093259,23689040,0.0,1.0
08-10-2018,1148.97,1168.0,1127.364,1150.11,1932355,57.2422358486,56.1658145776,57.2990311947,38647100,0.0,1.0
09-10-2018,1138.82,1154.35,1137.572,1146.15,1308764,56.7365579859,56.674382028,57.1017420976,26175280,0.0,1.0
10-10-2018,1081.22,1132.17,1081.13,1131.08,2675742,53.8668983909,53.8624145478,56.3509474778,53514840,0.0,1.0
11-10-2018,1079.32,1106.4,1068.27,1072.94,2950120,53.7722394806,53.2217231868,53.4543848241,59002400,0.0,1.0
12-10-2018,1110.08,1115.0,1086.402,1108.0,2101303,55.3047174171,54.1250681135,55.2010908207,42026060,0.0,1.0
15-10-2018,1092.25,1113.446,1089.0,1108.91,1372393,54.4164182751,54.2545017181,55.2464274566,27447860,0.0,1.0
16-10-2018,1121.28,1124.22,1102.5,1104.59,1928540,55.8627067828,54.9270781857,55.031202987,38570800,0.0,1.0
17-10-2018,1115.69,1128.99,1102.19,1126.46,1467226,55.5842103048,54.9116338372,56.1207768645,29344520,0.0,1.0
18-10-2018,1087.97,1121.84,1077.09,1121.84,2094524,54.2031866247,53.6611398123,55.8906062511,41890480,0.0,1.0
19-10-2018,1096.46,1110.36,1087.75,1093.37,1267649,54.6261624921,54.1922261193,54.4722172117,25352980,0.0,1.0
22-10-2018,1101.16,1112.23,1091.0,1103.06,1514220,54.8603187437,54.3541426763,54.954977654,30284400,0.0,1.0
23-10-2018,1103.69,1107.89,1070.0,1080.89,1848654,54.9863645558,53.3079126156,53.8504576328,36973080,0.0,1.0
24-10-2018,1050.71,1106.12,1048.74,1104.25,1982430,52.3468755742,52.2487292304,55.0142640241,39648600,0.0,1.0
25-10-2018,1095.57,1110.98,1069.55,1071.79,2545839,54.5818222657,53.2854934,53.3970912732,50916780,0.0,1.0
26-10-2018,1071.47,1106.53,1034.09,1037.03,4187586,53.3811487199,51.5188592119,51.6653314203,83751720,0.0,1.0
29-10-2018,1020.08,1097.04,995.83,1082.47,3880723,50.8208742999,49.6127276823,53.9291739897,77614460,0.0,1.0
30-10-2018,1036.21,1037.49,1000.75,1008.46,3212657,51.6244786275,49.8578444393,50.241960333,64253140,0.0,1.0
31-10-2018,1076.77,1091.94,1057.0,1059.81,2529768,53.645197259,52.6602463876,52.8002419338,50595360,0.0,1.0
01-11-2018,1070.0,1083.975,1062.46,1075.8,1481979,53.3079126156,52.9322662034,53.5968713943,29639580,0.0,1.0
02-11-2018,1057.79,1082.975,1054.61,1073.73,1839043,52.699604566,52.5411754426,53.4937430026,36780860,0.0,1.0
05-11-2018,1040.09,1058.47,1021.24,1055.0,2441430,51.8177820863,50.8786660557,52.5606054294,48828600,0.0,1.0
06-11-2018,1055.81,1064.345,1038.07,1039.48,1233306,52.6009600175,51.7171447186,51.7873915941,24666120,0.0,1.0
07-11-2018,1093.39,1095.46,1065.9,1069.0,2058356,54.4732136213,53.1036486514,53.2580921365,41167120,0.0,1.0
08-11-2018,1082.4,1093.27,1072.205,1091.38,1488182,53.9256865562,53.417766772,54.3730744583,29763640,0.0,1.0
09-11-2018,1066.15,1075.56,1053.11,1073.99,1343313,53.1161037712,52.466444724,53.5066963271,26866260,0.0,1.0
12-11-2018,1038.63,1062.12,1031.0,1061.39,1471758,51.7450441869,51.3649139315,52.8789582907,29435160,0.0,1.0
13-11-2018,1036.05,1056.605,1031.15,1043.29,1513702,51.6165073508,51.3723870034,51.9772076194,30274040,0.0,1.0
14-11-2018,1043.66,1054.564,1031.0,1050.0,1565945,51.9956411966,51.3649139315,52.311503034,31318900,0.0,1.0
15-11-2018,1064.71,1071.85,1031.78,1044.71,1836084,53.0443622813,51.4037739052,52.0479526997,36721680,0.0,1.0
16-11-2018,1061.49,1067.0,1048.98,1059.41,1658116,52.8839403386,52.2606861454,52.7803137422,33162320,0.0,1.0
19-11-2018,1020.0,1060.79,1016.26,1057.2,1858614,50.8168886616,50.6305600699,52.6702104834,37172280,0.0,1.0
20-11-2018,1025.76,1031.74,996.02,1000.0,2449130,51.1038546211,49.6221935733,49.82047908,48982600,0.0,1.0
21-11-2018,1037.61,1048.56,1033.47,1036.76,1534274,51.6942272982,51.4879705148,51.651879891,30685480,0.0,1.0
23-11-2018,1023.88,1037.59,1022.4,1030.0,691462,51.0101921204,50.9364578114,51.3150934524,13829240,0.0,1.0
26-11-2018,1048.62,1049.31,1033.91,1038.35,1942822,52.2427507729,51.5098915256,51.7310944527,38856440,0.0,1.0
27-11-2018,1044.41,1057.58,1038.49,1041.0,1803164,52.033006556,51.7380693198,51.8631187223,36063280,0.0,1.0
28-11-2018,1086.23,1086.84,1035.76,1048.76,2475419,54.1164989911,51.6020594119,52.24972564,49508380,0.0,1.0
29-11-2018,1088.3,1094.245,1076.0,1076.08,1468859,54.2196273828,53.6068354901,53.6108211284,29377180,0.0,1.0
30-11-2018,1094.43,1095.57,1077.88,1089.07,2580612,54.5250269195,53.7004979908,54.2579891517,51612240,0.0,1.0
03-12-2018,1106.43,1124.65,1103.665,1123.14,1990758,55.1228726685,54.9851190438,55.9553728739,39815160,0.0,1.0
04-12-2018,1050.82,1104.42,1049.98,1103.12,2345166,52.3523558269,52.3105066244,54.9579668827,46903320,0.0,1.0
06-12-2018,1068.73,1071.2,1030.77,1034.26,2769225,53.2446406072,51.3534552213,51.5273286933,55384500,0.0,1.0
07-12-2018,1036.58,1075.26,1028.5,1060.01,2101206,51.6429122048,51.2403627338,52.8102060296,42024120,0.0,1.0
10-12-2018,1039.55,1048.45,1023.29,1035.05,1807725,51.7908790276,50.9807980378,51.5666868718,36154500,0.0,1.0
11-12-2018,1051.75,1060.6,1039.84,1056.49,1394731,52.3986888724,51.8053269666,52.6348379432,27894620,0.0,1.0
12-12-2018,1063.68,1081.65,1062.79,1068.0,1523804,52.9930471878,52.9487069614,53.2082716575,30476080,0.0,1.0
13-12-2018,1061.9,1079.76,1053.93,1068.07,1329768,52.9043667351,52.5072975168,53.211759091,26595360,0.0,1.0
14-12-2018,1042.1,1062.6,1040.79,1049.98,1686619,51.9179212493,51.8526564217,52.3105066244,33732380,0.0,1.0
17-12-2018,1016.53,1053.15,1007.9,1037.51,2385364,50.6440115992,50.2140608647,51.6892452503,47707280,0.0,1.0
18-12-2018,1028.71,1049.48,1021.44,1026.09,2192533,51.2508250344,50.8886301515,51.1202953792,43850660,0.0,1.0
19-12-2018,1023.01,1062.0,1008.05,1033.99,2479338,50.9668483036,50.2215339366,51.5138771639,49586760,0.0,1.0
20-12-2018,1009.41,1034.22,996.36,1018.13,2673464,50.2892897882,49.6391325362,50.7237243657,53469280,0.0,1.0
21-12-2018,979.54,1024.02,973.69,1015.3,4595891,48.801152078,48.5097022754,50.5827324099,91917820,0.0,1.0
24-12-2018,976.22,1003.54,970.11,973.9,1590328,48.6357480875,48.3313449603,48.520164576,31806560,0.0,1.0
26-12-2018,1039.46,1040.0,983.0,989.01,2373270,51.7863951845,48.9735309357,49.2729520149,47465400,0.0,1.0
27-12-2018,1043.88,1043.89,997.0,1017.15,2109777,52.006601702,49.6710176428,50.6749002962,42195540,0.0,1.0
28-12-2018,1037.08,1055.56,1033.1,1049.62,1413772,51.6678224443,51.4695369376,52.292571252,28275440,0.0,1.0
31-12-2018,1035.61,1052.7,1023.59,1050.96,1493722,51.5945863401,50.9957441815,52.3593306939,29874440,0.0,1.0
02-01-2019,1045.85,1052.32,1015.71,1016.57,1532608,52.1047480458,50.6031588064,50.6460044184,30652160,0.0,1.0
03-01-2019,1016.06,1056.98,1014.07,1041.0,1841066,50.620595974,50.5214532207,51.8631187223,36821320,0.0,1.0
04-01-2019,1070.71,1070.84,1027.418,1032.59,2093894,53.3432851558,51.1864569754,51.4441284932,41877880,0.0,1.0
07-01-2019,1068.39,1074.0,1054.76,1071.5,1981874,53.2277016443,52.5486485144,53.3826433342,39637480,0.0,1.0
08-01-2019,1076.28,1084.56,1060.53,1076.11,1765267,53.6207852242,52.8361126787,53.6123157428,35305340,0.0,1.0
09-01-2019,1074.66,1082.63,1066.4,1081.65,1199272,53.5400760481,53.1285588909,53.8883211969,23985440,0.0,1.0
10-01-2019,1070.33,1071.15,1057.71,1067.66,1456421,53.3243533737,52.6956189277,53.1913326946,29128420,0.0,1.0
11-01-2019,1057.19,1063.775,1048.48,1063.18,1520756,52.6697122786,52.2357759058,52.9681369483,30415120,0.0,1.0
14-01-2019,1044.69,1051.53,1041.255,1046.92,1144263,52.0469562901,51.8758229445,52.1580559584,22885260,0.0,1.0
15-01-2019,1077.15,1080.05,1047.34,1050.17,1463570,53.664129041,52.1789805597,52.3199725155,29271400,0.0,1.0
16-01-2019,1080.97,1092.375,1079.34,1080.0,1331819,53.8544432711,53.7732358902,53.8061174064,26636380,0.0,1.0
17-01-2019,1089.9,1091.8,1073.5,1079.47,1242664,54.2993401493,53.4822842924,53.7797125525,24853280,0.0,1.0
18-01-2019,1098.26,1108.352,1090.9,1100.0,1955559,54.7158393544,54.3491606284,54.802526988,39111180,0.0,1.0
22-01-2019,1070.52,1091.51,1063.47,1088.0,1613527,53.3338192647,52.9825848872,54.2046812391,32270540,0.0,1.0
23-01-2019,1075.57,1084.93,1059.75,1077.35,966956,53.5854126841,52.797252705,53.6740931369,19339120,0.0,1.0
24-01-2019,1073.9,1079.475,1060.7,1076.48,1361673,53.502212484,52.8445821602,53.6307493201,27233460,0.0,1.0
25-01-2019,1090.99,1094.0,1081.82,1085.0,1119216,54.3536444715,53.8967906783,54.0552198018,22384320,0.0,1.0
28-01-2019,1070.08,1083.0,1063.8,1080.11,1284281,53.3118982539,52.9990256453,53.8115976591,25685620,0.0,1.0
29-01-2019,1060.62,1075.15,1055.865,1072.68,1021819,52.8405965218,52.6037001438,53.4414314995,20436380,0.0,1.0
30-01-2019,1089.06,1091.0,1066.85,1068.43,1279822,54.2574909469,53.1509781065,53.2296944635,25596440,0.0,1.0
31-01-2019,1116.37,1117.33,1095.41,1103.0,1538324,55.6180882306,54.573850989,54.9519884253,30766480,0.0,1.0
01-02-2019,1110.75,1125.0,1104.89,1112.4,1462208,55.3380971381,55.0461491307,55.4203009286,29244160,0.0,1.0
04-02-2019,1132.8,1132.8,1109.02,1112.66,2576470,56.4366387018,55.2519077093,55.4332542532,51529400,0.0,1.0
05-02-2019,1145.99,1146.85,1117.248,1124.84,3552194,57.0937708209,55.6618306112,56.0400676884,71043880,0.0,1.0
06-02-2019,1115.23,1147.0,1112.77,1139.57,2105592,55.5612928844,55.4387345059,56.7739233452,42111840,0.0,1.0
07-02-2019,1098.71,1104.84,1086.0,1104.16,2044827,54.73825857,54.1050402809,55.009780181,40896540,0.0,1.0
08-02-2019,1095.06,1098.91,1086.55,1087.0,1075769,54.5564138214,54.1324415444,54.15486076,21515380,0.0,1.0
11-02-2019,1095.01,1105.945,1092.86,1096.95,1065194,54.5539227974,54.4468087674,54.6505745268,21303880,0.0,1.0
12-02-2019,1121.37,1125.295,1105.85,1106.8,1609513,55.867190626,55.0939767906,55.1413062458,32190260,0.0,1.0
13-02-2019,1120.16,1134.73,1118.5,1124.99,1049781,55.8069078463,55.724205851,56.0475407602,20995620,0.0,1.0
14-02-2019,1121.67,1128.23,1110.445,1118.05,947632,55.8821367697,55.322901892,55.7017866354,18952640,0.0,1.0
15-02-2019,1113.65,1131.67,1110.65,1130.08,1449830,55.4825765275,55.3331150902,56.3011269987,28996600,0.0,1.0
19-02-2019,1118.56,1121.89,1110.0,1110.0,1046628,55.7271950797,55.3007317788,55.3007317788,20932560,0.0,1.0
20-02-2019,1113.8,1123.41,1105.28,1119.99,1087817,55.4900495993,55.0655791176,55.7984383648,21756340,0.0,1.0
21-02-2019,1096.97,1111.94,1092.52,1110.84,1415473,54.6515709364,54.4298698045,55.3425809812,28309460,0.0,1.0
22-02-2019,1110.37,1111.24,1095.6,1100.9,1049545,55.3191653561,54.5833168801,54.8473654192,20990900,0.0,1.0
25-02-2019,1109.4,1118.54,1107.27,1116.0,1413061,55.2708394914,55.1647218709,55.5996546533,28261220,0.0,1.0
26-02-2019,1115.13,1119.51,1099.92,1105.75,1471743,55.5563108365,54.7985413497,55.0889947427,29434860,0.0,1.0
27-02-2019,1116.05,1117.98,1101.0,1106.95,968760,55.6021456772,54.8523474671,55.1487793176,19375200,0.0,1.0
28-02-2019,1119.92,1127.65,1111.01,1111.3,1542609,55.7949509313,55.3510504627,55.3654984016,30852180,0.0,1.0
01-03-2019,1140.99,1142.97,1124.75,1124.9,1450316,56.8446684255,56.0355838452,56.0430569171,29006320,0.0,1.0
04-03-2019,1147.8,1158.28,1130.69,1146.99,1446047,57.183945888,56.331517491,57.1435913,28920940,0.0,1.0
05-03-2019,1162.03,1169.61,1146.195,1150.06,1443174,57.8928913053,57.1039840191,57.2965401708,28863480,0.0,1.0
06-03-2019,1157.86,1167.566,1155.49,1162.49,1099289,57.6851399076,57.5670653722,57.9158087257,21985780,0.0,1.0
07-03-2019,1143.3,1156.755,1134.91,1155.72,1166559,56.9597537322,56.5417599127,57.5785240824,23331180,0.0,1.0
08-03-2019,1142.32,1147.08,1123.3,1126.73,1212489,56.9109296627,55.9633441506,56.1342283938,24249780,0.0,1.0
11-03-2019,1175.76,1176.19,1144.45,1144.45,1719192,58.5769264831,57.0170472831,57.0170472831,34383840,0.0,1.0
12-03-2019,1193.2,1200.0,1178.26,1178.26,2013115,59.4457956383,58.7014776808,58.7014776808,40262300,0.0,1.0
13-03-2019,1193.32,1200.93,1191.94,1200.645,1435936,59.4517740958,59.3830218346,59.816709105,28718720,0.0,1.0
14-03-2019,1185.55,1197.88,1184.48,1194.51,1172815,59.0646689733,59.0113610607,59.5110604659,23456300,0.0,1.0
15-03-2019,1184.46,1196.57,1182.61,1193.38,2459957,59.0103646511,58.9181967648,59.4547633245,49199140,0.0,1.0
18-03-2019,1184.26,1190.0,1177.421,1183.3,1292633,59.0004005553,58.6596782989,58.9525728954,25852660,0.0,1.0
19-03-2019,1198.85,1200.0,1185.87,1188.81,1520688,59.7272813451,59.0806115266,59.2270837351,30413760,0.0,1.0
20-03-2019,1223.97,1227.14,1196.17,1197.35,2227786,60.9787717796,59.5937624611,59.6525506265,44555720,0.0,1.0
21-03-2019,1231.54,1231.79,1213.15,1216.0,1204045,61.3559128062,60.4397141959,60.5817025613,24080900,0.0,1.0
22-03-2019,1205.5,1230.0,1202.825,1226.32,1714247,60.058587531,59.9253177494,61.0958499054,34284940,0.0,1.0
25-03-2019,1193.0,1206.398,1187.04,1196.93,1496843,59.4358315425,59.1389014871,59.6316260252,29936860,0.0,1.0
26-03-2019,1184.62,1202.83,1176.72,1198.53,1901156,59.0183359278,58.624754143,59.7113387918,38023120,0.0,1.0
27-03-2019,1173.02,1187.559,1159.37,1185.5,1400240,58.4404183704,57.760368831,59.0621779494,28004800,0.0,1.0
28-03-2019,1168.49,1171.565,1159.431,1171.54,1012430,58.2147316002,57.7634078802,58.3666840614,20248600,0.0,1.0
29-03-2019,1173.31,1178.99,1162.88,1174.9,1269979,58.4548663094,57.9352387126,58.5340808711,25399580,0.0,1.0
01-04-2019,1194.43,1196.66,1182.0,1184.1,1252757,59.5070748275,58.8878062726,58.9924292786,25055140,0.0,1.0
02-04-2019,1200.49,1201.35,1185.71,1195.32,827973,59.8089869308,59.07264025,59.5514150539,16559460,0.0,1.0
03-04-2019,1205.92,1216.3,1200.5,1207.48,1017838,60.0795121322,59.8094851356,60.1572320795,20356760,0.0,1.0
04-04-2019,1215.0,1215.67,1204.13,1205.94,950747,60.5318820822,59.9903334746,60.0805085418,19014940,0.0,1.0
05-04-2019,1207.15,1216.22,1205.03,1214.99,907152,60.1407913214,60.0351719058,60.5313838774,18143040,0.0,1.0
08-04-2019,1203.84,1208.69,1199.86,1207.89,860363,59.9758855357,59.7776000289,60.177658476,17207260,0.0,1.0
09-04-2019,1197.25,1202.29,1193.08,1196.0,876381,59.6475685785,59.4398171808,59.5852929797,17527620,0.0,1.0
10-04-2019,1202.16,1203.785,1196.435,1200.68,724643,59.8921871308,59.6069648881,59.8184528218,14492860,0.0,1.0
11-04-2019,1204.62,1207.96,1200.13,1203.96,710231,60.0147455094,59.7910515583,59.9818639932,14204620,0.0,1.0
12-04-2019,1217.87,1218.35,1208.11,1210.0,933794,60.6748668572,60.1886189814,60.2827796868,18675880,0.0,1.0
15-04-2019,1221.1,1224.2,1209.11,1218.0,1187519,60.8357870046,60.2384394604,60.6813435195,23750380,0.0,1.0
16-04-2019,1227.13,1230.82,1220.12,1225.0,856304,61.1362044935,60.7869629351,61.030086873,17126080,0.0,1.0
17-04-2019,1236.34,1240.56,1227.82,1233.0,1221930,61.5950511058,61.170580624,61.4286507057,24438600,0.0,1.0
18-04-2019,1236.37,1242.0,1234.61,1239.18,1331823,61.5965457202,61.508861677,61.7365412664,26636460,0.0,1.0
22-04-2019,1248.84,1249.09,1228.31,1235.99,807334,62.2178070943,61.1949926588,61.5776139381,16146680,0.0,1.0
23-04-2019,1264.55,1269.0,1246.38,1250.69,1319910,63.0004868206,62.0952487157,62.3099749806,26398200,0.0,1.0
24-04-2019,1256.0,1268.01,1255.0,1264.12,1018753,62.5745217245,62.5247012454,62.9790640146,20375060,0.0,1.0
25-04-2019,1263.45,1267.408,1252.03,1264.77,1107295,62.9456842936,62.3767344226,63.011447326,22145900,0.0,1.0
26-04-2019,1272.18,1273.07,1260.32,1269.0,1241428,63.380617076,62.7897461941,63.2221879525,24828560,0.0,1.0
29-04-2019,1287.58,1289.27,1266.295,1274.0,2499432,64.1478524538,63.0874235566,63.4712903479,49988640,0.0,1.0
30-04-2019,1188.48,1192.81,1175.0,1185.0,6207027,59.210642977,58.539062919,59.0372677098,124140540,0.0,1.0
01-05-2019,1168.08,1188.05,1167.18,1188.05,2642983,58.1943052038,58.1494667726,59.189220171,52859660,0.0,1.0
02-05-2019,1162.61,1174.19,1155.002,1167.76,1944817,57.9217871832,57.5427529784,58.1783626505,38896340,0.0,1.0
03-05-2019,1185.4,1186.8,1169.0,1173.65,1980653,59.0571959014,58.2401400445,58.4718052723,39613060,0.0,1.0
06-05-2019,1189.39,1190.85,1166.26,1166.26,1563943,59.255979613,58.1036319319,58.1036319319,31278860,0.0,1.0
07-05-2019,1174.1,1190.44,1161.04,1180.47,1551368,58.4942244878,57.8435690311,58.8115809396,31027360,0.0,1.0
08-05-2019,1166.27,1180.424,1165.74,1172.01,1309514,58.1041301366,58.0777252827,58.3900996866,26190280,0.0,1.0
09-05-2019,1162.38,1169.66,1150.85,1159.03,1185973,57.910328473,57.3358983492,57.7434298681,23719460,0.0,1.0
10-05-2019,1164.27,1172.6,1142.5,1163.59,1314546,58.0044891785,56.9198973489,57.9706112527,26290920,0.0,1.0
13-05-2019,1132.03,1147.94,1122.11,1141.96,1860648,56.3982769329,55.9040577805,56.8929942902,37212960,0.0,1.0
14-05-2019,1120.44,1140.42,1119.55,1137.21,1836604,55.8208575804,55.776517354,56.6563470146,36732080,0.0,1.0
15-05-2019,1164.21,1171.33,1116.666,1117.87,2289302,58.0014999497,55.6328350924,55.6928189492,45786040,0.0,1.0
16-05-2019,1178.98,1188.16,1162.84,1164.51,1531404,58.7373484258,57.9332458934,58.0164460935,30628080,0.0,1.0
17-05-2019,1162.3,1180.15,1160.01,1168.47,1208623,57.9063428347,57.7922539376,58.2137351906,24172460,0.0,1.0
20-05-2019,1138.85,1146.797,1131.443,1144.5,1353292,56.7380526003,56.3690323117,57.0195383071,27065840,0.0,1.0
21-05-2019,1149.63,1152.708,1137.94,1148.49,1160158,57.2751173648,56.6927159643,57.2183220186,23203160,0.0,1.0
22-05-2019,1151.42,1158.52,1145.89,1146.75,914839,57.3642960223,57.088788773,57.131634385,18296780,0.0,1.0
23-05-2019,1140.77,1145.973,1129.224,1140.5,1199300,56.8337079201,56.2584806686,56.8202563908,23986000,0.0,1.0
24-05-2019,1133.47,1149.765,1131.66,1147.36,1112341,56.4700184228,56.3798433557,57.1620248772,22246820,0.0,1.0
28-05-2019,1134.15,1151.587,1133.12,1134.0,1365166,56.5038963486,56.4525812551,56.4964232767,27303320,0.0,1.0
29-05-2019,1116.46,1129.1,1108.22,1127.52,1538212,55.6225720737,55.2120513261,56.1735865723,30764240,0.0,1.0
30-05-2019,1117.95,1123.13,1112.12,1115.54,951873,55.6968045875,55.4063511945,55.5767372329,19037460,0.0,1.0
31-05-2019,1103.63,1109.6,1100.18,1101.29,1508203,54.9833753271,54.8114946742,54.866795406,30164060,0.0,1.0
03-06-2019,1036.23,1065.5,1025.0,1065.5,5130576,51.6254750371,51.065991057,53.0837204598,102611520,0.0,1.0
04-06-2019,1053.05,1056.05,1033.69,1042.9,2833483,52.4634554952,51.4989310202,51.9577776325,56669660,0.0,1.0
05-06-2019,1042.22,1053.55,1030.49,1051.54,2168439,51.9238997068,51.3395054872,52.3882265718,43368780,0.0,1.0
06-06-2019,1044.34,1047.49,1033.7,1044.99,1703244,52.0295191224,51.499429225,52.0619024338,34064880,0.0,1.0
07-06-2019,1066.04,1070.92,1048.4,1050.63,1802370,53.1106235185,52.2317902675,52.3428899358,36047400,0.0,1.0
10-06-2019,1080.38,1092.66,1072.322,1072.98,1464248,53.8250491885,53.423595768,53.4563776433,29284960,0.0,1.0
11-06-2019,1078.72,1101.99,1077.603,1093.98,1437063,53.7423471932,53.6866977181,54.502607704,28741260,0.0,1.0
12-06-2019,1077.03,1080.93,1067.54,1078.0,1061255,53.6581505835,53.1853542371,53.7064764483,21225100,0.0,1.0
13-06-2019,1088.77,1094.17,1080.15,1083.64,1058000,54.2430430079,53.8135904783,53.9874639503,21160000,0.0,1.0
14-06-2019,1085.35,1092.69,1080.172,1086.42,1111643,54.0726569695,53.8146865288,54.1259648821,22232860,0.0,1.0
17-06-2019,1092.5,1099.18,1086.28,1086.28,941602,54.4288733949,54.118990015,54.118990015,18832040,0.0,1.0
18-06-2019,1103.6,1116.39,1098.99,1109.69,1386684,54.9818807127,54.7522083041,55.2852874303,27733680,0.0,1.0
19-06-2019,1102.33,1107.0,1093.48,1105.6,1339218,54.9186087043,54.4776974644,55.0815216709,26784360,0.0,1.0
20-06-2019,1111.42,1120.12,1104.74,1119.99,1262011,55.3714768591,55.0386760589,55.7984383648,25240220,0.0,1.0
21-06-2019,1121.88,1124.11,1108.08,1109.24,1947591,55.8925990703,55.205076459,55.2628682147,38951820,0.0,1.0
24-06-2019,1115.52,1122.0,1111.01,1119.61,1395696,55.5757408233,55.3510504627,55.7795065828,27913920,0.0,1.0
25-06-2019,1086.35,1114.35,1083.8,1112.66,1546913,54.1224774486,53.9954352269,55.4332542532,30938260,0.0,1.0
26-06-2019,1079.8,1092.97,1072.24,1086.5,1810869,53.7961533106,53.4195104888,54.1299505204,36217380,0.0,1.0
27-06-2019,1076.01,1087.1,1075.29,1084.0,1004477,53.6073336949,53.5714629499,54.0053993227,20089540,0.0,1.0
28-06-2019,1080.91,1081.0,1073.37,1076.39,1693450,53.8514540424,53.4758076301,53.6262654769,33869000,0.0,1.0
01-07-2019,1097.95,1107.58,1093.703,1098.0,1438504,54.7003950059,54.4888074312,54.7028860299,28770080,0.0,1.0
02-07-2019,1111.25,1111.77,1098.17,1102.24,991755,55.3630073777,54.7113555113,54.9141248612,19835100,0.0,1.0
03-07-2019,1121.58,1126.76,1113.86,1117.41,767011,55.8776529266,55.4930388281,55.6699015288,15340220,0.0,1.0
05-07-2019,1131.59,1132.88,1116.14,1117.8,1264540,56.3763559222,55.6066295204,55.6893315156,25290800,0.0,1.0
08-07-2019,1116.35,1125.98,1111.21,1125.17,1236419,55.617091821,55.3610145585,56.0565084465,24728380,0.0,1.0
09-07-2019,1124.83,1128.025,1107.17,1111.8,1330370,56.0395694836,55.159739823,55.3904086412,26607400,0.0,1.0
10-07-2019,1140.48,1142.05,1130.97,1131.22,1209466,56.8192599812,56.3454672251,56.3579223449,24189320,0.0,1.0
11-07-2019,1144.21,1153.07,1139.58,1143.25,1195569,57.0050903681,56.77442155,56.9572627082,23911380,0.0,1.0
12-07-2019,1144.9,1147.34,1138.78,1143.99,863973,57.0394664987,56.7345651667,56.9941298627,17279460,0.0,1.0
15-07-2019,1150.34,1150.82,1139.4,1146.86,903780,57.3104899049,56.7654538638,57.1371146377,18075600,0.0,1.0
16-07-2019,1153.58,1158.58,1145.0,1146.0,1238807,57.4719082571,57.0444485466,57.0942690257,24776140,0.0,1.0
17-07-2019,1146.35,1158.36,1145.77,1150.97,1170047,57.1117061934,57.0828103155,57.3418768067,23400940,0.0,1.0
18-07-2019,1146.33,1147.605,1132.73,1141.74,1291281,57.1107097838,56.4331512683,56.8820337848,25825620,0.0,1.0
19-07-2019,1130.1,1151.14,1129.62,1148.19,1647245,56.3021234083,56.2782095784,57.2033758749,32944900,0.0,1.0
22-07-2019,1138.07,1139.25,1124.24,1133.45,1301846,56.6991926266,56.0101754009,56.4690220132,26036920,0.0,1.0
23-07-2019,1146.21,1146.9,1131.8,1144.0,1093688,57.1047313263,56.3868182228,56.9946280675,21873760,0.0,1.0
24-07-2019,1137.81,1144.0,1126.99,1131.9,1590101,56.686239302,56.1471817184,56.3918002707,31802020,0.0,1.0
25-07-2019,1132.12,1141.7,1120.92,1137.82,2209881,56.4027607761,55.8447714104,56.6867375068,44197620,0.0,1.0
26-07-2019,1250.41,1265.55,1224.0,1224.04,4805752,62.2960252464,60.9802663939,60.9822592131,96115040,0.0,1.0
29-07-2019,1239.41,1247.37,1228.23,1241.05,2223731,61.7479999766,61.1910070204,61.8297055623,44474620,0.0,1.0
30-07-2019,1225.14,1234.87,1223.3,1225.41,1453263,61.0370617401,60.9453920586,61.0505132694,29065260,0.0,1.0
31-07-2019,1216.68,1234.0,1207.764,1223.0,1725454,60.6155804871,60.1713810956,60.9304459149,34509080,0.0,1.0
01-08-2019,1209.01,1234.11,1205.72,1214.03,1698510,60.2334574125,60.0695480364,60.4835562175,33970200,0.0,1.0
02-08-2019,1193.99,1206.9,1188.94,1200.74,1645067,59.4851538167,59.2335603974,59.8214420505,32901340,0.0,1.0
05-08-2019,1152.32,1175.24,1140.14,1170.04,2597455,57.4091344535,56.8023210183,58.2919533428,51949100,0.0,1.0
06-08-2019,1169.95,1179.96,1160.0,1163.31,1709374,58.2874694997,57.7917557328,57.9566615186,34187480,0.0,1.0
07-08-2019,1173.99,1178.445,1149.624,1156.0,1444324,58.4887442351,57.2748184419,57.5924738165,28886480,0.0,1.0
08-08-2019,1204.8,1205.01,1173.02,1182.83,1467997,60.0237131956,58.4404183704,58.9291572702,29359940,0.0,1.0
09-08-2019,1188.01,1203.88,1183.603,1197.99,1065658,59.1872273518,58.9676685005,59.6844357331,21313160,0.0,1.0
12-08-2019,1174.71,1184.96,1167.672,1179.21,1003187,58.5246149801,58.1739784483,58.7488071359,20063740,0.0,1.0
13-08-2019,1197.27,1204.78,1171.46,1171.46,1318009,59.6485649881,58.3626984231,58.3626984231,26360180,0.0,1.0
14-08-2019,1164.29,1182.3,1160.54,1176.31,1578668,58.0054855881,57.8186587915,58.6043277466,31573360,0.0,1.0
15-08-2019,1167.26,1175.84,1162.11,1163.5,1224739,58.1534524109,57.8968769437,57.9661274096,24494780,0.0,1.0
16-08-2019,1177.6,1182.72,1171.81,1179.55,1349436,58.6685961646,58.3801355908,58.7657460988,26988720,0.0,1.0
19-08-2019,1198.45,1206.99,1190.09,1190.09,1232517,59.7073531534,59.2908539483,59.2908539483,24650340,0.0,1.0
20-08-2019,1182.69,1196.06,1182.11,1195.25,915605,58.9221824031,58.8932865253,59.5479276204,18312100,0.0,1.0
21-08-2019,1191.25,1199.0,1187.43,1193.15,741053,59.3486457041,59.158331474,59.4433046143,14821060,0.0,1.0
22-08-2019,1189.53,1198.012,1178.58,1194.07,947906,59.26295448,58.7174202341,59.4891394551,18958120,0.0,1.0
23-08-2019,1151.29,1194.08,1147.75,1181.99,1688271,57.35781936,57.1814548641,58.8873080678,33765420,0.0,1.0
26-08-2019,1168.89,1169.47,1152.96,1157.26,1226441,58.2346597918,57.4410195601,57.6552476201,24528820,0.0,1.0
27-08-2019,1167.84,1182.4,1161.45,1180.53,1077452,58.1823482888,57.8639954275,58.8145701683,21549040,0.0,1.0
28-08-2019,1171.02,1176.42,1157.3,1161.71,770915,58.3407774123,57.6572404393,57.876948752,15418300,0.0,1.0
29-08-2019,1192.85,1196.06,1181.12,1181.12,1088858,59.4283584706,58.843964251,58.843964251,21777160,0.0,1.0
30-08-2019,1188.1,1198.5,1183.803,1198.5,1129959,59.191711195,58.9776325964,59.7098441774,22599180,0.0,1.0
03-09-2019,1168.39,1186.89,1163.2,1177.03,1480420,58.2097495523,57.9511812659,58.6401984915,29608400,0.0,1.0
04-09-2019,1181.41,1183.48,1171.0,1176.71,1068968,58.8584121899,58.3397810027,58.6242559382,21379360,0.0,1.0
05-09-2019,1211.38,1213.04,1191.53,1191.53,1408601,60.3515319479,59.3625954382,59.3625954382,28172020,0.0,1.0
06-09-2019,1204.93,1212.015,1202.522,1208.13,1072143,60.0301898579,59.9102221443,60.1896153909,21442860,0.0,1.0
09-09-2019,1204.41,1220.0,1192.62,1204.0,1471880,60.0042832088,59.4168997604,59.9838568123,29437600,0.0,1.0
10-09-2019,1206.0,1210.0,1194.58,1195.15,1260115,60.0834977705,59.5145478994,59.5429455725,25202300,0.0,1.0
11-09-2019,1220.17,1222.6,1202.2,1203.41,1307033,60.7894539591,59.89417995,59.9544627297,26140660,0.0,1.0
12-09-2019,1234.25,1241.86,1223.02,1224.3,1725908,61.4909263045,60.9314423244,60.9952125377,34518160,0.0,1.0
13-09-2019,1239.56,1240.88,1227.01,1231.35,1301350,61.7554730484,61.130226036,61.3464469152,26027000,0.0,1.0
16-09-2019,1231.3,1239.56,1225.61,1229.52,1053299,61.3439558912,61.0604773653,61.2552754385,21065980,0.0,1.0
17-09-2019,1229.15,1235.0,1223.69,1230.4,958112,61.2368418612,60.9648220454,61.29911746,19162240,0.0,1.0
18-09-2019,1232.41,1235.61,1216.53,1227.51,1144333,61.399256623,60.6081074152,61.1551362755,22886660,0.0,1.0
19-09-2019,1238.71,1244.44,1232.02,1232.06,1000155,61.7131256412,61.3798266362,61.3818194553,20003100,0.0,1.0
20-09-2019,1229.93,1243.32,1223.08,1233.12,2337269,61.2757018349,60.9344315532,61.4346291631,46745380,0.0,1.0
23-09-2019,1234.03,1239.09,1224.17,1226.0,1075253,61.4799657991,60.9887358754,61.0799073521,21505060,0.0,1.0
24-09-2019,1218.76,1246.74,1210.68,1240.0,1591786,60.7192070836,60.3166576126,61.7773940592,31835720,0.0,1.0
25-09-2019,1246.52,1248.3,1210.09,1215.82,1593875,62.1022235828,60.2872635299,60.5727348751,31877500,0.0,1.0
26-09-2019,1241.39,1245.0,1232.268,1241.96,1561882,61.8466445251,61.392182115,61.8750421982,31237640,0.0,1.0
27-09-2019,1225.09,1244.02,1214.45,1243.01,1354432,61.0345707161,60.5044808187,61.9273537012,27088640,0.0,1.0
30-09-2019,1219.0,1226.0,1212.3,1220.97,1419676,60.7311639985,60.3973667887,60.8293103423,28393520,0.0,1.0
01-10-2019,1205.1,1231.23,1203.58,1219.0,1358279,60.0386593393,59.9629322111,60.7311639985,27165580,0.0,1.0
02-10-2019,1176.63,1196.98,1171.29,1196.98,1639237,58.6202702999,58.3542289416,59.6341170492,32784740,0.0,1.0
03-10-2019,1187.83,1189.06,1162.43,1180.0,1663656,59.1782596656,57.912819497,58.7881653144,33273120,0.0,1.0
04-10-2019,1209.0,1211.44,1189.17,1191.89,1183264,60.2329592077,59.2450191076,59.3805308107,23665280,0.0,1.0
07-10-2019,1207.68,1218.204,1203.75,1204.4,867149,60.1671961754,59.9714016926,60.003785004,17342980,0.0,1.0
08-10-2019,1189.13,1206.08,1189.01,1197.59,1141784,59.2430262884,59.2370478309,59.6645075414,22835680,0.0,1.0
09-10-2019,1202.31,1208.35,1197.63,1199.35,876632,59.8996602027,59.6665003606,59.7521915846,17532640,0.0,1.0
10-10-2019,1208.67,1215.0,1197.34,1198.58,932531,60.2165184496,59.6520524217,59.7138298157,18650620,0.0,1.0
11-10-2019,1215.45,1228.39,1213.74,1222.21,1277144,60.5543012978,60.4691082786,60.8910877364,25542880,0.0,1.0
14-10-2019,1217.14,1226.33,1211.76,1212.34,882039,60.6384979074,60.37046373,60.3993596079,17640780,0.0,1.0
15-10-2019,1243.01,1247.33,1220.4,1220.4,1395259,61.9273537012,60.8009126692,60.8009126692,27905180,0.0,1.0
16-10-2019,1243.64,1254.74,1238.45,1241.17,1168174,61.9587406031,61.7001723166,61.8356840197,23363480,0.0,1.0
17-10-2019,1253.07,1263.325,1249.94,1250.93,980510,62.4285477208,62.2726096213,62.3219318956,19610200,0.0,1.0
18-10-2019,1245.49,1258.89,1241.08,1253.46,1321924,62.0509084894,61.8312001766,62.4479777076,26438480,0.0,1.0
21-10-2019,1246.15,1254.629,1240.6,1252.26,1026750,62.0837900056,61.8072863467,62.3881931327,20535000,0.0,1.0
22-10-2019,1242.8,1250.6,1241.38,1247.85,1047851,61.9168914006,61.8461463203,62.16848482,20957020,0.0,1.0
23-10-2019,1259.13,1259.89,1242.36,1242.36,928595,62.730459824,61.8949703898,61.8949703898,18571900,0.0,1.0
24-10-2019,1260.99,1264.0,1253.715,1260.9,1039868,62.8231259151,62.4606819298,62.818642072,20797360,0.0,1.0
25-10-2019,1265.13,1269.6,1250.01,1251.03,1213051,63.0293826985,62.2760970548,62.3269139435,24261020,0.0,1.0
28-10-2019,1290.0,1299.31,1272.54,1275.45,2524976,64.2684180132,63.3985524485,63.5435300426,50499520,0.0,1.0
29-10-2019,1262.62,1281.59,1257.212,1276.23,1886380,62.904333296,62.6349041451,63.5823900163,37727600,0.0,1.0
30-10-2019,1261.29,1269.36,1252.0,1252.97,1408851,62.8380720588,62.3752398082,62.4235656729,28177020,0.0,1.0
31-10-2019,1260.11,1267.67,1250.843,1261.28,1455651,62.7792838935,62.3175975139,62.837573854,29113020,0.0,1.0
01-11-2019,1273.74,1274.62,1260.5,1265.0,1670072,63.4583370234,62.7987138804,63.0229060362,33401440,0.0,1.0
04-11-2019,1291.37,1294.13,1276.355,1276.45,1500964,64.3366720696,63.5886175762,63.5933505217,30019280,0.0,1.0
05-11-2019,1292.03,1298.93,1291.229,1292.89,1282711,64.3695535858,64.329647382,64.4123991978,25654220,0.0,1.0
06-11-2019,1291.8,1293.73,1282.5,1289.46,1152977,64.3580948756,63.8947644201,64.2415149545,23059540,0.0,1.0
07-11-2019,1308.86,1323.74,1294.245,1294.28,2029970,65.2080322487,64.4799059469,64.4816496637,40599400,0.0,1.0
08-11-2019,1311.37,1318.0,1304.365,1305.28,1251916,65.3330816512,64.9840891952,65.0296749336,25038320,0.0,1.0
11-11-2019,1299.19,1306.425,1297.41,1303.18,1012429,64.726268216,64.6375877632,64.9250519275,20248580,0.0,1.0
12-11-2019,1298.8,1310.0,1295.77,1300.0,1085859,64.7068382291,64.5558821775,64.766622804,21717180,0.0,1.0
13-11-2019,1298.0,1304.3,1293.51,1294.07,853861,64.6669818459,64.4432878948,64.4711873631,17077220,0.0,1.0
14-11-2019,1311.46,1317.0,1295.65,1297.5,1194305,65.3375654943,64.54990372,64.6420716063,23886100,0.0,1.0
15-11-2019,1334.87,1334.88,1314.28,1318.94,1782955,66.5038629095,65.4780592453,65.7102226778,35659100,0.0,1.0
18-11-2019,1320.7,1335.529,1317.5,1332.22,1488083,65.797906721,65.6384811879,66.37183864,29761660,0.0,1.0
19-11-2019,1315.46,1327.7,1312.8,1327.7,1269372,65.5368474106,65.4043249362,66.1466500745,25387440,0.0,1.0
20-11-2019,1303.05,1315.0,1291.15,1311.74,1309835,64.9185752652,64.3257115642,65.3515152284,26196700,0.0,1.0
21-11-2019,1301.35,1312.59,1293.0,1301.48,995499,64.8338804508,64.4178794505,64.8403571131,19909980,0.0,1.0
22-11-2019,1295.34,1308.73,1291.41,1305.62,1386506,64.5344593715,64.3386648887,65.0466138964,27730120,0.0,1.0
25-11-2019,1306.69,1311.31,1298.13,1299.18,1036487,65.0999218091,64.6734585081,64.7257700112,20729740,0.0,1.0
26-11-2019,1313.55,1314.8,1305.09,1309.86,1069795,65.4416902956,65.0202090425,65.2578527277,21395900,0.0,1.0
27-11-2019,1312.99,1318.36,1309.63,1315.0,996329,65.4137908273,65.2463940176,65.5139299902,19926580,0.0,1.0
29-11-2019,1304.96,1310.205,1303.97,1307.12,586981,65.0137323803,64.964410106,65.1213446151,11739620,0.0,1.0
02-12-2019,1289.92,1305.83,1281.0,1301.0,1511851,64.2644323749,63.8200337015,64.8164432831,30237020,0.0,1.0
03-12-2019,1295.28,1298.461,1279.0,1279.57,1268647,64.5314701428,63.7203927433,63.7487904164,25372940,0.0,1.0
04-12-2019,1320.54,1325.8,1304.87,1307.01,1538110,65.7899354443,65.0092485371,65.1158643624,30762200,0.0,1.0
05-12-2019,1328.13,1329.358,1316.44,1328.0,1212818,66.1680728805,65.5856714801,66.1615962183,24256360,0.0,1.0
06-12-2019,1340.62,1344.0,1333.44,1333.44,1315510,66.7903306642,66.4326196245,66.4326196245,26310200,0.0,1.0
09-12-2019,1343.56,1359.45,1337.84,1338.04,1355795,66.9368028727,66.6518297324,66.6617938282,27115900,0.0,1.0
10-12-2019,1344.66,1349.975,1336.04,1341.5,1094653,66.9916053997,66.5621528701,66.8341726858,21893060,0.0,1.0
11-12-2019,1345.02,1351.2,1342.67,1350.84,850796,67.0095407722,66.8924626464,67.2994959604,17015920,0.0,1.0
12-12-2019,1350.27,1355.775,1340.5,1345.94,1281722,67.2710982874,66.7843522068,67.055375613,25634440,0.0,1.0
13-12-2019,1347.83,1353.093,1343.87,1347.95,1550028,67.1495363184,66.9522472213,67.1555147759,31000560,0.0,1.0
16-12-2019,1361.17,1364.68,1352.67,1356.5,1397451,67.8141415093,67.3906674372,67.581479872,27949020,0.0,1.0
17-12-2019,1355.12,1365.0,1351.323,1362.89,1855259,67.5127276109,67.3235592518,67.8998327334,37105180,0.0,1.0
18-12-2019,1352.62,1360.47,1351.0,1356.6,1657069,67.3881764132,67.3074672371,67.5864619199,33141380,0.0,1.0
19-12-2019,1356.04,1358.1,1348.985,1351.82,1470112,67.5585624517,67.2070789718,67.3483200299,29402240,0.0,1.0
20-12-2019,1349.59,1363.64,1349.0,1363.35,3316905,67.2372203616,67.2078262789,67.9227501537,66338100,0.0,1.0
23-12-2019,1348.84,1359.8,1346.51,1355.87,883200,67.1998550023,67.083773286,67.5500929702,17664000,0.0,1.0
24-12-2019,1343.56,1350.26,1342.78,1348.5,347518,66.9368028727,66.8979428991,67.1829160394,6950360,0.0,1.0
26-12-2019,1360.4,1361.327,1344.47,1346.17,667754,67.7757797405,66.9821395087,67.0668343231,13355080,0.0,1.0
27-12-2019,1351.89,1364.53,1349.31,1362.99,1038718,67.3518074635,67.2232706275,67.9048147813,20774360,0.0,1.0
30-12-2019,1336.14,1353.0,1334.02,1350.0,1051323,66.567134918,66.4615155023,67.257646758,21026460,0.0,1.0
31-12-2019,1337.02,1338.0,1329.085,1330.11,962468,66.6109769396,66.2156514381,66.2667174291,19249360,0.0,1.0
02-01-2020,1367.37,1368.14,1341.55,1341.55,1406731,68.1230284796,66.8366637098,66.8366637098,28134620,0.0,1.0
03-01-2020,1360.66,1372.5,1345.544,1347.86,1187006,67.788733065,67.0356467032,67.1510309328,23740120,0.0,1.0
06-01-2020,1394.21,1396.5,1350.0,1350.0,1733149,69.4602101381,67.257646758,67.257646758,34662980,0.0,1.0
07-01-2020,1393.34,1402.99,1390.38,1397.94,1511693,69.4168663213,69.2693977033,69.6460405251,30233860,0.0,1.0
08-01-2020,1404.32,1411.58,1390.84,1392.08,1529177,69.9638951816,69.2923151236,69.3540925177,30583540,0.0,1.0
09-01-2020,1419.83,1427.33,1410.27,1420.57,1502664,70.7366108122,70.2603270322,70.7734779667,30053280,0.0,1.0
10-01-2020,1429.73,1434.929,1418.35,1427.56,1821566,71.2298335551,70.6628765031,71.1217231155,36431320,0.0,1.0
13-01-2020,1439.23,1440.52,1426.02,1436.13,1378286,71.7031281063,71.0449995777,71.5486846212,27565720,0.0,1.0
14-01-2020,1430.88,1441.8,1428.37,1439.01,1560453,71.287127106,71.1620777035,71.6921676009,31209060,0.0,1.0
15-01-2020,1439.2,1441.395,1430.21,1430.21,1282685,71.701633492,71.253747385,71.253747385,25653700,0.0,1.0
16-01-2020,1451.7,1451.99,1440.92,1447.44,1173688,72.3243894805,71.787324716,72.1121542396,23473760,0.0,1.0
17-01-2020,1480.39,1481.295,1458.22,1462.91,2396215,73.7537390253,72.6492190041,72.8828770509,47924300,0.0,1.0
21-01-2020,1484.4,1491.85,1471.2,1479.12,2008830,73.9535191464,73.2958888225,73.6904670168,40176600,0.0,1.0
22-01-2020,1485.95,1503.214,1484.93,1491.0,1610846,74.0307408889,73.9799240003,74.2823343083,32216920,0.0,1.0
23-01-2020,1486.65,1495.52,1482.1,1487.64,1351354,74.0656152243,73.8389320445,74.1149374986,27027080,0.0,1.0
24-01-2020,1466.71,1495.495,1465.25,1493.59,1784644,73.0721948714,72.999456972,74.4113693491,35692880,0.0,1.0
27-01-2020,1433.9,1438.07,1421.2,1431.0,1755201,71.4375849528,70.8048648685,71.2931055635,35104020,0.0,1.0
28-01-2020,1452.56,1456.0,1432.47,1443.0,1577422,72.3672350925,71.3663416677,71.8909513125,31548440,0.0,1.0
29-01-2020,1458.63,1465.43,1446.74,1458.8,1078667,72.6696454005,72.0772799042,72.6781148819,21573340,0.0,1.0
30-01-2020,1455.84,1457.28,1436.4,1439.96,1339421,72.5306462638,71.5621361505,71.7394970561,26788420,0.0,1.0
31-01-2020,1434.23,1470.13,1428.53,1468.9,2417214,71.4540257109,71.1700489802,73.1813017206,48344280,0.0,1.0
03-02-2020,1485.94,1490.0,1458.99,1462.0,3055216,74.0302426842,72.6875807729,72.837540415,61104320,0.0,1.0
04-02-2020,1447.07,1469.5,1426.3,1457.07,3932954,72.0937206623,71.0589493118,72.5919254531,78659080,0.0,1.0
05-02-2020,1448.23,1463.84,1430.56,1462.42,1986157,72.151512418,71.2711845527,72.8584650162,39723140,0.0,1.0
06-02-2020,1476.23,1482.0,1449.57,1450.33,1679384,73.5464858323,72.21827186,72.2561354241,33587680,0.0,1.0
07-02-2020,1479.23,1485.84,1466.35,1467.3,1172270,73.6959472695,73.054259499,73.1015889541,23445400,0.0,1.0
10-02-2020,1508.68,1509.5,1474.32,1474.32,1419876,75.1631603784,73.4513287172,73.4513287172,28397520,0.0,1.0
11-02-2020,1508.79,1529.63,1505.638,1511.81,1344633,75.1686406311,75.0116064811,75.319098478,26892660,0.0,1.0
12-02-2020,1518.27,1520.695,1508.11,1514.48,1167565,75.6409387728,75.1347627054,75.4521191571,23351300,0.0,1.0
13-02-2020,1514.66,1527.18,1504.6,1512.69,929730,75.4610868433,74.9598928238,75.3629404995,18594600,0.0,1.0
14-02-2020,1520.74,1520.74,1507.34,1515.6,1197836,75.7639953561,75.0964009365,75.5079180937,23956720,0.0,1.0
18-02-2020,1519.67,1531.63,1512.59,1515.0,1121140,75.7106874435,75.3579584516,75.4780258062,22422800,0.0,1.0
19-02-2020,1526.69,1532.106,1521.4,1525.07,949268,76.0604272067,75.7968768723,75.9797180306,18985360,0.0,1.0
20-02-2020,1518.15,1529.64,1506.82,1522.0,1096552,75.6349603153,75.0704942873,75.8267691598,21931040,0.0,1.0
21-02-2020,1485.11,1512.215,1480.44,1508.03,1732273,73.9888916865,73.7562300492,75.130777067,34645460,0.0,1.0
24-02-2020,1421.59,1436.97,1411.39,1426.11,2867053,70.8242948554,70.3161259687,71.0494834208,57341060,0.0,1.0
25-02-2020,1388.45,1438.14,1382.4,1433.0,2478278,69.1732441786,68.8718302802,71.3927465217,49565560,0.0,1.0
26-02-2020,1393.18,1415.7,1379.0,1396.14,2204037,69.4088950447,68.7024406513,69.5563636628,44080740,0.0,1.0
27-02-2020,1318.09,1371.704,1317.17,1362.06,2978300,65.6678752706,65.6220404298,67.8584817357,59566000,0.0,1.0
28-02-2020,1339.33,1341.14,1271.0,1277.5,3790618,66.7260622462,63.3218289107,63.6456620247,75812360,0.0,1.0
02-03-2020,1389.11,1390.87,1326.815,1351.61,2431468,69.2061256948,66.1025589505,67.3378577293,48629360,0.0,1.0
03-03-2020,1341.39,1410.15,1332.0,1399.42,2402326,66.8286924331,66.3608781346,69.7197748342,48046520,0.0,1.0
04-03-2020,1386.52,1388.09,1343.11,1359.23,1913315,69.077090654,66.9143836572,67.7174897799,38266300,0.0,1.0
05-03-2020,1319.04,1358.91,1305.1,1350.2,2561288,65.7152047257,65.0207072473,67.2676108538,51225760,0.0,1.0
06-03-2020,1298.41,1306.22,1261.05,1277.06,2660628,64.6874082423,62.8261151439,63.6237410139,53212560,0.0,1.0
09-03-2020,1215.56,1254.76,1200.0,1205.3,3365365,60.5597815505,59.784574896,60.0486234351,67307300,0.0,1.0
10-03-2020,1280.39,1281.15,1218.77,1260.0,2611373,63.7896432093,60.7197052883,62.7738036408,52227460,0.0,1.0
11-03-2020,1215.41,1260.96,1196.07,1249.7,2611229,60.5523084786,59.5887804132,62.2606527063,52224580,0.0,1.0
12-03-2020,1114.91,1193.87,1113.3,1126.0,4226748,55.5453503311,55.4651393598,56.0978594441,84534960,0.0,1.0
13-03-2020,1219.73,1219.76,1117.143,1179.0,3700125,60.7675329483,55.6565994609,58.7383448353,74002500,0.0,1.0
16-03-2020,1084.33,1152.267,1074.44,1096.0,4252365,54.0218400808,53.5291155427,54.6032450717,85047300,0.0,1.0
17-03-2020,1119.8,1130.86,1056.01,1093.11,3861489,55.7889724738,52.6109241133,54.4592638872,77229780,0.0,1.0
18-03-2020,1096.8,1106.5,1037.28,1056.51,4233435,54.643101455,51.6777865401,52.6358343528,84668700,0.0,1.0
19-03-2020,1115.29,1157.97,1060.108,1093.05,3651106,55.5642821131,52.8150884366,54.4562746584,73022120,0.0,1.0
20-03-2020,1072.32,1143.99,1065.49,1135.72,3601750,53.4234961271,53.083222255,56.5821145008,72035000,0.0,1.0
23-03-2020,1056.62,1071.32,1013.536,1061.32,4044137,52.6413146055,50.4948490848,52.8754708572,80882740,0.0,1.0
24-03-2020,1134.46,1135.0,1090.62,1103.77,3344450,56.5193406971,54.3352108942,54.9903501941,66889000,0.0,1.0
25-03-2020,1102.49,1148.9,1086.01,1126.47,4081528,54.9265799809,54.1055384857,56.1212750693,81630560,0.0,1.0
26-03-2020,1161.75,1169.97,1093.53,1111.8,3573755,57.8789415712,54.4801884884,55.3904086412,71475100,0.0,1.0
27-03-2020,1110.71,1150.67,1105.91,1125.67,3208495,55.336104319,55.0969660194,56.081418686,64169900,0.0,1.0
30-03-2020,1146.82,1151.63,1096.48,1125.04,2574061,57.1351218185,54.6271589017,56.0500317842,51481220,0.0,1.0
31-03-2020,1162.81,1175.31,1138.14,1147.3,2487983,57.931751279,56.7026800601,57.1590356485,49759660,0.0,1.0
01-04-2020,1105.62,1129.69,1097.45,1122.0,2344173,55.0825180804,54.6754847664,55.8985775278,46883460,0.0,1.0
02-04-2020,1120.84,1126.86,1096.4,1098.26,1964881,55.840785772,54.6231732633,54.7158393544,39297620,0.0,1.0
03-04-2020,1097.88,1123.54,1079.81,1119.015,2313400,54.6969075724,53.7966515154,55.7498633977,46268000,0.0,1.0
06-04-2020,1186.92,1194.66,1130.94,1138.0,2664723,59.1329230297,56.3439726108,56.6957051931,53294460,0.0,1.0
07-04-2020,1186.51,1225.0,1182.23,1221.0,2387329,59.1124966332,58.8992649828,60.8308049567,47746580,0.0,1.0
08-04-2020,1210.28,1219.07,1188.16,1206.5,1975135,60.296729421,59.1947004237,60.10840801,39502700,0.0,1.0
09-04-2020,1211.45,1225.57,1196.735,1224.08,2175421,60.3550193815,59.6219110318,60.9842520323,43508420,0.0,1.0
13-04-2020,1217.56,1220.51,1187.598,1209.18,1739828,60.6594225087,59.1667013145,60.241926894,34796560,0.0,1.0
14-04-2020,1269.23,1282.07,1236.93,1245.09,2470353,63.2336466627,61.6244451884,62.0309802977,49407060,0.0,1.0
15-04-2020,1262.47,1280.46,1240.4,1245.61,1671703,62.8968602241,61.7973222508,62.0568869469,33434060,0.0,1.0
16-04-2020,1263.47,1279.0,1242.62,1274.1,2518099,62.9466807032,61.9079237144,63.4762723958,50361980,0.0,1.0
17-04-2020,1283.25,1294.43,1271.23,1284.85,1949042,63.9321297794,63.3332876209,64.011842546,38980840,0.0,1.0
20-04-2020,1266.61,1281.6,1261.37,1271.0,1695488,63.1031170075,62.8420576972,63.3218289107,33909760,0.0,1.0
21-04-2020,1216.34,1254.27,1209.71,1247.0,2153003,60.5986415242,60.2683317479,62.1261374128,43060060,0.0,1.0
22-04-2020,1263.21,1285.613,1242.0,1245.54,2093140,62.9337273787,61.8770350174,62.0533995133,41862800,0.0,1.0
23-04-2020,1276.31,1293.31,1265.67,1271.55,1566203,63.5863756546,63.0562857572,63.3492301742,31324060,0.0,1.0
24-04-2020,1279.31,1280.4,1249.45,1261.17,1640394,63.7358370919,62.2481975865,62.8320936013,32807880,0.0,1.0
27-04-2020,1275.88,1296.15,1269.0,1296.0,1600563,63.5649528486,63.2221879525,64.5673408877,32011260,0.0,1.0
28-04-2020,1233.67,1288.05,1232.2,1287.93,2951309,61.4620304266,61.3887943224,64.1652896215,59026180,0.0,1.0
29-04-2020,1341.48,1359.99,1325.34,1341.46,3793630,66.8331762763,66.0290737439,66.8321798667,75872600,0.0,1.0
30-04-2020,1348.66,1352.82,1322.49,1324.88,2668906,67.1908873161,65.8870853785,66.0061563235,53378120,0.0,1.0
01-05-2020,1320.61,1352.07,1311.0,1328.5,2072639,65.7934228779,65.3146480739,66.1865064578,41452780,0.0,1.0
04-05-2020,1326.8,1327.66,1299.0,1308.23,1504017,66.1018116434,64.7168023249,65.1766453468,30080340,0.0,1.0
05-05-2020,1351.11,1373.94,1337.46,1337.92,1651533,67.3129474898,66.6328979504,66.6558153707,33030660,0.0,1.0
06-05-2020,1347.3,1371.12,1347.29,1361.69,1215423,67.1231314645,67.1226332597,67.8400481585,24308460,0.0,1.0
07-05-2020,1372.56,1377.6,1355.27,1365.94,1399759,68.3815967661,67.5202006828,68.0517851946,27995180,0.0,1.0
08-05-2020,1388.37,1398.76,1375.48,1383.13,1388068,69.1692585403,68.527072565,68.9081992299,27761360,0.0,1.0
11-05-2020,1403.26,1416.53,1377.152,1378.28,1412116,69.9110854738,68.610372406,68.6665699064,28242320,0.0,1.0
12-05-2020,1375.74,1415.0,1374.77,1407.12,1390600,68.5400258895,68.4917000248,70.1033925231,27812000,0.0,1.0
13-05-2020,1349.33,1385.482,1328.4,1377.05,1812585,67.224267037,66.1815244099,68.6052907171,36251700,0.0,1.0
14-05-2020,1356.13,1357.42,1323.91,1335.02,1603077,67.5630462948,65.9578304588,66.5113359814,32061540,0.0,1.0
15-05-2020,1373.19,1374.48,1339.0,1350.0,1707747,68.4129836679,66.7096214881,67.257646758,34154940,0.0,1.0
18-05-2020,1383.94,1392.325,1354.25,1361.75,1823964,68.948553818,67.4693837941,67.8430373872,36479280,0.0,1.0
19-05-2020,1373.485,1392.0,1373.485,1386.997,1280649,68.4276807092,68.4276807092,69.1008550225,25612980,0.0,1.0
20-05-2020,1406.72,1410.42,1387.25,1389.58,1655375,70.0834643314,69.1134596037,69.22954132,33107500,0.0,1.0
21-05-2020,1402.8,1415.49,1393.45,1408.0,1378020,69.8881680534,69.422346574,70.1472345447,27560400,0.0,1.0
22-05-2020,1410.42,1412.76,1391.83,1396.71,1309408,70.267800104,69.3416373979,69.5847613358,26188160,0.0,1.0
26-05-2020,1417.02,1441.0,1412.13,1437.27,2060643,70.596615266,70.3529931233,71.6054799673,41212860,0.0,1.0
27-05-2020,1417.84,1421.74,1391.29,1417.25,1686142,70.6374680588,69.3147343392,70.6080739761,33722840,0.0,1.0
28-05-2020,1416.73,1440.84,1396.0,1396.86,1693976,70.582167327,69.5493887957,69.5922344077,33879520,0.0,1.0
29-05-2020,1428.92,1432.57,1413.35,1416.94,1838059,71.189478967,70.4137741077,70.5926296276,36761180,0.0,1.0
01-06-2020,1431.82,1437.96,1418.0,1418.39,1217140,71.3339583563,70.6454393355,70.6648693223,24342800,0.0,1.0
02-06-2020,1439.22,1439.61,1418.83,1430.55,1278128,71.7026299015,70.6867903331,71.2706863479,25562560,0.0,1.0
03-06-2020,1436.38,1446.552,1429.777,1438.3,1256186,71.561139741,71.2321751176,71.6567950608,25123720,0.0,1.0
04-06-2020,1412.18,1438.96,1404.73,1430.4,1484272,70.3554841472,69.9843215781,71.2632132761,29685440,0.0,1.0
05-06-2020,1438.39,1445.05,1406.0,1413.17,1735244,71.6612789039,70.0475935865,70.4048064215,34704880,0.0,1.0
08-06-2020,1446.61,1447.99,1422.34,1422.34,1404178,72.0708032419,70.8616602147,70.8616602147,28083560,0.0,1.0
09-06-2020,1456.16,1468.0,1443.21,1445.36,1409249,72.5465888172,71.9014136131,72.0085276431,28184980,0.0,1.0
10-06-2020,1465.85,1474.259,1456.27,1459.54,1525153,73.0293492594,72.5520690699,72.7149820364,30503060,0.0,1.0
11-06-2020,1403.84,1454.475,1402.0,1442.48,1991332,69.9399813517,69.8483116702,71.8650446633,39826640,0.0,1.0
12-06-2020,1413.18,1437.0,1386.02,1428.49,1946367,70.4053046263,69.0521804145,71.168056161,38927340,0.0,1.0
15-06-2020,1419.85,1424.8,1387.92,1390.8,1506096,70.7376072218,69.1468393247,69.2903223045,30121920,0.0,1.0
16-06-2020,1442.72,1455.02,1425.9,1445.22,1711614,71.8770015783,71.0390211202,72.001552776,34232280,0.0,1.0
17-06-2020,1451.12,1460.0,1431.38,1447.16,1549615,72.2954936026,71.3120373456,72.0982045054,30992300,0.0,1.0
18-06-2020,1435.96,1451.41,1427.01,1449.16,1581916,71.5402151397,71.094321852,72.1978454636,31638320,0.0,1.0
19-06-2020,1431.72,1447.8,1421.35,1444.0,3157875,71.3289763084,70.8123379404,71.9407717915,63157500,0.0,1.0
22-06-2020,1451.86,1452.75,1423.21,1429.0,1542440,72.3323607571,70.9050040315,71.1934646053,30848800,0.0,1.0
23-06-2020,1464.41,1475.941,1445.24,1455.64,1429764,72.9576077696,72.0025491856,72.520682168,28595280,0.0,1.0
24-06-2020,1431.97,1475.42,1429.75,1461.51,1756022,71.3414314282,71.2308299647,72.8131283802,35120440,0.0,1.0
25-06-2020,1441.33,1442.9,1420.0,1429.9,1230474,71.8077511124,70.7450802936,71.2383030365,24609480,0.0,1.0
26-06-2020,1359.9,1433.45,1351.99,1431.39,4267698,67.7508695009,67.3567895114,71.3125355503,85353960,0.0,1.0
29-06-2020,1394.97,1395.6,1347.01,1358.18,1810180,69.4980737022,67.1086835256,67.6651782769,36203600,0.0,1.0
30-06-2020,1413.61,1418.65,1383.96,1390.44,2042381,70.4267274323,68.9495502276,69.272386932,40847620,0.0,1.0
01-07-2020,1438.04,1443.0,1409.82,1411.1,1775613,71.6438417362,70.2379078166,70.3016780298,35512260,0.0,1.0
02-07-2020,1464.7,1482.95,1446.42,1446.94,1859790,72.9720557085,72.0613373509,72.087244,37195800,0.0,1.0
06-07-2020,1495.7,1506.59,1472.86,1480.06,1563997,74.51649056,73.3785908178,73.7372982672,31279940,0.0,1.0
07-07-2020,1485.18,1516.8,1483.55,1490.0,1458216,73.9923791201,73.9111717392,74.2325138292,29164320,0.0,1.0
08-07-2020,1496.0,1505.88,1485.63,1494.32,1249731,74.5314367037,74.0147983356,74.4477382988,24994620,0.0,1.0
09-07-2020,1510.99,1522.72,1488.085,1506.45,1423322,75.2782456851,74.1371076118,75.0520607101,28466440,0.0,1.0
10-07-2020,1541.74,1543.83,1496.54,1506.15,1857204,76.8102254168,74.5583397624,75.0371145664,37144080,0.0,1.0
13-07-2020,1511.34,1577.132,1505.243,1550.0,1846424,75.2956828528,74.9919273918,77.221742574,36928480,0.0,1.0
14-07-2020,1520.58,1522.95,1483.5,1490.31,1585021,75.7560240795,73.9086807152,74.2479581777,31700420,0.0,1.0
15-07-2020,1513.64,1535.33,1498.0,1523.13,1761036,75.4102699547,74.6310776619,75.8830663011,35220720,0.0,1.0
16-07-2020,1518.0,1518.69,1486.31,1500.0,1519346,75.6274872435,74.0486762614,74.73071862,30386920,0.0,1.0
17-07-2020,1515.55,1523.44,1498.42,1521.62,1457014,75.5054270697,74.6520022631,75.8078373777,29140280,0.0,1.0
20-07-2020,1565.72,1570.29,1503.6,1515.26,1547136,78.0049205052,74.9100723447,75.4909791308,30942720,0.0,1.0
21-07-2020,1558.42,1586.99,1554.28,1586.99,1183101,77.6412310079,77.4349742245,79.0646020952,23662020,0.0,1.0
22-07-2020,1568.49,1570.0,1546.1,1560.5,931985,78.1429232322,77.0274427056,77.7448576044,18639700,0.0,1.0
23-07-2020,1515.68,1571.87,1507.3918,1566.97,1627634,75.511903732,75.0989816373,78.067196104,32552680,0.0,1.0
24-07-2020,1511.87,1517.6362,1488.4,1498.93,1544404,75.3220877067,74.1528010627,74.6774107074,30888080,0.0,1.0
27-07-2020,1530.2,1540.97,1515.21,1515.6,1245980,76.2352970882,75.4884881068,75.5079180937,24919600,0.0,1.0
28-07-2020,1500.34,1526.48,1497.66,1525.18,1702174,74.7476575829,74.614138699,75.9851982833,34043480,0.0,1.0
29-07-2020,1522.02,1531.2522,1501.33,1506.32,1106534,75.8277655694,74.7969798572,75.0455840478,22130680,0.0,1.0
30-07-2020,1531.45,1537.87,1492.22,1497.0,1671396,76.2975726871,74.3431152928,74.5812571828,33427920,0.0,1.0
31-07-2020,1482.96,1508.95,1454.03,1505.01,3429036,73.8817776565,72.4404711967,74.9803192202,68580720,0.0,1.0
03-08-2020,1474.45,1490.47,1465.64,1486.64,2331514,73.4578053795,73.0188869588,74.0651170195,46630280,0.0,1.0
04-08-2020,1464.97,1485.56,1458.65,1476.57,1903489,72.9855072378,72.6706418101,73.5634247952,38069780,0.0,1.0
05-08-2020,1473.61,1482.41,1463.46,1469.3,1979957,73.4159561771,72.9102783144,73.2012299123,39599140,0.0,1.0
06-08-2020,1500.1,1502.39,1466.0,1471.75,1995368,74.7357006679,73.0368223313,73.323290086,39907360,0.0,1.0
07-08-2020,1494.49,1516.845,1481.64,1500.0,1577826,74.4562077803,73.8160146241,74.73071862,31556520,0.0,1.0
10-08-2020,1496.1,1504.075,1473.08,1487.18,1289530,74.5364187516,73.3895513232,74.0920200782,25790600,0.0,1.0
11-08-2020,1480.32,1510.0,1478.0,1492.44,1454365,73.7502515917,73.6346680803,74.3540757982,29087300,0.0,1.0
12-08-2020,1506.62,1512.3859,1485.25,1485.58,1437655,75.0605301915,73.9958665536,74.0123073117,28753100,0.0,1.0
13-08-2020,1518.45,1537.25,1508.005,1510.34,1455208,75.649906459,75.1295315551,75.2458623737,29104160,0.0,1.0
14-08-2020,1507.73,1521.9,1502.88,1515.66,1355200,75.1158309233,74.8742015998,75.5109073224,27104000,0.0,1.0
17-08-2020,1517.98,1525.61,1507.97,1514.67,1364082,75.6264908339,75.1277878383,75.4615850481,27281640,0.0,1.0
18-08-2020,1558.6,1562.47,1523.71,1526.18,2027086,77.6501986941,75.911962179,76.0350187623,40541720,0.0,1.0
19-08-2020,1547.53,1573.68,1543.95,1553.31,1660611,77.0986859907,76.9203286756,77.3866483598,33212220,0.0,1.0
20-08-2020,1581.75,1585.87,1538.2,1543.45,1706877,78.8035427848,76.6338609209,76.895418436,34137540,0.0,1.0
21-08-2020,1580.42,1597.72,1568.005,1577.03,1446453,78.7372815476,78.1187602999,78.5683901236,28929060,0.0,1.0
24-08-2020,1588.2,1614.17,1580.57,1593.98,1410229,79.1248848749,78.7447546195,79.412847244,28204580,0.0,1.0
25-08-2020,1608.22,1611.62,1582.07,1582.07,2132084,80.1222908661,78.8194853381,78.8194853381,42641680,0.0,1.0
26-08-2020,1652.38,1659.22,1603.6,1608.0,3581072,82.3223632222,79.8921202527,80.1113303607,71621440,0.0,1.0
27-08-2020,1634.33,1655.0,1625.75,1653.68,1861602,81.4231035748,80.9956438643,82.387129845,37232040,0.0,1.0
28-08-2020,1644.41,1647.1699,1630.75,1633.49,1499782,81.925294004,81.2447462597,81.3812543724,29995640,0.0,1.0
31-08-2020,1634.18,1647.965,1630.31,1647.89,1823406,81.415630503,81.2228252489,82.0986692712,36468120,0.0,1.0
01-09-2020,1660.71,1665.73,1632.22,1636.63,1826655,82.737367813,81.317982364,81.5376906767,36533100,0.0,1.0
02-09-2020,1728.28,1733.1799,1666.3301,1673.7754,2511180,86.1037375844,83.0173638874,83.3882923003,50223600,0.0,1.0
03-09-2020,1641.84,1709.7143,1615.06,1709.7143,3107763,81.7972553727,80.463062943,85.178785516,62155260,0.0,1.0
04-09-2020,1591.04,1645.11,1547.6125,1624.26,2608568,79.2663750355,77.1027961802,80.9214113505,52171360,0.0,1.0
08-09-2020,1532.39,1563.865,1528.01,1533.51,2610884,76.3444039374,76.1261902391,76.400202874,52217680,0.0,1.0
09-09-2020,1556.96,1569.0,1536.0511,1557.53,1774704,77.5684931084,76.5268016934,77.5968907815,35494080,0.0,1.0
10-09-2020,1532.02,1584.081,1525.805,1560.64,1618557,76.3259703602,76.0163360827,77.7518324714,32371140,0.0,1.0
11-09-2020,1520.72,1575.2,1497.36,1536.0,1597087,75.7629989466,74.5991925552,76.5242558669,31941740,0.0,1.0
14-09-2020,1519.28,1563.9999,1515.74,1539.005,1696589,75.6912574567,75.5148929607,76.6739664065,33931780,0.0,1.0
15-09-2020,1541.44,1559.57,1531.835,1536.0,1331082,76.7952792731,76.3167535715,76.5242558669,26621640,0.0,1.0
16-09-2020,1520.9,1562.0,1519.82,1555.54,1312299,75.7719666328,75.7181605154,77.4977480281,26245980,0.0,1.0
17-09-2020,1495.53,1508.2984,1470.0001,1496.0,1879751,74.5080210785,73.2361092297,74.5314367037,37595020,0.0,1.0
18-09-2020,1459.99,1503.0032,1437.13,1498.01,3103882,72.737401252,71.5985051003,74.6315758667,62077640,0.0,1.0
21-09-2020,1431.16,1448.36,1406.55,1440.06,2888827,71.3010768402,70.07499485,71.744479104,57776540,0.0,1.0
22-09-2020,1465.46,1469.52,1434.53,1450.09,1583201,73.0099192726,71.4689718547,72.2441785091,31664020,0.0,1.0
23-09-2020,1415.21,1460.96,1407.7,1458.78,1657350,70.5064401988,70.1322884009,72.6771184723,33147000,0.0,1.0
24-09-2020,1428.29,1443.7088,1409.85,1411.03,1450216,71.1580920652,70.239402431,70.2981905963,29004320,0.0,1.0
25-09-2020,1444.96,1450.0,1413.34,1432.63,1323375,71.9885994515,70.4132759029,71.3743129444,26467500,0.0,1.0
28-09-2020,1464.52,1476.8,1449.3012,1474.21,2007941,72.9630880223,72.2048801152,73.4458484645,40158820,0.0,1.0
29-09-2020,1469.33,1476.6632,1458.805,1470.39,979102,73.2027245266,72.6783639843,73.2555342345,19582040,0.0,1.0
30-09-2020,1469.6,1489.75,1459.88,1466.8,1701608,73.216176056,72.7319209993,73.0766787146,34032160,0.0,1.0
01-10-2020,1490.09,1499.04,1479.21,1484.27,1779497,74.2369976723,73.6949508599,73.9470424841,35589940,0.0,1.0
02-10-2020,1458.42,1483.2,1450.92,1462.03,1284071,72.6591830999,72.2855295068,72.8390350294,25681420,0.0,1.0
05-10-2020,1486.02,1488.21,1464.27,1466.21,1113257,74.0342283225,72.9506329025,73.0472846319,22265140,0.0,1.0
06-10-2020,1453.44,1486.76,1448.5901,1475.58,1245423,72.4110771141,72.1694527726,73.5141025209,24908460,0.0,1.0
07-10-2020,1460.29,1468.96,1436.0,1464.29,1746156,72.7523473958,71.5422079589,72.9516293121,34923120,0.0,1.0
08-10-2020,1485.93,1490.0,1465.09,1465.09,1187831,74.0297444794,72.9914856953,72.9914856953,23756620,0.0,1.0
09-10-2020,1515.22,1516.52,1489.45,1494.7,1435542,75.4889863116,74.2051125657,74.4666700809,28710840,0.0,1.0
12-10-2020,1569.15,1593.86,1532.57,1543.0,2482560,78.1758047484,76.3533716237,76.8729992205,49651200,0.0,1.0
13-10-2020,1571.68,1590.0,1563.2,1583.73,1601043,78.3018505605,77.8793728979,78.9021873334,32020860,0.0,1.0
14-10-2020,1568.08,1587.6841,1550.53,1578.59,1930990,78.1224968358,77.2481474279,78.6461100709,38619800,0.0,1.0
15-10-2020,1559.13,1575.105,1545.03,1547.15,1540817,77.676603548,76.974134793,77.0797542086,30816340,0.0,1.0
16-10-2020,1573.01,1581.13,1563.0,1565.85,1435137,78.3681117977,77.8694088021,78.0113971674,28702740,0.0,1.0
19-10-2020,1534.61,1588.15,1528.0,1580.46,1607075,76.455005401,76.1256920343,78.7392743668,32141500,0.0,1.0
20-10-2020,1555.93,1577.5,1525.67,1527.05,2242572,77.517178015,76.009610318,76.0783625791,44851440,0.0,1.0
21-10-2020,1593.31,1618.73,1571.6301,1573.33,2568345,79.379467523,78.2993645186,78.384054351,51366900,0.0,1.0
22-10-2020,1615.33,1621.99,1585.0,1593.05,1434042,80.4765144723,78.9654593418,79.3665141984,28680840,0.0,1.0
23-10-2020,1641.0,1642.36,1620.51,1626.07,1375844,81.7554061703,80.734584554,81.0115864176,27516880,0.0,1.0
26-10-2020,1590.45,1638.24,1576.5,1625.01,1853254,79.2369809528,78.5419852696,80.9587767098,37065080,0.0,1.0
27-10-2020,1604.26,1606.845,1582.78,1595.67,1229002,79.9250017689,78.8548578783,79.4970438536,24580040,0.0,1.0
28-10-2020,1516.62,1561.35,1514.62,1559.74,1833959,75.5587349823,75.4590940242,77.7069940403,36679180,0.0,1.0
29-10-2020,1567.24,1593.71,1522.24,1522.36,2003064,78.0806476334,75.8387260748,75.8447045323,40061280,0.0,1.0
30-10-2020,1621.01,1687.0,1604.46,1672.11,4330862,80.7594947935,79.9349658647,83.3053212745,86617240,0.0,1.0
02-11-2020,1626.03,1660.77,1616.03,1628.16,2535446,81.0095935985,80.5113888077,81.1157112189,50708920,0.0,1.0
03-11-2020,1650.21,1661.7,1616.6201,1631.78,1661653,82.2142527826,80.5407878724,81.2960613532,33233060,0.0,1.0
04-11-2020,1749.13,1771.365,1706.0301,1710.28,3570927,87.1424945732,84.9952369069,85.206968961,71418540,0.0,1.0
05-11-2020,1763.37,1793.64,1750.51,1781.0,2065812,87.8519381953,87.2112468344,88.7302732415,41316240,0.0,1.0
06-11-2020,1761.75,1772.43,1740.35,1753.95,1661225,87.7712290192,86.7050707669,87.3826292824,33224500,0.0,1.0
09-11-2020,1763.0,1818.06,1760.02,1790.9,2268270,87.8335046181,87.6850395904,89.2234959844,45365400,0.0,1.0
10-11-2020,1740.39,1763.0,1717.3,1731.09,2636142,86.7070635861,85.5567087241,86.2437331306,52722840,0.0,1.0
11-11-2020,1752.71,1764.22,1747.365,1750.0,1263966,87.3208518883,87.0545614276,87.18583839,25279320,0.0,1.0
12-11-2020,1749.84,1768.27,1745.6,1747.63,1248754,87.1778671134,86.9666282821,87.0677638546,24975080,0.0,1.0
13-11-2020,1777.02,1781.04,1744.55,1757.63,1500574,88.5319877348,86.914316779,87.5659686454,30011480,0.0,1.0
16-11-2020,1781.38,1799.07,1767.69,1771.7,1246785,88.7492050236,88.067162665,88.2669427861,24935700,0.0,1.0
17-11-2020,1770.15,1785.0,1767.0,1776.94,1147114,88.1897210435,88.0327865344,88.5280020964,22942280,0.0,1.0
18-11-2020,1746.78,1773.47,1746.14,1765.23,1173466,87.0254164474,86.9935313408,87.9446042864,23469320,0.0,1.0
19-11-2020,1763.92,1769.5897,1737.005,1738.38,1249910,87.8793394588,86.5384212644,86.6069244231,24998200,0.0,1.0
20-11-2020,1742.19,1774.0,1741.86,1765.21,2313655,86.7967404484,86.7802996903,87.9436078768,46273100,0.0,1.0
23-11-2020,1734.86,1753.9,1717.72,1749.6,2161975,86.4315563368,85.5776333253,87.1659101984,43239500,0.0,1.0
24-11-2020,1768.88,1771.6,1727.69,1730.5,1491698,88.1264490351,86.0743435017,86.214339048,29833960,0.0,1.0
25-11-2020,1771.43,1778.54,1756.54,1772.89,1046122,88.2534912567,87.5116643232,88.3262291562,20922440,0.0,1.0
27-11-2020,1793.19,1804.0,1772.44,1773.09,884916,89.3375848815,88.3038099406,88.336193252,17698320,0.0,1.0
30-11-2020,1760.74,1788.065,1755.0,1781.1844,1823836,87.7209103353,87.4349407854,88.7394601378,36476720,0.0,1.0
01-12-2020,1798.1,1824.83,1769.37,1774.37,1693593,89.5822034338,88.1508610698,88.3999634652,33871860,0.0,1.0
02-12-2020,1827.95,1835.65,1789.4725,1798.1,1222032,91.0693447343,89.1523772505,89.5822034338,24440640,0.0,1.0
03-12-2020,1826.77,1847.2,1822.65,1824.01,1227298,91.010556569,90.8052961952,90.8730520467,24545960,0.0,1.0
04-12-2020,1827.99,1833.16,1816.99,1824.52,1378166,91.0713375535,90.5233122836,90.8984604911,27563320,0.0,1.0
07-12-2020,1819.48,1832.37,1805.78,1819.0,1320946,90.6473652765,89.9648247131,90.6234514465,26418920,0.0,1.0
08-12-2020,1818.55,1821.9,1796.2047,1810.1,1096319,90.601032231,89.4877786798,90.1800491827,21926380,0.0,1.0
09-12-2020,1784.13,1834.27,1767.81,1812.01,1507558,88.886211341,88.0731411224,90.2752062978,30151160,0.0,1.0
10-12-2020,1775.33,1781.31,1740.32,1769.8,1362848,88.4477911251,86.7035761525,88.1722838758,27256960,0.0,1.0
11-12-2020,1781.77,1784.45,1760.0,1763.06,1220651,88.7686350104,87.6840431808,87.8364938468,24413020,0.0,1.0
14-12-2020,1760.06,1797.39,1757.215,1775.0,1600173,87.6870324096,87.5452931466,88.431350367,32003460,0.0,1.0
15-12-2020,1767.77,1771.42,1749.95,1764.42,1482261,88.0711483033,87.1833473661,87.9042496984,29645220,0.0,1.0
16-12-2020,1763.0,1773.0,1756.08,1772.88,1513543,87.8335046181,87.4887469028,88.3257309514,30270860,0.0,1.0
17-12-2020,1747.9,1771.7836,1738.66,1768.51,1624744,87.081215384,86.6208741573,88.1080154578,32494880,0.0,1.0
18-12-2020,1731.01,1755.11,1720.22,1754.18,4016353,86.2397474923,85.702184523,87.3940879926,80327060,0.0,1.0
21-12-2020,1739.37,1740.85,1699.0,1713.51,1828378,86.6562466974,84.6449939569,85.3678891084,36567560,0.0,1.0
22-12-2020,1723.5,1737.405,1712.575,1734.43,938346,85.8655956944,85.3213069605,86.4101335307,18766920,0.0,1.0
23-12-2020,1732.38,1747.99,1725.04,1728.11,1033917,86.3080015486,85.9423192322,86.095268103,20678340,0.0,1.0
24-12-2020,1738.85,1746.0,1729.11,1735.0,346753,86.6303400483,86.145088582,86.4385312038,6935060,0.0,1.0
28-12-2020,1776.09,1790.7276,1746.335,1751.635,1390962,88.4856546892,87.0032463342,87.2672948733,27819240,0.0,1.0
29-12-2020,1758.72,1792.44,1756.09,1787.79,1299395,87.6202729676,87.4892451076,89.0685542945,25987900,0.0,1.0
30-12-2020,1739.52,1765.095,1725.6,1762.01,1306130,86.6637197693,85.9702187005,87.7841823438,26122600,0.0,1.0
31-12-2020,1751.88,1758.93,1735.42,1735.42,1012240,87.2795008907,86.459455805,86.459455805,20244800,0.0,1.0
04-01-2021,1728.24,1760.65,1707.85,1757.54,1901855,86.1017447652,85.0859051968,87.5614848023,38037100,0.0,1.0
05-01-2021,1740.92,1747.67,1718.015,1725.0,1145347,86.73346844,85.5923303667,85.940326413,22906940,0.0,1.0
06-01-2021,1735.29,1748.0,1699.0,1702.63,2602114,86.4529791428,84.6449939569,84.825842296,52042280,0.0,1.0
07-01-2021,1787.25,1788.4,1737.05,1740.06,2265022,89.0416512358,86.5406631859,86.690622828,45300440,0.0,1.0
08-01-2021,1807.21,1809.84,1773.535,1787.98,2051002,90.0360679982,88.3583633652,89.0780201855,41020040,0.0,1.0
11-01-2021,1766.72,1794.315,1760.5201,1786.07,1209735,88.0188368002,87.709954812,88.9828630704,24194700,0.0,1.0
12-01-2021,1746.55,1778.04,1725.31,1753.92,1356464,87.0139577372,85.9557707615,87.381134668,27129280,0.0,1.0
13-01-2021,1754.4,1765.035,1738.01,1738.58,1094131,87.405048498,86.5884908459,86.6168885189,21882620,0.0,1.0
14-01-2021,1740.18,1775.01,1733.4,1753.62,1179477,86.6966012855,86.3588184373,87.3661885243,23589540,0.0,1.0
15-01-2021,1736.19,1756.0,1721.55,1738.19,1342170,86.4978175739,85.7684457602,86.5974585321,26843400,0.0,1.0
19-01-2021,1790.86,1809.275,1741.46,1752.25,1734614,89.2215031652,86.7603714987,87.297934468,34692280,0.0,1.0
20-01-2021,1886.9,1903.71,1825.53,1831.46,2490258,94.0062619761,90.9487791749,91.2442146159,49805160,0.0,1.0
21-01-2021,1891.25,1934.86,1887.11,1898.0,2063932,94.2229810601,94.0167242767,94.5592692939,41278640,0.0,1.0
22-01-2021,1901.05,1910.95,1881.76,1895.68,1272232,94.7112217551,93.7501847136,94.4436857824,25444640,0.0,1.0
25-01-2021,1899.4,1929.58,1867.53,1920.67,1927320,94.6290179646,93.0412392963,95.6886995546,38546400,0.0,1.0
26-01-2021,1917.24,1925.0,1884.245,1888.84,1313139,95.5178153114,93.8739886041,94.1029137055,26262780,0.0,1.0
27-01-2021,1830.79,1890.0,1809.0,1882.53,2748292,91.2108348949,90.1252466557,93.7885464825,54965840,0.0,1.0
28-01-2021,1863.11,1898.83,1842.64,1843.94,1773138,92.8210327788,91.801207572,91.8659741948,35462760,0.0,1.0
29-01-2021,1835.74,1857.28,1810.2,1846.17,1612552,91.4574462663,90.1850312306,91.9770738631,32251040,0.0,1.0
01-02-2021,1901.35,1922.3918,1850.93,1853.57,1602182,94.7261678988,92.2142193436,92.3457454083,32043640,0.0,1.0
02-02-2021,1927.51,1955.76,1914.49,1922.56,2103864,96.0294716315,95.3808089939,95.7828602601,42077280,0.0,1.0
03-02-2021,2070.07,2116.5,2018.38,2073.0,4118170,103.1318791292,100.5566585655,103.2778531329,82363400,0.0,1.0
04-02-2021,2062.37,2078.55,2042.59,2068.89,1852329,102.7482614402,101.762812364,103.0730909639,37046580,0.0,1.0
05-02-2021,2098.0,2102.51,2059.33,2070.0,1535135,104.5233651099,102.5968071838,103.1283916956,30702700,0.0,1.0
08-02-2021,2092.91,2123.5469,2072.0,2105.91,1242411,104.2697788714,103.2280326538,104.9174450994,24848220,0.0,1.0
09-02-2021,2083.51,2105.13,2078.54,2078.54,886247,103.801466368,103.553858587,103.553858587,17724940,0.0,1.0
10-02-2021,2095.38,2108.37,2063.09,2094.21,1132741,104.3928354547,102.7841321852,104.3345454942,22654820,0.0,1.0
11-02-2021,2095.89,2102.03,2077.32,2099.51,945650,104.418243899,103.4930776025,104.5985940333,18913000,0.0,1.0
12-02-2021,2104.11,2108.82,2083.13,2090.25,855865,104.827768237,103.782534586,104.137256397,17117300,0.0,1.0
16-02-2021,2121.9,2152.68,2104.36,2104.36,1133838,105.7140745599,104.8402233568,104.8402233568,22676760,0.0,1.0
17-02-2021,2128.31,2133.66,2098.92,2100.0,1020252,106.0334238308,104.5691999506,104.623006068,20405040,0.0,1.0
18-02-2021,2117.2,2132.735,2103.71,2110.39,1121855,105.4799183082,104.8078400454,105.1406408457,22437100,0.0,1.0
19-02-2021,2101.14,2130.53,2097.41,2119.27,1457612,104.6798014142,104.4939710272,105.5830466999,29152240,0.0,1.0
22-02-2021,2064.88,2091.42,2062.14,2067.0,1349856,102.8733108427,102.7368027301,102.9789302584,26997120,0.0,1.0
23-02-2021,2070.86,2082.01,2002.02,2025.01,1667377,103.1712373076,99.7415955278,100.8869683418,33347540,0.0,1.0
24-02-2021,2095.17,2100.78,2038.13,2041.83,1248349,104.3823731541,101.5406130273,101.7249487999,24966980,0.0,1.0
25-02-2021,2031.36,2094.88,2021.29,2067.45,1761201,101.203328384,100.7016361596,103.001349474,35224020,0.0,1.0
26-02-2021,2036.86,2071.0099,2016.06,2050.52,2076974,101.4773410189,100.4410750541,102.1578887632,41539480,0.0,1.0
01-03-2021,2081.51,2086.52,2046.1,2056.52,1405115,103.7018254098,101.9376822456,102.4568116376,28102300,0.0,1.0
02-03-2021,2075.84,2104.37,2071.26,2076.19,1134595,103.4193432935,103.1911654993,103.4367804611,22691900,0.0,1.0
03-03-2021,2026.71,2088.518,2010.0,2067.21,1484181,100.9716631563,100.1391629508,102.989392559,29683620,0.0,1.0
04-03-2021,2049.09,2089.24,2020.27,2023.37,2118006,102.0866454781,100.650819271,100.8052627561,42360120,0.0,1.0
05-03-2021,2108.54,2118.11,2046.415,2073.12,2195218,105.0484729594,101.9533756965,103.2838315904,43904360,0.0,1.0
08-03-2021,2024.17,2128.81,2021.61,2101.13,1647429,100.8451191394,100.7175787129,104.6793032094,32948580,0.0,1.0
09-03-2021,2052.7,2078.04,2047.83,2070.0,1697306,102.2664974075,102.0238716744,103.1283916956,33946120,0.0,1.0
10-03-2021,2055.03,2075.0,2033.37,2071.76,1268592,102.3825791238,101.3034675469,103.2160757388,25371840,0.0,1.0
11-03-2021,2114.77,2125.7,2072.38,2074.06,1239080,105.358854544,103.2469644358,103.3306628407,24781600,0.0,1.0
12-03-2021,2061.92,2090.26,2047.55,2085.0,1725794,102.7258422247,102.0099219403,103.8756988818,34515880,0.0,1.0
15-03-2021,2066.49,2067.06,2043.51,2062.3,1298325,102.9535218141,101.8086472048,102.7447740067,25966500,0.0,1.0
16-03-2021,2092.52,2123.56,2070.0,2078.99,1491564,104.2503488845,103.1283916956,103.5762778026,29831280,0.0,1.0
17-03-2021,2091.08,2109.78,2054.0,2076.03,1299016,104.1786073946,102.3312640303,103.4288091845,25980320,0.0,1.0
18-03-2021,2036.22,2075.5,2033.55,2061.0,1362430,101.4454559123,101.3124352332,102.6800073839,27248600,0.0,1.0
19-03-2021,2043.2,2053.1,2017.68,2042.05,2314893,101.7932028563,100.5217842302,101.7359093053,46297860,0.0,1.0
22-03-2021,2038.59,2057.99,2026.07,2041.84,1954816,101.5635304477,100.9397780496,101.7254470047,39096320,0.0,1.0
23-03-2021,2052.96,2072.3025,2039.22,2051.7,1366997,102.2794507321,101.5949173495,102.2166769285,27339940,0.0,1.0
24-03-2021,2045.06,2078.21,2041.555,2065.37,1154029,101.8858689474,101.7112481682,102.8977228775,23080580,0.0,1.0
25-03-2021,2044.36,2058.87,2010.73,2044.81,1418907,101.850994612,100.1755319006,101.8734138276,28378140,0.0,1.0
26-03-2021,2035.55,2050.99,2014.0201,2038.86,1493800,101.4120761913,100.3394462588,101.5769819771,29876000,0.0,1.0
29-03-2021,2055.95,2058.43,2015.62,2027.88,1229777,102.4284139646,100.4191540433,101.0299531168,24595540,0.0,1.0
30-03-2021,2055.54,2070.78,2044.03,2057.63,1036774,102.4079875681,101.8345538539,102.5121123694,20735480,0.0,1.0
31-03-2021,2068.63,2093.3273,2056.745,2059.12,1459930,103.0601376393,102.4680212454,102.5863448832,29198600,0.0,1.0
01-04-2021,2137.75,2142.94,2096.89,2097.95,1698978,106.5037291533,104.4680643781,104.5208740859,33979560,0.0,1.0
05-04-2021,2225.55,2237.31,2151.62,2152.94,2164875,110.8779672165,107.1947391981,107.2605022305,43297500,0.0,1.0
06-04-2021,2224.75,2237.66,2214.8,2222.5,1353036,110.8381108333,110.3423970664,110.7260147553,27060720,0.0,1.0
07-04-2021,2249.68,2255.0,2225.3303,2226.13,1289861,112.0801353767,110.8670216573,110.9068630944,25797220,0.0,1.0
08-04-2021,2265.44,2284.005,2257.68,2277.96,1358259,112.865306127,112.4786992094,113.4890585251,27165180,0.0,1.0
09-04-2021,2285.88,2289.04,2253.7139,2256.7,1044365,113.8836367194,112.2811062073,112.4298751399,20887300,0.0,1.0
12-04-2021,2254.79,2275.32,2238.465,2266.25,1565851,112.3347180248,111.5213987038,112.9056607151,31317020,0.0,1.0
13-04-2021,2267.27,2277.21,2256.09,2261.47,1165804,112.9564776037,112.3994846476,112.6675188251,23316080,0.0,1.0
14-04-2021,2254.84,2277.99,2249.19,2275.16,1010967,112.3372090488,112.055723342,113.3495611837,20219340,0.0,1.0
15-04-2021,2296.66,2306.5965,2266.0,2276.98,1373612,114.4207014839,112.8932055953,113.4402344556,27472240,0.0,1.0
16-04-2021,2297.76,2306.44,2284.45,2303.0,1130090,114.4755040109,113.8123934343,114.7365633213,22601800,0.0,1.0
19-04-2021,2302.4,2318.45,2287.845,2291.98,1234445,114.7066710338,113.9815339608,114.1875416418,24688900,0.0,1.0
20-04-2021,2293.63,2309.6,2271.71,2307.89,1088749,114.2697454323,113.1776805309,114.980185464,21774980,0.0,1.0
21-04-2021,2293.29,2295.32,2258.57,2285.25,1196731,114.2528064694,112.5230394357,113.8522498176,23934620,0.0,1.0
22-04-2021,2267.92,2303.7621,2256.45,2293.23,1054808,112.9888609151,112.4174200201,114.2498172407,21096160,0.0,1.0
23-04-2021,2315.3,2325.82,2278.21,2283.47,1435162,115.349355214,113.5015136449,113.7635693648,28703240,0.0,1.0
26-04-2021,2326.74,2341.26,2313.84,2319.93,1041650,115.9193014946,115.2766173145,115.5800240321,20833000,0.0,1.0
27-04-2021,2307.12,2337.45,2304.27,2336.0,1598583,114.9418236951,114.7998353297,116.3806391309,31971660,0.0,1.0
28-04-2021,2379.91,2452.378,2374.85,2407.145,2986439,118.5682563673,118.3161647432,119.9251171151,59728780,0.0,1.0
29-04-2021,2429.89,2436.52,2402.28,2410.33,1977677,121.0582839117,119.6827404843,120.0837953409,39553540,0.0,1.0
30-04-2021,2410.12,2427.14,2402.16,2404.49,1957130,120.0733330403,119.6767620268,119.7928437431,39142600,0.0,1.0
03-05-2021,2395.17,2419.7,2384.5,2402.72,1689389,119.3285168781,118.7969323663,119.7046614951,33787780,0.0,1.0
04-05-2021,2354.25,2379.26,2311.7,2369.74,1756015,117.2898628741,115.1700014893,118.0615820951,35120300,0.0,1.0
05-05-2021,2356.74,2382.2,2351.41,2368.42,1090275,117.413915867,117.1483727135,117.9958190627,21805500,0.0,1.0
06-05-2021,2381.35,2382.71,2342.3382,2350.64,1030859,118.6399978572,116.6964112914,117.1100109446,20617180,0.0,1.0
07-05-2021,2398.69,2416.41,2390.0,2400.0,1163892,119.5038849644,119.0709450012,119.569149792,23277840,0.0,1.0
10-05-2021,2341.66,2378.0,2334.73,2374.89,1300271,116.6626230425,116.3173671225,118.3181575623,26005420,0.0,1.0
11-05-2021,2308.76,2322.0,2283.0,2291.86,1605548,115.0235292808,113.7401537397,114.1815631843,32110960,0.0,1.0
12-05-2021,2239.08,2285.37,2230.05,2261.71,1746664,111.5520382985,111.1021593724,112.6794757401,34933280,0.0,1.0
13-05-2021,2261.97,2276.6012,2242.72,2261.09,1333508,112.6924290646,111.7333848423,112.648587043,26670160,0.0,1.0
14-05-2021,2316.16,2321.14,2283.32,2291.83,1331248,115.392200826,113.756096293,114.1800685699,26624960,0.0,1.0
17-05-2021,2321.41,2323.34,2295.0,2309.32,992416,115.6537583411,114.3379994886,115.0514287491,19848320,0.0,1.0
18-05-2021,2303.43,2343.15,2303.16,2336.9056,865119,114.7579861273,114.7445345979,116.4257565568,17302380,0.0,1.0
19-05-2021,2308.71,2316.76,2263.52,2264.4,967544,115.0210382568,112.7696508072,112.8134928288,19350880,0.0,1.0
20-05-2021,2356.09,2360.34,2321.09,2328.04,1191593,117.3815325556,115.6378157878,115.9840681174,23831860,0.0,1.0
21-05-2021,2345.1,2368.9999,2342.37,2365.99,1141632,116.8340054905,116.6979955827,117.8747552985,22832640,0.0,1.0
24-05-2021,2406.67,2418.48,2360.11,2367.0,1062189,119.9014523875,117.5818108815,117.9250739824,21243780,0.0,1.0
25-05-2021,2409.07,2432.89,2402.99,2420.0,941928,120.0210215373,119.7181130245,120.5655593736,18838560,0.0,1.0
26-05-2021,2433.53,2442.944,2412.515,2412.835,1092819,121.2396304556,120.1926530877,120.208595641,21856380,0.0,1.0
27-05-2021,2402.51,2440.0,2402.0,2436.94,1948113,119.6941991945,119.6687907502,121.4095182893,38962260,0.0,1.0
28-05-2021,2411.56,2428.14,2407.69,2421.96,1205382,120.1450745302,119.9522692762,120.6632075126,24107640,0.0,1.0
01-06-2021,2429.81,2437.9709,2404.88,2422.0,958289,121.0542982734,119.8122737299,120.6652003318,19165780,0.0,1.0
02-06-2021,2421.28,2442.0,2404.2,2435.31,858105,120.6293295869,119.7783958042,121.3283109083,17162100,0.0,1.0
03-06-2021,2404.61,2409.745,2382.83,2395.02,917291,119.7988222006,118.7137321662,119.3210438062,18345820,0.0,1.0
04-06-2021,2451.76,2453.859,2417.77,2422.52,1297434,122.1478577892,120.4544597053,120.6911069809,25948680,0.0,1.0
07-06-2021,2466.09,2468.0,2441.0725,2451.32,1192453,122.8617852544,121.615401419,122.1259367784,23849060,0.0,1.0
08-06-2021,2482.85,2494.495,2468.24,2479.9,1253253,123.6967764838,122.9688992845,123.5498060705,25065060,0.0,1.0
09-06-2021,2491.4,2505.0,2487.33,2499.5,1006337,124.1227415799,123.9199722301,124.5262874605,20126740,0.0,1.0
10-06-2021,2521.6,2523.26,2494.0,2494.01,1561733,125.6273200482,124.2522748256,124.2527730303,31234660,0.0,1.0
11-06-2021,2513.93,2526.99,2498.29,2524.92,1262309,125.2451969736,124.4660046808,125.7927240387,25246180,0.0,1.0
14-06-2021,2527.04,2528.23,2500.94,2513.39,1127522,125.8983434544,124.5980289504,125.2182939149,22550440,0.0,1.0
15-06-2021,2520.66,2537.24,2512.97,2530.44,1109130,125.5804887978,125.1973693137,126.0677330832,22182600,0.0,1.0
16-06-2021,2513.93,2530.47,2482.9994,2524.95,1307168,125.2451969736,123.7042196634,125.7942186531,26143360,0.0,1.0
17-06-2021,2527.42,2543.93,2510.3,2510.46,1287791,125.9172752364,125.0643486346,125.0723199112,25755820,0.0,1.0
18-06-2021,2511.35,2527.78,2492.06,2514.11,2665310,125.1166601376,124.1556230961,125.2541646599,53306200,0.0,1.0
21-06-2021,2529.1,2540.7349,2502.685,2514.8,1312826,126.0009736413,124.6849656864,125.2885407904,26256520,0.0,1.0
22-06-2021,2539.99,2545.4,2520.53,2529.0,1049310,126.5435186584,125.5740121355,125.9959915934,20986200,0.0,1.0
23-06-2021,2529.23,2555.92,2525.04,2531.0,984658,126.0074503035,125.7987024962,126.0956325515,19693160,0.0,1.0
24-06-2021,2545.64,2550.71,2539.2,2541.07,946662,126.8250043652,126.50416048,126.5973247759,18933240,0.0,1.0
25-06-2021,2539.9,2550.1,2528.88,2539.14,1674297,126.5390348153,125.9900131359,126.5011712512,33485940,0.0,1.0
28-06-2021,2536.39,2546.74,2519.4756,2540.0,1405543,126.3641649338,125.5214814224,126.5440168632,28110860,0.0,1.0
29-06-2021,2520.37,2540.0,2508.74,2535.45,1047478,125.5660408589,124.9866286872,126.3173336834,20949560,0.0,1.0
30-06-2021,2506.32,2516.0,2495.15,2513.0713,1200478,124.8660631278,124.3095683765,125.2024161282,24009560,0.0,1.0
01-07-2021,2527.37,2529.25,2496.995,2496.995,856230,125.9147842125,124.4014871604,124.4014871604,17124600,0.0,1.0
02-07-2021,2574.38,2576.96,2535.38,2536.79,1058256,128.256844934,126.3138462499,126.3840931254,21165120,0.0,1.0
06-07-2021,2595.42,2597.69,2568.18,2588.99,1067517,129.3050678139,127.9479579637,128.9847221334,21350340,0.0,1.0
07-07-2021,2601.55,2612.7983,2595.2,2606.82,834186,129.6104673506,129.2941073085,129.8730212754,16683720,0.0,1.0
08-07-2021,2583.54,2600.65,2560.8,2565.0,988975,128.7132005224,127.5802828281,127.7895288402,19779500,0.0,1.0
09-07-2021,2591.49,2596.99,2578.87,2578.89,755466,129.1092733311,128.4805388851,128.4815352947,15109320,0.0,1.0
12-07-2021,2611.28,2615.4,2592.0,2596.67,847546,130.0952206121,129.1346817754,129.3673434127,16950920,0.0,1.0
13-07-2021,2619.89,2640.8399,2612.74,2617.63,830898,130.5241749369,130.1679585115,130.4115806542,16617960,0.0,1.0
14-07-2021,2641.65,2659.9199,2637.96,2638.03,895927,131.6082685617,131.4244309939,131.4279184275,17918540,0.0,1.0
15-07-2021,2625.33,2651.9,2611.96,2650.0,829316,130.7951983431,130.1290985378,132.024269562,16586320,0.0,1.0
16-07-2021,2636.91,2643.66,2616.43,2632.82,743059,131.3721194909,130.3517960793,131.1683537314,14861180,0.0,1.0
19-07-2021,2585.08,2624.94,2570.74,2623.11,1285466,128.7899240602,128.0754983902,130.6845968796,25709320,0.0,1.0
20-07-2021,2622.03,2640.0271,2583.7675,2600.08,954156,130.6307907622,128.7245346814,129.5372312464,19083120,0.0,1.0
21-07-2021,2652.01,2652.345,2612.03,2615.74,737082,132.124408725,130.1325859714,130.3174199488,14741640,0.0,1.0
22-07-2021,2666.57,2670.09,2648.0,2653.0,680407,132.8497949004,131.9246286039,132.1737309993,13608140,0.0,1.0
23-07-2021,2756.32,2776.17,2694.01,2705.2,1318887,137.3211828978,134.2168688463,134.7743600073,26377740,0.0,1.0
26-07-2021,2792.89,2794.26,2753.0201,2765.0,1152623,139.1431178178,137.1567802989,137.7536246562,23052460,0.0,1.0
27-07-2021,2735.93,2800.22,2702.0,2800.22,2108153,136.3053433294,134.6149344742,139.5083019294,42163060,0.0,1.0
28-07-2021,2727.63,2793.52,2727.0,2771.24,2734417,135.891833353,135.8604464512,138.0645044457,54688340,0.0,1.0
29-07-2021,2730.81,2743.03,2722.76,2727.612,948565,136.0502624765,135.6492076199,135.8909365844,18971300,0.0,1.0
30-07-2021,2704.42,2715.4273,2696.284,2710.22,1197725,134.7355000336,134.3301606158,135.0244588122,23954500,0.0,1.0
02-08-2021,2719.79,2720.41,2693.39,2709.69,1007002,135.501240797,134.1859801493,134.9980539583,20140040,0.0,1.0
03-08-2021,2725.6,2726.71,2683.67,2720.0,953200,135.7906977805,133.7017250927,135.5117030976,19064000,0.0,1.0
04-08-2021,2720.57,2730.76,2708.3,2724.99,826357,135.5401007707,134.9288034924,135.7603072882,16527140,0.0,1.0
05-08-2021,2738.8,2739.0,2712.0,2720.57,593589,136.4483281043,135.113139265,135.5401007707,11871780,0.0,1.0
06-08-2021,2740.72,2741.6009,2720.93,2725.9,678251,136.5439834242,135.5580361432,135.8056439242,13565020,0.0,1.0
09-08-2021,2760.04,2766.43,2728.575,2738.98,618978,137.50651508,135.9389137057,136.4572957906,12379560,0.0,1.0
10-08-2021,2761.93,2771.03,2744.53,2761.59,801954,137.6006757855,136.7337994495,137.5837368226,16039080,0.0,1.0
11-08-2021,2753.79,2776.955,2747.0,2765.66,760483,137.1951370858,136.8568560328,137.7865061724,15209660,0.0,1.0
12-08-2021,2767.79,2768.36,2735.58,2754.26,732470,137.8926237929,136.2879061617,137.2185527109,14649400,0.0,1.0
13-08-2021,2768.12,2773.48,2760.1,2767.15,626348,137.909064551,137.5095043087,137.8607386863,12526960,0.0,1.0
16-08-2021,2778.32,2779.81,2723.315,2760.0,902542,138.4172334376,135.6768579858,137.5045222608,18050840,0.0,1.0
17-08-2021,2746.01,2774.37,2735.75,2763.82,1063701,136.8075337585,136.2963756431,137.6948364909,21274020,0.0,1.0
18-08-2021,2731.4,2765.88,2728.42,2742.31,746723,136.0796565592,135.9311915315,136.6231979859,14934460,0.0,1.0
19-08-2021,2738.27,2749.04,2707.12,2709.35,914796,136.4219232504,134.8700153271,134.9811149954,18295920,0.0,1.0
20-08-2021,2768.74,2772.29,2729.34,2741.66,778337,137.939953248,135.9770263722,136.5908146745,15566740,0.0,1.0
23-08-2021,2821.99,2843.5399,2774.9586,2779.97,1054484,140.592893759,138.2497668792,138.4994372281,21089680,0.0,1.0
24-08-2021,2847.97,2860.15,2827.07,2830.87,756313,141.8872298055,140.8459817927,141.0352996132,15126260,0.0,1.0
25-08-2021,2859.0,2866.26,2848.79,2857.66,642153,142.4367496898,141.9280825984,142.3699902478,12843060,0.0,1.0
26-08-2021,2842.46,2862.696,2841.83,2852.37,746100,141.6127189658,141.581332064,142.1064399135,14922000,0.0,1.0
27-08-2021,2891.01,2900.22,2840.4,2842.25,1228412,144.0315032251,141.5100887789,141.6022566652,24568240,0.0,1.0
30-08-2021,2909.39,2929.7899,2892.0,2894.09,845795,144.9472036306,144.0808254994,144.1849503007,16915900,0.0,1.0
31-08-2021,2909.24,2922.24,2900.0,2917.69,1337821,144.9397305587,144.479389332,145.360713607,26756420,0.0,1.0
01-09-2021,2916.84,2936.4099,2912.29,2913.0,791234,145.3183661997,145.0916830199,145.1270555601,15824680,0.0,1.0
02-09-2021,2884.38,2926.5,2882.13,2918.99,1092790,143.7011934488,143.5890973709,145.4254802298,21855800,0.0,1.0
03-09-2021,2895.5,2907.54,2870.1,2882.92,955524,144.2551971762,142.9897570075,143.6284555494,19110480,0.0,1.0
07-09-2021,2910.38,2916.48,2890.82,2894.99,758630,144.9965259049,144.0220373341,144.2297887318,15172600,0.0,1.0
08-09-2021,2897.67,2911.02,2884.0,2907.87,774583,144.3633076158,143.6822616668,144.8714765024,15491660,0.0,1.0
09-09-2021,2898.27,2913.39,2888.68,2897.67,739928,144.3931999032,143.9154215089,144.3633076158,14798560,0.0,1.0
10-09-2021,2838.42,2920.38,2834.83,2908.87,1644831,141.4114442303,141.2325887104,144.9212969815,32896620,0.0,1.0
13-09-2021,2869.3,2883.82,2845.65,2864.02,1008781,142.9499006243,141.771646294,142.6868484947,20175620,0.0,1.0
14-09-2021,2868.12,2894.55,2858.11,2883.22,945957,142.891112459,142.3924094634,143.6434016931,18919140,0.0,1.0
15-09-2021,2904.12,2911.63,2845.12,2875.18,1032671,144.6846497059,141.7452414401,143.2428450413,20653420,0.0,1.0
16-09-2021,2887.47,2904.0,2868.3272,2902.42,1014942,143.8551387292,142.9014352622,144.5999548914,20298840,0.0,1.0
17-09-2021,2829.27,2884.99,2821.23,2875.97,3001991,140.9555868467,140.5550301949,143.2822032197,60039820,0.0,1.0
20-09-2021,2780.34,2787.25,2741.06,2780.0035,1745886,138.5178708053,136.5609223871,138.5011062141,34917720,0.0,1.0
21-09-2021,2792.93,2816.2323,2778.11,2802.34,906469,139.1451106369,138.406771137,139.6139213451,18129380,0.0,1.0
22-09-2021,2818.77,2831.67,2789.435,2801.01,1103390,140.4324718164,138.9709880626,139.5476601079,22067800,0.0,1.0
23-09-2021,2836.53,2845.0493,2821.93,2832.19,863805,141.3172835248,140.5899045303,141.1010626456,17276100,0.0,1.0
24-09-2021,2852.66,2858.07,2817.01,2818.92,747467,142.1208878524,140.3447877732,140.4399448882,14949340,0.0,1.0
27-09-2021,2830.02,2850.0,2810.0,2831.71,942204,140.992952206,139.9955462148,141.0771488157,18844080,0.0,1.0
28-09-2021,2723.68,2792.13,2714.0,2781.77,2109483,135.6950424607,135.2127802232,138.5891140904,42189660,0.0,1.0
29-09-2021,2690.42,2747.97,2685.0,2742.1938,1316861,134.0380133265,133.7679863298,136.6174088462,26337220,0.0,1.0
30-09-2021,2665.31,2711.8,2660.0,2686.5,1768199,132.7870210968,132.5224743528,133.8427170485,35363980,0.0,1.0
01-10-2021,2729.25,2741.42,2667.55,2671.09,1419365,135.9725425291,132.8986189699,133.0749834658,28387300,0.0,1.0
04-10-2021,2675.3,2714.0,2623.33,2713.99,1576495,133.2847276828,130.695557385,135.2122820184,31529900,0.0,1.0
05-10-2021,2723.54,2747.24,2680.0,2680.0,1206337,135.6880675936,133.5188839344,133.5188839344,24126740,0.0,1.0
06-10-2021,2747.08,2757.04,2689.73,2692.51,988216,136.8608416711,134.0036371959,134.1421381277,19764320,0.0,1.0
07-10-2021,2783.71,2803.0891,2771.26,2777.26,912523,138.6857658198,138.0655008553,138.3644237298,18250460,0.0,1.0
08-10-2021,2801.12,2806.34,2788.5868,2798.12,946421,139.5531403606,138.9287303322,139.4036789234,18928420,0.0,1.0
11-10-2021,2776.95,2815.2725,2776.13,2796.0,829238,138.3489793812,138.3081265884,139.2980595077,16584760,0.0,1.0
12-10-2021,2734.26,2793.9,2725.0,2792.75,1126751,136.2221431293,135.760805493,139.1361429507,22535020,0.0,1.0
13-10-2021,2758.0,2771.0,2739.53,2755.0,819664,137.4048813027,136.4846970541,137.2554198654,16393280,0.0,1.0
14-10-2021,2828.24,2833.03,2786.78,2799.04,1071878,140.9042717533,138.8387146906,139.4495137641,21437560,0.0,1.0
15-10-2021,2833.5,2844.0,2821.29,2844.0,1062668,141.1663274732,140.5580194237,141.6894425036,21253360,0.0,1.0
18-10-2021,2859.21,2859.975,2824.27,2824.27,828360,142.4472119904,140.7064844513,140.7064844513,16567200,0.0,1.0
19-10-2021,2876.44,2882.14,2861.92,2865.83,765792,143.3056188449,142.5822254887,142.7770235619,15315840,0.0,1.0
20-10-2021,2848.3,2884.955,2838.24,2884.45,896975,141.9036705636,141.4024765441,143.7046808823,17939500,0.0,1.0
21-10-2021,2855.61,2856.99,2832.74,2843.84,742496,142.2678582657,141.1284639091,141.6814712269,14849920,0.0,1.0
22-10-2021,2772.5,2831.17,2743.41,2807.02,1509132,138.1272782493,136.6780005129,139.8470811872,30182640,0.0,1.0
25-10-2021,2775.46,2784.116,2734.97,2776.21,1054085,138.2747468674,136.2575156695,138.3121122267,21081700,0.0,1.0
26-10-2021,2793.44,2816.79,2780.11,2812.12,1412937,139.1705190813,138.5064120951,140.1011656305,28258740,0.0,1.0
27-10-2021,2928.55,2982.36,2798.05,2798.05,2592546,145.9017640098,139.4001914898,139.4001914898,51850920,0.0,1.0
28-10-2021,2922.58,2948.49,2895.27,2945.98,1620903,145.6043357497,144.243738466,146.7701349601,32418060,0.0,1.0
29-10-2021,2965.41,2972.26,2903.33,2910.4,1447725,147.7381468687,144.6452915274,144.9975223145,28954500,0.0,1.0
01-11-2021,2875.48,2967.99,2871.59,2963.3,1578447,143.257791185,143.0639895214,147.6330256578,31568940,0.0,1.0
02-11-2021,2917.26,2938.41,2892.82,2896.1877,1054648,145.339290801,144.1216782922,144.2894587196,21092960,0.0,1.0
03-11-2021,2935.8,2938.21,2901.07,2925.5,894330,146.2629624831,144.5326972447,145.7498115486,17886600,0.0,1.0
04-11-2021,2973.66,2999.0,2932.7,2944.0,1235040,148.1491658211,146.108518998,146.6714904116,24700800,0.0,1.0
05-11-2021,2984.82,3011.4145,2973.04,2987.07,1020407,148.7051623676,148.118277124,148.8172584455,20408140,0.0,1.0
08-11-2021,2987.03,3020.6899,2982.4,3000.0,919407,148.8152656264,148.5845968082,149.46143724,18388140,0.0,1.0
09-11-2021,2984.97,3007.57,2950.14,2994.92,842214,148.7126354395,146.9773881531,149.2083492063,16844280,0.0,1.0
10-11-2021,2932.52,2973.9999,2906.5,2960.195,1135416,146.0995513117,144.8032224461,147.4783330703,22708320,0.0,1.0
11-11-2021,2934.96,2970.045,2933.89,2942.14,623155,146.2211132807,146.1678053681,146.5788243205,12463100,0.0,1.0
12-11-2021,2992.91,2997.19,2929.08,2956.63,849970,149.1082100434,145.9281688637,147.3007230623,16999400,0.0,1.0
15-11-2021,2987.76,3009.54,2973.05,3000.0,812367,148.8516345761,148.1187753288,149.46143724,16247340,0.0,1.0
16-11-2021,2981.52,2996.65,2967.0,2983.41,862743,148.5407547866,147.8173614304,148.6349154921,17254860,0.0,1.0
17-11-2021,2981.24,2992.52,2971.26,2984.58,764541,148.5268050525,148.0295966713,148.6932054526,15290820,0.0,1.0
18-11-2021,3014.18,3032.2,2979.97,2982.92,1334120,150.1678916334,148.4635330441,148.6105034574,26682400,0.0,1.0
19-11-2021,2999.05,3037.0,2997.75,3020.0,989148,149.4141077849,149.3493411621,150.4578468216,19782960,0.0,1.0
22-11-2021,2941.57,3014.89,2940.11,3002.8352,1231385,146.5504266474,146.4776887479,149.6026882623,24627700,0.0,1.0
23-11-2021,2935.14,2953.88,2897.79,2942.26,906657,146.2300809669,144.3692860733,146.584802778,18133140,0.0,1.0
24-11-2021,2934.35,2940.0,2903.98,2927.0,823203,146.1907227884,144.6776748388,145.8245422672,16464060,0.0,1.0
26-11-2021,2856.12,2905.9404,2849.71,2900.31,849606,142.29326671,141.9739174391,144.4948336806,16992120,0.0,1.0
29-11-2021,2922.28,2937.24,2885.97,2885.97,1313806,145.5893896059,143.7804080105,143.7804080105,26276120,0.0,1.0
30-11-2021,2849.04,2932.57,2841.32,2909.005,2079526,141.9405377181,141.5559236196,144.9280227462,41590520,0.0,1.0
01-12-2021,2832.36,2929.9825,2830.0,2884.25,1427289,141.1095321271,140.9919557964,143.6947167865,28545780,0.0,1.0
02-12-2021,2875.53,2893.5,2819.64,2836.48,1062535,143.260282209,140.4758156332,141.3147925009,21250700,0.0,1.0
03-12-2021,2850.41,2904.2599,2823.0,2889.91,1334374,142.0087917745,140.6432124429,143.9767006981,26687480,0.0,1.0
06-12-2021,2875.93,2887.03,2812.94,2871.48,1109885,143.2802104006,140.1420184233,143.0585092687,22197700,0.0,1.0
07-12-2021,2960.73,2966.0,2914.05,2919.0,1162914,147.5049870266,145.1793670631,145.4259784346,23258280,0.0,1.0
08-12-2021,2974.41,2983.13,2944.0,2966.63,948197,148.1865311804,146.6714904116,147.7989278531,18963940,0.0,1.0
09-12-2021,2962.12,2992.1,2950.58,2963.52,929030,147.5742374925,146.9993091639,147.6439861632,18580600,0.0,1.0
10-12-2021,2973.5,2988.0,2947.15,2982.0,1081923,148.1411945444,146.8284249207,148.5646686166,21638460,0.0,1.0
13-12-2021,2934.09,2971.25,2927.2,2968.88,1205196,146.1777694639,145.834506363,147.9110239311,24103920,0.0,1.0
14-12-2021,2899.41,2908.84,2844.85,2895.4,1238940,144.4499952494,141.7317899108,144.2502151283,24778800,0.0,1.0
15-12-2021,2947.37,2950.345,2854.11,2887.32,1364048,146.8393854261,142.1931275471,143.8476656573,27280960,0.0,1.0
16-12-2021,2896.77,2971.03,2881.85,2961.54,1369987,144.3184691846,143.5751476367,147.5453416146,27399740,0.0,1.0
17-12-2021,2856.06,2889.2019,2835.76,2854.29,2170235,142.2902774813,141.2789217559,142.2020952333,43404700,0.0,1.0
20-12-2021,2848.03,2852.21,2805.0,2813.5919,1013176,141.8902190343,139.7464438194,140.1744963936,20263520,0.0,1.0
21-12-2021,2884.41,2893.8413,2834.7,2863.0,977597,143.7026880632,141.2261120481,142.6360316061,19551940,0.0,1.0
22-12-2021,2938.98,2946.06,2879.26,2882.0,922024,146.4213916066,143.4461125959,143.5826207086,18440480,0.0,1.0
23-12-2021,2942.85,2971.4519,2939.0168,2941.79,690934,146.6141968606,146.4232250002,146.5613871528,13818680,0.0,1.0
27-12-2021,2961.28,2968.53,2945.0,2949.27,662966,147.5323882901,146.7213108906,146.9340443363,13259320,0.0,1.0
28-12-2021,2928.96,2967.49,2918.71,2967.49,931792,145.9221904062,145.4115304956,147.8417734652,18635840,0.0,1.0
29-12-2021,2930.09,2943.675,2910.09,2928.59,851236,145.9784875476,144.982077966,145.9037568289,17024720,0.0,1.0
30-12-2021,2920.05,2941.25,2915.17,2929.0,648851,145.4782899376,145.2351659997,145.9241832254,12977020,0.0,1.0
31-12-2021,2893.59,2927.3,2893.55,2910.88,847077,144.1600400611,144.158047242,145.0214361444,16941540,0.0,1.0
03-01-2022,2901.49,2911.0,2870.05,2889.51,1261225,144.5536218459,142.9872659836,143.9567725065,25224500,0.0,1.0
04-01-2022,2888.33,2932.2,2876.3225,2911.01,1146389,143.8979843412,143.2997649386,145.0279128067,22927780,0.0,1.0
05-01-2022,2753.07,2885.96,2750.47,2883.62,2482076,137.1592663408,137.0297330952,143.6633298847,49641520,0.0,1.0
06-01-2022,2751.02,2793.72,2735.27,2749.95,1452452,137.0571343587,136.2724618132,137.0038264461,29049040,0.0,1.0
07-01-2022,2740.09,2765.0949,2715.78,2758.1,970412,136.5125965224,135.3014606759,137.4098633506,19408240,0.0,1.0
10-01-2022,2771.48,2772.8,2662.81,2701.98,1704784,138.0764613607,132.6624698991,134.6139380646,34095680,0.0,1.0
11-01-2022,2800.35,2806.59,2736.27,2763.61,1148153,139.5147785917,136.3222822923,137.6843741903,22963060,0.0,1.0
12-01-2022,2832.96,2856.2849,2822.24,2831.09,1182079,141.1394244145,140.6053488788,141.0462601186,23641580,0.0,1.0
13-01-2022,2782.62,2863.71,2778.28,2836.81,1328254,138.6314614976,138.4152406184,141.331233259,26565080,0.0,1.0
14-01-2022,2795.73,2824.01,2750.0,2750.0,1191296,139.2846079784,137.00631747,137.00631747,23825920,0.0,1.0
18-01-2022,2725.81,2747.8299,2712.34,2732.0,1347275,135.8011600811,135.1300782279,136.1095488466,26945500,0.0,1.0
19-01-2022,2713.04,2767.99,2710.0,2738.77,1002757,135.1649525632,135.0134983068,136.44683349,20055140,0.0,1.0
20-01-2022,2670.13,2758.24,2662.89,2730.28,1096528,133.0271558059,132.6664555374,136.0238576226,21930560,0.0,1.0
21-01-2022,2601.84,2695.21,2600.02,2660.24,2095961,129.6249152895,129.5342420176,132.5344312678,41919220,0.0,1.0
24-01-2022,2607.44,2615.57,2492.839,2520.55,2764602,129.9039099724,124.1944332493,125.5750085451,55292040,0.0,1.0
25-01-2022,2534.71,2586.77,2527.56,2568.71,1800430,126.2804665289,125.9242501035,127.9743628176,36008600,0.0,1.0
26-01-2022,2584.8,2656.15,2543.07,2611.85,1981544,128.775974326,126.696965734,130.1236182851,39630880,0.0,1.0
27-01-2022,2582.42,2652.1988,2578.9,2627.22,1514251,128.6574015858,128.4820334994,130.8893590486,30285020,0.0,1.0
28-01-2022,2665.79,2667.41,2573.89,2600.0,1525878,132.8109349267,128.2324328993,129.533245608,30517560,0.0,1.0
31-01-2022,2713.97,2716.87,2645.48,2683.96,1702778,135.2112856088,131.7990809966,133.7161730316,34055560,0.0,1.0
01-02-2022,2757.57,2764.0,2691.3645,2756.7,2560160,137.3834584967,134.0850687689,137.3401146799,51203200,0.0,1.0
02-02-2022,2960.73,3042.0,2911.1501,3037.27,4487538,147.5049870266,145.0348926558,151.3182464954,89750760,0.0,1.0
03-02-2022,2853.01,2982.3544,2844.1,2905.9,2846507,142.1383250201,141.6944245515,144.7733301586,56930140,0.0,1.0
04-02-2022,2860.32,2890.705,2796.35,2860.34,2461220,142.5025127221,139.3154966754,142.5035091317,49224400,0.0,1.0
07-02-2022,2778.76,2876.9299,2773.98,2874.18,2230537,138.4391544484,138.2010125584,143.1930245622,44610740,0.0,1.0
08-02-2022,2784.26,2796.7424,2737.46,2779.825,1712752,138.7131670833,136.3815686624,138.4922132586,34255040,0.0,1.0
09-02-2022,2829.06,2843.51,2807.54,2816.995,1431358,140.9451245461,139.8729878363,140.344040466,28627160,0.0,1.0
10-02-2022,2772.05,2828.62,2761.0,2790.0,1650885,138.1048590338,137.5543427399,138.9991366332,33017700,0.0,1.0
11-02-2022,2682.6,2785.665,2665.77,2775.0,1940440,133.64841718,132.8099385171,138.251829447,38808800,0.0,1.0
14-02-2022,2706.0,2723.3299,2666.04,2667.31,1339640,134.8142163905,132.8233900465,132.8866620549,26792800,0.0,1.0
15-02-2022,2728.51,2758.0,2710.7901,2749.43,1328878,135.9356753746,135.0528614674,136.977919797,26577560,0.0,1.0
16-02-2022,2749.75,2758.92,2696.4728,2728.61,1280483,136.9938623503,134.3395667222,135.9406574225,25609660,0.0,1.0
17-02-2022,2646.17,2736.79,2644.04,2723.0,1548406,131.8334571272,131.7273395067,135.6611645349,30968120,0.0,1.0
18-02-2022,2609.35,2676.48,2606.1405,2660.75,1592930,129.9990670874,129.8391682598,132.5598397121,31858600,0.0,1.0
22-02-2022,2588.05,2638.015,2554.82,2599.7,1922576,128.937890883,127.2823563632,129.5182994643,38451520,0.0,1.0
23-02-2022,2551.7,2634.98,2550.07,2621.57,1321564,127.1269164685,127.0457090876,130.6078733418,26431280,0.0,1.0
24-02-2022,2653.47,2660.74,2495.29,2500.0,2158254,132.1971466244,124.3165432436,124.5511977,43165080,0.0,1.0
25-02-2022,2690.39,2707.78,2635.3,2670.51,1311793,134.0365187121,131.2919085196,133.046087588,26235860,0.0,1.0
28-02-2022,2697.82,2712.81,2656.505,2665.69,1483784,134.4066848716,132.3483517785,132.8059528788,29675680,0.0,1.0
01-03-2022,2683.36,2722.22,2667.57,2689.6,1231996,133.6862807441,132.8996153795,133.9971605336,24639920,0.0,1.0
02-03-2022,2695.03,2712.31,2668.65,2692.165,1198337,134.267685735,132.9534214969,134.1249500624,23966740,0.0,1.0
03-03-2022,2686.16,2734.2759,2668.62,2719.57,988965,133.8257780856,132.9519268825,135.4902802916,19779300,0.0,1.0
04-03-2022,2642.44,2683.98,2608.17,2667.65,1223612,131.6476267402,129.9402789221,132.9036010178,24472240,0.0,1.0
07-03-2022,2529.29,2638.08,2528.2,2638.08,1958895,126.0104395323,125.9561352101,131.4304094514,39177900,0.0,1.0
08-03-2022,2545.57,2624.93,2517.215,2525.01,1762478,126.8215169317,125.4088572474,125.7972078818,35249560,0.0,1.0
09-03-2022,2677.32,2683.97,2601.76,2628.0,1612872,133.3853650505,129.6209296512,130.9282190223,32257440,0.0,1.0
10-03-2022,2653.64,2670.77,2628.02,2629.25,1213260,132.2056161059,130.9292154319,130.9904946211,24265200,0.0,1.0
11-03-2022,2609.51,2684.0,2605.93,2679.99,1329990,130.0070383641,129.828681049,133.5183857296,26599800,0.0,1.0
14-03-2022,2534.82,2620.52,2528.26,2611.46,1512693,126.2859467816,125.9591244388,130.1041882983,30253860,0.0,1.0
15-03-2022,2593.21,2610.345,2531.36,2554.83,1514630,129.1949645551,126.113567924,127.282854568,30292600,0.0,1.0
16-03-2022,2673.81,2675.42,2584.02,2620.0,1602910,133.2104951689,128.7371143523,130.5296551896,32058200,0.0,1.0
17-03-2022,2692.01,2694.7899,2654.38,2666.42,1199719,134.1172278882,132.2424832604,132.8423218285,23994380,0.0,1.0
18-03-2022,2736.03,2738.27,2658.64,2677.68,2274522,136.3103253773,132.4547185013,133.403300423,45490440,0.0,1.0
21-03-2022,2729.57,2751.65,2692.23,2736.95,1311843,135.9884850824,134.1281883936,136.356160218,26236860,0.0,1.0
22-03-2022,2805.55,2830.0,2730.0,2730.0,1485315,139.7738450829,136.0099078884,136.0099078884,29706300,0.0,1.0
23-03-2022,2770.07,2800.5,2763.33,2782.77,1265116,138.0062144852,137.6704244562,138.6389345695,25302320,0.0,1.0
24-03-2022,2826.24,2827.93,2760.7876,2785.45,1027236,140.8046307951,137.5437608702,138.7724534534,20544720,0.0,1.0
25-03-2022,2830.43,2839.19,2793.99,2835.08,946137,141.0133786024,139.1979203448,141.2450438302,18922740,0.0,1.0
28-03-2022,2839.0,2839.53,2796.5627,2813.69,1188654,141.4403401082,139.3260934913,140.1793837826,23773080,0.0,1.0
29-03-2022,2865.0,2883.25,2849.68,2863.21,1433921,142.7356725642,141.9724228247,142.6464939067,28678420,0.0,1.0
30-03-2022,2852.89,2869.61,2843.36,2857.4,1052319,142.1323465626,141.6575573969,142.3570369232,21046380,0.0,1.0
31-03-2022,2792.99,2852.89,2792.38,2848.97,1475816,139.1480998657,139.1177093734,141.9370502846,29516320,0.0,1.0
01-04-2022,2814.0,2819.0,2775.94,2800.2,1174001,140.1948281312,138.2986606974,139.5073055199,23480020,0.0,1.0
04-04-2022,2872.85,2880.875,2816.49,2816.49,954245,143.126763325,140.3188811241,140.3188811241,19084900,0.0,1.0
05-04-2022,2821.26,2871.8,2818.87,2867.99,926553,140.5565248093,140.4374538643,142.8846357967,18531060,0.0,1.0
06-04-2022,2743.52,2796.97,2728.3622,2783.23,1178730,136.6834807656,135.9283119078,138.6618519899,23574600,0.0,1.0
07-04-2022,2729.3,2754.03,2697.145,2732.36,972427,135.9750335531,134.3730560483,136.1274842191,19448540,0.0,1.0
08-04-2022,2680.21,2725.0,2675.0501,2725.0,821724,133.529346235,133.272277545,135.760805493,16434480,0.0,1.0
11-04-2022,2595.93,2658.7836,2592.35,2658.0,1209367,129.3304762582,129.1521189431,132.4228333947,24187340,0.0,1.0
12-04-2022,2567.49,2648.47,2551.52,2648.47,1150161,127.9135818331,127.1179487822,131.948044229,23003220,0.0,1.0
13-04-2022,2605.72,2613.115,2568.7719,2572.53,977148,129.8182187484,127.9774467053,128.1646770477,19542960,0.0,1.0
14-04-2022,2545.06,2614.205,2542.23,2612.99,1174168,126.7961084874,126.6551165316,130.1804136313,23483360,0.0,1.0
18-04-2022,2559.22,2574.24,2531.5693,2548.2,745860,127.5015664712,126.1239953503,126.9525447917,14917200,0.0,1.0
19-04-2022,2610.62,2618.075,2549.03,2561.54,1135965,130.0623390959,126.9938957893,127.6171499826,22719300,0.0,1.0
20-04-2022,2564.91,2638.47,2557.8811,2625.68,1126974,127.7850449971,127.4348618317,130.8126355108,22539480,0.0,1.0
21-04-2022,2498.75,2606.15,2493.0,2587.0,1507877,124.4889221012,124.2024543465,128.88557938,30157540,0.0,1.0
22-04-2022,2392.28,2509.04,2382.81,2500.0,2320515,119.1845356935,118.7127357566,124.5511977,46410300,0.0,1.0
25-04-2022,2465.0,2465.56,2375.385,2388.59,1726090,122.8074809322,118.3428186995,119.0006981257,34521800,0.0,1.0
26-04-2022,2390.12,2455.0,2383.237,2455.0,2284104,119.0769234587,118.7340091012,122.3092761414,45682080,0.0,1.0
27-04-2022,2300.41,2350.0,2262.485,2287.46,3111906,114.6075282805,112.7180866113,113.9623530764,62238120,0.0,1.0
28-04-2022,2388.23,2408.77,2302.8778,2342.3,1839547,118.9827627533,114.7304752587,116.6945081491,36790940,0.0,1.0
29-04-2022,2299.33,2379.2,2293.88,2351.56,1684655,114.553722163,114.2822005521,117.1558457854,33693100,0.0,1.0
02-05-2022,2343.14,2346.79,2267.99,2278.13,1513982,116.7363573515,112.9923483487,113.4975280066,30279640,0.0,1.0
03-05-2022,2362.59,2386.0,2332.54,2335.3,1060787,117.7053656697,116.2082602733,116.3457647956,21215740,0.0,1.0
04-05-2022,2451.5,2462.86,2314.77,2360.07,1656826,122.1349044647,115.32295036,117.5798180624,33136520,0.0,1.0
05-05-2022,2334.93,2424.665,2303.65,2404.41,2154452,116.3273312183,114.7689466327,119.7888581048,43089040,0.0,1.0
06-05-2022,2313.2,2349.97,2282.86,2310.38,1765474,115.2447322079,113.7331788726,115.1042384569,35309480,0.0,1.0
09-05-2022,2261.68,2311.2581,2251.03,2266.07,1726048,112.6779811257,112.1473930235,112.8966930288,34520960,0.0,1.0
10-05-2022,2291.69,2333.82,2267.6657,2320.81,1557889,114.1730937029,112.9761915673,115.6238660537,31157780,0.0,1.0
11-05-2022,2279.22,2333.42,2273.0,2274.21,1825082,113.5518323287,113.2419489489,113.3022317286,36501640,0.0,1.0
12-05-2022,2263.22,2297.13,2202.27,2238.76,2073244,112.7547046635,109.7181464635,111.5360957452,41464880,0.0,1.0
13-05-2022,2330.31,2361.7,2280.0,2296.91,1486878,116.0971606049,113.5906923024,114.4331566037,29737560,0.0,1.0
16-05-2022,2295.85,2332.15,2286.7,2307.68,1164119,114.3803468958,113.9244895123,114.9697231634,23282380,0.0,1.0
17-05-2022,2334.03,2344.55,2306.75,2344.55,1078804,116.2824927871,114.9233901178,116.806604227,21576080,0.0,1.0
18-05-2022,2248.02,2313.9134,2242.84,2304.75,1399138,111.9974333815,111.7393632998,114.8237491597,27982760,0.0,1.0
19-05-2022,2214.91,2271.75,2209.36,2236.82,1459587,110.3478773191,110.0713736602,111.4394440158,29191740,0.0,1.0
20-05-2022,2186.26,2251.0,2127.46,2241.71,1879301,108.9205205935,105.9910764236,111.6830661585,37586020,0.0,1.0
23-05-2022,2233.33,2240.11,2183.085,2202.08,1577911,111.2655705438,108.7623405724,109.7086805725,31558220,0.0,1.0
24-05-2022,2118.52,2127.9,2044.16,2127.55,3019319,105.5456813406,101.8410305162,105.9955602667,60386380,0.0,1.0
25-05-2022,2116.79,2130.8938,2084.225,2102.84,1894967,105.4594919118,103.8370880105,104.7644962286,37899340,0.0,1.0
26-05-2022,2165.92,2179.105,2109.76,2121.01,1514374,107.907172049,105.1092539439,105.6697343335,30287480,0.0,1.0
27-05-2022,2255.98,2257.36,2191.0,2195.77,1496221,112.3940043949,109.1566696643,109.3943133495,29924420,0.0,1.0
31-05-2022,2280.78,2328.67,2251.45,2261.58,2565096,113.6295522761,112.1683176247,112.6729990778,51301920,0.0,1.0
01-06-2022,2282.74,2347.98,2271.01,2298.63,1431464,113.7272004151,113.1428061955,114.5188478277,28629280,0.0,1.0
02-06-2022,2354.92,2357.96,2266.16,2283.76,1374770,117.3232425951,112.901176872,113.7780173038,27495400,0.0,1.0
03-06-2022,2291.28,2327.29,2273.36,2319.85,1247604,114.1526673065,113.2598843213,115.5760383938,24952080,0.0,1.0
06-06-2022,2340.21,2387.9696,2330.5658,2334.85,1189336,116.5903833478,116.1099046835,116.32334558,23786720,0.0,1.0
07-06-2022,2344.59,2354.9725,2302.5101,2312.96,1320677,116.8085970462,114.7121562686,115.2327752929,26413540,0.0,1.0
08-06-2022,2344.76,2372.92,2333.935,2337.53,1127213,116.8170665277,116.2777598416,116.4568644639,22544260,0.0,1.0
09-06-2022,2298.36,2367.0,2297.34,2326.83,1157080,114.5053962983,114.4545794097,115.9237853377,23141600,0.0,1.0
10-06-2022,2228.55,2269.94,2217.22,2255.625,1567487,111.0274286538,110.4629626258,112.3763181249,31349740,0.0,1.0
13-06-2022,2137.53,2184.37,2131.7611,2148.92,1837810,106.4927686479,106.2053592861,107.0602239046,36756200,0.0,1.0
14-06-2022,2143.88,2169.15,2127.04,2137.8,1274047,106.8091286901,105.9701518224,106.5062201773,25480940,0.0,1.0
15-06-2022,2207.81,2241.26,2162.375,2177.99,1659601,109.9941519176,107.7305584506,108.5085052315,33192020,0.0,1.0
16-06-2022,2132.72,2185.81,2115.8501,2162.99,1765662,106.2531321435,105.4126656435,107.7611980453,35313240,0.0,1.0
17-06-2022,2157.31,2184.99,2112.5706,2130.7,2175833,107.4782177241,105.2492793824,106.1524947758,43516660,0.0,1.0
21-06-2022,2240.3,2253.46,2185.87,2194.04,1950514,111.612819283,108.9010906066,109.3081239207,39010280,0.0,1.0
22-06-2022,2240.68,2275.39,2214.4857,2223.26,1196086,111.631751065,110.3267384898,110.7638783194,23921720,0.0,1.0
23-06-2022,2253.69,2263.93,2220.58,2259.0,1235486,112.2799154978,110.6303594355,112.5444622418,24709720,0.0,1.0
24-06-2022,2370.76,2372.75,2272.06,2272.06,1956138,118.1123989837,113.1951176985,113.1951176985,39122760,0.0,1.0
27-06-2022,2332.45,2385.0,2320.015,2378.7,1641965,116.2037764302,115.5842587728,118.5079735876,32839300,0.0,1.0
28-06-2022,2251.43,2357.13,2248.88,2327.02,1415811,112.1673212151,112.0402789935,115.9332512288,28316220,0.0,1.0
29-06-2022,2245.13,2273.29,2231.0801,2242.97,931393,111.8534521969,111.1534794479,111.7458399621,18627860,0.0,1.0
30-06-2022,2187.45,2226.596,2146.2,2209.99,1902302,108.9798069636,106.9247122015,110.102760562,38046040,0.0,1.0
01-07-2022,2181.62,2196.1273,2142.1,2166.74,1551394,108.6893535705,106.7204482373,107.9480248418,31027880,0.0,1.0
05-07-2022,2277.74,2281.0516,2124.9901,2150.29,1821469,113.4780980197,105.8680248223,107.128477961,36429380,0.0,1.0
06-07-2022,2304.27,2327.04,2245.01,2281.84,1442634,114.7998353297,111.8474737394,113.6823619839,28852680,0.0,1.0
07-07-2022,2386.12,2397.2399,2310.68,2320.16,1609197,118.8776415424,115.1191846006,115.5914827423,32183940,0.0,1.0
08-07-2022,2403.37,2408.7,2350.28,2351.0,1454110,119.7370448065,117.0920755722,117.1279463171,29082200,0.0,1.0
11-07-2022,2330.45,2375.89,2324.69,2373.0,1341523,116.104135472,115.8171695125,118.2239968569,26830460,0.0,1.0
12-07-2022,2296.99,2356.9899,2292.3001,2336.77,1248508,114.437142242,114.2034891772,116.4190008998,24970160,0.0,1.0
13-07-2022,2243.74,2303.1399,2236.46,2252.78,1947943,111.784201731,111.4215086433,112.2345788619,38958860,0.0,1.0
14-07-2022,2228.8,2239.75,2186.51,2216.52,1618277,111.0398837735,108.9329757132,110.4280882904,32365540,0.0,1.0
15-07-2022,2255.34,2280.01,2236.45,2259.26,1716538,112.3621192883,111.4210104385,112.5574155663,34330760,0.0,1.0
18-07-2022,109.91,114.8,109.3,113.44,33247345,109.5153771137,108.9075672689,113.0327029367,33247345,0.0,20.0
19-07-2022,114.62,114.81,110.5,111.73,30992331,114.208466243,110.1032587668,111.3288425522,30992331,0.0,1.0
20-07-2022,114.7,116.33,113.26,114.06,26780088,114.2881790096,112.853349212,113.6504768773,26780088,0.0,1.0
21-07-2022,115.04,115.21,111.91,115.09,27267848,114.6269582673,111.5081962769,114.6767787464,27267848,0.0,1.0
22-07-2022,108.36,113.18,107.6,111.81,44455304,107.9709422622,107.2136709802,111.4085553187,44455304,0.0,1.0
25-07-2022,108.21,110.58,107.01,108.88,28289942,107.821480825,106.625789327,108.4890752446,28289942,0.0,1.0
26-07-2022,105.44,107.74,104.76,107.43,36626630,105.0614262839,104.3838677684,107.0442813513,36626630,0.0,1.0
27-07-2022,113.6,114.4,108.42,109.6,41474618,113.1921284698,108.0307268371,109.2064901434,41474618,0.0,1.0
28-07-2022,114.59,114.7,111.851,112.8,23303844,114.1785739556,111.4494081116,112.3950008045,23303844,0.0,1.0
29-07-2022,116.64,116.9,113.23,113.4,31336183,116.2212135979,112.8234569246,112.9928465535,31336183,0.0,1.0
01-08-2022,115.48,117.12,114.69,115.53,22856202,115.0653784832,114.2782149137,115.1151989623,22856202,0.0,1.0
02-08-2022,115.9,117.08,114.26,114.43,17911039,115.4838705075,113.8497587936,114.0191484225,17911039,0.0,1.0
03-08-2022,118.78,119.42,116.15,116.34,25302816,118.3535301025,115.7329729029,115.9222907234,25302816,0.0,1.0
04-08-2022,118.87,119.5,117.71,118.3,15757698,118.4432069648,117.2873718502,117.8752535033,15757698,0.0,1.0
05-08-2022,118.22,118.86,116.71,116.93,15615663,117.7955407368,116.2909622686,116.5101723765,15615663,0.0,1.0
08-08-2022,118.14,120.86,117.83,119.12,17061112,117.7158279703,117.406941,118.6923093602,17061112,0.0,1.0
09-08-2022,117.5,118.2,116.56,117.99,15424257,117.078125838,116.1415008313,117.566366533,15424257,0.0,1.0
10-08-2022,120.65,121.78,119.36,119.59,20497021,120.2168160201,118.9314476598,119.1606218636,20497021,0.0,1.0
11-08-2022,119.82,122.3402,119.55,122.08,16671627,119.3897960673,119.1207654803,121.6416817218,16671627,0.0,1.0
12-08-2022,122.65,122.65,120.4001,121.16,16121087,122.2096351833,119.9678132656,120.7249849067,16121087,0.0,1.0
15-08-2022,122.88,123.26,121.57,122.21,15524951,122.438809387,121.1335128351,121.7712149674,15524951,0.0,1.0
16-08-2022,122.51,123.2276,121.535,122.32,15626171,122.0701378419,121.0986384998,121.8808200213,15626171,0.0,1.0
17-08-2022,120.32,122.15,120.2,120.93,17589157,119.8880008581,119.7684317084,120.4958107029,17589157,0.0,1.0
18-08-2022,120.86,121.69,119.5502,120.23,15652029,120.4260620322,119.1209647622,119.7983239958,15652029,0.0,1.0
19-08-2022,118.12,120.0,117.67,119.87,20186983,117.6958997786,117.2475154669,119.4396165464,20186983,0.0,1.0
22-08-2022,115.07,116.5,114.67,116.1,19316024,114.6568505547,114.2582867221,115.6831524238,19316024,0.0,1.0
23-08-2022,114.77,115.93,114.3,114.32,14390691,114.3579276803,113.8896151769,113.9095433685,14390691,0.0,1.0
24-08-2022,114.7,115.7171,113.78,114.45,16051174,114.2881790096,113.3714821945,114.0390766142,16051174,0.0,1.0
25-08-2022,117.7,117.78,115.05,115.15,14874666,117.2774077544,114.6369223631,114.7365633213,14874666,0.0,1.0
26-08-2022,111.3,116.6,111.22,115.81,31698668,110.9003864321,110.8206736656,115.3941936451,31698668,0.0,1.0
29-08-2022,110.34,111.96,109.81,110.78,20347494,109.9438332338,109.4157361555,110.3822534497,20347494,0.0,1.0
30-08-2022,109.91,111.37,108.8,111.03,20548202,109.5153771137,108.4093624781,110.6313558451,20548202,0.0,1.0
31-08-2022,109.15,111.77,109.05,111.63,25897978,108.7581058317,108.6584648735,111.229201594,25897978,0.0,1.0
01-09-2022,110.55,111.22,108.19,109.2,22784385,110.1530792459,107.8015526333,108.8079263108,22784385,0.0,1.0
02-09-2022,108.68,111.675,108.13,111.34,20618080,108.2897933283,107.7417680584,110.9402428154,20618080,0.0,1.0
06-09-2022,107.48,108.88,106.51,108.135,20529528,107.0941018304,106.1275845362,107.7467501063,20529528,0.0,1.0
07-09-2022,110.48,110.99,107.615,107.76,22987178,110.0833305752,107.2286171239,107.3730965132,22987178,0.0,1.0
08-09-2022,109.42,110.58,108.06,109.18,21660654,109.0271364187,107.6720193877,108.7879981191,21660654,0.0,1.0
09-09-2022,111.78,112.0,110.0,110.05,21745034,111.3786630313,109.605053976,109.6548744551,21745034,0.0,1.0
12-09-2022,111.87,112.64,110.93,111.99,19732905,111.4683398936,110.5317148869,111.5879090434,19732905,0.0,1.0
13-09-2022,105.31,109.37,105.0,108.89,33014991,104.9318930383,104.623006068,108.4990393405,33014991,0.0,1.0
14-09-2022,105.87,106.1,104.5,105.44,22115805,105.489882404,104.1248012772,105.0614262839,22115805,0.0,1.0
15-09-2022,103.9,106.21,103.31,105.01,26494933,103.5269555283,102.9390738751,104.6329701638,26494933,0.0,1.0
16-09-2022,103.63,104.03,101.855,102.97,64540115,103.2579249412,101.4892979339,102.6002946174,64540115,0.0,1.0
19-09-2022,103.85,104.02,102.37,102.54,19738603,103.4771350492,102.0024488684,102.1718384973,19738603,0.0,1.0
20-09-2022,101.83,103.17,101.12,102.88,24001668,101.4643876944,100.7569368914,102.510617755,24001668,0.0,1.0
21-09-2022,100.01,103.49,99.99,102.24,26596757,99.6509222558,99.6309940642,101.8729156228,26596757,0.0,1.0
22-09-2022,100.57,101.68,99.41,99.45,21145595,100.2089116215,99.0530765069,99.0929328901,21145595,0.0,1.0
23-09-2022,99.17,100.11,98.01,100.06,25656959,98.8139382073,97.6581030926,99.7007427349,25656959,0.0,1.0
26-09-2022,98.81,100.44,98.38,98.61,22437938,98.4552307579,98.0267746378,98.2559488416,22437938,0.0,1.0
27-09-2022,98.09,100.46,97.34,99.91,24224988,97.7378158592,96.990508673,99.5512812977,24224988,0.0,1.0
28-09-2022,100.74,101.4,97.8,98.02,24616999,100.3783012504,97.4488570805,97.6680671885,24616999,0.0,1.0
29-09-2022,98.09,99.3,96.52,99.3,21921520,97.7378158592,96.1734528161,98.9434714529,21921520,0.0,1.0
30-09-2022,96.15,99.494,96.03,97.73,26277832,95.8047812709,95.6852121211,97.3791084098,26277832,0.0,1.0
03-10-2022,99.3,99.97,97.02,97.22,24840028,98.9434714529,96.6716576069,96.8709395232,24840028,0.0,1.0
04-10-2022,102.41,102.72,101.04,101.04,22580931,102.0423052517,100.6772241249,100.6772241249,22580931,0.0,1.0
05-10-2022,102.22,102.74,99.74,100.69,18475515,101.8529874312,99.3818916688,100.3284807713,18475515,0.0,1.0
06-10-2022,102.24,103.73,101.5,101.5,17156240,101.8729156228,101.1355725324,101.1355725324,17156240,0.0,1.0
07-10-2022,99.57,101.42,99.21,100.65,24249910,99.2125020399,98.8537945906,100.2886243881,24249910,0.0,1.0
10-10-2022,98.71,99.99,97.87,99.85,16529897,98.3555897998,97.5186057512,99.4914967228,16529897,0.0,1.0
11-10-2022,98.05,100.12,97.25,98.25,21617727,97.6979594759,96.9008318106,97.8972413922,21617727,0.0,1.0
12-10-2022,98.3,99.6476,97.67,98.27,17343431,97.9470618713,97.3193238349,97.9171695839,17343431,0.0,1.0
13-10-2022,99.71,100.53,95.27,95.93,32812220,99.3519993814,94.9279408391,95.5855711629,32812220,0.0,1.0
14-10-2022,97.18,101.29,97.03,100.625,22624832,96.8310831399,96.6816217027,100.2637141485,22624832,0.0,1.0
17-10-2022,100.78,101.77,99.51,99.52,23311604,100.4181576337,99.152717465,99.1626815609,23311604,0.0,1.0
18-10-2022,101.39,104.22,100.65,103.94,21610541,101.0259674785,100.2886243881,103.5668119115,21610541,0.0,1.0
19-10-2022,100.29,101.6592,99.635,100.7,21573686,99.9299169387,99.2772686627,100.3384448671,21573686,0.0,1.0
20-10-2022,100.53,103.0,99.97,100.82,25125082,100.1690552383,99.6110658726,100.4580140169,25125082,0.0,1.0
21-10-2022,101.48,101.62,98.23,98.46,28988727,101.1156443408,97.8773132006,98.1064874044,28988727,0.0,1.0
24-10-2022,102.97,103.1,100.3,102.09,24680831,102.6002946174,99.9398810345,101.7234541856,24680831,0.0,1.0
25-10-2022,104.93,105.0999,103.02,103.3,29910170,104.5532573973,102.6501150965,102.9291097793,29910170,0.0,1.0
26-10-2022,94.82,98.54,94.57,96.76,71671814,94.4795565273,94.2304541319,96.4125911156,71671814,0.0,1.0
27-10-2022,92.6,95.17,91.9,94.31,54036485,92.2675272562,91.5700405491,93.9713876407,54036485,0.0,1.0
28-10-2022,96.58,96.86,92.3225,92.53,35696925,96.233237391,91.9910235973,92.1977785855,35696925,0.0,1.0
31-10-2022,94.66,96.35,94.38,95.78,29868714,94.3201309943,94.0411363114,95.4361097257,29868714,0.0,1.0
01-11-2022,90.5,96.165,90.43,95.59,43220599,90.1750671348,90.1053184641,95.2467919052,43220599,0.0,1.0
02-11-2022,87.07,91.3,87.01,90.91,43553551,86.7573822699,86.697597695,90.5835950633,43553551,0.0,1.0
03-11-2022,83.49,86.55,83.45,86.345,48510364,83.1902359678,83.1503795845,86.0349853233,48510364,0.0,1.0
04-11-2022,86.7,86.73,83.88,85.51,40173284,86.3887107247,83.5788357046,85.2029833226,40173284,0.0,1.0
07-11-2022,88.65,88.94,86.96,87.34,26899879,88.3317094089,86.647777216,87.026412857,26899879,0.0,1.0
08-11-2022,88.91,90.405,87.65,89.16,30172001,88.5907759001,87.3352998273,88.8398782955,30172001,0.0,1.0
09-11-2022,87.4,89.49,87.3599,88.545,26743883,87.0861974319,87.0462414076,88.2270864028,26743883,0.0,1.0
10-11-2022,94.17,94.55,91.65,92.34,42371216,93.8318902993,91.3209381537,92.008460765,42371216,0.0,1.0
11-11-2022,96.73,97.36,94.16,94.71,30569112,96.3826988282,93.8219262035,94.3699514734,30569112,0.0,1.0
14-11-2022,96.03,97.18,95.1125,95.5,24170076,95.6852121211,94.77100633,95.1571150428,24170076,0.0,1.0
15-11-2022,98.72,100.42,97.02,98.67,31830969,98.3655538956,96.6716576069,98.3157334165,31830969,0.0,1.0
16-11-2022,98.99,99.85,97.9015,98.02,24660195,98.6345844826,97.549992653,97.6680671885,24660195,0.0,1.0
17-11-2022,98.5,99.48,97.1,97.18,21818732,98.1463437876,96.7513703734,96.8310831399,21818732,0.0,1.0
18-11-2022,97.8,99.16,96.74,99.01,24969880,97.4488570805,96.392662924,98.6545126742,24969880,0.0,1.0
21-11-2022,95.83,98.72,95.67,97.56,18696874,95.4859302048,95.3265046717,97.2097187809,18696874,0.0,1.0
22-11-2022,97.33,97.5475,94.41,96.16,18868850,96.9805445772,94.0710285989,95.8147453667,18868850,0.0,1.0
23-11-2022,98.82,99.0685,97.34,97.34,17568859,98.4651948537,96.990508673,96.990508673,17568859,0.0,1.0
25-11-2022,97.6,98.94,97.53,98.465,8567819,97.2495751642,97.1798264935,98.1114694523,8567819,0.0,1.0
28-11-2022,96.25,97.83,95.89,97.2,19981974,95.904422229,95.5457147797,96.8510113315,19981974,0.0,1.0
29-11-2022,95.44,96.3901,94.39,96.0,20220007,95.0973304679,94.0511004073,95.6553198336,20220007,0.0,1.0
30-11-2022,101.45,101.45,94.67,95.12,39888074,101.0857520533,94.3300950901,94.7784794018,39888074,0.0,1.0
01-12-2022,101.28,102.59,100.67,101.4,21771536,100.9163624245,100.3085525797,101.0359315743,21771536,0.0,1.0
02-12-2022,100.83,101.15,99.17,99.37,18821527,100.4679781128,98.8139382073,99.0132201236,18821527,0.0,1.0
05-12-2022,99.87,101.7499,99.355,99.815,19955546,99.5114249144,98.9982739799,99.4566223874,19955546,0.0,1.0
06-12-2022,97.31,100.21,96.7604,99.67,20877623,96.9606163855,96.4129896795,99.3121429981,20877623,0.0,1.0
07-12-2022,95.15,97.31,95.025,96.77,26647877,94.8083716893,94.6838204916,96.4225552115,26647877,0.0,1.0
08-12-2022,93.95,95.87,93.8,95.69,25593232,93.6126801913,93.4632187541,95.3464328633,25593232,0.0,1.0
09-12-2022,93.07,94.49,93.02,93.9,21885308,92.7358397595,92.6860192805,93.5628597123,21885308,0.0,1.0
12-12-2022,93.56,93.8745,91.9,93.09,27380948,93.2240804545,91.5700405491,92.7557679512,27380948,0.0,1.0
13-12-2022,95.85,99.8,95.38,98.07,34788522,95.5058583964,95.037545893,97.7178876675,34788522,0.0,1.0
14-12-2022,95.31,97.22,93.94,95.54,26452939,94.9677972223,93.6027160955,95.1969714261,26452939,0.0,1.0
15-12-2022,91.2,94.03,90.43,93.54,28298756,90.8725538419,90.1053184641,93.2041522629,28298756,0.0,1.0
16-12-2022,90.86,91.75,90.01,91.2,48485507,90.5337745842,89.6868264398,90.8725538419,48485507,0.0,1.0
19-12-2022,89.15,91.2,88.925,90.88,23020537,88.8299141997,88.6057220438,90.5537027758,23020537,0.0,1.0
20-12-2022,89.63,89.78,88.04,88.73,21976846,89.3081907988,87.7238995641,88.4114221754,21976846,0.0,1.0
21-12-2022,90.25,90.915,88.91,89.73,20336387,89.9259647394,88.5907759001,89.407831757,20336387,0.0,1.0
22-12-2022,88.26,89.18,86.9401,88.93,23656066,87.943109672,86.6279486653,88.6107040917,23656066,0.0,1.0
23-12-2022,89.81,90.1,87.62,87.62,17815010,89.4875445235,87.3054075398,87.3054075398,17815010,0.0,1.0
27-12-2022,87.93,89.5,87.535,89.31,15470870,87.6142945101,87.2207127254,88.9893397327,15470870,0.0,1.0
28-12-2022,86.46,88.52,86.3701,87.5,17879567,86.1495724252,86.0599952038,87.18583839,17879567,0.0,1.0
29-12-2022,88.95,89.365,86.99,87.03,18280660,88.6306322833,86.6776695034,86.7175258867,18280660,0.0,1.0
30-12-2022,88.73,88.83,87.03,87.365,19190296,88.4114221754,86.7175258867,87.0513230965,19190296,0.0,1.0
03-01-2023,89.7,91.55,89.02,89.83,20738457,89.3779394695,88.7003809541,89.5074727152,20738457,0.0,1.0
04-01-2023,88.71,91.24,87.8,91.01,27046483,88.3914939838,87.4847612645,90.6832360214,27046483,0.0,1.0
05-01-2023,86.77,88.21,86.56,88.07,23136084,86.4584593955,86.2492133833,87.7537918515,23136084,0.0,1.0
06-01-2023,88.16,88.47,85.57,87.36,26612628,87.8434687139,85.2627678975,87.0463410486,26612628,0.0,1.0
09-01-2023,88.8,90.83,88.58,89.195,22996681,88.4811708461,88.2619607382,88.8747526308,22996681,0.0,1.0
10-01-2023,89.24,89.475,86.7,86.72,22855590,88.919591062,86.3887107247,86.4086389164,22855590,0.0,1.0
11-01-2023,92.26,92.45,89.74,90.06,25998844,91.9287479984,89.4177958528,89.7366469189,25998844,0.0,1.0
12-01-2023,91.91,92.62,90.57,92.4,22754216,91.5800046449,90.2448158055,92.0682453399,22754216,0.0,1.0
13-01-2023,92.8,92.98,90.93,91.528,18630709,92.4668091725,90.6035232549,91.1993761847,18630709,0.0,1.0
17-01-2023,92.16,92.97,90.84,92.78,22935823,91.8291070403,90.5138463926,92.4468809809,22935823,0.0,1.0
18-01-2023,91.78,93.588,91.4,92.94,19641622,91.4504713993,91.0718357583,92.6063065139,19641622,0.0,1.0
19-01-2023,93.91,94.4,91.38,91.39,28707653,93.5728238081,91.0519075666,91.0618716624,28707653,0.0,1.0
20-01-2023,99.28,99.42,95.91,95.95,53704763,98.9235432613,95.5656429713,95.6054993545,53704763,0.0,1.0
23-01-2023,101.21,101.4,98.75,99.13,31791782,100.8466137538,98.395446183,98.774081824,31791782,0.0,1.0
24-01-2023,99.21,101.09,98.7,99.55,27391372,98.8537945906,98.3456257039,99.1925738483,27391372,0.0,1.0
25-01-2023,96.73,97.72,95.262,97.2,31000850,96.3826988282,94.9199695624,96.8510113315,31000850,0.0,1.0
26-01-2023,99.16,99.21,96.82,98.28,24542060,98.8039741115,96.4723756905,97.9271336797,24542060,0.0,1.0
27-01-2023,100.71,101.58,98.97,99.05,29020354,100.348408963,98.614656291,98.6943690575,29020354,0.0,1.0
30-01-2023,97.95,99.4088,97.52,98.745,24365142,97.5983185177,97.1698623977,98.3904641351,24365142,0.0,1.0
31-01-2023,99.87,99.91,97.79,97.86,22306778,99.5114249144,97.4388929847,97.5086416554,22306778,0.0,1.0
01-02-2023,101.43,102.1899,98.42,99.74,26392568,101.0658238617,98.0666310211,99.3818916688,26392568,0.0,1.0
02-02-2023,108.8,108.82,106.54,106.79,46622627,108.4093624781,106.1574768237,106.4065792191,46622627,0.0,1.0
03-02-2023,105.22,108.02,103.3,103.51,36823421,104.842216176,102.9291097793,103.1383557914,36823421,0.0,1.0
06-02-2023,103.47,104.7,102.21,102.685,25573046,103.0984994082,101.8430233354,102.3163178866,25573046,0.0,1.0
07-02-2023,108.04,108.67,103.5475,103.63,33738828,107.6520911961,103.1757211508,103.2579249412,33738828,0.0,1.0
08-02-2023,100.0,103.58,98.455,102.69,73546029,99.64095816,98.1015053565,102.3212999345,73546029,0.0,1.0
09-02-2023,95.46,100.61,93.86,100.54,97798573,95.1172586596,93.523003329,100.1790193341,97798573,0.0,1.0
10-02-2023,94.86,97.02,94.53,95.74,49325275,94.5194129106,94.1905977487,95.3962533424,49325275,0.0,1.0
13-02-2023,95.0,95.35,94.05,95.01,43116559,94.658910252,93.7123211495,94.6688743478,43116559,0.0,1.0
14-02-2023,94.95,95.175,92.65,94.66,42513079,94.6090897729,92.3173477353,94.3201309943,42513079,0.0,1.0
15-02-2023,97.1,97.34,94.36,94.74,37029885,96.7513703734,94.0212081198,94.3998437608,37029885,0.0,1.0
16-02-2023,95.78,97.88,94.97,95.54,35642106,95.4361097257,94.6290179646,95.1969714261,35642106,0.0,1.0
17-02-2023,94.59,95.75,93.45,95.07,31095067,94.2503823236,93.1144754005,94.7286589227,31095067,0.0,1.0
21-02-2023,92.05,93.4149,92.0,93.24,28367198,91.7195019863,91.6696815072,92.9052293884,28367198,0.0,1.0
22-02-2023,91.8,92.36,90.87,91.934,29891135,91.4703995909,90.54373868,91.6039184748,29891135,0.0,1.0
23-02-2023,91.07,92.13,90.01,92.13,32423720,90.7430205963,89.6868264398,91.7992147528,32423720,0.0,1.0
24-02-2023,89.35,90.13,88.86,89.63,31295619,89.029196116,88.540955421,89.3081907988,31295619,0.0,1.0
27-02-2023,90.1,90.4499,89.61,90.09,22724262,89.7765033022,89.2882626072,89.7665392064,22724262,0.0,1.0
28-02-2023,90.3,91.45,89.52,89.54,30546912,89.9757852185,89.1985857449,89.2185139365,30546912,0.0,1.0
01-03-2023,90.51,91.2,89.85,90.16,26323876,90.1850312306,89.5274009068,89.8362878771,26323876,0.0,1.0
02-03-2023,92.31,92.48,89.77,89.86,23344562,91.9785684775,89.4476881403,89.5373650026,23344562,0.0,1.0
03-03-2023,94.02,94.11,92.66,92.74,30242538,93.6824288621,92.3273118311,92.4070245976,30242538,0.0,1.0
06-03-2023,95.58,96.3,94.3,94.36,28288206,95.2368278094,93.9614235449,94.0212081198,28288206,0.0,1.0
07-03-2023,94.17,96.09,93.8443,95.42,24101536,93.8318902993,93.5073596986,95.0774022763,24101536,0.0,1.0
08-03-2023,94.65,96.24,94.405,94.405,25395200,94.3101668985,94.066046551,94.066046551,25395200,0.0,1.0
09-03-2023,92.66,95.92,92.355,94.49,24438890,92.3273118311,92.0234069087,94.1507413654,24438890,0.0,1.0
10-03-2023,91.01,93.18,90.8,92.5,32850092,90.6832360214,90.4739900093,92.167886298,32850092,0.0,1.0
13-03-2023,91.66,93.08,89.94,90.565,31508570,91.3309022495,89.6170777691,90.2398337576,31508570,0.0,1.0
14-03-2023,94.25,94.83,92.78,93.07,32303881,93.9116030658,92.4468809809,92.7358397595,32303881,0.0,1.0
15-03-2023,96.55,97.25,93.04,93.54,38367334,96.2033451035,92.7059474721,93.2041522629,38367334,0.0,1.0
16-03-2023,101.07,101.97,95.87,96.57,54588200,100.7071164123,95.525786588,96.2232732951,54588200,0.0,1.0
17-03-2023,102.46,103.49,100.75,100.84,76140310,102.0921257308,100.3882653462,100.4779422086,76140310,0.0,1.0
20-03-2023,101.93,102.58,100.79,101.06,26033916,101.5640286525,100.4281217295,100.6971523165,26033916,0.0,1.0
21-03-2023,105.84,105.96,101.86,101.98,33122800,105.4599901166,101.4942799818,101.6138491316,33122800,0.0,1.0
22-03-2023,104.22,107.51,104.21,105.14,32336877,103.8458065944,103.8358424986,104.7625034095,32336877,0.0,1.0
23-03-2023,106.26,107.1009,105.41,105.89,31385817,105.8784821408,105.0315339965,105.5098105957,31385817,0.0,1.0
24-03-2023,106.06,106.16,104.74,105.74,25245010,105.6792002245,104.3639395768,105.3603491584,25245010,0.0,1.0
27-03-2023,103.06,105.4,102.63,105.32,25393417,102.6899714797,102.2615153596,104.9418571341,25393417,0.0,1.0
28-03-2023,101.36,103.0,100.28,103.0,24913480,100.996075191,99.9199528429,102.6301869048,24913480,0.0,1.0
29-03-2023,101.9,102.82,101.03,102.72,26148300,101.5341363651,100.6672600291,102.351192222,26148300,0.0,1.0
30-03-2023,101.32,101.61,100.29,101.44,25009829,100.9562188077,99.9299169387,101.0757879575,25009829,0.0,1.0
31-03-2023,104.0,104.19,101.44,101.71,28107953,103.6265964864,101.0757879575,101.3448185446,28107953,0.0,1.0
03-04-2023,104.91,104.95,102.38,102.67,20719861,104.5333292057,102.0124129642,102.3013717429,20719861,0.0,1.0
04-04-2023,105.12,106.1,104.6,104.84,20377231,104.7425752178,104.2244422354,104.463580535,20377231,0.0,1.0
05-04-2023,104.95,106.54,104.1021,106.12,21864200,104.5731855889,103.7283299047,105.7389847994,21864200,0.0,1.0
06-04-2023,108.9,109.63,104.815,105.77,34684150,108.5090034363,104.4386702954,105.3902414459,34684150,0.0,1.0
10-04-2023,106.95,107.97,105.6,107.39,19741517,106.5660047521,105.220851817,107.0044249681,19741517,0.0,1.0
11-04-2023,106.12,107.22,105.28,106.92,18721278,105.7389847994,104.9020007509,106.5361124647,18721278,0.0,1.0
12-04-2023,105.22,107.5874,104.97,107.39,22761569,104.842216176,104.5931137806,107.0044249681,22761569,0.0,1.0
13-04-2023,108.19,108.265,106.44,106.47,21650747,107.8015526333,106.0578358655,106.087728153,21650747,0.0,1.0
14-04-2023,109.46,109.58,107.59,107.69,20758686,109.066992802,107.2037068844,107.3033478425,20758686,0.0,1.0
17-04-2023,106.42,106.71,105.32,105.43,28978949,106.0379076739,104.9418571341,105.0514621881,28978949,0.0,1.0
18-04-2023,105.12,107.05,104.78,107.0,17641369,104.7425752178,104.4037959601,106.6158252312,17641369,0.0,1.0
19-04-2023,105.02,105.725,103.8,104.215,16732016,104.6429342597,103.4273145701,103.8408245465,16732016,0.0,1.0
20-04-2023,105.9,106.8875,104.64,104.65,22515331,105.5197746915,104.2642986187,104.2742627145,22515331,0.0,1.0
21-04-2023,105.91,106.64,105.485,106.09,22379018,105.5297387873,105.1062647151,105.709092512,22379018,0.0,1.0
24-04-2023,106.78,107.32,105.36,106.05,21410908,106.3966151233,104.9817135174,105.6692361287,21410908,0.0,1.0
25-04-2023,104.61,107.44,104.56,106.61,31408119,104.2344063312,104.1845858521,106.2272254944,31408119,0.0,1.0
26-04-2023,104.45,107.02,103.27,105.56,36630202,104.0749807981,102.8992174919,105.1809954337,36630202,0.0,1.0
27-04-2023,108.37,109.15,104.42,105.23,38235220,107.980906358,104.0450885107,104.8521802718,38235220,0.0,1.0
28-04-2023,108.22,108.29,106.04,107.8,23957872,107.8314449208,105.6592720329,107.4129528965,23957872,0.0,1.0
01-05-2023,107.71,108.68,107.5,107.72,20926259,107.3232760342,107.114030022,107.33324013,20926259,0.0,1.0
02-05-2023,105.98,107.73,104.5,107.66,20343116,105.599487458,104.1248012772,107.2734555551,20343116,0.0,1.0
03-05-2023,106.12,108.13,105.62,106.22,17116333,105.7389847994,105.2407800086,105.8386257576,17116333,0.0,1.0
04-05-2023,105.21,106.3,104.7,106.16,19780637,104.8322520802,104.3240831935,105.7788411827,19780637,0.0,1.0
05-05-2023,106.215,106.44,104.7386,105.32,20710627,105.8336437097,104.3625446034,104.9418571341,20710627,0.0,1.0
08-05-2023,108.24,108.42,105.79,105.795,17266021,107.8513731124,105.4101696375,105.4151516854,17266021,0.0,1.0
09-05-2023,107.94,110.595,107.725,108.78,24782442,107.5524502379,107.3382221779,108.3894342865,24782442,0.0,1.0
10-05-2023,112.28,113.51,108.48,108.55,47533463,111.8768678221,108.090511412,108.1602600827,47533463,0.0,1.0
11-05-2023,116.9,118.44,114.9301,115.86,57115075,116.4802800891,114.5174528543,115.4440141242,57115075,0.0,1.0
12-05-2023,117.92,118.26,116.55,117.0,31293778,117.4966178623,116.1315367355,116.5799210472,31293778,0.0,1.0
15-05-2023,116.96,118.795,116.48,116.49,22107865,116.540064664,116.0617880648,116.0717521606,22107865,0.0,1.0
16-05-2023,120.09,121.2,116.83,116.83,32370113,119.6588266544,116.4105314184,116.4105314184,32370113,0.0,1.0
17-05-2023,121.48,122.28,119.46,120.18,26659564,121.0438359728,119.031088618,119.7485035167,26659564,0.0,1.0
18-05-2023,123.52,123.9,121.49,121.56,27014468,123.0765115193,121.0538000686,121.1235487393,27014468,0.0,1.0
19-05-2023,123.25,126.479,122.72,124.2,30268864,122.8074809322,122.279383854,123.7540700348,30268864,0.0,1.0
22-05-2023,125.87,127.05,123.45,123.51,29760236,125.418074036,123.0067628486,123.0665474235,29760236,0.0,1.0
23-05-2023,123.29,125.42,123.05,124.93,24477945,122.8473373155,122.6081990159,124.4814490293,24477945,0.0,1.0
24-05-2023,121.64,122.7499,120.75,121.88,23087925,121.2032615059,120.3164569782,121.4423998054,23087925,0.0,1.0
25-05-2023,124.35,125.98,122.9,125.21,33812730,123.903531472,122.4587375787,124.7604437122,33812730,0.0,1.0
26-05-2023,125.43,126.0,123.29,124.065,25169036,124.9796538201,122.8473373155,123.6195547412,25169036,0.0,1.0
30-05-2023,124.64,126.38,122.89,126.29,27230726,124.1924902507,122.4487734829,125.8365660603,27230726,0.0,1.0
31-05-2023,123.37,124.9,123.1,123.7,41478777,122.927050082,122.658019495,123.255865244,41478777,0.0,1.0
01-06-2023,124.37,125.04,123.3,123.5,25017674,123.9234596636,122.8573014113,123.0565833276,25017674,0.0,1.0
02-06-2023,125.23,126.745,124.35,124.49,19367453,124.7803719038,123.903531472,124.0430288134,19367453,0.0,1.0
05-06-2023,126.63,127.99,124.38,124.61,22672516,126.175345318,123.9334237594,124.1625979632,22672516,0.0,1.0
06-06-2023,127.91,128.88,125.97,126.6,19450128,127.4507495825,125.5177149942,126.1454530306,19450128,0.0,1.0
07-06-2023,122.94,129.55,122.63,127.575,34179348,122.4985939619,122.1897069916,127.1169523727,34179348,0.0,1.0
08-06-2023,122.67,123.73,122.01,122.585,24814996,122.2295633749,121.571933051,122.1448685605,24814996,0.0,1.0
09-06-2023,122.87,124.285,122.42,122.56,20313676,122.4288452912,121.9804609795,122.1199583209,20313676,0.0,1.0
12-06-2023,124.35,124.75,122.35,123.395,22289632,123.903531472,121.9107123088,122.9519603216,22289632,0.0,1.0
13-06-2023,124.43,125.86,123.845,125.65,19287650,123.9832442385,123.4003446333,125.1988639281,19287650,0.0,1.0
14-06-2023,124.38,124.79,122.16,123.8,24659620,123.9334237594,121.7213944883,123.3555062021,24659620,0.0,1.0
15-06-2023,125.79,126.16,123.14,123.88,24517071,125.3383612695,122.6978758783,123.4352189686,24517071,0.0,1.0
16-06-2023,124.06,126.7,123.79,126.7,56699200,123.6145726933,123.3455421063,126.2450939888,56699200,0.0,1.0
20-06-2023,123.85,125.175,122.83,123.535,22698028,123.4053266812,122.388988908,123.091457663,22698028,0.0,1.0
21-06-2023,121.26,123.41,120.86,123.235,22612002,120.8246258649,120.4260620322,122.7925347885,22612002,0.0,1.0
22-06-2023,123.87,123.935,119.6,120.66,20781888,123.4252548728,119.1705859594,120.2267801159,20781888,0.0,1.0
23-06-2023,123.02,123.44,121.86,122.04,29573123,122.5783067285,121.4224716138,121.6018253385,29573123,0.0,1.0
26-06-2023,119.09,122.72,118.99,121.4656,23184961,118.6624170728,118.5627761146,121.0294876748,23184961,0.0,1.0
27-06-2023,119.01,119.895,116.91,117.84,27221714,118.5827043062,116.4902441849,117.4169050958,27221714,0.0,1.0
28-06-2023,121.08,121.27,117.6,117.96,19753145,120.6452721402,117.1777667962,117.5364742456,19753145,0.0,1.0
29-06-2023,120.01,120.91,119.21,120.09,18517458,119.5791138878,118.7819862226,119.6588266544,18517458,0.0,1.0
30-06-2023,120.97,122.03,120.88,121.1,23871764,120.5356670862,120.4459902238,120.6652003318,23871764,0.0,1.0
03-07-2023,120.56,121.02,119.705,120.32,13888262,120.1271391577,119.2752089655,119.8880008581,13888262,0.0,1.0
05-07-2023,122.63,123.37,120.06,120.06,17830347,122.1897069916,119.6289343669,119.6289343669,17830347,0.0,1.0
06-07-2023,120.93,121.1499,119.2499,120.64,17750181,120.4958107029,118.8217429649,120.2068519243,17750181,0.0,1.0
07-07-2023,120.14,121.75,120.09,120.89,20997665,119.7086471335,119.6588266544,120.4559543197,20997665,0.0,1.0
10-07-2023,116.87,119.07,116.64,119.07,32960078,116.4503878016,116.2212135979,118.6424888811,32960078,0.0,1.0
11-07-2023,117.71,118.225,115.83,116.76,18286571,117.2873718502,115.4141218368,116.3407827476,18286571,0.0,1.0
12-07-2023,119.62,120.96,119.0,119.3,22059611,119.190514151,118.5727402104,118.8716630849,22059611,0.0,1.0
13-07-2023,124.83,125.335,121.06,121.54,31535853,124.3818080712,120.6253439485,121.1036205477,31535853,0.0,1.0
14-07-2023,125.7,127.09,124.9,125.13,20499780,125.2486844072,124.4515567419,124.6807309456,20499780,0.0,1.0
17-07-2023,125.06,127.28,124.5,126.06,20675297,124.6109822749,124.0529929092,125.6073918565,20675297,0.0,1.0
18-07-2023,124.08,124.99,123.3,124.905,21071248,123.634500885,122.8573014113,124.4565387898,21071248,0.0,1.0
19-07-2023,122.78,125.47,122.47,124.79,22313803,122.3391684289,122.0302814586,124.3419516879,22313803,0.0,1.0
20-07-2023,119.53,124.7,118.685,122.12,27541711,119.1008372887,118.2588711922,121.681538105,27541711,0.0,1.0
21-07-2023,120.31,121.3,119.07,120.87,56514645,119.8780367623,118.6424888811,120.436026128,56514645,0.0,1.0
24-07-2023,121.88,123.35,121.38,121.926,22312220,121.4423998054,120.9441950146,121.4882346462,22312220,0.0,1.0
25-07-2023,122.79,123.69,121.53,121.88,31820846,122.3491325247,121.0936564519,121.4423998054,31820846,0.0,1.0
26-07-2023,129.66,131.37,128.71,130.36,46216895,129.1944663503,128.2478772478,129.8919530574,46216895,0.0,1.0
27-07-2023,129.87,133.6,129.18,131.8,35931612,129.4037123624,128.7161897511,131.3267828549,35931612,0.0,1.0
28-07-2023,133.01,134.07,130.92,130.97,26971011,132.5324384487,130.4499424231,130.4997629022,26971011,0.0,1.0
31-07-2023,133.11,133.83,132.13,133.01,18381891,132.6320794068,131.6555980168,132.5324384487,18381891,0.0,1.0
01-08-2023,131.89,132.92,130.75,130.855,22219012,131.4164597173,130.2805527942,130.3851758003,22219012,0.0,1.0
02-08-2023,128.64,130.42,127.85,129.84,22705778,128.1781285771,127.3909650076,129.373820075,22705778,0.0,1.0
03-08-2023,128.77,129.77,127.775,128.37,15086132,128.3076618227,127.316234289,127.90909799,15086132,0.0,1.0
04-08-2023,128.54,131.93,128.315,129.6,20521852,128.0784876189,127.854295463,129.1346817754,20521852,0.0,1.0
07-08-2023,131.94,132.06,129.43,129.51,17621041,131.4662801963,128.9652921465,129.0450049131,17621041,0.0,1.0
08-08-2023,131.84,131.94,130.13,130.98,16835952,131.3666392382,129.6627788536,130.509726998,16835952,0.0,1.0
09-08-2023,130.15,132.47,129.505,132.19,17745218,129.6827070453,129.0400228651,131.7153825917,17745218,0.0,1.0
10-08-2023,130.21,132.647,130.035,131.97,17855681,129.7424916202,129.5681199434,131.4961724838,17855681,0.0,1.0
11-08-2023,130.17,130.44,128.75,129.202,15205465,129.7026352369,128.287733631,128.7381107619,15205465,0.0,1.0
14-08-2023,131.83,131.91,129.59,129.85,17526195,131.3566751424,129.1247176796,129.3837841708,17526195,0.0,1.0
15-08-2023,130.27,131.99,129.819,131.59,14769173,129.8022761951,129.3528954738,131.1175368428,14769173,0.0,1.0
16-08-2023,129.11,130.8975,128.46,129.28,17548355,128.6464410804,127.9987748524,128.8158307093,17548355,0.0,1.0
17-08-2023,130.46,132.4913,129.85,130.45,23665562,129.9915940156,129.3837841708,129.9816299198,23665562,0.0,1.0
18-08-2023,128.11,129.83,127.0,129.06,23627202,127.6500314988,126.5440168632,128.5966206013,23627202,0.0,1.0
21-08-2023,128.93,129.26,127.16,127.85,21851070,128.4670873557,126.7034423963,127.3909650076,21851070,0.0,1.0
22-08-2023,129.69,130.95,128.925,129.13,15569373,129.2243586377,128.4621053078,128.666369272,15569373,0.0,1.0
23-08-2023,133.21,134.07,130.51,130.85,26497027,132.731720365,130.0414144947,130.3801937524,26497027,0.0,1.0
24-08-2023,130.42,134.97,130.3,134.7272,18680381,129.9517376323,129.8321684825,134.2434729822,18680381,0.0,1.0
25-08-2023,130.69,131.4,128.04,130.14,20678096,130.2207682193,127.5802828281,129.6727429495,20678096,0.0,1.0
28-08-2023,131.79,133.24,130.85,132.08,16715467,131.3168187591,130.3801937524,131.6057775378,16715467,0.0,1.0
29-08-2023,135.49,137.295,132.98,132.9981,30803265,135.003534211,132.5025461612,132.5205811746,30803265,0.0,1.0
30-08-2023,136.93,137.25,135.021,135.57,21773356,136.4383640085,134.5362181173,135.0832469776,21773356,0.0,1.0
31-08-2023,137.35,138.4,136.82,137.05,28147850,136.8568560328,136.3287589546,136.5579331583,28147850,0.0,1.0
01-09-2023,136.8,138.58,135.94,138.43,16671647,136.3088307629,135.4519185227,137.9329783809,16671647,0.0,1.0
05-09-2023,136.71,137.37,135.56,136.44,17730218,136.2191539006,135.0732828817,135.9501233135,17730218,0.0,1.0
06-09-2023,135.37,137.48,134.69,137.015,15814327,134.8839650612,134.2064065457,136.523058823,15814327,0.0,1.0
07-09-2023,136.2,136.58,133.9601,134.6,16975956,135.710985014,133.4791271921,134.1167296834,16975956,0.0,1.0
08-09-2023,137.2,137.515,135.87,135.87,17820005,136.7073945956,135.382169852,135.382169852,17820005,0.0,1.0
11-09-2023,137.74,138.2638,136.55,137.38,17180755,137.2454557696,136.0597283675,136.8867483202,17180755,0.0,1.0
12-09-2023,136.07,137.64,135.93,137.13,15212934,135.5814517684,135.4419544269,136.6376459248,15212934,0.0,1.0
13-09-2023,137.5,137.7,134.93,135.9,16394915,137.00631747,134.4455448453,135.4120621395,16394915,0.0,1.0
14-09-2023,138.99,139.55,137.06,138.39,19064607,138.4909677466,136.5678972541,137.8931219977,19064607,0.0,1.0
15-09-2023,138.3,139.36,137.18,138.8,48958837,137.8034451353,136.6874664039,138.3016499261,48958837,0.0,1.0
18-09-2023,138.96,139.93,137.63,137.63,16233590,138.4610754592,137.1358507156,137.1358507156,16233590,0.0,1.0
19-09-2023,138.83,139.175,137.5,138.25,15484644,138.3315422136,137.00631747,137.7536246562,15484644,0.0,1.0
20-09-2023,134.59,138.84,134.52,138.83,21473533,134.1067655876,134.0370169169,138.3315422136,21473533,0.0,1.0
21-09-2023,131.36,133.19,131.09,132.39,22058375,130.888362639,130.619332052,131.9146645081,22058375,0.0,1.0
22-09-2023,131.25,133.01,130.51,131.68,17355284,130.778757585,130.0414144947,131.2072137051,17355284,0.0,1.0
25-09-2023,132.17,132.22,130.03,130.77,14650032,131.6954544001,129.5631378955,130.3004809859,14650032,0.0,1.0
26-09-2023,129.45,131.405,128.19,130.914,20378789,128.9852203382,127.7297442653,130.4439639656,20378789,0.0,1.0
27-09-2023,131.46,131.72,129.38,129.44,18764201,130.9880035972,128.9154716674,128.9752562423,18764201,0.0,1.0
28-09-2023,133.13,134.1799,130.69,130.69,18201389,132.6520075984,130.2207682193,130.2207682193,18201389,0.0,1.0
29-09-2023,131.85,134.89,131.32,134.08,23237336,131.376603334,130.8485062557,133.598596701,23237336,0.0,1.0
02-10-2023,135.17,135.36,132.065,132.155,19210394,134.6846831449,131.590831394,131.6805082564,19210394,0.0,1.0
03-10-2023,133.3,135.24,132.815,134.93,19628736,132.8213972273,132.3381385802,134.4455448453,19628736,0.0,1.0
04-10-2023,136.27,136.57,133.43,133.66,22847987,135.7807336847,132.9509304729,133.1801046767,22847987,0.0,1.0
05-10-2023,135.99,136.5,134.455,136.13,15922944,135.5017390018,133.9722502941,135.6412363432,15922944,0.0,1.0
06-10-2023,138.73,139.1857,134.94,134.94,20826683,138.2319012554,134.4555089411,134.4555089411,20826683,0.0,1.0
09-10-2023,139.5,139.97,136.7,137.99,16599099,138.9991366332,136.2091898048,137.494558165,16599099,0.0,1.0
10-10-2023,139.2,140.74,138.43,139.51,19554916,138.7002137588,137.9329783809,139.0091007291,19554916,0.0,1.0
11-10-2023,141.7,142.22,139.84,139.85,20146341,141.1912377128,139.337915891,139.3478799868,20146341,0.0,1.0
12-10-2023,140.29,142.38,139.45,142.16,18173107,139.7863002027,138.9493161542,141.6495861203,18173107,0.0,1.0
13-10-2023,138.58,141.34,137.97,140.65,19447565,138.0824398182,137.4746299734,140.1450076521,19447565,0.0,1.0
16-10-2023,140.49,140.905,139.32,139.73,17345556,139.985582119,138.8197829086,139.228310837,17345556,0.0,1.0
17-10-2023,140.99,141.25,138.5287,140.03,17424024,140.4837869098,138.0313240066,139.5272337115,17424024,0.0,1.0
18-10-2023,139.28,141.99,138.705,140.75,18304869,138.7799265253,138.2069910159,140.2446486102,18304869,0.0,1.0
19-10-2023,138.98,141.005,138.6,139.8,21831181,138.4810036508,138.1023680098,139.2980595077,21831181,0.0,1.0
20-10-2023,136.74,139.04,136.245,138.59,24970263,136.249046188,135.7558234451,138.092403914,24970263,0.0,1.0
23-10-2023,137.9,139.02,135.11,136.23,20780665,137.4048813027,134.62489857,135.7408773014,20780665,0.0,1.0
24-10-2023,140.12,140.7099,138.75,139.16,26535198,139.6169105738,138.251829447,138.6603573755,26535198,0.0,1.0
25-10-2023,126.67,130.1,126.09,129.77,58796067,126.2152017013,125.637284144,129.3040714043,58796067,0.0,1.0
26-10-2023,123.44,125.46,122.32,124.47,33907363,122.9967987527,121.8808200213,124.0231006218,33907363,0.0,1.0
27-10-2023,123.4,124.44,121.46,124.03,37367673,122.9569423695,121.0239077812,123.5846804059,37367673,0.0,1.0
30-10-2023,125.75,126.55,123.88,124.46,24165631,125.2985048862,123.4352189686,124.013136526,24165631,0.0,1.0
31-10-2023,125.3,126.56,123.925,126.27,21123418,124.8501205745,123.4800573998,125.8166378687,21123418,0.0,1.0
01-11-2023,127.57,127.74,124.925,125.34,26536604,127.1119703247,124.4764669814,124.8899769578,26536604,0.0,1.0
02-11-2023,128.58,130.09,128.11,129.56,24091672,128.1183440022,127.6500314988,129.0948253921,24091672,0.0,1.0
03-11-2023,130.37,130.73,129.01,129.09,19529448,129.9019171532,128.5468001223,128.6265128888,19529448,0.0,1.0
06-11-2023,131.45,131.56,129.93,130.22,15360362,130.9780395014,129.4634969373,129.752455716,15360362,0.0,1.0
07-11-2023,132.4,133.28,131.14,131.98,19223786,131.9246286039,130.6691525311,131.5061365796,19223786,0.0,1.0
08-11-2023,133.26,133.54,132.16,132.36,15093598,132.7815408441,131.6854903043,131.8847722206,15093598,0.0,1.0
09-11-2023,131.69,133.96,131.51,133.36,17976533,131.2171778009,131.0378240763,132.8811818022,17976533,0.0,1.0
10-11-2023,134.06,134.27,130.87,131.53,20879838,133.5786685093,130.400121944,131.0577522679,20879838,0.0,1.0
13-11-2023,133.64,134.11,132.77,133.36,16409856,133.1601764851,132.2933001491,132.8811818022,16409856,0.0,1.0
14-11-2023,135.43,137.24,135.1,135.65,22317345,134.9437496361,134.6149344742,135.1629597441,22317345,0.0,1.0
15-11-2023,136.38,136.84,135.33,136.64,15840883,135.8903387386,134.844108678,136.1494052299,15840883,0.0,1.0
16-11-2023,138.7,138.8799,136.08,136.96,17615068,138.202008968,135.5914158642,136.468256296,17615068,0.0,1.0
17-11-2023,136.94,138.0,135.48,137.82,25590191,136.4483281043,134.9935701152,137.3251685362,25590191,0.0,1.0
20-11-2023,137.92,138.425,135.49,135.5,19589006,137.4248094943,135.003534211,135.0134983068,19589006,0.0,1.0
21-11-2023,138.62,138.965,137.705,137.94,17648067,138.1222962014,137.2105814343,137.4447376859,17648067,0.0,1.0
22-11-2023,140.02,141.1,139.0,139.1,17310209,139.5172696157,138.5009318424,138.6005728006,17310209,0.0,1.0
24-11-2023,138.22,139.677,137.47,139.54,8828640,137.7237323688,136.9764251826,139.0389930165,8828640,0.0,1.0
27-11-2023,138.05,139.63,137.54,137.57,17886389,137.5543427399,137.0461738533,137.0760661408,17886389,0.0,1.0
28-11-2023,138.62,138.66,137.04,137.63,17046868,138.1222962014,136.5479690625,137.1358507156,17046868,0.0,1.0
29-11-2023,136.4,139.67,136.295,138.985,21014715,135.9102669303,135.8056439242,138.4859856987,21014715,0.0,1.0
30-11-2023,133.92,136.96,132.79,136.4,29913531,133.4391711679,132.3132283407,135.9102669303,29913531,0.0,1.0
01-12-2023,133.32,133.5,132.1517,133.32,24267987,132.8413254189,131.6772201048,132.8413254189,24267987,0.0,1.0
04-12-2023,130.63,131.45,129.4,131.294,24117083,130.1609836444,128.9353998591,130.8225996066,24117083,0.0,1.0
05-12-2023,132.39,133.54,129.73,130.37,19235145,131.9146645081,129.264215021,129.9019171532,19235145,0.0,1.0
06-12-2023,131.43,133.31,131.31,132.9,16265640,130.9581113097,130.8385421599,132.4228333947,16265640,0.0,1.0
07-12-2023,138.45,140.0,136.23,136.6,38419426,137.9529065726,135.7408773014,136.1095488466,38419426,0.0,1.0
08-12-2023,136.64,137.99,135.57,135.66,23016139,136.1494052299,135.0832469776,135.1729238399,23016139,0.0,1.0
11-12-2023,134.7,134.79,132.89,133.82,24502860,134.2163706416,132.4128692989,133.3395302097,24502860,0.0,1.0
12-12-2023,133.64,134.54,132.83,133.27,26583981,133.1601764851,132.353084724,132.7915049399,26583981,0.0,1.0
13-12-2023,133.97,134.78,132.95,134.545,25414461,133.488991647,132.4726538738,134.0619271564,25414461,0.0,1.0
14-12-2023,133.2,135.035,131.06,134.77,29619098,132.7217562692,130.5894397645,134.2861193123,29619098,0.0,1.0
15-12-2023,133.84,134.83,132.63,132.92,58594004,133.3594584014,132.1538028076,132.4427615863,58594004,0.0,1.0
18-12-2023,137.19,138.38,133.77,133.86,25699767,136.6974304997,133.2897097307,133.379386593,25699767,0.0,1.0
19-12-2023,138.1,138.77,137.45,138.0,20601632,137.604163219,136.956496991,137.5045222608,20601632,0.0,1.0
20-12-2023,139.66,143.0783,139.41,140.33,33507342,139.1585621663,138.9094597709,139.826156586,33507342,0.0,1.0
21-12-2023,141.8,142.03,140.4725,140.77,18101476,141.2908786709,139.9681449513,140.2645768019,18101476,0.0,1.0
22-12-2023,142.72,143.25,142.055,142.13,18513524,142.207575486,141.5449631142,141.6196938328,18513524,0.0,1.0
26-12-2023,142.82,143.945,142.5001,142.98,11170066,142.3072164442,141.988465019,142.4666419772,11170066,0.0,1.0
27-12-2023,141.44,143.32,141.0512,142.83,17261305,140.9321712215,140.5447671762,142.31718054,17261305,0.0,1.0
28-12-2023,141.28,142.27,140.8283,141.85,12192549,140.7727456885,140.3226674805,141.34069915,12192549,0.0,1.0
29-12-2023,140.93,141.435,139.9,140.68,14880961,140.4240023349,139.3977004659,140.1748999395,14880961,0.0,1.0
02-01-2024,139.56,140.6147,137.74,139.6,20071885,139.0589212081,137.2454557696,139.0987775914,20071885,0.0,1.0
03-01-2024,140.36,141.09,138.43,138.6,18974308,139.8560488734,137.9329783809,138.1023680098,18974308,0.0,1.0
04-01-2024,138.04,140.635,138.01,139.85,18253331,137.5443786441,137.5144863567,139.3478799868,18253331,0.0,1.0
05-01-2024,137.39,138.81,136.85,138.352,15140136,136.8967124161,136.358651242,137.8552584336,15140136,0.0,1.0
08-01-2024,140.53,140.64,137.88,138.0,17645293,140.0254385023,137.384953111,137.5045222608,17645293,0.0,1.0
09-01-2024,142.56,142.7998,139.79,140.06,19579667,142.0481499529,139.2880954119,139.5571259989,19579667,0.0,1.0
10-01-2024,143.8,144.525,142.46,142.52,16641881,143.2836978341,141.9485089948,142.0082935697,16641881,0.0,1.0
11-01-2024,143.67,146.66,142.215,144.895,17471130,143.1541645885,141.7043886473,144.374766326,17471130,0.0,1.0
12-01-2024,144.24,144.74,143.36,144.34,13998729,143.72211805,142.8452776182,143.8217590082,13998729,0.0,1.0
16-01-2024,144.08,145.84,143.0564,143.43,19198939,143.562692517,142.5427676692,142.9150262889,19198939,0.0,1.0
17-01-2024,142.89,143.41,140.51,142.91,17884548,142.3769651149,140.0055103107,142.3968933065,17884548,0.0,1.0
18-01-2024,144.99,145.585,143.35,143.44,18876800,144.4694252362,142.8353135224,142.9249903847,18876800,0.0,1.0
19-01-2024,147.97,148.04,145.8,146.305,27181032,147.4387257894,145.2765169973,145.779703836,27181032,0.0,1.0
22-01-2024,147.71,150.015,147.58,148.71,21829232,147.1796592982,147.0501260526,148.1760688798,21829232,0.0,1.0
23-01-2024,148.68,148.86,147.19,147.72,14113649,148.1461765923,146.6615263157,147.189623394,14113649,0.0,1.0
24-01-2024,150.35,151.57,149.84,150.29,18892741,149.8101805936,149.302011707,149.7503960187,18892741,0.0,1.0
25-01-2024,153.64,154.76,151.22,151.74,21495120,153.0883681171,150.6770569296,151.195189912,21495120,0.0,1.0
26-01-2024,153.79,154.11,152.8,152.87,19494488,153.2378295543,152.2513840685,152.3211327392,19494488,0.0,1.0
29-01-2024,154.84,155.2,152.92,153.64,20909258,154.284059615,152.3709532183,153.0883681171,20909258,0.0,1.0
30-01-2024,153.05,155.04,152.775,154.01,26578934,152.5004864639,152.226473829,153.4570396623,26578934,0.0,1.0
31-01-2024,141.8,145.59,141.55,145.39,43908584,141.2908786709,141.0417762755,144.8679890689,43908584,0.0,1.0
01-02-2024,142.71,144.62,142.26,143.69,25526855,142.1976113902,141.7492270785,143.1740927801,25526855,0.0,1.0
02-02-2024,143.54,143.88,138.17,140.89,42136127,143.0246313429,137.6739118897,140.3841459517,42136127,0.0,1.0
05-02-2024,144.93,146.67,143.91,144.04,29254444,144.4096406613,143.3933028881,143.5228361337,29254444,0.0,1.0
06-02-2024,145.41,146.74,144.52,145.96,21517655,144.8879172605,144.0011127329,145.4359425304,21517655,0.0,1.0
07-02-2024,146.68,147.0,145.2103,146.12,21436126,146.1533574291,144.6889342671,145.5953680634,21436126,0.0,1.0
08-02-2024,147.22,147.61,146.42,146.97,18241319,146.6914186032,145.8942909379,146.4423162078,18241319,0.0,1.0
09-02-2024,150.22,150.695,147.43,147.95,21877693,149.680647348,146.9006646153,147.4187975978,21877693,0.0,1.0
12-02-2024,148.73,150.59,148.56,149.54,17236108,148.1959970714,148.0266074425,149.0030888325,17236108,0.0,1.0
13-02-2024,146.37,148.04,145.11,146.07,18138482,145.8444704588,144.588994386,145.5455475844,18138482,0.0,1.0
14-02-2024,147.14,147.83,145.555,147.37,16651824,146.6117058367,145.0323966498,146.8408800404,16651824,0.0,1.0
15-02-2024,143.94,144.76,141.88,144.46,26724305,143.4231951755,141.3705914374,143.941328158,26724305,0.0,1.0
16-02-2024,141.76,144.48,141.52,144.21,21865118,141.2510222877,141.0118839881,143.6922257626,21865118,0.0,1.0
20-02-2024,142.2,143.3285,140.8,140.94,18625589,141.6894425036,140.2944690893,140.4339664307,18625589,0.0,1.0
21-02-2024,143.84,143.98,141.91,142.64,16499584,143.3235542174,141.4004837249,142.1278627195,16499584,0.0,1.0
22-02-2024,145.32,146.2,144.01,146.12,23024707,144.7982403982,143.4929438463,145.5953680634,23024707,0.0,1.0
23-02-2024,145.29,145.955,144.79,144.97,14519434,144.7683481107,144.2701433199,144.4494970446,14519434,0.0,1.0
26-02-2024,138.75,143.84,138.74,143.45,33513011,138.251829447,138.2418653512,142.9349544806,33513011,0.0,1.0
27-02-2024,140.1,140.49,138.5,139.41,22363981,139.5969823822,138.0027270516,138.9094597709,22363981,0.0,1.0
28-02-2024,137.43,139.28,136.64,139.1,30628702,136.9365687993,136.1494052299,138.6005728006,30628702,0.0,1.0
29-02-2024,139.78,139.95,137.57,138.35,35485006,139.2781313161,137.0760661408,137.8532656144,35485006,0.0,1.0
01-03-2024,138.08,140.0,137.975,139.61,28551525,137.5842350274,137.4796120213,139.1087416872,28551525,0.0,1.0
04-03-2024,134.2,136.63,132.86,136.54,43571510,133.7181658508,132.3829770114,136.0497642717,43571510,0.0,1.0
05-03-2024,133.78,134.02,131.55,132.74,28447550,133.2996738265,131.0776804595,132.2634078616,28447550,0.0,1.0
06-03-2024,132.56,134.74,131.95,134.24,23175200,132.0840541369,131.4762442922,133.758022234,23175200,0.0,1.0
07-03-2024,135.24,135.82,132.66,133.89,24107282,134.7544318156,132.1836950951,133.4092788805,24107282,0.0,1.0
08-03-2024,136.29,138.985,134.8,135.035,26495160,135.8006618763,134.3160115997,134.5501678514,26495160,0.0,1.0
11-03-2024,138.94,139.98,137.07,137.07,22462576,138.4411472675,136.57786135,136.57786135,22462576,0.0,1.0
12-03-2024,139.62,140.28,138.21,138.25,18951920,139.118705783,137.713768273,137.7536246562,18951920,0.0,1.0
13-03-2024,140.77,142.19,140.01,140.06,19589151,140.2645768019,139.5073055199,139.5571259989,19589151,0.0,1.0
14-03-2024,144.34,144.73,141.485,142.3,35991108,143.8217590082,140.9770096527,141.7890834617,35991108,0.0,1.0
15-03-2024,142.17,144.34,141.1301,143.41,41039494,141.6595502161,140.6233838922,142.8950980973,41039494,0.0,1.0
18-03-2024,148.48,152.93,148.14,149.37,47676689,147.946894676,147.6081154183,148.8336992036,47676689,0.0,1.0
19-03-2024,147.92,149.62,147.01,148.98,17748367,147.3889053103,146.4821725911,148.4450994668,17748367,0.0,1.0
20-03-2024,149.68,149.76,147.665,148.79,17729996,149.1425861739,147.134820867,148.2557816463,17729996,0.0,1.0
21-03-2024,148.74,151.305,148.0101,150.32,19843915,148.2059611672,147.4786818136,149.7802883062,19843915,0.0,1.0
22-03-2024,151.77,152.56,150.09,150.24,19252925,151.2250821995,149.5511141024,149.7005755396,19252925,0.0,1.0
25-03-2024,151.15,151.456,148.8,150.95,15114728,150.6073082589,148.2657457421,150.4080263426,15114728,0.0,1.0
26-03-2024,151.7,153.2,151.03,151.24,19312694,151.1553335288,150.4877391091,150.6969851212,19312694,0.0,1.0
27-03-2024,151.94,152.69,150.13,152.145,16621964,151.3944718283,149.5909704856,151.5987357926,16621964,0.0,1.0
28-03-2024,152.26,152.67,151.33,152.0,21105628,151.7133228945,150.7866619836,151.4542564032,21105628,0.0,1.0
01-04-2024,156.5,157.0,151.65,151.83,24416137,155.9380995204,151.1055130497,151.2848667744,24416137,0.0,1.0
02-04-2024,155.87,155.99,153.46,154.75,17549140,155.310361484,152.9090143924,154.1943827526,17549140,0.0,1.0
03-04-2024,156.37,156.55,154.1321,154.92,16984168,155.8085662748,153.5787012722,154.3637723815,16984168,0.0,1.0
04-04-2024,151.94,156.18,151.88,155.08,23901697,151.3944718283,151.3346872535,154.5231979146,23901697,0.0,1.0
05-04-2024,153.94,154.84,151.081,151.68,16212049,153.3872909915,150.5385559978,151.1354053371,16212049,0.0,1.0
08-04-2024,156.14,156.655,153.99,154.015,16280924,155.5793920711,153.4371114706,153.4620217102,16280924,0.0,1.0
09-04-2024,158.14,159.89,156.64,157.35,21435146,157.5722112343,156.0775968619,156.7850476648,21435146,0.0,1.0
10-04-2024,157.66,158.16,156.2,157.88,16339174,157.0939346351,155.639176646,157.3131447431,16339174,0.0,1.0
11-04-2024,160.79,161.1199,157.93,158.34,17841703,160.2126966255,157.3629652221,157.7714931506,17841703,0.0,1.0
12-04-2024,159.19,161.7,158.6,159.405,16989765,158.6184412949,158.0305596418,158.832669355,16989765,0.0,1.0
15-04-2024,156.33,160.83,156.15,160.28,21140948,155.7687098916,155.5893561669,159.7045277389,21140948,0.0,1.0
16-04-2024,156.0,157.23,155.05,155.64,15413201,155.4398947296,154.4933056271,155.0811872803,15413201,0.0,1.0
17-04-2024,156.88,158.681,156.135,157.19,16237752,156.3167351615,155.5744100232,156.6256221317,16237752,0.0,1.0
18-04-2024,157.46,158.485,156.21,156.925,14016065,156.8946527188,155.6491407418,156.3615735926,14016065,0.0,1.0
19-04-2024,155.72,157.99,153.91,157.75,21479881,155.1609000468,153.3573987041,157.1836114974,21479881,0.0,1.0
22-04-2024,157.95,159.185,155.66,156.01,17243870,157.3828934138,155.1011154719,155.4498588255,17243870,0.0,1.0
23-04-2024,159.92,160.48,157.965,158.59,16115408,159.3458202895,157.3978395575,158.020595546,16115408,0.0,1.0
24-04-2024,161.1,161.39,158.82,159.09,19485694,160.5215835958,158.2497697498,158.5188003368,19485694,0.0,1.0
25-04-2024,157.95,158.28,152.768,153.36,36197789,157.3828934138,152.2194989619,152.8093734342,36197789,0.0,1.0
26-04-2024,173.69,176.42,171.4,175.99,56500787,173.0663802282,170.7846022863,175.3581222658,56500787,0.0,1.0
29-04-2024,167.9,171.38,167.06,170.77,35914561,167.2971687507,166.4601847021,170.1568642499,35914561,0.0,1.0
30-04-2024,164.64,169.87,164.5,167.38,29420755,164.0488735147,163.9093761732,166.7790357683,29420755,0.0,1.0
01-05-2024,165.57,168.81,164.9,166.18,25223245,164.9755344256,164.3079400059,165.5833442703,25223245,0.0,1.0
02-05-2024,168.46,168.53,165.69,166.67,17041119,167.8551581164,165.0951035754,166.0715849653,17041119,0.0,1.0
03-05-2024,168.99,169.85,164.98,169.54,22767056,168.3832551946,164.3876527724,168.9312804645,22767056,0.0,1.0
06-05-2024,169.83,169.9,167.89,169.22,15147906,169.2202392432,167.2872046549,168.6124293984,15147906,0.0,1.0
07-05-2024,172.98,173.47,170.0,170.12,21102434,172.3589294252,169.389628872,169.5091980218,21102434,0.0,1.0
08-05-2024,171.16,171.9092,170.522,170.75,14569858,170.5454639867,169.9097546736,170.1369360582,14569858,0.0,1.0
09-05-2024,171.58,172.44,169.93,171.15,11937704,170.963956011,169.3198802013,170.5354998909,11937704,0.0,1.0
10-05-2024,170.29,171.34,167.91,169.69,18740458,169.6785876507,167.3071328465,169.0807419018,18740458,0.0,1.0
13-05-2024,170.9,170.95,165.76,165.847,19648585,170.2863974955,165.1648522461,165.2515398797,19648585,0.0,1.0
14-05-2024,171.93,172.78,170.42,171.59,18729463,171.3126993645,169.8081208963,170.9739201068,18729463,0.0,1.0
15-05-2024,173.88,174.0459,172.03,172.3,20958245,173.2556980487,171.4123403227,171.6813709097,20958245,0.0,1.0
16-05-2024,175.43,176.34,174.05,174.6,17247311,174.8001329001,173.4250876775,173.9731129474,17247311,0.0,1.0
17-05-2024,177.29,177.495,174.98,175.55,16546353,176.6534547219,174.3517485884,174.9197020499,16546353,0.0,1.0
20-05-2024,178.46,179.95,177.225,177.31,17495122,177.8192539324,176.5886880991,176.6733829135,17495122,0.0,1.0
21-05-2024,179.54,179.82,177.31,178.4,14706021,178.8953762805,176.6733829135,177.7594693575,14706021,0.0,1.0
22-05-2024,178.0,178.852,176.7801,178.4,16189404,177.3609055249,176.1453854763,177.7594693575,16189404,0.0,1.0
23-05-2024,175.06,179.91,174.54,178.78,14928363,174.4314613549,173.9133283725,178.1381049985,14928363,0.0,1.0
24-05-2024,176.33,177.3044,175.2,176.52,11403560,175.6969015236,174.5709586964,175.8862193441,11403560,0.0,1.0
28-05-2024,178.02,178.51,175.68,175.74,15655340,177.3808337165,175.0492352955,175.1090198704,15655340,0.0,1.0
29-05-2024,177.4,178.23,176.26,176.81,15023847,176.7630597759,175.6271528529,176.1751781227,15023847,0.0,1.0
30-05-2024,173.56,176.69,173.23,176.69,18844036,172.9368469825,172.6080318206,176.055608973,18844036,0.0,1.0
31-05-2024,173.96,174.42,170.97,173.4,28085151,173.3354108152,170.3561461662,172.7774214495,28085151,0.0,1.0
03-06-2024,174.42,175.86,172.45,173.88,20742798,173.7937592227,171.830832347,173.2556980487,20742798,0.0,1.0
04-06-2024,175.13,175.19,173.22,174.45,14066602,174.5012100257,172.5980677248,173.8236515102,14066602,0.0,1.0
05-06-2024,177.07,177.97,175.29,176.535,15233861,176.434244614,174.6606355587,175.9011654878,15233861,0.0,1.0
06-06-2024,178.35,178.71,177.21,177.43,14255818,177.7096488784,176.5737419554,176.7929520633,14255818,0.0,1.0
07-06-2024,175.95,179.42,175.79,178.46,14716270,175.3182658826,175.1588403495,177.8192539324,14716270,0.0,1.0
10-06-2024,176.63,178.47,174.38,176.45,17122247,176.1951063144,173.9506462045,176.0155495056,17122247,0.2,1.0
11-06-2024,178.19,178.39,175.44,177.72,14402401,177.7512653239,175.0080363007,177.2824225454,14402401,0.0,1.0
12-06-2024,179.56,182.08,177.78,179.75,18600421,179.1178921463,177.342274815,179.3074243334,18600421,0.0,1.0
13-06-2024,176.74,178.51,176.66,177.84,15956941,176.3048354753,176.2250324492,177.4021270846,15956941,0.0,1.0
14-06-2024,178.37,178.73,175.852,175.852,12361571,177.9308221327,175.4190218853,175.4190218853,12361571,0.0,1.0
17-06-2024,178.78,179.92,176.49,176.98,15272864,178.3398126416,176.0554510187,176.5442445537,15272864,0.0,1.0
18-06-2024,176.45,178.91,175.62,178.79,15640257,176.0155495056,175.1875931095,178.3497880199,15640257,0.0,1.0
20-06-2024,177.71,178.74,176.46,176.71,16753166,177.2724471671,176.0255248839,176.2749093405,16753166,0.0,1.0
21-06-2024,180.26,182.5117,178.06,178.49,59728019,179.816168625,177.6215854064,178.0505266719,59728019,0.0,1.0
24-06-2024,180.79,182.08,180.23,181.28,18198282,180.3448636731,179.7862424902,180.8336572081,18198282,0.0,1.0
25-06-2024,185.58,185.75,181.105,181.145,18917734,185.1230698626,180.6590880885,180.6989896015,18917734,0.0,1.0
26-06-2024,185.37,185.93,183.99,184.2,13375715,184.913586919,183.5369847182,183.7464676618,13375715,0.0,1.0
27-06-2024,186.86,187.5,185.45,185.645,13025656,186.3999182806,184.9933899451,185.1879098213,13025656,0.0,1.0
28-06-2024,183.42,186.58,183.325,185.72,23032362,182.9683881571,182.8736220635,185.2627251583,23032362,0.0,1.0
01-07-2024,184.49,185.34,182.73,184.48,11815862,184.0357536315,182.2800870567,184.0257782533,11815862,0.0,1.0
02-07-2024,186.61,186.95,183.06,183.47,12555545,186.150533824,182.6092745395,183.0182650484,12555545,0.0,1.0
03-07-2024,187.39,187.62,185.385,186.3,7409106,186.9286133287,184.9285499864,185.8412970977,7409106,0.0,1.0
05-07-2024,191.96,192.26,187.32,187.32,14303361,191.4873611963,186.8587856809,186.8587856809,14303361,0.0,1.0
08-07-2024,190.48,191.6791,189.32,191.365,12097611,190.0110052129,188.8538613341,190.8938261895,12097611,0.0,1.0
09-07-2024,190.44,192.86,190.23,191.75,10224925,189.9711036999,189.7616207563,191.2778782527,10224925,0.0,1.0
10-07-2024,192.66,193.31,190.62,190.75,12052906,192.185637675,190.1506605087,190.2803404261,12052906,0.0,1.0
11-07-2024,187.3,192.41,186.82,191.34,16451981,186.8388349243,186.3600167675,190.8688877438,16451981,0.0,1.0
12-07-2024,186.78,188.69,186.14,186.92,14449113,186.3201152545,185.6816910455,186.4597705502,14449113,0.0,1.0
15-07-2024,188.19,189.9,186.49,186.49,12186015,187.72664359,186.0308292848,186.0308292848,12186015,0.0,1.0
16-07-2024,185.5,190.34,185.12,188.96,12760102,185.0432668364,184.6642024623,188.4947477165,12760102,0.0,1.0
17-07-2024,182.62,185.23,181.62,184.68,17376563,182.1703578958,181.1728200692,184.2252858186,17376563,0.0,1.0
18-07-2024,179.22,184.05,178.21,183.54,17877197,178.7787292853,177.7712160804,183.0880926963,17877197,0.0,1.0
19-07-2024,179.39,181.97,178.86,180.37,14485899,178.9483107158,178.4196156677,179.9258977859,14485899,0.0,1.0
22-07-2024,183.35,184.3,181.9,182.35,16303896,182.8985605092,181.4521306606,181.9010226826,16303896,0.0,1.0
23-07-2024,183.6,185.22,183.33,183.84,23772602,183.1479449659,182.8786097527,183.3873540442,23772602,0.0,1.0
24-07-2024,174.37,177.95,173.57,175.39,31250683,173.9406708262,173.1426405649,174.9581594094,31250683,0.0,1.0
25-07-2024,169.16,175.2,169.05,174.25,28967880,168.7434987496,168.6337695887,173.820966287,28967880,0.0,1.0
26-07-2024,168.68,169.84,165.865,168.77,25150116,168.2646805928,165.4566116109,168.3544589972,25150116,0.0,1.0
29-07-2024,171.13,172.16,169.72,170.5,13768931,170.708648268,169.3021199325,170.0801994373,13768931,0.0,1.0
30-07-2024,171.86,172.95,170.12,171.83,13681418,171.4368508814,169.7011350631,171.4069247466,13681418,0.0,1.0
31-07-2024,173.15,175.91,171.72,174.92,15650154,172.7236746778,171.2971955857,174.4893166309,15650154,0.0,1.0
01-08-2024,172.45,175.68,170.51,171.98,17177833,172.0253981991,170.0901748155,171.5565554206,17177833,0.0,1.0
02-08-2024,168.4,170.21,166.39,168.19,18907773,167.9853700014,165.9803189699,167.7758870578,18907773,0.0,1.0
05-08-2024,160.64,165.94,156.6,157.37,34907815,160.2444764669,156.2144236474,156.9825277738,34907815,0.0,1.0
06-08-2024,160.54,162.35,158.13,160.945,36146541,160.1447226842,157.7406565221,160.548725504,36146541,0.0,1.0
07-08-2024,160.75,164.79,160.24,163.24,19334246,160.3542056278,159.8454613362,162.8380748161,19334246,0.0,1.0
08-08-2024,163.84,165.5,162.03,162.344,15733612,163.436597512,161.6310540459,161.9442809234,15733612,0.0,1.0
09-08-2024,165.39,165.52,160.93,161.645,13549230,164.9827811433,160.5337624366,161.2470019826,13549230,0.0,1.0
12-08-2024,163.95,166.7,163.55,165.995,12434969,163.5463266729,163.1473115423,165.5862915284,12434969,0.0,1.0
13-08-2024,165.93,166.54,164.77,165.185,12717628,165.5214515696,164.3643076908,164.7782858888,12717628,0.0,1.0
14-08-2024,162.03,164.96,159.53,164.21,22515895,161.6310540459,159.1372094793,163.8056865079,22515895,0.0,1.0
15-08-2024,163.17,163.52,161.49,162.21,18392452,162.7682471682,161.0923836195,161.8106108546,18392452,0.0,1.0
16-08-2024,164.74,166.95,163.08,163.41,16853137,164.334381556,162.6784687638,163.0076562466,16853137,0.0,1.0
19-08-2024,168.4,168.47,166.09,167.0,13100762,167.9853700014,165.6810576219,166.5888170441,13100762,0.0,1.0
20-08-2024,168.96,170.41,168.66,168.74,12622523,168.5439911843,168.2447298363,168.3245328624,12622523,0.0,1.0
21-08-2024,167.63,168.64,166.57,166.99,15269550,167.2172658749,166.1598757787,166.5788416658,15269550,0.0,1.0
22-08-2024,165.49,169.42,165.03,169.04,19123778,165.0825349259,164.6236675257,168.6237942104,19123778,0.0,1.0
23-08-2024,167.43,167.95,165.66,166.55,14281621,167.0177583096,165.2521163564,166.1399250221,14281621,0.0,1.0
26-08-2024,167.93,169.38,166.32,168.155,11990305,167.5165272229,165.910491322,167.7409732338,11990305,0.0,1.0
27-08-2024,166.38,168.245,166.16,167.61,13718162,165.9703435916,165.7508852698,167.1973151183,13718162,0.0,1.0
28-08-2024,164.5,167.39,163.28,166.78,15208736,164.0949724776,162.8779763291,166.3693587223,15208736,0.0,1.0
29-08-2024,163.4,167.63,161.982,166.06,17133830,162.9976808683,161.5831722302,165.6511314871,17133830,0.0,1.0
30-08-2024,165.11,165.28,163.41,164.22,18498777,164.7034705518,163.0076562466,163.8156618861,18498777,0.0,1.0
03-09-2024,158.61,163.38,157.855,163.315,26533110,158.2194746788,157.4663336197,162.912890153,26533110,0.0,1.0
04-09-2024,157.81,160.4,157.44,158.075,15942997,157.4214444176,157.0523554217,157.6857919416,15942997,0.0,1.0
05-09-2024,158.6,161.015,157.52,157.78,14139501,158.2094993006,157.1321584478,157.3915182828,14139501,0.0,1.0
06-09-2024,152.13,159.22,151.935,158.69,24999062,151.7554295624,151.5609096862,158.299277705,24999062,0.0,1.0
09-09-2024,149.54,154.64,148.2,153.63,28057746,149.3713141568,148.0328257191,153.4567005076,28057746,0.2,1.0
10-09-2024,150.01,152.3,149.5427,151.45,20401774,149.840783982,149.3740111111,151.2791596165,20401774,0.0,1.0
11-09-2024,152.15,152.48,148.7,151.09,18991486,151.9783699944,148.5322617033,150.9195657078,18991486,0.0,1.0
12-09-2024,155.54,155.61,153.5,154.81,21024062,155.3645459673,153.3268471517,154.6353694303,21024062,0.0,1.0
13-09-2024,158.37,159.275,156.11,156.362,16733908,158.1913536379,155.9339029893,156.1856187253,16733908,0.0,1.0
16-09-2024,158.99,159.24,157.61,158.33,14157614,158.8106542583,157.4322109419,158.1513987592,14157614,0.0,1.0
17-09-2024,160.28,161.59,159.41,160.09,12064790,160.0991990976,159.2301804851,159.9094134236,12064790,0.0,1.0
18-09-2024,160.81,161.63,159.66,160.85,16756450,160.6286012408,159.4798984772,160.6685561196,16756450,0.0,1.0
19-09-2024,163.24,164.99,162.5216,164.82,17548190,163.0558601241,162.338270502,164.6340778342,17548190,0.0,1.0
20-09-2024,164.64,164.75,163.18,164.52,46362673,164.4542808799,162.995927806,164.3344162437,46362673,0.0,1.0
23-09-2024,163.07,166.61,162.95,165.34,15648446,162.8860518895,162.7661872532,165.1534912578,15648446,0.0,1.0
24-09-2024,163.64,164.55,162.03,164.25,18774056,163.4554089115,161.8472250423,164.0647208122,18774056,0.0,1.0
25-09-2024,162.99,164.217,162.775,162.97,13607892,162.806142132,162.5913846588,162.7861646926,13607892,0.0,1.0
26-09-2024,163.83,165.5,163.5,165.03,18234497,163.6451945854,163.3155668359,164.8438409475,18234497,0.0,1.0
27-09-2024,165.29,166.97,163.83,163.91,13604261,165.1035476593,163.6451945854,163.7251043429,13604261,0.0,1.0
30-09-2024,167.19,167.36,164.64,164.78,14083451,167.0014043993,164.4542808799,164.5941229554,14083451,0.0,1.0
01-10-2024,168.42,170.44,165.9,168.86,18629506,168.2300169205,165.7128595601,168.6695205866,18629506,0.0,1.0
02-10-2024,167.31,168.88,166.25,167.76,12744975,167.1212690355,166.062464749,167.5707614213,12744975,0.0,1.0
03-10-2024,167.21,167.91,165.37,165.82,11004333,167.0213818387,165.1834574168,165.6329498026,11004333,0.0,1.0
04-10-2024,168.56,169.55,166.96,169.34,11435318,168.3698589961,166.7716638466,169.1489791314,11435318,0.0,1.0
07-10-2024,164.39,169.9,164.13,169.14,14034722,164.2045628878,163.944856176,168.9492047377,14034722,0.0,1.0
08-10-2024,165.7,166.1,164.31,165.43,11723885,165.5130851664,164.1246531303,165.2433897349,11723885,0.0,1.0
09-10-2024,163.06,166.26,161.12,164.855,19666411,162.8760631698,160.938251551,164.6690383531,19666411,0.0,1.0
10-10-2024,163.18,164.3107,161.64,162.11,12900492,162.995927806,161.4576649746,161.9271347998,12900492,0.0,1.0
11-10-2024,164.52,165.27,162.5,163.33,10945971,164.3344162437,162.3166948675,163.1457586012,10945971,0.0,1.0
14-10-2024,166.35,167.62,164.78,164.91,9981765,166.1623519459,164.5941229554,164.7239763113,9981765,0.0,1.0
15-10-2024,166.9,169.09,166.05,167.14,14829338,166.7117315285,165.8626903553,166.9514608009,14829338,0.0,1.0
16-10-2024,166.74,167.28,165.216,166.03,9968474,166.5519120135,165.0296311337,165.842712916,9968474,0.0,1.0
17-10-2024,164.51,167.93,164.37,167.38,15113356,164.324427524,164.1845854484,167.1911900733,15113356,0.0,1.0
18-10-2024,165.05,166.3699,164.75,164.87,13091267,164.8638183869,164.5641567964,164.6840214326,13091267,0.0,1.0
21-10-2024,165.8,166.22,164.305,164.58,11384047,165.6129723632,164.1196587704,164.3943485618,11384047,0.0,1.0
22-10-2024,166.82,167.47,164.67,164.7,11958617,166.631821771,164.4842470389,164.514213198,11958617,0.0,1.0
23-10-2024,164.48,167.6,163.6325,166.43,12754283,164.2944613649,163.4479173717,166.2422617033,12754283,0.0,1.0
24-10-2024,164.53,165.05,162.77,164.59,12764430,164.3444049633,162.5863902989,164.4043372814,12764430,0.0,1.0
25-10-2024,166.99,167.4,165.23,165.365,14566410,166.8016300056,165.0436153412,165.178463057,14566410,0.0,1.0
28-10-2024,168.34,170.606,165.79,170.59,20858254,168.150107163,165.6029836435,170.3975690919,20858254,0.0,1.0
29-10-2024,171.14,171.86,168.66,169.385,28916106,170.9469486746,168.4697461929,169.19392837,28916106,0.0,1.0
30-10-2024,176.14,183.79,175.7451,182.41,49698313,175.9413085166,175.5468539763,182.2042357586,49698313,0.0,1.0
31-10-2024,172.69,178.42,172.56,174.72,32801898,172.4952002256,172.3653468697,174.5229103215,32801898,0.0,1.0
01-11-2024,172.65,173.82,170.31,171.54,21752859,172.4552453469,170.1178849408,171.3464974619,21752859,0.0,1.0
04-11-2024,170.68,171.92,169.485,171.24,16193994,170.4874675691,169.2938155668,171.0468358714,16193994,0.0,1.0
05-11-2024,171.41,172.0973,170.37,170.83,12518282,171.216644106,170.1778172589,170.6372983644,12518282,0.0,1.0
06-11-2024,178.33,178.64,175.04,175.35,27061510,178.1288381275,174.8425493514,175.1521996616,27061510,0.0,1.0
07-11-2024,182.28,182.58,178.89,179.11,16730407,182.0743824027,178.6882064298,178.9079582628,16730407,0.0,1.0
08-11-2024,179.86,182.35,179.57,182.0,15021549,179.6571122391,179.3674393683,181.7946982516,15021549,0.0,1.0
11-11-2024,181.97,182.085,179.99,180.07,12503422,181.7647320925,179.786965595,179.8668753525,12503422,0.0,1.0
12-11-2024,183.32,184.025,180.99,181.38,14065845,183.1132092499,180.7858375635,181.1753976311,14065845,0.0,1.0
13-11-2024,180.49,182.615,180.12,182.15,13969709,180.2864015792,179.9168189509,181.9445290468,13969709,0.0,1.0
14-11-2024,177.35,180.445,176.03,179.75,17925763,177.1499435984,175.8314326001,179.5472363226,17925763,0.0,1.0
15-11-2024,173.89,175.88,172.745,175.64,21708870,173.6938465877,172.5501381839,175.4418725324,21708870,0.0,1.0
18-11-2024,176.8,176.91,174.42,174.955,18725422,176.6005640158,174.223248731,174.7576452341,18725422,0.0,1.0
19-11-2024,179.58,180.17,175.116,175.235,15392866,179.377428088,174.918463621,175.0373293852,15392866,0.0,1.0
20-11-2024,177.33,179.11,175.33,178.83,15729806,177.1299661591,175.1322222222,178.6282741117,15729806,0.0,1.0
21-11-2024,169.24,175.58,165.31,175.455,38839431,169.0490919346,165.1235250987,175.2570812183,38839431,0.0,1.0
22-11-2024,166.57,168.2645,165.71,167.16,24497042,166.3821037789,165.5230738861,166.9714382403,24497042,0.0,1.0
25-11-2024,169.43,170.46,167.4,167.99,21395652,169.2388776086,167.2111675127,167.8005019741,21395652,0.0,1.0
26-11-2024,170.62,171.495,169.43,169.49,14937478,170.427535251,169.2388776086,169.2988099267,14937478,0.0,1.0
27-11-2024,170.82,171.14,169.67,170.68,12433371,170.6273096447,169.478606881,170.4874675691,12433371,0.0,1.0
29-11-2024,170.49,170.87,168.75,170.06,9250712,170.2976818951,168.5596446701,169.8681669487,9250712,0.0,1.0
02-12-2024,172.98,173.6,170.27,170.32,16593444,172.7848730964,170.077930062,170.1278736605,16593444,0.0,1.0
03-12-2024,173.02,174.32,172.51,173.12,15721483,172.8248279752,172.3154032713,172.924715172,15721483,0.0,1.0
04-12-2024,176.09,176.43,172.75,172.78,18239842,175.8913649182,172.5551325437,172.5850987028,18239842,0.0,1.0
05-12-2024,174.31,177.71,174.01,177.32,16145520,174.1133728144,173.8137112239,177.1199774394,16145520,0.0,1.0
06-12-2024,176.49,176.8389,173.55,173.88,13319549,176.2909137056,173.3542301184,173.683857868,13319549,0.0,1.0
09-12-2024,177.1,178.04,175.4,175.715,19887786,177.1,175.4,175.715,19887786,0.2,1.0
10-12-2024,186.53,188.03,182.67,184.535,34317438,186.53,182.67,184.535,34317438,0.0,1.0
11-12-2024,196.71,196.89,186.26,186.7,41664489,196.71,186.26,186.7,41664489,0.0,1.0
12-12-2024,193.63,196.7053,193.28,196.3,25197757,193.63,193.28,196.3,25197757,0.0,1.0
13-12-2024,191.38,194.34,191.26,192.71,18883217,191.38,191.26,192.71,18883217,0.0,1.0
16-12-2024,198.16,200.64,194.11,194.365,32248640,198.16,194.11,194.365,32248640,0.0,1.0
17-12-2024,197.12,202.88,196.69,198.53,24129481,197.12,196.69,198.53,24129481,0.0,1.0
18-12-2024,190.15,198.6899,189.28,196.83,27638416,190.15,189.28,196.83,27638416,0.0,1.0
19-12-2024,189.7,194.6,189.52,193.28,26981196,189.7,189.52,193.28,26981196,0.0,1.0
20-12-2024,192.96,194.1354,186.37,187.01,45319703,192.96,186.37,187.01,45319703,0.0,1.0
23-12-2024,195.99,196.49,191.63,194.03,15235942,195.99,191.63,194.03,15235942,0.0,1.0
24-12-2024,197.57,197.67,195.1979,196.17,6809823,197.57,195.1979,196.17,6809823,0.0,1.0
26-12-2024,197.1,198.16,195.87,196.74,7918434,197.1,195.87,196.74,7918434,0.0,1.0
27-12-2024,194.04,196.8,191.972,196.47,14692994,194.04,191.972,196.47,14692994,0.0,1.0
30-12-2024,192.69,193.78,190.36,190.865,12209534,192.69,190.36,190.865,12209534,0.0,1.0
31-12-2024,190.44,193.25,189.58,192.445,14355221,190.44,189.58,192.445,14355221,0.0,1.0
02-01-2025,190.63,193.2,188.71,191.485,17545162,190.63,188.71,191.485,17545162,0.0,1.0
03-01-2025,193.13,194.5,191.35,192.725,12874957,193.13,191.35,192.725,12874957,0.0,1.0
06-01-2025,197.96,199.56,195.06,195.15,19483323,197.96,195.06,195.15,19483323,0.0,1.0
07-01-2025,196.71,202.14,195.94,198.27,16966760,196.71,195.94,198.27,16966760,0.0,1.0
08-01-2025,195.39,197.64,193.75,193.95,14335341,195.39,193.75,193.95,14335341,0.0,1.0
10-01-2025,193.17,197.62,191.6,195.42,20753794,193.17,191.6,195.42,20753794,0.0,1.0
13-01-2025,192.29,192.49,188.66,191.35,13169060,192.29,188.66,191.35,13169060,0.0,1.0
14-01-2025,191.05,193.27,189.64,192.5,13651183,191.05,189.64,192.5,13651183,0.0,1.0
15-01-2025,196.98,197.8,193.33,194.35,12894875,196.98,193.33,194.35,12894875,0.0,1.0
16-01-2025,194.41,196.9799,194.3,195.825,13449581,194.41,194.3,195.825,13449581,0.0,1.0
17-01-2025,197.55,198.81,195.31,198.05,22109129,197.55,195.31,198.05,22109129,0.0,1.0
21-01-2025,199.63,203.84,199.44,200.51,19005232,199.63,199.44,200.51,19005232,0.0,1.0
22-01-2025,200.03,202.12,199.2,200.55,15477376,200.03,199.2,200.55,15477376,0.0,1.0
23-01-2025,199.58,201.94,196.82,199.98,15170838,199.58,196.82,199.98,15170838,0.0,1.0
24-01-2025,201.9,202.57,199.7842,199.85,12732376,201.9,199.7842,199.85,12732376,0.0,1.0
27-01-2025,193.77,198.67,192.7,194.19,24970173,193.77,192.7,194.19,24970173,0.0,1.0
28-01-2025,197.07,197.23,192.61,194.65,15939161,197.07,192.61,194.65,15939161,0.0,1.0
29-01-2025,197.18,198.4595,195.19,197.37,12287818,197.18,195.19,197.37,12287818,0.0,1.0
30-01-2025,202.63,203.2384,199.4717,199.76,14571479,202.63,199.4717,199.76,14571479,0.0,1.0
31-01-2025,205.6,207.08,203.58,203.715,17087335,205.6,203.58,203.715,17087335,0.0,1.0
03-02-2025,202.64,205.22,201.66,202.215,16719469,202.64,201.66,202.215,16719469,0.0,1.0
04-02-2025,207.71,208.7,204.26,204.5,28285436,207.71,204.26,204.5,28285436,0.0,1.0
05-02-2025,193.3,194.5499,189.91,193.1,43719589,193.3,189.91,193.1,43719589,0.0,1.0
06-02-2025,193.31,193.83,190.49,190.99,20816593,193.31,190.49,190.99,20816593,0.0,1.0
07-02-2025,187.14,193.015,185.1,192.74,29565724,187.14,185.1,192.74,29565724,0.0,1.0
10-02-2025,188.2,189.99,187.61,189.06,16606020,188.2,187.61,189.06,16606020,0.0,1.0
11-02-2025,187.07,188.8,186.08,186.835,13028100,187.07,186.08,186.835,13028100,0.0,1.0
12-02-2025,185.43,186.83,183.63,185.23,17632314,185.43,183.63,185.23,17632314,0.0,1.0
13-02-2025,187.88,187.99,184.88,185.93,12729334,187.88,184.88,185.93,12729334,0.0,1.0
14-02-2025,186.87,188.15,186.11,186.83,12714154,186.87,186.11,186.83,12714154,0.0,1.0
18-02-2025,185.8,187.78,183.58,187.44,19796028,185.8,183.58,187.44,19796028,0.0,1.0
19-02-2025,187.13,187.36,185.5,186.185,13120465,187.13,185.5,186.185,13120465,0.0,1.0
20-02-2025,186.64,187.12,184.6,186.5,12063807,186.64,184.6,186.5,12063807,0.0,1.0
21-02-2025,181.58,187.47,181.13,187.29,19520782,181.58,181.13,187.29,19520782,0.0,1.0
24-02-2025,181.19,185.09,180.88,183.8,18734014,181.19,180.88,183.8,18734014,0.0,1.0
25-02-2025,177.37,180.76,176.77,180.155,20832485,177.37,176.77,180.155,20832485,0.0,1.0
26-02-2025,174.7,178.08,173.59,176.945,23693251,174.7,173.59,176.945,23693251,0.0,1.0
27-02-2025,170.21,176.59,169.752,175.94,25930530,170.21,169.752,175.94,25930530,0.0,1.0
28-02-2025,172.22,172.5,168.39,170.3,30049812,172.22,168.39,170.3,30049812,0.0,1.0
03-03-2025,168.66,175.0,167.64,173.73,24121991,168.66,167.64,173.73,24121991,0.0,1.0
04-03-2025,172.61,175.165,167.54,167.94,30461849,172.61,167.54,167.94,30461849,0.0,1.0
