date,META_close,META_high,META_low,META_open,META_traded_volume,META_adjClose,META_adjLow,META_adjOpen,META_adj_traded_volume,META_divCash,META_splitFactor
18-05-2012,38.2318,45.0,38.0,42.05,573576400,38.0869166302,37.8559950604,41.8906471655,573576400,0.0,1.0
21-05-2012,34.03,36.66,33.0,36.53,168192700,33.901039787,32.8749430788,36.3915657778,168192700,0.0,1.0
22-05-2012,31.0,33.59,30.94,32.61,101786600,30.8825222861,30.8227496623,32.4864210242,101786600,0.0,1.0
23-05-2012,32.0,32.5,31.36,31.37,73600000,31.8787326824,31.2411580288,31.2511201327,73600000,0.0,1.0
24-05-2012,33.03,33.21,31.77,32.95,50237200,32.9048293906,31.6496042913,32.8251325589,50237200,0.0,1.0
25-05-2012,31.91,32.95,31.11,32.9,37149800,31.7890737468,30.9921054297,32.7753220391,37149800,0.0,1.0
29-05-2012,28.84,31.69,28.65,31.48,78063400,28.73070783,28.5414278547,31.3607032763,78063400,0.0,1.0
30-05-2012,28.19,29.55,27.86,28.695,57267900,28.0831710724,27.7544216416,28.5862573226,57267900,0.0,1.0
31-05-2012,29.6,29.67,26.83,28.545,111639200,29.4878277312,26.7283249334,28.4368257631,111639200,0.0,1.0
01-06-2012,27.72,29.15,27.39,28.892,41855500,27.6149521862,27.2862027554,28.7825107706,41855500,0.0,1.0
04-06-2012,26.9,27.65,26.44,27.2,35230300,26.7980596612,26.3398028789,27.0969227801,35230300,0.0,1.0
05-06-2012,25.869,27.76,25.75,26.7,42473400,25.7709667426,25.6524177054,26.5988175819,42473400,0.0,1.0
06-06-2012,26.81,27.17,25.52,26.07,61489200,26.7084007255,25.4232893142,25.9712050322,61489200,0.0,1.0
07-06-2012,26.31,27.35,26.15,27.0,26159500,26.2102955273,26.0509018639,26.8976807008,26159500,0.0,1.0
08-06-2012,27.1,27.76,26.44,26.55,38034000,26.9973017404,26.3398028789,26.4493860224,38034000,0.0,1.0
11-06-2012,27.005,28.07,26.835,27.18,28219600,26.9026617528,26.7333059854,27.0769985721,28219600,0.0,1.0
12-06-2012,27.4,27.77,26.96,27.48,15816800,27.2961648593,26.8578322849,27.375861691,15816800,0.0,1.0
13-06-2012,27.27,28.1,27.1,27.66,17102800,27.1666575078,26.9973017404,27.5551795624,17102800,0.0,1.0
14-06-2012,28.29,28.32,27.38,27.65,16855000,28.1827921121,27.2762406514,27.5452174584,16855000,0.0,1.0
15-06-2012,30.014,30.1,28.35,28.505,43563800,29.9002588353,28.2425647358,28.3969773473,43563800,0.0,1.0
18-06-2012,31.41,32.08,29.41,29.955,42978900,31.2909685486,29.2985477559,29.8414824219,42978900,0.0,1.0
19-06-2012,31.911,32.18,30.7,31.535,30849000,31.7900699572,30.5836591672,31.4154948481,30849000,0.0,1.0
20-06-2012,31.6,31.9288,31.15,31.92,15553600,31.4802485239,31.0319538455,31.7990358507,15553600,0.0,1.0
21-06-2012,31.84,32.5,31.51,31.67,21875300,31.719339019,31.3905895882,31.5499832516,21875300,0.0,1.0
22-06-2012,33.05,33.45,32.06,32.41,74834000,32.9247535986,31.9385053062,32.2871789449,74834000,0.0,1.0
25-06-2012,32.06,33.02,31.55,32.86,24352900,31.9385053062,31.4304380041,32.7354736233,24352900,0.0,1.0
26-06-2012,33.1,33.44,32.5,32.69,24858700,32.9745641184,32.3768378806,32.5661178559,24858700,0.0,1.0
27-06-2012,32.23,32.9,31.9,32.46,28568000,32.1078610736,31.7791116428,32.3369894647,28568000,0.0,1.0
28-06-2012,31.36,32.19,30.9,31.96,17713300,31.2411580288,30.7829012465,31.8388842666,17713300,0.0,1.0
29-06-2012,31.095,31.99,30.76,31.92,19526900,30.9771622738,30.643431791,31.7990358507,19526900,0.0,1.0
02-07-2012,30.771,31.73,30.55,31.25,14122000,30.6543901053,30.4342276078,31.1315748852,14122000,0.0,1.0
03-07-2012,31.2,31.44,30.8,30.91,8763600,31.0817643654,30.6832802068,30.7928633504,8763600,0.0,1.0
05-07-2012,31.47,31.625,31.02,31.32,10032100,31.3507411724,30.902446494,31.2013096129,10032100,0.0,1.0
06-07-2012,31.73,31.9,31.26,31.44,10945600,31.6097558754,31.1415369891,31.3208548605,10945600,0.0,1.0
09-07-2012,32.17,32.88,31.99,32.1,17785200,32.0480884498,31.8687705785,31.9783537221,17785200,0.0,1.0
10-07-2012,31.47,32.48,31.1599,32.43,14269500,31.3507411724,31.0418163285,32.3071031528,14269500,0.0,1.0
11-07-2012,30.97,31.56,30.55,31.48,13030300,30.8526359742,30.4342276078,31.3607032763,13030300,0.0,1.0
12-07-2012,30.81,31.4,30.6,30.7,11300700,30.6932423108,30.4840381276,30.5836591672,11300700,0.0,1.0
13-07-2012,30.72,31.07,30.56,31.04,8108300,30.6035833751,30.4441897117,30.922370702,8108300,0.0,1.0
16-07-2012,28.245,30.5,28.21,30.5,24672100,28.1379626442,28.1030952804,30.3844170879,24672100,0.0,1.0
17-07-2012,28.09,28.59,27.15,28.48,30438600,27.9835500328,27.0471122602,28.3720720874,30438600,0.0,1.0
18-07-2012,29.11,29.29,28.15,28.31,16841800,28.999684637,28.0433226566,28.20271632,16841800,0.0,1.0
19-07-2012,29.0,29.5,28.63,29.41,13685100,28.8901014934,28.5215036468,29.2985477559,13685100,0.0,1.0
20-07-2012,28.76,29.47,28.72,29.0,11869100,28.6510109983,28.6111625825,28.8901014934,11869100,0.0,1.0
23-07-2012,28.75,29.0,28.01,28.12,12390700,28.6410488944,27.9038532011,28.0134363447,12390700,0.0,1.0
24-07-2012,28.45,29.45,28.1,28.82,11539800,28.3421857755,27.9935121368,28.7107836221,11539800,0.0,1.0
25-07-2012,29.34,29.49,28.08,28.39,17230200,29.2288130282,27.9735879288,28.2824131517,17230200,0.0,1.0
26-07-2012,26.845,28.23,26.73,27.75,64597400,26.7432680894,26.6287038938,27.644838498,64597400,0.0,1.0
27-07-2012,23.705,24.54,22.28,23.19,123102300,23.6151674449,22.1955676301,23.1021190908,123102300,0.0,1.0
30-07-2012,23.15,24.04,23.03,23.995,29285900,23.0622706749,22.9427254274,23.9040684598,29285900,0.0,1.0
31-07-2012,21.71,23.37,21.61,23.37,56179400,21.6277277042,21.5281066646,23.2814369621,56179400,0.0,1.0
01-08-2012,20.88,21.58,20.84,21.5,44604400,20.8008730753,20.7610246594,21.418523521,44604400,0.0,1.0
02-08-2012,20.04,20.84,19.82,20.77,56374500,19.9640563424,19.7448900552,20.6912899317,56374500,0.0,1.0
03-08-2012,21.09,22.16,19.9,20.36,80647000,21.0100772585,19.8245868869,20.2828436692,80647000,0.0,1.0
06-08-2012,21.92,22.15,21.3,21.39,27778900,21.8369318875,21.2192814417,21.3089403774,27778900,0.0,1.0
07-08-2012,20.72,22.45,20.5,22.2,36782900,20.6414794119,20.4223131247,22.1158707984,36782900,0.0,1.0
08-08-2012,20.72,21.15,20.22,20.71,29537400,20.6414794119,20.1433742137,20.6315173079,29537400,0.0,1.0
09-08-2012,21.01,21.17,20.61,20.75,15610700,20.9303804268,20.5318962683,20.6713657238,15610700,0.0,1.0
10-08-2012,21.807,21.82,21.13,21.41,25794700,21.7243601127,21.0499256744,21.3288645853,25794700,0.0,1.0
13-08-2012,21.6,22.45,21.4,22.15,24973100,21.5181445606,21.3189024814,22.0660602786,24973100,0.0,1.0
14-08-2012,20.38,21.6,20.25,21.41,39308800,20.3027678771,20.1732605256,21.3288645853,39308800,0.0,1.0
15-08-2012,21.2,21.41,20.4,20.64,47861100,21.1196604021,20.322692085,20.5617825802,47861100,0.0,1.0
16-08-2012,19.87,20.48,19.69,20.44,157565300,19.794700575,19.6153827037,20.3625405009,157565300,0.0,1.0
17-08-2012,19.05,20.08,19.0,20.005,129293400,18.97780805,18.9279975302,19.9291889785,129293400,0.0,1.0
20-08-2012,20.011,20.13,18.75,19.05,101186600,19.9351662409,18.6789449311,18.97780805,101186600,0.0,1.0
21-08-2012,19.159,19.98,19.09,19.58,70640600,19.0863949832,19.0176564659,19.5057995601,70640600,0.0,1.0
22-08-2012,19.439,19.53,18.96,19.36,49892200,19.3653338942,18.8881491143,19.2866332729,49892200,0.0,1.0
23-08-2012,19.44,19.73,19.36,19.5,32813700,19.3663301046,19.2866332729,19.4261027284,32813700,0.0,1.0
24-08-2012,19.409,19.68,19.25,19.52,29622200,19.3354475823,19.1770501293,19.4460269363,29622200,0.0,1.0
27-08-2012,19.15,19.53,19.1,19.49,20704000,19.0774290896,19.0276185698,19.4161406244,20704000,0.0,1.0
28-08-2012,19.34,19.38,18.95,19.1,25417000,19.2667090649,18.8781870104,19.0276185698,25417000,0.0,1.0
29-08-2012,19.1,19.38,19.07,19.32,16124700,19.0276185698,18.9977322579,19.246784857,16124700,0.0,1.0
30-08-2012,19.0885,19.45,19.06,19.27,30647500,19.0161621503,18.987770154,19.1969743372,30647500,0.0,1.0
31-08-2012,18.058,18.7,18.03,18.68,58764200,17.9895673369,17.9616734458,18.6092102034,58764200,0.0,1.0
04-09-2012,17.729,18.27,17.55,18.08,46622400,17.6618141165,17.4834924555,18.0114839656,46622400,0.0,1.0
05-09-2012,18.58,18.75,18.18,18.27,60781800,18.5095891637,18.1111050052,18.2007639409,60781800,0.0,1.0
06-09-2012,18.96,19.2617,18.72,18.74,46066500,18.8881491143,18.6490586192,18.6689828271,46066500,0.0,1.0
07-09-2012,18.98,19.42,18.78,19.1,36371700,18.9080733223,18.708831243,19.0276185698,36371700,0.0,1.0
10-09-2012,18.81,19.2,18.55,19.06,24797800,18.7387175549,18.4797028518,18.987770154,24797800,0.0,1.0
11-09-2012,19.43,19.581,18.85,18.92,50508200,19.3563680006,18.7785659707,18.8483006985,50508200,0.0,1.0
12-09-2012,20.931,21.16,20.28,20.76,121584000,20.8516798055,20.2031468375,20.6813278277,121584000,0.0,1.0
13-09-2012,20.713,21.48,20.61,20.955,65041600,20.6345059391,20.5318962683,20.875588855,65041600,0.0,1.0
14-09-2012,22.0,22.08,20.9,21.13,72819800,21.9166287192,20.8207972832,21.0499256744,72819800,0.0,1.0
17-09-2012,21.52,22.75,21.5,22.67,50667600,21.4384477289,21.418523521,22.5840896847,50667600,0.0,1.0
18-09-2012,21.87,21.98,21.37,21.6,36760500,21.7871213676,21.2890161695,21.5181445606,36760500,0.0,1.0
19-09-2012,23.29,23.37,21.77,21.99,78782800,23.2017401304,21.687500328,21.9066666152,78782800,0.0,1.0
20-09-2012,22.59,23.24,22.54,23.02,57248900,22.504392853,22.4545823332,22.9327633234,57248900,0.0,1.0
21-09-2012,22.86,23.24,22.6,22.97,51218100,22.77336966,22.514354957,22.8829528036,51218100,0.0,1.0
24-09-2012,20.79,21.98,20.3625,21.78,79106500,20.7112141396,20.2853341952,21.697462432,79106500,0.0,1.0
25-09-2012,20.28,21.21,20.22,21.2,46291700,20.2031468375,20.1433742137,21.1196604021,46291700,0.0,1.0
26-09-2012,20.62,20.78,19.8,20.145,38271900,20.5418583722,19.7249658473,20.068658434,38271900,0.0,1.0
27-09-2012,20.32,21.0,20.16,20.99,30215900,20.2429952533,20.0836015899,20.9104562189,30215900,0.0,1.0
28-09-2012,21.66,21.95,20.5,20.57,65486000,21.5779171844,20.4223131247,20.4920478524,65486000,0.0,1.0
01-10-2012,21.99,22.59,21.73,22.08,51262700,21.9066666152,21.6476519122,21.9963255509,51262700,0.0,1.0
02-10-2012,22.27,22.49,21.82,22.08,29341400,22.1856055262,21.7373108478,21.9963255509,29341400,0.0,1.0
03-10-2012,21.83,22.49,21.8,22.295,32000100,21.7472729518,21.7173866399,22.2105107861,32000100,0.0,1.0
04-10-2012,21.9475,22.4,21.41,22.32,46892100,21.8643276734,21.3288645853,22.235416046,46892100,0.0,1.0
05-10-2012,20.91,21.63,20.88,21.49,40529300,20.8307593872,20.8008730753,21.408561417,40529300,0.0,1.0
08-10-2012,20.4,20.75,20.155,20.4,32236700,20.322692085,20.0786205379,20.322692085,32236700,0.0,1.0
09-10-2012,20.227,20.55,19.97,20.39,27161800,20.1503476865,19.8943216146,20.3127299811,27161800,0.0,1.0
10-10-2012,19.64,19.94,19.45,19.93,39321800,19.5655721838,19.3762922085,19.8544731988,39321800,0.0,1.0
11-10-2012,19.75,19.96,19.61,19.88,21817300,19.6751553274,19.5356858719,19.804662679,21817300,0.0,1.0
12-10-2012,19.5181,19.8,19.48,19.75,18809400,19.4441341365,19.4061785204,19.6751553274,18809400,0.0,1.0
15-10-2012,19.52,19.88,19.49,19.68,20189700,19.4460269363,19.4161406244,19.6054205997,20189700,0.0,1.0
16-10-2012,19.48,19.69,19.3,19.68,21834700,19.4061785204,19.2268606491,19.6054205997,21834700,0.0,1.0
17-10-2012,19.88,20.48,19.3718,19.5,44074500,19.804662679,19.2983885555,19.4261027284,44074500,0.0,1.0
18-10-2012,18.975,19.79,18.89,19.7,52157400,18.9030922703,18.8184143866,19.6253448076,52157400,0.0,1.0
19-10-2012,19.0,19.06,18.8,19.0,34835000,18.9279975302,18.7287554509,18.9279975302,34835000,0.0,1.0
22-10-2012,19.321,19.43,19.05,19.25,32447300,19.2477810674,18.97780805,19.1770501293,32447300,0.0,1.0
23-10-2012,19.5,19.8,19.1,19.25,78381200,19.4261027284,19.0276185698,19.1770501293,78381200,0.0,1.0
24-10-2012,23.2299,24.25,22.85,24.13,228949900,23.1418678856,22.763407556,24.0385568633,228949900,0.0,1.0
25-10-2012,22.56,23.31,22.47,23.29,76142000,22.4745065411,22.3848476054,23.2017401304,76142000,0.0,1.0
26-10-2012,21.9425,22.88,21.88,22.4,73175800,21.8593466214,21.7970834716,22.3151128777,73175800,0.0,1.0
31-10-2012,21.11,21.5,20.73,20.82,99378200,21.0300014664,20.6514415158,20.7411004515,99378200,0.0,1.0
01-11-2012,21.21,21.44,21.01,21.08,37713900,21.1296225061,20.9303804268,21.0001151545,37713900,0.0,1.0
02-11-2012,21.18,21.69,21.07,21.26,38344400,21.0997361942,20.9901530506,21.1794330259,38344400,0.0,1.0
05-11-2012,21.25,21.48,20.92,21.1,31806700,21.1694709219,20.8407214911,21.0200393625,31806700,0.0,1.0
06-11-2012,21.1712,21.37,20.99,21.24,29062700,21.0909695427,20.9104562189,21.159508818,29062700,0.0,1.0
07-11-2012,20.47,20.95,20.37,20.85,33396800,20.3924268128,20.2928057732,20.7709867634,33396800,0.0,1.0
08-11-2012,19.99,20.73,19.98,20.52,34254600,19.9142458226,19.9042837186,20.4422373326,34254600,0.0,1.0
09-11-2012,19.21,20.0,19.13,19.955,42295500,19.1372017134,19.0575048817,19.8793784587,42295500,0.0,1.0
12-11-2012,20.07,20.17,18.87,19.15,67349200,19.9939426543,18.7984901787,19.0774290896,67349200,0.0,1.0
13-11-2012,19.86,20.11,19.56,19.605,71775100,19.784738471,19.4858753521,19.53070482,71775100,0.0,1.0
14-11-2012,22.36,22.5,19.93,20.1,229751000,22.2752644618,19.8544731988,20.0238289661,229751000,0.0,1.0
15-11-2012,22.17,22.5,21.65,22.34,78857700,22.0859844865,21.5679550805,22.2553402539,78857700,0.0,1.0
16-11-2012,23.5607,23.93,22.18,22.25,107182200,23.4714142847,22.0959465905,22.1656813182,107182200,0.0,1.0
19-11-2012,22.92,24.12,22.82,23.955,85021300,22.8331422838,22.7335212442,23.864220044,85021300,0.0,1.0
20-11-2012,23.1,23.9,22.7,22.73,46655300,23.0124601551,22.6139759966,22.6438623085,46655300,0.0,1.0
21-11-2012,24.32,24.53,23.05,23.22,89862400,24.2278368386,22.9626496353,23.1320054027,89862400,0.0,1.0
23-11-2012,23.998,24.68,23.88,24.58,29520900,23.907057091,23.7895042643,24.4868515417,29520900,0.0,1.0
26-11-2012,25.94,26.09,24.81,24.935,123865000,25.8416976807,24.7159799328,24.8405062324,123865000,0.0,1.0
27-11-2012,26.15,26.5,25.46,26.04,85760600,26.0509018639,25.3635166905,25.9413187203,85760600,0.0,1.0
28-11-2012,26.36,26.49,25.75,25.94,49205600,26.2601060471,25.6524177054,25.8416976807,49205600,0.0,1.0
29-11-2012,27.32,27.52,26.16,26.5,88759700,27.2164680276,26.0608639679,26.3995755026,88759700,0.0,1.0
30-11-2012,28.0,28.0,26.76,27.26,127049600,27.8938910971,26.6585902057,27.1566954038,127049600,0.0,1.0
03-12-2012,27.04,28.88,26.98,27.9999,123526100,26.9375291166,26.8777564929,27.8937914761,123526100,0.0,1.0
04-12-2012,27.46,27.76,26.68,27.06,72869200,27.3559374831,26.578893374,26.9574533246,72869200,0.0,1.0
05-12-2012,27.71,27.9,27.26,27.75,58976300,27.6049900822,27.1566954038,27.644838498,58976300,0.0,1.0
06-12-2012,26.97,27.75,26.82,27.68,46001500,26.8677943889,26.7183628295,27.5751037703,46001500,0.0,1.0
07-12-2012,27.485,27.78,26.84,27.07,51751900,27.380842743,26.7382870374,26.9674154285,51751900,0.0,1.0
10-12-2012,27.84,28.17,27.1,27.17,50608500,27.7344974337,26.9973017404,27.0670364682,50608500,0.0,1.0
11-12-2012,27.98,28.24,27.66,28.07,77099100,27.8739668892,27.5551795624,27.9636258249,77099100,0.0,1.0
12-12-2012,27.5801,28.14,27.37,28.0,46704200,27.4755823517,27.2662785474,27.8938910971,46704200,0.0,1.0
13-12-2012,28.24,28.75,27.43,27.59,81051600,28.1329815922,27.3260511712,27.4854448346,81051600,0.0,1.0
14-12-2012,26.812,28.33,26.76,28.18,91631600,26.7103931463,26.6585902057,28.0732089685,91631600,0.0,1.0
17-12-2012,26.75,27.0,26.32,26.77,57742500,26.6486281017,26.2202576313,26.6685523096,57742500,0.0,1.0
18-12-2012,27.71,27.91,26.9,26.96,60512900,27.6049900822,26.7980596612,26.8578322849,60512900,0.0,1.0
19-12-2012,27.41,28.22,26.95,27.83,61390300,27.3061269633,26.847870181,27.7245353297,61390300,0.0,1.0
20-12-2012,27.36,27.6,27.13,27.49,35574800,27.2563164435,27.0271880523,27.385823795,35574800,0.0,1.0
21-12-2012,26.26,27.01,26.12,26.66,54555200,26.1604850075,26.021015552,26.558969166,54555200,0.0,1.0
24-12-2012,26.93,26.96,26.2,26.5,28230100,26.8279459731,26.1007123837,26.3995755026,28230100,0.0,1.0
26-12-2012,26.51,27.18,26.375,27.03,33175400,26.4095376066,26.2750492031,26.9275670127,33175400,0.0,1.0
27-12-2012,26.05,26.8,25.52,26.55,43481700,25.9512808243,25.4232893142,26.4493860224,43481700,0.0,1.0
28-12-2012,25.9112,26.11,25.15,25.48,56574800,25.8130068213,25.0546914676,25.3834408984,56574800,0.0,1.0
31-12-2012,26.6197,26.99,26.11,26.2,60374500,26.5188218871,26.0110534481,26.1007123837,60374500,0.0,1.0
02-01-2013,28.0,28.18,27.42,27.44,69846400,27.8938910971,27.3160890673,27.3360132752,69846400,0.0,1.0
03-01-2013,27.77,28.47,27.59,27.88,63140600,27.664762706,27.4854448346,27.7743458496,63140600,0.0,1.0
04-01-2013,28.76,28.93,27.83,28.01,72715400,28.6510109983,27.7245353297,27.9038532011,72715400,0.0,1.0
07-01-2013,29.4213,29.79,28.65,28.69,83781800,29.3098049334,28.5414278547,28.5812762706,83781800,0.0,1.0
08-01-2013,29.0607,29.6,28.86,29.51,45871300,28.9505714645,28.750632038,29.3981687956,45871300,0.0,1.0
09-01-2013,30.59,30.6,29.49,29.67,104787700,30.4740760236,29.3782445876,29.557562459,104787700,0.0,1.0
10-01-2013,31.3,31.45,30.28,30.6,95316400,31.181385405,30.1652508007,30.4840381276,95316400,0.0,1.0
11-01-2013,31.72,31.96,31.1,31.28,89598000,31.5997937715,30.9821433257,31.1614611971,89598000,0.0,1.0
14-01-2013,30.9475,32.21,30.62,32.08,98892800,30.8302212403,30.5039623355,31.9584295141,98892800,0.0,1.0
15-01-2013,30.1,31.71,29.88,30.64,173242600,29.9859329294,29.7667666422,30.5238865434,173242600,0.0,1.0
16-01-2013,29.85,30.35,29.53,30.21,75332700,29.7368803303,29.4180930035,30.095516073,75332700,0.0,1.0
17-01-2013,30.14,30.42,30.03,30.08,40256700,30.0257813453,29.9161982017,29.9660087215,40256700,0.0,1.0
18-01-2013,29.66,30.44,29.27,30.31,49631500,29.547600355,29.1590783005,30.1951371126,49631500,0.0,1.0
22-01-2013,30.729,30.89,29.74,29.75,55243300,30.6125492687,29.6272971867,29.6372592907,55243300,0.0,1.0
23-01-2013,30.82,31.5,30.8,31.1,48899800,30.7032044148,30.6832802068,30.9821433257,48899800,0.0,1.0
24-01-2013,31.08,31.49,30.81,31.27,43845100,30.9622191178,30.6932423108,31.1514990931,43845100,0.0,1.0
25-01-2013,31.54,31.93,31.13,31.41,54363600,31.4204759001,31.0120296376,31.2909685486,54363600,0.0,1.0
28-01-2013,32.469,32.5063,31.81,31.88,59682500,32.3459553583,31.6894527071,31.7591874349,59682500,0.0,1.0
29-01-2013,30.79,32.07,30.71,32.0,72976500,30.6733181029,30.5936212712,31.8787326824,72976500,0.0,1.0
30-01-2013,31.24,31.49,30.88,30.98,87682100,31.1216127812,30.7629770385,30.8625980782,87682100,0.0,1.0
31-01-2013,30.981,31.47,28.74,29.15,190744900,30.8635942886,28.6310867904,29.0395330529,190744900,0.0,1.0
01-02-2013,29.73,31.02,29.63,31.01,85856700,29.6173350828,29.5177140431,30.8924843901,85856700,0.0,1.0
04-02-2013,28.109,29.2,28.01,29.06,92362200,28.0024780303,27.9038532011,28.9498741172,92362200,0.0,1.0
05-02-2013,28.64,28.96,28.04,28.26,47948200,28.5314657508,27.933739513,28.1529058002,47948200,0.0,1.0
06-02-2013,29.05,29.29,28.66,28.74,38375900,28.9399120133,28.5513899587,28.6310867904,38375900,0.0,1.0
07-02-2013,28.65,29.15,28.27,29.11,34540100,28.5414278547,28.1628679041,28.999684637,34540100,0.0,1.0
08-02-2013,28.545,29.17,28.51,28.89,37708800,28.4368257631,28.4019583992,28.7805183499,37708800,0.0,1.0
11-02-2013,28.26,28.68,28.04,28.61,37361800,28.1529058002,27.933739513,28.5015794389,37361800,0.0,1.0
12-02-2013,27.37,28.16,27.1,27.67,93498700,27.2662785474,26.9973017404,27.5651416663,93498700,0.0,1.0
13-02-2013,27.9075,28.32,27.31,27.36,50164000,27.8017416355,27.2065059237,27.2563164435,50164000,0.0,1.0
14-02-2013,28.5,28.63,28.01,28.02,35615800,28.3919962953,27.9038532011,27.913815305,35615800,0.0,1.0
15-02-2013,28.32,28.75,28.09,28.52,33109300,28.2126784239,27.9835500328,28.4119205032,33109300,0.0,1.0
19-02-2013,28.93,29.08,28.12,28.23,49396400,28.8203667657,28.0134363447,28.1230194883,49396400,0.0,1.0
20-02-2013,28.462,29.05,28.33,28.92,42098200,28.3541403002,28.2226405279,28.8104046617,42098200,0.0,1.0
21-02-2013,27.283,28.55,27.15,28.28,49642300,27.179608243,27.0471122602,28.1728300081,49642300,0.0,1.0
22-02-2013,27.13,27.63,26.82,27.62,36350200,27.0271880523,26.7183628295,27.5153311465,36350200,0.0,1.0
25-02-2013,27.27,27.64,27.15,27.16,34652000,27.1666575078,27.0471122602,27.0570743642,34652000,0.0,1.0
26-02-2013,27.39,27.46,26.7,27.36,31611700,27.2862027554,26.5988175819,27.2563164435,31611700,0.0,1.0
27-02-2013,26.87,27.34,26.63,27.34,44319700,26.7681733493,26.5290828542,27.2363922355,44319700,0.0,1.0
28-02-2013,27.25,27.3,26.34,26.84,83027800,27.1467332999,26.2401818392,26.7382870374,83027800,0.0,1.0
01-03-2013,27.78,28.1164,26.81,27.05,54064800,27.6747248099,26.7084007255,26.9474912206,54064800,0.0,1.0
04-03-2013,27.72,28.06,27.44,27.76,32400700,27.6149521862,27.3360132752,27.654800602,32400700,0.0,1.0
05-03-2013,27.52,28.18,27.21,27.88,40622200,27.4157101069,27.106884884,27.7743458496,40622200,0.0,1.0
06-03-2013,27.4525,28.13,27.35,28.1,33532600,27.3484659051,27.2463543395,27.9935121368,33532600,0.0,1.0
07-03-2013,28.578,28.675,27.47,27.57,74540200,28.4697007062,27.3658995871,27.4655206267,74540200,0.0,1.0
08-03-2013,27.96,28.47,27.73,28.425,44198900,27.8540426813,27.6249142901,28.3172805156,44198900,0.0,1.0
11-03-2013,28.14,28.64,27.83,28.01,35642100,28.0333605526,27.7245353297,27.9038532011,35642100,0.0,1.0
12-03-2013,27.83,28.32,27.6,28.1,27569600,27.7245353297,27.4954069386,27.9935121368,27569600,0.0,1.0
13-03-2013,27.08,27.65,26.92,27.62,39619500,26.9773775325,26.8179838691,27.5153311465,39619500,0.0,1.0
14-03-2013,27.04,27.43,26.83,27.1,27646400,26.9375291166,26.7283249334,26.9973017404,27646400,0.0,1.0
15-03-2013,26.645,27.06,26.56,27.03,31597400,26.5440260101,26.4593481264,26.9275670127,31597400,0.0,1.0
18-03-2013,26.49,26.79,25.78,26.37,26653700,26.3896133987,25.6823040173,26.2700681511,26653700,0.0,1.0
19-03-2013,26.55,26.9,26.21,26.53,25254200,26.4493860224,26.1106744877,26.4294618145,25254200,0.0,1.0
20-03-2013,25.86,26.69,25.78,26.68,44006500,25.762000849,25.6823040173,26.578893374,44006500,0.0,1.0
21-03-2013,25.74,26.11,25.56,25.66,24336100,25.6424556014,25.4631377301,25.5627587697,24336100,0.0,1.0
22-03-2013,25.73,26.01,25.63,25.796,18456300,25.6324934975,25.5328724578,25.6982433836,18456300,0.0,1.0
25-03-2013,25.131,25.8,25.078,25.75,39199000,25.0357634701,24.9829643191,25.6524177054,39199000,0.0,1.0
26-03-2013,25.205,25.48,25.03,25.08,26957200,25.1094830394,24.93514622,24.9849567399,26957200,0.0,1.0
27-03-2013,26.09,26.28,24.72,25.0,52297400,25.9911292401,24.6263209972,24.9052599081,52297400,0.0,1.0
28-03-2013,25.58,26.17,25.52,26.09,28585700,25.483061938,25.4232893142,25.9911292401,28585700,0.0,1.0
01-04-2013,25.53,25.89,25.28,25.63,22249300,25.4332514182,25.1841988191,25.5328724578,22249300,0.0,1.0
02-04-2013,25.42,26.12,25.3,25.77,35153300,25.3236682746,25.204123027,25.6723419133,35153300,0.0,1.0
03-04-2013,26.25,26.39,25.7,25.83,48195200,26.1505229036,25.6026071856,25.7321145371,48195200,0.0,1.0
04-04-2013,27.0725,27.2301,26.11,26.62,82016800,26.9699059545,26.0110534481,26.5191207502,82016800,0.0,1.0
05-04-2013,27.39,27.8,26.61,26.86,64566600,27.2862027554,26.5091586462,26.7582112453,64566600,0.0,1.0
08-04-2013,26.849,27.2,26.63,27.19,27256000,26.747252931,26.5290828542,27.0869606761,27256000,0.0,1.0
09-04-2013,26.59,26.89,26.42,26.58,21311100,26.4892344383,26.3198786709,26.4792723343,21311100,0.0,1.0
10-04-2013,27.57,27.84,26.9,27.0099,45949400,27.4655206267,26.7980596612,26.9075431837,45949400,0.0,1.0
11-04-2013,28.0175,28.1,27.25,27.48,33368500,27.9113247791,27.1467332999,27.375861691,33368500,0.0,1.0
12-04-2013,27.4,28.0,27.24,28.0,28697400,27.2961648593,27.1367711959,27.8938910971,28697400,0.0,1.0
15-04-2013,26.52,27.48,26.36,27.16,30275400,26.4194997106,26.2601060471,27.0570743642,30275400,0.0,1.0
16-04-2013,26.92,27.11,26.4,26.81,27365900,26.8179838691,26.299954463,26.7084007255,27365900,0.0,1.0
17-04-2013,26.625,27.2,26.39,26.65,26440600,26.5241018022,26.289992359,26.5490070621,26440600,0.0,1.0
18-04-2013,25.69,26.82,25.15,26.82,39059000,25.5926450816,25.0546914676,26.7183628295,39059000,0.0,1.0
19-04-2013,25.73,25.96,25.33,25.62,20380900,25.6324934975,25.2340093389,25.5229103539,20380900,0.0,1.0
22-04-2013,25.97,26.36,25.7,25.81,25687600,25.8715839926,25.6026071856,25.7121903292,25687600,0.0,1.0
23-04-2013,25.98,26.33,25.77,26.215,25191500,25.8815460965,25.6723419133,26.1156555397,25191500,0.0,1.0
24-04-2013,26.11,26.4,25.8,25.93,19729900,26.0110534481,25.7022282252,25.8317355767,19729900,0.0,1.0
25-04-2013,26.14,26.4,26.0,26.07,17150000,26.04093976,25.9014703045,25.9712050322,17150000,0.0,1.0
26-04-2013,26.85,27.62,26.6,26.6,33018000,26.7482491413,26.4991965423,26.4991965423,33018000,0.0,1.0
29-04-2013,26.98,27.41,26.86,27.16,29201100,26.8777564929,26.7582112453,27.0570743642,29201100,0.0,1.0
30-04-2013,27.769,27.85,27.005,27.13,36245700,27.6637664956,26.9026617528,27.0271880523,36245700,0.0,1.0
01-05-2013,27.43,27.915,27.31,27.85,64567600,27.3260511712,27.2065059237,27.7444595377,64567600,0.0,1.0
02-05-2013,28.97,29.02,27.98,28.0099,104257000,28.8602151816,27.8739668892,27.90375358,104257000,0.0,1.0
03-05-2013,28.311,29.07,28.15,29.04,58506400,28.2037125304,28.0433226566,28.9299499093,58506400,0.0,1.0
06-05-2013,27.57,28.46,27.48,28.33,43939400,27.4655206267,27.375861691,28.2226405279,43939400,0.0,1.0
07-05-2013,26.889,27.85,26.85,27.55,41259100,26.7871013468,26.7482491413,27.4455964188,41259100,0.0,1.0
08-05-2013,27.12,27.3,26.65,26.88,34654900,27.0172259484,26.5490070621,26.7781354532,34654900,0.0,1.0
09-05-2013,27.04,27.55,26.85,27.08,33457200,26.9375291166,26.7482491413,26.9773775325,33457200,0.0,1.0
10-05-2013,26.68,27.3,26.57,27.14,30847100,26.578893374,26.4693102304,27.0371501563,30847100,0.0,1.0
13-05-2013,26.82,27.325,26.531,26.6,29068800,26.7183628295,26.4304580249,26.4991965423,29068800,0.0,1.0
14-05-2013,27.07,27.28,26.82,26.8854,24930300,26.9674154285,26.7183628295,26.7835149894,24930300,0.0,1.0
15-05-2013,26.6,26.99,26.4,26.92,30299800,26.4991965423,26.299954463,26.8179838691,30299800,0.0,1.0
16-05-2013,26.13,26.55,25.9,26.48,35499100,26.030977656,25.8018492648,26.3796512947,35499100,0.0,1.0
17-05-2013,26.25,26.6,26.2,26.4,29462700,26.1505229036,26.1007123837,26.299954463,29462700,0.0,1.0
20-05-2013,25.759,26.19,25.69,26.18,42402900,25.661383599,25.5926450816,26.0807881758,42402900,0.0,1.0
21-05-2013,25.66,26.075,25.59,25.87,26261300,25.5627587697,25.493024042,25.7719629529,26261300,0.0,1.0
22-05-2013,25.159,25.85,24.92,25.65,45314500,25.0636573612,24.8255630764,25.5527966658,45314500,0.0,1.0
23-05-2013,25.06,25.53,24.77,24.8,37663100,24.9650325319,24.676131517,24.7060178289,37663100,0.0,1.0
24-05-2013,24.3125,24.97,24.08,24.97,58727900,24.2203652607,23.9887463435,24.8753735963,58727900,0.0,1.0
28-05-2013,24.1,24.54,23.92,24.54,50079700,24.0086705515,23.8293526801,24.4470031258,50079700,0.0,1.0
29-05-2013,23.32,23.81,23.26,23.79,64237800,23.2316264423,23.1718538185,23.6998453286,64237800,0.0,1.0
30-05-2013,24.55,24.779,23.93,24.13,60733200,24.4569652298,23.8393147841,24.0385568633,60733200,0.0,1.0
31-05-2013,24.348,24.95,24.27,24.63,35925000,24.2557307297,24.1780263188,24.5366620615,35925000,0.0,1.0
03-06-2013,23.848,24.32,23.71,24.265,35733800,23.7576255316,23.6201484969,24.1730452668,35733800,0.0,1.0
04-06-2013,23.52,23.93,23.32,23.89,34760800,23.4308685216,23.2316264423,23.7994663682,34760800,0.0,1.0
05-06-2013,22.899,23.705,22.79,23.35,53819700,22.8122218655,22.7036349323,23.2615127542,53819700,0.0,1.0
06-06-2013,22.97,23.09,22.67,22.99,31260700,22.8829528036,22.5840896847,22.9028770115,31260700,0.0,1.0
07-06-2013,23.291,23.4,22.86,23.03,38699200,23.2027363408,22.77336966,22.9427254274,38699200,0.0,1.0
10-06-2013,24.33,24.6,23.99,24.06,58393000,24.2377989426,23.8990874079,23.9688221356,58393000,0.0,1.0
11-06-2013,24.03,24.35,24.0,24.03,29885900,23.9389358237,23.9090495118,23.9389358237,29885900,0.0,1.0
12-06-2013,23.77,24.26,23.58,24.16,26445800,23.6799211207,23.4906411454,24.0684431752,26445800,0.0,1.0
13-06-2013,23.73,23.83,23.265,23.72,31189300,23.6400727048,23.1768348705,23.6301106008,31189300,0.0,1.0
14-06-2013,23.63,23.89,23.26,23.56,30677100,23.5404516652,23.1718538185,23.4707169374,30677100,0.0,1.0
17-06-2013,24.022,24.25,23.75,23.91,33664500,23.9309661405,23.6599969127,23.8193905761,33664500,0.0,1.0
18-06-2013,24.21,24.69,24.08,24.09,36709100,24.118253695,23.9887463435,23.9987084475,36709100,0.0,1.0
19-06-2013,24.309,25.19,24.1,24.2,31790600,24.2168785243,24.0086705515,24.1082915911,31790600,0.0,1.0
20-06-2013,23.9,24.745,23.65,24.28,42765600,23.8094284722,23.5603758731,24.1879884228,42765600,0.0,1.0
21-06-2013,24.53,24.7,24.05,24.59,45833900,24.4370410219,23.9588600316,24.4968136457,45833900,0.0,1.0
24-06-2013,23.935,24.11,23.38,23.95,40626000,23.8442958361,23.2913990661,23.859238992,40626000,0.0,1.0
25-06-2013,24.25,24.43,24.04,24.14,24713200,24.1581021109,23.9488979277,24.0485189673,24713200,0.0,1.0
26-06-2013,24.16,24.65,23.99,24.51,29890300,24.0684431752,23.8990874079,24.4171168139,29890300,0.0,1.0
27-06-2013,24.66,24.84,24.21,24.24,34694100,24.5665483734,24.118253695,24.1481400069,34694100,0.0,1.0
28-06-2013,24.88,24.98,24.42,24.68,96778900,24.7857146606,24.3274578783,24.5864725813,96778900,0.0,1.0
01-07-2013,24.81,25.0601,24.62,24.9694,20582200,24.7159799328,24.5266999575,24.87477587,20582200,0.0,1.0
02-07-2013,24.41,24.77,24.3,24.7,18394100,24.3174957743,24.2079126307,24.6063967892,18394100,0.0,1.0
03-07-2013,24.52,24.71,24.15,24.22,10404400,24.4270789179,24.0584810713,24.128215799,10404400,0.0,1.0
05-07-2013,24.37,24.66,24.2,24.65,20229500,24.2776473585,24.1082915911,24.5565862694,20229500,0.0,1.0
08-07-2013,24.71,25.04,24.42,24.47,27064600,24.6163588932,24.3274578783,24.3772683981,27064600,0.0,1.0
09-07-2013,25.48,25.49,25.03,25.07,30387900,25.3834408984,24.93514622,24.9749946359,30387900,0.0,1.0
10-07-2013,25.8,25.83,25.47,25.58,26721800,25.7022282252,25.3734787944,25.483061938,26721800,0.0,1.0
11-07-2013,25.81,26.0,25.45,25.96,26777400,25.7121903292,25.3535545865,25.8616218886,26777400,0.0,1.0
12-07-2013,25.91,25.93,25.55,25.74,16537900,25.8118113688,25.4531756261,25.6424556014,16537900,0.0,1.0
15-07-2013,26.28,26.43,25.65,25.93,24234000,26.1804092154,25.5527966658,25.8317355767,24234000,0.0,1.0
16-07-2013,26.32,26.75,26.01,26.39,30817600,26.2202576313,25.9114324084,26.289992359,30817600,0.0,1.0
17-07-2013,26.65,26.78,26.3,26.37,21518500,26.5490070621,26.2003334234,26.2700681511,21518500,0.0,1.0
18-07-2013,26.18,26.77,26.12,26.75,24806900,26.0807881758,26.021015552,26.6486281017,24806900,0.0,1.0
19-07-2013,25.881,26.1077,25.6,25.82,46539700,25.7829212673,25.5029861459,25.7221524331,46539700,0.0,1.0
22-07-2013,26.045,26.13,25.72,25.99,27526300,25.9462997723,25.6225313935,25.8915082005,27526300,0.0,1.0
23-07-2013,26.13,26.3,25.97,26.1,28221600,26.030977656,25.8715839926,26.0010913441,28221600,0.0,1.0
24-07-2013,26.51,26.53,26.05,26.32,82635600,26.4095376066,25.9512808243,26.2202576313,82635600,0.0,1.0
25-07-2013,34.359,34.88,32.75,33.545,365457900,34.2287930074,32.6258904797,33.4178777447,365457900,0.0,1.0
26-07-2013,34.01,34.73,33.56,33.77,136028900,33.881115579,33.4328209007,33.6420250839,136028900,0.0,1.0
29-07-2013,35.43,35.63,34.01,34.07,124718800,35.2957343418,33.881115579,33.9408882028,124718800,0.0,1.0
30-07-2013,37.627,37.96,35.32,35.65,173582800,37.4844085826,35.1861511982,35.514900629,173582800,0.0,1.0
31-07-2013,36.8,38.31,36.33,37.96,154828700,36.6605425848,36.1923236985,37.8161466445,154828700,0.0,1.0
01-08-2013,37.489,38.29,36.92,37.3,106066500,37.3469315479,36.7800878323,37.158647783,106066500,0.0,1.0
02-08-2013,38.05,38.49,37.5,37.66,73058500,37.9058055802,37.3578898622,37.5172835256,73058500,0.0,1.0
05-08-2013,39.189,39.32,38.25,38.43,79994800,39.0404892216,38.1050476595,38.2843655308,79994800,0.0,1.0
06-08-2013,38.55,39.25,37.94,39.11,63950800,38.4039107784,37.7962224366,38.9617886003,63950800,0.0,1.0
07-08-2013,38.87,38.94,37.7,38.61,68854800,38.7226981052,37.5571319415,38.4636834021,68854800,0.0,1.0
08-08-2013,38.54,39.19,38.43,39.13,41301000,38.3939486744,38.2843655308,38.9817128082,41301000,0.0,1.0
09-08-2013,38.5,38.74,38.01,38.59,43532300,38.3541002585,37.8659571643,38.4437591942,43532300,0.0,1.0
12-08-2013,38.22,38.5,38.1,38.2,31161000,38.0751613476,37.9556161,38.0552371396,31161000,0.0,1.0
13-08-2013,37.019,38.32,36.77,38.24,65379200,36.8787126616,36.6306562729,38.0950855555,65379200,0.0,1.0
14-08-2013,36.65,37.55,36.62,36.83,48423900,36.5111110253,36.4812247135,36.6904288967,48423900,0.0,1.0
15-08-2013,36.56,37.07,36.0201,36.36,56521100,36.4214520897,35.8835980967,36.2222100104,56521100,0.0,1.0
16-08-2013,37.08,37.49,36.9,36.97,45840800,36.9394814958,36.7601636244,36.8298983522,45840800,0.0,1.0
19-08-2013,37.81,38.28,37.14,37.43,57609600,37.6667150851,36.9992541195,37.2881551345,57609600,0.0,1.0
20-08-2013,38.41,38.58,37.69,38.35,57995200,38.2644413229,37.5471698375,38.2046686991,57995200,0.0,1.0
21-08-2013,38.32,38.85,38.145,38.38,46116900,38.1747823872,38.0004455678,38.234555011,46116900,0.0,1.0
22-08-2013,38.55,38.75,38.34,38.37,21931200,38.4039107784,38.1947065951,38.224592907,21931200,0.0,1.0
23-08-2013,40.55,40.63,38.93,39.0,86442300,40.396331571,38.782470729,38.8522054567,86442300,0.0,1.0
26-08-2013,41.34,41.94,40.62,40.9,94162400,41.1833377841,40.4660662988,40.7450052097,94162400,0.0,1.0
27-08-2013,39.64,41.2,39.42,40.68,72695100,39.4897801104,39.2706138232,40.5258389225,72695100,0.0,1.0
28-08-2013,40.548,40.85,39.88,39.96,57918200,40.3943391502,39.7288706055,39.8085674372,57918200,0.0,1.0
29-08-2013,41.28,41.78,40.8,40.89,58303400,41.1235651603,40.6453841701,40.7350431058,58303400,0.0,1.0
30-08-2013,41.294,42.26,41.06,42.025,67735100,41.1375121059,40.9043988731,41.8657419056,67735100,0.0,1.0
03-09-2013,41.87,42.165,41.51,41.84,48774900,41.7113292942,41.3526935515,41.6814429823,48774900,0.0,1.0
04-09-2013,41.78,42.17,41.44,42.01,42581900,41.6216703585,41.2829588237,41.8507987496,42581900,0.0,1.0
05-09-2013,42.66,42.765,41.77,41.79,50035400,42.4983355073,41.6117082545,41.6316324625,50035400,0.0,1.0
06-09-2013,43.95,44.61,42.4,43.09,117535700,43.7834469185,42.2393208042,42.9267059777,117535700,0.0,1.0
09-09-2013,44.04,44.79,43.7,44.36,75794700,43.8731058542,43.5343943194,44.191893181,75794700,0.0,1.0
10-09-2013,43.6,44.26,43.23,44.24,54540300,43.4347732798,43.0661754332,44.0723479335,54540300,0.0,1.0
11-09-2013,45.04,45.09,43.11,43.39,72328300,44.8693162505,42.9466301856,43.2255690966,72328300,0.0,1.0
12-09-2013,44.75,45.62,44.65,45.53,68072300,44.5804152356,44.4807941959,45.3574593447,68072300,0.0,1.0
13-09-2013,44.31,45.08,43.93,45.04,52765300,44.1420826612,43.7635227106,44.8693162505,52765300,0.0,1.0
16-09-2013,42.51,44.94,42.43,44.85,70424200,42.3489039478,42.2692071161,44.6800362752,70424200,0.0,1.0
17-09-2013,45.07,45.44,42.43,42.5,91934600,44.8992025624,42.2692071161,42.3389418438,91934600,0.0,1.0
18-09-2013,45.23,45.47,44.395,44.84,79317000,45.0585962258,44.2267605449,44.6700741712,79317000,0.0,1.0
19-09-2013,45.98,46.05,45.23,45.51,63972400,45.8057540231,45.0585962258,45.3375351368,63972400,0.0,1.0
20-09-2013,47.49,47.6,45.74,46.32,115508400,47.3100317215,45.5666635279,46.1444655578,115508400,0.0,1.0
23-09-2013,47.19,47.55,46.29,47.28,75177000,47.0111686026,46.1145792459,47.1008275383,75177000,0.0,1.0
24-09-2013,48.45,49.66,48.16,48.505,136716100,48.266393702,47.9774926871,48.3211852738,136716100,0.0,1.0
25-09-2013,49.46,49.54,48.46,49.23,87879700,49.2725662023,48.2763558059,49.0434378111,87879700,0.0,1.0
26-09-2013,50.39,50.6,49.5,50.01,98220100,50.1990418709,49.3124146181,49.8204819203,98220100,0.0,1.0
27-09-2013,51.24,51.28,49.86,50.29,81410500,51.0458207077,49.6710503608,50.0994208312,81410500,0.0,1.0
30-09-2013,50.23,51.6,49.8,50.14,100095000,50.0396482074,49.611277737,49.9499892718,100095000,0.0,1.0
01-10-2013,50.42,51.03,49.45,49.97,98114000,50.2289281827,49.2626040983,49.7806335044,98114000,0.0,1.0
02-10-2013,50.28,51.1,49.95,50.13,62834000,50.0894587273,49.7607092965,49.9400271678,62834000,0.0,1.0
03-10-2013,49.183,50.72,49.06,50.47,82045000,48.9966159225,48.8740820437,50.2787387026,82045000,0.0,1.0
04-10-2013,51.04,51.16,49.57,49.77,74447000,50.8465786285,49.3821493459,49.5813914251,74447000,0.0,1.0
07-10-2013,50.515,51.29,50.4,50.73,57204000,50.3235681704,50.2090039748,50.5377534056,57204000,0.0,1.0
08-10-2013,47.14,50.6,47.08,50.6,136081000,46.9613580828,46.901585459,50.4082460541,136081000,0.0,1.0
09-10-2013,46.77,47.84,45.26,47.375,147297000,46.5927602362,45.0884825377,47.1954675259,147297000,0.0,1.0
10-10-2013,49.05,49.68,47.83,47.865,99774000,48.8641199398,47.6487432563,47.6836106201,99774000,0.0,1.0
11-10-2013,49.11,49.87,48.79,49.18,58428000,48.9238925636,48.6051052367,48.9936272913,58428000,0.0,1.0
14-10-2013,49.51,49.63,47.91,48.31,68781000,49.3223767221,47.728440088,48.1269242465,68781000,0.0,1.0
15-10-2013,49.5,51.0,49.18,49.99,81167000,49.3124146181,48.9936272913,49.8005577123,81167000,0.0,1.0
16-10-2013,51.135,51.24,49.9,50.04,64678000,50.9412186161,49.7108987767,49.8503682321,64678000,0.0,1.0
17-10-2013,52.21,52.22,50.95,51.12,71522000,52.0121447922,50.7569196928,50.9262754602,71522000,0.0,1.0
18-10-2013,54.22,54.825,53.6,54.18,88260000,54.0145276888,53.3968772431,53.9746792729,88260000,0.0,1.0
21-10-2013,53.85,54.81,53.51,54.68,58235000,53.6459298421,53.3072183074,54.4727844711,58235000,0.0,1.0
22-10-2013,52.675,54.76,52.2,54.33,83204000,52.4753826265,52.0021826882,54.1241108324,83204000,0.0,1.0
23-10-2013,51.9,52.25,51.13,51.75,57207000,51.7033195693,50.9362375641,51.5538880099,57207000,0.0,1.0
24-10-2013,52.445,52.84,51.5928,52.38,46775000,52.2462542353,51.3972837356,52.1815005595,46775000,0.0,1.0
25-10-2013,51.95,53.24,51.88,53.18,45085000,51.7531300891,51.6833953614,52.9784688766,45085000,0.0,1.0
28-10-2013,50.229,51.7,49.61,51.54,73472000,50.038651997,49.4219977617,51.3446838266,73472000,0.0,1.0
29-10-2013,49.395,50.79,49.25,50.73,102143000,49.2078125265,49.063362019,50.5377534056,102143000,0.0,1.0
30-10-2013,49.01,50.21,48.75,50.0,127073000,48.8242715239,48.5652568209,49.8105198163,127073000,0.0,1.0
31-10-2013,50.205,52.0,46.5,47.155,248809000,50.0147429475,46.3237834291,46.9763012387,248809000,0.0,1.0
01-11-2013,49.75,52.09,49.72,50.85,95033000,49.5614672172,49.5315809053,50.6572986532,95033000,0.0,1.0
04-11-2013,48.22,49.75,48.02,49.365,80371000,48.0372653108,47.8380232316,49.1779262146,80371000,0.0,1.0
05-11-2013,50.105,50.18,47.51,47.79,76835000,49.9151219079,47.3299559294,47.6088948404,76835000,0.0,1.0
06-11-2013,49.12,50.45,48.71,50.26,67889000,48.9338546675,48.525408405,50.0695345193,67889000,0.0,1.0
07-11-2013,47.56,49.87,47.3,49.24,97128000,47.3797664493,47.1207517462,49.0533999151,97128000,0.0,1.0
08-11-2013,47.53,48.65,47.25,47.81,70731000,47.3498801374,47.0709412264,47.6288190483,70731000,0.0,1.0
11-11-2013,46.2,47.53,45.73,47.04,80910000,46.0249203103,45.556701424,46.8617370432,80910000,0.0,1.0
12-11-2013,46.605,47.37,45.83,46.0,68196000,46.4283855208,45.6563224636,45.825678231,68196000,0.0,1.0
13-11-2013,48.71,48.74,46.06,46.23,79245000,48.525408405,45.8854508548,46.0548066221,79245000,0.0,1.0
14-11-2013,48.99,49.57,48.03,48.7,75117000,48.804347316,47.8479853355,48.5154463011,75117000,0.0,1.0
15-11-2013,49.01,49.48,48.71,49.11,42453000,48.8242715239,48.525408405,48.9238925636,42453000,0.0,1.0
18-11-2013,45.83,48.84,45.8,48.47,85910000,45.6563224636,45.6264361517,48.2863179099,85910000,0.0,1.0
19-11-2013,46.36,47.0,45.72,46.26,75602000,46.1843139737,45.54673932,46.084692934,75602000,0.0,1.0
20-11-2013,46.43,47.55,46.31,46.61,53933000,46.2540487014,46.1345034538,46.4333665727,53933000,0.0,1.0
21-11-2013,46.7,47.46,46.685,46.99,34886000,46.5230255084,46.5080823525,46.8119265233,34886000,0.0,1.0
22-11-2013,46.23,47.27,45.96,47.04,40545000,46.0548066221,45.7858298151,46.8617370432,40545000,0.0,1.0
25-11-2013,44.82,46.65,44.04,46.36,82565000,44.6501499633,43.8731058542,46.1843139737,82565000,0.0,1.0
26-11-2013,45.89,46.17,43.55,44.66,82016000,45.7160950874,43.38496276,44.4907562999,82016000,0.0,1.0
27-11-2013,46.49,46.67,45.53,45.97,44993000,46.3138213252,45.3574593447,45.7957919191,44993000,0.0,1.0
29-11-2013,47.01,47.21,46.5,46.75,22953900,46.8318507313,46.3237834291,46.5728360282,22953900,0.0,1.0
02-12-2013,47.06,47.54,46.26,46.9,50774000,46.8816612511,46.084692934,46.7222675877,50774000,0.0,1.0
03-12-2013,46.73,47.2,46.29,46.75,32086000,46.5529118203,46.1145792459,46.5728360282,32086000,0.0,1.0
04-12-2013,48.62,48.77,46.26,46.46,60890000,48.4357494694,46.084692934,46.2839350133,60890000,0.0,1.0
05-12-2013,48.34,48.7,47.87,48.15,43855000,48.1568105584,47.6885916721,47.9675305831,43855000,0.0,1.0
06-12-2013,47.94,49.39,47.71,48.98,42938000,47.7583263999,47.5291980087,48.794385212,42938000,0.0,1.0
09-12-2013,48.84,48.97,47.74,48.09,36056000,48.6549157566,47.5590843206,47.9077579593,36056000,0.0,1.0
10-12-2013,50.245,50.77,48.54,48.64,68479000,50.0545913634,48.3560526377,48.4556736773,68479000,0.0,1.0
11-12-2013,49.38,50.77,49.01,50.55,65776000,49.1928693706,48.8242715239,50.3584355343,65776000,0.0,1.0
12-12-2013,51.83,52.07,50.66,51.045,92723000,51.6335848416,50.4680186779,50.8515596805,92723000,0.0,1.0
13-12-2013,53.32,53.5,51.34,51.66,82641000,53.1179383321,51.1454417474,51.4642290742,82641000,0.0,1.0
16-12-2013,53.81,54.5,52.91,53.25,85119000,53.6060814263,52.7094920696,53.0482036043,85119000,0.0,1.0
17-12-2013,54.86,55.18,54.24,54.76,78751000,54.6521023424,54.0344518967,54.5524813028,78751000,0.0,1.0
18-12-2013,55.57,55.89,53.75,54.86,76003000,55.3594117238,53.5463088025,54.6521023424,76003000,0.0,1.0
19-12-2013,55.05,55.19,53.95,54.33,89753200,54.8413823177,53.7455508818,54.1241108324,89753200,0.0,1.0
20-12-2013,55.12,55.15,54.23,54.93,239824000,54.9111170455,54.0244897927,54.7218370702,239824000,0.0,1.0
23-12-2013,57.77,58.32,55.45,55.5,98297000,57.5510745957,55.2398664763,55.2896769961,98297000,0.0,1.0
24-12-2013,57.96,58.58,56.91,58.27,46617800,57.740354571,56.6943336549,58.0491797939,46617800,0.0,1.0
26-12-2013,57.73,58.38,57.37,58.32,55101000,57.5112261799,57.1525904372,58.0989903137,55101000,0.0,1.0
27-12-2013,55.44,57.68,55.25,57.48,60466000,55.2299043723,55.040624397,57.2621735808,60466000,0.0,1.0
30-12-2013,53.71,55.18,53.43,54.93,68307000,53.5064603867,53.2275214757,54.7218370702,68307000,0.0,1.0
31-12-2013,54.649,54.86,53.91,54.12,43076200,54.4419019488,53.7057024659,53.9149066492,43076200,0.0,1.0
02-01-2014,54.71,55.22,54.19,54.83,43195500,54.502670783,53.9846413769,54.6222160305,43195500,0.0,1.0
03-01-2014,54.557,55.65,54.53,55.02,38246200,54.3502505923,54.3233529116,54.8114960058,38246200,0.0,1.0
06-01-2014,57.2,57.26,54.05,54.42,68852600,56.9832346698,53.8451719214,54.213769768,68852600,0.0,1.0
07-01-2014,57.92,58.55,57.22,57.7,77207400,57.7005061552,57.0031588778,57.481339868,77207400,0.0,1.0
08-01-2014,58.23,58.41,57.23,57.6,56682400,58.0093313781,57.0131209817,57.3817188284,56682400,0.0,1.0
09-01-2014,57.22,58.96,56.65,58.65,92253300,57.0031588778,56.4353189519,58.4277397445,92253300,0.0,1.0
10-01-2014,57.94,58.3,57.06,57.13,42449500,57.7204303631,56.8437652143,56.9134999421,42449500,0.0,1.0
13-01-2014,55.91,58.25,55.38,57.91,63010900,55.6981232586,55.1701317485,57.6905440512,63010900,0.0,1.0
14-01-2014,57.74,57.78,56.1,56.46,37503600,57.5211882839,55.8874032339,56.2460389766,37503600,0.0,1.0
15-01-2014,57.6,58.57,57.27,57.98,33663400,57.3817188284,57.0529693976,57.760278779,33663400,0.0,1.0
16-01-2014,57.19,58.02,56.83,57.26,34541800,56.9732725659,56.6146368232,57.0430072936,34541800,0.0,1.0
17-01-2014,56.3,57.82,56.07,57.3,40849200,56.0866453131,55.857516922,57.0828557095,40849200,0.0,1.0
21-01-2014,58.51,58.58,56.5,56.6,48669200,58.288270289,56.2858873924,56.385508432,48669200,0.0,1.0
22-01-2014,57.51,59.31,57.1,58.85,61352900,57.2920598927,56.8836136302,58.6269818238,61352900,0.0,1.0
23-01-2014,56.63,56.68,55.6855,56.37,47951800,56.4153947439,55.4744740246,56.1563800409,47951800,0.0,1.0
24-01-2014,54.45,56.42,54.4,56.15,55200700,54.2436560799,54.1938455601,55.9372137537,55200700,0.0,1.0
27-01-2014,53.55,54.9401,51.85,54.73,73924100,53.3470667232,51.6535090495,54.5225949909,73924100,0.0,1.0
28-01-2014,55.14,55.28,54.0,54.02,48191200,54.9310412534,53.7953614016,53.8152856095,48191200,0.0,1.0
29-01-2014,53.53,54.95,53.19,54.61,92995600,53.3271425153,52.9884309806,54.4030497434,92995600,0.0,1.0
30-01-2014,61.08,62.5,60.46,62.12,150178900,60.8485310076,60.2308805619,61.8845898198,150178900,0.0,1.0
31-01-2014,62.57,63.37,60.17,60.47,87794600,62.3328844981,59.9419795469,60.2408426658,87794600,0.0,1.0
03-02-2014,61.48,63.77,60.7,63.03,74866600,61.2470151661,60.469971057,62.7911412804,74866600,0.0,1.0
04-02-2014,62.75,63.14,61.82,62.05,45985500,62.5122023694,61.5857267009,61.814855092,45985500,0.0,1.0
05-02-2014,62.19,63.16,61.27,62.74,51685100,61.9543245475,61.0378109829,62.5022402655,51685100,0.0,1.0
06-02-2014,62.16,62.78,61.46,61.46,42086500,61.9244382356,61.2270909582,61.2270909582,42086500,0.0,1.0
07-02-2014,64.32,64.57,62.22,62.27,60704300,64.0762526917,61.9842108594,62.0340213792,60704300,0.0,1.0
10-02-2014,63.548,64.49,63.473,64.3,43666100,63.3071782657,63.232462486,64.0563284837,43666100,0.0,1.0
11-02-2014,64.851,65.0,63.35,63.75,45675600,64.6052404121,63.1099286072,63.5084127658,45675600,0.0,1.0
12-02-2014,64.45,65.06,64.05,64.92,47282100,64.2057600432,63.8072758847,64.6739789295,47282100,0.0,1.0
13-02-2014,67.33,67.33,64.05,64.18,61911700,67.0748459846,63.8072758847,63.9367832362,61911700,0.0,1.0
14-02-2014,67.09,67.58,66.72,67.5,36694900,66.8357554895,66.4671576429,67.244201752,36694900,0.0,1.0
18-02-2014,67.3,67.5397,66.07,66.94,43809900,67.0449596727,65.8196208852,66.68632393,43809900,0.0,1.0
19-02-2014,68.06,69.08,67.0,67.05,62087100,67.8020795739,66.7460965538,66.7959070736,62087100,0.0,1.0
20-02-2014,69.63,70.11,65.727,67.73,130928900,69.3661298962,65.4779207193,67.4733301431,130928900,0.0,1.0
21-02-2014,68.59,69.96,68.45,69.69,70932400,68.330071084,68.1906016285,69.4259025199,70932400,0.0,1.0
24-02-2014,70.78,71.44,68.54,68.74,76620300,70.5117718519,68.2802605642,68.4795026434,76620300,0.0,1.0
25-02-2014,69.85,71.0,69.45,70.95,52077000,69.5852961834,69.1868120248,70.6811276193,52077000,0.0,1.0
26-02-2014,69.26,71.22,68.85,70.19,55322700,68.9975320495,68.589085787,69.9240077181,55322700,0.0,1.0
27-02-2014,68.94,70.01,68.87,69.34,41653700,68.6787447227,68.609009995,69.0772288812,41653700,0.0,1.0
28-02-2014,68.46,69.88,67.38,69.47,66783700,68.2005637325,67.1246565044,69.2067362328,66783700,0.0,1.0
03-03-2014,67.41,68.05,66.51,66.96,56824100,67.1545428163,66.2579534596,66.706248138,56824100,0.0,1.0
04-03-2014,68.8,68.9,67.62,68.66,42013500,68.5392752672,67.3637469996,68.3998058117,42013500,0.0,1.0
05-03-2014,71.57,71.97,69.62,69.69,74567700,71.298778065,69.3561677922,69.4259025199,74567700,0.0,1.0
06-03-2014,70.84,71.89,70.25,71.88,46026500,70.5715444757,69.9837803419,71.6076032879,46026500,0.0,1.0
07-03-2014,69.8,71.18,69.47,71.08,38927000,69.5354856635,69.2067362328,70.8106349708,38927000,0.0,1.0
10-03-2014,72.03,72.15,70.51,70.77,59871600,71.7570348473,70.2427950449,70.501809748,59871600,0.0,1.0
11-03-2014,70.1,72.59,69.96,72.5,59408300,69.8343487824,69.694879327,72.2252537336,59408300,0.0,1.0
12-03-2014,70.8799,71.35,69.0,69.86,46340500,70.6112932705,68.7385173465,69.5952582873,46340500,0.0,1.0
13-03-2014,68.83,71.35,68.15,71.29,57091000,68.5691615791,67.8917385096,71.0198391541,57091000,0.0,1.0
14-03-2014,67.72,69.43,67.46,68.49,48227000,67.4633680392,67.2043533361,68.2304500444,48227000,0.0,1.0
17-03-2014,68.7399,68.95,66.62,68.18,52197000,68.4794030224,66.3675366032,67.9216248215,52197000,0.0,1.0
18-03-2014,69.19,69.6,68.3,68.76,40827000,68.9277973218,68.0411700691,68.4994268514,40827000,0.0,1.0
19-03-2014,68.24,69.29,67.465,69.17,43981000,67.9813974453,67.2093343881,68.9078731139,43981000,0.0,1.0
20-03-2014,66.97,68.23,66.82,68.01,44439000,66.7162102419,66.5667786825,67.7522690541,44439000,0.0,1.0
21-03-2014,67.24,67.92,66.1786,67.53,59999900,66.9851870489,65.9278093343,67.2740880639,59999900,0.0,1.0
24-03-2014,64.1,67.36,63.36,67.19,85696000,63.8570864045,63.1198907112,66.9353765291,85696000,0.0,1.0
25-03-2014,64.89,66.19,63.78,64.89,68786000,64.6440926176,63.5382990777,64.6440926176,68786000,0.0,1.0
26-03-2014,60.385,64.95,60.37,64.74,97503900,60.1561647821,60.1412216262,64.4946610581,97503900,0.0,1.0
27-03-2014,60.97,61.9,57.98,60.51,112650000,60.738947864,57.760278779,60.2806910817,112650000,0.0,1.0
28-03-2014,60.01,61.95,59.335,61.34,67052000,59.7825858835,59.110143866,61.1075457106,67052000,0.0,1.0
31-03-2014,60.24,61.52,59.87,60.78,53011000,60.0117142747,59.643116428,60.5496678887,53011000,0.0,1.0
01-04-2014,62.62,62.66,60.24,60.46,59291000,62.3826950179,60.0117142747,60.2308805619,59291000,0.0,1.0
02-04-2014,62.72,63.91,62.21,63.21,66277000,62.4823160576,61.9742487554,62.9704591518,66277000,0.0,1.0
03-04-2014,59.49,63.17,59.13,62.55,83859000,59.2645564774,58.9059207347,62.3129602902,83859000,0.0,1.0
04-04-2014,56.749,60.2,56.32,59.94,125214400,56.5339437811,56.1065695211,59.7128511558,125214400,0.0,1.0
07-04-2014,56.95,58.0,55.44,55.9,108488000,56.7341820708,55.2299043723,55.6881611546,108488000,0.0,1.0
08-04-2014,58.1901,58.71,57.17,57.68,78836000,57.9695825832,56.9533483579,57.4614156601,78836000,0.0,1.0
09-04-2014,62.41,62.4558,59.1882,59.63,100215000,62.1734908347,58.9639001798,59.4040259329,100215000,0.0,1.0
10-04-2014,59.16,63.18,58.68,63.08,114988000,58.9358070466,58.4576260564,62.8409518002,114988000,0.0,1.0
11-04-2014,58.53,60.31,57.31,57.6,91452000,58.3081944969,57.0928178134,57.3817188284,91452000,0.0,1.0
14-04-2014,58.89,60.45,57.78,60.09,72325000,58.6668302396,57.5610366997,59.8622827152,72325000,0.0,1.0
15-04-2014,59.09,59.68,55.88,59.29,108623000,58.8660723189,55.6682369467,59.0653143982,108623000,0.0,1.0
16-04-2014,59.72,60.19,57.74,59.79,78774000,59.4936848686,57.5211882839,59.5634195963,78774000,0.0,1.0
17-04-2014,58.94,60.58,58.72,59.3,88040000,58.7166407594,58.4974744723,59.0752765021,88040000,0.0,1.0
21-04-2014,61.24,61.24,59.15,59.46,60364000,61.007924671,58.9258449427,59.2346701655,60364000,0.0,1.0
22-04-2014,63.0301,63.44,62.22,62.65,60631000,62.7912409015,61.9842108594,62.4125813298,60631000,0.0,1.0
23-04-2014,61.36,63.48,61.26,63.45,96565000,61.1274699186,61.0278488789,63.2095496469,96565000,0.0,1.0
24-04-2014,60.87,63.65,59.77,63.6,138769000,60.6393268244,59.5434953884,63.3589812063,138769000,0.0,1.0
25-04-2014,57.71,60.01,57.57,59.97,92502000,57.491301972,57.3518325165,59.7427374677,92502000,0.0,1.0
28-04-2014,56.14,58.31,54.66,58.05,107758000,55.9272516497,54.4528602632,57.8300135067,107758000,0.0,1.0
29-04-2014,58.15,58.28,55.84,56.09,75557000,57.9296345463,55.6283885308,55.8774411299,75557000,0.0,1.0
30-04-2014,59.78,59.85,57.16,57.58,76093000,59.5534574924,56.943386254,57.3617946204,76093000,0.0,1.0
01-05-2014,61.15,62.28,60.21,60.43,82429000,60.9182657353,59.9818279628,60.20099425,82429000,0.0,1.0
02-05-2014,60.46,61.89,60.18,61.3,54189000,60.2308805619,59.9519416509,61.0676972948,54189000,0.0,1.0
05-05-2014,61.22,61.35,59.18,59.67,46057000,60.9880004631,58.9557312546,59.4438743488,46057000,0.0,1.0
06-05-2014,58.53,61.15,58.49,60.98,55901000,58.3081944969,58.2683460811,60.7489099679,55901000,0.0,1.0
07-05-2014,57.39,59.3,56.26,58.77,78587000,57.1725146451,56.0467968973,58.5472849921,78587000,0.0,1.0
08-05-2014,56.76,58.82,56.5,57.23,61251000,56.5449020955,56.2858873924,57.0131209817,61251000,0.0,1.0
09-05-2014,57.24,57.65,56.38,56.85,52584000,57.0230830857,56.1663421448,56.6345610311,52584000,0.0,1.0
12-05-2014,59.83,59.9,57.98,57.98,48575000,59.6032680122,57.760278779,57.760278779,48575000,0.0,1.0
13-05-2014,59.83,60.89,59.51,59.66,48525000,59.6032680122,59.2844806853,59.4339122448,48525000,0.0,1.0
14-05-2014,59.23,60.45,58.95,59.53,47429000,59.0055417744,58.7266028634,59.3044048933,47429000,0.0,1.0
15-05-2014,57.919,59.38,57.52,59.26,56814000,57.6995099448,57.3020219967,59.0354280863,56814000,0.0,1.0
16-05-2014,58.0199,58.45,57.31,58.31,47933000,57.8000275738,57.0928178134,58.0890282098,47933000,0.0,1.0
19-05-2014,59.21,59.56,57.57,57.89,43034000,58.9856175665,57.3518325165,57.6706198433,43034000,0.0,1.0
20-05-2014,58.56,60.19,58.18,59.5,53931000,58.3380808088,57.9595208582,59.2745185814,53931000,0.0,1.0
21-05-2014,60.49,60.5,58.25,58.56,58992000,60.2607668737,58.029255586,58.3380808088,58992000,0.0,1.0
22-05-2014,60.52,61.48,60.4,60.94,54200000,60.2906531856,60.1711079381,60.7090615521,54200000,0.0,1.0
23-05-2014,61.351,61.45,60.15,60.41,38294000,61.118504025,59.922055339,60.181070042,38294000,0.0,1.0
27-05-2014,63.48,63.51,61.57,61.62,55682000,63.2394359588,61.3366741018,61.3864846216,55682000,0.0,1.0
28-05-2014,63.51,64.14,62.62,63.39,47795000,63.2693222707,62.3826950179,63.1497770231,47795000,0.0,1.0
29-05-2014,63.83,64.3,63.51,63.84,42700000,63.5881095975,63.2693222707,63.5980717014,42700000,0.0,1.0
30-05-2014,63.3,64.17,62.56,63.95,45253500,63.0601180874,62.3229223941,63.707654845,45253500,0.0,1.0
02-06-2014,63.08,63.59,62.05,63.23,35947400,62.8409518002,61.814855092,62.9903833597,35947400,0.0,1.0
03-06-2014,62.87,63.42,62.32,62.62,32217000,62.631747617,62.083831899,62.3826950179,32217000,0.0,1.0
04-06-2014,63.34,63.59,62.07,62.45,36514000,63.0999665033,61.8347792999,62.2133392505,36514000,0.0,1.0
05-06-2014,63.186,64.36,62.82,63.66,47352000,62.9465501022,62.5819370972,63.4187538301,47352000,0.0,1.0
06-06-2014,62.5,63.48,62.15,63.37,42386300,62.2631497704,61.9144761316,63.1298528152,42386300,0.0,1.0
09-06-2014,62.88,63.34,61.79,62.4,37573600,62.641709721,61.555840389,62.1635287307,37573600,0.0,1.0
10-06-2014,65.77,65.82,63.5,63.53,69206900,65.5207577663,63.2593601667,63.2892464786,69206900,0.0,1.0
11-06-2014,65.781,65.8,64.9,65.32,44158300,65.5317160807,64.6540547215,65.072463088,44158300,0.0,1.0
12-06-2014,64.2901,66.47,64.06,65.85,55642800,64.0464660008,63.8172379886,65.6004545981,55642800,0.0,1.0
13-06-2014,64.5,64.97,63.83,64.7,29383800,64.255570563,63.5881095975,64.4548126423,29383800,0.0,1.0
16-06-2014,64.19,64.88,63.75,64.16,30856800,63.9467453402,63.5084127658,63.9168590283,30856800,0.0,1.0
17-06-2014,64.4,64.88,63.93,64.1,27636500,64.1559495234,63.6877306371,63.8570864045,27636500,0.0,1.0
18-06-2014,65.6,65.75,64.05,64.49,35493200,65.351401999,63.8072758847,64.2456084591,35493200,0.0,1.0
19-06-2014,64.3415,65.5756,64.21,65.46,34133800,64.0976712152,63.9666695481,65.2119325435,34133800,0.0,1.0
20-06-2014,64.5,64.81,63.35,64.46,46407900,64.255570563,63.1099286072,64.2157221472,46407900,0.0,1.0
23-06-2014,65.37,65.66,64.22,64.32,34434000,65.1222736078,63.976631652,64.0762526917,34434000,0.0,1.0
24-06-2014,65.72,67.17,65.27,65.36,57284100,65.4709472465,65.0226525682,65.1123115039,57284100,0.0,1.0
25-06-2014,67.44,67.48,65.57,65.58,44245500,67.1844291282,65.3215156871,65.331477791,44245500,0.0,1.0
26-06-2014,67.13,68.0,66.9,68.0,47646700,66.8756039054,66.6464755142,67.7423069502,47646700,0.0,1.0
27-06-2014,67.6,67.7,66.84,67.31,46444300,67.3438227916,66.5867028904,67.0549217767,46444300,0.0,1.0
30-06-2014,67.29,67.92,67.13,67.46,27102800,67.0349975688,66.8756039054,67.2043533361,27102800,0.0,1.0
01-07-2014,68.06,68.44,67.39,67.58,33166100,67.8020795739,67.1346186084,67.3238985837,33166100,0.0,1.0
02-07-2014,66.45,68.3,65.79,68.04,41805900,66.1981808358,65.5406819743,67.782155366,41805900,0.0,1.0
03-07-2014,66.29,67.0,65.76,66.855,25203200,66.0387871724,65.5107956624,66.6016460464,25203200,0.0,1.0
07-07-2014,65.29,66.57,65.12,66.3,28707100,65.0425767761,64.8732210087,66.0487492764,28707100,0.0,1.0
08-07-2014,62.76,65.56,62.21,65.06,68855600,62.5221644734,61.9742487554,64.813448385,68855600,0.0,1.0
09-07-2014,64.97,65.12,63.15,63.41,51378000,64.7237894493,62.910686528,63.169701231,51378000,0.0,1.0
10-07-2014,64.8725,65.34,63.05,63.31,44388200,64.6266589356,62.8110654883,63.0700801914,44388200,0.0,1.0
11-07-2014,66.34,66.59,64.79,65.28,39167800,66.0885976923,64.5444715779,65.0326146721,39167800,0.0,1.0
14-07-2014,67.9,68.17,66.9,67.13,38468000,67.6426859105,66.6464755142,66.8756039054,38468000,0.0,1.0
15-07-2014,67.165,68.0899,66.26,67.96,44213200,66.9104712692,66.0089008605,67.7024585343,44213200,0.0,1.0
16-07-2014,67.66,67.94,67.07,67.54,29541600,67.4035954154,66.8158312816,67.2840501678,29541600,0.0,1.0
17-07-2014,66.4099,67.85,66.04,67.03,38024200,66.158232799,65.7897345734,66.7759828657,38024200,0.0,1.0
18-07-2014,68.4199,68.46,66.16,66.8,42262200,68.1606156956,65.9092798209,66.5468544746,42262200,0.0,1.0
21-07-2014,69.4,69.96,68.5,68.81,49431600,69.137001505,68.2404121483,68.5492373712,49431600,0.0,1.0
22-07-2014,69.27,69.77,68.61,69.76,40301800,69.0074941535,68.3499952919,69.4956372477,40301800,0.0,1.0
23-07-2014,71.29,71.33,69.61,69.74,77435900,71.0198391541,69.3462056882,69.4757130398,77435900,0.0,1.0
24-07-2014,74.98,76.74,74.51,75.96,124006900,74.6958555165,74.2276366302,75.6721417049,124006900,0.0,1.0
25-07-2014,75.19,75.67,74.662,74.99,45823100,74.9050596997,74.3790606105,74.7058176205,45823100,0.0,1.0
28-07-2014,74.92,75.5,73.85,75.17,41640000,74.6360828927,73.5701377687,74.8851354918,41640000,0.0,1.0
29-07-2014,73.71,74.92,73.4229,74.72,41126900,73.4306683132,73.1446563084,74.4368408135,41126900,0.0,1.0
30-07-2014,74.677,75.19,74.13,74.21,36823000,74.3940037664,73.8490766796,73.9287735113,36823000,0.0,1.0
31-07-2014,72.65,74.165,72.44,74.0,43909200,72.3746852931,72.1654811098,73.7195693281,43909200,0.0,1.0
01-08-2014,72.36,73.22,71.55,72.22,43456400,72.0857842781,71.2788538571,71.9463148226,43456400,0.0,1.0
04-08-2014,73.51,73.88,72.36,72.36,30656900,73.2314262339,72.0857842781,72.0857842781,30656900,0.0,1.0
05-08-2014,72.69,73.59,72.18,73.2,34820400,72.4145337089,71.9064664068,72.922601011,34820400,0.0,1.0
06-08-2014,72.47,73.72,71.79,72.02,30940200,72.1953674217,71.5179443522,71.7470727434,30940200,0.0,1.0
07-08-2014,73.17,74.0,72.7,73.0,38093400,72.8927146992,72.4244958129,72.7233589318,38093400,0.0,1.0
08-08-2014,73.06,73.43,72.56,73.4,27155700,72.7831315556,72.2850263574,73.1218430903,27155700,0.0,1.0
11-08-2014,73.44,73.91,73.06,73.46,24544100,73.1616915062,72.7831315556,73.1816157141,24544100,0.0,1.0
12-08-2014,72.83,73.3301,72.22,73.09,27374400,72.5540031644,71.9463148226,72.8130178675,27374400,0.0,1.0
13-08-2014,73.77,74.25,73.05,73.12,29198500,73.490440937,72.7731694516,72.8429041793,29198500,0.0,1.0
14-08-2014,74.296,74.38,73.69,73.97,22182800,74.0144476054,73.4107441052,73.6896830162,22182800,0.0,1.0
15-08-2014,73.63,74.65,73.0,74.32,38846600,73.3509714815,72.7233589318,74.0383566549,38846600,0.0,1.0
18-08-2014,74.59,74.72,73.96,74.0,23913200,74.3073334619,73.6797209123,73.7195693281,23913200,0.0,1.0
19-08-2014,75.29,75.58,74.77,74.81,26618600,75.0046807394,74.4866513333,74.5264997491,26618600,0.0,1.0
20-08-2014,74.81,75.18,74.62,74.97,22878000,74.5264997491,74.3372197738,74.6858934125,22878000,0.0,1.0
21-08-2014,74.57,75.19,74.4149,74.92,20075900,74.287409254,74.1328970215,74.6360828927,20075900,0.0,1.0
22-08-2014,74.57,74.73,73.57,74.34,20874600,74.287409254,73.2911988577,74.0582808629,20874600,0.0,1.0
25-08-2014,75.02,75.28,74.79,74.94,19691100,74.7357039324,74.5065755412,74.6560071007,19691100,0.0,1.0
26-08-2014,75.9601,75.99,74.73,75.0,23886100,75.6722413259,74.4468029174,74.7157797244,23886100,0.0,1.0
27-08-2014,74.63,75.49,74.46,75.27,36238700,74.3471818778,74.1778261104,74.9847565314,36238700,0.0,1.0
28-08-2014,73.855,74.43,73.73,74.0,21922800,73.5751188206,73.4505925211,73.7195693281,21922800,0.0,1.0
29-08-2014,74.82,74.82,74.01,74.3,26224300,74.5364618531,73.7295314321,74.018432447,26224300,0.0,1.0
02-09-2014,76.68,76.7,74.82,75.01,34785800,76.3894131903,74.5364618531,74.7257418284,34785800,0.0,1.0
03-09-2014,75.83,77.48,75.6,77.14,32330200,75.5426343534,75.3135059622,76.8476699726,32330200,0.0,1.0
04-09-2014,75.95,76.93,75.53,75.89,26625500,75.6621796009,75.2437712345,75.6024069772,26625500,0.0,1.0
05-09-2014,77.26,77.38,75.598,76.1,29407300,76.9672152201,75.3115135414,75.8116111604,29407300,0.0,1.0
08-09-2014,77.89,78.17,77.01,77.26,28149300,77.5948277698,76.718162621,76.9672152201,28149300,0.0,1.0
09-09-2014,76.67,78.17,76.2,77.59,28769300,76.3794510863,75.9112322,77.2959646509,28769300,0.0,1.0
10-09-2014,77.43,77.95,76.51,76.52,29864000,77.1365709875,76.2200574229,76.2300195268,29864000,0.0,1.0
11-09-2014,77.92,78.36,77.05,77.13,32219000,77.6247140817,76.7580110369,76.8377078686,32219000,0.0,1.0
12-09-2014,77.48,78.3,77.1,78.02,26676800,77.1863815073,76.8078215567,77.7243351213,26676800,0.0,1.0
15-09-2014,74.58,77.25,73.43,77.15,49576900,74.297371358,73.1517294022,76.8576320765,49576900,0.0,1.0
16-09-2014,76.08,76.23,73.07,73.52,37672600,75.7916869525,72.7930936595,73.2413883379,37672600,0.0,1.0
17-09-2014,76.43,77.25,75.57,75.96,28647200,76.1403605912,75.2836196503,75.6721417049,28647200,0.0,1.0
18-09-2014,77.0,77.33,76.52,76.77,22983300,76.7082005171,76.2300195268,76.4790721259,22983300,0.0,1.0
19-09-2014,77.91,78.3,76.44,77.4,76638600,77.6147519777,76.1503226951,77.1066846756,76638600,0.0,1.0
22-09-2014,76.8,77.53,75.95,77.0,31917700,76.5089584378,75.6621796009,76.7082005171,31917700,0.0,1.0
23-09-2014,78.29,78.63,76.04,76.33,36721000,77.9933119283,75.7518385366,76.0407395515,36721000,0.0,1.0
24-09-2014,78.535,78.62,77.51,78.1,30596541,78.2373834754,77.2162678192,77.804031953,30596541,0.0,1.0
25-09-2014,77.22,78.94,77.13,78.6,37354970,76.9273668043,76.8377078686,78.3021371512,37354970,0.0,1.0
26-09-2014,78.79,78.8416,77.33,77.59,28872012,78.4914171265,77.0369499479,77.2959646509,28872012,0.0,1.0
29-09-2014,79.0,79.199,77.91,78.12,34030635,78.7006213097,77.6147519777,77.823956161,34030635,0.0,1.0
30-09-2014,79.04,79.7067,78.6,79.35,35899444,78.7404697256,78.3021371512,79.0492949485,35899444,0.0,1.0
01-10-2014,76.55,78.82,75.9,78.78,55090157,76.2599058387,75.6123690811,78.4814550225,55090157,0.0,1.0
02-10-2014,77.08,77.48,75.64,76.57,36487612,76.7878973488,75.3533543781,76.2798300467,36487612,0.0,1.0
03-10-2014,77.44,78.06,77.26,77.76,23340173,77.1465330915,76.9672152201,77.4653204183,23340173,0.0,1.0
06-10-2014,77.555,77.89,76.85,77.19,25729191,77.261097287,76.5587689576,76.8974804924,25729191,0.0,1.0
07-10-2014,76.29,77.95,76.24,77.05,25317488,76.0008911357,75.9510806159,76.7580110369,25317488,0.0,1.0
08-10-2014,77.52,77.71,75.1,76.18,32975514,77.2262299232,74.8154007641,75.8913079921,32975514,0.0,1.0
09-10-2014,75.91,77.7601,75.85,77.28,32487174,75.6223311851,75.5625585613,76.9871394281,32487174,0.0,1.0
10-10-2014,72.91,76.5,72.76,75.59,52146162,72.6336999961,72.4842684367,75.3035438583,52146162,0.0,1.0
13-10-2014,72.99,74.78,72.52,73.23,43937638,72.7133968278,72.2451779415,72.9524873229,43937638,0.0,1.0
14-10-2014,73.59,74.18,72.05,74.0,50299288,73.3111230656,71.7769590553,73.7195693281,50299288,0.0,1.0
15-10-2014,73.21,73.8,70.32,71.69,61528317,72.932563115,70.0535150696,71.4183233126,61528317,0.0,1.0
16-10-2014,72.63,73.35,70.58,70.79,53529459,72.3547610851,70.3125297727,70.5217339559,53529459,0.0,1.0
17-10-2014,75.95,76.0,73.75,74.23,76341638,75.6621796009,73.470516729,73.9486977193,76341638,0.0,1.0
20-10-2014,76.95,77.09,75.38,75.6,34701260,76.6583899973,75.094339675,75.3135059622,34701260,0.0,1.0
21-10-2014,78.69,78.74,77.15,77.56,32252403,78.3917960869,76.8576320765,77.266078339,32252403,0.0,1.0
22-10-2014,78.37,79.85,78.01,78.815,41862393,78.0730087601,77.7143730174,78.5163223864,41862393,0.0,1.0
23-10-2014,80.04,80.63,79.01,79.38,35055800,79.7366801219,78.7105834137,79.0791812603,35055800,0.0,1.0
24-10-2014,80.67,80.8183,79.32,80.2,32247520,80.3642926716,79.0194086366,79.8960737853,32247520,0.0,1.0
27-10-2014,80.28,80.8,79.76,80.74,30168921,79.975770617,79.4577412109,80.4340273993,30168921,0.0,1.0
28-10-2014,80.77,81.16,79.57,80.18,74211768,80.4639137112,79.2684612356,79.8761495774,74211768,0.0,1.0
29-10-2014,75.86,76.88,74.78,75.45,106119520,75.5725206653,74.4966134372,75.1640744028,106119520,0.0,1.0
30-10-2014,74.11,75.35,72.9,75.05,83269554,73.8291524717,72.6237378922,74.7655902443,83269554,0.0,1.0
31-10-2014,74.99,75.7,74.45,74.93,44544325,74.7058176205,74.1678640065,74.6460449967,44544325,0.0,1.0
03-11-2014,73.88,75.52,73.7,75.47,40727330,73.6000240805,73.4207062092,75.1839986107,40727330,0.0,1.0
04-11-2014,75.76,75.77,73.65,74.23,39326471,75.4728996256,73.3708956894,73.9486977193,39326471,0.0,1.0
05-11-2014,74.83,76.8,74.42,76.51,35912588,74.5464239571,74.1379776946,76.2200574229,35912588,0.0,1.0
06-11-2014,75.26,75.6,74.31,74.89,21383194,74.9747944275,74.028394551,74.6061965808,21383194,0.0,1.0
07-11-2014,75.6,75.855,75.02,75.39,20774381,75.3135059622,74.7357039324,75.104301779,20774381,0.0,1.0
10-11-2014,75.0,75.4799,74.61,75.36,21575126,74.7157797244,74.3272576699,75.0744154671,21575126,0.0,1.0
11-11-2014,74.61,74.98,74.03,74.95,18735123,74.3272576699,73.74945564,74.6659692046,18735123,0.0,1.0
12-11-2014,74.72,75.14,73.54,74.28,26536609,74.4368408135,73.2613125458,73.9985082391,26536609,0.0,1.0
13-11-2014,74.25,75.24,73.64,74.74,26448451,73.9686219272,73.3609335854,74.4567650214,26448451,0.0,1.0
14-11-2014,74.88,74.93,74.04,74.27,19476878,74.5962344769,73.759417744,73.9885461351,19476878,0.0,1.0
17-11-2014,74.24,75.655,73.88,74.88,28701191,73.9586598232,73.6000240805,74.5962344769,28701191,0.0,1.0
18-11-2014,74.34,74.8,73.9,74.45,20696643,74.0582808629,73.6199482885,74.1678640065,20696643,0.0,1.0
19-11-2014,73.33,74.54,73.11,74.01,25441163,73.0521083626,72.8329420754,73.7295314321,25441163,0.0,1.0
20-11-2014,73.6,73.99,72.51,72.8,19154862,73.3210851696,72.2352158376,72.5241168525,19154862,0.0,1.0
21-11-2014,73.75,74.5,73.5,74.5,23060382,73.470516729,73.2214641299,74.2176745263,23060382,0.0,1.0
24-11-2014,74.01,74.35,73.35,73.54,22103831,73.7295314321,73.0720325705,73.2613125458,22103831,0.0,1.0
25-11-2014,75.63,75.74,74.13,74.21,32250205,75.3433922741,73.8490766796,73.9287735113,32250205,0.0,1.0
26-11-2014,77.62,77.78,75.51,75.53,32721585,77.3258509628,75.2238470266,75.2437712345,32721585,0.0,1.0
28-11-2014,77.7,78.27,77.23,77.67,15992035,77.4055477945,76.9373289082,77.3756614826,15992035,0.0,1.0
01-12-2014,75.1,77.31,74.8,77.26,31789866,74.8154007641,74.5165376452,76.9672152201,31789866,0.0,1.0
02-12-2014,75.46,75.91,75.04,75.33,16773884,75.1740365067,74.7556281403,75.0445291552,16773884,0.0,1.0
03-12-2014,74.88,75.73,74.4,75.38,16689857,74.5962344769,74.1180534866,75.094339675,16689857,0.0,1.0
04-12-2014,75.24,75.55,74.66,74.83,14390520,74.9548702196,74.3770681897,74.5464239571,14390520,0.0,1.0
05-12-2014,76.36,76.76,75.36,75.8,24306446,76.0706258634,75.0744154671,75.5127480415,24306446,0.0,1.0
08-12-2014,76.52,77.25,75.4,76.18,25733853,76.2300195268,75.114263883,75.8913079921,25733853,0.0,1.0
09-12-2014,76.84,76.93,74.78,75.2,25358584,76.5488068537,74.4966134372,74.9150218037,25358584,0.0,1.0
10-12-2014,76.18,77.55,76.07,76.65,32210532,75.8913079921,75.7817248485,76.3595268784,32210532,0.0,1.0
11-12-2014,77.73,78.52,76.48,76.52,33492661,77.4354341064,76.190171111,76.2300195268,33492661,0.0,1.0
12-12-2014,77.83,78.88,77.02,77.16,28091617,77.535055146,76.728124725,76.8675941805,28091617,0.0,1.0
15-12-2014,76.99,78.58,76.56,78.46,29396532,76.6982384131,76.2698679427,78.1626676957,29396532,0.0,1.0
16-12-2014,74.69,77.39,74.59,76.19,31554593,74.4069545016,74.3073334619,75.9012700961,31554593,0.0,1.0
17-12-2014,76.11,76.41,74.9,75.01,29203904,75.8215732644,74.6161586848,74.7257418284,29203904,0.0,1.0
18-12-2014,78.4,78.4,76.51,76.89,34222081,78.1028950719,76.2200574229,76.5986173735,34222081,0.0,1.0
19-12-2014,79.88,80.0,78.33,78.75,43334992,79.5772864585,78.0331603442,78.4515687107,43334992,0.0,1.0
22-12-2014,81.45,81.89,80.0,80.08,31395770,81.1413367807,79.6968317061,79.7765285378,31395770,0.0,1.0
23-12-2014,80.61,82.17,80.4,82.02,19865820,80.3045200478,80.0953158646,81.7091767066,19865820,0.0,1.0
24-12-2014,80.77,81.43,80.75,81.03,7685481,80.4639137112,80.4439895033,80.7229284143,7685481,0.0,1.0
26-12-2014,80.775,81.28,80.51,81.02,10647388,80.4688947632,80.2048990082,80.7129663103,10647388,0.0,1.0
29-12-2014,80.02,80.96,79.71,80.49,14134666,79.716755914,79.4079306911,80.1849748003,14134666,0.0,1.0
30-12-2014,79.22,80.59,79.1,79.85,14370763,78.9197875969,78.8002423494,79.5474001466,14370763,0.0,1.0
31-12-2014,78.02,79.8,77.86,79.54,20040439,77.7243351213,77.5649414579,79.2385749238,20040439,0.0,1.0
02-01-2015,78.45,78.93,77.7,78.58,18177475,78.1527055918,77.4055477945,78.2822129433,18177475,0.0,1.0
05-01-2015,77.19,79.2455,76.86,77.98,26452191,76.8974804924,76.5687310616,77.6844867055,26452191,0.0,1.0
06-01-2015,76.15,77.59,75.365,77.23,27399288,75.8614216802,75.0793965191,76.9373289082,27399288,0.0,1.0
07-01-2015,76.15,77.36,75.82,76.76,22045333,75.8614216802,75.5326722494,76.469110022,22045333,0.0,1.0
08-01-2015,78.175,78.23,76.08,76.74,23960953,77.8787477328,75.7916869525,76.449185814,23960953,0.0,1.0
09-01-2015,77.74,78.62,77.2,78.2,21004109,77.4453962104,76.9074425964,77.9036529927,21004109,0.0,1.0
12-01-2015,76.72,78.0,76.21,77.84,19190194,76.4292616061,75.921194304,77.54501725,19190194,0.0,1.0
13-01-2015,76.45,78.08,75.85,77.23,25179561,76.1602847991,75.5625585613,76.9373289082,25179561,0.0,1.0
14-01-2015,76.28,77.2,76.0291,76.42,25918564,75.9909290317,75.7409798433,76.1303984872,25918564,0.0,1.0
15-01-2015,74.05,76.57,73.54,76.4,34133974,73.7693798479,73.2613125458,76.1104742793,34133974,0.0,1.0
16-01-2015,75.18,75.32,73.84,74.04,21791529,74.8950975958,73.5601756647,73.759417744,21791529,0.0,1.0
20-01-2015,76.24,76.31,74.82,75.72,22821614,75.9510806159,74.5364618531,75.4330512098,22821614,0.0,1.0
21-01-2015,76.74,77.3,75.85,76.16,25096737,76.449185814,75.5625585613,75.8713837842,25096737,0.0,1.0
22-01-2015,77.65,77.75,76.68,77.17,19519458,77.3557372747,76.3894131903,76.8775562845,19519458,0.0,1.0
23-01-2015,77.83,78.19,77.04,77.65,16746503,77.535055146,76.7480489329,77.3557372747,16746503,0.0,1.0
26-01-2015,77.495,78.47,77.29,77.98,19260820,77.2013246633,76.997101532,77.6844867055,19260820,0.0,1.0
27-01-2015,75.78,76.88,75.63,76.71,20109977,75.4928238336,75.3433922741,76.4192995022,20109977,0.0,1.0
28-01-2015,76.24,77.638,76.0,76.9,53306422,75.9510806159,75.7119901208,76.6085794775,53306422,0.0,1.0
29-01-2015,78.0,78.02,74.21,76.85,61293468,77.7044109134,73.9287735113,76.5587689576,61293468,0.0,1.0
30-01-2015,75.91,78.16,75.75,78.0,42649491,75.6223311851,75.4629375217,77.7044109134,42649491,0.0,1.0
02-02-2015,74.99,76.14,73.75,76.11,41955258,74.7058176205,73.470516729,75.8215732644,41955258,0.0,1.0
03-02-2015,75.4,75.58,73.86,75.19,26957714,75.114263883,73.5800998726,74.9050596997,26957714,0.0,1.0
04-02-2015,75.63,76.35,75.01,75.09,20277368,75.3433922741,74.7257418284,74.8054386601,20277368,0.0,1.0
05-02-2015,75.615,75.98,75.21,75.71,15062573,75.3284491182,74.9249839077,75.4230891058,15062573,0.0,1.0
06-02-2015,74.47,75.7,74.25,75.68,21210994,74.1877882144,73.9686219272,75.3932027939,21210994,0.0,1.0
09-02-2015,74.44,74.83,73.45,74.05,16194322,74.1579019025,73.1716536101,73.7693798479,16194322,0.0,1.0
10-02-2015,75.19,75.34,74.5,74.85,15811344,74.9050596997,74.2176745263,74.566348165,15811344,0.0,1.0
11-02-2015,76.51,76.75,75.03,75.09,20877427,76.2200574229,74.7456660363,74.8054386601,20877427,0.0,1.0
12-02-2015,76.23,76.87,75.89,76.86,17234976,75.9411185119,75.6024069772,76.5687310616,17234976,0.0,1.0
13-02-2015,75.74,76.48,75.5,76.46,18621860,75.4529754177,75.2138849226,76.1702469031,18621860,0.0,1.0
17-02-2015,75.6,76.91,75.08,75.3,25254400,75.3135059622,74.7954765561,75.0146428433,25254400,0.0,1.0
18-02-2015,76.71,76.9,75.45,75.94,22426421,76.4192995022,75.1640744028,75.652217497,22426421,0.0,1.0
19-02-2015,79.42,79.84,76.95,76.986,45851177,79.1190296762,76.6583899973,76.6942535715,45851177,0.0,1.0
20-02-2015,79.895,80.34,79.2,79.55,36931698,79.5922296144,78.899863389,79.2485370277,36931698,0.0,1.0
23-02-2015,78.84,80.19,78.38,79.96,24139056,78.5412276463,78.082970864,79.6569832902,24139056,0.0,1.0
24-02-2015,78.45,79.48,78.1,78.5,18897133,78.1527055918,77.804031953,78.2025161116,18897133,0.0,1.0
25-02-2015,79.56,80.2,78.5,78.5,25593800,79.2584991317,78.2025161116,78.2025161116,25593800,0.0,1.0
26-02-2015,80.41,81.37,79.72,79.88,31111891,80.1052779686,79.4178927951,79.5772864585,31111891,0.0,1.0
27-02-2015,78.97,81.23,78.62,80.68,30739197,78.6707349978,78.3220613591,80.3742547756,30739197,0.0,1.0
02-03-2015,79.75,79.855,78.52,79.0,21662537,79.447779107,78.2224403195,78.7006213097,21662537,0.0,1.0
03-03-2015,79.6,79.7,78.52,79.61,18634973,79.2983475475,78.2224403195,79.3083096515,18634973,0.0,1.0
04-03-2015,80.895,81.15,78.85,79.3,28126686,80.5884400108,78.5511897503,78.9994844286,28126686,0.0,1.0
05-03-2015,81.21,81.99,81.05,81.23,27825733,80.9022462856,80.7428526222,80.9221704935,27825733,0.0,1.0
06-03-2015,80.005,81.33,79.83,80.9,24488581,79.701812758,79.5274759387,80.5934210628,24488581,0.0,1.0
09-03-2015,79.44,79.91,78.63,79.68,18925097,79.1389538841,78.3320234631,79.3780443792,18925097,0.0,1.0
10-03-2015,77.55,79.26,77.55,78.5,23067057,77.2561162351,77.2561162351,78.2025161116,23067057,0.0,1.0
11-03-2015,77.57,78.43,77.26,77.8,20215704,77.276040443,76.9672152201,77.5051688341,20215704,0.0,1.0
12-03-2015,78.93,79.05,77.91,78.1,16093319,78.630886582,77.6147519777,77.804031953,16093319,0.0,1.0
13-03-2015,78.05,79.38,77.68,78.6,18557296,77.7542214332,77.3856235866,78.3021371512,18557296,0.0,1.0
16-03-2015,78.07,78.12,77.36,77.96,19305406,77.7741456412,77.0668362598,77.6645624976,19305406,0.0,1.0
17-03-2015,79.365,79.78,78.34,78.36,22169969,79.0642381044,78.0431224482,78.0630466561,22169969,0.0,1.0
18-03-2015,80.91,81.24,79.17,79.25,36912446,80.6033831667,78.8699770771,78.9496739088,36912446,0.0,1.0
19-03-2015,82.75,83.0,81.0,81.12,42099523,82.436410296,80.6930421024,80.8125873499,42099523,0.0,1.0
20-03-2015,83.8,84.6,83.07,83.39,44466323,83.4824312121,82.7551976228,83.0739849496,44466323,0.0,1.0
23-03-2015,84.43,84.96,83.3,83.92,27357333,84.1100437618,82.9843260139,83.6019764597,27357333,0.0,1.0
24-03-2015,85.31,86.0699,84.52,84.71,32576522,84.9867089106,84.1997026975,84.3889826728,32576522,0.0,1.0
25-03-2015,82.92,85.52,82.92,85.5,37436147,82.6057660633,82.6057660633,85.1759888859,37436147,0.0,1.0
26-03-2015,83.01,83.77,82.14,82.72,32794800,82.695424999,81.8287219542,82.4065239841,32794800,0.0,1.0
27-03-2015,83.3,83.95,82.88,83.38,18372582,82.9843260139,82.5659176475,83.0640228456,18372582,0.0,1.0
30-03-2015,83.195,84.34,82.41,83.81,24527686,82.8797239223,82.0976987612,83.4923933161,24527686,0.0,1.0
31-03-2015,82.215,83.5,82.21,82.9,19734277,81.9034377339,81.8984566819,82.5858418554,19734277,0.0,1.0
01-04-2015,81.665,82.72,80.87,82.5,22058167,81.3555220159,80.5635347509,82.1873576969,22058167,0.0,1.0
02-04-2015,81.555,82.56,81.44,82.25,19664053,81.2459388724,81.1313746768,81.9383050978,19664053,0.0,1.0
06-04-2015,82.44,82.81,80.8,80.8,19062934,82.1275850731,80.4938000231,80.4938000231,19062934,0.0,1.0
07-04-2015,82.32,83.42,82.22,82.65,17467042,82.0080398255,81.9084187859,82.3367892563,17467042,0.0,1.0
08-04-2015,82.275,83.1,81.84,82.63,18966732,81.9632103577,81.5298588353,82.3168650484,18966732,0.0,1.0
09-04-2015,82.17,82.8,81.71,82.5,15927281,81.8586082661,81.4003514838,82.1873576969,15927281,0.0,1.0
10-04-2015,82.04,82.61,81.91,82.21,12529738,81.7291009146,81.599593563,81.8984566819,12529738,0.0,1.0
13-04-2015,83.01,83.94,81.92,81.93,26883094,82.695424999,81.609555667,81.619517771,26883094,0.0,1.0
14-04-2015,83.515,83.69,82.44,83.17,19634173,83.1985112491,82.1275850731,82.8548186624,19634173,0.0,1.0
15-04-2015,82.705,83.66,82.27,83.55,22390943,82.3915808281,81.9582293057,83.233378613,22390943,0.0,1.0
16-04-2015,82.31,83.07,82.15,82.47,13769687,81.9980777216,81.8386840582,82.157471385,13769687,0.0,1.0
17-04-2015,80.775,82.11,80.37,81.48,24214983,80.4688947632,80.0654295527,81.1712230926,24214983,0.0,1.0
20-04-2015,83.09,83.15,81.24,81.54,28796761,82.7751218307,80.9321325975,81.2309957164,28796761,0.0,1.0
21-04-2015,83.62,84.49,83.54,84.0,27171852,83.3031133408,83.2234165091,83.6816732914,27171852,0.0,1.0
22-04-2015,84.63,84.74,83.65,84.32,45547963,84.3092858411,83.3329996527,84.0004606182,45547963,0.0,1.0
23-04-2015,82.41,85.59,82.41,84.1,73728080,82.0976987612,82.0976987612,83.781294331,73728080,0.0,1.0
24-04-2015,81.53,82.94,81.48,82.77,29660356,81.2210336124,81.1712230926,82.4563345039,29660356,0.0,1.0
27-04-2015,81.91,82.93,81.63,81.87,25446032,81.599593563,81.3206546521,81.5597451472,25446032,0.0,1.0
28-04-2015,80.68,81.9,80.23,81.83,23775344,80.3742547756,79.9259600972,81.5198967313,23775344,0.0,1.0
29-04-2015,80.465,81.39,79.52,80.01,26430258,80.1600695404,79.2186507158,79.70679381,26430258,0.0,1.0
30-04-2015,78.77,80.96,78.32,80.01,28999005,78.4714929186,78.0231982402,79.70679381,28999005,0.0,1.0
01-05-2015,78.99,79.76,78.11,79.24,24136358,78.6906592058,77.813994057,78.9397118049,24136358,0.0,1.0
04-05-2015,78.81,79.69,78.6301,79.33,14691991,78.5113413344,78.3321230841,79.0293707405,14691991,0.0,1.0
05-05-2015,77.56,78.8,77.22,78.55,22311318,77.266078339,76.9273668043,78.2523266314,22311318,0.0,1.0
06-05-2015,78.1,78.81,77.05,77.97,28663026,77.804031953,76.7580110369,77.6745246015,28663026,0.0,1.0
07-05-2015,78.425,78.94,77.56,78.0,19749428,78.1278003319,77.266078339,77.7044109134,19749428,0.0,1.0
08-05-2015,78.51,79.23,78.03,79.1,19943595,78.2124782155,77.7342972253,78.8002423494,19943595,0.0,1.0
11-05-2015,78.01,79.03,77.93,78.48,18874054,77.7143730174,77.6346761857,78.1825919036,18874054,0.0,1.0
12-05-2015,77.46,77.89,76.79,77.87,21285310,77.1664572994,76.4989963339,77.5749035619,21285310,0.0,1.0
13-05-2015,78.44,78.53,77.65,77.72,21512309,78.1427434878,77.3557372747,77.4254720024,21512309,0.0,1.0
14-05-2015,81.37,81.845,78.67,78.94,49437996,81.061639949,78.371871879,78.640848686,49437996,0.0,1.0
15-05-2015,80.42,81.52,80.18,81.41,27069884,80.1152400725,79.8761495774,81.1014883649,27069884,0.0,1.0
18-05-2015,80.88,81.38,80.23,80.33,21613674,80.5734968548,79.9259600972,80.0255811369,21613674,0.0,1.0
19-05-2015,80.63,81.69,80.55,81.25,17955389,80.3244442557,80.244747424,80.9420947015,17955389,0.0,1.0
20-05-2015,80.55,81.1,79.46,80.47,23056899,80.244747424,79.158878092,80.1650505923,23056899,0.0,1.0
21-05-2015,80.48,80.92,80.08,80.19,13402749,80.1750126963,79.7765285378,79.8861116814,13402749,0.0,1.0
22-05-2015,80.54,81.31,80.25,80.35,19567937,80.2347853201,79.9458843051,80.0455053448,19567937,0.0,1.0
26-05-2015,79.335,80.6,79.08,80.43,16321339,79.0343517925,78.7803181414,80.1252021765,16321339,0.0,1.0
27-05-2015,80.55,80.66,79.43,79.6,14160865,80.244747424,79.1289917802,79.2983475475,14160865,0.0,1.0
28-05-2015,80.145,81.0745,80.0,80.25,11982008,79.8412822135,79.6968317061,79.9458843051,11982008,0.0,1.0
29-05-2015,79.19,80.07,78.88,79.95,16134580,78.889901285,78.5810760622,79.6470211862,16134580,0.0,1.0
01-06-2015,80.29,80.38,78.66,79.3,18119012,79.985732721,78.361909775,78.9994844286,18119012,0.0,1.0
02-06-2015,80.445,81.35,79.56,79.76,18923300,80.1401453324,79.2584991317,79.4577412109,18923300,0.0,1.0
03-06-2015,82.44,82.53,81.25,81.35,31774993,82.1275850731,80.9420947015,81.0417157411,31774993,0.0,1.0
04-06-2015,82.05,82.95,81.51,82.14,20863877,81.7390630185,81.2011094045,81.8287219542,20863877,0.0,1.0
05-06-2015,82.14,82.46,81.51,81.87,16143093,81.8287219542,81.2011094045,81.5597451472,16143093,0.0,1.0
08-06-2015,80.67,82.0,80.13,81.82,16915471,80.3642926716,79.8263390576,81.5099346274,16915471,0.0,1.0
09-06-2015,80.67,81.19,79.32,80.6,16497538,80.3642926716,79.0194086366,80.2945579439,16497538,0.0,1.0
10-06-2015,82.16,82.6,80.81,80.83,21531208,81.8486461621,80.5037621271,80.523686335,21531208,0.0,1.0
11-06-2015,81.83,82.9,81.36,82.31,18656811,81.5198967313,81.0516778451,81.9980777216,18656811,0.0,1.0
12-06-2015,81.53,82.09,81.2,81.37,11417882,81.2210336124,80.8922841817,81.061639949,11417882,0.0,1.0
15-06-2015,80.71,80.93,80.07,80.55,18805087,80.4041410875,79.7665664338,80.244747424,18805087,0.0,1.0
16-06-2015,81.06,81.51,80.45,80.82,13693666,80.7528147262,80.1451263844,80.5137242311,13693666,0.0,1.0
17-06-2015,81.79,82.22,81.34,81.76,18350287,81.4800483155,81.0317536371,81.4501620036,18350287,0.0,1.0
18-06-2015,82.905,83.19,81.57,81.64,26782573,82.5908229074,81.2608820283,81.330616756,26782573,0.0,1.0
19-06-2015,82.51,82.98,82.12,82.83,23353194,82.1973198008,81.8087977463,82.5161071277,23353194,0.0,1.0
22-06-2015,84.74,84.97,83.31,83.41,29383079,84.4188689846,82.9942881179,83.0939091575,29383079,0.0,1.0
23-06-2015,87.88,87.97,84.76,84.96,50667853,87.5469696291,84.4387931926,84.6380352718,50667853,0.0,1.0
24-06-2015,88.86,89.25,87.45,87.66,41370227,88.5232558175,87.1185991587,87.3278033419,41370227,0.0,1.0
25-06-2015,87.98,89.4,87.835,89.26,27301967,87.6465906687,87.5021401613,88.921739976,27301967,0.0,1.0
26-06-2015,88.01,88.34,86.8283,88.12,38214647,87.6764769806,86.4992551553,87.7860601242,38214647,0.0,1.0
29-06-2015,85.8,87.5,85.73,86.61,35957872,85.4748520048,85.405117277,86.2817824258,35957872,0.0,1.0
30-06-2015,85.765,86.7,85.57,86.6,23233183,85.4399846409,85.2457236136,86.2718203218,23233183,0.0,1.0
01-07-2015,86.91,87.95,86.49,86.77,25260045,86.5806455447,86.1622371782,86.4411760892,25260045,0.0,1.0
02-07-2015,87.285,87.44,86.3401,87.4,16908781,86.9542244433,86.0129052398,87.0687886389,16908781,0.0,1.0
06-07-2015,87.55,88.1846,86.39,86.49,24635915,87.2182201983,86.0626161386,86.1622371782,24635915,0.0,1.0
07-07-2015,87.22,87.85,85.231,87.8,33059921,86.8894707675,84.9080082892,87.4672727974,33059921,0.0,1.0
08-07-2015,85.65,86.75,85.445,86.29,24399340,85.3254204453,85.1211973141,85.962995099,24399340,0.0,1.0
09-07-2015,85.88,87.6,85.6499,86.73,23307402,85.5545488365,85.3253208243,86.4013276733,23307402,0.0,1.0
10-07-2015,87.95,88.22,86.77,87.35,23245873,87.6167043569,86.4411760892,87.0189781191,23245873,0.0,1.0
13-07-2015,90.1,90.22,88.42,88.66,29976670,89.758556709,88.0849232431,88.3240137382,29976670,0.0,1.0
14-07-2015,89.68,90.8,89.65,90.46,26627849,89.3401483425,89.3102620306,90.1171924516,26627849,0.0,1.0
15-07-2015,89.76,90.99,89.42,90.0,30886601,89.4198451742,89.0811336395,89.6589356693,30886601,0.0,1.0
16-07-2015,90.85,90.86,89.77,90.28,21804086,90.5057145062,89.4298072782,89.9378745803,21804086,0.0,1.0
17-07-2015,94.97,95.39,92.54,92.55,54001635,94.6101013391,92.189310076,92.19927218,54001635,0.0,1.0
20-07-2015,97.91,98.6,95.36,95.85,54860541,97.5389599043,94.9986233936,95.4867664878,54860541,0.0,1.0
21-07-2015,98.39,99.24,97.1427,98.95,39453332,98.0171408945,96.7745676672,98.5750187164,39453332,0.0,1.0
22-07-2015,97.04,97.58,95.92,96.74,28299518,96.6722568595,95.5565012156,96.3733937406,28299518,0.0,1.0
23-07-2015,95.44,97.45,94.81,96.96,29418833,95.0783202253,94.4507076756,96.5925600277,29418833,0.0,1.0
24-07-2015,96.95,97.76,95.88,97.35,33444930,96.5825979238,95.5166527997,96.9810820823,33444930,0.0,1.0
27-07-2015,94.17,96.61,93.8301,96.58,38585381,93.813133022,93.4745211083,96.2140000771,38585381,0.0,1.0
28-07-2015,95.29,95.56,93.31,94.84,35235993,94.9288886659,92.9563920812,94.4805939875,35235993,0.0,1.0
29-07-2015,96.99,97.28,94.74,96.32,64648320,96.6224463396,94.3809729479,95.9549853741,64648320,0.0,1.0
30-07-2015,95.21,95.81,91.8,94.91,86211323,94.8491918342,91.4521143827,94.5503287153,86211323,0.0,1.0
31-07-2015,94.01,96.33,93.95,94.95,46509045,93.6537393586,93.5939667348,94.5901771311,46509045,0.0,1.0
03-08-2015,94.14,95.08,92.8,93.53,29343117,93.7832467101,92.448324779,93.1755583684,29343117,0.0,1.0
04-08-2015,94.06,94.73,93.33,93.79,20136036,93.7035498784,92.9763162891,93.4345730714,20136036,0.0,1.0
05-08-2015,96.44,97.09,95.18,95.25,29629221,96.0745306217,94.8193055223,94.88904025,29629221,0.0,1.0
06-08-2015,95.12,98.74,94.42,97.18,42271318,94.7595328985,94.0621856211,96.8117263149,42271318,0.0,1.0
07-08-2015,94.3,95.4,93.61,95.38,23199145,93.9426403735,93.2552552001,95.0185476016,23199145,0.0,1.0
10-08-2015,94.15,95.9,93.63,95.68,21624153,93.7932088141,93.275179408,95.3174107205,21624153,0.0,1.0
11-08-2015,93.62,94.76,92.9006,93.73,22491031,93.265217304,92.5485435449,93.3748004476,22491031,0.0,1.0
12-08-2015,94.19,94.44,91.19,92.7,27120375,93.8330572299,90.8444260409,92.3487037394,27120375,0.0,1.0
13-08-2015,93.43,94.73,93.35,94.05,17451768,93.0759373287,92.996240497,93.6935877744,17451768,0.0,1.0
14-08-2015,94.42,94.72,93.21,93.54,15929656,94.0621856211,92.8567710415,93.1855204723,15929656,0.0,1.0
17-08-2015,93.93,94.46,93.39,94.42,18313531,93.5740425269,93.0360889129,94.0621856211,18313531,0.0,1.0
18-08-2015,95.17,95.85,94.04,94.08,22278848,94.8093434183,93.6836256705,93.7234740863,22278848,0.0,1.0
19-08-2015,95.31,96.1,94.161,94.63,23251271,94.9488128738,93.8041671284,94.2713898043,23251271,0.0,1.0
20-08-2015,90.56,94.77,90.46,93.54,44598224,90.2168134913,90.1171924516,93.1855204723,44598224,0.0,1.0
21-08-2015,86.06,89.18,85.61,87.52,62778680,85.7338667078,85.2855720295,87.1883338864,62778680,0.0,1.0
24-08-2015,82.09,87.14,72.0,77.03,83710727,81.7789114344,71.7271485355,76.738086829,83710727,0.0,1.0
25-08-2015,83.0,87.67,83.0,86.95,52021230,82.685462895,82.685462895,86.6204939605,52021230,0.0,1.0
26-08-2015,87.19,87.46,83.26,85.95,45124302,86.8595844556,82.9444775981,85.6242835642,45124302,0.0,1.0
27-08-2015,89.73,90.06,87.19,89.19,42431375,89.3899588623,86.8595844556,88.8520052483,42431375,0.0,1.0
28-08-2015,91.01,91.48,89.792,89.94,33215885,90.6651081696,89.4517239069,89.5991630455,33215885,0.0,1.0
31-08-2015,89.43,91.05,88.89,90.59,32850666,89.0910957434,88.5531421294,90.2466998032,32850666,0.0,1.0
01-09-2015,87.23,89.39,86.5,86.99,36097370,86.8994328715,86.1721992822,86.6603423764,36097370,0.0,1.0
02-09-2015,89.89,89.89,87.63,88.82,27190527,89.5493525257,87.29791703,88.4834074017,27190527,0.0,1.0
03-09-2015,88.15,89.82,87.73,89.76,27048198,87.8159464361,87.3975380697,89.4198451742,27048198,0.0,1.0
04-09-2015,88.26,88.39,86.7,87.2,27328667,87.9255295797,86.3714413614,86.8695465596,27328667,0.0,1.0
08-09-2015,89.53,90.24,88.83,89.69,27012543,89.190716783,88.4933695056,89.3501104465,27012543,0.0,1.0
09-09-2015,90.44,91.98,90.17,90.78,32551123,90.0972682437,89.8282914367,90.4359797785,32551123,0.0,1.0
10-09-2015,91.98,92.06,89.63,90.07,26437398,91.631432254,89.2903378227,89.7286703971,26437398,0.0,1.0
11-09-2015,92.05,92.08,91.13,91.68,21185049,91.7011669818,90.7846534172,91.3325691351,21185049,0.0,1.0
14-09-2015,92.31,92.62,91.6,92.31,20127871,91.9601816848,91.2528723034,91.9601816848,20127871,0.0,1.0
15-09-2015,92.9,93.25,91.79,92.37,18859351,92.5479458187,91.4421522787,92.0199543086,18859351,0.0,1.0
16-09-2015,93.45,93.6,92.63,92.9,16321193,93.0958615366,92.2789690117,92.5479458187,16321193,0.0,1.0
17-09-2015,94.34,95.51,92.9,93.37,27841803,93.9824887894,92.5479458187,93.0161647049,27841803,0.0,1.0
18-09-2015,94.4,95.19,93.05,93.2,62299984,94.0422614132,92.6973773781,92.8468089376,62299984,0.0,1.0
21-09-2015,95.55,96.49,94.52,94.62,28789973,95.1879033689,94.1618066607,94.2614277003,28789973,0.0,1.0
22-09-2015,92.96,94.68,91.92,93.77,36888893,92.6077184424,91.5716596303,93.4146488635,36888893,0.0,1.0
23-09-2015,93.97,94.32,92.8,93.4,21701427,93.6138909427,92.448324779,93.0460510168,21701427,0.0,1.0
24-09-2015,94.41,94.765,92.24,93.06,29105964,94.0522235171,91.8904469571,92.7073394821,29105964,0.0,1.0
25-09-2015,92.77,95.85,92.06,95.79,28961622,92.4184384671,91.7111290858,95.426993864,28961622,0.0,1.0
28-09-2015,89.21,92.29,88.18,92.08,40914897,88.8719294562,87.845832748,91.7310532937,40914897,0.0,1.0
29-09-2015,86.67,90.06,85.72,89.1,42281838,86.3415550496,85.395155173,88.7623463126,42281838,0.0,1.0
30-09-2015,89.73,90.02,88.01,88.44,35159225,89.3899588623,87.6764769806,88.1048474511,35159225,0.0,1.0
01-10-2015,90.95,90.95,88.36,90.05,29283652,90.6053355458,88.0251506193,89.7087461891,29283652,0.0,1.0
02-10-2015,92.07,92.2,88.37,88.9,37881652,91.7210911897,88.0351127233,88.5631042334,37881652,0.0,1.0
05-10-2015,94.01,94.27,92.66,92.94,27292517,93.6537393586,92.3088553235,92.5877942345,27292517,0.0,1.0
06-10-2015,92.8,94.17,92.34,94.08,22488275,92.448324779,91.9900679967,93.7234740863,22488275,0.0,1.0
07-10-2015,92.4,93.66,91.37,93.11,24129277,92.0498406205,91.0237439123,92.7571500019,24129277,0.0,1.0
08-10-2015,92.47,93.22,90.47,91.89,27290523,92.1195753482,90.1271545556,91.5417733184,27290523,0.0,1.0
09-10-2015,93.24,93.74,92.239,92.9,20012911,92.8866573534,91.8894507467,92.5479458187,20012911,0.0,1.0
12-10-2015,94.26,94.6,92.67,93.32,18449562,93.9027919577,92.3188174275,92.9663541851,18449562,0.0,1.0
13-10-2015,94.12,95.37,93.55,93.66,19480347,93.7633225022,93.1954825763,93.3050657199,19480347,0.0,1.0
14-10-2015,94.07,95.2,93.61,94.08,19253351,93.7135119824,93.2552552001,93.7234740863,19253351,0.0,1.0
15-10-2015,95.96,96.3,94.9,94.99,27557516,95.5963496314,94.5403666113,94.630025547,27557516,0.0,1.0
16-10-2015,97.54,97.59,95.35,96.18,25412856,97.1703620576,94.9886612897,95.8155159186,25412856,0.0,1.0
19-10-2015,98.47,98.57,96.92,97.18,23729924,98.0968377262,96.5527116119,96.8117263149,23729924,0.0,1.0
20-10-2015,97.0,99.59,96.56,98.73,30881777,96.6324084436,96.1940758692,98.3558524292,30881777,0.0,1.0
21-10-2015,97.11,98.18,96.47,97.37,22003730,96.7419915872,96.1044169335,97.0010062902,22003730,0.0,1.0
22-10-2015,99.67,99.73,97.55,97.79,26392075,99.2922902018,97.1803241616,97.4194146567,26392075,0.0,1.0
23-10-2015,102.19,102.85,100.16,101.91,42809661,101.8027404005,99.780433296,101.5238014896,42809661,0.0,1.0
26-10-2015,103.77,103.81,101.55,102.2,25961212,103.3767528267,101.1651657469,101.8127025045,25961212,0.0,1.0
27-10-2015,103.7,104.1,102.4,102.94,23795472,103.307018099,102.0119445838,102.5498981978,23795472,0.0,1.0
28-10-2015,104.2,104.48,102.92,103.9,24081515,103.8051232971,102.5299739899,103.5062601783,24081515,0.0,1.0
29-10-2015,104.88,105.12,103.52,103.96,20316691,104.4825463666,103.1277002276,103.566032802,20316691,0.0,1.0
30-10-2015,101.97,104.72,101.65,104.51,33487104,101.5835741133,101.2647867865,104.11394852,33487104,0.0,1.0
02-11-2015,103.31,103.47,101.18,102.46,24003944,102.9184960444,100.7965679002,102.0717172075,24003944,0.0,1.0
03-11-2015,102.58,103.65,102.4,103.22,21242341,102.1912624551,102.0119445838,102.8288371087,21242341,0.0,1.0
04-11-2015,103.94,104.14,102.48,103.19,43469308,103.5461085941,102.0916414155,102.7989507969,43469308,0.0,1.0
05-11-2015,108.76,110.65,107.95,108.8,63232861,108.3478427044,107.5409122834,108.3876911202,63232861,0.0,1.0
06-11-2015,107.095,108.74,105.91,108.04,35084342,106.6891523945,105.5086430749,107.630571219,35084342,0.0,1.0
09-11-2015,106.49,108.25,105.86,107.0,26383540,106.0864451047,105.458832555,106.5945124069,26383540,0.0,1.0
10-11-2015,107.91,108.15,105.24,105.96,25031681,107.5010638675,104.8411821093,105.5584535947,25031681,0.0,1.0
11-11-2015,109.01,109.87,107.11,108.27,25057099,108.5968953035,106.7040955505,107.8596996102,25057099,0.0,1.0
12-11-2015,108.02,109.39,108.0,108.48,20924674,107.6106470111,107.5907228032,108.0689037934,20924674,0.0,1.0
13-11-2015,103.95,108.25,103.83,107.71,30278403,103.5560706981,103.4365254505,107.3018217883,30278403,0.0,1.0
16-11-2015,104.04,104.17,100.47,103.32,49309167,103.6457296337,100.0892585189,102.9284581484,49309167,0.0,1.0
17-11-2015,105.13,106.2,104.14,104.62,26774146,104.7315989657,103.7453506734,104.2235316636,26774146,0.0,1.0
18-11-2015,107.77,107.88,105.39,105.8,23836526,107.361594412,104.9906136688,105.3990599313,23836526,0.0,1.0
19-11-2015,106.26,107.73,105.95,107.36,25520599,105.8573167136,105.5484914907,106.9531481495,25520599,0.0,1.0
20-11-2015,107.32,107.87,106.62,106.84,22129648,106.9132997337,106.2159524563,106.4351187434,22129648,0.0,1.0
23-11-2015,106.95,107.468,106.08,107.19,19897220,106.544701887,105.6779988422,106.7837923822,19897220,0.0,1.0
24-11-2015,105.74,106.49,104.39,106.0,23577293,105.3392873075,103.9944032725,105.5983020105,23577293,0.0,1.0
25-11-2015,105.41,106.6,105.1,106.33,15150785,105.0105378767,104.7017126538,105.9270514413,15150785,0.0,1.0
27-11-2015,105.45,105.96,104.86,105.78,5913066,105.0503862926,104.4626221587,105.3791357233,5913066,0.0,1.0
30-11-2015,104.24,106.0999,103.75,105.84,20383179,103.844971713,103.3568286188,105.4389083471,20383179,0.0,1.0
01-12-2015,107.12,107.15,104.5,104.83,22781868,106.7140576544,104.103986416,104.4327358468,22781868,0.0,1.0
02-12-2015,106.07,107.92,105.79,107.0,24429063,105.6680367383,105.3890978273,106.5945124069,24429063,0.0,1.0
03-12-2015,104.38,106.85,103.35,106.27,23236485,103.9844411685,102.9583444603,105.8672788175,23236485,0.0,1.0
04-12-2015,106.18,107.73,104.11,104.81,21224721,105.7776198819,103.7154643615,104.4128116389,21224721,0.0,1.0
07-12-2015,105.61,106.83,104.66,106.48,15474890,105.209779956,104.2633800795,106.0764830008,15474890,0.0,1.0
08-12-2015,106.49,106.91,103.95,104.0,20401791,106.0864451047,103.5560706981,103.6058812179,20401791,0.0,1.0
09-12-2015,104.6,106.44,103.55,106.18,23517268,104.2036074557,103.1575865395,105.7776198819,23517268,0.0,1.0
10-12-2015,105.42,106.4,104.41,105.05,17454312,105.0204999807,104.0143274804,104.651902134,17454312,0.0,1.0
11-12-2015,102.12,104.34,101.91,104.15,26427727,101.7330056728,101.5238014896,103.7553127773,26427727,0.0,1.0
14-12-2015,104.66,104.74,101.46,102.285,24813496,104.2633800795,101.0755068112,101.8973803882,24813496,0.0,1.0
15-12-2015,104.55,105.8,104.28,105.3,21764331,104.1537969359,103.8848201289,104.9009547331,21764331,0.0,1.0
16-12-2015,106.79,107.09,104.19,105.37,22680547,106.3853082236,103.7951611932,104.9706894608,22680547,0.0,1.0
17-12-2015,106.22,107.75,106.13,107.49,21675686,105.8174682977,105.7278093621,107.0826555011,21675686,0.0,1.0
18-12-2015,104.04,106.59,103.97,106.08,35994199,103.6457296337,103.575994906,105.6779988422,35994199,0.0,1.0
21-12-2015,104.77,105.15,103.6,104.91,16138786,104.3729632231,103.2073970594,104.5124326785,16138786,0.0,1.0
22-12-2015,105.51,105.6601,104.81,105.22,14597122,105.1101589163,104.4128116389,104.8212579014,14597122,0.0,1.0
23-12-2015,104.63,106.11,103.86,105.89,19599673,104.2334937676,103.4664117624,105.4887188669,19599673,0.0,1.0
24-12-2015,105.02,105.32,104.5,104.74,6512134,104.6220158221,104.103986416,104.3430769112,6512134,0.0,1.0
28-12-2015,105.93,105.98,104.53,105.02,13069733,105.5285672828,104.1338727279,104.6220158221,13069733,0.0,1.0
29-12-2015,107.26,107.74,106.25,106.42,17179901,106.8535271099,105.8473546096,106.016710377,17179901,0.0,1.0
30-12-2015,106.22,107.25,106.06,107.0,13115007,105.8174682977,105.6580746343,106.5945124069,13115007,0.0,1.0
31-12-2015,104.66,106.17,104.62,106.0,18391064,104.2633800795,104.2235316636,105.5983020105,18391064,0.0,1.0
04-01-2016,102.22,102.24,99.75,101.95,37912403,101.8326267124,99.3719870335,101.5636499054,37912403,0.0,1.0
05-01-2016,102.73,103.7099,101.665,102.89,23258238,102.3406940145,101.2797299425,102.500087678,23258238,0.0,1.0
06-01-2016,102.97,103.77,100.9,101.13,25096183,102.5797845097,100.5176289893,100.7467573804,25096183,0.0,1.0
07-01-2016,97.92,101.43,97.3,100.5,45172906,97.5489220082,96.9312715625,100.1191448307,45172906,0.0,1.0
08-01-2016,97.33,100.5,97.0311,99.88,35402298,96.9611578744,96.6633905869,99.501494385,35402298,0.0,1.0
11-01-2016,97.51,98.6,95.39,97.91,29932385,97.1404757457,95.0285097055,97.5389599043,29932385,0.0,1.0
12-01-2016,99.37,99.96,97.55,99.0,28395390,98.9934270829,97.1803241616,98.6248292363,28395390,0.0,1.0
13-01-2016,95.44,100.58,95.21,100.58,33410553,95.0783202253,94.8491918342,100.1988416624,33410553,0.0,1.0
14-01-2016,98.37,98.87,92.45,95.85,48658623,97.9972166866,92.0996511403,95.4867664878,48658623,0.0,1.0
15-01-2016,94.97,96.38,93.54,93.98,46132781,94.6101013391,93.1855204723,93.6238530467,46132781,0.0,1.0
19-01-2016,95.26,97.42,93.92,96.53,30998256,94.899002354,93.5640804229,96.1641895573,30998256,0.0,1.0
20-01-2016,94.35,95.0,89.37,92.83,59051429,93.9924508933,89.0313231196,92.4782110909,59051429,0.0,1.0
21-01-2016,94.16,95.99,92.62,94.91,30518939,93.803170918,92.2690069077,94.5503287153,30518939,0.0,1.0
22-01-2016,97.94,98.07,95.49,96.41,30495387,97.5688462161,95.1281307452,96.0446443098,30495387,0.0,1.0
25-01-2016,97.01,99.48,96.93,98.72,32482015,96.6423705476,96.5626737159,98.3458903253,32482015,0.0,1.0
26-01-2016,97.34,97.88,95.66,97.76,26877080,96.9711199784,95.2974865125,97.3895283448,26877080,0.0,1.0
27-01-2016,94.45,97.85,94.23,97.79,58699359,94.092071933,93.8729056458,97.4194146567,58699359,0.0,1.0
28-01-2016,109.11,110.34,104.81,107.2,107475327,108.6965163431,104.4128116389,106.7937544861,107475327,0.0,1.0
29-01-2016,112.21,112.84,108.84,108.99,62739548,111.7847685717,108.4275395361,108.5769710955,62739548,0.0,1.0
01-02-2016,115.09,115.72,112.01,112.27,46132726,114.6538545131,111.5855264925,111.8445411955,46132726,0.0,1.0
02-02-2016,114.61,117.59,113.2,114.8,59778571,114.1756735229,112.7710168641,114.3649534982,59778571,0.0,1.0
03-02-2016,112.69,115.3407,109.75,115.27,56919324,112.262949562,109.3340909968,114.8331723845,56919324,0.0,1.0
04-02-2016,110.49,111.94,109.25,111.8,38890199,110.07128669,108.8359857986,111.3763223092,38890199,0.0,1.0
05-02-2016,104.07,109.58,103.18,109.51,76894741,103.6756159456,102.7889886929,109.0950005016,76894741,0.0,1.0
08-02-2016,99.75,102.68,97.46,100.41,71229746,99.3719870335,97.0906652259,100.0294858951,71229746,0.0,1.0
09-02-2016,99.54,102.4,96.82,97.14,62709018,99.1627828503,96.4530905723,96.7718778991,62709018,0.0,1.0
10-02-2016,101.0,103.25,100.24,101.55,45179370,100.6172500289,99.8601301277,101.1651657469,45179370,0.0,1.0
11-02-2016,101.91,105.11,98.88,99.6,43670634,101.5238014896,98.5052839887,99.222555474,43670634,0.0,1.0
12-02-2016,102.01,104.24,101.09,103.74,36176760,101.6234225292,100.7069089646,103.3468665148,36176760,0.0,1.0
16-02-2016,101.61,103.93,100.24,103.8,45687224,101.2249383707,99.8601301277,103.4066391386,45687224,0.0,1.0
17-02-2016,105.2,105.72,100.4,101.94,44073369,104.8013336935,100.0195237911,101.5536878015,44073369,0.0,1.0
18-02-2016,103.47,106.0,103.03,105.8,29593508,103.0778897078,102.6395571334,105.3990599313,29593508,0.0,1.0
19-02-2016,104.57,105.02,102.06,102.55,32404516,104.1737211438,101.673233049,102.1613761432,32404516,0.0,1.0
22-02-2016,107.16,108.25,105.34,105.49,35709714,106.7539060703,104.940803149,105.0902347084,35709714,0.0,1.0
23-02-2016,105.46,107.47,105.12,106.85,25319315,105.0603483965,104.7216368618,106.4450808474,25319315,0.0,1.0
24-02-2016,106.88,106.95,102.74,104.21,34412437,106.4749671593,102.3506561185,103.8150854011,34412437,0.0,1.0
25-02-2016,108.07,108.07,105.61,107.11,29906278,107.6604575309,105.209779956,106.7040955505,29906278,0.0,1.0
26-02-2016,107.92,109.45,107.16,108.7,26686193,107.5110259715,106.7539060703,108.2880700806,26686193,0.0,1.0
29-02-2016,106.92,108.9101,106.75,107.6,32778992,106.5148155752,106.3454598078,107.1922386447,32778992,0.0,1.0
01-03-2016,109.82,109.82,107.6,107.83,26817309,109.4038257245,107.1922386447,107.4213670358,26817309,0.0,1.0
02-03-2016,109.95,110.55,108.77,109.68,25670170,109.533333076,108.3578048084,109.264356269,25670170,0.0,1.0
03-03-2016,109.58,110.3,108.54,110.25,21353092,109.1647352294,108.1286764172,109.8321961949,21353092,0.0,1.0
04-03-2016,108.39,110.05,107.93,110.05,24938858,107.9792448578,107.5209880754,109.6329541157,24938858,0.0,1.0
07-03-2016,105.73,108.07,104.72,108.07,31534055,105.3293252035,104.3231527032,107.6604575309,31534055,0.0,1.0
08-03-2016,105.93,107.37,104.4,104.78,25204666,105.5285672828,104.0043653764,104.382925327,25204666,0.0,1.0
09-03-2016,107.51,107.51,105.49,106.7,20493305,107.102579709,105.0902347084,106.295649288,20493305,0.0,1.0
10-03-2016,107.32,108.66,105.7699,107.91,24854284,106.9132997337,105.3690739983,107.5010638675,24854284,0.0,1.0
11-03-2016,109.41,109.42,107.92,108.48,20697553,108.995379462,107.5110259715,108.0689037934,20697553,0.0,1.0
14-03-2016,109.89,110.33,108.77,109.28,17249365,109.4735604522,108.3578048084,108.8658721105,17249365,0.0,1.0
15-03-2016,110.67,110.83,108.84,109.11,17618460,110.2506045614,108.4275395361,108.6965163431,17618460,0.0,1.0
16-03-2016,112.18,112.5,110.1,110.49,24744778,111.7548822598,109.6827646355,110.07128669,24744778,0.0,1.0
17-03-2016,111.02,112.69,110.73,112.15,24241247,110.5992782001,110.3103771852,111.7249959479,24241247,0.0,1.0
18-03-2016,111.45,112.42,110.27,111.56,36256877,111.0276486705,109.8521204028,111.1372318141,36256877,0.0,1.0
21-03-2016,111.85,112.37,111.03,111.66,18447974,111.426132829,110.6092403041,111.2368528537,18447974,0.0,1.0
22-03-2016,112.25,112.88,111.17,111.36,19001076,111.8246169876,110.7487097595,110.9379897348,19001076,0.0,1.0
23-03-2016,112.54,113.19,112.0,112.01,18561974,112.1135180025,111.5755643885,111.5855264925,18561974,0.0,1.0
24-03-2016,113.05,113.09,111.68,112.13,17839119,112.6215853046,111.2567770617,111.70507174,17839119,0.0,1.0
28-03-2016,113.69,114.5889,112.95,113.32,21351751,113.2591599583,112.521964265,112.8905621116,21351751,0.0,1.0
29-03-2016,116.14,116.32,113.64,113.83,29825340,115.6998754293,113.2093494385,113.3986294138,29825340,0.0,1.0
30-03-2016,114.7,116.99,114.355,116.73,33235184,114.2653324586,113.9216398718,116.2876395631,33235184,0.0,1.0
31-03-2016,114.1,115.01,113.7682,114.7,21207526,113.6676062208,113.3370636113,114.2653324586,21207526,0.0,1.0
01-04-2016,116.06,116.17,113.35,113.75,24760504,115.6201785976,112.9204484235,113.3189325821,24760504,0.0,1.0
04-04-2016,112.55,114.55,111.61,114.07,48487913,112.1234801065,111.1870423339,113.6377199089,48487913,0.0,1.0
05-04-2016,112.22,113.32,111.9,112.11,22962365,111.7947306757,111.4759433489,111.6851475321,22962365,0.0,1.0
06-04-2016,113.71,113.81,112.42,112.47,20814640,113.2790841662,111.9939727549,112.0437832748,20814640,0.0,1.0
07-04-2016,113.64,114.89,113.0663,113.79,20714537,113.2093494385,112.6378235341,113.3587809979,20714537,0.0,1.0
08-04-2016,110.63,114.33,109.9,114.25,48497808,110.2107561455,109.4835225562,113.8170377802,48497808,0.0,1.0
11-04-2016,108.99,110.91,108.77,110.7,39762304,108.5769710955,108.3578048084,110.2804908733,39762304,0.0,1.0
12-04-2016,110.61,111.1645,108.99,109.34,26248081,110.1908319376,108.5769710955,108.9256447343,26248081,0.0,1.0
13-04-2016,110.51,112.65,106.52,112.23,88227393,110.091210898,106.1163314166,111.8046927796,88227393,0.0,1.0
14-04-2016,110.84,112.04,110.26,110.62,28473322,110.4199603288,109.8421582989,110.2007940416,28473322,0.0,1.0
15-04-2016,109.64,110.97,109.2,110.79,20922803,109.2245078532,108.7861752788,110.3701498089,20922803,0.0,1.0
18-04-2016,110.45,110.81,109.2,109.74,21167199,110.0314382742,108.7861752788,109.3241288928,21167199,0.0,1.0
19-04-2016,112.29,112.45,109.16,111.1,30210455,111.8644654034,108.7463268629,110.6789750318,30210455,0.0,1.0
20-04-2016,112.42,113.27,111.56,112.43,21027901,111.9939727549,111.1372318141,112.0039348589,21027901,0.0,1.0
21-04-2016,113.44,114.04,112.31,112.55,20875230,113.0101073592,111.8843896114,112.1234801065,20875230,0.0,1.0
22-04-2016,110.56,111.75,109.01,111.21,38458201,110.1410214178,108.5968953035,110.7885581754,38458201,0.0,1.0
25-04-2016,110.1,110.67,109.07,109.87,21017895,109.6827646355,108.6566679273,109.4536362443,21017895,0.0,1.0
26-04-2016,108.76,110.5,108.15,110.49,22521534,108.3478427044,107.7401543626,110.07128669,22521534,0.0,1.0
27-04-2016,108.89,108.94,106.31,107.94,52213107,108.4773500559,105.9071272334,107.5309501794,52213107,0.0,1.0
28-04-2016,116.73,120.79,116.23,119.575,87110080,116.2876395631,115.7895343649,119.1218581407,87110080,0.0,1.0
29-04-2016,117.58,117.84,115.84,116.82,37140594,117.1344184,115.4010123104,116.3772984988,37140594,0.0,1.0
02-05-2016,118.57,118.73,116.57,117.83,28095168,118.1206666923,116.1282458997,117.3834709991,28095168,0.0,1.0
03-05-2016,117.43,118.16,117.02,117.52,24117463,116.9849868405,116.576540578,117.0746457762,24117463,0.0,1.0
04-05-2016,118.06,118.3,116.57,116.61,23448440,117.6125993902,116.1282458997,116.1680943156,23448440,0.0,1.0
05-05-2016,117.81,118.98,117.25,118.04,22056749,117.3635467911,116.8056689692,117.5926751823,22056749,0.0,1.0
06-05-2016,119.49,119.637,117.1127,117.16,26395568,119.037180257,116.6688892818,116.7160100335,26395568,0.0,1.0
09-05-2016,119.24,120.28,118.9,119.54,21138059,118.7881276579,118.4494161231,119.0869907768,21138059,0.0,1.0
10-05-2016,120.5,120.5,114.8,119.62,23220046,120.0433527573,114.3649534982,119.1666876085,23220046,0.0,1.0
11-05-2016,119.52,121.08,119.42,120.41,22038396,119.0670665689,118.9674455292,119.9536938216,22038396,0.0,1.0
12-05-2016,120.28,120.84,118.9,119.98,22035465,119.8241864701,118.4494161231,119.5253233512,22035465,0.0,1.0
13-05-2016,119.81,120.64,119.68,120.38,18124286,119.3559675838,119.2264602323,119.9238075097,18124286,0.0,1.0
16-05-2016,118.67,119.61,117.35,119.38,31247834,118.220287732,116.9052900088,118.9275971134,31247834,0.0,1.0
17-05-2016,117.35,119.01,117.2,118.82,21328648,116.9052900088,116.7558584494,118.3697192914,21328648,0.0,1.0
18-05-2016,117.65,118.27,116.73,116.8,21642299,117.2041531277,116.2876395631,116.3573742909,21642299,0.0,1.0
19-05-2016,116.81,117.49,115.88,117.05,20544109,116.3673363948,115.4408607262,116.6064268899,20544109,0.0,1.0
20-05-2016,117.35,117.99,116.95,116.96,18944831,116.9052900088,116.5068058503,116.5167679543,18944831,0.0,1.0
23-05-2016,115.97,117.6,115.94,117.42,20441004,115.5305196619,115.50063335,116.9750247366,20441004,0.0,1.0
24-05-2016,117.7,117.73,116.12,116.24,20183627,117.2539636475,115.6799512214,115.7994964689,20183627,0.0,1.0
25-05-2016,117.89,118.665,117.38,118.13,20035494,117.4432436228,116.9351763207,117.682334118,20035494,0.0,1.0
26-05-2016,119.47,119.7601,117.92,118.24,18481340,119.017256049,117.4731299347,117.7919172616,18481340,0.0,1.0
27-05-2016,119.38,119.85,119.01,119.56,13493563,118.9275971134,118.5589992667,119.1069149847,13493563,0.0,1.0
31-05-2016,118.81,120.1,118.121,119.46,23547597,118.3597571875,117.6733682244,119.0072939451,23547597,0.0,1.0
01-06-2016,118.78,119.08,117.82,118.5,15029494,118.3298708756,117.3735088951,118.0509319646,15029494,0.0,1.0
02-06-2016,118.93,135.6,118.22,118.69,13228310,118.479302435,117.7719930536,118.2402119399,13228310,0.0,1.0
03-06-2016,118.47,118.98,117.86,118.975,14135114,118.0210456527,117.413357311,118.5241319029,14135114,0.0,1.0
06-06-2016,118.79,119.43,118.36,118.62,12744676,118.3398329795,117.9114625091,118.1704772122,12744676,0.0,1.0
07-06-2016,117.76,119.3,117.67,119.24,17103023,117.3137362713,117.2240773357,118.7881276579,17103023,0.0,1.0
08-06-2016,118.39,118.6,117.27,117.76,14505596,117.941348821,116.8255931771,117.3137362713,14505596,0.0,1.0
09-06-2016,118.56,118.68,117.71,118.13,13859240,118.1107045884,117.2639257515,117.682334118,13859240,0.0,1.0
10-06-2016,116.62,118.11,116.26,117.54,18510826,116.1780564195,115.8194206768,117.0945699841,18510826,0.0,1.0
13-06-2016,113.95,115.48,113.31,115.0,31718239,113.5181746613,112.8806000077,114.5641955775,31718239,0.0,1.0
14-06-2016,114.94,114.95,113.58,114.07,17618479,114.5044229537,113.1495768147,113.6377199089,17618479,0.0,1.0
15-06-2016,114.6,115.44,114.07,115.3,19819432,114.1657114189,113.6377199089,114.8630586964,19819432,0.0,1.0
16-06-2016,114.39,114.5,112.94,113.87,19236255,113.9565072357,112.512002161,113.4384778296,19236255,0.0,1.0
17-06-2016,113.02,114.43,112.56,114.42,24644308,112.5916989927,112.1334422104,113.9863935476,24644308,0.0,1.0
20-06-2016,113.37,114.72,112.75,113.77,20785390,112.9403726315,112.3227221857,113.33885679,20785390,0.0,1.0
21-06-2016,114.38,115.2142,113.97,114.12,19166269,113.9465451317,113.5380988693,113.6875304287,19166269,0.0,1.0
22-06-2016,113.91,114.74,113.61,114.65,14846329,113.4783262455,113.1794631266,114.2155219388,14846329,0.0,1.0
23-06-2016,115.08,115.09,113.54,114.37,16176895,114.6438924092,113.1097283988,113.9365830278,16176895,0.0,1.0
24-06-2016,112.08,113.68,111.0,111.01,40643130,111.6552612202,110.5793539922,110.5893160961,40643130,0.0,1.0
27-06-2016,108.97,111.57,108.23,111.57,36409606,108.5570468876,107.8198511943,111.1471939181,36409606,0.0,1.0
28-06-2016,112.7,112.75,110.55,110.63,26813842,112.2729116659,110.1310593138,110.2107561455,26813842,0.0,1.0
29-06-2016,114.16,114.25,113.04,113.37,20968273,113.7273788446,112.6116232007,112.9403726315,20968273,0.0,1.0
30-06-2016,114.28,115.18,113.67,114.67,23192716,113.8469240921,113.2392357504,114.2354461467,23192716,0.0,1.0
01-07-2016,114.19,115.13,113.81,114.2,14980023,113.7572651564,113.3787052058,113.7672272604,14980023,0.0,1.0
05-07-2016,114.0,114.11,112.97,113.94,14207037,113.5679851811,112.5418884729,113.5082125574,14207037,0.0,1.0
06-07-2016,116.7,116.79,112.97,113.36,24337586,116.2577532512,112.5418884729,112.9304105275,24337586,0.0,1.0
07-07-2016,115.85,116.97,115.36,116.63,16630201,115.4109744143,114.9228313201,116.1880185235,16630201,0.0,1.0
08-07-2016,117.24,117.5,115.85,116.43,18142597,116.7957068652,115.4109744143,115.9887764442,18142597,0.0,1.0
11-07-2016,117.87,118.7,117.5,117.71,17711570,117.4233194149,117.0547215683,117.2639257515,17711570,0.0,1.0
12-07-2016,117.93,118.72,117.57,118.63,15217700,117.4830920387,117.124456296,118.1804393161,15217700,0.0,1.0
13-07-2016,116.78,118.4,116.68,118.39,16207662,116.3374500829,116.2378290433,117.941348821,16207662,0.0,1.0
14-07-2016,117.29,117.64,116.7,117.5,14579736,116.8455173851,116.2577532512,117.0547215683,14579736,0.0,1.0
15-07-2016,116.86,118.28,116.58,117.74,16645964,116.4171469146,116.1382080037,117.2938120634,16645964,0.0,1.0
18-07-2016,119.37,119.61,116.89,117.32,20868367,118.9176350094,116.4470332265,116.8754036969,20868367,0.0,1.0
19-07-2016,120.61,120.85,118.66,118.99,21541292,120.1529359009,118.210325628,118.5390750588,21541292,0.0,1.0
20-07-2016,121.92,122.2,120.56,121.25,20046452,121.45797152,120.103125381,120.7905105545,20046452,0.0,1.0
21-07-2016,120.61,122.1,120.25,121.92,17801663,120.1529359009,119.7943001582,121.45797152,17801663,0.0,1.0
22-07-2016,121.0,121.01,119.31,119.9,18422410,120.5414579554,118.8578623856,119.4456265195,18422410,0.0,1.0
25-07-2016,121.63,121.85,117.78,121.39,18487449,121.1690705051,117.3336604793,120.92998001,18487449,0.0,1.0
26-07-2016,121.22,122.07,120.75,122.0,17611964,120.7606242426,120.2924053563,121.5376683517,17611964,0.0,1.0
27-07-2016,123.34,125.0,121.51,122.42,52654239,122.8725902828,121.0495252575,121.9560767182,52654239,0.0,1.0
28-07-2016,125.0,128.33,123.63,127.52,78955758,124.5262995407,123.1614912978,127.0367497395,78955758,0.0,1.0
29-07-2016,123.94,125.84,123.71,124.65,35058803,123.4703165206,123.2411881295,124.177625902,35058803,0.0,1.0
01-08-2016,124.31,124.58,122.86,123.85,25006850,123.8389143673,122.3944092926,123.380657585,25006850,0.0,1.0
02-08-2016,123.09,124.8,122.07,124.06,23968414,122.6235376837,121.6074030795,123.5898617682,23968414,0.0,1.0
03-08-2016,122.51,123.92,122.31,123.09,18525332,122.0457356539,121.8464935746,122.6235376837,18525332,0.0,1.0
04-08-2016,124.36,124.79,122.51,122.94,21065974,123.8887248871,122.0457356539,122.4741061243,21065974,0.0,1.0
05-08-2016,125.15,125.835,124.6184,124.98,20184035,124.6757311002,124.1461456535,124.5063753328,20184035,0.0,1.0
08-08-2016,125.26,125.45,124.55,125.25,15233929,124.7853142438,124.0780048624,124.7753521398,15233929,0.0,1.0
09-08-2016,125.06,126.09,124.53,125.34,19620967,124.5860721645,124.0580806545,124.8650110755,19620967,0.0,1.0
10-08-2016,124.88,125.48,124.54,125.07,10670148,124.4067542932,124.0680427584,124.5960342685,10670148,0.0,1.0
11-08-2016,124.9,125.38,124.75,125.2,11729519,124.4266785011,124.2772469416,124.72554162,11729519,0.0,1.0
12-08-2016,124.88,125.0,124.18,124.7,12158955,124.4067542932,123.7094070157,124.2274364218,12158955,0.0,1.0
15-08-2016,123.9,124.92,123.7,124.91,19295130,123.4304681048,123.2312260255,124.4366406051,19295130,0.0,1.0
16-08-2016,123.3,123.92,122.78,123.5,14222410,122.832741867,122.3147124609,123.0319839462,14222410,0.0,1.0
17-08-2016,124.37,124.38,122.85,123.66,13794179,123.898686991,122.3844471886,123.1913776096,13794179,0.0,1.0
18-08-2016,123.91,124.26,123.64,124.01,12400816,123.4404302087,123.1714534017,123.5400512484,12400816,0.0,1.0
19-08-2016,123.56,124.157,123.28,123.6,11688265,123.09175657,122.812817659,123.1316049859,11688265,0.0,1.0
22-08-2016,124.15,124.83,123.11,123.33,14386361,123.6795207038,122.6434618917,122.8626281789,14386361,0.0,1.0
23-08-2016,124.37,125.09,124.25,124.51,13309452,123.898686991,123.7791417435,124.0381564465,13309452,0.0,1.0
24-08-2016,123.48,124.69,123.09,124.47,12243719,123.0120597383,122.6235376837,123.9983080307,12243719,0.0,1.0
25-08-2016,123.89,124.37,123.1,123.12,10730811,123.4205060008,122.6334997877,122.6534239956,10730811,0.0,1.0
26-08-2016,124.96,125.19,123.91,124.05,17504825,124.4864511249,123.4404302087,123.5798996642,17504825,0.0,1.0
29-08-2016,126.54,126.73,124.35,124.35,15925900,126.0604635511,123.8787627831,123.8787627831,15925900,0.0,1.0
30-08-2016,125.84,126.6,125.15,126.6,17804286,125.3631162736,124.6757311002,126.1202361748,17804286,0.0,1.0
31-08-2016,126.12,126.22,125.1,125.6,14200636,125.6420551846,124.6259205804,125.1240257785,14200636,0.0,1.0
01-09-2016,126.17,126.63,125.6,126.38,13536125,125.6918657044,125.1240257785,125.9010698877,13536125,0.0,1.0
02-09-2016,126.51,126.86,126.0,126.85,12118773,126.0305772392,125.5225099371,126.3692887739,12118773,0.0,1.0
06-09-2016,129.73,129.94,126.47,126.67,26278407,129.2383747153,125.9907288233,126.1899709026,26278407,0.0,1.0
07-09-2016,131.05,131.98,129.95,130.04,27990796,130.5533724385,129.4575410025,129.5471999382,27990796,0.0,1.0
08-09-2016,130.27,131.08,129.81,130.92,15676595,129.7763283294,129.3180715471,130.423865087,15676595,0.0,1.0
09-09-2016,127.1,129.949,127.1,129.71,27100679,126.618341373,126.618341373,129.2184505074,27100679,0.0,1.0
12-09-2016,128.69,128.76,125.75,125.96,21252752,128.2023159032,125.273457338,125.4826615212,21252752,0.0,1.0
13-09-2016,127.21,128.35,126.66,128.03,18016152,126.7279245166,126.1800087986,127.5448170416,18016152,0.0,1.0
14-09-2016,127.77,128.8,126.89,126.89,15720388,127.2858023385,126.4091371898,126.4091371898,15720388,0.0,1.0
15-09-2016,128.35,129.1,127.67,127.98,15111838,127.8636043684,127.1861812989,127.4950065218,15111838,0.0,1.0
16-09-2016,129.07,129.18,128.2,128.2,24119174,128.5808758538,127.714172809,127.714172809,24119174,0.0,1.0
19-09-2016,128.65,129.94,128.26,129.91,14958794,128.1624674873,127.7739454327,129.4176925867,14958794,0.0,1.0
20-09-2016,128.64,129.17,128.0307,128.65,11083808,128.1525053833,127.5455143889,128.1624674873,11083808,0.0,1.0
21-09-2016,129.94,130.005,128.39,129.13,14068336,129.4475788986,127.9034527843,128.6406484776,14068336,0.0,1.0
22-09-2016,130.08,130.73,129.56,130.5,15538307,129.5870483541,129.069018948,130.0054567205,15538307,0.0,1.0
23-09-2016,127.96,128.6,127.3,127.56,28326266,127.4750823138,126.8175834523,127.0765981553,28326266,0.0,1.0
26-09-2016,127.31,128.16,126.8,127.37,15064940,126.8275455562,126.3194782541,126.88731818,15064940,0.0,1.0
27-09-2016,128.69,129.01,127.43,127.61,15637111,128.2023159032,126.9470908038,127.1264086751,15637111,0.0,1.0
28-09-2016,129.23,129.47,128.4,129.21,12047636,128.7402695172,127.9134148882,128.7203453093,12047636,0.0,1.0
29-09-2016,128.09,129.29,127.55,129.18,14532241,127.6045896654,127.0666360514,128.6904589974,14532241,0.0,1.0
30-09-2016,128.27,128.59,127.45,128.03,18402945,127.7839075367,126.9670150117,127.5448170416,18402945,0.0,1.0
03-10-2016,128.77,129.09,127.8,128.38,13156943,128.2820127349,127.3156886504,127.8934906803,13156943,0.0,1.0
04-10-2016,128.19,129.2765,127.5499,129.17,14307548,127.704210705,127.0665364303,128.6804968934,14307548,0.0,1.0
05-10-2016,128.47,128.8,127.83,128.25,12386753,127.983149616,127.3455749623,127.7639833288,12386753,0.0,1.0
06-10-2016,128.74,129.06,128.08,128.43,11682729,128.252126423,127.5946275614,127.9433012001,11682729,0.0,1.0
07-10-2016,128.99,129.25,128.33,129.04,12804420,128.5011790221,127.8436801605,128.5509895419,12804420,0.0,1.0
10-10-2016,130.24,130.7,129.2,129.68,15138720,129.7464420175,128.7103832053,129.1885641955,15138720,0.0,1.0
11-10-2016,128.88,130.64,128.23,130.23,17537928,128.3915958785,127.7440591209,129.7364799135,17537928,0.0,1.0
12-10-2016,129.05,129.66,128.46,129.01,11072991,128.5609516458,127.973187512,128.52110323,11072991,0.0,1.0
13-10-2016,127.82,128.25,126.75,128.21,17139306,127.3356128584,126.2696677343,127.7241349129,17139306,0.0,1.0
14-10-2016,127.88,128.95,127.58,128.49,13345292,127.3953854821,127.0965223632,128.0030738239,13345292,0.0,1.0
17-10-2016,127.54,128.47,127.32,128.2,11351681,127.0566739474,126.8375076602,127.714172809,11351681,0.0,1.0
18-10-2016,128.57,129.39,128.01,128.68,13503967,128.0827706556,127.5248928337,128.1923537992,13503967,0.0,1.0
19-10-2016,130.11,130.47,128.6,128.74,16752321,129.6169346659,128.1126569675,128.252126423,16752321,0.0,1.0
20-10-2016,130.0,130.66,129.5,130.07,13167503,129.5073515224,129.0092463242,129.5770862501,13167503,0.0,1.0
21-10-2016,132.07,132.13,129.7,129.78,19088794,131.5695070427,129.2084884035,129.2881852352,19088794,0.0,1.0
24-10-2016,133.28,133.405,132.15,132.72,17470227,132.7749216223,131.6492038745,132.2170438004,17470227,0.0,1.0
25-10-2016,132.29,133.5,132.22,133.5,13336787,131.7886733299,131.7189386022,132.9940879095,13336787,0.0,1.0
26-10-2016,131.04,132.26,130.935,131.64,13084731,130.5434103345,130.4388082429,131.1411365723,13084731,0.0,1.0
27-10-2016,129.69,131.8,129.27,131.74,16741393,129.1985262995,128.780117933,131.240757612,16741393,0.0,1.0
28-10-2016,131.29,132.97,129.93,130.5,24545547,130.7924629336,129.4376167946,130.0054567205,24545547,0.0,1.0
31-10-2016,130.99,132.12,130.8835,132.01,15668982,130.4935998147,130.3875034075,131.509734419,15668982,0.0,1.0
01-11-2016,129.5,131.94,128.65,131.41,22077779,129.0092463242,128.1624674873,130.9120081812,22077779,0.0,1.0
02-11-2016,127.17,130.23,126.28,130.23,50190225,126.6880761008,125.801448848,129.7364799135,50190225,0.0,1.0
03-11-2016,120.0,123.28,119.5,122.0,63766259,119.5452475591,119.0471423609,121.5376683517,63766259,0.0,1.0
04-11-2016,120.75,121.93,119.25,119.59,30545466,120.2924053563,118.7980897619,119.1368012966,30545466,0.0,1.0
07-11-2016,122.15,123.2089,121.35,122.83,23008880,121.6870999112,120.8901315941,122.3645229807,23008880,0.0,1.0
08-11-2016,124.22,124.61,121.54,122.03,19460768,123.7492554316,121.0794115694,121.5675546636,19460768,0.0,1.0
09-11-2016,123.18,123.81,120.51,121.5,31916020,122.7131966194,120.0533148612,121.0395631536,31916020,0.0,1.0
10-11-2016,120.8,124.18,115.27,123.93,67846704,120.3422158762,114.8331723845,123.4603544167,67846704,0.0,1.0
11-11-2016,119.02,120.7,118.15,120.44,32840137,118.5689613707,117.7022583259,119.9835801335,32840137,0.0,1.0
14-11-2016,115.08,119.1256,113.5535,119.1256,51377040,114.6438924092,113.1231772392,118.6741611885,51377040,0.0,1.0
15-11-2016,117.2,118.49,115.83,116.73,34681369,116.7558584494,115.3910502064,116.2876395631,34681369,0.0,1.0
16-11-2016,116.34,117.88,114.21,117.2,32397947,115.8991175085,113.7771893644,116.7558584494,32397947,0.0,1.0
17-11-2016,117.79,117.79,116.01,116.84,18597766,117.3436225832,115.5703680778,116.3972227067,18597766,0.0,1.0
18-11-2016,117.02,119.13,116.84,118.39,22879303,116.576540578,116.3972227067,117.941348821,22879303,0.0,1.0
21-11-2016,121.77,121.95,117.8,118.39,35415366,121.3085399606,117.3535846872,117.941348821,35415366,0.0,1.0
22-11-2016,121.47,122.98,120.9,122.4,26089163,121.0096768417,120.4418369158,121.9361525103,26089163,0.0,1.0
23-11-2016,120.84,121.31,119.94,121.23,15672136,120.382064292,119.4854749353,120.7705863466,15672136,0.0,1.0
25-11-2016,120.38,121.14,120.07,121.01,8658605,119.9238075097,119.6149822868,120.5514200594,8658605,0.0,1.0
28-11-2016,120.41,121.69,119.82,120.12,18101314,119.9536938216,119.3659296878,119.6647928067,18101314,0.0,1.0
29-11-2016,120.87,122.1,120.4,120.57,18890956,120.4119506039,119.9437317176,120.113087485,18890956,0.0,1.0
30-11-2016,118.42,121.79,117.95,120.32,30188922,117.9712351329,117.5030162466,119.8640348859,30188922,0.0,1.0
01-12-2016,115.1,118.45,114.0,118.38,43276994,114.6638166171,113.5679851811,117.931386717,43276994,0.0,1.0
02-12-2016,115.4,116.48,114.3,115.11,25070364,114.962679736,113.8668483,114.6737787211,25070364,0.0,1.0
05-12-2016,117.43,117.57,115.07,115.95,20201528,116.9849868405,114.6339303052,115.510595454,20201528,0.0,1.0
06-12-2016,117.31,117.795,116.33,117.69,19131202,116.865441593,115.8891554046,117.2440015436,19131202,0.0,1.0
07-12-2016,117.95,117.95,116.57,117.0,21913658,117.5030162466,116.1282458997,116.5566163701,21913658,0.0,1.0
08-12-2016,118.91,119.5,117.64,117.98,22442756,118.4593782271,117.1941910238,117.5329025585,22442756,0.0,1.0
09-12-2016,119.68,119.94,118.95,119.22,17464736,119.2264602323,118.499226643,118.76820345,17464736,0.0,1.0
12-12-2016,117.77,119.24,117.65,119.22,17805527,117.3236983753,117.2041531277,118.76820345,17805527,0.0,1.0
13-12-2016,120.31,121.52,117.61,117.86,29768028,119.854072782,117.1643047119,117.413357311,29768028,0.0,1.0
14-12-2016,120.21,121.69,118.85,120.0,25913095,119.7544517423,118.3996056033,119.5452475591,25913095,0.0,1.0
15-12-2016,120.57,122.5,119.63,120.08,20139568,120.113087485,119.1766497125,119.6249443908,20139568,0.0,1.0
16-12-2016,119.87,121.5,119.27,120.9,25324299,119.4157402076,118.8180139698,120.4418369158,25324299,0.0,1.0
19-12-2016,119.24,120.36,118.51,119.85,15918146,118.7881276579,118.0608940686,119.3958159996,15918146,0.0,1.0
20-12-2016,119.09,119.77,118.8,119.5,13684402,118.6386960984,118.3497950835,119.0471423609,13684402,0.0,1.0
21-12-2016,119.04,119.2,118.48,118.92,10767646,118.5888855786,118.0310077567,118.4693403311,10767646,0.0,1.0
22-12-2016,117.4,118.99,116.93,118.86,16258587,116.9551005286,116.4868816424,118.4095677073,16258587,0.0,1.0
23-12-2016,117.27,117.56,116.3,117.0,10889985,116.8255931771,115.8592690927,116.5566163701,10889985,0.0,1.0
27-12-2016,118.01,118.68,116.864,116.96,12051481,117.5627888704,116.4211317562,116.5167679543,12051481,0.0,1.0
28-12-2016,116.92,118.25,116.65,118.19,12087377,116.4769195384,116.2079427314,117.7421067417,12087377,0.0,1.0
29-12-2016,116.35,117.531,116.06,117.0,9934873,115.9090796125,115.6201785976,116.5566163701,9934873,0.0,1.0
30-12-2016,115.05,116.83,114.7739,116.595,18684106,114.6140060973,114.3389524069,116.1531511596,18684106,0.0,1.0
03-01-2017,116.86,117.84,115.51,116.03,20663912,116.4171469146,115.0722628796,115.5902922857,20663912,0.0,1.0
04-01-2017,118.69,119.66,117.29,117.55,19630932,118.2402119399,116.8455173851,117.1045320881,19630932,0.0,1.0
05-01-2017,120.67,120.95,118.3209,118.86,19492150,120.2127085246,117.8725106826,118.4095677073,19492150,0.0,1.0
06-01-2017,123.41,123.88,120.03,120.98,28545263,122.9423250106,119.575133871,120.5215337475,28545263,0.0,1.0
09-01-2017,124.9,125.43,123.04,123.55,22880360,124.4266785011,122.5737271639,123.0817944661,22880360,0.0,1.0
10-01-2017,124.35,125.5,124.28,124.82,17324590,123.8787627831,123.8090280554,124.3469816694,17324590,0.0,1.0
11-01-2017,126.09,126.12,124.06,124.35,18356523,125.6121688727,123.5898617682,123.8787627831,18356523,0.0,1.0
12-01-2017,126.62,126.73,124.8,125.61,18653914,126.1401603828,124.3270574615,125.1339878825,18653914,0.0,1.0
13-01-2017,128.34,129.27,127.37,127.49,24884325,127.8536422645,126.88731818,127.0068634276,24884325,0.0,1.0
17-01-2017,127.87,128.34,127.4,128.04,15294460,127.3854233782,126.9172044919,127.5547791456,15294460,0.0,1.0
18-01-2017,127.92,128.43,126.84,128.41,13145852,127.435233898,126.35932667,127.9233769922,13145852,0.0,1.0
19-01-2017,127.55,128.35,127.45,128.23,12195465,127.0666360514,126.9670150117,127.7440591209,12195465,0.0,1.0
20-01-2017,127.04,128.48,126.78,128.1,19097223,126.5585687492,126.2995540462,127.6145517693,19097223,0.0,1.0
23-01-2017,128.93,129.25,126.95,127.31,16593563,128.4414063983,126.4689098136,126.8275455562,16593563,0.0,1.0
24-01-2017,129.37,129.9,128.38,129.38,15162724,128.8797389727,127.8934906803,128.8897010766,15162724,0.0,1.0
25-01-2017,131.48,131.74,129.77,130.0,18777314,130.9817429089,129.2782231312,129.5073515224,18777314,0.0,1.0
26-01-2017,132.78,133.14,131.4401,131.63,20020141,132.2768164241,130.9419941141,131.1311744684,20020141,0.0,1.0
27-01-2017,132.18,132.95,131.08,132.68,19539514,131.6790901863,130.5832587504,132.1771953845,19539514,0.0,1.0
30-01-2017,130.98,131.58,129.6,131.58,18956095,130.4836377108,129.1088673638,131.0813639485,18956095,0.0,1.0
31-01-2017,130.32,130.66,129.5157,130.17,19790484,129.8261388492,129.0248868274,129.6767072897,19790484,0.0,1.0
01-02-2017,133.23,133.49,130.68,132.25,50139775,132.7251111025,130.1847745919,131.7488249141,50139775,0.0,1.0
02-02-2017,130.84,135.49,130.4,133.22,54366447,130.3441682553,129.9058356809,132.7151489985,54366447,0.0,1.0
03-02-2017,130.98,132.85,130.76,131.24,24804890,130.4836377108,130.2644714236,130.7426524138,24804890,0.0,1.0
06-02-2017,132.06,132.06,130.3,130.98,17058494,131.5595449388,129.8062146413,130.4836377108,17058494,0.0,1.0
07-02-2017,131.84,133.0,131.661,132.24,14596449,131.3403786516,131.1620569907,131.7388628101,14596449,0.0,1.0
08-02-2017,134.2,134.44,132.44,132.6,22390556,133.6914351869,131.9381048894,132.0974985528,22390556,0.0,1.0
09-02-2017,134.14,134.5,133.31,134.49,16470609,133.6316625631,132.8048079342,133.9803362019,16470609,0.0,1.0
10-02-2017,134.19,134.94,133.68,134.1,15061939,133.681473083,133.1734057808,133.5918141473,15061939,0.0,1.0
13-02-2017,134.05,134.6975,133.7,134.6975,13526221,133.5420036275,133.1933299888,134.1870498591,13526221,0.0,1.0
14-02-2017,133.85,134.23,132.55,134.1,14364877,133.3427615482,132.047688033,133.5918141473,14364877,0.0,1.0
15-02-2017,133.44,133.7,132.66,133.45,13226534,132.9343152857,132.1572711766,132.9442773897,13226534,0.0,1.0
16-02-2017,133.84,133.87,133.022,133.07,12831092,133.3327994442,132.5178993401,132.5657174391,12831092,0.0,1.0
17-02-2017,133.53,134.0912,133.17,133.5,12276490,133.0239742214,132.6653384787,132.9940879095,12276490,0.0,1.0
21-02-2017,133.72,133.91,132.9,133.5,14759109,133.2132541967,132.3963616717,132.9940879095,14759109,0.0,1.0
22-02-2017,136.12,136.79,133.46,133.6,27360092,135.6041591479,132.9542394936,133.0937089491,27360092,0.0,1.0
23-02-2017,135.36,136.12,134.33,135.89,18422549,134.8470392467,133.8209425384,135.3750307567,18422549,0.0,1.0
24-02-2017,135.44,135.62,134.16,134.16,12625742,134.9267360784,133.6515867711,133.6515867711,12625742,0.0,1.0
27-02-2017,136.41,137.1846,135.02,135.26,14306668,135.8930601628,134.5083277119,134.747418207,14306668,0.0,1.0
28-02-2017,135.54,136.805,134.75,136.79,16112092,135.026357118,134.2393509049,136.2716201134,16112092,0.0,1.0
01-03-2017,137.42,137.48,136.3,136.47,16257010,136.8992326631,135.7834770192,135.9528327866,16257010,0.0,1.0
02-03-2017,136.76,137.82,136.31,137.09,12294804,136.2417338015,135.7934391232,136.5704832323,12294804,0.0,1.0
03-03-2017,137.17,137.33,136.08,136.63,11160563,136.650180064,135.564310732,136.11222645,11160563,0.0,1.0
06-03-2017,137.42,137.83,136.51,136.88,12748179,136.8992326631,135.9926812024,136.3612790491,12748179,0.0,1.0
07-03-2017,137.3,138.37,136.99,137.03,13527132,136.7796874155,136.4708621927,136.5107106085,13527132,0.0,1.0
08-03-2017,137.72,137.99,137.0516,137.15,10184514,137.198095782,136.5322287531,136.6302558561,10184514,0.0,1.0
09-03-2017,138.24,138.57,137.4,137.72,15535259,137.7161251881,136.8793084552,137.198095782,15535259,0.0,1.0
10-03-2017,138.79,139.49,138.22,138.91,16314113,138.2640409061,137.6962009802,138.3835861536,16314113,0.0,1.0
13-03-2017,139.6,139.68,138.6729,138.71,10955450,139.0709713271,138.1473846686,138.1843440744,10955450,0.0,1.0
14-03-2017,139.32,139.46,138.52,139.46,12944018,138.7920324161,137.995064099,138.9315018716,12944018,0.0,1.0
15-03-2017,139.72,140.1,138.49,139.29,19344826,139.1905165746,137.9651777872,138.7621461042,19344826,0.0,1.0
16-03-2017,139.99,140.25,139.73,140.2,13612942,139.4594933816,139.2004786786,139.6686975649,13612942,0.0,1.0
17-03-2017,139.84,140.34,139.7,140.34,20592818,139.3100618222,139.1705923667,139.8081670204,20592818,0.0,1.0
20-03-2017,139.94,140.19,139.25,139.71,12099471,139.4096828618,138.7222976884,139.1805544707,12099471,0.0,1.0
21-03-2017,138.51,142.3082,138.4,141.15,29894784,137.9851019951,137.8755188515,140.6150974414,29894784,0.0,1.0
22-03-2017,139.59,139.79,137.6,137.93,17055449,139.0610092231,137.0785505344,137.4072999652,17055449,0.0,1.0
23-03-2017,139.53,140.39,139.09,139.48,13022801,139.0012365993,138.562904025,138.9514260795,13022801,0.0,1.0
24-03-2017,140.34,141.0244,139.76,140.08,16664683,139.8081670204,139.2303649905,139.5491523173,16664683,0.0,1.0
27-03-2017,140.32,140.65,138.77,139.05,12800544,139.7882428124,138.2441166981,138.5230556091,12800544,0.0,1.0
28-03-2017,141.76,141.95,140.01,140.36,14679436,141.2227857831,139.4794175896,139.8280912283,14679436,0.0,1.0
29-03-2017,142.65,142.86,141.43,141.99,16527574,142.1094130359,140.8940363524,141.4519141743,16527574,0.0,1.0
30-03-2017,142.41,142.95,141.85,142.4,12403997,141.8703225408,141.3124447188,141.8603604368,12403997,0.0,1.0
31-03-2017,142.05,142.63,141.89,142.31,11478265,141.5116867981,141.3522931347,141.7707015011,11478265,0.0,1.0
03-04-2017,142.28,142.47,140.82,141.93,13563960,141.7408151892,140.2863480106,141.3921415505,13563960,0.0,1.0
04-04-2017,141.73,142.09,141.27,141.86,12948599,141.1928994713,140.7346426889,141.3224068228,12948599,0.0,1.0
05-04-2017,141.85,143.44,141.29,142.26,17158059,141.3124447188,140.7545668969,141.7208909813,17158059,0.0,1.0
06-04-2017,141.17,142.22,140.91,142.11,15103426,140.6350216493,140.3760069463,141.5714594219,15103426,0.0,1.0
07-04-2017,140.78,141.55,140.24,141.2,11811439,140.2464995947,139.7085459807,140.6649079612,11811439,0.0,1.0
10-04-2017,141.04,141.43,140.63,141.0,9039366,140.5055142978,140.0970680353,140.4656658819,9039366,0.0,1.0
11-04-2017,139.92,141.0299,138.81,140.8,16638087,139.3897586539,138.283965114,140.2664238027,16638087,0.0,1.0
12-04-2017,139.58,140.4,139.44,139.72,11612456,139.0510471192,138.9115776637,139.1905165746,11612456,0.0,1.0
13-04-2017,139.39,140.58,139.33,139.62,10965614,138.8617671439,138.8019945201,139.090895535,10965614,0.0,1.0
17-04-2017,141.42,141.55,139.75,139.76,11519663,140.8840742484,139.2204028865,139.2303649905,11519663,0.0,1.0
18-04-2017,140.96,141.905,140.61,141.27,14807472,140.4258174661,140.0771438274,140.7346426889,14807472,0.0,1.0
19-04-2017,142.27,143.04,141.27,141.35,15563945,141.7308530853,140.7346426889,140.8143395207,15563945,0.0,1.0
20-04-2017,143.8,144.25,142.689,142.95,15968164,143.2550549916,142.1482652413,142.4082761548,15968164,0.0,1.0
21-04-2017,143.68,144.17,142.27,143.9,12382002,143.1355097441,141.7308530853,143.3546760313,12382002,0.0,1.0
24-04-2017,145.47,145.6738,144.34,144.96,14397448,144.9187263535,143.7930086057,144.4106590514,14397448,0.0,1.0
25-04-2017,146.49,147.15,145.7898,145.79,17684833,145.9348609578,145.2373144383,145.2375136803,17684833,0.0,1.0
26-04-2017,146.56,147.59,146.09,147.09,11324335,146.0045956855,145.5363767992,146.5325871956,11324335,0.0,1.0
27-04-2017,147.7,147.75,146.14,146.67,10561420,147.1402755373,145.5861873191,146.1141788291,10561420,0.0,1.0
28-04-2017,150.25,151.53,149.07,149.5,30280373,149.680612048,148.5050837803,148.9334542507,30280373,0.0,1.0
01-05-2017,152.46,152.57,151.42,151.74,24669159,151.8822370238,150.8461782117,151.1649655385,24669159,0.0,1.0
02-05-2017,152.78,153.44,151.66,153.34,21255365,152.2010243507,151.0852687068,152.7589021726,21255365,0.0,1.0
03-05-2017,151.8,153.6,151.34,153.6,21755088,151.2247381623,150.7664813799,153.0179168756,21755088,0.0,1.0
04-05-2017,150.85,151.52,148.72,150.17,36060301,150.2783382857,148.1564101416,149.6009152162,36060301,0.0,1.0
05-05-2017,150.24,151.63,149.79,151.45,17051519,149.670649944,149.2223552656,150.8760645235,17051519,0.0,1.0
08-05-2017,151.06,151.08,149.74,150.71,15662472,150.487542469,149.1725447458,150.1388688303,15662472,0.0,1.0
09-05-2017,150.48,152.59,150.21,151.49,17325999,149.9097404391,149.6407636321,150.9159129394,17325999,0.0,1.0
10-05-2017,150.29,150.52,148.86,150.23,11653395,149.7204604638,148.2958795971,149.66068784,11653395,0.0,1.0
11-05-2017,150.04,150.65,149.41,150.31,11623865,149.4714078647,148.843795315,149.7403846717,11623865,0.0,1.0
12-05-2017,150.33,150.46,149.63,150.4,9497040,149.7603088797,149.0629616022,149.8300436074,9497040,0.0,1.0
15-05-2017,150.19,151.48,149.77,150.17,14909882,149.6208394242,149.2024310577,149.6009152162,14909882,0.0,1.0
16-05-2017,149.78,150.21,149.03,150.11,14420715,149.2123931617,148.4652353644,149.5411425925,14420715,0.0,1.0
17-05-2017,144.85,148.67,144.4216,148.0,27908167,144.3010759078,143.874299374,147.4391386562,27908167,0.0,1.0
18-05-2017,147.66,148.15,144.51,144.72,21784326,147.1004271215,143.962364373,144.1715685563,21784326,0.0,1.0
19-05-2017,148.06,149.39,147.96,148.445,16101229,147.49891128,147.3992902404,147.8824522826,16101229,0.0,1.0
22-05-2017,148.24,148.59,147.69,148.08,12379481,147.6782291513,147.1303134334,147.5188354879,12379481,0.0,1.0
23-05-2017,148.07,148.81,147.25,148.52,12665886,147.508873384,146.691980859,147.9571680623,12665886,0.0,1.0
24-05-2017,150.04,150.23,148.42,148.51,17769670,149.4714078647,147.8575470227,147.9472059583,17769670,0.0,1.0
25-05-2017,151.96,152.59,149.95,150.3,19780399,151.3841318257,149.3817489291,149.7304225678,19780399,0.0,1.0
26-05-2017,152.13,152.25,151.15,152.23,14907827,151.553487593,150.5772014046,151.6531086327,14907827,0.0,1.0
30-05-2017,152.38,152.9,151.64,151.97,13145329,151.8025401921,151.0653444988,151.3940939296,13145329,0.0,1.0
31-05-2017,151.46,153.35,151.09,152.7,17709427,150.8860266275,150.5174287809,152.1213275189,17709427,0.0,1.0
01-06-2017,151.53,152.29,150.3,151.75,14459173,150.9557613552,149.7304225678,151.1749276424,14459173,0.0,1.0
02-06-2017,153.61,153.63,151.3,151.85,16787255,153.0278789796,150.7266329641,151.2745486821,16787255,0.0,1.0
05-06-2017,153.63,154.7088,153.41,153.64,12279871,153.0478031875,152.8286369003,153.0577652915,12279871,0.0,1.0
06-06-2017,152.81,154.52,152.48,153.41,13291727,152.2309106625,151.9021612318,152.8286369003,13291727,0.0,1.0
07-06-2017,153.12,153.75,152.34,153.27,11822136,152.5397358854,151.7626917763,152.6891674449,11822136,0.0,1.0
08-06-2017,154.71,154.73,153.1,154.08,17539521,154.1237104156,152.5198116775,153.4960978659,17539521,0.0,1.0
09-06-2017,149.6,155.59,146.61,154.77,35256368,149.0330752903,146.0544062053,154.1834830393,35256368,0.0,1.0
12-06-2017,148.44,149.195,144.56,148.17,33238543,147.8774712306,144.0121748929,147.6084944236,33238543,0.0,1.0
13-06-2017,150.68,151.18,148.9,150.15,20316202,150.1089825184,148.3357280129,149.5809910083,20316202,0.0,1.0
14-06-2017,150.25,152.4,149.05,151.26,20552981,149.680612048,148.4851595724,150.6867845482,20552981,0.0,1.0
15-06-2017,149.8,150.0366,146.3747,147.67,18877305,149.2323173696,145.8199978991,147.1103892254,18877305,0.0,1.0
16-06-2017,150.64,150.83,148.6,149.59,22169800,150.0691341025,148.036864894,149.0231131864,22169800,0.0,1.0
19-06-2017,152.87,153.57,151.71,151.71,18678807,152.2906832863,151.1350792266,151.1350792266,18678807,0.0,1.0
20-06-2017,152.25,153.84,152.21,152.88,14557895,151.6730328406,151.6331844247,152.3006453903,14557895,0.0,1.0
21-06-2017,153.91,154.08,151.88,152.36,14760242,153.3267420985,151.304434994,151.7826159842,14760242,0.0,1.0
22-06-2017,153.4,154.55,152.91,153.01,12783958,152.8186747964,152.3305317022,152.4301527418,12783958,0.0,1.0
23-06-2017,155.07,155.2,152.65,152.72,16192249,154.4823461582,152.0715169991,152.1412517269,16192249,0.0,1.0
26-06-2017,153.59,156.5,153.1954,156.25,17934289,153.0079547717,152.6148501493,155.6578744259,17934289,0.0,1.0
27-06-2017,150.58,153.31,150.39,152.84,19274022,150.0093614787,149.8200815034,152.2607969744,19274022,0.0,1.0
28-06-2017,153.24,153.47,149.86,150.92,16621566,152.659281133,149.2920899934,150.3480730135,16621566,0.0,1.0
29-06-2017,151.04,152.5,148.9175,152.28,23771610,150.467618261,148.3531616948,151.7029191525,23771610,0.0,1.0
30-06-2017,150.98,151.92,150.06,151.9,14540013,150.4078456373,149.4913320726,151.3243592019,14540013,0.0,1.0
03-07-2017,148.43,152.15,147.8,151.72,13860113,147.8675091266,147.239896577,151.1450413305,13860113,0.0,1.0
05-07-2017,150.34,150.85,148.13,149.0,14037692,149.7702709836,147.5686460077,148.4353490525,14037692,0.0,1.0
06-07-2017,148.82,150.04,148.0,149.03,14788811,148.2560311812,147.4391386562,148.4652353644,14788811,0.0,1.0
07-07-2017,151.44,151.99,149.19,149.25,13229352,150.8661024196,148.6246290278,148.6844016516,13229352,0.0,1.0
10-07-2017,153.5,153.98,151.51,151.69,13296447,152.918295836,150.9358371473,151.1151550187,13296447,0.0,1.0
11-07-2017,155.27,155.4225,152.91,153.37,13208251,154.6815882375,152.3305317022,152.7887884845,13208251,0.0,1.0
12-07-2017,158.9,159.16,156.2,156.49,22483868,158.2978319762,155.6080639061,155.896964921,22483868,0.0,1.0
13-07-2017,159.26,159.78,158.4227,158.74,13839891,158.6564677188,157.822340754,158.1384383128,13839891,0.0,1.0
14-07-2017,159.97,160.32,159.3254,160.13,16172560,159.3637771002,158.7216198788,159.5231707636,16172560,0.0,1.0
17-07-2017,159.73,160.78,158.81,160.25,12567935,159.1246866051,158.2081730405,159.6427160112,12567935,0.0,1.0
18-07-2017,162.86,163.73,159.42,159.66,23621711,162.2428251456,158.8158613823,159.0549518774,23621711,0.0,1.0
19-07-2017,164.14,165.7,163.17,163.59,25915988,163.5179744529,162.5516503685,162.9700587349,25915988,0.0,1.0
20-07-2017,164.53,165.0,162.81,164.8,18293111,163.9064965075,162.1930146258,164.1754733145,18293111,0.0,1.0
21-07-2017,164.43,165.05,163.75,164.16,14494667,163.8068754679,163.1294523983,163.5378986608,14494667,0.0,1.0
24-07-2017,166.0,166.17,164.31,164.64,16595460,165.3709257901,163.6873302203,164.0160796511,16595460,0.0,1.0
25-07-2017,165.28,165.54,163.8619,165.01,15164613,164.6536543047,163.2409283417,164.3846774977,15164613,0.0,1.0
26-07-2017,165.61,166.01,164.1,166.01,24081060,164.9824037355,163.4781260371,165.380887894,24081060,0.0,1.0
27-07-2017,170.44,175.49,167.5,174.7,68065163,169.7940999498,166.8652413846,174.0379562381,68065163,0.0,1.0
28-07-2017,172.45,173.43,169.05,169.07,24036502,171.7964828464,168.4093674989,168.4292917068,24036502,0.0,1.0
31-07-2017,169.25,172.72,168.55,172.0,25157896,168.6086095781,167.9112623007,171.348188168,25157896,0.0,1.0
01-08-2017,169.86,170.47,169.05,169.82,14051379,169.2162979199,168.4093674989,169.176449504,14051379,0.0,1.0
02-08-2017,169.3,170.55,166.91,170.3,17061845,168.658420098,166.2774772507,169.6546304943,17061845,0.0,1.0
03-08-2017,168.59,169.7,168.25,169.3,10316246,167.9511107166,167.6123991818,168.658420098,10316246,0.0,1.0
04-08-2017,169.62,170.06,168.69,168.97,10360774,168.9772074248,168.0507317562,168.3296706672,10360774,0.0,1.0
07-08-2017,171.98,172.06,169.66,169.95,12504157,171.3282639601,169.0170558406,169.3059568556,12504157,0.0,1.0
08-08-2017,171.23,173.05,170.62,171.88,13813683,170.5811061629,169.9734178211,171.2286429205,13813683,0.0,1.0
09-08-2017,171.18,171.45,169.56,169.98,10597084,170.531295643,168.917434801,169.3358431675,10597084,0.0,1.0
10-08-2017,167.4,170.59,166.85,170.06,20353485,166.7656203449,166.217704627,169.4155399992,20353485,0.0,1.0
11-08-2017,168.08,168.82,166.85,167.95,13664032,167.4430434144,166.217704627,167.3135360629,13664032,0.0,1.0
14-08-2017,170.75,171.08,169.29,170.09,12786286,170.1029251726,168.648457994,169.4454263111,12786286,0.0,1.0
15-08-2017,171.0,171.5,170.01,171.49,8621787,170.3519777717,169.3657294793,170.8401208659,8621787,0.0,1.0
16-08-2017,170.0,171.38,169.24,171.25,15580549,169.3557673754,168.5986474742,170.6010303708,15580549,0.0,1.0
17-08-2017,166.91,169.86,166.85,169.34,16791591,166.2774772507,166.217704627,168.6982685138,16791591,0.0,1.0
18-08-2017,167.41,168.67,166.21,166.84,14933261,166.7755824489,165.5801299733,166.207742523,14933261,0.0,1.0
21-08-2017,167.78,168.0,165.82,167.16,11880823,167.1441802955,165.1916079187,166.5265298498,11880823,0.0,1.0
22-08-2017,169.64,169.87,167.15,168.28,11333260,168.9971316327,166.5165677459,167.6422854937,11333260,0.0,1.0
23-08-2017,168.71,169.36,168.2,168.84,9756817,168.0706559641,167.562588662,168.2001633156,9756817,0.0,1.0
24-08-2017,167.74,169.29,166.41,168.88,13552865,167.1043318797,165.7793720526,168.2400117315,13552865,0.0,1.0
25-08-2017,166.32,168.38,166.18,167.86,12391910,165.6897131169,165.5502436614,167.2238771272,12391910,0.0,1.0
28-08-2017,167.24,167.7,166.33,166.91,8360380,166.6062266815,165.6996752209,166.2774772507,8360380,0.0,1.0
29-08-2017,168.05,168.425,165.0,165.25,10992617,167.4131571026,164.3747153938,164.6237679928,10992617,0.0,1.0
30-08-2017,169.92,170.18,167.63,168.17,10850005,169.2760705437,166.9947487361,167.5327023501,10850005,0.0,1.0
31-08-2017,171.97,172.15,170.06,170.4,17226465,171.3183018561,169.4155399992,169.7542515339,17226465,0.0,1.0
01-09-2017,172.02,172.92,171.31,172.4,11677589,171.368112376,170.6608029946,171.7466723266,11677589,0.0,1.0
05-09-2017,170.72,172.39,169.55,171.27,13175866,170.0730388607,168.907472697,170.6209545787,13175866,0.0,1.0
06-09-2017,172.09,172.48,169.57,170.91,13659317,171.4378471037,168.927396905,170.262318836,13659317,0.0,1.0
07-09-2017,173.21,173.3067,170.27,171.94,17922494,172.5536027476,169.6247441824,171.2884155443,17922494,0.0,1.0
08-09-2017,170.95,173.49,170.8,173.09,10936358,170.3021672519,170.1527356924,172.4340575,10936358,0.0,1.0
11-09-2017,173.51,173.89,172.2,172.4,12208441,172.8524658665,171.5474302473,171.7466723266,12208441,0.0,1.0
12-09-2017,172.96,174.0,171.75,173.76,11051768,172.3045501485,171.099135569,173.1015184656,11051768,0.0,1.0
13-09-2017,173.05,173.17,172.06,173.01,8908633,172.3942090842,171.4079607918,172.3543606683,8908633,0.0,1.0
14-09-2017,170.96,172.28,170.5,172.26,15496424,170.3121293559,169.8538725735,171.6072028711,15496424,0.0,1.0
15-09-2017,171.64,172.34,170.26,170.88,15468473,170.9895524254,169.6147820784,170.2324325242,15468473,0.0,1.0
18-09-2017,170.01,172.07,169.34,171.99,12785437,169.3657294793,168.6982685138,171.3382260641,12785437,0.0,1.0
19-09-2017,172.52,172.56,170.36,170.62,12911661,171.8662175741,169.7144031181,169.9734178211,12911661,0.0,1.0
20-09-2017,172.17,173.05,170.7,172.5,11899057,171.5175439354,170.0531146528,171.8462933662,11899057,0.0,1.0
21-09-2017,171.11,172.27,170.01,171.69,11054545,170.4615609153,169.3657294793,171.0393629452,11054545,0.0,1.0
22-09-2017,170.54,171.73,169.22,170.21,11835708,169.8937209894,168.5787232663,169.5649715586,11835708,0.0,1.0
25-09-2017,162.87,169.3,161.56,169.24,40538994,162.2527872496,160.9477516304,168.5986474742,40538994,0.0,1.0
26-09-2017,164.21,165.5,162.78,164.5,22866403,163.5877091807,162.1631283139,163.8766101956,22866403,0.0,1.0
27-09-2017,167.68,168.34,165.57,165.9,18963276,167.0445592559,164.9425553197,165.2713047504,18963276,0.0,1.0
28-09-2017,168.73,169.0696,167.16,167.94,12084865,168.0905801721,166.5265298498,167.303573959,12084865,0.0,1.0
29-09-2017,170.87,171.66,168.81,168.83,15114619,170.2224704202,168.1702770038,168.1902012117,15114619,0.0,1.0
02-10-2017,169.47,171.87,168.75,171.39,13104304,168.8277758653,168.11050438,170.7404998263,13104304,0.0,1.0
03-10-2017,169.96,170.73,169.2,169.3,8054219,169.3159189595,168.5587990583,168.658420098,8054219,0.0,1.0
04-10-2017,168.42,170.67,168.29,169.83,11829323,167.7817549492,167.6522475977,169.186411608,11829323,0.0,1.0
05-10-2017,171.24,171.31,168.6,169.18,14013869,170.5910682668,167.9610728205,168.5388748504,14013869,0.0,1.0
06-10-2017,172.23,172.37,169.75,170.25,12670089,171.5773165592,169.1067147763,169.6048199745,12670089,0.0,1.0
09-10-2017,172.5,174.88,172.0,172.7,14472612,171.8462933662,171.348188168,172.0455354455,14472612,0.0,1.0
10-10-2017,171.59,173.2,170.8,173.0,11231234,170.9397419055,170.1527356924,172.3443985644,11231234,0.0,1.0
11-10-2017,172.74,172.78,171.4,171.95,11023310,172.0853838613,170.7504619302,171.2983776482,11023310,0.0,1.0
12-10-2017,172.55,173.85,172.29,172.61,10312488,171.896103886,171.637089183,171.9558765098,10312488,0.0,1.0
13-10-2017,173.74,174.65,173.2,173.45,13305724,173.0815942576,172.5436406436,172.7926932427,13305724,0.0,1.0
16-10-2017,174.52,175.0,174.06,174.49,11225293,173.8586383668,173.4003815845,173.8287520549,11225293,0.0,1.0
17-10-2017,176.11,176.13,174.36,174.71,15381990,175.4426128969,173.6992447034,174.0479183421,15381990,0.0,1.0
18-10-2017,176.03,176.74,175.75,176.65,12655492,175.3629160652,175.0839771543,175.980566511,12655492,0.0,1.0
19-10-2017,174.56,176.03,172.63,174.93,13602869,173.8984867826,171.9758007177,174.2670846293,13602869,0.0,1.0
20-10-2017,174.98,175.88,174.63,175.5,11861307,174.3168951491,173.9682215104,174.8349245552,11861307,0.0,1.0
23-10-2017,171.27,175.34,171.25,175.2,13622072,170.6209545787,170.6010303708,174.5360614363,13622072,0.0,1.0
24-10-2017,171.8,173.24,171.5,172.3,11629341,171.1489460888,170.8500829699,171.6470512869,11629341,0.0,1.0
25-10-2017,170.6,172.25,168.89,171.9,15095603,169.9534936132,168.2499738355,171.2485671284,15095603,0.0,1.0
26-10-2017,170.63,172.285,170.39,171.38,10932929,169.9833799251,169.74428943,170.7305377223,10932929,0.0,1.0
27-10-2017,177.88,178.21,173.9,174.15,29867490,177.2059052984,173.2409879211,173.4900405201,29867490,0.0,1.0
30-10-2017,179.87,180.69,177.61,179.26,24179258,179.1883639871,176.9369284914,178.5806756454,24179258,0.0,1.0
31-10-2017,180.06,180.8,178.94,180.57,19766043,179.3776439624,178.2618883185,179.8857112645,19766043,0.0,1.0
01-11-2017,182.66,182.9,180.57,182.36,28922959,181.9677909929,179.8857112645,181.668927874,28922959,0.0,1.0
02-11-2017,178.92,181.94,177.34,180.63,35119841,178.2419641106,176.6679516844,179.9454838883,35119841,0.0,1.0
03-11-2017,178.92,179.86,176.71,179.29,17572587,178.2419641106,176.0403391347,178.6105619573,17572587,0.0,1.0
06-11-2017,180.17,180.45,178.31,178.56,13065077,179.487227106,177.6342757689,177.8833283679,13065077,0.0,1.0
07-11-2017,180.25,180.7478,178.96,180.5,12679885,179.5669239377,178.2818125265,179.8159765368,12679885,0.0,1.0
08-11-2017,179.56,180.35,179.11,179.79,10873359,178.8795387643,178.4312440859,179.1086671554,10873359,0.0,1.0
09-11-2017,179.3,179.4,177.09,178.31,12460345,178.6205240612,176.4188990853,177.6342757689,12460345,0.0,1.0
10-11-2017,178.46,179.0999,177.96,178.35,10933405,177.7837073283,177.2856021301,177.6741241847,10933405,0.0,1.0
13-11-2017,178.77,179.04,177.3,177.5,9431449,178.0925325512,176.6281032686,176.8273453478,9431449,0.0,1.0
14-11-2017,178.07,178.97,177.18,178.13,9465112,177.3951852737,176.508558021,177.4549578975,9465112,0.0,1.0
15-11-2017,177.95,178.57,176.4,176.66,10131051,177.2756400262,175.7315139119,175.9905286149,10131051,0.0,1.0
16-11-2017,179.59,179.83,178.5,178.76,15230062,178.9094250761,177.8235557442,178.0825704472,15230062,0.0,1.0
17-11-2017,179.0,179.98,178.9,179.3,12722802,178.3216609423,178.2220399027,178.6205240612,12722802,0.0,1.0
20-11-2017,178.74,179.5,178.1,178.87,10052391,178.0626462393,177.4250715856,178.1921535908,10052391,0.0,1.0
21-11-2017,181.86,181.89,178.99,179.15,14409305,181.1708226758,178.3116988384,178.4710925018,14409305,0.0,1.0
22-11-2017,180.87,181.73,180.44,181.3,10238140,180.1845743834,179.756203913,180.6129448539,10238140,0.0,1.0
24-11-2017,182.78,183.15,180.29,180.4,9426010,182.0873362404,179.6067723536,179.7163554972,9426010,0.0,1.0
27-11-2017,183.03,183.73,181.99,182.56,12249740,182.3363888395,181.3003300273,181.8681699532,12249740,0.0,1.0
28-11-2017,182.42,184.25,182.09,183.51,13761926,181.7287004978,181.399951067,182.8145698297,13761926,0.0,1.0
29-11-2017,175.13,181.97,174.0,181.89,41843917,174.4663267085,173.3406089607,181.2007089877,41843917,0.0,1.0
30-11-2017,177.18,178.28,175.2,176.85,25127073,176.508558021,174.5360614363,176.1798085902,25127073,0.0,1.0
01-12-2017,175.1,177.48,172.34,176.03,19966643,174.4364403966,171.6868997028,175.3629160652,19966643,0.0,1.0
04-12-2017,171.47,176.57,170.79,176.29,24184006,170.820196658,170.1427735885,175.6219307683,24184006,0.0,1.0
05-12-2017,172.83,175.38,169.01,170.45,20028656,172.175042797,168.369519083,169.8040620537,20028656,0.0,1.0
06-12-2017,176.06,176.77,171.9,172.5,20059293,175.3928023771,171.2485671284,171.8462933662,20059293,0.0,1.0
07-12-2017,180.14,180.39,175.8,175.8,19588217,179.4573407941,175.1337876741,175.1337876741,19588217,0.0,1.0
08-12-2017,179.0,182.28,178.74,181.53,19377310,178.3216609423,178.0626462393,180.842073245,19377310,0.0,1.0
11-12-2017,179.04,180.22,178.8,179.3,12630207,178.3615093582,178.1224188631,178.6205240612,12630207,0.0,1.0
12-12-2017,176.96,179.18,176.6,178.6,16675275,176.2893917338,175.9307559911,177.9231767838,16675275,0.0,1.0
13-12-2017,178.3,179.16,177.25,177.3,14406776,177.6243136649,176.5782927487,176.6281032686,14406776,0.0,1.0
14-12-2017,178.39,180.36,177.68,178.29,13393757,177.7139726006,177.0066632192,177.6143515609,13393757,0.0,1.0
15-12-2017,180.18,180.49,178.36,179.02,26225100,179.49718921,177.6840862887,178.3415851502,26225100,0.0,1.0
18-12-2017,180.82,181.3,179.75,181.01,17014337,180.1347638636,179.0688187396,180.3240438389,17014337,0.0,1.0
19-12-2017,179.51,180.08,178.22,179.95,14769239,178.8297282444,177.5446168332,179.2680608188,14769239,0.0,1.0
20-12-2017,177.89,179.81,177.36,179.81,11754823,177.2158674024,176.6878758923,179.1285913633,11754823,0.0,1.0
21-12-2017,177.45,178.68,177.05,177.94,11050969,176.777534828,176.3790506695,177.2656779222,11050969,0.0,1.0
22-12-2017,177.2,177.53,176.23,177.14,8462491,176.5284822289,175.5621581445,176.4687096052,8462491,0.0,1.0
26-12-2017,175.99,177.0,174.67,176.63,8726829,175.3230676494,174.0080699262,175.960642303,8726829,0.0,1.0
27-12-2017,177.62,178.44,176.26,176.55,9296258,176.9468905954,175.5920444564,175.8809454713,9296258,0.0,1.0
28-12-2017,177.92,178.94,177.68,177.95,11008996,177.2457537143,177.0066632192,177.2756400262,11008996,0.0,1.0
29-12-2017,176.46,178.85,176.46,178.0,10028758,175.7912865356,175.7912865356,177.325450546,10028758,0.0,1.0
02-01-2018,181.42,181.58,177.55,177.68,17694891,180.7324901014,176.8771558676,177.0066632192,17694891,0.0,1.0
03-01-2018,184.67,184.78,181.33,181.88,16595495,183.9701738895,180.6428311658,181.1907468837,16595495,0.0,1.0
04-01-2018,184.33,186.21,184.1,184.9,13554357,183.6314623547,183.4023339636,184.1993022806,13554357,0.0,1.0
05-01-2018,186.85,186.9,184.93,185.59,13042388,186.1419125535,184.2291885925,184.8866874541,13042388,0.0,1.0
08-01-2018,188.28,188.9,186.33,187.2,14719216,187.5664934202,185.6238831474,186.4905861922,14719216,0.0,1.0
09-01-2018,187.87,188.8,187.1,188.7,12342722,187.1580471577,186.3909651526,187.9849017867,12342722,0.0,1.0
10-01-2018,187.84,187.89,185.63,186.94,10464528,187.1281608458,184.92653587,186.2315714891,10464528,0.0,1.0
11-01-2018,187.77,188.4,187.38,188.4,8855144,187.0584261181,186.6699040635,187.6860386678,8855144,0.0,1.0
12-01-2018,179.37,181.48,177.4,178.06,76645626,178.690258789,176.7277243082,177.3852231698,76645626,0.0,1.0
16-01-2018,178.39,181.75,178.04,181.5,35027166,177.7139726006,177.3652989618,180.8121869331,35027166,0.0,1.0
17-01-2018,177.6,179.32,175.8,179.26,27356988,176.9269663875,175.1337876741,178.5806756454,27356988,0.0,1.0
18-01-2018,179.8,180.98,177.08,178.13,22783759,179.1186292594,176.4089369814,177.4549578975,22783759,0.0,1.0
19-01-2018,181.29,182.37,180.17,180.85,26266081,180.6029827499,179.487227106,180.1646501755,26266081,0.0,1.0
22-01-2018,185.37,185.39,180.41,180.8,20567285,184.6675211669,179.7263176011,180.1148396557,20567285,0.0,1.0
23-01-2018,189.35,189.55,185.55,186.05,24956444,188.6324385443,184.8468390383,185.3449442364,24956444,0.0,1.0
24-01-2018,186.55,190.66,186.52,189.89,22992031,185.8430494346,185.8131631227,189.1703921583,22992031,0.0,1.0
25-01-2018,187.48,188.62,186.6,187.95,16698537,186.7695251032,185.8928599544,187.2377439894,16698537,0.0,1.0
26-01-2018,190.0,190.0,186.81,187.75,16652197,189.2799753019,186.1020641376,187.0385019102,16652197,0.0,1.0
29-01-2018,185.98,188.84,185.63,188.75,20022931,185.2752095087,184.92653587,188.0347123065,20022931,0.0,1.0
30-01-2018,187.12,188.18,181.84,187.62,20382841,186.4108893605,181.1508984679,186.9089945586,20382841,0.0,1.0
31-01-2018,186.89,189.83,185.22,188.37,27299152,186.1817609693,184.5180896075,187.6561523559,27299152,0.0,1.0
01-02-2018,193.09,195.32,187.89,188.22,53608910,192.3582654265,187.1779713657,187.5067207964,53608910,0.0,1.0
02-02-2018,190.28,194.21,189.98,192.04,25514560,189.5589142129,189.260051094,191.3122445104,25514560,0.0,1.0
05-02-2018,181.26,190.61,180.61,186.93,29852293,180.573096438,179.9255596804,186.2216093852,29852293,0.0,1.0
06-02-2018,185.31,185.77,177.74,178.57,36829710,184.6077485431,177.0664358429,177.8932904719,36829710,0.0,1.0
07-02-2018,180.18,185.08,179.95,184.15,26891282,179.49718921,179.2680608188,183.4521444834,26891282,0.0,1.0
08-02-2018,171.58,181.84,171.48,181.01,35672214,170.9297798016,170.8301587619,180.3240438389,35672214,0.0,1.0
09-02-2018,176.11,176.9,167.18,174.76,37214470,175.4426128969,166.5464540577,174.0977288619,37214470,0.0,1.0
12-02-2018,176.41,177.55,171.84,177.06,31697374,175.7414760158,171.1887945046,176.3890127734,31697374,0.0,1.0
13-02-2018,173.15,175.97,173.1,175.62,20880702,172.4938301238,172.444019604,174.9544698027,20880702,0.0,1.0
14-02-2018,179.52,179.81,173.21,173.45,27963758,178.8396903484,172.5536027476,172.7926932427,27963758,0.0,1.0
15-02-2018,179.96,180.5,176.84,180.5,20554092,179.2780229228,176.1698464863,179.8159765368,20554092,0.0,1.0
16-02-2018,177.36,179.88,176.3,178.99,20475445,176.6878758923,175.6318928722,178.3116988384,20475445,0.0,1.0
20-02-2018,176.01,177.95,175.11,175.77,20887317,175.3429918573,174.4464025006,175.1039013622,20887317,0.0,1.0
21-02-2018,177.91,181.27,176.4,176.71,22844006,177.2357916103,175.7315139119,176.0403391347,22844006,0.0,1.0
22-02-2018,178.99,180.21,177.41,178.7,17085490,178.3116988384,176.7376864122,178.0227978234,17085490,0.0,1.0
23-02-2018,183.29,183.39,179.51,179.9,18621950,182.5954035426,178.8297282444,179.218250299,18621950,0.0,1.0
26-02-2018,184.93,185.66,183.22,184.58,17418814,184.2291885925,182.5256688148,183.8805149538,17418814,0.0,1.0
27-02-2018,181.46,184.7,181.46,184.45,15649326,180.7723385173,180.7723385173,183.7510076023,15649326,0.0,1.0
28-02-2018,178.32,182.88,178.14,182.3,18208084,177.6442378728,177.4649200015,181.6091552502,18208084,0.0,1.0
01-03-2018,175.94,180.12,174.41,179.01,23201626,175.2732571296,173.7490552232,178.3316230463,23201626,0.0,1.0
02-03-2018,176.62,177.11,172.99,173.29,20025905,175.9506801991,172.3344364604,172.6332995793,20025905,0.0,1.0
05-03-2018,180.4,181.15,175.89,176.2,16189280,179.7163554972,175.2234466097,175.5322718326,16189280,0.0,1.0
06-03-2018,179.78,182.38,179.11,181.78,15086784,179.0987050515,178.4312440859,181.0911258441,15086784,0.0,1.0
07-03-2018,183.71,183.82,178.07,178.74,19097293,183.013811909,177.3951852737,178.0626462393,19097293,0.0,1.0
08-03-2018,182.34,184.4,181.45,183.56,15336555,181.649003666,180.7623764133,182.8643803496,15336555,0.0,1.0
09-03-2018,185.23,185.51,183.21,183.91,17952177,184.5280517114,182.5157067108,183.2130539883,17952177,0.0,1.0
12-03-2018,184.76,186.1,184.22,185.23,14873538,184.0598328252,183.5218792111,184.5280517114,14873538,0.0,1.0
13-03-2018,181.88,185.99,181.11,185.61,17742312,181.1907468837,180.4236648786,184.906611662,17742312,0.0,1.0
14-03-2018,184.19,184.25,181.85,182.6,16426843,183.4919928992,181.1608605718,181.9080183691,16426843,0.0,1.0
15-03-2018,183.86,184.0,182.19,183.24,15461869,183.1632434685,181.4995721066,182.5455930227,15461869,0.0,1.0
16-03-2018,185.09,185.33,183.41,184.49,23090480,184.3885822559,182.7149487901,183.7908560181,23090480,0.0,1.0
19-03-2018,172.56,177.17,170.06,177.01,86897749,171.90606599,169.4155399992,176.3392022536,86897749,0.0,1.0
20-03-2018,168.15,170.2,161.95,167.47,128925534,167.5127781422,161.336273685,166.8353550727,128925534,0.0,1.0
21-03-2018,169.39,173.4,163.3,164.8,105350867,168.7480790336,162.68115772,164.1754733145,105350867,0.0,1.0
22-03-2018,164.89,170.27,163.72,166.13,73389988,164.2651322502,163.0995660865,165.5004331416,73389988,0.0,1.0
23-03-2018,159.39,166.6,159.02,165.44,52306891,158.7859750704,158.4173772237,164.8130479681,52306891,0.0,1.0
26-03-2018,160.06,161.1,149.02,160.82,125438294,159.4534360359,148.4552732605,160.2105559371,125438294,0.0,1.0
27-03-2018,152.22,162.85,150.75,156.31,76787884,151.6431465287,150.1787172461,155.7176470497,76787884,0.0,1.0
28-03-2018,153.03,155.88,150.8,151.65,60029170,152.4500769497,150.2285277659,151.0753066028,60029170,0.0,1.0
29-03-2018,159.79,161.42,154.14,155.15,59434293,159.1844592289,153.5558704897,154.5620429899,59434293,0.0,1.0
02-04-2018,155.39,159.2,154.11,157.81,36795991,154.8011334851,153.5259841778,157.2119626442,36795991,0.0,1.0
03-04-2018,156.11,157.39,150.81,156.55,42543865,155.5184049704,150.2384898699,155.9567375448,42543865,0.0,1.0
04-04-2018,155.1,155.56,150.51,152.03,49885584,154.5122324701,149.939626751,151.4538665534,49885584,0.0,1.0
05-04-2018,159.34,161.57,156.65,161.56,41449609,158.7361645506,156.0563585844,160.9477516304,41449609,0.0,1.0
06-04-2018,157.2,161.42,156.81,157.73,41644812,156.6042743024,156.2157522478,157.1322658125,41644812,0.0,1.0
09-04-2018,157.93,160.53,156.04,157.82,34915227,157.3315078917,155.4486702427,157.2219247481,34915227,0.0,1.0
10-04-2018,165.04,165.98,157.01,157.93,58947041,164.4145638096,156.4149943271,157.3315078917,58947041,0.0,1.0
11-04-2018,166.32,168.65,163.25,165.36,56144633,165.6897131169,162.6313472002,164.7333511364,56144633,0.0,1.0
12-04-2018,163.87,167.45,163.1,166.98,38262956,163.2489976459,162.4819156407,166.3472119785,38262956,0.0,1.0
13-04-2018,164.52,165.7,163.77,164.58,19990561,163.8965344035,163.1493766063,163.9563070273,19990561,0.0,1.0
16-04-2018,164.83,165.78,163.39,165.72,18119435,164.2053596264,162.7708166557,165.0919868791,18119435,0.0,1.0
17-04-2018,168.66,169.0,165.66,165.83,22743029,168.0208454443,165.0322142553,165.2015700227,22743029,0.0,1.0
18-04-2018,166.36,168.12,165.77,166.88,20969568,165.7295615328,165.1417973989,166.2475909388,20969568,0.0,1.0
19-04-2018,168.1,168.33,165.2,166.2,22234961,167.4629676224,164.573957473,165.5701678693,22234961,0.0,1.0
20-04-2018,166.28,168.43,165.81,167.79,19119438,165.6498647011,165.1816458148,167.1541423995,19119438,0.0,1.0
23-04-2018,165.84,168.45,165.09,167.27,23088102,165.2115321267,164.4643743294,166.6361129934,23088102,0.0,1.0
24-04-2018,159.69,166.1,158.19,165.43,35079926,159.0848381893,157.5905225948,164.8030858642,35079926,0.0,1.0
25-04-2018,159.69,161.06,156.19,160.14,41083581,159.0848381893,155.5981018021,159.5331328676,41083581,0.0,1.0
26-04-2018,174.16,176.27,170.8,173.22,77556934,173.5000026241,170.1527356924,172.5635648516,77556934,0.0,1.0
27-04-2018,173.59,177.1,172.6,176.81,29804657,172.9321626982,171.9459144058,176.1399601744,29804657,0.0,1.0
30-04-2018,172.0,175.72,171.71,173.79,20750478,171.348188168,171.0592871531,173.1314047775,20750478,0.0,1.0
01-05-2018,173.86,174.02,170.23,172.0,26025932,173.2011395052,169.5848957665,171.348188168,26025932,0.0,1.0
02-05-2018,176.07,178.08,174.2,174.25,30424450,175.4027644811,173.53985104,173.5896615598,30424450,0.0,1.0
03-05-2018,174.02,176.12,172.12,175.13,24026071,173.3605331686,171.4677334156,174.4663267085,24026071,0.0,1.0
04-05-2018,176.61,176.98,173.06,173.08,17677844,175.9407180951,172.4041711881,172.4240953961,17677844,0.0,1.0
07-05-2018,177.97,179.5,177.17,177.35,18697195,177.2955642341,176.498595917,176.6779137884,18697195,0.0,1.0
08-05-2018,178.92,179.04,177.11,178.25,15577211,178.2419641106,176.4388232933,177.5745031451,15577211,0.0,1.0
09-05-2018,182.66,183.01,178.78,179.67,23282811,181.9677909929,178.1024946551,178.9891219079,23282811,0.0,1.0
10-05-2018,185.53,186.13,182.5,183.15,21071403,184.8269148303,181.8083973295,182.4559340871,21071403,0.0,1.0
11-05-2018,186.99,188.32,184.18,184.85,21207848,186.281382009,183.4820307953,184.1494917608,21207848,0.0,1.0
14-05-2018,186.64,187.86,186.2,187.71,15646744,185.9327083702,185.4943757959,186.9986534943,15646744,0.0,1.0
15-05-2018,184.32,185.29,183.2,184.88,15429433,183.6215002508,182.5057446069,184.1793780727,15429433,0.0,1.0
16-05-2018,183.2,184.32,182.66,183.7,16975495,182.5057446069,181.9677909929,183.003849805,16975495,0.0,1.0
17-05-2018,183.76,184.06,182.22,182.68,14840675,183.0636224288,181.5294584185,181.9877152008,14840675,0.0,1.0
18-05-2018,182.68,184.19,182.61,183.49,13130451,181.9877152008,181.9179804731,182.7946456218,13130451,0.0,1.0
21-05-2018,184.49,185.3,183.13,183.77,13532864,183.7908560181,182.4360098791,183.0735845328,13532864,0.0,1.0
22-05-2018,183.8,185.42,183.43,184.93,12731419,183.1034708447,182.734872998,184.2291885925,12731419,0.0,1.0
23-05-2018,186.9,186.91,182.18,182.5,16628100,186.1917230733,181.4896100026,181.8083973295,16628100,0.0,1.0
24-05-2018,185.93,186.8,185.03,185.88,12354742,185.2253989889,184.3288096322,185.175588469,12354742,0.0,1.0
25-05-2018,184.92,186.33,184.45,186.02,10965061,184.2192264886,183.7510076023,185.3150579245,10965061,0.0,1.0
29-05-2018,185.74,186.81,183.71,184.34,16398937,185.0361190136,183.013811909,183.6414244587,16398937,0.0,1.0
30-05-2018,187.67,188.0,185.25,186.54,13736866,186.9588050785,184.5479759194,185.8330873306,13736866,0.0,1.0
31-05-2018,191.78,192.72,187.48,187.87,30782631,191.0532298074,186.7695251032,187.1580471577,30782631,0.0,1.0
01-06-2018,193.99,194.55,192.07,193.07,17307245,193.2548547832,191.3421308223,192.3383412186,17307245,0.0,1.0
04-06-2018,193.28,193.98,191.47,191.84,18939795,192.5475454018,190.7444045845,191.1130024311,18939795,0.0,1.0
05-06-2018,192.94,195.0,192.62,194.3,15544294,192.2088338671,191.8900465403,193.5636800061,15544294,0.0,1.0
06-06-2018,191.34,192.53,189.11,191.03,22558920,190.614897233,188.3933480492,190.3060720101,22558920,0.0,1.0
07-06-2018,188.18,190.97,186.77,190.75,21503171,187.4668723806,186.0622157218,190.0271330991,21503171,0.0,1.0
08-06-2018,189.1,189.48,186.43,187.53,12677092,188.3833859452,185.723504187,186.819335623,12677092,0.0,1.0
11-06-2018,191.54,192.6,188.8,188.81,12928907,190.8141393122,188.0845228263,188.0944849303,12928907,0.0,1.0
12-06-2018,192.4,193.28,191.56,192.17,11562704,191.6708802531,190.8340635202,191.4417518619,11562704,0.0,1.0
13-06-2018,192.41,194.5,191.91,192.74,15853821,191.680842357,191.1827371589,192.0095917878,15853821,0.0,1.0
14-06-2018,196.81,197.28,192.91,193.1,19120866,196.0641681009,192.1789475552,192.3682275305,19120866,0.0,1.0
15-06-2018,195.85,197.07,194.64,195.79,21860931,195.1078061204,193.9023915409,195.0480334966,21860931,0.0,1.0
18-06-2018,198.31,199.58,194.13,194.8,16826023,197.5584836954,193.3943242387,194.0617852043,16826023,0.0,1.0
19-06-2018,197.49,197.96,193.79,196.24,19993996,196.7415911704,193.055612704,195.496328175,19993996,0.0,1.0
20-06-2018,202.0,203.55,198.81,199.1,28230933,201.2345000578,198.0565888935,198.3454899085,28230933,0.0,1.0
21-06-2018,201.5,203.39,200.09,202.76,19045717,200.7363948596,199.3317382008,201.991619959,19045717,0.0,1.0
22-06-2018,201.74,202.24,199.31,201.16,17420188,200.9754853548,198.5546940917,200.3976833249,17420188,0.0,1.0
25-06-2018,196.35,200.0,193.11,200.0,25275137,195.6059113186,192.3781896345,199.2420792652,25275137,0.0,1.0
26-06-2018,199.0,199.1,196.23,197.6,17897576,198.2458688688,195.486366071,196.851174314,17897576,0.0,1.0
27-06-2018,195.84,200.75,195.8,199.18,18734408,195.0978440164,195.0579956006,198.4251867402,18734408,0.0,1.0
28-06-2018,196.23,197.34,193.26,195.18,18172439,195.486366071,192.5276211939,194.4403451549,18172439,0.0,1.0
29-06-2018,194.32,197.6,193.96,197.32,15811602,193.583604214,193.2249684714,196.572235403,15811602,0.0,1.0
02-07-2018,197.36,197.45,192.22,193.37,13961578,196.6120838189,191.4915623817,192.6372043375,13961578,0.0,1.0
03-07-2018,192.73,195.4,192.52,194.55,13489514,191.9996296839,191.7904255006,193.8127326052,13489514,0.0,1.0
05-07-2018,198.45,198.65,194.03,194.74,19684193,197.6979531509,193.2947031991,194.0020125805,19684193,0.0,1.0
06-07-2018,203.23,203.64,197.7,198.45,19740131,202.4598388453,196.9507953536,197.6979531509,19740131,0.0,1.0
09-07-2018,204.74,205.8,202.12,204.93,18149437,203.9641165437,201.3540453054,204.153396519,18149437,0.0,1.0
10-07-2018,203.54,204.91,202.26,204.5,13190067,202.7686640682,201.4935147609,203.7250260486,13190067,0.0,1.0
11-07-2018,202.54,204.5,201.75,202.22,12927377,201.7724536718,200.9854474587,201.453666345,12927377,0.0,1.0
12-07-2018,206.92,207.08,203.19,203.43,15454706,206.1358552077,202.4199904294,202.6590809246,15454706,0.0,1.0
13-07-2018,207.32,208.43,206.45,207.81,11503401,206.5343393663,205.6676363215,207.0224824605,11503401,0.0,1.0
16-07-2018,207.23,208.72,206.84,207.5,11078209,206.4446804306,206.056158376,206.7136572376,11078209,0.0,1.0
17-07-2018,209.99,210.46,204.84,204.9,15349892,209.1942211245,204.0637375834,204.1235102072,15349892,0.0,1.0
18-07-2018,209.36,210.99,208.44,209.82,15334907,208.5666085748,207.6500950101,209.0248653571,15334907,0.0,1.0
19-07-2018,208.09,209.99,207.76,208.77,11350429,207.3014213714,206.9726719406,207.9788444409,11350429,0.0,1.0
20-07-2018,209.94,211.5,208.5,208.85,16241508,209.1444106046,207.7098676339,208.0585412726,16241508,0.0,1.0
23-07-2018,210.91,211.62,208.8,210.58,16731969,210.1107346891,208.0087307528,209.7819852583,16731969,0.0,1.0
24-07-2018,214.67,216.2,212.6,215.11,28468681,213.8564857793,211.7943302589,214.2948183536,28468681,0.0,1.0
25-07-2018,217.5,218.62,214.27,215.72,64592585,216.6757612009,213.4580016207,214.9025066954,64592585,0.0,1.0
26-07-2018,176.26,180.13,173.75,174.89,169803668,175.5920444564,173.0915563616,174.2272362134,169803668,0.0,1.0
27-07-2018,174.89,179.93,173.0,179.87,60073749,174.2272362134,172.3443985644,179.1883639871,60073749,0.0,1.0
30-07-2018,171.06,175.3,166.56,175.3,65280787,170.4117503955,165.928803612,174.6356824759,65280787,0.0,1.0
31-07-2018,172.58,174.24,170.0,170.67,40356471,171.9259901979,169.3557673754,170.0232283409,40356471,0.0,1.0
01-08-2018,171.65,175.08,170.9,173.93,34042109,170.9995145293,170.2523567321,173.2708742329,34042109,0.0,1.0
02-08-2018,176.37,176.79,170.27,170.68,32399954,175.7016276,169.6247441824,170.0331904449,32399954,0.0,1.0
03-08-2018,177.78,178.85,176.15,177.69,24763434,177.1062842588,175.4824613128,177.0166253231,24763434,0.0,1.0
06-08-2018,185.69,185.79,178.38,178.97,49716192,184.9863084937,177.7040104966,178.2917746304,49716192,0.0,1.0
07-08-2018,183.81,188.3,183.72,186.5,33398562,183.1134329486,183.023774013,185.7932389148,33398562,0.0,1.0
08-08-2018,185.18,186.85,183.76,184.75,22205230,184.4782411916,183.0636224288,184.0498707212,22205230,0.0,1.0
09-08-2018,183.09,186.57,182.48,185.85,19732120,182.3961614633,181.7884731215,185.1457021571,19732120,0.0,1.0
10-08-2018,180.26,182.1,179.42,182.04,21500410,179.5768860417,178.7400693088,181.3501405471,21500410,0.0,1.0
13-08-2018,180.05,182.61,178.9,180.1,17423264,179.3676818585,178.2220399027,179.4174923783,17423264,0.0,1.0
14-08-2018,181.11,181.99,178.62,180.71,19101995,180.4236648786,177.9431009917,180.02518072,19101995,0.0,1.0
15-08-2018,179.53,180.87,174.78,179.34,33020231,178.8496524524,174.1176530698,178.6603724771,33020231,0.0,1.0
16-08-2018,174.7,180.5,174.01,180.42,31351784,174.0379562381,173.3505710647,179.7362797051,31351784,0.0,1.0
17-08-2018,173.8,176.22,172.04,174.5,24893176,173.1413668814,171.3880365839,173.8387141589,24893176,0.0,1.0
20-08-2018,172.5,174.57,170.91,174.04,21518006,171.8462933662,170.262318836,173.3804573765,21518006,0.0,1.0
21-08-2018,172.62,174.17,171.39,172.81,19578514,171.9658386138,170.7404998263,172.1551185891,19578514,0.0,1.0
22-08-2018,173.64,174.24,172.13,172.21,16894083,172.981973218,171.4776955196,171.5573923513,16894083,0.0,1.0
23-08-2018,172.9,175.55,172.83,173.09,18053567,172.2447775247,172.175042797,172.4340575,18053567,0.0,1.0
24-08-2018,174.65,174.82,172.92,173.7,14631556,173.9881457183,172.2647017327,173.0417458418,14631556,0.0,1.0
27-08-2018,177.46,178.67,175.79,175.99,17921935,176.787496932,175.1238255701,175.3230676494,17921935,0.0,1.0
28-08-2018,176.26,178.24,175.83,178.1,15910675,175.5920444564,175.163673986,177.4250715856,15910675,0.0,1.0
29-08-2018,175.9,176.79,174.75,176.3,18678301,175.2334087137,174.0877667579,175.6318928722,18678301,0.0,1.0
30-08-2018,177.64,179.79,175.7,175.9,24216532,176.9668148033,175.0341666344,175.2334087137,24216532,0.0,1.0
31-08-2018,175.73,177.62,174.98,177.15,18065159,175.0640529463,174.3168951491,176.4786717091,18065159,0.0,1.0
04-09-2018,171.16,173.89,168.8,173.5,29808971,170.5113714351,168.1603148998,172.8425037625,29808971,0.0,1.0
05-09-2018,167.18,171.13,166.67,169.49,31226744,166.5464540577,166.0383867556,168.8477000733,31226744,0.0,1.0
06-09-2018,162.53,166.98,160.0,166.98,41514834,161.9140757148,159.3936634121,166.3472119785,41514834,0.0,1.0
07-09-2018,163.04,164.63,160.16,160.31,24300600,162.422143017,159.5530570755,159.702488635,24300600,0.0,1.0
10-09-2018,164.18,165.01,162.16,163.51,20197680,163.5578228688,161.5454778682,162.8903619032,20197680,0.0,1.0
11-09-2018,165.94,167.19,163.72,163.94,20457088,165.3111531663,163.0995660865,163.3187323737,20457088,0.0,1.0
12-09-2018,162.0,164.49,161.8,163.25,24078118,161.3860842048,161.1868421255,162.6313472002,24078118,0.0,1.0
13-09-2018,161.36,163.32,160.86,162.0,25453775,160.7485095511,160.250404353,161.3860842048,25453775,0.0,1.0
14-09-2018,162.32,162.84,160.34,161.72,21770405,161.7048715316,159.7323749469,161.1071452938,21770405,0.0,1.0
17-09-2018,160.58,162.06,159.77,161.92,21005321,159.971465442,159.164535021,161.3063873731,21005321,0.0,1.0
18-09-2018,160.3,161.76,158.87,159.39,22465236,159.692526531,158.2679456643,158.7859750704,22465236,0.0,1.0
19-09-2018,163.06,163.44,159.48,160.08,19628996,162.4420672249,158.875634006,159.4733602438,19628996,0.0,1.0
20-09-2018,166.02,166.45,164.47,164.5,18936038,165.390849998,163.8467238837,163.8766101956,18936038,0.0,1.0
21-09-2018,162.93,167.25,162.81,166.64,45994800,162.3125598734,162.1930146258,166.0085004437,45994800,0.0,1.0
24-09-2018,165.41,165.7,160.88,161.03,19222775,164.7831616563,160.2703285609,160.4197601203,19222775,0.0,1.0
25-09-2018,164.91,165.59,161.15,161.99,27622806,164.2850564581,160.5393053679,161.3761221008,27622806,0.0,1.0
26-09-2018,166.95,169.3,164.21,164.3,25252231,166.3173256666,163.5877091807,163.6773681163,25252231,0.0,1.0
27-09-2018,168.84,171.77,167.21,167.55,27266856,168.2001633156,166.5763403696,166.9150519044,27266856,0.0,1.0
28-09-2018,164.46,168.79,162.56,168.33,34265638,163.8367617797,161.9439620267,167.6920960135,34265638,0.0,1.0
01-10-2018,162.44,165.88,161.26,163.03,26407677,161.8244167792,160.6488885115,162.412180913,26407677,0.0,1.0
02-10-2018,159.33,162.28,158.67,161.58,36030977,158.7262024466,158.068703585,160.9676758383,36030977,0.0,1.0
03-10-2018,162.43,163.66,159.53,160.0,23109456,161.8144546752,158.9254445259,159.3936634121,23109456,0.0,1.0
04-10-2018,158.85,161.46,157.35,161.46,25739635,158.2480214564,156.7537058619,160.8481305908,25739635,0.0,1.0
05-10-2018,157.33,160.9,156.2,159.21,25744047,156.7337816539,155.6080639061,158.606657199,25744047,0.0,1.0
08-10-2018,157.25,158.34,154.39,155.54,24045968,156.6540848222,153.8049230887,154.9505650445,24045968,0.0,1.0
09-10-2018,157.9,160.59,157.42,157.69,18844425,157.3016215798,156.8234405896,157.0924173966,18844425,0.0,1.0
10-10-2018,151.38,157.69,151.31,156.82,30609970,150.8063297958,150.7365950681,156.2257143518,30609970,0.0,1.0
11-10-2018,153.35,154.81,149.16,150.13,35338901,152.7688642766,148.594742716,149.5610668004,35338901,0.0,1.0
12-10-2018,153.74,156.89,151.3,156.73,25293492,153.1573863311,150.7266329641,156.1360554161,25293492,0.0,1.0
15-10-2018,153.52,155.57,152.55,153.32,15433521,152.9382200439,151.9718959595,152.7389779647,15433521,0.0,1.0
16-10-2018,158.78,159.46,155.01,155.4,19180095,158.1782867286,154.4225735345,154.811095589,19180095,0.0,1.0
17-10-2018,159.42,160.49,157.95,159.56,17592003,158.8158613823,157.3514320997,158.9553308377,17592003,0.0,1.0
18-10-2018,154.92,158.66,153.28,158.51,21675084,154.3329145988,152.6991295488,157.9093099216,21675084,0.0,1.0
19-10-2018,154.05,157.35,153.55,155.86,19761347,153.466211554,152.9681063558,155.2693523713,19761347,0.0,1.0
22-10-2018,154.78,157.34,154.46,154.76,15424658,154.1934451433,153.8746578165,154.1735209354,15424658,0.0,1.0
23-10-2018,154.39,154.77,150.85,151.22,19095032,153.8049230887,150.2783382857,150.6469361324,19095032,0.0,1.0
24-10-2018,146.04,154.65,145.6,154.28,27744597,145.4865662794,145.048233705,153.6953399451,27744597,0.0,1.0
25-10-2018,150.95,152.21,147.0,147.73,22105696,150.3779593254,146.4429282599,147.1701618492,22105696,0.0,1.0
26-10-2018,145.37,149.0,143.8,145.82,31303341,144.8191053139,143.2550549916,145.2673999922,31303341,0.0,1.0
29-10-2018,142.09,148.83,139.03,148.5,31336784,141.5515352139,138.5031314012,147.9372438544,31336784,0.0,1.0
30-10-2018,146.22,146.64,139.74,139.94,50528278,145.6658841508,139.2104407826,139.4096828618,50528278,0.0,1.0
31-10-2018,151.79,156.4,148.96,155.0,60101251,151.2147760583,148.3955006367,154.4126114305,60101251,0.0,1.0
01-11-2018,151.75,152.75,149.35,151.52,25640786,151.1749276424,148.7840226913,150.9457992513,25640786,0.0,1.0
02-11-2018,150.35,154.13,148.96,151.8,24708695,149.7802330876,148.3955006367,151.2247381623,24708695,0.0,1.0
05-11-2018,148.68,150.19,147.44,150.1,15969849,148.1165617257,146.8812608343,149.5311804885,15969849,0.0,1.0
06-11-2018,149.94,150.97,148.0,149.31,16667124,149.3717868251,147.4391386562,148.7441742754,16667124,0.0,1.0
07-11-2018,151.53,153.01,149.83,151.57,21877372,150.9557613552,149.2622036815,150.9956097711,21877372,0.0,1.0
08-11-2018,147.87,150.94,146.74,150.49,24145814,147.3096313047,146.1839135568,149.9197025431,24145814,0.0,1.0
09-11-2018,144.96,147.76,144.07,146.75,17326898,144.4106590514,143.5240317987,146.1938756608,17326898,0.0,1.0
12-11-2018,141.55,145.04,140.49,144.48,18542123,141.0135815999,139.9575985798,143.9324780612,18542123,0.0,1.0
13-11-2018,142.16,144.88,141.62,142.0,15141710,141.6212699417,141.0833163277,141.4618762783,15141710,0.0,1.0
14-11-2018,144.22,145.58,141.55,143.7,22068384,143.6734633581,141.0135815999,143.155433952,22068384,0.0,1.0
15-11-2018,143.85,144.84,140.83,142.33,30320280,143.3048655115,140.2963101146,141.7906257091,30320280,0.0,1.0
16-11-2018,139.53,141.77,137.77,141.07,37250560,139.0012365993,137.2479063018,140.5354006097,37250560,0.0,1.0
19-11-2018,131.55,137.75,131.21,137.61,44362729,131.0514776367,130.7127661019,137.0885126384,44362729,0.0,1.0
20-11-2018,132.43,134.16,126.85,127.03,41939475,131.9281427854,126.3692887739,126.5486066453,41939475,0.0,1.0
21-11-2018,134.82,137.19,134.13,134.4,25469735,134.3090856326,133.6217004592,133.8906772662,25469735,0.0,1.0
23-11-2018,131.73,134.5,131.2551,133.65,11886128,131.230795508,130.7576951908,133.1435194689,11886128,0.0,1.0
26-11-2018,136.38,137.0,132.78,133.0,24263640,135.8631738509,132.2768164241,132.4959827113,24263640,0.0,1.0
27-11-2018,135.0,136.61,133.71,135.75,20750318,134.488403504,133.2032920927,135.2355613012,20750318,0.0,1.0
28-11-2018,136.76,136.79,131.85,136.28,29847505,136.2417338015,131.3503407556,135.7635528113,29847505,0.0,1.0
29-11-2018,138.68,139.99,135.66,135.92,24238713,138.1544577625,135.1459023656,135.4049170686,24238713,0.0,1.0
30-11-2018,140.61,140.97,137.36,138.26,25732577,140.0771438274,136.8394600393,137.736049396,25732577,0.0,1.0
03-12-2018,141.09,143.68,140.76,143.0,24819226,140.5553248176,140.2265753868,142.4580866746,24819226,0.0,1.0
04-12-2018,137.93,143.39,137.16,140.73,30307400,137.4072999652,136.64021796,140.1966890749,30307400,0.0,1.0
06-12-2018,139.63,139.7,133.67,133.82,28218145,139.100857639,133.1634436769,133.3128752363,28218145,0.0,1.0
07-12-2018,137.42,140.87,136.66,139.25,21195460,136.8992326631,136.1421127619,138.7222976884,21195460,0.0,1.0
10-12-2018,141.85,143.05,139.01,139.6,26422173,141.3124447188,138.4832071932,139.0709713271,26422173,0.0,1.0
11-12-2018,142.08,143.88,141.1,143.88,20300349,141.54157311,140.5652869216,143.3347518234,20300349,0.0,1.0
12-12-2018,144.5,147.19,142.51,143.08,23696936,143.9524022691,141.9699435804,142.5377835063,23696936,0.0,1.0
13-12-2018,145.01,145.85,143.19,145.57,18148610,144.4604695712,142.6473666499,145.0183473931,18148610,0.0,1.0
14-12-2018,144.06,146.01,142.51,143.34,21785820,143.5140696947,141.9699435804,142.7967982093,21785820,0.0,1.0
17-12-2018,140.19,144.92,138.42,143.08,24333959,139.6587354609,137.8954430594,142.5377835063,24333959,0.0,1.0
18-12-2018,143.66,145.93,139.83,141.08,24709084,143.1155855362,139.3000997182,140.5453627136,24709084,0.0,1.0
19-12-2018,133.24,144.91,132.5,141.21,57404894,132.7350732064,131.9978775132,140.6748700652,57404894,0.0,1.0
20-12-2018,133.4,135.57,130.0,130.7,40297944,132.8944668699,129.5073515224,130.2046987998,40297944,0.0,1.0
21-12-2018,124.95,134.9,123.42,133.39,56901491,124.4764890209,122.9522871145,132.8845047659,56901491,0.0,1.0
24-12-2018,124.06,129.74,123.02,123.1,22066002,123.5898617682,122.553802956,122.6334997877,22066002,0.0,1.0
26-12-2018,134.18,134.24,125.89,126.0,39723370,133.671510979,125.4129267935,125.5225099371,39723370,0.0,1.0
27-12-2018,134.52,134.99,129.67,132.44,31202509,134.0102225137,129.1786020916,131.9381048894,31202509,0.0,1.0
28-12-2018,133.2,135.92,132.2,135.34,22627569,132.6952247906,131.6990143943,134.8271150387,22627569,0.0,1.0
31-12-2018,131.09,134.64,129.95,134.45,24625308,130.5932208543,129.4575410025,133.940487786,24625308,0.0,1.0
02-01-2019,135.68,137.51,128.56,128.99,28146193,135.1658265735,128.0728085516,128.5011790221,28146193,0.0,1.0
03-01-2019,131.74,137.17,131.12,134.69,22717948,131.240757612,130.6231071662,134.1795782811,22717948,0.0,1.0
04-01-2019,137.95,138.0,133.75,134.01,29002059,137.4272241731,133.2431405086,133.5021552116,29002059,0.0,1.0
07-01-2019,138.05,138.87,135.91,137.56,20089337,137.5268452128,135.3949549646,137.0387021186,20089337,0.0,1.0
08-01-2019,142.53,143.14,139.54,139.89,26263793,141.9898677883,139.0111987033,139.359872342,26263793,0.0,1.0
09-01-2019,144.23,144.7,141.27,142.95,22205879,143.6834254621,140.7346426889,142.4082761548,22205879,0.0,1.0
10-01-2019,144.2,144.56,140.84,143.08,16125004,143.6535391502,140.3062722185,142.5377835063,16125004,0.0,1.0
11-01-2019,143.8,145.36,142.57,143.15,12908031,143.2550549916,142.0297162042,142.607518234,12908031,0.0,1.0
14-01-2019,145.39,146.57,141.27,142.0,20520278,144.8390295218,140.7346426889,141.4618762783,20520278,0.0,1.0
15-01-2019,148.95,150.68,145.99,146.01,24068822,148.3855385327,145.4367557596,145.4566799675,24068822,0.0,1.0
16-01-2019,147.54,149.65,147.0,149.0,18025714,146.9808818739,146.4429282599,148.4353490525,18025714,0.0,1.0
17-01-2019,148.3,149.0,146.5,146.95,15787914,147.7380017751,145.9448230617,146.3931177401,15787914,0.0,1.0
18-01-2019,150.04,152.43,148.55,149.75,31029612,149.4714078647,147.9870543742,149.1825068498,31029612,0.0,1.0
22-01-2019,147.57,151.53,146.37,149.2,22378694,147.0107681858,145.8153157102,148.6345911318,22378694,0.0,1.0
23-01-2019,144.3,148.8,143.06,148.28,20098415,143.7531601898,142.5178592984,147.7180775672,20098415,0.0,1.0
24-01-2019,145.83,146.44,142.52,144.64,20955518,145.2773620962,141.9799056844,144.0918717246,20955518,0.0,1.0
25-01-2019,149.01,149.83,146.54,147.48,22250954,148.4453111565,145.9846714776,146.9211092501,22250954,0.0,1.0
28-01-2019,147.47,148.96,146.21,148.05,15508483,146.9111471462,145.6559220468,147.488949176,15508483,0.0,1.0
29-01-2019,144.19,148.1,143.43,148.09,17631953,143.6435770462,142.886457145,147.5287975919,17631953,0.0,1.0
30-01-2019,150.42,150.95,145.7,146.22,44613240,149.8499678153,145.1478547447,145.6658841508,44613240,0.0,1.0
31-01-2019,166.69,171.68,165.0,165.6,77233602,166.0583109635,164.3747153938,164.9724416316,77233602,0.0,1.0
01-02-2019,165.71,169.1,165.66,165.84,30806513,165.0820247751,165.0322142553,165.2115321267,30806513,0.0,1.0
04-02-2019,169.25,169.3,163.62,165.7,20036470,168.6086095781,162.9999450468,165.0720626712,20036470,0.0,1.0
05-02-2019,171.16,171.98,168.69,169.15,22556985,170.5113714351,168.0507317562,168.5089885385,22556985,0.0,1.0
06-02-2019,170.49,172.47,169.27,171.2,13281161,169.8439104696,168.6285337861,170.551219851,13281161,0.0,1.0
07-02-2019,166.38,169.24,165.25,168.2,17517609,165.7494857407,164.6237679928,167.562588662,17517609,0.0,1.0
08-02-2019,167.33,167.37,164.21,164.47,12561422,166.6958856172,163.5877091807,163.8467238837,12561422,0.0,1.0
11-02-2019,165.79,168.3,165.08,167.9,12811176,165.1617216069,164.4544122255,167.2637255431,12811176,0.0,1.0
12-02-2019,165.04,168.34,164.5,166.86,16292290,164.4145638096,163.8766101956,166.2276667309,16292290,0.0,1.0
13-02-2019,164.07,166.22,163.73,165.38,14205146,163.4482397252,163.1095281904,164.7532753444,14205146,0.0,1.0
14-02-2019,163.95,164.87,162.25,163.19,12755151,163.3286944776,161.6351368039,162.5715745764,12755151,0.0,1.0
15-02-2019,162.5,164.7,160.86,164.51,15504415,161.8841894029,160.250404353,163.8865722996,15504415,0.0,1.0
19-02-2019,162.29,164.15,160.33,160.5,14345390,161.6749852197,159.7224128429,159.8917686103,14345390,0.0,1.0
20-02-2019,162.56,163.72,161.25,162.25,11770692,161.9439620267,160.6389264075,161.6351368039,11770692,0.0,1.0
21-02-2019,160.04,162.24,159.59,161.93,15607828,159.433511828,158.9852171496,161.316349477,15607828,0.0,1.0
22-02-2019,161.89,162.41,160.31,160.58,15858468,161.2765010612,159.702488635,159.971465442,15858468,0.0,1.0
25-02-2019,164.62,166.07,162.9,163.07,18737106,163.9961554432,162.2826735615,162.4520293288,18737106,0.0,1.0
26-02-2019,164.13,166.24,163.8,164.34,13784063,163.508012349,163.1792629182,163.7172165322,13784063,0.0,1.0
27-02-2019,162.81,163.93,160.41,162.9,12697485,162.1930146258,159.8021096746,162.2826735615,12697485,0.0,1.0
28-02-2019,161.45,163.5,160.86,162.37,11114185,160.8381684868,160.250404353,161.7546820514,11114185,0.0,1.0
01-03-2019,162.28,163.13,161.69,162.6,11097770,161.6650231157,161.0772589819,161.9838104426,11097770,0.0,1.0
04-03-2019,167.37,167.5,163.83,163.9,18894689,166.735734033,163.2091492301,163.2788839578,18894689,0.0,1.0
05-03-2019,171.26,171.88,166.55,167.37,28187890,170.6109924748,165.9188415081,166.735734033,28187890,0.0,1.0
06-03-2019,172.51,173.57,171.27,172.9,21531723,171.8562554702,170.6209545787,172.2447775247,21531723,0.0,1.0
07-03-2019,169.13,171.74,167.61,171.5,18306504,168.4890643306,166.9748245282,170.8500829699,18306504,0.0,1.0
08-03-2019,169.6,169.62,165.97,166.2,13184831,168.9572832169,165.3410394782,165.5701678693,13184831,0.0,1.0
11-03-2019,172.07,174.3,171.58,171.6,18883983,171.4179228958,170.9297798016,170.9497040095,18883983,0.0,1.0
12-03-2019,171.92,173.8,171.22,172.09,12155264,171.2684913363,170.5711440589,171.4378471037,12155264,0.0,1.0
13-03-2019,173.37,174.03,172.12,172.32,11973280,172.712996411,171.4677334156,171.6669754949,11973280,0.0,1.0
14-03-2019,170.17,171.15,168.16,169.76,18037364,169.5251231428,167.5227402461,169.1166768803,18037364,0.0,1.0
15-03-2019,165.98,167.58,162.51,167.16,37126000,165.3510015822,161.8941515069,166.5265298498,37126000,0.0,1.0
18-03-2019,160.47,163.9,159.28,163.57,37524191,159.8618822984,158.6763919268,162.950134527,37524191,0.0,1.0
19-03-2019,161.57,163.82,160.82,161.48,25611488,160.9577137344,160.2105559371,160.8680547987,25611488,0.0,1.0
20-03-2019,165.44,166.12,161.24,161.5,20211474,164.8130479681,160.6289643036,160.8879790066,20211474,0.0,1.0
21-03-2019,166.08,166.39,163.75,164.89,16223007,165.4506226218,163.1294523983,164.2651322502,16223007,0.0,1.0
22-03-2019,164.34,167.42,164.09,165.65,16389185,163.7172165322,163.4681639331,165.0222521514,16389185,0.0,1.0
25-03-2019,166.29,166.54,162.0,163.0,12631230,165.659826805,161.3860842048,162.3822946011,12631230,0.0,1.0
26-03-2019,167.68,169.45,166.35,167.35,15437920,167.0445592559,165.7195994288,166.7158098251,15437920,0.0,1.0
27-03-2019,165.87,168.94,164.79,167.85,10620299,165.2414184386,164.1655112105,167.2139150233,10620299,0.0,1.0
28-03-2019,165.55,166.72,163.33,164.57,10689171,164.9226311117,162.7110440319,163.9463449233,10689171,0.0,1.0
29-03-2019,166.69,167.19,164.81,166.39,13455454,166.0583109635,164.1854354185,165.7594478446,13455454,0.0,1.0
01-04-2019,168.7,168.9,167.28,167.83,10381490,168.0606938602,166.6460750974,167.1939908154,10381490,0.0,1.0
02-04-2019,174.2,174.9,169.55,170.14,23946529,173.53985104,168.907472697,169.4952368309,23946529,0.0,1.0
03-04-2019,173.54,177.96,172.95,174.5,27590058,172.8823521784,172.2945880445,173.8387141589,27590058,0.0,1.0
04-04-2019,176.02,178.0,175.53,176.02,17847731,175.3529539613,174.8648108671,175.3529539613,17847731,0.0,1.0
05-04-2019,175.72,177.0,175.1,176.88,9594133,175.0540908424,174.4364403966,176.2096949021,9594133,0.0,1.0
08-04-2019,174.93,175.5,174.23,175.21,7297379,174.2670846293,173.5697373518,174.5460235402,7297379,0.0,1.0
09-04-2019,177.58,179.19,175.55,175.62,19751031,176.9070421795,174.884735075,174.9544698027,19751031,0.0,1.0
10-04-2019,177.82,178.79,176.54,178.18,11701479,177.1461326747,175.8709833674,177.5047684173,11701479,0.0,1.0
11-04-2019,177.51,178.4,177.0,178.24,8070967,176.8373074518,176.3292401497,177.5645410411,8070967,0.0,1.0
12-04-2019,179.1,179.63,177.95,178.0,12329812,178.4212819819,177.2756400262,177.325450546,12329812,0.0,1.0
15-04-2019,179.65,180.5,176.87,178.5,10834762,178.9691976999,176.1997327981,177.8235557442,10834762,0.0,1.0
16-04-2019,178.87,180.17,178.3,179.0,11215193,178.1921535908,177.6243136649,178.3216609423,11215193,0.0,1.0
17-04-2019,178.78,180.74,178.36,179.6,9973732,178.1024946551,177.6840862887,178.9193871801,9973732,0.0,1.0
18-04-2019,178.28,178.88,177.34,178.8,11655608,177.604389457,176.6679516844,178.1224188631,11655608,0.0,1.0
22-04-2019,181.44,181.67,178.25,178.25,13389889,180.7524143094,177.5745031451,177.5745031451,13389889,0.0,1.0
23-04-2019,183.78,184.22,181.48,182.74,19954814,183.0835466368,180.7922627252,182.0474878246,19954814,0.0,1.0
24-04-2019,182.58,185.14,181.65,184.49,37289871,181.8880941612,180.9616184926,183.7908560181,37289871,0.0,1.0
25-04-2019,193.26,198.48,192.12,196.98,54148789,192.5276211939,191.3919413421,196.2335238683,54148789,0.0,1.0
26-04-2019,191.49,192.9,189.09,192.5,22075002,190.7643287924,188.3734238412,191.7705012927,22075002,0.0,1.0
29-04-2019,194.78,195.41,190.65,190.95,19641310,194.0418609963,189.9275120595,190.2263751784,19641310,0.0,1.0
30-04-2019,193.4,197.39,192.28,194.19,23494689,192.6670906494,191.5513350055,193.4540968625,23494689,0.0,1.0
01-05-2019,193.03,196.18,193.01,194.78,15996646,192.2984928028,192.2785685948,194.0418609963,15996646,0.0,1.0
02-05-2019,192.53,194.0,189.75,193.0,13209452,191.8003876046,189.0309227028,192.2686064909,13209452,0.0,1.0
03-05-2019,195.47,196.16,193.71,194.38,14575434,194.7292461698,192.9759158723,193.6433768378,14575434,0.0,1.0
06-05-2019,193.88,194.28,190.55,191.24,13994932,193.1452716396,189.8278910199,190.5152761933,13994932,0.0,1.0
07-05-2019,189.77,192.9,187.85,192.54,16253001,189.0508469107,187.1381229498,191.8103497086,16253001,0.0,1.0
08-05-2019,189.54,190.72,188.55,189.39,12505737,188.8217185196,187.8354702272,188.6722869601,12505737,0.0,1.0
09-05-2019,188.65,189.77,186.26,187.2,12967033,187.9350912669,185.5541484196,186.4905861922,12967033,0.0,1.0
10-05-2019,188.34,190.0,184.59,188.25,12578508,187.626266044,183.8904770578,187.5366071083,12578508,0.0,1.0
13-05-2019,181.54,185.43,180.84,183.5,16833347,180.852035349,180.1546880716,182.8046077258,16833347,0.0,1.0
14-05-2019,180.73,183.49,178.1,182.52,17628142,180.045104928,177.4250715856,181.8283215374,17628142,0.0,1.0
15-05-2019,186.27,187.28,180.02,180.42,16746904,185.5641105236,179.3377955466,179.7362797051,16746904,0.0,1.0
16-05-2019,186.99,188.58,185.05,185.05,12953111,186.281382009,184.3487338401,184.3487338401,12953111,0.0,1.0
17-05-2019,185.3,187.58,184.28,184.84,10485370,184.5977864392,183.5816518349,184.1395296569,10485370,0.0,1.0
20-05-2019,182.72,184.23,181.37,181.88,10351981,182.0275636166,180.6826795816,181.1907468837,10351981,0.0,1.0
21-05-2019,184.82,185.7,183.89,184.57,7502820,184.1196054489,183.1931297804,183.8705528499,7502820,0.0,1.0
22-05-2019,185.32,186.74,183.61,184.73,9213801,184.6177106471,182.9141908694,184.0299465133,9213801,0.0,1.0
23-05-2019,180.87,183.9,179.67,182.42,12768835,180.1845743834,178.9891219079,181.7287004978,12768835,0.0,1.0
24-05-2019,181.06,183.63,180.83,182.33,8807701,180.3738543587,180.1447259676,181.6390415621,8807701,0.0,1.0
28-05-2019,184.31,184.71,181.45,181.54,14843308,183.6115381468,180.7623764133,180.852035349,14843308,0.0,1.0
29-05-2019,182.19,184.56,181.35,183.5,12797685,181.4995721066,180.6627553737,182.8046077258,12797685,0.0,1.0
30-05-2019,183.01,183.48,180.89,183.08,8581544,182.3164646316,180.2044985914,182.3861993593,8581544,0.0,1.0
31-05-2019,177.47,180.54,177.16,180.28,15226536,176.7974590359,176.4886338131,179.5968102496,15226536,0.0,1.0
03-06-2019,164.15,175.05,161.01,175.0,56059609,163.5279365569,160.3998359124,174.336819357,56059609,0.0,1.0
04-06-2019,167.5,168.28,160.84,163.71,46044256,166.8652413846,160.230480145,163.0896039825,46044256,0.0,1.0
05-06-2019,168.17,168.72,164.63,167.48,19758317,167.5327023501,164.0061175471,166.8453171766,19758317,0.0,1.0
06-06-2019,168.33,169.7,167.23,168.3,12446354,167.6920960135,166.5962645776,167.6622097016,12446354,0.0,1.0
07-06-2019,173.35,173.87,168.84,170.17,16917343,172.6930722031,168.2001633156,169.5251231428,16917343,0.0,1.0
10-06-2019,174.82,177.86,173.8,174.75,14767918,174.1575014857,173.1413668814,174.0877667579,14767918,0.0,1.0
11-06-2019,178.1,179.98,176.79,178.48,15266644,177.4250715856,176.1200359664,177.8036315362,15266644,0.0,1.0
12-06-2019,175.04,179.27,172.88,178.38,17699806,174.3766677729,172.2248533168,177.7040104966,17699806,0.0,1.0
13-06-2019,177.47,178.03,174.61,175.53,12253569,176.7974590359,173.9482973024,174.8648108671,12253569,0.0,1.0
14-06-2019,181.33,181.84,180.0,180.51,16773691,180.6428311658,179.3178713386,179.8259386408,16773691,0.0,1.0
17-06-2019,189.01,189.5,184.41,185.01,29459881,188.2937270095,183.7111591864,184.3088854242,29459881,0.0,1.0
18-06-2019,188.47,194.53,187.28,194.0,37571352,187.7557733955,186.5702830239,193.2648168872,37571352,0.0,1.0
19-06-2019,187.48,188.1,184.55,187.0,21417092,186.7695251032,183.8506286419,186.2913441129,21417092,0.0,1.0
20-06-2019,189.53,191.16,187.64,190.95,14635740,188.8117564156,186.9289187666,190.2263751784,14635740,0.0,1.0
21-06-2019,191.14,192.0,188.75,188.75,22751159,190.4156551537,188.0347123065,188.0347123065,22751159,0.0,1.0
24-06-2019,192.6,193.98,191.57,192.42,15508955,191.8701223323,190.8440256241,191.690804461,15508955,0.0,1.0
25-06-2019,188.84,193.14,188.13,192.88,16750309,188.1243712422,187.4170618608,192.1490612433,16750309,0.0,1.0
26-06-2019,187.66,190.76,187.31,189.54,12808604,186.9488429745,186.6001693358,188.8217185196,12808604,0.0,1.0
27-06-2019,189.5,198.88,188.27,189.88,11158983,188.7818701037,187.5565313163,189.1604300543,11158983,0.0,1.0
28-06-2019,193.0,193.2,189.94,190.55,16378878,192.2686064909,189.2202026781,189.8278910199,16378878,0.0,1.0
01-07-2019,193.0,195.28,191.93,195.21,14204690,192.2686064909,191.2026613668,194.4702314668,14204690,0.0,1.0
02-07-2019,195.0,195.0,192.71,193.0,9049979,194.2610272835,191.9797054759,192.2686064909,9049979,0.0,1.0
03-07-2019,197.2,197.4,194.16,194.16,10246119,196.4526901554,193.4242105506,193.4242105506,10246119,0.0,1.0
05-07-2019,196.4,197.07,194.17,196.18,11164107,195.6557218384,193.4341726546,195.4365555512,11164107,0.0,1.0
08-07-2019,195.76,196.68,193.64,195.19,9723858,195.0181471847,192.9061811445,194.4503072588,9723858,0.0,1.0
09-07-2019,199.21,199.46,194.89,194.97,14698611,198.4550730521,194.1514441399,194.2311409716,14698611,0.0,1.0
10-07-2019,202.73,202.96,199.67,200.0,20571702,201.9617336471,198.9133298344,199.2420792652,20571702,0.0,1.0
11-07-2019,201.23,203.8,200.21,203.26,13678457,200.4674180526,199.4512834484,202.4897251572,13678457,0.0,1.0
12-07-2019,204.87,205.3,199.16,199.68,15366272,204.0936238953,198.4052625322,198.9232919383,15366272,0.0,1.0
15-07-2019,203.91,205.33,201.82,204.25,16030335,203.1372619148,201.0551821865,203.4759734495,16030335,0.0,1.0
16-07-2019,203.84,205.47,203.1,203.89,12132720,203.067527187,202.3303314938,203.1173377069,12132720,0.0,1.0
17-07-2019,201.8,204.36,201.59,204.18,12083714,201.0352579785,200.8260537953,203.4062387218,12083714,0.0,1.0
18-07-2019,200.78,202.47,199.38,200.15,11956554,200.0191233743,198.6244288194,199.3915108246,11956554,0.0,1.0
19-07-2019,198.36,202.33,198.07,202.18,12098262,197.6082942152,197.3193932003,201.4138179291,12098262,0.0,1.0
22-07-2019,202.32,202.57,198.81,199.91,13589024,201.5532873846,198.0565888935,199.1524203295,13589024,0.0,1.0
23-07-2019,202.36,204.24,200.96,202.84,14583680,201.5931358005,200.1984412456,202.0713167907,14583680,0.0,1.0
24-07-2019,204.66,204.81,197.22,197.63,32532540,203.884419712,196.4726143634,196.8810606259,32532540,0.0,1.0
25-07-2019,200.71,208.66,198.26,206.7,39889869,199.9493886466,197.5086731756,205.9166889205,39889869,0.0,1.0
26-07-2019,199.75,202.88,196.25,200.19,24433985,198.9930266661,195.5062902789,199.4313592405,24433985,0.0,1.0
29-07-2019,195.94,199.63,195.3,199.0,16530801,195.1974650561,194.5598904024,198.2458688688,16530801,0.0,1.0
30-07-2019,197.04,198.71,193.5,195.39,11903558,196.293296492,192.766711689,194.6495493381,11903558,0.0,1.0
31-07-2019,194.23,198.76,192.68,196.95,14593544,193.4939452784,191.9498191641,196.2036375564,14593544,0.0,1.0
01-08-2019,192.73,198.47,190.88,194.17,17777013,191.9996296839,190.1566404507,193.4341726546,17777013,0.0,1.0
02-08-2019,189.02,192.62,188.07,191.1,15296975,188.3036891135,187.357289237,190.3758067379,15296975,0.0,1.0
05-08-2019,181.73,185.67,179.34,184.69,23086655,181.0413153243,178.6603724771,183.9900980974,23086655,0.0,1.0
06-08-2019,184.51,185.79,183.09,183.69,18035686,183.8107802261,182.3961614633,182.9938877011,18035686,0.0,1.0
07-08-2019,185.15,186.37,181.22,183.6,15833197,184.4483548797,180.5332480222,182.9042287654,15833197,0.0,1.0
08-08-2019,190.16,190.34,184.05,186.62,14828916,189.4393689653,183.3525234438,185.9127841623,14828916,0.0,1.0
09-08-2019,187.85,190.98,187.12,190.0,11058811,187.1381229498,186.4108893605,189.2799753019,11058811,0.0,1.0
12-08-2019,185.37,187.59,184.46,186.85,10936283,184.6675211669,183.7609697063,186.1419125535,10936283,0.0,1.0
13-08-2019,188.45,191.38,185.37,185.52,13653319,187.7358491876,184.6675211669,184.8169527264,13653319,0.0,1.0
14-08-2019,179.71,185.99,179.31,185.8,18903716,179.0289703237,178.6304861652,185.0958916373,18903716,0.0,1.0
15-08-2019,182.59,183.2,180.03,180.95,13059640,181.8980562651,179.3477576505,180.2642712152,13059640,0.0,1.0
16-08-2019,183.7,185.1,182.36,183.75,12844832,183.003849805,181.668927874,183.0536603249,12844832,0.0,1.0
19-08-2019,186.17,187.5,184.85,186.01,9699661,185.464489484,184.1494917608,185.3050958206,9699661,0.0,1.0
20-08-2019,183.81,186.0,182.39,185.45,10087592,183.1134329486,181.6988141859,184.7472179986,10087592,0.0,1.0
21-08-2019,183.55,185.9,183.14,185.0,8409548,182.8544182456,182.4459719831,184.2989233203,8409548,0.0,1.0
22-08-2019,182.04,184.11,179.91,183.43,10829509,181.3501405471,179.228212403,182.734872998,10829509,0.0,1.0
23-08-2019,177.75,183.13,176.66,180.84,17331221,177.0763979469,175.9905286149,180.1546880716,17331221,0.0,1.0
26-08-2019,180.36,180.5,178.24,179.4,8780477,179.6765070813,177.5645410411,178.7201451008,8780477,0.0,1.0
27-08-2019,181.3,184.04,181.01,181.93,14408946,180.6129448539,180.3240438389,181.2405574036,14408946,0.0,1.0
28-08-2019,181.76,181.95,178.92,180.53,9364533,181.0712016362,178.2419641106,179.8458628487,9364533,0.0,1.0
29-08-2019,185.57,186.08,183.47,183.77,10135033,184.8667632462,182.7747214139,183.0735845328,10135033,0.0,1.0
30-08-2019,185.67,186.8,183.46,186.78,10785722,184.9663842858,182.7647593099,186.0721778257,10785722,0.0,1.0
03-09-2019,182.39,185.67,182.11,184.0,9792187,181.6988141859,181.4198752749,183.3027129239,9792187,0.0,1.0
04-09-2019,187.14,187.75,183.89,184.65,11314571,186.4308135684,183.1931297804,183.9502496816,11314571,0.0,1.0
05-09-2019,190.9,191.36,187.94,188.53,13896621,190.1765646586,187.2277818855,187.8155460193,13896621,0.0,1.0
06-09-2019,187.49,190.21,186.35,190.21,15226820,186.7794872071,185.6438073553,189.4891794851,15226820,0.0,1.0
09-09-2019,188.76,188.98,185.85,187.73,14722402,188.0446744105,185.1457021571,187.0185777022,14722402,0.0,1.0
10-09-2019,186.17,188.1,184.55,187.44,15455867,185.464489484,183.8506286419,186.7296766873,15455867,0.0,1.0
11-09-2019,188.49,189.44,186.08,186.46,11761660,187.7756976034,185.3748305483,185.7533904989,11761660,0.0,1.0
12-09-2019,187.47,190.93,187.23,189.86,11419775,186.7595629992,186.5204725041,189.1405058464,11419775,0.0,1.0
13-09-2019,187.19,187.97,186.54,187.33,11441116,186.4806240882,185.8330873306,186.6200935437,11441116,0.0,1.0
16-09-2019,186.22,187.79,185.77,186.93,8444844,185.5143000038,185.0660053254,186.2216093852,8444844,0.0,1.0
17-09-2019,188.08,188.32,185.54,186.66,9751570,187.367251341,184.8368769343,185.9526325782,9751570,0.0,1.0
18-09-2019,188.14,189.08,186.01,188.09,9945798,187.4270239647,185.3050958206,187.3772134449,9945798,0.0,1.0
19-09-2019,190.14,191.1,188.15,188.66,10474685,189.4194447574,187.4369860687,187.9450533708,10474685,0.0,1.0
20-09-2019,189.93,193.1,188.12,190.66,20359878,189.2102405742,187.4070997568,189.9374741635,20359878,0.0,1.0
23-09-2019,186.82,190.1,185.21,189.34,14370089,186.1120262416,184.5081275035,188.6224764403,14370089,0.0,1.0
24-09-2019,181.28,188.04,180.39,187.98,18775666,180.5930206459,179.7063933932,187.2676303013,18775666,0.0,1.0
25-09-2019,182.8,183.42,177.87,181.45,18339960,182.1072604484,177.1959431945,180.7623764133,18339960,0.0,1.0
26-09-2019,180.11,181.4,177.67,181.33,16280691,179.4274544822,176.9967011152,180.6428311658,16280691,0.0,1.0
27-09-2019,177.1,180.76,175.66,180.49,14663575,176.4288611893,174.9943182186,179.8060144328,14663575,0.0,1.0
30-09-2019,178.08,178.67,176.85,177.87,11071425,177.4051473777,176.1798085902,177.1959431945,11071425,0.0,1.0
01-10-2019,175.81,179.84,174.88,179.15,17261556,175.143749778,174.2172741095,178.4710925018,17261556,0.0,1.0
02-10-2019,174.6,176.53,173.09,174.84,16374148,173.9383351985,172.4340575,174.1774256936,16374148,0.0,1.0
03-10-2019,179.38,179.84,173.63,175.57,16789319,178.7002208929,172.972011114,174.9046592829,16789319,0.0,1.0
04-10-2019,180.45,180.98,178.1,179.55,10476395,179.766166017,177.4250715856,178.8695766603,10476395,0.0,1.0
07-10-2019,179.68,181.18,178.09,180.0,9359793,178.9990840118,177.4151094817,179.3178713386,9359793,0.0,1.0
08-10-2019,177.75,180.37,177.72,178.26,10084896,177.0763979469,177.046511635,177.584465249,10084896,0.0,1.0
09-10-2019,179.85,180.72,177.94,179.16,7648874,179.1684397792,177.2656779222,178.4810546057,7648874,0.0,1.0
10-10-2019,180.03,181.61,179.17,180.32,8980978,179.3477576505,178.4910167097,179.6366586655,8980978,0.0,1.0
11-10-2019,184.19,186.49,182.14,182.15,14998754,183.4919928992,181.4497615868,181.4597236907,14998754,0.0,1.0
14-10-2019,183.28,184.62,182.57,184.2,7203665,182.5854414386,181.8781320572,183.5019550032,7203665,0.0,1.0
15-10-2019,188.89,190.38,183.66,183.8,15143119,188.174181762,182.9640013892,183.1034708447,15143119,0.0,1.0
16-10-2019,189.55,189.7,186.9,188.32,10560343,188.8316806236,186.1917230733,187.6063418361,10560343,0.0,1.0
17-10-2019,190.39,190.84,188.77,190.3,9761548,189.6684973565,188.0546365144,189.5788384208,9761548,0.0,1.0
18-10-2019,185.85,191.49,183.92,190.23,16584992,185.1457021571,183.2230160922,189.5091036931,16584992,0.0,1.0
21-10-2019,189.76,189.91,186.75,187.04,8122598,189.0408848068,186.0422915138,186.3311925288,8122598,0.0,1.0
22-10-2019,182.34,190.65,181.5,190.0,19854192,181.649003666,180.8121869331,189.2799753019,19854192,0.0,1.0
23-10-2019,186.15,186.38,182.0,182.01,12370819,185.444565276,181.3102921313,181.3202542353,12370819,0.0,1.0
24-10-2019,186.38,186.73,182.8,184.62,11505406,185.6736936672,182.1072604484,183.9203633697,11505406,0.0,1.0
25-10-2019,187.89,189.0,185.09,185.83,8061240,187.1779713657,184.3885822559,185.1257779492,8061240,0.0,1.0
28-10-2019,189.4,189.53,185.08,187.2,13377192,188.6822490641,184.378620152,186.4905861922,13377192,0.0,1.0
29-10-2019,189.31,192.53,188.47,191.69,13574874,188.5925901284,187.7557733955,190.9635708717,13574874,0.0,1.0
30-10-2019,188.25,190.45,185.98,189.56,28734559,187.5366071083,185.2752095087,188.8416427275,28734559,0.0,1.0
31-10-2019,191.65,198.09,188.25,196.7,42286529,190.9237224558,187.5366071083,195.9545849573,42286529,0.0,1.0
01-11-2019,193.62,194.11,189.91,192.85,21711829,192.8862569366,189.1903163662,192.1191749314,21711829,0.0,1.0
04-11-2019,194.72,197.37,193.81,194.55,16371292,193.9820883726,193.0755369119,193.8127326052,16371292,0.0,1.0
05-11-2019,194.32,195.75,193.6,195.37,9941954,193.583604214,192.8663327287,194.6296251302,9941954,0.0,1.0
06-11-2019,191.55,194.37,191.35,194.03,10973019,190.8241014162,190.6248593369,193.2947031991,10973019,0.0,1.0
07-11-2019,190.42,193.44,189.47,191.91,13472998,189.6983836684,188.7519837918,191.1827371589,13472998,0.0,1.0
08-11-2019,190.84,192.34,189.7,190.0,10764784,190.1167920348,188.981112183,189.2799753019,10764784,0.0,1.0
11-11-2019,189.61,190.08,188.54,189.93,8637768,188.8914532473,187.8255081233,189.2102405742,8637768,0.0,1.0
12-11-2019,194.47,195.06,189.74,190.0,17615454,193.7330357735,189.0209605989,189.2799753019,17615454,0.0,1.0
13-11-2019,193.19,195.7,192.74,194.7,11009800,192.4578864662,192.0095917878,193.9621641646,11009800,0.0,1.0
14-11-2019,193.15,194.03,191.45,192.93,9059897,192.4180380503,190.7244803766,192.1988717631,9059897,0.0,1.0
15-11-2019,195.1,195.3,193.38,194.26,11530232,194.3606483232,192.6471664415,193.5238315902,11530232,0.0,1.0
18-11-2019,197.4,198.63,193.05,194.56,16176107,196.6519322347,192.3184170107,193.8226947091,16176107,0.0,1.0
19-11-2019,199.32,200.0,196.86,197.4,19070291,198.5646561957,196.1139786207,196.6519322347,19070291,0.0,1.0
20-11-2019,197.51,199.59,195.43,198.58,12370240,196.7615153783,194.689397754,197.8274605024,12370240,0.0,1.0
21-11-2019,197.93,199.09,196.86,197.42,12130985,197.1799237448,196.1139786207,196.6718564426,12130985,0.0,1.0
22-11-2019,198.82,199.3,197.62,198.38,9959817,198.0665509975,196.8710985219,197.6282184231,9959817,0.0,1.0
25-11-2019,199.79,200.97,199.25,199.52,15286442,199.0328750819,198.4949214679,198.7638982749,15286442,0.0,1.0
26-11-2019,198.97,200.15,198.04,200.0,11748664,198.2159825569,197.2895068884,199.2420792652,11748664,0.0,1.0
27-11-2019,202.0,203.14,199.42,199.9,12760568,201.2345000578,198.6642772353,199.1424582255,12760568,0.0,1.0
29-11-2019,201.64,203.8,201.21,201.6,7985231,200.8758643151,200.4474938447,200.8360158993,7985231,0.0,1.0
02-12-2019,199.7,202.18,198.05,202.13,11542020,198.9432161463,197.2994689923,201.3640074093,11542020,0.0,1.0
03-12-2019,198.82,198.93,195.08,197.6,13014170,198.0665509975,194.3407241152,196.851174314,13014170,0.0,1.0
04-12-2019,198.71,200.03,198.05,200.0,8459939,197.9569678539,197.2994689923,199.2420792652,8459939,0.0,1.0
05-12-2019,199.36,201.29,198.21,199.86,9755350,198.6045046115,197.4588626557,199.1026098097,9755350,0.0,1.0
06-12-2019,201.05,201.57,200.06,200.5,12279525,200.2881001813,199.3018518889,199.7401844633,12279525,0.0,1.0
09-12-2019,201.34,203.14,200.21,200.65,12013218,200.5770011962,199.4512834484,199.8896160228,12013218,0.0,1.0
10-12-2019,200.87,202.05,200.15,201.66,9485568,200.10878231,199.3915108246,200.8957885231,9485568,0.0,1.0
11-12-2019,202.26,202.63,200.28,200.28,8041827,201.4935147609,199.5210181761,199.5210181761,8041827,0.0,1.0
12-12-2019,196.75,203.66,194.1,202.35,23766986,196.0043954771,193.3644379268,201.5831736965,23766986,0.0,1.0
13-12-2019,194.11,196.8,193.17,196.4,18806020,193.3744000308,192.4379622583,195.6557218384,18806020,0.0,1.0
16-12-2019,197.92,199.12,194.81,195.27,14922733,197.1699616408,194.0717473082,194.5300040905,14922733,0.0,1.0
17-12-2019,198.39,199.0,196.13,198.84,10177605,197.6381805271,195.3867450314,198.0864752054,10177605,0.0,1.0
18-12-2019,202.5,204.3,200.09,200.09,23284746,201.732605256,199.3317382008,199.3317382008,23284746,0.0,1.0
19-12-2019,206.06,206.3,202.51,202.78,16808184,205.2791142669,201.7425673599,202.0115441669,16808184,0.0,1.0
20-12-2019,206.3,207.71,203.43,207.48,27315226,205.518204762,202.6590809246,206.6937330297,27315226,0.0,1.0
23-12-2019,206.18,208.59,205.68,206.7,13353194,205.3986595145,204.9005543163,205.9166889205,13353194,0.0,1.0
24-12-2019,205.12,206.79,205.0,206.3,6046273,204.3426764943,204.2231312468,205.518204762,6046273,0.0,1.0
26-12-2019,207.79,207.82,205.31,205.57,9368273,207.0025582525,204.5319564696,204.7909711727,9368273,0.0,1.0
27-12-2019,208.1,208.93,206.59,208.67,10287634,207.3113834754,205.8071057769,207.8792234013,10287634,0.0,1.0
30-12-2019,204.41,207.9,203.9,207.86,10534441,203.635367113,203.1272998108,207.0722929803,10534441,0.0,1.0
31-12-2019,205.25,205.56,203.6,204.0,8962756,204.4721838459,202.8284366919,203.2269208505,8962756,0.0,1.0
02-01-2020,209.78,209.79,206.27,206.75,12090707,208.9850169412,205.4883184501,205.9664994404,12090707,0.0,1.0
03-01-2020,208.67,210.4,206.95,207.21,11197416,207.8792234013,206.1657415196,206.4247562227,11197416,0.0,1.0
06-01-2020,212.6,212.78,206.52,206.7,17073861,211.7943302589,205.7373710492,205.9166889205,17073861,0.0,1.0
07-01-2020,213.06,214.58,211.75,212.82,15111857,212.2525870412,210.947551422,212.0134965461,15111857,0.0,1.0
08-01-2020,215.22,216.24,212.61,213.0,13492703,214.4044014972,211.8042923628,212.1928144174,13492703,0.0,1.0
09-01-2020,218.3,218.38,216.28,217.54,12679579,217.4727295179,215.4603845173,216.7156096167,12679579,0.0,1.0
10-01-2020,218.06,219.88,217.42,219.2,12127432,217.2336390228,216.5960643692,218.3693188746,12127432,0.0,1.0
13-01-2020,221.91,221.97,219.21,219.6,14295658,221.0690490487,218.3792809786,218.7678030331,14295658,0.0,1.0
14-01-2020,219.06,222.38,218.63,221.61,13315361,218.2298494191,217.8014789487,220.7701859298,13315361,0.0,1.0
15-01-2020,221.15,221.68,220.14,220.61,10036475,220.3119291474,219.3057566472,219.7739755334,10036475,0.0,1.0
16-01-2020,221.77,222.63,220.39,222.57,10015288,220.9295795932,219.5548092462,221.7265479102,10015288,0.0,1.0
17-01-2020,222.14,222.29,220.53,222.03,15905944,221.2981774398,219.6942787017,221.1885942962,15905944,0.0,1.0
21-01-2020,221.44,222.37,219.12,222.16,14162007,220.6008301624,218.2896220429,221.3181016477,14162007,0.0,1.0
22-01-2020,221.32,222.75,221.28,222.31,12212814,220.4812849148,220.441436499,221.4675332072,12212814,0.0,1.0
23-01-2020,219.76,221.49,219.27,220.75,11195000,218.9271966966,218.4390536024,219.9134449889,11195000,0.0,1.0
24-01-2020,217.94,221.78,216.11,220.8,11905824,217.1140937752,215.29102875,219.9632555087,11905824,0.0,1.0
27-01-2020,214.87,216.06,212.5,213.1,13810655,214.0557278585,211.6947092192,212.292435457,13810655,0.0,1.0
28-01-2020,217.79,218.74,213.52,216.14,13413835,216.9646622158,212.7108438235,215.3209150619,13413835,0.0,1.0
29-01-2020,223.23,224.2,218.45,221.44,33610005,222.3840467718,217.6221610774,220.6008301624,33610005,0.0,1.0
30-01-2020,209.53,211.43,204.75,206.53,48775500,208.7359643421,203.9740786477,205.7473331532,48775500,0.0,1.0
31-01-2020,201.91,208.69,201.06,208.43,31359917,201.1448411221,200.2980622853,207.6401329062,31359917,0.0,1.0
03-02-2020,204.19,205.14,202.5,203.44,15510509,203.4162008258,201.732605256,202.6690430285,15510509,0.0,1.0
04-02-2020,209.83,210.6,205.2,206.62,19628890,209.034827461,204.4223733261,205.8369920888,19628890,0.0,1.0
05-02-2020,210.11,212.73,208.71,212.51,12538154,209.313766372,207.9190718172,211.7046713232,12538154,0.0,1.0
06-02-2020,210.85,211.19,209.34,210.47,10567533,210.0509620653,208.5466843668,209.6724021147,10567533,0.0,1.0
07-02-2020,212.33,212.82,209.93,210.3,12242530,211.5253534519,209.1344485007,209.5030463473,12242530,0.0,1.0
10-02-2020,213.06,213.8,210.66,211.52,11856350,212.2525870412,209.86168209,210.7184230308,11856350,0.0,1.0
11-02-2020,207.19,210.86,206.51,210.19,25030810,206.4048320147,205.7274089452,209.3934632037,25030810,0.0,1.0
12-02-2020,210.76,211.22,207.4,207.85,13813704,209.9613031296,206.614036198,207.0623308763,13813704,0.0,1.0
13-02-2020,213.14,214.33,209.18,209.52,15396625,212.3322838729,208.3872907034,208.7260022382,15396625,0.0,1.0
14-02-2020,214.18,214.93,212.65,214.0,10741747,213.3683426851,211.8441407787,213.1890248137,10741747,0.0,1.0
18-02-2020,217.8,217.98,213.4,213.55,15630026,216.9746243198,212.5912985759,212.7407301354,15630026,0.0,1.0
19-02-2020,217.49,218.32,216.11,217.99,12135114,216.6657990969,215.29102875,217.1639042951,12135114,0.0,1.0
20-02-2020,214.58,218.77,212.95,216.52,13109213,213.7668268436,212.1430038976,215.6994750125,13109213,0.0,1.0
21-02-2020,210.18,214.24,208.83,213.48,14098432,209.3835010998,208.0386170647,212.6709954076,14098432,0.0,1.0
24-02-2020,200.72,203.65,198.17,201.8,23080057,199.9593507505,197.4190142399,201.0352579785,23080057,0.0,1.0
25-02-2020,196.77,203.5,195.95,202.25,21433487,196.024319685,195.20742716,201.4835526569,21433487,0.0,1.0
26-02-2020,197.2,201.21,195.49,197.19,16555210,196.4526901554,194.7491703777,196.4427280515,16555210,0.0,1.0
27-02-2020,189.75,195.88,189.5,191.82,21682626,189.0309227028,188.7818701037,191.0930782232,21682626,0.0,1.0
28-02-2020,192.47,192.74,181.82,182.7,32583494,191.7406149808,181.13097426,182.0076394087,32583494,0.0,1.0
02-03-2020,196.44,196.57,188.85,194.03,24948955,195.6955702542,188.1343333461,193.2947031991,24948955,0.0,1.0
03-03-2020,185.89,197.24,183.97,196.22,27984104,185.185550573,183.2728266121,195.476403967,27984104,0.0,1.0
04-03-2020,191.76,191.83,186.39,189.17,23062473,191.0333055994,185.6836557712,188.453120673,23062473,0.0,1.0
05-03-2020,185.17,188.99,183.89,186.78,19333425,184.4682790876,183.1931297804,186.0721778257,19333425,0.0,1.0
06-03-2020,181.09,183.78,176.26,178.33,24559550,180.4037406706,175.5920444564,177.6541999768,24559550,0.0,1.0
09-03-2020,169.5,175.0,165.19,169.6,29949041,168.8576621772,164.5639953691,168.9572832169,29949041,0.0,1.0
10-03-2020,178.19,178.29,169.5,174.67,24517791,177.5147305213,168.8576621772,174.0080699262,24517791,0.0,1.0
11-03-2020,170.24,175.88,167.66,174.01,20397204,169.5948578705,167.024635048,173.3505710647,20397204,0.0,1.0
12-03-2020,154.47,166.6,154.34,159.54,43266335,153.8846199204,153.7551125689,158.9354066298,43266335,0.0,1.0
13-03-2020,170.28,170.79,157.6,163.53,35028627,169.6347062864,157.0027584609,162.9102861112,35028627,0.0,1.0
16-03-2020,146.01,159.13,143.1,152.32,39120419,145.4566799675,142.5577077142,151.7427675683,39120419,0.0,1.0
17-03-2020,149.42,153.94,140.0,150.74,34255596,148.853757419,139.4694554856,150.1687551421,34255596,0.0,1.0
18-03-2020,146.96,148.18,137.1,139.75,37553136,146.403079844,136.5804453363,139.2204028865,37553136,0.0,1.0
19-03-2020,153.13,159.93,144.8,146.62,39862312,152.5496979894,144.251265388,146.0643683093,39862312,0.0,1.0
20-03-2020,149.73,159.27,148.0,156.02,32568398,149.1625826419,147.4391386562,155.4287460347,32568398,0.0,1.0
23-03-2020,148.1,152.31,142.25,149.66,29830765,147.5387596958,141.7109288773,149.0928479141,29830765,0.0,1.0
24-03-2020,160.98,161.31,152.57,155.21,30440369,160.3699496005,151.9918201674,154.6218156137,30440369,0.0,1.0
25-03-2020,156.21,162.99,153.06,158.92,35184271,155.6180260101,152.4799632616,158.3177561841,35184271,0.0,1.0
26-03-2020,163.34,164.0,157.02,158.25,26579021,162.7210061359,156.4249564311,157.6502952186,26579021,0.0,1.0
27-03-2020,156.79,160.09,154.75,158.2,24879869,156.1958280399,154.1635588314,157.6004846987,24879869,0.0,1.0
30-03-2020,165.95,166.75,158.06,159.18,22515225,165.3211152703,157.4610152433,158.5767708871,22515225,0.0,1.0
31-03-2020,166.8,170.93,164.2,165.48,23676283,166.1678941071,163.5777470767,164.852896384,23676283,0.0,1.0
01-04-2020,159.6,164.15,158.04,161.62,19507559,158.9951792536,157.4410910353,161.0075242542,19507559,0.0,1.0
02-04-2020,158.19,161.35,155.92,159.1,20886309,157.5905225948,155.3291249951,158.4970740554,20886309,0.0,1.0
03-04-2020,154.18,157.91,150.83,157.15,25983317,153.5957189055,150.2584140778,156.5544637826,25983317,0.0,1.0
06-04-2020,165.55,166.2,158.51,160.15,28453581,164.9226311117,157.9093099216,159.5430949716,28453581,0.0,1.0
07-04-2020,168.83,173.39,166.01,171.79,31411919,168.1902012117,165.380887894,171.1389839848,31411919,0.0,1.0
08-04-2020,174.28,175.0,167.74,171.25,21664198,173.6195478717,167.1043318797,170.6010303708,21664198,0.0,1.0
09-04-2020,175.19,177.08,171.57,175.9,23534287,174.5260993323,170.9198176976,175.2334087137,23534287,0.0,1.0
13-04-2020,174.79,175.0,169.45,173.67,19355355,174.1276151738,168.8078516574,173.0118595299,19355355,0.0,1.0
14-04-2020,178.17,181.23,176.62,178.98,21011815,177.4948063134,175.9506801991,178.3017367344,21011815,0.0,1.0
15-04-2020,176.97,178.19,172.82,175.19,17423003,176.2993538378,172.165080693,174.5260993323,17423003,0.0,1.0
16-04-2020,176.25,178.05,172.51,177.95,23593229,175.5820823524,171.8562554702,177.2756400262,23593229,0.0,1.0
17-04-2020,179.24,180.28,176.66,179.2,20974750,178.5607514374,175.9905286149,178.5209030216,20974750,0.0,1.0
20-04-2020,178.24,180.5,176.77,177.41,16110664,177.5645410411,176.1001117585,176.7376864122,16110664,0.0,1.0
21-04-2020,170.8,175.38,168.34,175.25,24850528,170.1527356924,167.7020581175,174.5858719561,24850528,0.0,1.0
22-04-2020,182.28,184.78,178.14,178.45,33369931,181.5892310423,177.4649200015,177.7737452243,33369931,0.0,1.0
23-04-2020,185.13,187.05,183.15,184.08,21426604,184.4284306718,182.4559340871,183.3824097557,21426604,0.0,1.0
24-04-2020,190.07,190.41,180.83,183.23,28868528,189.3497100296,180.1447259676,182.5356309188,28868528,0.0,1.0
27-04-2020,187.5,193.75,187.41,192.66,29197750,186.7894493111,186.6997903754,191.9298949561,29197750,0.0,1.0
28-04-2020,182.91,189.2,182.56,188.66,21730986,182.216843592,181.8681699532,187.9450533708,21730986,0.0,1.0
29-04-2020,194.19,196.91,190.0,190.93,45954521,193.4540968625,189.2799753019,190.2064509705,45954521,0.0,1.0
30-04-2020,204.71,209.69,201.57,206.92,46230116,203.9342302319,200.8061295874,206.1358552077,46230116,0.0,1.0
01-05-2020,202.27,207.28,199.05,201.6,30415581,201.5034768648,198.2956793886,200.8360158993,30415581,0.0,1.0
04-05-2020,205.26,205.91,198.76,200.2,19250673,204.4821459498,198.0067783737,199.4413213444,19250673,0.0,1.0
05-05-2020,207.07,210.38,206.5,207.02,21071223,206.2852867672,205.7174468413,206.2354762474,21071223,0.0,1.0
06-05-2020,208.47,211.6,206.66,208.12,21856963,207.679981322,205.8768405047,207.3313076833,21856963,0.0,1.0
07-05-2020,211.26,211.6,209.04,211.16,15151976,210.4594083278,208.2478212479,210.3597872882,15151976,0.0,1.0
08-05-2020,212.35,213.21,210.85,212.24,12524048,211.5452776598,210.0509620653,211.4356945162,12524048,0.0,1.0
11-05-2020,213.18,215.0,210.37,210.89,12911948,212.3721322887,209.5727810751,210.0908104811,12911948,0.0,1.0
12-05-2020,210.1,215.28,210.0,213.29,14704647,209.303804268,209.2041832284,212.4817154323,14704647,0.0,1.0
13-05-2020,205.1,210.78,202.11,209.43,20684559,204.3227522864,201.3440832014,208.6363433025,20684559,0.0,1.0
14-05-2020,206.81,206.93,200.69,202.56,17178947,206.0262720641,199.9294644386,201.7923778798,17178947,0.0,1.0
15-05-2020,210.88,211.34,204.12,205.27,19383154,210.0808483772,203.346466098,204.4921080538,19383154,0.0,1.0
18-05-2020,213.19,214.64,210.94,212.15,20167443,212.3820943927,210.140621001,211.3460355805,20167443,0.0,1.0
19-05-2020,216.88,220.49,212.83,213.27,31843152,216.0581107551,212.02345865,212.4617912244,31843152,0.0,1.0
20-05-2020,229.97,231.34,223.19,223.5,50162875,229.098504843,222.344198356,222.6530235788,50162875,0.0,1.0
21-05-2020,231.39,237.2,231.2,234.72,47577915,230.5131236058,230.3238436305,233.8305042256,47577915,0.0,1.0
22-05-2020,234.91,235.99,228.74,231.51,33925564,234.0197842009,227.8731660556,230.6326688534,33925564,0.0,1.0
26-05-2020,232.2,240.9,231.67,239.77,33178318,231.3200540268,230.7920625168,238.861366727,33178318,0.0,1.0
27-05-2020,229.14,230.56,221.13,229.07,34697553,228.2716502141,220.2920049395,228.2019154864,34697553,0.0,1.0
28-05-2020,225.46,231.63,224.0,224.3,29423013,224.6055959556,223.151128777,223.4499918959,29423013,0.0,1.0
29-05-2020,225.09,227.49,222.88,225.2,23322476,224.236998109,222.0353731331,224.3465812526,23322476,0.0,1.0
01-06-2020,231.91,232.44,223.5,224.59,18223839,231.0311530119,222.6530235788,223.7388929108,18223839,0.0,1.0
02-06-2020,232.72,233.0,226.56,230.94,20919018,231.8380834329,225.7014273916,230.0648289275,20919018,0.0,1.0
03-06-2020,230.16,232.65,228.53,232.11,15380282,229.2877848183,227.6639618723,231.2303950912,15380282,0.0,1.0
04-06-2020,226.29,231.63,224.61,229.56,17041481,225.4324505846,223.7588171187,228.6900585805,17041481,0.0,1.0
05-06-2020,230.77,231.35,225.31,226.71,16750438,229.8954731601,224.4561643962,225.850858951,16750438,0.0,1.0
08-06-2020,231.4,231.55,227.41,229.03,15466499,230.5230857098,226.5482062284,228.1620670705,15466499,0.0,1.0
09-06-2020,238.67,239.77,230.41,231.52,27462872,237.7655352911,229.5368374174,230.6426309573,27462872,0.0,1.0
10-06-2020,236.73,241.21,235.28,240.96,20720709,235.8328871222,234.3883820475,240.0468570987,20720709,0.0,1.0
11-06-2020,224.43,232.89,223.55,229.94,26708163,223.5794992474,222.7028340986,229.0686185312,26708163,0.0,1.0
12-06-2020,228.58,231.66,224.5,229.9,22091387,227.7137723921,223.6492339751,229.0287701153,22091387,0.0,1.0
15-06-2020,232.5,233.77,224.8,225.09,15340264,231.6189171457,223.948097094,224.236998109,15340264,0.0,1.0
16-06-2020,235.65,238.46,233.0,237.14,15236691,234.7569798942,232.1170223439,236.2413333847,15236691,0.0,1.0
17-06-2020,235.53,237.59,231.73,235.0,19578125,234.6374346466,230.8518351406,234.1094431366,19578125,0.0,1.0
18-06-2020,235.94,236.14,232.15,234.99,15782452,235.0458809091,231.270243507,234.0994810326,15782452,0.0,1.0
19-06-2020,238.79,240.83,235.55,237.79,30081291,237.8850805386,234.6573588545,236.8888701423,30081291,0.0,1.0
22-06-2020,239.22,240.7,236.91,238.56,18917782,238.3134510091,236.0122049935,237.6559521475,18917782,0.0,1.0
23-06-2020,242.24,245.19,239.86,241.28,24017915,241.322006406,238.9510256627,240.3656444255,24017915,0.0,1.0
24-06-2020,234.02,243.22,232.68,241.2,20834904,233.1331569482,231.7982350171,240.2859475938,20834904,0.0,1.0
25-06-2020,235.68,237.3,232.74,234.62,18704339,234.7868662061,231.8580076409,233.730883186,18704339,0.0,1.0
26-06-2020,216.08,233.09,215.4,232.64,76343939,215.2611424381,214.5837193686,231.7583866012,76343939,0.0,1.0
29-06-2020,220.64,220.75,207.11,209.75,58514281,219.8038618453,206.325135183,208.9551306293,58514281,0.0,1.0
30-06-2020,227.07,227.5,218.47,220.59,33927068,226.2094946937,217.6420852853,219.7540513255,33927068,0.0,1.0
01-07-2020,237.55,239.0,227.56,228.5,43403869,236.6497796472,226.6976377879,227.6340755604,43403869,0.0,1.0
02-07-2020,233.42,240.0,232.61,239.0,30635970,232.5354307104,231.7285002893,238.0942847219,30635970,0.0,1.0
06-07-2020,240.28,240.4,232.27,233.76,26208488,239.3694340292,231.3897887546,232.8741422451,26208488,0.0,1.0
07-07-2020,240.86,247.65,238.82,239.41,27887936,239.947236059,237.9149668505,238.5027309844,27887936,0.0,1.0
08-07-2020,243.58,246.99,236.59,238.11,29793184,242.656928337,235.6934176667,237.2076574691,29793184,0.0,1.0
09-07-2020,244.5,246.53,239.24,245.0,22175054,243.5734419017,238.333375217,244.0715470998,22175054,0.0,1.0
10-07-2020,245.07,245.49,239.32,243.69,22982716,244.1412818276,238.4130720487,242.7665114806,22982716,0.0,1.0
13-07-2020,239.0,250.15,238.42,247.01,24674883,238.0942847219,237.516482692,246.0739299964,24674883,0.0,1.0
14-07-2020,239.73,240.33,232.03,236.76,23378056,238.8215183112,231.1506982595,235.8627734341,23378056,0.0,1.0
15-07-2020,240.28,244.82,238.05,241.55,19134627,239.3694340292,237.1478848454,240.6346212325,19134627,0.0,1.0
16-07-2020,240.93,241.76,236.33,238.0,18880800,240.0169707868,235.4344029637,237.0980743255,18880800,0.0,1.0
17-07-2020,242.03,244.16,237.86,241.0,18152413,241.1128022227,236.9586048701,240.0867055145,18152413,0.0,1.0
20-07-2020,245.42,246.05,235.64,240.06,20797388,244.4899554663,234.7470177902,239.150267742,20797388,0.0,1.0
21-07-2020,241.75,246.91,240.08,246.22,18646840,240.8338633118,239.1701919499,245.2869237833,18646840,0.0,1.0
22-07-2020,239.87,241.9,238.12,240.26,15427885,238.9609877667,237.2176195731,239.3495098212,15427885,0.0,1.0
23-07-2020,232.6,242.42,231.75,239.63,21771802,231.7185381854,230.8717593485,238.7218972716,21771802,0.0,1.0
24-07-2020,230.71,233.49,226.9,230.19,18325813,229.8357005363,226.0401389263,229.3176711302,18325813,0.0,1.0
27-07-2020,233.5,234.95,230.83,231.46,13163083,232.6151275421,229.9552457839,230.5828583336,13163083,0.0,1.0
28-07-2020,230.12,234.96,229.83,234.63,14170112,229.2479364025,228.9590353876,233.7408452899,14170112,0.0,1.0
29-07-2020,233.29,233.7,230.31,231.14,13588317,232.4059233588,229.4372163778,230.2640710067,13588317,0.0,1.0
30-07-2020,234.5,234.893,229.0,230.22,20615306,233.6113379384,228.1321807586,229.3475574421,20615306,0.0,1.0
31-07-2020,253.67,255.85,249.0,255.82,53030037,252.708691236,248.0563886851,254.8505435881,53030037,0.0,1.0
03-08-2020,251.96,255.4,250.33,252.65,23134103,251.0051714582,249.3813485122,251.6925566317,23134103,0.0,1.0
04-08-2020,249.83,252.8,247.43,251.56,17183533,248.8832433141,246.4923383629,250.6066872997,17183533,0.0,1.0
05-08-2020,249.12,252.2698,247.77,250.19,13088361,248.1759339327,246.8310498976,249.2418790568,13088361,0.0,1.0
06-08-2020,265.28,266.6,248.665,249.04,45241611,264.2746939373,247.7226582024,248.096237101,45241611,0.0,1.0
07-08-2020,268.44,278.89,263.43,264.08,72766364,267.4227187897,262.4317047041,263.0792414617,72766364,0.0,1.0
10-08-2020,263.0,273.86,259.69,268.04,30248826,262.0033342337,258.7058778218,267.0242346312,30248826,0.0,1.0
11-08-2020,256.13,265.915,255.13,260.185,28238283,255.1593688109,254.1631584146,259.199001968,28238283,0.0,1.0
12-08-2020,259.89,263.8973,258.1125,258.97,21428329,258.9051199011,257.1343559216,257.9886063365,21428329,0.0,1.0
13-08-2020,261.3,265.16,259.57,261.55,17373970,260.3097765599,258.5863325743,260.558829159,17373970,0.0,1.0
14-08-2020,261.24,262.65,258.6801,262.305,14792708,260.2500039362,257.6998049426,261.3109680082,14792708,0.0,1.0
17-08-2020,261.16,264.0973,259.4,262.5,13303174,260.1703071044,258.4169768069,261.5052290355,13303174,0.0,1.0
18-08-2020,262.34,265.15,259.26,260.95,18690383,261.3458353721,258.2775073514,259.9611029212,18690383,0.0,1.0
19-08-2020,262.59,267.908,261.35,261.388,23291463,261.5948879712,260.3595870797,260.3974430748,23291463,0.0,1.0
20-08-2020,269.01,269.63,261.46,261.5,20299688,267.9905587156,260.4691702233,260.5090186392,20299688,0.0,1.0
21-08-2020,267.01,270.49,266.42,268.69,15538615,265.9981379229,265.4103737891,267.6717713888,15538615,0.0,1.0
24-08-2020,271.39,277.2478,268.7701,271.07,23685603,270.3615394589,267.7515678415,270.042752132,23685603,0.0,1.0
25-08-2020,280.82,283.09,270.2601,272.41,42127240,279.7558034962,269.235921332,271.3776740631,42127240,0.0,1.0
26-08-2020,303.91,304.67,284.0,284.0,69015151,302.7583015474,282.9237525565,282.9237525565,69015151,0.0,1.0
27-08-2020,293.22,301.23,292.02,300.16,30301309,292.1088124106,290.9133599351,299.0225125612,30301309,0.0,1.0
28-08-2020,293.66,297.23,290.98,295.0,17172415,292.547144985,289.8773011229,293.8820669161,17172415,0.0,1.0
31-08-2020,293.2,296.88,291.55,293.95,17345134,292.0888882027,290.4451410488,292.836046,17345134,0.0,1.0
01-09-2020,295.44,301.49,292.71,294.71,17320872,294.3203994905,291.6007451085,293.5931659012,17320872,0.0,1.0
02-09-2020,302.5,303.6,293.05,298.88,24341369,301.3536448886,291.9394566433,297.7473632539,24341369,0.0,1.0
03-09-2020,291.12,297.6,283.63,295.99,32294092,290.0167705784,282.5551547099,294.8683152085,32294092,0.0,1.0
04-09-2020,282.73,289.0,271.14,287.25,30333671,281.6585653532,270.1124868598,286.1614363446,30333671,0.0,1.0
08-09-2020,271.16,279.3,269.42,271.28,24863997,270.1324110677,268.3990049781,270.2519563153,24863997,0.0,1.0
09-09-2020,273.72,278.48,271.35,275.77,22918769,272.6827096823,270.321691043,274.7249409948,22918769,0.0,1.0
10-09-2020,268.09,279.16,267.0319,275.51,24814669,267.074045151,266.0199549306,274.4659262917,24814669,0.0,1.0
11-09-2020,266.61,271.39,262.64,270.06,18913883,265.5996537644,261.644698491,269.0365796317,18913883,0.0,1.0
14-09-2020,266.15,276.64,265.7,270.95,24093830,265.1413969821,264.6931023038,269.9232068845,24093830,0.0,1.0
15-09-2020,272.42,274.52,269.3,270.67,18478530,271.3876361671,268.2794597305,269.6442679735,18478530,0.0,1.0
16-09-2020,263.52,272.44,261.79,267.29,29207594,262.5213636398,260.7979196541,266.2770768339,29207594,0.0,1.0
17-09-2020,254.82,261.5,250.19,258.28,31281441,253.8543331917,249.2418790568,257.301221163,31281441,0.0,1.0
18-09-2020,252.53,259.2,250.05,258.405,28130767,251.5730113842,249.1024096013,257.4257474626,28130767,0.0,1.0
21-09-2020,248.15,249.95,244.13,247.54,24709378,247.2096098482,243.204844055,246.6019215065,24709378,0.0,1.0
22-09-2020,254.75,255.32,248.22,253.31,30293103,253.784598464,247.279344576,252.3500554933,30293103,0.0,1.0
23-09-2020,249.02,257.9921,248.15,255.26,19641266,248.076312893,247.2096098482,254.2926657661,19641266,0.0,1.0
24-09-2020,249.53,252.24,245.62,246.5,20006750,248.5843801952,244.6891975455,245.5658626943,20006750,0.0,1.0
25-09-2020,254.82,255.75,246.61,249.4,18351311,253.8543331917,245.6754458379,248.4548728437,18351311,0.0,1.0
28-09-2020,256.82,259.6,254.8208,259.4,18826254,255.8467539844,253.8551301601,258.4169768069,18826254,0.0,1.0
29-09-2020,261.79,263.33,256.9,257.81,20215504,260.7979196541,255.9264508161,256.8330022768,20215504,0.0,1.0
30-09-2020,261.9,266.085,260.1,261.98,20142546,260.9075027977,259.1143240843,260.9871996294,20142546,0.0,1.0
01-10-2020,266.63,268.33,264.8,265.35,20009801,265.6195779723,263.7965129471,264.344428665,20009801,0.0,1.0
02-10-2020,259.94,265.15,259.18,261.21,16367597,258.9549304209,258.1978105197,260.2201176243,16367597,0.0,1.0
05-10-2020,264.65,264.865,260.8401,262.2,12822252,263.6470813876,259.8516193987,261.2063659166,12822252,0.0,1.0
06-10-2020,258.66,265.69,258.24,261.78,18696917,257.6797811136,257.2613727472,260.7879575502,18696917,0.0,1.0
07-10-2020,258.12,260.18,254.82,259.21,23133417,257.1418274996,253.8543331917,258.2276968316,23133417,0.0,1.0
08-10-2020,263.76,264.62,259.1488,259.75,16312762,262.7604541349,258.1667287554,258.7656504456,16312762,0.0,1.0
09-10-2020,264.45,264.75,262.17,264.52,14107803,263.4478393084,261.1764796047,263.5175740361,14107803,0.0,1.0
12-10-2020,275.75,280.18,267.87,270.2,31019256,274.7050167868,266.8548788638,269.1760490872,31019256,0.0,1.0
13-10-2020,276.14,279.1,273.39,277.58,18063343,275.0935388414,272.3539602515,276.5280818121,18063343,0.0,1.0
14-10-2020,271.82,278.75,271.5,277.62,15601154,270.7899099293,270.4711226025,276.567930228,15601154,0.0,1.0
15-10-2020,266.72,269.04,263.67,267.6,15416064,265.709236908,262.6707951992,266.5859020568,15416064,0.0,1.0
16-10-2020,265.93,271.37,265.3,267.375,16622702,264.9222306949,264.2946181452,266.3617547176,16622702,0.0,1.0
19-10-2020,261.4,268.55,259.88,265.53,13586955,260.4093975996,258.8951577971,264.5237465364,13586955,0.0,1.0
20-10-2020,267.56,269.7,262.88,263.06,18763246,266.5460536409,261.8837889861,262.0631068575,18763246,0.0,1.0
21-10-2020,278.73,283.05,276.37,279.56,28998638,277.6737237679,275.3226672326,278.5005783968,28998638,0.0,1.0
22-10-2020,278.12,282.45,275.04,279.87,16720026,277.0660354261,273.9977074054,278.8094036197,16720026,0.0,1.0
23-10-2020,284.79,285.24,276.82,278.8024,17535155,283.7107587696,275.7709619109,277.7458494006,17535155,0.0,1.0
26-10-2020,277.11,285.23,274.26,283.16,21322925,276.0598629258,273.2206632963,282.0869358236,21322925,0.0,1.0
27-10-2020,283.29,284.51,276.31,278.76,16287249,282.2164431751,275.2628946088,277.7036100798,16287249,0.0,1.0
28-10-2020,267.67,278.79,267.26,278.79,23121808,266.6556367845,266.247190522,277.7334963917,23121808,0.0,1.0
29-10-2020,280.83,283.6,273.78,276.55,32368118,279.7657656002,272.7424823061,275.5019851039,32368118,0.0,1.0
30-10-2020,263.11,276.7,259.1,274.5,47299002,262.1129173773,258.118113688,273.4597537914,47299002,0.0,1.0
02-11-2020,261.36,270.47,257.34,264.6,27165679,260.3695491837,256.3647833905,263.5972708678,27165679,0.0,1.0
03-11-2020,265.3,270.05,260.88,263.16,17961859,264.2946181452,259.8913681935,262.1627278971,17961859,0.0,1.0
04-11-2020,287.38,288.94,278.62,281.0,35364424,286.2909436961,277.5641406243,279.9351213675,35364424,0.0,1.0
05-11-2020,294.68,297.38,288.95,291.8965,23823633,293.5632795893,287.8549940183,290.7903279511,23823633,0.0,1.0
06-11-2020,293.41,294.6,288.06,293.95,13890974,292.298092386,286.9683667656,292.836046,13890974,0.0,1.0
09-11-2020,278.77,292.58,278.53,289.87,25117650,277.7135721837,277.4744816886,288.771507583,25117650,0.0,1.0
10-11-2020,272.43,274.0,264.0,273.1,29067691,271.397598271,262.99954463,272.0650592366,29067691,0.0,1.0
11-11-2020,276.48,278.4,272.48,273.47,14956950,275.4322503762,271.4474087909,272.4336570832,14956950,0.0,1.0
12-11-2020,275.08,279.75,274.43,277.18,12914206,274.0375558213,273.3900190637,276.1295976536,12914206,0.0,1.0
13-11-2020,276.95,277.76,273.1,277.72,10400101,275.9004692624,272.0650592366,276.6675512676,10400101,0.0,1.0
16-11-2020,278.96,279.41,274.63,275.05,12970352,277.902852159,273.589261143,274.0076695094,12970352,0.0,1.0
17-11-2020,275.0,277.68,273.29,277.68,15040297,273.9578589896,272.2543392119,276.6277028517,15040297,0.0,1.0
18-11-2020,271.97,277.3889,271.84,274.52,12152945,270.9393414887,270.8098341372,273.4796779994,12152945,0.0,1.0
19-11-2020,272.94,273.47,269.19,271.025,12963658,271.9056655732,268.1698765869,269.9979226642,12963658,0.0,1.0
20-11-2020,269.7,273.0,269.41,272.56,18122412,268.6779438891,268.3890428741,271.5271056226,18122412,0.0,1.0
23-11-2020,268.43,270.9471,264.53,270.89,20990786,267.4127566857,263.5275361401,269.8634342607,20990786,0.0,1.0
24-11-2020,276.92,277.8199,267.87,268.49,16852501,275.8705829505,266.8548788638,267.4725293095,16852501,0.0,1.0
25-11-2020,275.59,280.18,272.65,278.14,12467009,274.5456231234,271.6167645582,277.0859596341,12467009,0.0,1.0
27-11-2020,277.81,279.13,274.82,277.39,7808426,276.7572102033,273.7785411183,276.3388018368,7808426,0.0,1.0
30-11-2020,276.97,277.7,271.01,276.03,16693336,275.9203934704,269.9829795083,274.9839556978,16693336,0.0,1.0
01-12-2020,286.55,289.3,278.96,279.16,20602115,285.4640890672,277.902852159,278.1020942383,20602115,0.0,1.0
02-12-2020,287.52,291.78,280.825,285.36,17361624,286.4304131516,279.7607845482,284.2785986955,17361624,0.0,1.0
03-12-2020,281.85,286.65,281.07,286.25,12921694,280.7819002044,280.0048560953,285.1652259483,12921694,0.0,1.0
04-12-2020,279.7,283.46,279.3,280.3,10880299,278.6400478523,278.2415636938,279.2377740901,10880299,0.0,1.0
07-12-2020,285.58,288.49,278.2,279.19,13007665,284.4977649827,277.1457322578,278.1319805502,13007665,0.0,1.0
08-12-2020,283.4,286.4272,281.55,286.01,10747650,282.3260263187,280.4830370855,284.9261354531,10747650,0.0,1.0
09-12-2020,277.92,287.63,271.75,283.66,25189707,276.8667933469,270.7201752015,282.5850410218,25189707,0.0,1.0
10-12-2020,277.12,278.73,271.86,275.535,20065091,276.0698250298,270.8297583451,274.4908315516,20065091,0.0,1.0
11-12-2020,273.55,276.48,270.25,274.53,14391401,272.5133539149,269.225859607,273.4896401033,14391401,0.0,1.0
14-12-2020,274.19,277.22,271.56,273.3722,16376880,273.1509285686,270.5308952262,272.3362277065,16376880,0.0,1.0
15-12-2020,275.55,276.08,267.47,274.83,23979461,274.5057747076,266.4563947053,273.7885032222,23979461,0.0,1.0
16-12-2020,275.67,277.86,272.51,274.76,15884999,274.6253199551,271.4772951027,273.7187684945,15884999,0.0,1.0
17-12-2020,274.48,280.44,273.61,277.07,16377844,273.4398295835,272.5731265387,276.02001451,16377844,0.0,1.0
18-12-2020,276.4,278.0,271.14,275.775,26693249,275.3525535445,270.1124868598,274.7299220467,26693249,0.0,1.0
21-12-2020,272.79,274.67,267.79,272.978,16553740,271.7562340137,266.7751820321,271.9435215682,16553740,0.0,1.0
22-12-2020,267.09,271.5,264.63,271.5,17334999,266.0778347547,263.6271571797,270.4711226025,17334999,0.0,1.0
23-12-2020,268.11,272.1699,266.23,266.89,14329038,267.0939693589,265.2210938138,265.8785926754,14329038,0.0,1.0
24-12-2020,267.4,270.4,266.2,268.875,6702033,266.3866599775,265.1912075019,267.8560703121,6702033,0.0,1.0
28-12-2020,277.0,277.3,265.66,268.74,23123385,275.9502797822,264.6532538879,267.7215819086,23123385,0.0,1.0
29-12-2020,276.78,280.51,276.28,276.95,16382995,275.7311134951,275.2330082969,275.9004692624,16382995,0.0,1.0
30-12-2020,271.87,278.08,271.71,277.95,11803795,270.8397204491,270.6803267857,276.8966796588,11803795,0.0,1.0
31-12-2020,273.16,277.09,269.81,272.0,12900408,272.1248318604,268.7875270327,270.9692278006,12900408,0.0,1.0
04-01-2021,268.94,275.0,265.2,274.78,15106113,267.9208239879,264.1949971056,273.7386927024,15106113,0.0,1.0
05-01-2021,270.97,272.4,268.2111,268.29,9871557,269.9431310924,267.19468623,267.2732872302,9871557,0.0,1.0
06-01-2021,263.31,267.75,260.01,262.0,24354149,262.3121594565,259.0246651487,261.0071238374,24354149,0.0,1.0
07-01-2021,268.74,271.61,264.78,265.9,15789756,267.7215819086,263.7765887391,264.892344383,15789756,0.0,1.0
08-01-2021,267.57,268.95,263.18,268.31,18528251,266.5560157449,262.182652105,267.2932114382,18528251,0.0,1.0
11-01-2021,256.84,263.47,255.9,260.48,30412286,255.8666781923,254.9302404198,259.4928840349,30412286,0.0,1.0
12-01-2021,251.09,259.72,250.3,256.63,25772128,250.1384684134,249.3514622003,255.6574740091,25772128,0.0,1.0
13-01-2021,251.64,253.95,249.2,251.55,19528938,250.6863841314,248.2556307644,250.5967251958,19528938,0.0,1.0
14-01-2021,245.64,255.03,244.61,253.4,29739404,244.7091217535,243.6830250453,252.439714429,29739404,0.0,1.0
15-01-2021,251.36,253.86,247.16,247.9,24942930,250.4074452205,246.2233615559,246.9605572492,24942930,0.0,1.0
19-01-2021,261.1,262.2,252.7201,256.9,28028546,260.1105344807,251.7623909805,255.9264508161,28028546,0.0,1.0
20-01-2021,267.48,270.32,263.6,268.93,25199919,266.4663568092,262.6010604715,267.9108618839,25199919,0.0,1.0
21-01-2021,272.87,273.6,267.4901,269.26,20838687,271.8359308454,266.4764185342,268.2396113147,20838687,0.0,1.0
22-01-2021,274.5,278.47,272.0,272.01,21954042,273.4597537914,270.9692278006,270.9791899046,21954042,0.0,1.0
25-01-2021,278.01,280.1,271.51,278.14,19086990,276.9564522825,270.4810847064,277.0859596341,19086990,0.0,1.0
26-01-2021,282.05,285.39,277.81,278.1398,19373636,280.9811422837,276.7572102033,277.085760392,19373636,0.0,1.0
27-01-2021,272.14,283.45,268.1201,282.53,35346194,271.1086972561,267.1040310839,281.4593232739,35346194,0.0,1.0
28-01-2021,265.0,286.79,264.7,277.18,37758844,263.9957550263,263.6968919074,276.1295976536,37758844,0.0,1.0
29-01-2021,258.33,266.56,254.85,265.3,30389499,257.3510316828,253.8842195036,264.2946181452,30389499,0.0,1.0
01-02-2021,262.01,264.17,254.91,259.52,22914255,261.0170859413,253.9439921274,258.5365220545,22914255,0.0,1.0
02-02-2021,267.08,268.85,263.27,264.0,16964380,266.0678726507,262.2723110407,262.99954463,16964380,0.0,1.0
03-02-2021,266.65,269.2,263.84,265.62,14223377,265.6395021803,262.8401509666,264.6134054721,14223377,0.0,1.0
04-02-2021,266.49,268.16,264.0,267.01,16059958,265.4801085169,262.99954463,265.9981379229,16059958,0.0,1.0
05-02-2021,268.1,269.17,265.67,266.8,12454367,267.0840072549,264.6632159919,265.7889337397,12454367,0.0,1.0
08-02-2021,266.58,269.86,265.0,268.75,13755191,265.5697674525,263.9957550263,267.7315440126,13755191,0.0,1.0
09-02-2021,269.45,273.39,265.75,266.44,14420322,268.42889129,264.7429128236,265.430297997,14420322,0.0,1.0
10-02-2021,271.87,273.7999,267.72,272.4465,14188230,270.8397204491,266.7054473043,271.4140357426,14188230,0.0,1.0
11-02-2021,270.39,273.58,268.49,271.89,12828572,269.3653290625,267.4725293095,270.859644657,12828572,0.0,1.0
12-02-2021,270.5,271.18,268.34,270.52,9097597,269.4749122061,267.3230977501,269.4948364141,9097597,0.0,1.0
16-02-2021,273.97,276.6,270.05,270.8,15417243,272.9317622814,269.0266175278,269.773775325,15417243,0.0,1.0
17-02-2021,273.57,273.97,269.58,271.24,12619051,272.5332781228,268.5583986415,270.2121078994,12619051,0.0,1.0
18-02-2021,269.39,271.95,266.03,269.565,15249134,268.3691186662,265.0218517346,268.5434554856,15249134,0.0,1.0
19-02-2021,261.56,270.27,260.15,269.86,25622587,260.568791263,259.1641346042,268.8373375525,25622587,0.0,1.0
22-02-2021,260.33,263.07,257.53,257.95,17298474,259.3434524755,256.5540633658,256.9724717322,17298474,0.0,1.0
23-02-2021,265.855,267.46,254.96,259.5,21924557,264.8475149152,253.9938026472,258.5165978465,21924557,0.0,1.0
24-02-2021,264.31,266.38,258.39,262.325,15736123,263.3083698529,257.4108043066,261.3308922162,15736123,0.0,1.0
25-02-2021,254.69,266.94,254.04,262.3,18430701,253.7248258402,253.0772890826,261.3059869563,18430701,0.0,1.0
26-02-2021,257.62,265.55,256.47,256.47,26313472,256.6437223015,255.4980803457,255.4980803457,26313472,0.0,1.0
01-03-2021,264.91,266.65,257.9039,260.82,22157255,263.9060960907,256.926546433,259.8315955697,22157255,0.0,1.0
02-03-2021,259.0,266.71,258.65,265.78,15191722,258.0184926484,257.6698190097,264.7727991355,15191722,0.0,1.0
03-03-2021,255.41,260.9899,255.1,260.29,15513515,254.4420973256,254.1332721027,259.3036040596,15513515,0.0,1.0
04-03-2021,257.64,266.49,253.5,256.47,31626463,256.6636465094,252.5393354686,255.4980803457,31626463,0.0,1.0
05-03-2021,264.28,265.45,255.61,260.67,26820055,263.278483541,254.6413394048,259.6821640102,26820055,0.0,1.0
08-03-2021,255.31,265.58,255.05,265.55,18391768,254.3424762859,254.0834615829,264.5436707443,18391768,0.0,1.0
09-03-2021,265.74,268.53,259.81,261.175,22039740,264.7329507196,258.8254230694,260.1852502604,22039740,0.0,1.0
10-03-2021,264.9,268.97,262.87,268.64,14210318,263.8961339867,261.8738268822,267.621960869,14210318,0.0,1.0
11-03-2021,273.88,277.9,267.82,268.11,21833979,272.8421033457,266.805068344,267.0939693589,21833979,0.0,1.0
12-03-2021,268.4,269.74,264.02,269.14,20600198,267.3828703738,263.0194688379,268.1200660671,20600198,0.0,1.0
15-03-2021,273.75,275.96,268.5,269.08,16856746,272.7125959942,267.4824914135,268.0602934433,16856746,0.0,1.0
16-03-2021,279.28,282.14,274.8,276.085,22437665,278.2216394859,273.7586169103,275.0387472696,22437665,0.0,1.0
17-03-2021,284.01,286.23,275.41,275.705,21315044,282.9337146605,274.3663052521,274.660187319,21315044,0.0,1.0
18-03-2021,278.62,285.1899,278.28,279.87,18754853,277.5641406243,277.2254290895,278.8094036197,18754853,0.0,1.0
19-03-2021,290.11,292.8,281.195,281.22,38930536,289.0105980781,280.1293823948,280.1542876547,38930536,0.0,1.0
22-03-2021,293.54,299.705,286.7501,290.45,28273073,292.4275997375,285.6634307675,289.3493096128,28273073,0.0,1.0
23-03-2021,290.63,298.0,289.81,293.15,23000929,289.5286274842,288.7117349592,292.0390776829,23000929,0.0,1.0
24-03-2021,282.14,291.72,281.16,291.0,18675046,281.0708012194,280.094515031,289.8972253308,18675046,0.0,1.0
25-03-2021,278.74,288.06,277.75,280.98,24505648,277.6836858719,276.6974375795,279.9151971596,24505648,0.0,1.0
26-03-2021,283.02,284.5,277.77,278.3018,17629185,281.9474663681,276.7173617874,277.2471464762,17629185,0.0,1.0
29-03-2021,290.82,293.18,284.7,285.77,21718831,289.7179074595,283.621099834,284.687044958,21718831,0.0,1.0
30-03-2021,288.0,292.47,286.7,289.83,17474537,286.9085941418,285.6135206266,288.7316591671,17474537,0.0,1.0
31-03-2021,294.53,296.5,288.61,289.99,19498157,293.4138480298,287.5162824836,288.8910528305,19498157,0.0,1.0
01-04-2021,298.66,302.4,296.6,298.4,17615980,297.5281969667,295.4760035502,297.2691822636,17615980,0.0,1.0
05-04-2021,308.91,310.765,300.68,300.89,28237006,307.739353529,299.5405419672,299.7497461505,28237006,0.0,1.0
06-04-2021,306.26,311.35,305.25,308.8365,17335246,305.0993959787,304.0932234784,307.6661320649,17335246,0.0,1.0
07-04-2021,313.09,314.25,305.5,306.34,22855241,311.9035129856,304.3422760775,305.1790928104,22855241,0.0,1.0
08-04-2021,313.02,315.88,310.05,314.85,20894148,311.8337782579,308.8750333808,313.6568432832,20894148,0.0,1.0
09-04-2021,312.46,314.74,310.33,311.4,15988568,311.275900436,309.1539722918,310.2199174159,15988568,0.0,1.0
12-04-2021,311.54,312.15,307.93,311.05,10881935,310.3593868713,306.7630673406,309.8712437771,10881935,0.0,1.0
13-04-2021,309.76,314.428,309.32,312.21,14036927,308.5861323659,308.1477997915,311.0268478369,14036927,0.0,1.0
14-04-2021,302.82,308.03,301.95,307.3,17421393,301.6724322154,300.8057291706,306.1354547909,17421393,0.0,1.0
15-04-2021,307.82,310.14,304.1,306.34,14558273,306.653484197,302.9475815227,305.1790928104,14558273,0.0,1.0
16-04-2021,306.18,308.95,304.61,308.17,13059163,305.019699147,303.4556488248,307.0021578357,13059163,0.0,1.0
19-04-2021,302.24,307.7,300.56,305.007,14553507,301.0946301855,299.4209967197,303.8511443521,14553507,0.0,1.0
20-04-2021,302.65,305.1,297.21,301.99,16796442,301.503076448,296.083691892,300.8455775864,16796442,0.0,1.0
21-04-2021,301.47,301.98,297.39,301.945,14863474,300.3275481803,296.2630097633,300.8007481186,14863474,0.0,1.0
22-04-2021,296.52,302.92,296.04,301.33,16375350,295.3963067185,294.9181257283,300.1880787249,16375350,0.0,1.0
23-04-2021,301.13,302.59,297.15,298.76,17559498,299.9888366456,296.0239192682,297.6278180063,17559498,0.0,1.0
26-04-2021,303.04,305.8,301.56,303.3396,16172593,301.8915985026,300.417207116,302.1900631373,16172593,0.0,1.0
27-04-2021,303.57,305.34,301.11,304.28,15309256,302.4195900126,299.9689124377,303.126899394,15309256,0.0,1.0
28-04-2021,307.1,310.92,305.37,307.36,33907210,305.9362127117,304.212768726,306.1952274147,33907210,0.0,1.0
29-04-2021,329.51,331.81,321.61,330.12,56526771,328.2612876933,320.3912255623,328.8689760351,56526771,0.0,1.0
30-04-2021,325.08,329.82,324.5,326.1435,26332423,323.8480756376,323.2702736077,324.9075453941,26332423,0.0,1.0
03-05-2021,322.58,328.55,321.84,326.17,18719462,321.3575496468,320.6203539535,324.9339449696,18719462,0.0,1.0
04-05-2021,318.36,322.19,313.12,320.025,24032557,317.1535417743,311.9333992975,318.8122320842,24032557,0.0,1.0
05-05-2021,315.02,321.06,314.49,318.19,15577605,313.8261990506,313.2982075405,316.9841860069,15577605,0.0,1.0
06-05-2021,320.02,320.24,313.275,314.52,19012241,318.8072510322,312.087811909,313.3280938524,19012241,0.0,1.0
07-05-2021,319.08,322.935,318.75,322.38,15916743,317.8708132596,317.5420638288,321.1583075675,15916743,0.0,1.0
10-05-2021,305.97,314.5786,304.83,314.35,24239170,304.8104949638,303.674815112,313.158738085,24239170,0.0,1.0
11-05-2021,306.53,306.84,299.69,300.75,18920086,305.3683727857,298.5542936749,299.610276695,18920086,0.0,1.0
12-05-2021,302.55,304.96,298.19,301.13,24641010,301.4034554084,297.0599780804,299.9888366456,24641010,0.0,1.0
13-05-2021,305.26,308.86,302.7701,306.0833,18079160,304.1031855824,301.6227213166,304.9233656017,18079160,0.0,1.0
14-05-2021,315.94,316.85,309.08,309.54,19245724,314.7427126152,307.9087092964,308.3669660787,19245724,0.0,1.0
17-05-2021,315.46,315.68,311.58,313.55,15401343,314.2645316249,310.3992352872,312.361769768,15401343,0.0,1.0
18-05-2021,309.96,316.5,309.81,315.59,14522403,308.7853744451,308.6359428857,314.3940389765,14522403,0.0,1.0
19-05-2021,313.59,314.66,303.57,304.185,19106244,312.4016181838,302.4195900126,303.0322594064,19106244,0.0,1.0
20-05-2021,318.61,319.25,313.16,313.58,17320241,317.4025943734,311.9732477134,312.3916560798,17320241,0.0,1.0
21-05-2021,316.23,319.93,315.8101,319.29,13600901,315.0316136301,314.6133048847,318.0800174429,13600901,0.0,1.0
24-05-2021,324.63,325.95,318.03,318.21,16445356,323.3997809592,316.8247923435,317.0041102148,16445356,0.0,1.0
25-05-2021,327.79,329.18,324.8,327.08,16436965,326.5478058116,323.5691367266,325.8404964302,16436965,0.0,1.0
26-05-2021,327.66,329.8299,325.82,328.35,9686917,326.4182984601,324.5852713309,327.1056836336,9686917,0.0,1.0
27-05-2021,332.75,333.78,326.76,328.0,20477726,331.4890093774,325.5217091034,326.7570099949,20477726,0.0,1.0
28-05-2021,328.73,332.8684,328.33,331.0,12037430,327.4842435842,327.0857594256,329.7456411838,12037430,0.0,1.0
01-06-2021,329.13,331.42,326.64,330.15,11765906,327.8827277427,325.4021638559,328.898862347,11765906,0.0,1.0
02-06-2021,329.15,331.87,327.1215,330.38,11654275,327.9026519506,325.8818391617,329.1279907381,11654275,0.0,1.0
03-06-2021,326.04,327.375,323.48,325.78,12610788,324.8044376181,322.2541390035,324.545422915,12610788,0.0,1.0
04-06-2021,330.35,332.455,325.18,325.9,13289383,329.0981044262,323.9476966772,324.6649681626,13289383,0.0,1.0
07-06-2021,336.58,337.69,328.93,329.48,20136707,335.3044951953,327.6834856634,328.2314013814,20136707,0.0,1.0
08-06-2021,333.68,338.2999,332.24,336.7,14580464,332.415485046,330.9809420753,335.4240404429,14580464,0.0,1.0
09-06-2021,330.25,336.8,330.0,335.74,13727946,328.9984833866,328.7494307875,334.4676784624,13727946,0.0,1.0
10-06-2021,332.46,333.94,328.545,330.785,13240229,331.2001083625,327.2999446609,329.5314559486,13240229,0.0,1.0
11-06-2021,331.26,332.83,328.93,332.58,13587916,330.0046558869,327.6834856634,331.31965361,13587916,0.0,1.0
14-06-2021,336.77,336.82,329.81,331.9,12250799,335.4937751706,328.5601508122,330.6422305405,12250799,0.0,1.0
15-06-2021,336.75,339.92,335.03,336.99,15795226,335.4738509627,333.760369081,335.7129414578,15795226,0.0,1.0
16-06-2021,331.08,337.55,328.72,336.695,17031281,329.8253380155,327.4742814802,335.4190593909,17031281,0.0,1.0
17-06-2021,336.51,337.98,330.15,330.49,17794080,335.2347604676,328.898862347,329.2375738817,17794080,0.0,1.0
18-06-2021,329.66,336.15,329.0,334.53,23039457,328.4107192528,327.7532203912,333.2622638829,23039457,0.0,1.0
21-06-2021,332.29,332.92,327.65,331.09,11337522,331.0307525951,326.4083363561,329.8353001195,11337522,0.0,1.0
22-06-2021,339.03,339.92,332.6,332.685,15345299,337.7452106663,331.339577818,331.4242557016,15345299,0.0,1.0
23-06-2021,340.59,343.4199,338.2,339.35,14817824,339.2992988846,336.9183560374,338.0639979932,14817824,0.0,1.0
24-06-2021,343.18,344.9,341.79,341.85,12329096,341.8794838111,340.4947513602,340.554523984,12329096,0.0,1.0
25-06-2021,341.37,344.12,339.68,342.59,14594444,340.0763429937,338.3927474239,341.2917196773,14594444,0.0,1.0
28-06-2021,355.64,358.14,341.77,342.46,29156132,354.2922653493,340.4748271523,341.1622123257,29156132,0.0,1.0
29-06-2021,351.89,356.74,349.05,356.27,21417305,350.5564763631,347.7272388375,354.919877899,21417305,0.0,1.0
30-06-2021,347.71,352.92,347.17,352.165,15107514,346.3923169064,345.8543632924,350.8304342221,15107514,0.0,1.0
01-07-2021,354.39,354.6699,346.5,346.82,17137021,353.0470023539,345.1869023269,345.5056896537,17137021,0.0,1.0
02-07-2021,354.7,356.44,352.62,355.1,11524614,353.3558275768,351.2837099524,353.7543117353,11524614,0.0,1.0
06-07-2021,352.78,358.79,349.18,356.5,13488455,351.4431036158,347.856746189,355.1490062901,13488455,0.0,1.0
07-07-2021,350.49,356.49,350.0,355.26,14218866,349.1617818082,348.673638714,353.9137053987,14218866,0.0,1.0
08-07-2021,345.65,348.33,342.56,345.73,14406457,344.34012349,341.2618333654,344.4198203217,14406457,0.0,1.0
09-07-2021,350.42,350.71,345.265,345.32,13018694,349.0920470805,343.9565824874,344.0113740592,13018694,0.0,1.0
12-07-2021,353.16,354.19,349.64,351.23,10018624,351.8216635664,348.3150029714,349.8989775015,10018624,0.0,1.0
13-07-2021,352.09,358.49,348.8,351.5,11455963,350.7557184423,347.4781862384,350.1679543085,11455963,0.0,1.0
14-07-2021,347.63,355.2,346.73,354.56,13894221,346.3126200747,345.416030718,353.2163581213,13894221,0.0,1.0
15-07-2021,344.46,349.2348,340.22,349.2348,14781594,343.1546331184,338.930701038,347.9113385188,14781594,0.0,1.0
16-07-2021,341.16,345.9899,340.14,344.91,11026093,339.8671388105,338.8510042063,343.6029277967,11026093,0.0,1.0
19-07-2021,336.95,339.79,334.54,337.57,14372345,335.673093042,333.2722259868,336.2907434877,14372345,0.0,1.0
20-07-2021,341.66,343.45,334.5,338.8,11024277,340.3652440087,333.232377571,337.5160822752,11024277,0.0,1.0
21-07-2021,346.23,346.52,341.25,341.5,9279657,344.9179255199,339.9567977462,340.2058503453,9279657,0.0,1.0
22-07-2021,351.19,351.54,345.21,346.68,12385441,349.8591290857,343.9017909156,345.3662201982,12385441,0.0,1.0
23-07-2021,369.79,375.33,357.19,360.91,33694328,368.3886424573,355.8363914636,359.5422941379,33694328,0.0,1.0
26-07-2021,372.46,374.44,368.22,369.58,14925222,371.0485242155,366.8245921351,368.1794382741,14925222,0.0,1.0
27-07-2021,367.81,373.15,364.55,371.91,15705447,366.4161458726,363.1684999806,370.5006084975,15705447,0.0,1.0
28-07-2021,373.28,377.5499,366.93,374.56,29676910,371.8654167405,365.5394807238,373.1405660478,29676910,0.0,1.0
29-07-2021,358.32,365.52,356.74,361.0,32210926,356.9621092115,355.3880967853,359.6319530736,32210926,0.0,1.0
30-07-2021,356.3,360.73,352.94,354.0,15976179,354.9497642109,351.6024972792,352.6584802993,15976179,0.0,1.0
02-08-2021,351.95,359.4,350.74,358.1,13180439,350.6162489869,349.4108344073,356.7429429243,13180439,0.0,1.0
03-08-2021,351.24,353.7699,347.7,352.73,12406054,349.9089396055,346.3823548025,351.393293096,12406054,0.0,1.0
04-08-2021,358.92,360.48,351.51,352.42,14180572,357.5598354493,350.1779164125,351.0844678731,14180572,0.0,1.0
05-08-2021,362.97,363.9,356.9,359.64,10247207,361.5944875544,355.5474904487,358.2771069346,10247207,0.0,1.0
06-08-2021,363.51,365.15,361.395,361.4,8925017,362.1324411684,360.0254561802,360.0304372321,8925017,0.0,1.0
09-08-2021,361.61,365.775,360.75,363.7623,7798872,360.2396414154,359.3829004745,362.3837850514,7798872,0.0,1.0
10-08-2021,361.13,364.1,359.0435,361.825,7469878,359.7614604251,357.6828674332,360.4538266506,7469878,0.0,1.0
11-08-2021,359.96,362.36,357.81,362.1,8400332,358.5958942614,356.4540419093,360.7277845096,8400332,0.0,1.0
12-08-2021,362.65,363.0,357.11,358.45,7175206,361.2757002275,355.7566946319,357.091616563,7175206,0.0,1.0
13-08-2021,363.18,364.6607,361.48,362.97,7184414,361.8036917376,360.1101340638,361.5944875544,7184414,0.0,1.0
16-08-2021,366.56,366.95,357.38,362.52,11232269,365.1708828772,356.0256714389,361.146192876,11232269,0.0,1.0
17-08-2021,358.45,364.67,355.07,362.98,12328737,357.091616563,353.7244254234,361.6044496583,12328737,0.0,1.0
18-08-2021,355.45,359.86,355.15,356.25,10042381,354.102985374,353.8041222551,354.8999536911,10042381,0.0,1.0
19-08-2021,355.12,357.57,351.0,351.345,12004535,353.7742359432,349.6698491104,350.0135416971,12004535,0.0,1.0
20-08-2021,359.37,359.9898,353.31,354.6,8697667,358.0081301276,351.9710951259,353.2562065371,8697667,0.0,1.0
23-08-2021,363.35,365.69,359.1,359.44,10942007,361.973047505,357.7391533206,358.0778648553,10942007,0.0,1.0
24-08-2021,365.51,367.9559,361.84,363.66,9235148,364.124861961,360.4687698065,362.2818727278,9235148,0.0,1.0
25-08-2021,368.39,370.86,365.4,365.6,9684519,366.9939479025,364.0152788174,364.2145208967,9684519,0.0,1.0
26-08-2021,364.38,369.44,364.13,368.375,7888683,362.9991442132,362.7500916141,366.9790047465,7888683,0.0,1.0
27-08-2021,372.63,373.74,364.08,365.1,11219142,371.2178799829,362.7002810943,363.7164156985,11219142,0.0,1.0
30-08-2021,380.66,381.49,370.52,372.56,13547261,379.2174494654,369.1158760466,371.1481452551,13547261,0.0,1.0
31-08-2021,379.38,382.759,378.8,379.95,12345350,377.9423001581,377.3644981282,378.510140084,12345350,0.0,1.0
01-09-2021,382.05,384.33,378.81,379.59,11567163,380.6021819163,377.3744602322,378.1515043413,11567163,0.0,1.0
02-09-2021,375.28,381.75,374.06,381.5,14838274,373.8578375331,372.6424608496,380.0542661983,14838274,0.0,1.0
03-09-2021,376.26,377.16,373.11,374.75,7511356,374.8341237215,371.6960609731,373.3298460231,7511356,0.0,1.0
07-09-2021,382.18,382.96,373.15,375.88,10798920,380.7316892678,371.735909389,374.4555637709,10798920,0.0,1.0
08-09-2021,377.57,380.87,374.79,380.16,11067166,376.1391593407,373.3696944389,378.7193442672,11067166,0.0,1.0
09-09-2021,378.0,379.83,376.565,377.64,9098941,376.5675298111,375.1379678924,376.2088940685,9098941,0.0,1.0
10-09-2021,378.69,383.79,378.26,381.361,11549595,377.2549149846,376.8265445142,379.9157929532,11549595,0.0,1.0
13-09-2021,376.51,381.75,374.3451,381.68,13026275,375.0831763206,372.9264804336,380.2335840696,13026275,0.0,1.0
14-09-2021,376.53,378.59,375.11,377.4,8711569,375.1031005286,373.6884817658,375.9698035734,8711569,0.0,1.0
15-09-2021,373.92,377.555,367.67,377.0,17940297,372.5029913941,366.2766764171,375.5713194148,17940297,0.0,1.0
16-09-2021,373.06,373.56,369.71,372.79,11934217,371.6462504533,368.3089456256,371.3772736463,11934217,0.0,1.0
17-09-2021,364.72,371.41,361.59,371.405,26298966,363.3378557479,360.2197172074,369.9975222474,26298966,0.0,1.0
20-09-2021,355.7,361.03,349.8,359.3,19822772,354.3520379731,348.4743966348,357.9383953999,19822772,0.0,1.0
21-09-2021,357.48,360.04,355.19,358.5,11751917,356.1252924785,353.843970671,357.1414270828,11751917,0.0,1.0
22-09-2021,343.21,349.84,340.6901,347.23,43692859,341.909370123,339.3990195453,345.9141359162,43692859,0.0,1.0
23-09-2021,345.96,349.67,343.0,345.355,21806264,344.6489487129,341.7001659397,344.0462414231,21806264,0.0,1.0
24-09-2021,352.96,354.35,342.37,343.2387,18801933,351.6224214872,341.0725533901,341.9379613614,18801933,0.0,1.0
27-09-2021,353.58,355.15,347.08,349.805,15205843,352.2400719329,345.7647043568,348.4793776867,15205843,0.0,1.0
28-09-2021,340.65,349.6,338.92,347.97,21710286,339.3590715084,337.6356275227,346.6513316095,21710286,0.0,1.0
29-09-2021,339.61,345.23,338.88,343.15,14452241,338.3230126962,337.5957791069,341.8495974992,14452241,0.0,1.0
30-09-2021,339.39,342.8,338.15,340.445,16547094,338.103846409,336.8685455176,339.1548483771,16547094,0.0,1.0
01-10-2021,343.01,345.02,338.64,341.61,14905311,341.7101280437,337.3566886118,340.3154334889,14905311,0.0,1.0
04-10-2021,326.23,335.94,322.7,335.53,42884975,324.9937175934,321.4770948943,334.2584742792,42884975,0.0,1.0
05-10-2021,332.96,335.18,326.1638,328.58,35377947,331.6982135606,324.9277684651,327.3348120247,35377947,0.0,1.0
06-10-2021,333.64,334.38,325.8,329.74,26443010,332.3756366301,324.5653471229,328.4904160845,26443010,0.0,1.0
07-10-2021,329.22,338.84,328.98,337.0,28307456,327.9723866784,327.7332961833,335.7229035618,28307456,0.0,1.0
08-10-2021,330.05,333.4,328.71,331.51,15946110,328.7992413073,327.4643193763,330.253708486,15946110,0.0,1.0
11-10-2021,325.45,330.46,325.31,327.625,14708224,324.2166734842,324.0772040287,326.3834310962,14708224,0.0,1.0
12-10-2021,323.77,324.38,317.37,323.03,31658684,322.5430400184,316.1672934819,321.8058443251,31658684,0.0,1.0
13-10-2021,324.54,327.0,322.66,326.97,14761470,323.3101220236,321.4372464785,325.7309132866,14761470,0.0,1.0
14-10-2021,328.53,330.52,327.1,328.355,14302154,327.2850015049,325.8604206382,327.1106646856,14302154,0.0,1.0
15-10-2021,324.76,329.07,322.51,328.68,21596370,323.5292883108,321.287814919,327.4344330644,21596370,0.0,1.0
18-10-2021,335.34,335.89,327.5,328.95,21585018,334.0691943039,326.2589047967,327.7034098714,21585018,0.0,1.0
19-10-2021,339.99,342.46,337.28,339.645,18786316,338.7015726468,336.0018424728,338.3578800601,18786316,0.0,1.0
20-10-2021,340.78,343.98,339.4531,343.445,13639465,339.4885788599,338.166707285,342.1434795661,13639465,0.0,1.0
21-10-2021,341.88,342.31,337.8,340.275,16354423,340.5844102959,336.5198718789,338.9854926098,16354423,0.0,1.0
22-10-2021,324.61,329.63,321.11,326.345,35224543,323.3798567513,319.8931203642,325.1082817889,35224543,0.0,1.0
25-10-2021,328.69,329.56,319.72,320.3,38408957,327.4443951683,318.5083879133,319.0861899432,38408957,0.0,1.0
26-10-2021,315.81,330.2099,309.6,328.26,65654043,314.6132052636,308.4267387025,327.0160246979,65654043,0.0,1.0
27-10-2021,312.22,319.25,312.06,314.19,29971761,311.0368099408,310.8774162774,312.9993444216,29971761,0.0,1.0
28-10-2021,316.92,325.52,308.11,312.99,50806840,315.7189988036,306.9423852119,311.803891946,50806840,0.0,1.0
29-10-2021,323.57,325.9999,319.6,320.19,37059384,322.3437979391,318.3888426657,318.9766067996,37059384,0.0,1.0
01-11-2021,329.98,333.45,326.0,326.04,31164440,328.7295065796,324.7645892022,324.8044376181,31164440,0.0,1.0
02-11-2021,328.08,334.7895,323.8,331.38,28259036,326.8367068266,322.5729263303,330.1242011344,28259036,0.0,1.0
03-11-2021,331.62,332.15,323.2,327.49,20786502,330.3632916296,321.9752000925,326.2489426927,20786502,0.0,1.0
04-11-2021,335.85,337.273,332.65,334.0065,22495281,334.577261606,331.3893883378,332.7407477404,22495281,0.0,1.0
05-11-2021,341.13,346.79,339.64,340.31,26872817,339.8372524986,338.3528990081,339.0203599736,26872817,0.0,1.0
08-11-2021,338.62,344.789,338.34,344.42,18342458,337.3367644038,337.0578254929,343.1147847025,18342458,0.0,1.0
09-11-2021,335.37,341.3075,334.47,340.0,17469000,334.0990806158,333.2024912591,338.7115347508,17469000,0.0,1.0
10-11-2021,327.64,333.19,325.51,332.49,21872605,326.3983742522,324.276446108,331.2299946744,21872605,0.0,1.0
11-11-2021,327.74,332.459,327.0,329.82,12376563,326.4979952918,325.7607995985,328.5701129162,12376563,0.0,1.0
12-11-2021,340.89,341.86,329.78,330.18,25099642,339.5981620035,328.5302645003,328.9287486589,25099642,0.0,1.0
15-11-2021,347.56,353.65,343.2,344.34,25076603,346.242885347,341.899408019,343.0350878708,25076603,0.0,1.0
16-11-2021,342.96,346.65,340.87,343.83,18181106,341.6603175239,339.5782377956,342.5270205687,18181106,0.0,1.0
17-11-2021,340.77,347.3,340.1,344.24,13602812,339.4786167559,338.8111557904,342.9354668312,13602812,0.0,1.0
18-11-2021,338.69,342.46,335.3,339.72,17487235,337.4064991316,334.029345888,338.4325958398,17487235,0.0,1.0
19-11-2021,345.3,352.1,339.9,342.2,26488541,343.9914498513,338.6119137111,340.9031976227,26488541,0.0,1.0
22-11-2021,341.01,353.83,340.51,349.05,27116811,339.7177072511,339.2196020529,347.7272388375,27116811,0.0,1.0
23-11-2021,337.25,341.3999,333.5,338.93,17224986,335.9719561609,332.2361671747,337.6455896267,17224986,0.0,1.0
24-11-2021,341.06,341.78,332.81,336.0,13566181,339.7675177709,331.5487820012,334.7266931655,13566181,0.0,1.0
26-11-2021,333.12,337.75,331.902,335.795,14750737,331.857607224,330.6442229613,334.5224700342,14750737,0.0,1.0
29-11-2021,338.03,340.67,335.305,336.89,16650949,336.74900027,334.03432694,335.6133204182,16650949,0.0,1.0
30-11-2021,324.46,335.81,323.43,335.0,25390008,323.2304251919,322.2043284837,333.7304827691,25390008,0.0,1.0
01-12-2021,310.6,330.5,310.29,330.29,30384083,309.4229490988,309.1141238759,329.0383318024,30384083,0.0,1.0
02-12-2021,310.39,314.6,307.2,311.4,24396169,309.2137449156,306.0358337513,310.2199174159,24396169,0.0,1.0
03-12-2021,306.84,313.75,299.5,313.73,27471010,305.6771980086,298.3650136996,312.5410876393,27471010,0.0,1.0
06-12-2021,317.87,320.1,306.34,308.13,21758340,316.6653986801,305.1790928104,306.9623094199,21758340,0.0,1.0
07-12-2021,322.81,326.54,321.0,321.57,18794047,321.5866780379,319.7835372206,320.3513771465,18794047,0.0,1.0
08-12-2021,330.56,332.75,323.07,325.0,19937722,329.3073086095,321.845692741,323.7683788059,19937722,0.0,1.0
09-12-2021,329.82,336.13,328.0,329.54,16879168,328.5701129162,326.7570099949,328.2911740052,16879168,0.0,1.0
10-12-2021,329.75,335.03,326.37,332.555,14527969,328.5003781884,325.1331870489,331.2947483501,14527969,0.0,1.0
13-12-2021,334.49,341.09,329.59,330.95,22948655,333.222415467,328.340984525,329.695830664,22948655,0.0,1.0
14-12-2021,333.74,335.7,327.65,328.05,20461024,332.4752576698,326.4083363561,326.8068205147,20461024,0.0,1.0
15-12-2021,341.66,342.11,323.98,332.4935,24681326,340.3652440087,322.7522442016,331.2334814108,24681326,0.0,1.0
16-12-2021,334.9,344.46,333.74,338.98,22635025,333.6308617295,332.4752576698,337.6954001465,22635025,0.0,1.0
17-12-2021,333.79,337.11,330.75,332.795,40012637,332.5250681896,329.4965885848,331.5338388452,40012637,0.0,1.0
20-12-2021,325.45,329.9,322.53,329.775,17901783,324.2166734842,321.307739127,328.5252834483,17901783,0.0,1.0
21-12-2021,334.2,336.0,323.75,326.41,16116784,332.9335144521,322.5231158105,325.1730354647,16116784,0.0,1.0
22-12-2021,330.45,334.51,328.26,333.8003,16764566,329.1977254659,327.0160246979,332.5353291567,16764566,0.0,1.0
23-12-2021,335.24,336.67,328.36,330.1,13987698,333.9695732643,327.1156457375,328.8490518271,13987698,0.0,1.0
27-12-2021,346.18,347.87,338.01,338.845,17795026,344.8681150001,336.7290760621,337.560911743,17795026,0.0,1.0
28-12-2021,346.22,352.71,345.2,346.63,16637608,344.9079634159,343.8918288117,345.3164096784,16637608,0.0,1.0
29-12-2021,342.94,349.6899,341.6401,346.91,10747009,341.640393316,340.3454194218,345.5953485894,10747009,0.0,1.0
30-12-2021,344.36,347.23,343.22,344.0,10593347,343.0550120788,341.9193322269,342.6963763361,10593347,0.0,1.0
31-12-2021,336.35,343.44,336.27,343.015,12516527,335.0753668042,334.9956699725,341.7151090957,12516527,0.0,1.0
03-01-2022,338.54,341.0816,337.19,338.295,14562849,337.2570675721,335.9121835371,337.012996025,14562849,0.0,1.0
04-01-2022,336.53,343.0854,331.8711,339.95,15997974,335.2546846755,330.6134400601,338.661724231,15997974,0.0,1.0
05-01-2022,324.17,335.76,323.84,333.02,20564521,322.9415241769,322.6127747461,331.7579861844,20564521,0.0,1.0
06-01-2022,332.46,339.165,322.72,322.82,27962809,331.2001083625,321.4970191023,321.5966401419,27962809,0.0,1.0
07-01-2022,331.79,337.0,328.8801,332.74,14722020,330.5326473969,327.6337747647,331.4790472734,14722020,0.0,1.0
10-01-2022,328.07,328.34,315.43,325.31,24942383,326.8267447226,314.234645313,324.0772040287,24942383,0.0,1.0
11-01-2022,334.37,334.63,325.28,326.78,16191633,333.1028702195,324.0473177169,325.5416333113,16191633,0.0,1.0
12-01-2022,333.26,336.365,330.03,335.18,14104858,331.9970766795,328.7793170994,333.9098006405,14104858,0.0,1.0
13-01-2022,326.48,335.63,325.76,334.98,14797109,325.2427701924,324.5254987071,333.7105585612,14797109,0.0,1.0
14-01-2022,331.9,332.73,321.21,321.79,16868497,330.6422305405,319.9927414038,320.5705434337,16868497,0.0,1.0
18-01-2022,318.15,324.21,317.64,323.29,22352652,316.9443375911,316.4362702889,322.0648590282,22352652,0.0,1.0
19-01-2022,319.59,327.1,319.33,319.5822,20563976,318.3788805618,318.1198658587,318.3711101207,20563976,0.0,1.0
20-01-2022,316.56,327.82,315.98,323.9,16925030,315.3603630609,314.782561031,322.6725473699,16925030,0.0,1.0
21-01-2022,303.17,318.31,303.04,314.81,28710717,302.0211058541,301.8915985026,313.6169948673,28710717,0.0,1.0
24-01-2022,308.71,309.53,289.01,297.84,38936901,307.5401114497,287.9147666421,296.7113044417,38936901,0.0,1.0
25-01-2022,300.15,306.23,297.58,299.95,25108454,299.0125504572,296.4522897386,298.8133083779,25108454,0.0,1.0
26-01-2022,294.63,307.51,290.85,307.01,28348801,293.5134690695,289.7477937714,305.846553776,28348801,0.0,1.0
27-01-2022,294.64,301.709,294.26,297.752,21629922,293.5234311734,293.1448712228,296.6236379268,21629922,0.0,1.0
28-01-2022,301.71,301.9,293.0333,295.6204,21871620,300.5666386755,291.9228199297,294.500115846,21871620,0.0,1.0
31-01-2022,313.26,313.79,299.32,300.68,21579474,312.072868753,298.1856958282,299.5405419672,21579474,0.0,1.0
01-02-2022,319.0,319.6598,312.12,314.555,18023796,317.7911164279,310.9371889012,313.3629612163,18023796,0.0,1.0
02-02-2022,323.0,328.0,316.8747,327.82,58458280,321.7759580132,315.6738704726,326.5776921235,58458280,0.0,1.0
03-02-2022,237.76,248.0,235.745,244.645,188119925,236.8589838304,234.8516198818,243.7178924091,188119925,0.0,1.0
04-02-2022,237.09,242.6099,230.11,234.97,89342247,236.1915228649,229.2379742985,234.0795568247,89342247,0.0,1.0
07-02-2022,224.91,238.3,224.01,237.7,88613826,224.0576802376,223.1610908809,236.7992112066,88613826,0.0,1.0
08-02-2022,220.18,225.77,216.15,220.85,94729672,219.345605063,215.3308771658,220.0130660286,94729672,0.0,1.0
09-02-2022,232.0,233.37,222.21,224.2,86563275,231.1208119476,221.3679121676,223.3503708562,86563275,0.0,1.0
10-02-2022,228.07,235.0,226.7,228.27,49310356,227.20570509,225.8408968471,227.4049471693,49310356,0.0,1.0
11-02-2022,219.55,230.42,218.7701,228.46,46156943,218.7179925133,217.9410480252,227.5942271446,46156943,0.0,1.0
14-02-2022,217.7,221.0,214.78,219.31,38184035,216.8750032801,213.9660689229,218.4789020182,38184035,0.0,1.0
15-02-2022,221.0,221.15,215.06,220.47,42685473,220.162497588,214.2450078338,219.6345060779,42685473,0.0,1.0
16-02-2022,216.54,217.46,212.36,212.41,45817457,215.7193992204,211.5552397637,211.6050502836,45817457,0.0,1.0
17-02-2022,207.71,217.5,207.1601,214.02,38747533,206.9228614208,206.3750453239,213.2089490216,38747533,0.0,1.0
18-02-2022,206.16,210.75,205.18,209.39,37128438,205.3787353065,204.4024491181,208.5964948867,37128438,0.0,1.0
22-02-2022,202.08,207.48,200.06,202.34,39703994,201.3141968895,199.3018518889,201.5732115926,39703994,0.0,1.0
23-02-2022,198.45,206.94,198.05,204.16,44481359,197.6979531509,197.2994689923,203.3863145139,44481359,0.0,1.0
24-02-2022,207.6,208.35,190.22,191.06,49957167,206.8132782772,189.4991415891,190.335958322,49957167,0.0,1.0
25-02-2022,210.48,211.32,203.18,204.94,37627551,209.6823642187,202.4100283255,204.163358623,37627551,0.0,1.0
28-02-2022,211.03,213.1508,206.83,207.675,34239803,210.2302799366,206.0461962721,206.887994057,34239803,0.0,1.0
01-03-2022,203.49,211.7517,202.22,209.87,27094902,202.7188535483,201.453666345,209.0746758769,27094902,0.0,1.0
02-03-2022,208.11,209.15,202.02,204.775,29452147,207.3213455794,201.2544242657,203.9989839076,29452147,0.0,1.0
03-03-2022,202.97,209.08,201.42,209.015,27263524,202.2008241422,200.6566980279,208.222915988,27263524,0.0,1.0
04-03-2022,200.06,205.89,198.79,202.37,32146264,199.3018518889,198.0366646856,201.6030979045,32146264,0.0,1.0
07-03-2022,187.47,200.89,187.28,200.79,38560609,186.7595629992,186.5702830239,200.0290854783,38560609,0.0,1.0
08-03-2022,190.29,196.7,186.11,187.85,37508149,189.5688763168,185.4047168602,187.1381229498,37508149,0.0,1.0
09-03-2022,198.5,199.1,193.92,195.74,31894695,197.7477636707,193.1851200555,194.9982229768,31894695,0.0,1.0
10-03-2022,195.21,196.28,191.068,194.84,24852975,194.4702314668,190.3439280052,194.1016336201,24852975,0.0,1.0
11-03-2022,187.61,193.56,186.67,192.635,34694534,186.8990324547,185.9625946821,191.9049896962,34694534,0.0,1.0
14-03-2022,186.63,192.29,185.82,187.03,31010462,185.9227462663,185.1158158453,186.3212304248,31010462,0.0,1.0
15-03-2022,192.03,192.28,185.911,190.8,31721682,191.3022824064,185.2064709913,190.076943619,31721682,0.0,1.0
16-03-2022,203.63,203.73,194.52,194.7,40640264,202.8583230038,193.7828462933,193.9621641646,40640264,0.0,1.0
17-03-2022,207.84,208.04,201.11,201.7,29499681,207.0523687724,200.3478728051,200.9356369389,29499681,0.0,1.0
18-03-2022,216.49,216.8,206.0,206.7,51235040,215.6695887006,205.2193416431,205.9166889205,51235040,0.0,1.0
21-03-2022,211.49,214.71,207.63,214.5,29072837,210.6885367189,206.8431645891,213.6871300119,29072837,0.0,1.0
22-03-2022,216.65,219.46,210.18,211.37,31794933,215.828982364,209.3835010998,210.5689914714,31794933,0.0,1.0
23-03-2022,213.46,216.7988,212.16,213.33,23717321,212.6510711997,211.3559976845,212.5215638482,23717321,0.0,1.0
24-03-2022,219.57,220.67,214.79,215.0,31502314,218.7379167213,213.9760310268,214.18523521,31502314,0.0,1.0
25-03-2022,221.82,225.5,218.8901,220.51,39854786,220.979390113,218.0605932728,219.6743544938,39854786,0.0,1.0
28-03-2022,223.59,224.04,219.54,222.13,26224141,222.7426825145,218.7080304094,221.2882153358,26224141,0.0,1.0
29-03-2022,229.86,230.89,225.29,226.07,31417857,228.9889216994,224.4362401882,225.2132842974,31417857,0.0,1.0
30-03-2022,227.85,231.151,226.71,228.91,25588046,226.9865388028,225.850858951,228.0425218229,25588046,0.0,1.0
31-03-2022,222.36,228.49,222.26,228.45,24192266,221.517343727,221.4177226874,227.5842650406,24192266,0.0,1.0
01-04-2022,224.85,227.28,222.7,224.55,19544758,223.9979076139,221.8560552618,223.699044495,19544758,0.0,1.0
04-04-2022,233.89,234.351,225.86,225.98,28100826,233.0036495966,225.0040801141,225.1236253617,28100826,0.0,1.0
05-04-2022,231.84,236.86,231.02,234.08,29525086,230.9614182842,230.1445257592,233.1929295719,29525086,0.0,1.0
06-04-2022,223.3,228.9899,221.405,226.91,28995080,222.4537814995,220.5659627985,226.0501010303,28995080,0.0,1.0
07-04-2022,222.95,225.52,218.56,223.93,21037187,222.1051078608,217.731744221,223.0813940492,21037187,0.0,1.0
08-04-2022,222.33,225.13,220.0283,222.38,18375711,221.4874574151,219.1944799459,221.5372679349,18375711,0.0,1.0
11-04-2022,216.46,220.61,215.2198,218.42,20516586,215.6397023887,214.4042022552,217.5922747655,20516586,0.0,1.0
12-04-2022,214.14,222.03,213.13,220.235,20128827,213.3284942692,212.3223217689,219.4003966348,20128827,0.0,1.0
13-04-2022,214.99,216.61,211.33,211.82,19231816,214.1752731061,210.5291430555,211.0172861497,19231816,0.0,1.0
14-04-2022,210.18,214.99,210.0,214.89,18379455,209.3835010998,209.2041832284,214.0756520665,18379455,0.0,1.0
18-04-2022,210.77,213.38,208.3,210.0,16580792,209.9712652336,207.5106255547,209.2041832284,16580792,0.0,1.0
19-04-2022,217.31,218.4299,209.0,210.52,20089871,216.4864812256,208.2079728321,209.7222126345,20089871,0.0,1.0
20-04-2022,200.42,214.16,198.92,213.605,42859593,199.6604876316,198.1661720371,212.7955217072,42859593,0.0,1.0
21-04-2022,188.07,202.965,185.58,201.6,49954078,187.357289237,184.8767253501,200.8360158993,49954078,0.0,1.0
22-04-2022,184.11,192.72,183.27,190.37,36426769,183.4122960675,182.5754793346,189.6485731485,36426769,0.0,1.0
25-04-2022,186.99,187.18,181.655,182.73,29281060,186.281382009,180.9665995446,182.0375257206,29281060,0.0,1.0
26-04-2022,180.95,187.185,179.5,186.63,30872853,180.2642712152,178.8197661405,185.9227462663,30872853,0.0,1.0
27-04-2022,174.95,181.2099,169.0,174.43,71062886,174.2870088372,168.3595569791,173.7689794311,71062886,0.0,1.0
28-04-2022,205.73,208.53,192.9,202.92,100890551,204.9503648361,192.1689854512,202.1510136224,100890551,0.0,1.0
29-04-2022,200.47,212.48,199.9,204.46,49193434,199.7102981514,199.1424582255,203.6851776328,49193434,0.0,1.0
02-05-2022,211.13,211.88,200.99,201.165,49915289,210.3299009763,200.2283275575,200.4026643769,49915289,0.0,1.0
03-05-2022,212.03,214.8999,208.09,210.45,41556267,211.226490333,207.3014213714,209.6524779068,41556267,0.0,1.0
04-05-2022,223.41,224.3,206.96,210.65,41197345,222.5633646431,206.1757036236,209.851719986,41197345,0.0,1.0
05-05-2022,208.28,220.17,206.16,218.74,41129192,207.4907013467,205.3787353065,217.9110620923,41129192,0.0,1.0
06-05-2022,203.77,209.38,201.02,207.34,34747158,202.9977924593,200.2582138694,206.5542635742,34747158,0.0,1.0
09-05-2022,196.21,202.57,195.58,199.84,36303200,195.4664418631,194.8388293134,199.0826856017,36303200,0.0,1.0
10-05-2022,197.65,202.96,194.19,199.51,34452491,196.9009848338,193.4540968625,198.753936171,34452491,0.0,1.0
11-05-2022,188.74,200.6742,188.27,196.325,31153383,188.0247502025,187.5565313163,195.5810060587,31153383,0.0,1.0
12-05-2022,191.24,198.05,184.78,187.055,38262226,190.5152761933,184.0797570331,186.3461356847,38262226,0.0,1.0
13-05-2022,198.62,199.89,191.28,192.58,24549844,197.8673089182,190.5551246092,191.8501981244,24549844,0.0,1.0
16-05-2022,200.04,205.37,195.93,197.05,27112595,199.281927681,195.1875029521,196.303258596,27112595,0.0,1.0
17-05-2022,202.62,205.46,198.36,202.115,24872729,201.8521505035,197.6082942152,201.3490642534,24872729,0.0,1.0
18-05-2022,192.24,201.0,191.63,200.0,23959966,191.5114865897,190.9037982479,199.2420792652,23959966,0.0,1.0
19-05-2022,191.29,195.29,189.6,191.2,24446938,190.5650867132,188.8814911434,190.4754277775,24446938,0.0,1.0
20-05-2022,193.54,197.91,187.87,194.97,31465570,192.8065601049,187.1580471577,194.2311409716,31465570,0.0,1.0
23-05-2022,196.23,196.9924,191.24,195.19,25059161,195.486366071,190.5152761933,194.4503072588,25059161,0.0,1.0
24-05-2022,181.28,183.6759,176.11,180.55,50406273,180.5930206459,175.4426128969,179.8657870566,50406273,0.0,1.0
25-05-2022,183.83,185.45,179.32,180.4,28030194,183.1333571566,178.6404482691,179.7163554972,28030194,0.0,1.0
26-05-2022,191.63,192.8301,182.26,182.878,23056455,190.9037982479,181.5693068343,182.1849648593,23056455,0.0,1.0
27-05-2022,195.13,195.3329,189.8,191.36,22562727,194.3905346351,189.0807332226,190.6348214409,22562727,0.0,1.0
31-05-2022,193.64,197.6,192.01,194.885,26131103,192.9061811445,191.2823581985,194.146463088,26131103,0.0,1.0
01-06-2022,188.64,199.53,185.0,196.51,36623495,187.9251291629,184.2989233203,195.765304982,36623495,0.0,1.0
02-06-2022,198.86,200.935,187.73,188.45,31951582,198.1063994133,187.0185777022,187.7358491876,31951582,0.0,1.0
03-06-2022,190.78,196.61,189.78,195.98,19464993,190.057019411,189.0608090147,195.2373134719,19464993,0.0,1.0
06-06-2022,194.25,196.92,188.4,193.99,30574242,193.5138694863,187.6860386678,193.2548547832,30574242,0.0,1.0
07-06-2022,195.65,196.53,191.49,191.93,18828687,194.9085640411,190.7643287924,191.2026613668,18828687,0.0,1.0
08-06-2022,196.64,202.03,194.41,194.67,22267154,195.8948123335,193.6732631497,193.9322778527,22267154,0.0,1.0
09-06-2022,184.0,199.45,183.68,194.28,23501579,183.3027129239,182.9839255971,193.5437557982,23501579,0.0,1.0
10-06-2022,175.57,183.1,175.02,183.04,27478354,174.9046592829,174.3567435649,182.3463509435,27478354,0.0,1.0
13-06-2022,164.26,172.575,164.03,170.59,31749304,163.6375197005,163.4083913093,169.9435315092,31749304,0.0,1.0
14-06-2022,163.73,166.75,161.3601,166.03,27244274,163.1095281904,160.7486091722,165.400812102,27244274,0.0,1.0
15-06-2022,169.35,172.16,163.975,167.2,30008251,168.7082306178,163.3535997375,166.5663782657,30008251,0.0,1.0
16-06-2022,160.87,165.08,159.61,163.72,26944143,160.2603664569,159.0051413576,163.0995660865,26944143,0.0,1.0
17-06-2022,163.74,165.9,159.9,161.68,31374215,163.1194902944,159.2940423725,161.067296878,31374215,0.0,1.0
21-06-2022,157.05,167.76,155.97,165.93,50724899,156.454842743,155.3789355149,165.3011910623,50724899,0.0,1.0
22-06-2022,155.85,160.79,155.44,158.38,47596820,155.2593902674,154.8509440049,157.7798025701,47596820,0.0,1.0
23-06-2022,158.75,159.75,154.25,156.27,40499198,158.1484004167,153.6654536333,155.6777986338,40499198,0.0,1.0
24-06-2022,170.16,170.25,161.3,161.725,68736009,169.5151610388,160.6887369274,161.1121263458,68736009,0.0,1.0
27-06-2022,169.49,171.75,168.01,171.32,29174559,168.8477000733,167.3733086867,170.6707650985,29174559,0.0,1.0
28-06-2022,160.68,171.3,160.61,169.9,27788725,160.0710864816,160.0013517539,169.2561463358,27788725,0.0,1.0
29-06-2022,163.94,166.33,160.32,163.57,28595236,163.3187323737,159.712450739,162.950134527,28595236,0.0,1.0
30-06-2022,161.25,165.23,158.49,162.15,35250605,160.6389264075,157.8893857137,161.5355157642,35250605,0.0,1.0
01-07-2022,160.03,160.62,155.0,160.31,31423933,159.423549724,154.4126114305,159.702488635,31423933,0.0,1.0
05-07-2022,168.19,168.25,157.02,158.14,28664799,167.552626558,156.4249564311,157.540712075,28664799,0.0,1.0
06-07-2022,169.77,171.59,165.46,168.2,23085921,169.1266389842,164.8329721761,167.562588662,23085921,0.0,1.0
07-07-2022,172.19,172.72,167.78,169.45,24083368,171.5374681433,167.1441802955,168.8078516574,24083368,0.0,1.0
08-07-2022,170.88,172.4,168.1501,169.98,19249243,170.2324325242,167.5128777632,169.3358431675,19249243,0.0,1.0
11-07-2022,162.88,167.49,161.91,167.065,21905133,162.2627493535,161.2964252691,166.4318898622,21905133,0.0,1.0
12-07-2022,163.27,165.9107,162.1,164.8,16639659,162.6512714081,161.4857052444,164.1754733145,16639659,0.0,1.0
13-07-2022,163.49,164.98,159.6127,160.16,16555138,162.8704376953,159.0078311256,159.5530570755,16555138,0.0,1.0
14-07-2022,158.05,162.59,157.2801,161.22,23765168,157.4510531393,156.6840707552,160.6090400956,23765168,0.0,1.0
15-07-2022,164.7,164.98,159.82,160.54,23342807,164.0758522749,159.2143455408,159.9316170261,23342807,0.0,1.0
18-07-2022,167.23,171.685,165.64,166.75,23574337,166.5962645776,165.0122900474,166.1180835873,23574337,0.0,1.0
19-07-2022,175.78,176.49,169.51,170.37,25933679,175.1138634661,168.8676242812,169.724365222,25933679,0.0,1.0
20-07-2022,183.09,183.6,176.7,177.485,24784274,182.3961614633,176.0303770308,176.8124021919,24784274,0.0,1.0
21-07-2022,183.17,183.85,178.87,180.63,27195815,182.475858295,178.1921535908,179.9454838883,27195815,0.0,1.0
22-07-2022,169.27,175.5995,168.41,173.07,42583916,168.6285337861,167.7717928452,172.4141332921,42583916,0.0,1.0
25-07-2022,166.65,170.57,164.805,169.0,26166326,166.0184625477,164.1804543665,168.3595569791,26166326,0.0,1.0
26-07-2022,159.15,166.0,157.95,165.94,28468424,158.5468845753,157.3514320997,165.3111531663,28468424,0.0,1.0
27-07-2022,169.58,170.87,162.02,162.59,43846557,168.9373590089,161.4060084127,161.9738483386,43846557,0.0,1.0
28-07-2022,160.72,161.51,154.85,161.06,73214326,160.1109348975,154.263179871,160.4496464322,73214326,0.0,1.0
29-07-2022,159.1,160.14,155.17,157.69,42065395,158.4970740554,154.5819671979,157.0924173966,42065395,0.0,1.0
01-08-2022,159.93,165.19,155.2301,157.25,40596702,159.3239286844,154.6418394427,156.6540848222,40596702,0.0,1.0
02-08-2022,160.19,162.24,158.01,158.31,27374516,159.5829433874,157.4112047234,157.7100678423,27374516,0.0,1.0
03-08-2022,168.8,169.54,161.57,162.69,31717527,168.1603148998,160.9577137344,162.0734693782,31717527,0.0,1.0
04-08-2022,170.57,172.15,166.8,168.295,23938212,169.9236073013,166.1678941071,167.6572286496,23938212,0.0,1.0
05-08-2022,167.11,171.612,165.8,166.99,25832701,166.47671933,165.1716837108,166.3571740824,25832701,0.0,1.0
08-08-2022,170.25,177.51,167.13,168.0,27299113,169.6048199745,166.4966435379,167.3633465827,27299113,0.0,1.0
09-08-2022,168.53,169.53,166.6,168.95,18655056,167.8913380928,165.9686520279,168.3097464592,18655056,0.0,1.0
10-08-2022,178.34,180.48,173.95,175.99,30262132,177.6641620807,173.2907984409,175.3230676494,30262132,0.0,1.0
11-08-2022,177.49,183.1,176.37,179.71,24079062,176.8173832439,175.7016276,179.0289703237,24079062,0.0,1.0
12-08-2022,180.5,181.4572,178.911,180.81,21274046,179.8159765368,178.232998217,180.1248017597,21274046,0.0,1.0
15-08-2022,180.89,181.44,178.2,178.96,15878671,180.2044985914,177.5246926253,178.2818125265,15878671,0.0,1.0
16-08-2022,179.47,180.99,177.035,179.44,21156710,178.7898798286,176.3641075135,178.7599935167,21156710,0.0,1.0
17-08-2022,174.85,178.14,174.17,176.76,20118133,174.1873877976,173.5099647281,176.0901496545,20118133,0.0,1.0
18-08-2022,174.66,175.76,171.86,174.34,18844451,173.9981078223,171.2087187126,173.6793204954,18844451,0.0,1.0
19-08-2022,167.96,172.32,167.05,170.2,26240799,167.3234981669,166.4169467062,169.5550094546,26240799,0.0,1.0
22-08-2022,163.05,165.49,162.26,165.49,19499711,162.4321051209,161.6450989078,164.862858488,19499711,0.0,1.0
23-08-2022,161.11,165.05,160.7,162.48,18111777,160.499456952,160.0910106896,161.864265195,18111777,0.0,1.0
24-08-2022,163.26,165.46,159.77,160.6,20891481,162.6413093041,159.164535021,159.9913896499,20891481,0.0,1.0
25-08-2022,168.78,168.88,164.02,165.18,15550514,168.1403906919,163.3984292054,164.5540332651,15550514,0.0,1.0
26-08-2022,161.78,170.92,161.6726,168.48,24023633,161.1669179176,161.059924921,167.841527573,24023633,0.0,1.0
29-08-2022,159.17,163.05,159.01,160.655,19771863,158.5668087832,158.4074151198,160.0461812217,19771863,0.0,1.0
30-08-2022,157.16,161.66,155.91,160.355,19567948,156.5644258866,155.3191628912,159.7473181028,19567948,0.0,1.0
31-08-2022,162.93,167.84,162.14,167.07,40952975,162.3125598734,161.5255536603,166.4368709142,40952975,0.0,1.0
01-09-2022,165.36,167.3599,160.345,163.58,30145683,164.7333511364,159.7373559989,162.960096631,30145683,0.0,1.0
02-09-2022,160.32,167.93,159.22,167.45,22634191,159.712450739,158.616619303,166.8154308648,22634191,0.0,1.0
06-09-2022,158.54,161.69,157.69,160.1,19282598,157.9391962335,157.0924173966,159.4932844518,19282598,0.0,1.0
07-09-2022,160.39,160.955,156.81,157.76,16831182,159.7821854667,156.2157522478,157.1621521244,16831182,0.0,1.0
08-09-2022,162.06,162.23,157.74,158.71,22530785,161.4458568286,157.1422279164,158.1085520009,22530785,0.0,1.0
09-09-2022,169.15,169.54,163.02,163.248,22129802,168.5089885385,162.402218809,162.6293547794,22129802,0.0,1.0
12-09-2022,168.96,171.39,167.28,167.39,23220405,168.3197085632,166.6460750974,166.755658241,23220405,0.0,1.0
13-09-2022,153.13,161.63,152.67,161.54,44444061,152.5496979894,152.0914412071,160.9278274225,44444061,0.0,1.0
14-09-2022,151.47,153.54,149.05,153.33,43064195,150.8959887315,148.4851595724,152.7489400686,43064195,0.0,1.0
15-09-2022,149.55,154.1984,148.7,149.8,34606348,148.9832647705,148.1364859336,149.2323173696,34606348,0.0,1.0
16-09-2022,146.29,148.58,144.2935,148.05,40122824,145.7356188785,143.7466848222,147.488949176,40122824,0.0,1.0
19-09-2022,148.02,148.58,145.1,145.235,22169477,147.4590628641,144.5501285069,144.6846169104,22169477,0.0,1.0
20-09-2022,146.09,148.84,145.22,145.775,23217350,145.5363767992,144.6696737544,145.2225705244,23217350,0.0,1.0
21-09-2022,142.12,149.6,142.0,146.39,38338614,141.5814215258,141.4618762783,145.8352399181,38338614,0.0,1.0
22-09-2022,142.82,144.58,140.87,141.55,34162531,142.2787688032,140.3361585304,141.0135815999,34162531,0.0,1.0
23-09-2022,140.41,142.62,138.89,141.42,31710685,139.8779017481,138.3636619457,140.8840742484,31710685,0.0,1.0
26-09-2022,136.37,142.24,136.19,140.12,30497021,135.8532117469,135.6738938756,139.5890007332,30497021,0.0,1.0
27-09-2022,134.4,139.42,134.1201,137.92,30826471,133.8906772662,133.6118379763,137.3973378613,30826471,0.0,1.0
28-09-2022,141.61,142.03,134.27,134.62,32658478,141.0733542237,133.7611699147,134.1098435534,32658478,0.0,1.0
29-09-2022,136.41,139.84,135.2,139.36,38985414,135.8930601628,134.6876455832,138.831880832,38985414,0.0,1.0
30-09-2022,135.68,140.99,135.5,136.05,33166393,135.1658265735,134.9865087021,135.5344244201,33166393,0.0,1.0
03-10-2022,138.61,139.62,136.1,137.14,27723063,138.0847230347,135.5842349399,136.6202937521,27723063,0.0,1.0
04-10-2022,140.28,142.3901,139.34,140.49,34670729,139.7483943966,138.811956624,139.9575985798,34670729,0.0,1.0
05-10-2022,138.98,140.21,134.78,138.24,27979348,138.4533208814,134.2692372168,137.7161251881,27979348,0.0,1.0
06-10-2022,139.07,141.45,136.6,137.715,36231056,138.542979817,136.0823401381,137.19311473,36231056,0.0,1.0
07-10-2022,133.45,138.29,132.44,136.76,33214773,132.9442773897,131.9381048894,136.2417338015,33214773,0.0,1.0
10-10-2022,133.79,136.11,131.87,133.55,24023982,133.2829889244,131.3702649635,133.0438984293,24023982,0.0,1.0
11-10-2022,128.54,132.66,126.99,131.62,38481403,128.0528843437,126.5087582294,131.1212123644,38481403,0.0,1.0
12-10-2022,127.5,129.67,126.25,128.32,34605245,127.0168255315,125.7715625361,127.8337180565,34605245,0.0,1.0
13-10-2022,130.29,131.14,122.5301,123.53,34325715,129.7962525373,122.0657594828,123.0618702581,34325715,0.0,1.0
14-10-2022,126.76,131.79,126.52,131.0,23559407,126.2796298383,126.0405393431,130.5035619187,23559407,0.0,1.0
17-10-2022,134.04,134.79,130.18,130.3,29612245,133.5320415235,129.6866693937,129.8062146413,29612245,0.0,1.0
18-10-2022,132.8,137.8399,131.4,137.085,25444979,132.2967406321,130.9020460772,136.5655021803,25444979,0.0,1.0
19-10-2022,133.23,137.0,132.22,132.89,30691047,132.7251111025,131.7189386022,132.3863995677,30691047,0.0,1.0
20-10-2022,131.53,136.77,131.31,132.93,26356276,131.0315534287,130.8123871415,132.4262479836,26356276,0.0,1.0
21-10-2022,130.01,130.12,125.44,126.31,46348647,129.5173136263,124.9646321151,125.8313351599,46348647,0.0,1.0
24-10-2022,129.72,133.48,124.57,127.25,63563447,129.2284126114,124.0979290703,126.7677729325,63563447,0.0,1.0
25-10-2022,137.51,138.35,130.59,130.875,38433219,136.9888915988,130.0951156562,130.3790356191,38433219,0.0,1.0
26-10-2022,129.82,135.55,128.53,131.68,89294679,129.328033651,128.0429222398,131.1809849882,89294679,0.0,1.0
27-10-2022,97.94,102.5,96.38,97.975,232316571,97.5688462161,96.0147579979,97.60371358,232316571,0.0,1.0
28-10-2022,99.2,100.85,97.51,99.58,95928306,98.8240713155,97.1404757457,99.2026312661,95928306,0.0,1.0
31-10-2022,93.16,99.32,92.6,98.22,121361444,92.8069605217,92.2490826998,97.8477851271,121361444,0.0,1.0
01-11-2022,95.2,97.49,93.55,94.33,110189617,94.8392297302,93.1954825763,93.9725266854,110189617,0.0,1.0
02-11-2022,90.54,95.2,90.48,94.205,71821058,90.1968892833,90.1371166596,93.8480003859,71821058,0.0,1.0
03-11-2022,88.91,90.4576,88.41,90.08,60664012,88.5730663373,88.0749611392,89.738632501,60664012,0.0,1.0
04-11-2022,90.79,91.39,88.09,90.35,55638061,90.4459418824,87.7561738123,90.007609308,55638061,0.0,1.0
07-11-2022,96.72,96.88,93.1,94.78,81987295,96.3534695326,92.7471878979,94.4208213638,81987295,0.0,1.0
08-11-2022,96.47,97.8,94.79,95.92,52088320,96.1044169335,94.4307834677,95.5565012156,52088320,0.0,1.0
09-11-2022,101.47,104.9,100.74,101.72,107677284,101.0854689152,100.3582353259,101.3345215143,107677284,0.0,1.0
10-11-2022,111.87,112.75,104.61,107.12,80670961,111.446057037,104.2135695596,106.7140576544,80670961,0.0,1.0
11-11-2022,113.02,114.9,108.81,109.23,59961742,112.5916989927,108.3976532242,108.8160615907,59961742,0.0,1.0
14-11-2022,114.22,116.27,110.8,110.99,53394974,113.7871514683,110.3801119129,110.5693918882,53394974,0.0,1.0
15-11-2022,117.08,118.74,114.4116,116.07,50670499,116.6363132018,113.9780253803,115.6301407015,50670499,0.0,1.0
16-11-2022,113.23,116.075,112.66,114.5,33287773,112.800903176,112.2330632501,114.0660903793,33287773,0.0,1.0
17-11-2022,111.45,112.33,109.8,110.41,35093822,111.0276486705,109.3839015166,109.9915898583,35093822,0.0,1.0
18-11-2022,112.05,114.32,110.62,113.8,33357707,111.6253749083,110.2007940416,113.3687431019,33357707,0.0,1.0
21-11-2022,109.86,112.3699,109.19,111.52,24351074,109.4436741404,108.7762131748,111.0973833983,24351074,0.0,1.0
22-11-2022,111.44,111.62,108.3216,109.86,29028963,111.0176865665,107.9111040666,109.4436741404,29028963,0.0,1.0
23-11-2022,112.24,112.67,110.73,111.72,21343083,111.8146548836,110.3103771852,111.2966254775,21343083,0.0,1.0
25-11-2022,111.41,112.73,111.02,111.3,12007566,110.9878002547,110.5992782001,110.8782171111,12007566,0.0,1.0
28-11-2022,108.78,112.04,108.38,110.78,23332816,108.3677669123,107.9692827538,110.360187705,23332816,0.0,1.0
29-11-2022,109.46,110.94,108.5437,109.54,23899238,109.0451899818,108.1323623957,109.1248868135,23899238,0.0,1.0
30-11-2022,118.1,118.16,109.38,109.505,43348557,117.6524478061,108.9654931501,109.0900194497,43348557,0.0,1.0
01-12-2022,120.44,121.2,118.4,119.198,36551374,119.9835801335,117.951310925,118.7462868212,36551374,0.0,1.0
02-12-2022,123.49,124.04,117.61,117.83,39950464,123.0220218423,117.1643047119,117.3834709991,39950464,0.0,1.0
05-12-2022,122.43,124.67,121.35,121.75,35474884,121.9660388222,120.8901315941,121.2886157527,35474884,0.0,1.0
06-12-2022,114.12,120.55,113.74,119.91,43689183,113.6875304287,113.3089704781,119.4555886234,43689183,0.0,1.0
07-12-2022,113.93,115.88,112.88,113.76,29461137,113.4982504534,112.4522295373,113.328894686,29461137,0.0,1.0
08-12-2022,115.33,117.34,114.59,116.39,30619418,114.8929450083,114.155749315,115.9489280284,30619418,0.0,1.0
09-12-2022,115.9,117.54,113.87,115.3,26033353,115.4607849342,113.4384778296,114.8630586964,26033353,0.0,1.0
12-12-2022,114.71,115.72,113.14,115.18,24747064,114.2752945625,112.7112442403,114.7435134488,24747064,0.0,1.0
13-12-2022,120.15,123.3,118.64,122.13,44701054,119.6946791185,118.1904014201,121.6671757033,44701054,0.0,1.0
14-12-2022,121.59,124.14,119.39,119.39,36922037,121.1292220893,118.9375592173,118.9375592173,36922037,0.0,1.0
15-12-2022,116.15,118.625,114.01,118.33,34530970,115.7098375332,113.5779472851,117.8815761972,34530970,0.0,1.0
16-12-2022,119.43,123.31,118.8214,120.23,67064001,118.9774076332,118.371113986,119.7743759503,67064001,0.0,1.0
19-12-2022,114.48,117.8,114.331,116.83,29769875,114.0461661714,113.8977308223,116.3872606027,29769875,0.0,1.0
20-12-2022,117.09,117.33,112.46,113.26,28742501,116.6462753058,112.0338211708,112.8307894879,28742501,0.0,1.0
21-12-2022,119.76,120.34,115.62,116.7,20392799,119.306157064,115.1818460232,116.2577532512,20392799,0.0,1.0
22-12-2022,117.12,118.62,114.38,117.2,23618121,116.6761616177,113.9465451317,116.7558584494,23618121,0.0,1.0
23-12-2022,118.04,118.175,115.535,116.03,17796625,117.5926751823,115.0971681395,115.5902922857,17796625,0.0,1.0
27-12-2022,116.88,118.6,116.0501,117.93,21392311,116.4370711226,115.6103161146,117.4830920387,21392311,0.0,1.0
28-12-2022,115.62,118.15,115.51,116.25,19612473,115.1818460232,115.0722628796,115.8094585729,19612473,0.0,1.0
29-12-2022,120.26,121.03,115.77,116.4,22366192,119.8042622621,115.3312775826,115.9588901323,22366192,0.0,1.0
30-12-2022,120.34,120.42,117.74,118.16,19583825,119.8839590938,117.2938120634,117.7122204299,19583825,0.0,1.0
03-01-2023,124.74,126.37,122.28,122.82,35528531,124.2672848377,121.8166072627,122.3545608767,35528531,0.0,1.0
04-01-2023,127.37,129.0498,125.85,127.38,32397094,126.88731818,125.3730783776,126.897280284,32397094,0.0,1.0
05-01-2023,126.94,128.52,124.54,126.125,25447099,126.4589477096,124.0680427584,125.6470362366,25447099,0.0,1.0
06-01-2023,130.02,130.33,126.04,128.97,27584498,129.5272757303,125.5623583529,128.4812548141,27584498,0.0,1.0
09-01-2023,129.47,132.95,129.28,131.16,26649145,128.9793600123,128.790080037,130.6629555821,26649145,0.0,1.0
10-01-2023,132.99,133.44,127.15,127.27,28684431,132.4860206074,126.6681518928,126.7876971404,28684431,0.0,1.0
11-01-2023,132.89,133.8494,130.34,130.96,25423046,132.3863995677,129.8460630571,130.4637135028,25423046,0.0,1.0
12-01-2023,136.71,137.6781,131.76,133.44,30757732,136.1919232817,131.2606818199,132.9343152857,30757732,0.0,1.0
13-01-2023,136.98,137.39,134.835,134.97,22423839,136.4609000887,134.3240287886,134.4585171921,22423839,0.0,1.0
17-01-2023,135.36,136.75,134.25,136.176,21147587,134.8470392467,133.7412457067,135.6599469301,21147587,0.0,1.0
18-01-2023,133.02,137.25,132.8,135.81,20215486,132.5159069193,132.2967406321,135.295333925,20215486,0.0,1.0
19-01-2023,136.15,137.45,132.14,132.49,28625232,135.6340454598,131.6392417705,131.9879154092,28625232,0.0,1.0
20-01-2023,139.37,139.94,134.61,135.89,28688630,138.8418429359,134.0998814494,135.3750307567,28688630,0.0,1.0
23-01-2023,143.27,143.76,138.66,139.29,27470093,142.7270634816,138.1345335545,138.7621461042,27470093,0.0,1.0
24-01-2023,143.14,145.0,141.36,141.69,21970190,142.5975561301,140.8243016246,141.1530510554,21970190,0.0,1.0
25-01-2023,141.5,143.17,140.31,141.22,26622021,140.9637710801,139.7782807085,140.6848321691,26622021,0.0,1.0
26-01-2023,147.3,147.51,143.3,144.4,25482084,146.7417913788,142.7569497935,143.8527812294,25482084,0.0,1.0
27-01-2023,151.74,153.19,147.39,148.237,35771865,151.1649655385,146.8314503145,147.6752405201,35771865,0.0,1.0
30-01-2023,147.06,151.1233,146.95,149.405,28040100,146.5027008837,146.3931177401,148.8388142631,28040100,0.0,1.0
31-01-2023,148.97,149.88,147.52,147.95,29842109,148.4054627407,146.960957666,147.3893281364,29842109,0.0,1.0
01-02-2023,153.12,153.58,147.06,148.03,55661017,152.5397358854,146.5027008837,147.4690249681,55661017,0.0,1.0
02-02-2023,188.77,197.16,180.16,183.38,150475687,188.0546365144,179.4772650021,182.6850624782,150475687,0.0,1.0
03-02-2023,186.53,196.77,182.89,183.465,76809701,185.8231252267,182.196919384,182.7697403619,76809701,0.0,1.0
06-02-2023,186.06,190.7,185.5156,186.53,42483811,185.3549063404,184.8125694006,185.8231252267,42483811,0.0,1.0
07-02-2023,191.62,193.7799,184.4,185.575,47080662,190.8938361439,183.7011970825,184.8717442982,47080662,0.0,1.0
08-02-2023,183.43,190.83,182.92,190.0,36139074,182.734872998,182.2268056959,189.2799753019,36139074,0.0,1.0
09-02-2023,177.92,186.65,177.27,186.13,37118811,177.2457537143,176.5982169567,185.4246410681,37118811,0.0,1.0
10-02-2023,174.15,178.89,173.35,176.3534,33433567,173.4900405201,172.6930722031,175.6850905074,33433567,0.0,1.0
13-02-2023,179.43,181.0,175.82,178.215,31463223,178.7500314127,175.153711882,177.5396357812,31463223,0.0,1.0
14-02-2023,179.48,181.5064,175.88,177.16,24034631,178.7998419326,175.2134845058,176.4886338131,24034631,0.0,1.0
15-02-2023,177.16,178.19,175.33,176.415,25337966,176.4886338131,174.6655687878,175.7464570678,25337966,0.0,1.0
16-02-2023,172.44,175.85,171.79,172.75,25827473,171.7865207424,171.1389839848,172.0953459653,25827473,0.0,1.0
17-02-2023,172.88,173.18,169.7,170.22,24171260,172.2248533168,169.0569042565,169.5749336626,24171260,0.0,1.0
21-02-2023,172.08,178.17,171.88,174.31,34592582,171.4278849997,171.2286429205,173.6494341835,34592582,0.0,1.0
22-02-2023,171.12,172.755,169.69,171.07,22433158,170.4715230193,169.0469421525,170.4217124995,22433158,0.0,1.0
23-02-2023,172.04,173.69,169.38,172.0,20017779,171.3880365839,168.7381169297,171.348188168,20017779,0.0,1.0
24-02-2023,170.39,170.72,167.66,168.64,19791334,169.74428943,167.024635048,168.0009212364,19791334,0.0,1.0
27-02-2023,169.54,173.12,169.06,171.875,19277002,168.8975105931,168.4193296028,171.2236618685,19277002,0.0,1.0
28-02-2023,174.94,177.55,171.87,171.9,46051117,174.2770467332,171.2186808165,171.2485671284,46051117,0.0,1.0
01-03-2023,173.42,177.85,173.05,174.59,30998380,172.7628069308,172.3942090842,173.9283730945,30998380,0.0,1.0
02-03-2023,174.53,175.01,171.43,172.38,17360708,173.8686004707,170.7803482421,171.7267481186,17360708,0.0,1.0
03-03-2023,185.25,186.62,177.05,178.92,45877692,184.5479759194,176.3790506695,178.2419641106,45877692,0.0,1.0
06-03-2023,184.9,189.66,184.64,188.0,33209394,184.1993022806,183.9402875776,187.2875545092,33209394,0.0,1.0
07-03-2023,184.51,190.36,184.01,189.0,36701495,183.8107802261,183.3126750279,188.2837649056,36701495,0.0,1.0
08-03-2023,184.97,185.26,181.34,182.87,19432405,184.2690370084,180.6527932697,182.1769951761,19432405,0.0,1.0
09-03-2023,181.69,188.93,180.3,186.35,26582750,181.0014669084,179.6167344575,185.6438073553,26582750,0.0,1.0
10-03-2023,179.51,184.77,178.8,181.01,25665032,178.8297282444,178.1224188631,180.3240438389,25665032,0.0,1.0
13-03-2023,180.9,183.78,174.82,177.96,24727969,180.2144606953,174.1575014857,177.2856021301,24727969,0.0,1.0
14-03-2023,194.02,194.32,186.56,187.58,41642627,193.2847410951,185.8530115385,186.8691461428,41642627,0.0,1.0
15-03-2023,197.75,197.78,190.8351,192.95,42123552,197.0006058734,190.1119106039,192.2187959711,42123552,0.0,1.0
16-03-2023,204.93,205.76,196.0886,198.26,50819659,204.153396519,195.345501921,197.5086731756,50819659,0.0,1.0
17-03-2023,195.61,201.9,195.4304,200.56,50141098,194.8687156253,194.6897962381,199.7999570871,50141098,0.0,1.0
20-03-2023,197.81,199.36,193.64,198.48,25186315,197.0603784972,192.9061811445,197.7278394627,25186315,0.0,1.0
21-03-2023,202.16,203.55,197.95,203.2,31826952,201.3938937212,197.1998479527,202.4299525334,31826952,0.0,1.0
22-03-2023,199.81,207.37,199.67,202.5,28477759,199.0527992899,198.9133298344,201.732605256,28477759,0.0,1.0
23-03-2023,204.28,207.88,202.15,202.84,27389669,203.5058597614,201.3839316173,202.0713167907,27389669,0.0,1.0
24-03-2023,206.01,207.58,203.55,205.18,27733042,205.2293037471,202.7786261721,204.4024491181,27733042,0.0,1.0
27-03-2023,202.84,205.86,201.36,204.81,18527184,202.0713167907,200.5969254042,204.0338512715,18527184,0.0,1.0
28-03-2023,200.68,201.03,197.9,200.15,19127295,199.9195023347,197.1500374329,199.3915108246,19127295,0.0,1.0
29-03-2023,205.35,205.72,202.5355,203.56,18851137,204.5718048855,201.767970725,202.7885882761,18851137,0.0,1.0
30-03-2023,207.84,208.09,202.82,203.38,22608303,207.0523687724,202.0513925828,202.6092704047,22608303,0.0,1.0
31-03-2023,211.94,212.17,206.77,207.24,25440273,211.1368313973,205.9864236483,206.4546425346,25440273,0.0,1.0
03-04-2023,213.07,213.4861,208.2,208.84,17924613,212.2625491451,207.411004515,208.0485791687,17924613,0.0,1.0
04-04-2023,214.72,216.24,212.54,213.39,21026367,213.9062962991,211.7345576351,212.581336472,21026367,0.0,1.0
05-04-2023,211.48,215.19,209.94,214.15,19396630,210.678574615,209.1444106046,213.3384563732,19396630,0.0,1.0
06-04-2023,216.1,216.94,208.65,209.25,26104411,215.281066646,207.8592991934,208.4570254312,26104411,0.0,1.0
10-04-2023,214.75,215.66,210.66,214.71,16106074,213.936182611,209.86168209,213.8963341951,16106074,0.0,1.0
11-04-2023,213.85,216.02,213.41,215.48,16710101,213.0395932543,212.6012606799,214.6634162003,16710101,0.0,1.0
12-04-2023,214.0,216.84,212.584,214.835,18972172,213.1890248137,211.7783908925,214.0208604947,18972172,0.0,1.0
13-04-2023,220.35,221.15,215.69,215.73,23310357,219.5149608304,214.8726203835,214.9124687994,23310357,0.0,1.0
14-04-2023,221.49,222.11,217.55,217.88,21591207,220.6506406822,216.7255717207,217.0543211515,21591207,0.0,1.0
17-04-2023,218.86,220.979,217.13,219.79,15411724,218.0306073399,216.3071633542,218.9570830084,15411724,0.0,1.0
18-04-2023,217.89,220.44,216.21,219.91,12280984,217.0642832554,215.3906497896,219.076628256,12280984,0.0,1.0
19-04-2023,215.7,217.33,212.93,213.472,15898078,214.8825824875,212.1230796897,212.6630257245,15898078,0.0,1.0
20-04-2023,213.07,216.75,212.77,213.48,16475443,212.2625491451,211.9636860262,212.6709954076,16475443,0.0,1.0
21-04-2023,212.89,213.41,209.58,210.21,17717166,212.0832312738,208.785774862,209.4133874116,17717166,0.0,1.0
24-04-2023,212.79,213.92,210.71,213.675,15750920,211.9836102342,209.9114926098,212.8652564349,15750920,0.0,1.0
25-04-2023,207.55,211.26,207.13,210.815,19198175,206.7634677574,206.345059391,210.0160947014,19198175,0.0,1.0
26-04-2023,209.4,214.11,208.88,212.5,35185227,208.6064569906,208.0884275845,211.6947092192,35185227,0.0,1.0
27-04-2023,238.56,241.685,236.77,239.89,71196531,237.6559521475,235.8727355381,238.9809119746,71196531,0.0,1.0
28-04-2023,240.32,240.43,235.75,239.01,39554036,239.409282445,234.8566009338,238.1042468258,39554036,0.0,1.0
01-05-2023,243.18,244.0,236.46,238.615,29143912,242.2584441785,235.5639103152,237.7107437193,29143912,0.0,1.0
02-05-2023,239.24,244.92,238.99,243.18,24350149,238.333375217,238.0843226179,242.2584441785,24350149,0.0,1.0
03-05-2023,237.03,241.75,232.75,239.47,34463859,236.1317502411,231.8679697448,238.5625036081,34463859,0.0,1.0
04-05-2023,233.52,238.2,232.9264,236.06,17889391,232.63505175,232.0437012587,235.1654261567,17889391,0.0,1.0
05-05-2023,232.78,234.68,229.85,232.24,27000480,231.8978560567,228.9789595955,231.3599024427,27000480,0.0,1.0
08-05-2023,233.27,235.62,230.27,231.415,16400526,232.3859991509,229.3973679619,230.5380288657,16400526,0.0,1.0
09-05-2023,233.37,235.88,231.08,231.46,16865587,232.4856201906,230.204298383,230.5828583336,16865587,0.0,1.0
10-05-2023,233.08,236.75,230.72,236.17,19119007,232.1967191756,229.8456626403,235.2750093003,19119007,0.0,1.0
11-05-2023,235.79,238.21,232.3,233.05,20448991,234.8964493497,231.4196750665,232.1668328637,20448991,0.0,1.0
12-05-2023,233.81,236.9599,231.45,236.74,16161447,232.9239527649,230.5728962296,235.8428492262,16161447,0.0,1.0
15-05-2023,238.86,240.255,235.33,236.92,20653229,237.9548152664,234.4381925673,236.0221670975,20653229,0.0,1.0
16-05-2023,238.82,239.635,235.52,235.79,18163772,237.9149668505,234.6274725427,234.8964493497,18163772,0.0,1.0
17-05-2023,242.485,243.8423,238.14,238.45,21193080,241.5660779531,237.237543781,237.5463690039,21193080,0.0,1.0
18-05-2023,246.85,247.0881,241.19,241.3,22943297,245.914536333,240.2759854898,240.3855686334,22943297,0.0,1.0
19-05-2023,245.64,248.69,243.41,247.47,21733581,244.7091217535,242.4875725697,246.5321867787,21733581,0.0,1.0
22-05-2023,248.32,253.57,245.12,245.41,27738479,247.3789656156,244.1910923474,244.4799933623,27738479,0.0,1.0
23-05-2023,246.74,251.61,246.65,246.81,17748115,245.8049531894,245.7152942538,245.8746879172,17748115,0.0,1.0
24-05-2023,249.21,249.5892,244.952,245.28,17724338,248.2655928684,244.0237290008,244.3504860108,17724338,0.0,1.0
25-05-2023,252.69,255.62,249.17,253.4,22371435,251.7324050476,248.2257444525,252.439714429,22371435,0.0,1.0
26-05-2023,262.04,262.3107,252.71,252.93,25768663,261.0469722532,251.7523292555,251.9714955427,25768663,0.0,1.0
30-05-2023,262.52,268.65,261.29,265.25,23816483,261.5251532434,260.299814456,264.2448076254,23816483,0.0,1.0
31-05-2023,264.72,265.0,258.45,260.0,25361238,263.7168161154,257.4705769304,259.0147030447,25361238,0.0,1.0
01-06-2023,272.61,274.0,265.89,265.9,25609508,271.5769161424,264.8823822791,264.892344383,25609508,0.0,1.0
02-06-2023,272.61,275.35,271.12,272.66,19416930,271.5769161424,270.0925626518,271.6267266622,19416930,0.0,1.0
05-06-2023,271.39,275.57,269.56,270.3,20742946,270.3615394589,268.5384744336,269.2756701269,20742946,0.0,1.0
06-06-2023,271.12,276.57,269.69,270.14,19419010,270.0925626518,268.6679817851,269.1162764634,19419010,0.0,1.0
07-06-2023,263.6,274.25,262.8,271.67,26163627,262.6010604715,261.8040921544,270.6404783698,26163627,0.0,1.0
08-06-2023,264.58,267.65,258.88,260.62,20899359,263.5773466599,257.8989474008,259.6323534904,20899359,0.0,1.0
09-06-2023,264.95,267.949,261.7,262.48,16949794,263.9459445065,260.7082607185,261.4853048276,16949794,0.0,1.0
12-06-2023,271.05,271.75,265.33,267.17,15471702,270.0228279241,264.3245044571,266.1575315864,15471702,0.0,1.0
13-06-2023,271.32,275.72,269.0923,274.88,16164024,270.2918047311,268.0725468312,273.838313742,16164024,0.0,1.0
14-06-2023,273.35,274.99,268.315,271.89,19175066,272.3141118357,267.2981924902,270.859644657,19175066,0.0,1.0
15-06-2023,281.83,283.99,271.42,272.3,25973455,280.7619759965,270.3914257707,271.2680909195,25973455,0.0,1.0
16-06-2023,281.0,287.85,280.13,284.75,43127731,279.9351213675,279.0684183227,283.6709103538,43127731,0.0,1.0
20-06-2023,284.33,284.8,276.22,278.73,20701589,283.2525019873,275.1732356731,277.6737237679,20701589,0.0,1.0
21-06-2023,281.64,284.0,278.36,283.53,20556170,280.5726960212,277.3051259212,282.4555336703,20556170,0.0,1.0
22-06-2023,284.88,285.26,277.79,279.08,17563061,283.8004177053,276.7372859953,278.0223974066,17563061,0.0,1.0
23-06-2023,288.73,289.67,278.95,281.51,51092038,287.6358277311,277.8928900551,280.4431886697,51092038,0.0,1.0
26-06-2023,278.47,289.79,277.6,288.7,24232651,277.4147090648,276.54800602,287.6059414193,24232651,0.0,1.0
27-06-2023,287.05,289.345,280.655,282.01,26108260,285.9621942653,279.5914287808,280.9412938678,26108260,0.0,1.0
28-06-2023,285.29,289.55,284.06,284.82,16722117,284.2088639678,282.9835251803,283.7406450815,16722117,0.0,1.0
29-06-2023,281.53,286.57,280.69,284.5,15395690,280.4631128776,279.6262961447,283.4218577547,15395690,0.0,1.0
30-06-2023,286.98,289.05,284.415,284.76,19694872,285.8924595376,283.337179871,283.6808724577,19694872,0.0,1.0
03-07-2023,286.02,289.4,284.8499,286.7,8629269,284.9360975571,283.7704317724,285.6135206266,8629269,0.0,1.0
05-07-2023,294.37,298.12,286.36,287.65,33865457,293.2544543664,285.2748090919,286.5599205031,33865457,0.0,1.0
06-07-2023,291.99,298.12,291.31,295.885,47733829,290.8834736232,290.2060505537,294.7637131169,47733829,0.0,1.0
07-07-2023,290.53,296.2,288.66,292.18,25585975,289.4290064445,287.5660930034,291.0727535985,25585975,0.0,1.0
10-07-2023,294.1,298.13,287.05,295.55,37058306,292.9854775594,285.9621942653,294.4299826341,37058306,0.0,1.0
11-07-2023,298.29,300.18,291.9,293.9,27585918,297.15959912,290.7938146875,292.7862354802,27585918,0.0,1.0
12-07-2023,309.34,309.45,300.1004,301.745,36677127,308.1677239994,298.9631384215,300.6015060393,36677127,0.0,1.0
13-07-2023,313.41,316.24,310.2901,313.62,30280972,312.2223003125,309.114223497,312.4315044957,30280972,0.0,1.0
14-07-2023,308.87,314.88,307.3612,311.79,23054108,307.6995051131,306.1964228672,310.6084394704,23054108,0.0,1.0
17-07-2023,310.62,311.71,304.71,307.54,25323126,309.4428733067,303.5552698644,306.374545286,25323126,0.0,1.0
18-07-2023,312.05,314.2,307.6188,310.875,20764580,310.8674541735,306.4530466653,309.6969069578,20764580,0.0,1.0
19-07-2023,316.01,318.68,310.52,313.03,21763688,314.8124473429,309.3432522671,311.8437403619,21763688,0.0,1.0
20-07-2023,302.52,315.54,302.22,313.5,23836876,301.3735690965,301.0747059776,312.3119592481,23836876,0.0,1.0
21-07-2023,294.26,305.46,291.2,304.57,42139259,293.1448712228,290.0964674101,303.4158004089,42139259,0.0,1.0
24-07-2023,291.61,297.52,288.3001,295.78,24949405,290.5049136726,287.2075568818,294.6591110252,24949405,0.0,1.0
25-07-2023,294.47,298.3,291.86,295.19,19585584,293.3540754061,290.7539662716,294.0713468914,19585584,0.0,1.0
26-07-2023,298.57,301.77,291.9,301.19,47256930,297.438538031,290.7938146875,300.0486092694,47256930,0.0,1.0
27-07-2023,311.71,325.35,309.84,325.12,64229173,310.5287426387,308.6658291976,323.8879240534,64229173,0.0,1.0
28-07-2023,325.48,326.2,314.2481,316.875,39220270,324.2465597961,313.0572242456,315.6741693357,39220270,0.0,1.0
31-07-2023,318.6,325.6599,317.59,323.69,25799603,317.3926322694,316.3864597691,322.4633431867,25799603,0.0,1.0
01-08-2023,322.71,324.14,314.66,317.535,22889870,321.4870569983,313.4675633079,316.3316681973,22889870,0.0,1.0
02-08-2023,314.31,318.39,310.65,318.0,20461094,313.1188896692,309.4727596186,316.7949060316,20461094,0.0,1.0
03-08-2023,313.19,315.9499,309.93,309.93,15215422,312.0031340253,308.7554881333,308.7554881333,15215422,0.0,1.0
04-08-2023,310.73,318.41,310.2,314.96,17612762,309.5524564503,309.0244649403,313.7664264268,17612762,0.0,1.0
07-08-2023,316.56,317.07,310.46,313.23,16236504,315.3603630609,309.2834796433,312.0429824411,16236504,0.0,1.0
08-08-2023,312.64,317.89,310.11,314.4,15183532,311.4552183073,308.9348060046,313.2085486048,15183532,0.0,1.0
09-08-2023,305.21,313.63,302.85,312.88,19955783,304.0533750626,301.7023185273,311.6943088024,19955783,0.0,1.0
10-08-2023,305.74,312.339,303.87,307.94,14358897,304.5813665726,302.7184531315,306.7730294446,14358897,0.0,1.0
11-08-2023,301.64,304.72,300.36,302.57,14046250,300.4969039477,299.2217546404,301.4233796163,14046250,0.0,1.0
14-08-2023,306.19,306.21,298.25,300.98,15641921,305.029661251,297.1197507042,299.8394050861,15641921,0.0,1.0
15-08-2023,301.95,307.23,300.03,306.14,11623613,300.8057291706,298.8930052096,304.9798507312,11623613,0.0,1.0
16-08-2023,294.29,301.08,294.28,300.195,18547741,293.1747575347,293.1647954308,299.057379925,18547741,0.0,1.0
17-08-2023,285.09,296.05,284.95,293.05,23950089,284.0096218885,283.870152433,291.9394566433,23950089,0.0,1.0
18-08-2023,283.25,285.69,274.38,279.03,35347925,282.1765947593,273.3402085439,277.9725868868,35347925,0.0,1.0
21-08-2023,289.9,290.5,281.85,283.45,20181475,288.8013938948,280.7819002044,282.3758368385,20181475,0.0,1.0
22-08-2023,287.6,292.9,286.75,292.55,12999913,286.5101099833,285.6633311464,291.4413514451,12999913,0.0,1.0
23-08-2023,294.24,297.4,287.67,288.5,18287001,293.1249470149,286.579844711,287.40669934,18287001,0.0,1.0
24-08-2023,286.75,299.46,286.64,298.5,18360882,285.6633311464,285.5537480028,297.3688033032,18360882,0.0,1.0
25-08-2023,285.5,288.386,276.03,286.13,23701443,284.418068151,274.9839556978,285.0456807007,23701443,0.0,1.0
28-08-2023,290.26,291.45,285.8,288.0,14239285,289.1600296375,284.7169312699,286.9085941418,14239285,0.0,1.0
29-08-2023,297.99,299.15,288.18,288.585,20844522,296.8607360011,287.0879120132,287.4913772237,20844522,0.0,1.0
30-08-2023,295.1,298.29,293.43,297.17,17717024,293.9816879557,292.3180165939,296.0438434761,17717024,0.0,1.0
31-08-2023,295.89,301.1,295.66,295.8,17229865,294.7686941688,294.5395657777,294.6790352332,17229865,0.0,1.0
01-09-2023,296.38,301.74,294.47,299.37,12842257,295.256837263,293.3540754061,298.2355063481,12842257,0.0,1.0
05-09-2023,300.15,301.39,295.51,297.02,14955989,299.0125504572,294.3901342182,295.8944119167,14955989,0.0,1.0
06-09-2023,299.17,303.3,295.66,301.71,15418092,298.0362642688,294.5395657777,300.5666386755,15418092,0.0,1.0
07-09-2023,298.67,307.0499,292.22,298.0,33748737,297.5381590706,291.1126020143,296.8706981051,33748737,0.0,1.0
08-09-2023,297.89,305.25,296.78,299.22,17572203,296.7611149615,295.6553214216,298.0860747886,17572203,0.0,1.0
11-09-2023,307.56,309.04,301.28,301.41,19489330,306.394469494,300.138268205,300.2677755566,19489330,0.0,1.0
12-09-2023,301.66,308.6599,300.23,306.33,13480400,300.5168281556,299.0922472889,305.1691307065,13480400,0.0,1.0
13-09-2023,305.06,307.18,301.3206,302.36,13210915,303.9039435031,300.1787143471,301.2141754331,13210915,0.0,1.0
14-09-2023,311.72,312.87,305.03,306.74,19343102,310.5387047427,303.8740571913,305.577576969,19343102,0.0,1.0
15-09-2023,300.31,312.0,298.75,311.61,28131140,299.1719441206,297.6178559023,310.4291215991,28131140,0.0,1.0
18-09-2023,302.55,303.6,297.8,298.19,14234158,301.4034554084,296.6714560258,297.0599780804,14234158,0.0,1.0
19-09-2023,305.07,306.17,299.81,302.48,15931618,303.9139056071,298.6738389224,301.3337206806,15931618,0.0,1.0
20-09-2023,299.67,308.06,299.43,305.05,19379515,298.534369467,298.2952789718,303.8939813992,19379515,0.0,1.0
21-09-2023,295.73,300.2566,293.27,295.7,21319582,294.6093005054,292.1586229305,294.5794141935,21319582,0.0,1.0
22-09-2023,299.08,305.38,298.27,299.3,25369592,297.9466053331,297.1396749121,298.1657716203,25369592,0.0,1.0
25-09-2023,300.83,300.95,293.7,295.64,18987014,299.6899735267,292.5869934009,294.5196415698,18987014,0.0,1.0
26-09-2023,298.96,300.2999,296.0101,297.66,19417161,297.8270600856,294.8883390374,296.5319865703,19417161,0.0,1.0
27-09-2023,297.74,301.2997,286.79,300.45,36429835,296.611683402,285.7031795623,299.3114135761,36429835,0.0,1.0
28-09-2023,303.96,306.3299,296.7,298.935,22167075,302.8081120672,295.5756245899,297.8021548257,22167075,0.0,1.0
29-09-2023,300.21,310.64,299.36,307.38,25373695,299.072323081,298.2255442441,306.2151516226,25373695,0.0,1.0
02-10-2023,306.82,307.18,301.63,302.74,16265571,305.6572738007,300.4869418437,301.5927353837,16265571,0.0,1.0
03-10-2023,300.94,306.77,299.64,304.26,17362250,299.7995566703,298.5044831551,303.1069751861,17362250,0.0,1.0
04-10-2023,305.58,306.9,298.5,298.725,16880484,304.4219729092,297.3688033032,297.5929506424,16880484,0.0,1.0
05-10-2023,304.79,306.208,299.5,304.625,19129957,303.6349666961,298.3650136996,303.4705919807,19129957,0.0,1.0
06-10-2023,315.43,316.31,300.9148,301.44,21803856,314.234645313,299.7744521683,300.2976618684,21803856,0.0,1.0
09-10-2023,318.36,320.33,311.82,312.5,22503662,317.1535417743,310.6383257823,311.3157488518,22503662,0.0,1.0
10-10-2023,321.84,324.66,318.16,319.12,19037973,320.6203539535,316.954299695,317.9106616755,19037973,0.0,1.0
11-10-2023,327.82,328.835,322.95,323.005,22036297,326.5776921235,321.7261474934,321.7809390652,22036297,0.0,1.0
12-10-2023,324.16,330.54,322.69,328.0,20530518,322.931562073,321.4671327904,326.7570099949,20530518,0.0,1.0
13-10-2023,314.69,325.0502,312.37,323.53,21360790,313.4974496198,311.1862415003,322.3039495233,21360790,0.0,1.0
16-10-2023,321.15,321.82,315.52,318.64,16536114,319.93296878,314.3243042487,317.4324806853,16536114,0.0,1.0
17-10-2023,324.0,324.4,317.3,318.18,16387799,322.7721684096,316.0975587542,316.9742239029,16387799,0.0,1.0
18-10-2023,316.97,325.94,315.56,321.39,16851003,315.7688093234,314.3641526646,320.1720592751,16851003,0.0,1.0
19-10-2023,312.81,321.89,311.7504,319.875,18709160,311.6245740747,310.5689895387,318.6628005247,18709160,0.0,1.0
20-10-2023,308.65,315.3,306.47,314.14,22312275,307.480338826,305.308600162,312.9495339018,22312275,0.0,1.0
23-10-2023,314.01,317.36,307.26,309.5,17796785,312.8200265503,306.0956063751,308.3271176628,17796785,0.0,1.0
24-10-2023,312.55,318.35,310.63,316.78,19525488,311.3655593716,309.4528354107,315.5795293481,19525488,0.0,1.0
25-10-2023,299.53,310.88,298.84,310.0,42192474,298.3949000115,297.707514838,308.825222861,42192474,0.0,1.0
26-10-2023,288.35,295.0,279.403,295.0,66684141,287.2572677805,278.3441733646,293.8820669161,66684141,0.0,1.0
27-10-2023,296.73,299.31,292.97,294.48,29596256,295.6055109018,291.8597598116,293.36403751,29596256,0.0,1.0
30-10-2023,302.66,309.3967,299.05,299.09,28435053,301.513038552,297.9167190212,297.9565674371,28435053,0.0,1.0
31-10-2023,301.27,303.68,296.86,303.31,19434168,300.1283061011,295.7350182533,302.1605753096,19434168,0.0,1.0
01-11-2023,311.85,312.74,301.85,301.85,20434580,310.6682120942,300.7061081309,300.7061081309,20434580,0.0,1.0
02-11-2023,310.87,318.82,308.33,317.3,21631820,309.6919259058,307.1615514991,316.0975587542,21631820,0.0,1.0
03-11-2023,314.6,315.55,311.0167,312.55,16764315,313.4077906841,309.8380699709,311.3655593716,16764315,0.0,1.0
06-11-2023,315.8,318.33,314.45,315.98,12887699,314.6032431597,313.2583591246,314.782561031,12887699,0.0,1.0
07-11-2023,318.82,321.0,315.12,317.06,14055614,317.6117985566,313.9258200902,315.8584682591,14055614,0.0,1.0
08-11-2023,319.78,321.33,314.88,318.14,13609704,318.5681605371,313.6867295951,316.9343754871,13609704,0.0,1.0
09-11-2023,320.55,324.1799,318.8,319.418,16103071,319.3352425422,317.5918743487,318.2075323736,16103071,0.0,1.0
10-11-2023,328.77,329.1,319.46,319.94,19116921,327.524092,318.2493732102,318.7275542005,19116921,0.0,1.0
13-11-2023,329.19,332.33,325.7,326.2,16908948,327.9425003665,324.4657260833,324.9638312815,16908948,0.0,1.0
14-11-2023,336.31,338.1,333.33,334.54,17179403,335.0355183883,332.0668114073,333.2722259868,17179403,0.0,1.0
15-11-2023,332.71,338.4,330.02,337.93,14531180,331.4491609616,328.7693549954,336.6493792304,14531180,0.0,1.0
16-11-2023,334.19,334.58,326.38,329.37,18932572,332.9235523481,325.1431491528,328.1218182378,18932572,0.0,1.0
17-11-2023,335.04,335.5,329.35,330.26,14519213,333.770331185,328.1018940299,329.0084454906,14519213,0.0,1.0
20-11-2023,339.97,341.87,334.19,334.89,16976129,338.6816484389,332.9235523481,333.6208996255,16976129,0.0,1.0
21-11-2023,336.98,339.9015,335.9,338.33,12027863,335.7029793539,334.6270721258,337.0478633889,12027863,0.0,1.0
22-11-2023,341.49,342.92,338.58,339.21,10715177,340.1958882413,337.296915988,337.9245285377,10715177,0.0,1.0
24-11-2023,338.23,341.8556,336.77,340.13,5467488,336.9482423493,335.4937751706,338.8410421023,5467488,0.0,1.0
27-11-2023,334.7,339.9,334.2,336.18,15684454,333.4316196502,332.9335144521,334.9060110368,15684454,0.0,1.0
28-11-2023,338.99,339.375,333.4,333.4,12637245,337.7053622505,332.136546135,332.136546135,12637245,0.0,1.0
29-11-2023,332.2,339.9,330.78,339.69,16024497,330.9410936594,329.5264748966,338.4027095279,16024497,0.0,1.0
30-11-2023,327.15,333.5,322.4037,331.89,23146387,325.910231158,321.1819177539,330.6322684366,23146387,0.0,1.0
01-12-2023,324.82,326.86,320.76,325.48,15276375,323.5890609345,319.5444467255,324.2465597961,15276375,0.0,1.0
04-12-2023,320.02,320.86,313.66,317.29,19037080,318.8072510322,312.4713529115,316.0875966502,19037080,0.0,1.0
05-12-2023,318.29,321.88,315.39,318.98,16952128,317.0838070465,314.1947968972,317.77119222,16952128,0.0,1.0
06-12-2023,317.45,322.25,317.04,321.93,11264491,316.2469903136,315.8385440511,320.7100128892,11264491,0.0,1.0
07-12-2023,326.59,328.24,317.77,317.77,15905079,325.352353336,316.5657776404,316.5657776404,15905079,0.0,1.0
08-12-2023,332.75,333.17,323.0,323.09,14087351,331.4890093774,321.7759580132,321.8656169489,14087351,0.0,1.0
11-12-2023,325.28,329.89,319.995,329.4,25802462,324.0473177169,318.7823457723,328.1517045497,25802462,0.0,1.0
12-12-2023,334.22,334.47,324.56,324.6,18485461,332.95343866,323.3300462315,323.3698946474,18485461,0.0,1.0
13-12-2023,334.74,338.37,332.64,333.93,16353321,333.4714680661,331.3794262338,332.6645376451,16353321,0.0,1.0
14-12-2023,333.17,334.7,328.6371,333.85,19607335,331.9074177439,327.3916956384,332.5848408134,19607335,0.0,1.0
15-12-2023,334.92,338.66,331.22,331.99,31776852,333.6507859374,329.964807471,330.7318894762,31776852,0.0,1.0
18-12-2023,344.62,347.56,337.02,337.48,18993852,343.3140267818,335.7428277697,336.201084552,18993852,0.0,1.0
19-12-2023,350.36,353.6,345.12,345.58,17661395,349.0322744567,343.81213198,344.2703887623,17661395,0.0,1.0
20-12-2023,349.28,354.96,347.79,348.65,16369850,347.9563672287,346.4720137381,347.328754679,16369850,0.0,1.0
21-12-2023,354.09,356.405,349.21,352.98,15289556,352.748139235,347.8866325009,351.6423456951,15289556,0.0,1.0
22-12-2023,353.39,357.1999,351.22,355.58,11772779,352.0507919576,349.8890153975,354.2324927255,11772779,0.0,1.0
26-12-2023,354.83,356.98,353.45,354.99,9898614,353.4853349283,352.1105645814,353.6447285917,9898614,0.0,1.0
27-12-2023,357.83,359.0,355.31,356.07,12708318,356.4739661173,353.9635159185,354.7206358197,12708318,0.0,1.0
28-12-2023,358.32,361.9,357.81,359.7,11798807,356.9621092115,356.4540419093,358.3368795584,11798807,0.0,1.0
29-12-2023,353.96,360.0,351.82,358.99,14987092,352.6186318835,350.4867416353,357.629570177,14987092,0.0,1.0
02-01-2024,346.29,353.16,340.01,351.32,19042152,344.9776981437,338.7214968547,349.9886364372,19042152,0.0,1.0
03-01-2024,344.47,347.95,343.175,344.98,15451133,343.1645952223,341.8745027591,343.6726625245,15451133,0.0,1.0
04-01-2024,347.12,348.1499,343.3987,344.5,12099895,345.8045527726,342.0973550248,343.1944815342,12099895,0.0,1.0
05-01-2024,351.95,353.5,346.2601,346.99,13919573,350.6162489869,344.9479114528,345.6750454211,13919573,0.0,1.0
08-01-2024,358.66,358.98,352.05,354.7,13890222,357.3008207462,350.7158700265,353.3558275768,13890222,0.0,1.0
09-01-2024,357.43,360.64,355.36,356.4,13463871,356.0754819587,354.0133264383,355.0493852505,13463871,0.0,1.0
10-01-2024,370.47,372.94,359.08,360.17,22117206,369.0660655268,357.7192291127,358.8050984447,22117206,0.0,1.0
11-01-2024,369.67,372.78,362.93,372.13,17205385,368.2690972098,361.5546391385,370.7197747847,17205385,0.0,1.0
12-01-2024,374.49,377.06,369.54,370.155,19310046,373.07083132,368.1395898582,368.752259252,19310046,0.0,1.0
16-01-2024,367.46,375.61,367.23,373.65,15306885,366.0674722339,365.8383438427,372.2340145871,15306885,0.0,1.0
17-01-2024,368.37,368.54,358.61,366.3,12724779,366.9740236945,357.2510102264,364.9118681741,12724779,0.0,1.0
18-01-2024,376.13,376.85,370.95,371.49,16354332,374.70461637,369.5442465171,370.0822001311,16354332,0.0,1.0
19-01-2024,383.45,384.36,377.97,379.0,21670806,381.9968764711,376.5376434993,377.5637402075,21670806,0.0,1.0
22-01-2024,381.78,390.3525,381.1601,387.95,17680454,380.3332051093,379.7156542846,386.4798232546,17680454,0.0,1.0
23-01-2024,385.2,388.38,382.075,384.615,15506096,383.7402446647,380.6270871762,383.1574615828,15506096,0.0,1.0
24-01-2024,390.7,396.15,387.81,390.0,15698460,389.2194018445,386.3403537991,388.5220545671,15698460,0.0,1.0
25-01-2024,393.18,395.49,385.66,390.17,15091080,391.6900036274,384.198501447,388.6914103344,15091080,0.0,1.0
26-01-2024,394.14,396.79,391.5908,394.35,13159290,392.6463656078,390.1068260655,392.8555697911,13159290,0.0,1.0
29-01-2024,401.02,402.93,393.1,394.985,18742433,399.5002931346,391.6103067957,393.4881633927,18742433,0.0,1.0
30-01-2024,400.06,406.36,399.57,403.59,18614727,398.5439311541,398.0557880599,402.0605538531,18614727,0.0,1.0
31-01-2024,390.14,398.0,387.1,389.0,20180817,388.6615240225,385.6330444177,387.5258441707,20180817,0.0,1.0
01-02-2024,394.78,400.5,393.05,393.94,29727051,393.2839402615,391.5604962759,392.4471235286,29727051,0.0,1.0
02-02-2024,474.99,485.96,453.01,459.6,84707646,473.1899761508,451.2932716395,457.8582981513,84707646,0.0,1.0
05-02-2024,459.41,471.9,459.22,469.88,40832376,457.669018176,457.4797382007,468.0993410256,40832376,0.0,1.0
06-02-2024,454.72,467.12,453.0,464.0,21655214,452.9967914173,451.2833095356,462.2416238952,21655214,0.0,1.0
07-02-2024,469.59,471.52,456.1773,458.0,23065994,467.8104400106,454.4485688278,456.2643615172,23065994,0.0,1.0
08-02-2024,470.0,470.59,465.03,468.32,18815097,468.2188862731,463.2677206034,466.5452528073,18815097,0.0,1.0
09-02-2024,468.11,473.59,467.465,472.95,18413137,466.3360486241,465.6934929184,471.1577069423,18413137,0.0,1.0
12-02-2024,468.9,479.145,466.58,468.19,19381963,467.1230548372,464.8118467177,466.4157454558,19381963,0.0,1.0
13-02-2024,460.12,467.89,455.09,456.87,20916602,458.3763275574,453.3653892639,455.1386437694,20916602,0.0,1.0
14-02-2024,473.28,474.11,466.0901,467.93,16858401,471.4864563731,464.3238032445,466.1567307527,16858401,0.0,1.0
15-02-2024,484.03,488.62,472.22,475.28,24212326,482.1957181336,470.430473353,473.4788771657,24212326,0.0,1.0
16-02-2024,473.32,478.96,469.21,478.11,23324620,471.5263047889,467.43188006,476.2981525873,23324620,0.0,1.0
20-02-2024,471.75,476.18,466.56,469.715,18015523,469.9622544667,464.7919225098,467.9349663102,18015523,0.0,1.0
21-02-2024,468.03,469.0,461.79,466.5,12977050,466.7544569905,460.5314631405,465.2286267677,12977050,0.5,1.0
22-02-2024,486.13,489.99,476.0618,480.24,21625805,484.8051282542,474.7643675682,478.9311805336,21625805,0.0,1.0
23-02-2024,484.03,494.3599,482.3482,488.05,18374286,482.7108514777,481.0336349622,486.7198955926,18374286,0.0,1.0
26-02-2024,481.74,486.14,480.6,483.47,12101415,480.4270925168,479.2901994095,482.1523776707,12101415,0.0,1.0
27-02-2024,487.05,487.27,479.92,479.975,10809595,485.7226209372,478.6120526438,478.6669027499,10809595,0.0,1.0
28-02-2024,484.02,491.05,482.75,485.0,12715486,482.7008787312,481.4343399188,483.6782078935,12715486,0.0,1.0
29-02-2024,490.13,491.7,482.61,488.44,17732045,488.794226876,481.294721467,487.1088327083,17732045,0.0,1.0
01-03-2024,502.3,504.25,491.85,492.11,15884882,500.9310594328,490.5095392834,490.7688306938,15884882,0.0,1.0
04-03-2024,498.19,504.42,496.42,503.0,12324141,496.8322605989,495.0670844588,501.6291516916,12324141,0.0,1.0
05-03-2024,490.22,495.58,487.89,495.0,15325299,488.883981595,486.5603316478,493.650954448,15325299,0.0,1.0
06-03-2024,496.09,502.97,494.292,497.63,11757925,494.7379838225,492.944883992,496.2737867919,11757925,0.0,1.0
07-03-2024,512.19,519.85,501.38,503.28,18586437,510.7941057752,500.0135667498,501.9083885952,18586437,0.0,1.0
08-03-2024,505.95,523.57,499.35,514.19,18597059,504.5711119252,497.9890991992,512.7886550861,18597059,0.0,1.0
11-03-2024,483.59,497.32,476.0,497.01,19982445,482.2720506293,474.7027359945,495.6554765055,19982445,0.0,1.0
12-03-2024,499.75,502.31,484.73,493.26,15362157,498.3880090614,483.4089437365,491.9156965475,15362157,0.0,1.0
13-03-2024,495.57,500.98,491.0318,495.39,11937907,494.2194010016,489.6935691603,494.0398915637,11937907,0.0,1.0
14-03-2024,491.83,501.35,488.16,500.255,12571134,490.4895937902,486.8295958047,498.8916327624,12571134,0.0,1.0
15-03-2024,484.1,491.83,481.3001,489.01,29153576,482.7806607036,479.9883913958,487.6772792619,29153576,0.0,1.0
18-03-2024,496.98,497.42,486.81,491.91,11755251,495.6255582658,485.4832750199,490.5693757627,11755251,0.0,1.0
19-03-2024,496.24,496.6296,481.28,488.17,10903092,494.8875750208,479.9683461752,486.8395685513,10903092,0.0,1.0
20-03-2024,505.52,508.1999,495.17,499.5,11711100,504.1422838234,493.8204911395,498.1386903976,11711100,0.0,1.0
21-03-2024,507.76,515.04,506.01,514.71,9712549,506.3761790516,504.6309484045,513.307237907,9712549,0.0,1.0
22-03-2024,509.58,509.97,504.34,507.0,8120593,508.1912189245,502.9654997299,505.6182503134,8120593,0.0,1.0
25-03-2024,503.02,507.22,500.2411,505.79,8380617,501.6490971847,498.8777706447,504.4115479803,8380617,0.0,1.0
26-03-2024,495.89,510.0,495.2137,505.13,11205382,494.5385288914,493.8640720419,503.7533467077,11205382,0.0,1.0
27-03-2024,493.86,499.89,488.07,499.3,9989676,492.5140613408,486.7398410858,497.9392354665,9989676,0.0,1.0
28-03-2024,485.58,492.89,485.15,492.84,15212764,484.2566271937,483.8277990918,491.4968411923,15212764,0.0,1.0
01-04-2024,491.35,497.43,481.78,487.2,9013459,490.0109019556,480.466983503,485.8722121355,9013459,0.0,1.0
02-04-2024,497.37,497.53,484.65,485.1,10989041,496.0144953814,483.3291617641,483.7779353591,10989041,0.0,1.0
03-04-2024,506.74,507.24,498.75,498.93,12001199,505.358958903,497.390734406,497.5702438439,12001199,0.0,1.0
04-04-2024,510.92,530.0,510.58,516.42,26207031,509.5275669628,509.1884935799,515.0125775678,26207031,0.0,1.0
05-04-2024,527.34,530.7,514.4099,516.855,19178665,525.9028168053,513.0079557829,515.4463920429,19178665,0.0,1.0
08-04-2024,519.25,531.4899,518.89,529.28,13126009,517.8348648427,517.4758459667,527.8375296369,13126009,0.0,1.0
09-04-2024,516.9,525.87,506.74,522.23,10644177,515.4912694024,505.358958903,520.8067433159,10644177,0.0,1.0
10-04-2024,519.83,522.5599,505.8,509.29,11418491,518.4132841429,504.4215207269,507.9020092744,11418491,0.0,1.0
11-04-2024,523.16,523.86,517.29,521.11,10369469,521.7342087455,515.880206518,519.6897957018,10369469,0.0,1.0
12-04-2024,511.9,520.1899,509.33,517.75,11984535,510.5048961251,507.9419002606,516.3389528595,11984535,0.0,1.0
15-04-2024,500.23,518.53,497.28,516.72,13512893,498.866700896,495.9247406625,515.3117599644,13512893,0.0,1.0
16-04-2024,499.76,504.7699,497.11,498.11,9847925,498.397981808,495.755203971,496.7524786265,9847925,0.0,1.0
17-04-2024,494.17,503.16,487.14,503.1,12193743,492.823216484,485.8123756562,501.7288791572,12193743,0.0,1.0
18-04-2024,501.8,512.21,499.04,499.82,14808670,500.4324221051,497.679944056,498.4578182873,14808670,0.0,1.0
19-04-2024,481.07,502.8,475.73,502.8,25215364,479.7589184976,474.4334718375,501.4296967605,25215364,0.0,1.0
22-04-2024,481.73,492.01,473.4,489.715,17271125,480.4171197702,472.1098218903,488.380357894,17271125,0.0,1.0
23-04-2024,496.1,498.76,488.97,491.25,15079196,494.747956569,487.6373882757,489.9111744901,15079196,0.0,1.0
24-04-2024,493.5,510.0,484.58,508.06,37772677,492.1550424648,483.2593525382,506.6753614482,37772677,0.0,1.0
25-04-2024,441.38,445.77,414.5,421.4,82890741,440.1770874228,413.3703446843,420.2515398069,82890741,0.0,1.0
26-04-2024,443.29,446.44,431.96,441.46,32691443,442.0818820147,430.7827601684,440.2568693952,32691443,0.0,1.0
29-04-2024,432.62,439.76,428.56,439.56,21502646,431.440961441,427.3920263399,438.3620475498,21502646,0.0,1.0
30-04-2024,430.17,439.6199,429.72,431.05,18429496,428.9976385352,428.5488649402,429.875240232,18429496,0.0,1.0
01-05-2024,439.19,449.96,427.11,428.6,20344947,437.9930559273,425.9459780895,427.4319173261,20344947,0.0,1.0
02-05-2024,441.68,443.96,432.28,438.84,15221322,440.4762698194,431.1018880582,437.6440097979,15221322,0.0,1.0
03-05-2024,451.96,454.17,443.85,445.93,16489057,450.7282532774,442.6403558217,444.7146871051,16489057,0.0,1.0
06-05-2024,465.68,466.16,453.34,455.58,15094627,464.4108615502,452.104492302,454.3383875302,15094627,0.0,1.0
07-05-2024,468.24,471.53,461.31,466.29,13406816,466.9638846682,460.0527713059,465.01919909,13406816,0.0,1.0
08-05-2024,472.6,475.58,463.002,463.5,11683929,471.3120021659,461.7401600229,462.2368028013,11683929,0.0,1.0
09-05-2024,475.42,476.08,467.63,470.0,9437651,474.1243166943,466.3555471283,468.7190880618,9437651,0.0,1.0
10-05-2024,476.2,477.5,469.6,477.09,10749999,474.9021909256,468.3201781996,475.7897653689,10749999,0.0,1.0
13-05-2024,468.01,473.35,462.85,472.75,14668798,466.7345114974,461.5885742753,471.4615933643,14668798,0.0,1.0
14-05-2024,471.85,472.54,460.08,463.37,10478553,470.5640461743,458.8261234797,462.1071570961,10478553,0.0,1.0
15-05-2024,481.54,482.4999,471.2,474.98,13100470,480.2276375857,469.9158176483,473.6855158459,13100470,0.0,1.0
16-05-2024,473.23,477.69,472.75,475.0,16608179,471.9402851989,471.4615933643,473.705461339,16608179,0.0,1.0
17-05-2024,471.91,472.8,468.42,470.83,10807289,470.6238826537,467.1433941062,469.5468260258,10807289,0.0,1.0
20-05-2024,468.84,473.2,467.04,469.95,11745080,467.5622494614,465.7671550816,468.669224329,11745080,0.0,1.0
21-05-2024,464.63,470.7,462.27,467.12,11742189,463.363723162,461.0101549751,465.8469370541,11742189,0.0,1.0
22-05-2024,467.78,473.7199,465.65,467.87,10078611,466.5051383267,464.3809433106,466.5948930457,10078611,0.0,1.0
23-05-2024,465.78,474.3581,461.54,472.88,11747913,464.5105890158,460.2821444766,471.5912390695,11747913,0.0,1.0
24-05-2024,478.22,479.8499,466.3,467.62,12024254,476.9166857296,465.0291718366,466.3455743818,12024254,0.0,1.0
28-05-2024,479.92,480.86,474.84,476.575,10175770,478.6120526438,473.5458973941,475.2761689214,10175770,0.0,1.0
29-05-2024,474.36,479.85,473.7,474.66,9226218,473.0672055595,472.4090042869,473.3663879562,9226218,0.0,1.0
30-05-2024,467.05,471.73,464.71,471.67,10735226,465.7771278282,463.4435051344,470.3845367364,10735226,0.0,1.0
31-05-2024,466.83,469.12,454.4601,465.8,16919805,465.557727404,453.2215396435,464.5305345089,16919805,0.0,1.0
03-06-2024,477.49,479.6,468.24,470.86,11279390,476.1886752311,466.9638846682,469.5767442654,11279390,0.0,1.0
04-06-2024,476.99,478.89,473.2322,477.0,7088718,475.6900379034,471.9424792031,475.7000106499,7088718,0.0,1.0
05-06-2024,495.06,496.65,483.91,484.45,15690484,493.7107909274,482.5911785191,483.129706833,15690484,0.0,1.0
06-06-2024,493.76,502.82,490.89,492.98,10667339,492.4143338753,489.5521556141,491.636459644,10667339,0.0,1.0
07-06-2024,492.96,498.91,490.1701,495.91,9380745,491.6165141509,488.8342175897,494.5584743845,9380745,0.0,1.0
10-06-2024,502.6,502.66,493.41,493.86,11236919,501.2302418294,492.0652877459,492.5140613408,11236919,0.0,1.0
11-06-2024,507.47,507.6,498.27,500.16,9673715,506.0869694015,496.9120425713,498.7968916702,9673715,0.0,1.0
12-06-2024,508.84,514.01,504.47,513.99,11983227,507.4532356795,503.0951454351,512.589200155,11983227,0.0,1.0
13-06-2024,504.1,509.36,501.36,505.71,9954621,502.7261538126,499.9936212567,504.3317660079,9954621,0.0,1.0
14-06-2024,504.16,507.15,500.75,502.65,10243347,503.2846276197,499.8805483984,501.7772494308,10243347,0.5,1.0
17-06-2024,506.63,510.75,496.01,501.67,11266601,505.7503389618,495.1487784545,500.7989510036,11266601,0.0,1.0
18-06-2024,499.49,506.0,495.02,504.56,13060425,498.6227361349,494.1604973903,503.6839331002,13060425,0.0,1.0
20-06-2024,501.7,503.67,496.77,502.0,11801182,500.8288989146,495.9074588675,501.128378025,11801182,0.0,1.0
21-06-2024,494.78,503.45,492.39,503.45,23130732,493.920914102,491.535063856,502.5758603918,23130732,0.0,1.0
24-06-2024,498.91,507.8,494.29,499.2,13525278,498.0437431881,493.4317648884,498.3332396615,13525278,0.0,1.0
25-06-2024,510.6,510.71,495.5,497.05,12109769,509.7134458557,494.6396639669,496.1869727038,12109769,0.0,1.0
26-06-2024,513.12,513.81,504.6765,506.645,8882337,512.2290703828,503.8002308214,505.7653129173,8882337,0.0,1.0
27-06-2024,519.56,522.8799,513.9,514.25,10121199,518.6578886189,513.0077160698,513.3571083652,10121199,0.0,1.0
28-06-2024,504.22,521.88,503.84,517.15,15855137,503.3445234418,502.9651832353,516.2520730989,15855137,0.0,1.0
01-07-2024,504.68,506.58,493.17,504.95,10328150,503.8037247443,492.313709543,504.0732559437,10328150,0.0,1.0
02-07-2024,509.5,510.5,499.45,500.76,7739479,508.6153557843,498.5828055868,499.8905310354,7739479,0.0,1.0
03-07-2024,509.96,511.28,506.02,506.37,6005615,509.0745570869,505.141398104,505.4907903994,6005615,0.0,1.0
05-07-2024,539.91,540.87,511.6,511.6,21354093,538.9725549392,510.7117095569,510.7117095569,21354093,0.0,1.0
08-07-2024,529.32,542.81,526.65,542.35,14917495,528.400942343,525.7355782607,541.4083183702,14917495,0.0,1.0
09-07-2024,530.0,537.48,528.1901,533.75,8769088,529.0797616598,527.273004187,532.8232505395,8769088,0.0,1.0
10-07-2024,534.69,538.88,528.36,530.79,10983276,533.7616184187,527.4426091898,529.8683899838,10983276,0.0,1.0
11-07-2024,512.7,535.46,508.3733,530.89,16458253,511.8097996283,507.4906120721,529.968216354,16458253,0.0,1.0
12-07-2024,498.87,508.09,494.23,497.755,19750544,498.0038126401,493.3718690663,496.8907486132,19750544,0.0,1.0
15-07-2024,496.16,506.6799,493.37,498.63,12539163,495.2985180097,492.5133622832,497.7642293518,12539163,0.0,1.0
16-07-2024,489.79,503.9499,485.79,501.5,14075833,488.9395782328,484.9465234278,500.6292461744,14075833,0.0,1.0
17-07-2024,461.99,479.17,459.12,479.17,28076595,461.1878473382,458.3228305156,478.3380177256,28076595,0.0,1.0
18-07-2024,475.85,479.2393,464.54,475.0,19267160,475.0237822374,463.7334197764,474.1752580914,19267160,0.0,1.0
19-07-2024,476.79,486.71,475.71,476.06,15149416,475.9621501166,474.8840253193,475.2334176147,15149416,0.0,1.0
22-07-2024,487.4,492.06,483.9,486.575,12023088,486.5537279868,483.0598050325,485.7301604333,12023088,0.0,1.0
23-07-2024,488.69,495.22,487.72,489.84,9455527,487.8414881614,486.8731723712,488.9894914178,9455527,0.0,1.0
24-07-2024,461.27,476.3,460.58,472.305,17649738,460.4690974733,459.7802955194,471.4849374165,17649738,0.0,1.0
25-07-2024,453.41,463.548,442.65,463.26,18240489,452.6227447815,441.8814273561,462.4556422388,18240489,0.0,1.0
26-07-2024,465.7,469.77,459.42,464.195,14222388,464.8914056698,458.622309626,463.3890187994,14222388,0.0,1.0
29-07-2024,465.71,473.96,465.02,469.88,11339630,464.9013883068,464.2125863529,469.064147941,11339630,0.0,1.0
30-07-2024,463.19,472.73,456.7,467.0,11390439,462.3857637797,455.9070323586,466.1891484814,11390439,0.0,1.0
31-07-2024,474.83,476.5,466.75,471.02,24285777,474.0055532622,465.9395825561,470.2021685604,24285777,0.0,1.0
01-08-2024,497.74,527.1709,492.1,521.0,43083082,496.8757746577,491.2455673827,520.0953883486,43083082,0.0,1.0
02-08-2024,488.14,501.145,476.15,489.0,24044658,487.2924431257,475.3232613478,488.1509499088,24044658,0.0,1.0
05-08-2024,475.73,483.48,450.8,451.345,21396191,474.9039905933,450.0172765212,450.5613302384,21396191,0.0,1.0
06-08-2024,494.09,502.56,478.65,479.0,20954959,493.2321121481,477.8189206009,478.1683128964,20954959,0.0,1.0
07-08-2024,488.92,510.15,486.86,503.13,20105307,488.0710888127,486.0146655881,502.2564160074,20105307,0.0,1.0
08-08-2024,509.63,509.96,494.72,497.5,16156843,508.7451300655,493.8610182799,496.6361913694,16156843,0.0,1.0
09-08-2024,517.77,518.34,505.7,507.71,13696640,516.8709965936,504.8219537196,506.8284637591,13696640,0.0,1.0
12-08-2024,515.95,518.02,509.1,516.86,9767422,515.0541566574,508.2160503038,515.9625766255,9767422,0.0,1.0
13-08-2024,528.54,531.4999,518.15,520.01,13743839,527.622296656,517.2503368001,519.1071072844,13743839,0.0,1.0
14-08-2024,526.76,534.0,523.13,528.06,11444189,525.8453872678,522.2216900323,527.1431300794,11444189,0.0,1.0
15-08-2024,537.33,539.77,526.7,531.79,13482141,536.39703459,525.7854914457,530.8666536851,13482141,0.0,1.0
16-08-2024,527.42,533.66,524.66,531.9,14776684,526.5042413106,523.7490334952,530.9764626922,14776684,0.0,1.0
19-08-2024,529.28,531.66,522.76,526.87,9879713,528.361011795,521.8523324628,525.955196275,9879713,0.0,1.0
20-08-2024,526.73,531.09,525.88,528.35,7944391,525.8154393568,524.9669152107,527.4326265528,7944391,0.0,1.0
21-08-2024,535.16,539.4,526.935,527.15,13423292,534.2308023583,526.0200834155,526.2347101113,13423292,0.0,1.0
22-08-2024,531.93,544.23,528.59,537.0,15708292,531.0064106033,527.6722098411,536.0676075686,15708292,0.0,1.0
23-08-2024,528.0,539.87,525.06,536.92,11323936,527.0832342574,524.1483389757,535.9877464725,11323936,0.0,1.0
26-08-2024,521.12,528.0,514.95,527.6,9584002,520.2151799928,514.0558929561,526.6839287769,9584002,0.0,1.0
27-08-2024,519.1,524.01,515.31,518.98,6282720,518.1986873163,514.4152678886,518.0788956721,6282720,0.0,1.0
28-08-2024,516.78,521.085,512.45,517.675,9106077,515.8827155294,511.560233703,516.776161542,9106077,0.0,1.0
29-08-2024,518.22,527.2,515.6789,519.05,8317424,517.3202152592,514.783527368,518.1487741312,8317424,0.0,1.0
30-08-2024,521.31,523.54,515.2,521.35,9157541,520.404850096,514.3054588814,520.4447806441,9157541,0.0,1.0
03-09-2024,511.76,525.49,508.6176,519.64,12459113,510.8714317491,507.7344878943,518.737749715,12459113,0.0,1.0
04-09-2024,512.74,516.59,504.07,506.07,8255543,511.8497301764,503.1947838866,505.1913112891,8255543,0.0,1.0
05-09-2024,516.86,521.6295,511.15,511.72,8640888,515.9625766255,510.2624908914,510.8315012011,8640888,0.0,1.0
06-09-2024,500.27,524.5849,498.25,521.88,14744521,499.4013818218,497.3848891453,520.9738604057,14744521,0.0,1.0
09-09-2024,504.79,511.33,502.08,506.16,11047828,503.9135337515,501.2082391211,505.2811550222,11047828,0.0,1.0
10-09-2024,504.79,514.18,500.0278,508.16,9899022,503.9135337515,499.1596023534,507.2776824247,9899022,0.0,1.0
11-09-2024,511.83,513.12,495.6,507.01,10782532,510.9413102082,494.739490337,506.1296791682,10782532,0.0,1.0
12-09-2024,525.6,526.71,515.22,517.05,11993342,524.6874013744,514.3254241554,516.1522467287,11993342,0.0,1.0
13-09-2024,524.62,527.581,517.11,520.34,10321422,523.7091029472,516.2121425508,519.4365343058,10321422,0.0,1.0
16-09-2024,533.28,534.1,517.4,524.54,9527646,532.8531984506,516.9859077376,524.1201933604,9527646,0.5,1.0
17-09-2024,536.315,542.1,530.57,537.6,11690779,535.8857694401,530.1453673528,537.1697410123,11690779,0.0,1.0
18-09-2024,537.95,544.2,533.9026,537.065,10323537,537.5194608957,533.4753001633,536.6351691904,10323537,0.0,1.0
19-09-2024,559.1,562.07,546.52,550.0,15646951,558.6525338541,546.0826020425,549.5598168838,15646951,0.0,1.0
20-09-2024,561.35,564.5,556.3001,560.0,22066817,560.900733105,555.8548747063,559.5518135544,22066817,0.0,1.0
23-09-2024,564.41,573.9799,562.41,569.5,12830669,563.9582840862,561.9598847521,569.0442103915,12830669,0.0,1.0
24-09-2024,563.33,567.745,554.19,566.68,12992956,562.8791484458,553.7464634888,566.2264673304,12992956,0.0,1.0
25-09-2024,568.31,576.88,563.72,564.05,16543350,567.8551627877,563.2688363159,563.598572206,16543350,0.0,1.0
26-09-2024,567.84,577.4,562.3501,575.73,14400787,567.3855389442,561.900032692,575.2692243173,14400787,0.0,1.0
27-09-2024,567.36,570.8399,564.51,570.1,9398367,566.905923104,564.0582040529,569.6437301918,9398367,0.0,1.0
30-09-2024,572.44,574.68,564.8,567.7,12807206,571.9818574127,564.3479719563,567.2456509908,12807206,0.0,1.0
01-10-2024,576.47,583.04,570.1,577.98,15259274,576.0086320709,569.6437301918,577.5174235682,15259274,0.0,1.0
02-10-2024,572.81,576.0,569.34,574.86,6524650,572.3515612895,568.8843384448,574.399920607,6524650,0.0,1.0
03-10-2024,582.77,583.36,568.73,570.15,11580980,582.3035899734,568.2748266479,569.6936901751,11580980,0.0,1.0
04-10-2024,595.94,596.85,581.43,583.73,14199788,595.4630495886,580.9646624196,583.2628216538,14199788,0.0,1.0
07-10-2024,584.78,602.95,584.04,598.22,12014198,584.3119813042,583.5725735506,597.7412248295,12014198,0.0,1.0
08-10-2024,592.89,593.56,585.97,589.69,7857377,592.4154906041,585.501028908,589.2180516695,7857377,0.0,1.0
09-10-2024,590.51,594.39,581.61,593.99,9529707,590.0373953965,581.1445183596,593.5146102379,9529707,0.0,1.0
10-10-2024,583.83,590.23,582.52,587.57,7740449,583.3627416205,582.0537900567,587.0997483753,7740449,0.0,1.0
11-10-2024,589.95,591.21,582.71,584.83,8587051,589.4778435829,582.2436379934,584.3619412876,8587051,0.0,1.0
14-10-2024,590.42,600.1,589.96,594.22,8251971,589.9474674264,589.4878355796,593.7444261613,8251971,0.0,1.0
15-10-2024,586.27,590.61,580.143,590.16,9564236,585.8007888081,579.6786924481,589.687675513,9564236,0.0,1.0
16-10-2024,576.79,582.08,574.03,581.395,11268384,576.3283759644,573.5705848833,580.9296904312,11268384,0.0,1.0
17-10-2024,576.93,584.97,575.2,583.33,8701158,576.4682639178,574.7396484938,582.863141787,8701158,0.0,1.0
18-10-2024,576.47,583.9675,575.25,581.1,7694274,576.0086320709,574.7896084771,580.6349265294,7694274,0.0,1.0
21-10-2024,575.16,577.2399,569.11,576.03,8171879,574.6996805071,568.6545225214,575.5689842174,8171879,0.0,1.0
22-10-2024,582.01,583.53,572.12,574.29,8544463,581.5441982265,571.6621135192,573.8303767967,8544463,0.0,1.0
23-10-2024,563.69,585.0,562.5,579.97,14248419,563.2388603259,562.0498127221,579.5058309057,14248419,0.0,1.0
24-10-2024,567.78,568.8799,561.52,567.125,7184651,567.3255869642,561.0705970484,566.6711111823,7184651,0.0,1.0
25-10-2024,573.25,581.29,571.72,573.935,11337874,572.791209143,571.2624336524,573.4756609149,11337874,0.0,1.0
28-10-2024,578.16,583.7499,574.12,582.0,10925131,577.6972795083,573.6605128533,581.5342062298,10925131,0.0,1.0
29-10-2024,593.28,593.67,575.398,580.145,13019092,592.8051784742,574.9374900279,579.6806908474,13019092,0.0,1.0
30-10-2024,591.8,601.2,589.38,600.98,26864925,591.326362967,588.9082997727,600.4990159106,26864925,0.0,1.0
31-10-2024,567.58,589.9,563.01,585.0,26838395,567.1257470308,562.5594045523,584.531805231,26838395,0.0,1.0
01-11-2024,567.16,573.67,562.56,567.605,15303235,566.7060831706,562.1097647021,567.1507270224,15303235,0.0,1.0
04-11-2024,560.68,568.69,557.89,564.1,12064601,560.231269328,557.4435022569,563.6485321894,12064601,0.0,1.0
05-11-2024,572.43,573.48,566.67,567.305,9775379,571.971865416,566.2164753337,566.8509671223,9775379,0.0,1.0
06-11-2024,572.05,573.0,555.1679,562.75,18305429,571.5921695425,554.7235808432,562.2996126389,18305429,0.0,1.0
07-11-2024,591.7,594.7999,575.21,576.89,14653708,591.2264430003,574.7496404904,576.4282959311,14653708,0.0,1.0
08-11-2024,589.34,593.1,584.52,591.54,9415699,588.868331786,584.0521893908,591.0665710536,9415699,0.0,1.0
11-11-2024,583.17,587.0,576.51,586.36,10209051,582.7032698403,576.0486000576,585.8907167782,10209051,0.0,1.0
12-11-2024,584.82,599.66,580.38,588.545,16287724,584.3519492909,579.9155027692,588.0739680507,16287724,0.0,1.0
13-11-2024,580.0,585.64,575.17,582.605,10757583,579.5358068957,574.7096725038,582.1387220284,10757583,0.0,1.0
14-11-2024,577.16,580.76,573.01,577.0,11053743,576.6980798412,572.5514012229,576.5382078945,11053743,0.0,1.0
15-11-2024,554.08,572.57,551.5,571.22,17712864,553.6365515254,551.0586163844,570.7628338189,17712864,0.0,1.0
18-11-2024,554.4,559.9,550.09,557.04,14346715,553.9562954189,549.6497448539,556.5941825399,14346715,0.0,1.0
19-11-2024,561.09,561.43,550.6,551.86,9522445,560.6409411915,550.1593366841,551.4183282646,9522445,0.0,1.0
20-11-2024,565.52,566.3499,554.2001,562.93,9797339,565.0673957166,553.7565554054,562.4794685789,9797339,0.0,1.0
21-11-2024,563.09,570.0,549.05,569.52,11154749,562.6393405257,548.6105772001,569.0641943849,11154749,0.0,1.0
22-11-2024,559.14,563.8273,554.59,563.55,9164004,558.6925018408,554.1461433556,563.0989723725,9164004,0.0,1.0
25-11-2024,565.11,572.5915,556.39,562.1,13599830,564.6577238531,555.9447027563,561.6501328553,13599830,0.0,1.0
26-11-2024,573.54,577.5,565.2,566.0,10356550,573.0809770465,564.7476518232,565.5470115568,10356550,0.0,1.0
27-11-2024,569.2,574.98,564.1001,574.89,7200228,568.7444504914,563.6486321094,574.429896597,7200228,0.0,1.0
29-11-2024,574.32,578.46,566.9,569.0,7130519,573.8603527868,566.4462912572,568.544610558,7130519,0.0,1.0
02-12-2024,592.83,594.5,575.57,577.5,12522371,592.3555386241,575.1093523706,577.037807728,12522371,0.0,1.0
03-12-2024,613.65,614.2,591.2501,595.0,14907164,613.1588756923,590.7769030701,594.5238019016,14907164,0.0,1.0
04-12-2024,613.78,617.78,605.1,612.96,14697006,613.288771649,604.6157185389,612.469427922,14697006,0.0,1.0
05-12-2024,608.93,619.9,607.05,617.075,8081212,608.4426532638,606.5641578897,616.581134552,8081212,0.0,1.0
06-12-2024,623.77,629.7899,608.53,610.1,16935503,623.270776323,608.0429733969,609.6117168742,16935503,0.0,1.0
09-12-2024,613.57,626.4,606.1701,623.925,11426015,613.0789397189,605.6849621026,623.4256522713,11426015,0.0,1.0
10-12-2024,619.32,625.59,612.74,617.56,10938854,618.8243378045,612.2496039953,617.0657463905,10938854,0.0,1.0
11-12-2024,632.68,638.4,621.5349,623.37,10837228,632.1736453565,621.0374651471,622.8710964561,10837228,0.0,1.0
12-12-2024,630.79,636.6599,627.2094,631.5,7474717,630.2851579857,626.7074236578,630.9945897493,7474717,0.0,1.0
13-12-2024,620.35,631.08,616.886,627.22,8453349,619.8535134616,616.3922858149,626.7180151743,8453349,0.0,1.0
16-12-2024,624.24,631.15,618.58,629.975,10885625,624.24,618.58,629.975,10885625,0.5,1.0
17-12-2024,619.44,632.37,616.54,626.17,12897842,619.44,616.54,626.17,12897842,0.0,1.0
18-12-2024,597.19,627.36,596.32,621.0,17075480,597.19,596.32,621.0,17075480,0.0,1.0
19-12-2024,595.57,611.52,595.0,610.39,14958082,595.57,595.0,610.39,14958082,0.0,1.0
20-12-2024,585.25,603.11,580.0,590.58,48989390,585.25,580.0,590.58,48989390,0.0,1.0
23-12-2024,599.85,601.09,586.25,589.6,10205750,599.85,586.25,589.6,10205750,0.0,1.0
24-12-2024,607.75,607.99,599.2849,602.715,4726056,607.75,599.2849,602.715,4726056,0.0,1.0
26-12-2024,603.35,606.3,598.94,605.48,6091239,603.35,598.94,605.48,6091239,0.0,1.0
27-12-2024,599.81,601.85,589.8,599.41,8084229,599.81,589.8,599.41,8084229,0.0,1.0
30-12-2024,591.24,596.9399,585.58,588.75,7025864,591.24,585.58,588.75,7025864,0.0,1.0
31-12-2024,585.51,593.97,583.85,592.265,6019520,585.51,583.85,592.265,6019520,0.0,1.0
02-01-2025,599.24,604.91,587.82,589.72,12682269,599.24,587.82,589.72,12682269,0.0,1.0
03-01-2025,604.63,609.5,596.4136,604.76,11436784,604.63,596.4136,604.76,11436784,0.0,1.0
06-01-2025,630.2,630.99,605.62,611.825,14560754,630.2,605.62,611.825,14560754,0.0,1.0
07-01-2025,617.89,632.1011,608.23,631.7,12071479,617.89,608.23,631.7,12071479,0.0,1.0
08-01-2025,610.72,616.4397,602.79,613.395,10085846,610.72,602.79,613.395,10085846,0.0,1.0
10-01-2025,615.86,629.91,597.34,610.03,19256564,615.86,597.34,610.03,19256564,0.0,1.0
13-01-2025,608.33,608.97,598.445,607.1,10785031,608.33,598.445,607.1,10785031,0.0,1.0
14-01-2025,594.25,605.49,588.55,605.065,13597992,594.25,588.55,605.065,13597992,0.0,1.0
15-01-2025,617.12,622.46,606.5,610.21,15524302,617.12,606.5,610.21,15524302,0.0,1.0
16-01-2025,611.3,616.25,609.71,611.5,8355349,611.3,609.71,611.5,8355349,0.0,1.0
17-01-2025,612.77,624.97,603.67,624.05,17280600,612.77,603.67,624.05,17280600,0.0,1.0
21-01-2025,616.46,621.5,609.0082,617.825,11674016,616.46,609.0082,617.825,11674016,0.0,1.0
22-01-2025,623.5,633.7,619.435,623.3,12274011,623.5,619.435,623.3,12274011,0.0,1.0
23-01-2025,636.45,636.6,621.15,627.36,9910163,636.45,621.15,627.36,9910163,0.0,1.0
24-01-2025,647.49,652.0,634.2,636.4,19065329,647.49,634.2,636.4,19065329,0.0,1.0
27-01-2025,659.88,663.87,625.1,626.61,28399190,659.88,625.1,626.61,28399190,0.0,1.0
28-01-2025,674.33,682.58,659.465,666.0,20950107,674.33,659.465,666.0,20950107,0.0,1.0
29-01-2025,676.49,681.0459,665.67,675.0,21377820,676.49,665.67,675.0,21377820,0.0,1.0
30-01-2025,687.0,710.79,676.1,696.82,29322898,687.0,676.1,696.82,29322898,0.0,1.0
31-01-2025,689.18,705.2999,685.58,691.0,19331660,689.18,685.58,691.0,19331660,0.0,1.0
03-02-2025,697.46,704.0,675.25,675.91,21415739,697.46,675.25,675.91,21415739,0.0,1.0
04-02-2025,704.19,707.71,691.61,702.5,13826270,704.19,691.61,702.5,13826270,0.0,1.0
05-02-2025,704.87,718.14,699.01,703.55,17793766,704.87,699.01,703.55,17793766,0.0,1.0
06-02-2025,711.99,718.9,703.5,705.88,13080690,711.99,703.5,705.88,13080690,0.0,1.0
07-02-2025,714.52,725.01,711.75,716.795,16427067,714.52,711.75,716.795,16427067,0.0,1.0
10-02-2025,717.4,721.2,711.33,718.56,12904317,717.4,711.33,718.56,12904317,0.0,1.0
11-02-2025,719.8,723.66,710.04,713.32,12997959,719.8,710.04,713.32,12997959,0.0,1.0
12-02-2025,725.38,727.1,712.6,715.3,12016517,725.38,712.6,715.3,12016517,0.0,1.0
13-02-2025,728.56,729.0,718.04,721.5197,12569064,728.56,718.04,721.5197,12569064,0.0,1.0
14-02-2025,736.67,740.91,725.62,726.14,16901249,736.67,725.62,726.14,16901249,0.0,1.0
18-02-2025,716.37,737.0,706.44,736.0,21938703,716.37,706.44,736.0,21938703,0.0,1.0
19-02-2025,703.77,707.0,695.39,704.095,17535480,703.77,695.39,704.095,17535480,0.0,1.0
20-02-2025,694.84,705.63,693.64,697.275,12587408,694.84,693.64,697.275,12587408,0.0,1.0
21-02-2025,683.55,703.87,682.36,696.58,15660355,683.55,682.36,696.58,15660355,0.0,1.0
24-02-2025,668.13,687.27,662.45,686.28,15676994,668.13,662.45,686.28,15676994,0.0,1.0
25-02-2025,657.5,668.0,641.86,665.972,20579662,657.5,641.86,665.972,20579662,0.0,1.0
26-02-2025,673.7,683.0078,658.0,659.65,14488705,673.7,658.0,659.65,14488705,0.0,1.0
27-02-2025,658.24,688.6469,657.57,682.45,12500013,658.24,657.57,682.45,12500013,0.0,1.0
28-02-2025,668.2,669.63,642.6017,658.04,17534168,668.2,642.6017,658.04,17534168,0.0,1.0
03-03-2025,655.05,681.25,650.8439,673.675,10843763,655.05,650.8439,673.675,10843763,0.0,1.0
04-03-2025,640.0,649.75,623.65,645.51,21389766,640.0,623.65,645.51,21389766,0.0,1.0
