date,NVDA_close,NVDA_high,NVDA_low,NVDA_open,NVDA_traded_volume,NVDA_adjClose,NVDA_adjLow,NVDA_adjOpen,NVDA_adj_traded_volume,NVDA_divCash,NVDA_splitFactor
22-01-1999,19.69,23.44,18.63,21.0,5655600,0.0376236248,0.0355981783,0.040126771,2714686642,0.0,1.0
25-01-1999,21.75,22.0,19.69,21.25,1063500,0.04155987,0.0376236248,0.0406044706,510479744,0.0,1.0
26-01-1999,20.06,22.44,19.75,22.0,715000,0.0383306203,0.0377382727,0.0420375696,343199828,0.0,1.0
27-01-1999,20.0,20.63,19.0,20.13,509100,0.0382159724,0.0363051738,0.0384643762,244367877,0.0,1.0
28-01-1999,19.94,20.13,19.81,20.0,474000,0.0381013245,0.0378529206,0.0382159724,227519886,0.0,1.0
29-01-1999,19.0,20.0,19.0,19.94,508400,0.0363051738,0.0363051738,0.0381013245,244031877,0.0,1.0
01-02-1999,19.38,19.5,19.0,19.0,322300,0.0370312772,0.0363051738,0.0363051738,154703922,0.0,1.0
02-02-1999,17.88,19.5,17.31,19.0,550200,0.0341650793,0.0330759241,0.0363051738,264095867,0.0,1.0
03-02-1999,18.25,18.5,17.5,17.63,156500,0.0348720748,0.0334389758,0.0336873796,75119962,0.0,1.0
04-02-1999,19.25,19.75,18.25,18.5,379000,0.0367828734,0.0348720748,0.0353497744,181919909,0.0,1.0
05-02-1999,19.81,20.0,19.06,19.56,285100,0.0378529206,0.0364198217,0.037375221,136847931,0.0,1.0
08-02-1999,19.13,20.0,19.13,19.94,321000,0.0365535776,0.0365535776,0.0381013245,154079922,0.0,1.0
09-02-1999,18.38,19.63,18.13,19.5,181200,0.0351204786,0.034642779,0.0372605731,86975956,0.0,1.0
10-02-1999,18.19,18.88,17.88,18.38,308800,0.0347574269,0.0341650793,0.0351204786,148223925,0.0,1.0
11-02-1999,19.75,20.5,18.25,18.25,275500,0.0377382727,0.0348720748,0.0348720748,132239933,0.0,1.0
12-02-1999,20.88,21.0,20.0,20.0,228600,0.0398974752,0.0382159724,0.0382159724,109727945,0.0,1.0
16-02-1999,21.0,22.13,18.88,21.25,439600,0.040126771,0.0360758779,0.0406044706,211007894,0.0,1.0
17-02-1999,19.88,20.75,19.5,20.5,141100,0.0379866765,0.0372605731,0.0391713717,67727966,0.0,1.0
18-02-1999,20.19,20.75,19.63,20.5,147300,0.0385790241,0.0375089769,0.0391713717,70703964,0.0,1.0
19-02-1999,20.88,21.25,19.75,20.0,157000,0.0398974752,0.0377382727,0.0382159724,75359962,0.0,1.0
22-02-1999,21.0,21.5,19.88,21.25,427600,0.040126771,0.0379866765,0.0406044706,205247897,0.0,1.0
23-02-1999,22.0,22.44,20.25,21.5,287700,0.0420375696,0.038693672,0.0410821703,138095930,0.0,1.0
24-02-1999,23.75,26.25,23.19,25.25,1276600,0.0453814672,0.04431142,0.0482476651,612767693,0.0,1.0
25-02-1999,23.0,25.5,22.63,24.75,310700,0.0439483682,0.0432413727,0.0472922658,149135925,0.0,1.0
26-02-1999,21.94,24.0,21.75,23.25,359600,0.0419229217,0.04155987,0.0444260679,172607913,0.0,1.0
01-03-1999,22.06,23.0,21.0,22.5,192000,0.0421522175,0.040126771,0.0429929689,92159953,0.0,1.0
02-03-1999,21.88,22.13,21.5,22.0,115100,0.0418082738,0.0410821703,0.0420375696,55247972,0.0,1.0
03-03-1999,20.38,22.0,20.25,22.0,127900,0.0389420758,0.038693672,0.0420375696,61391969,0.0,1.0
04-03-1999,19.94,21.5,19.75,21.38,119500,0.0381013245,0.0377382727,0.0408528745,57359971,0.0,1.0
05-03-1999,21.06,21.13,20.13,20.13,164100,0.0402414189,0.0384643762,0.0384643762,78767960,0.0,1.0
08-03-1999,21.38,22.0,20.13,20.5,158100,0.0408528745,0.0384643762,0.0391713717,75887962,0.0,1.0
09-03-1999,22.06,22.38,21.31,21.31,298300,0.0421522175,0.0407191186,0.0407191186,143183928,0.0,1.0
10-03-1999,21.69,22.38,21.38,22.38,490300,0.041445222,0.0408528745,0.0427636731,235343882,0.0,1.0
11-03-1999,20.75,21.69,20.75,21.31,113100,0.0396490713,0.0396490713,0.0407191186,54287972,0.0,1.0
12-03-1999,20.38,20.88,20.0,20.88,189100,0.0389420758,0.0382159724,0.0398974752,90767954,0.0,1.0
15-03-1999,21.25,21.5,20.75,20.88,226700,0.0406044706,0.0396490713,0.0398974752,108815945,0.0,1.0
16-03-1999,20.56,21.63,20.38,21.38,164900,0.0392860196,0.0389420758,0.0408528745,79151960,0.0,1.0
17-03-1999,20.69,21.13,20.19,20.75,107000,0.0395344234,0.0385790241,0.0396490713,51359974,0.0,1.0
18-03-1999,20.94,21.25,20.25,20.75,96500,0.0400121231,0.038693672,0.0396490713,46319976,0.0,1.0
19-03-1999,21.0,21.63,20.88,20.88,219400,0.040126771,0.0398974752,0.0398974752,105311947,0.0,1.0
22-03-1999,20.38,21.5,20.38,21.44,76400,0.0389420758,0.0389420758,0.0409675224,36671981,0.0,1.0
23-03-1999,19.13,20.5,18.75,20.5,341600,0.0365535776,0.0358274741,0.0391713717,163967918,0.0,1.0
24-03-1999,19.0,19.13,18.25,19.0,126800,0.0363051738,0.0348720748,0.0363051738,60863969,0.0,1.0
25-03-1999,19.25,20.0,18.88,18.94,84000,0.0367828734,0.0360758779,0.0361905258,40319979,0.0,1.0
26-03-1999,20.94,21.0,19.5,19.5,183900,0.0400121231,0.0372605731,0.0372605731,88271955,0.0,1.0
29-03-1999,21.56,22.06,21.19,21.56,137400,0.0411968182,0.0404898227,0.0411968182,65951967,0.0,1.0
30-03-1999,19.75,21.81,19.63,21.63,144800,0.0377382727,0.0375089769,0.0413305741,69503965,0.0,1.0
31-03-1999,21.13,21.38,19.44,20.38,320000,0.0403751748,0.0371459251,0.0389420758,153599923,0.0,1.0
01-04-1999,20.5,21.25,20.13,21.13,63400,0.0391713717,0.0384643762,0.0403751748,30431984,0.0,1.0
05-04-1999,19.88,20.75,19.75,20.25,205500,0.0379866765,0.0377382727,0.038693672,98639950,0.0,1.0
06-04-1999,19.38,20.13,19.0,20.06,145200,0.0370312772,0.0363051738,0.0383306203,69695965,0.0,1.0
07-04-1999,21.0,21.13,19.38,19.5,186000,0.040126771,0.0370312772,0.0372605731,89279955,0.0,1.0
08-04-1999,21.38,22.0,20.88,21.13,271100,0.0408528745,0.0398974752,0.0403751748,130127934,0.0,1.0
09-04-1999,21.0,21.5,20.88,21.5,101300,0.040126771,0.0398974752,0.0410821703,48623975,0.0,1.0
12-04-1999,20.13,20.75,19.75,20.75,69400,0.0384643762,0.0377382727,0.0396490713,33311983,0.0,1.0
13-04-1999,19.31,20.5,19.0,20.5,75300,0.0368975213,0.0363051738,0.0391713717,36143981,0.0,1.0
14-04-1999,18.75,19.69,18.75,19.25,100600,0.0358274741,0.0358274741,0.0367828734,48287975,0.0,1.0
15-04-1999,19.25,19.25,18.75,19.25,74700,0.0367828734,0.0358274741,0.0367828734,35855982,0.0,1.0
16-04-1999,19.88,20.19,19.13,19.13,81100,0.0379866765,0.0365535776,0.0365535776,38927980,0.0,1.0
19-04-1999,19.0,20.13,18.75,20.13,65200,0.0363051738,0.0358274741,0.0384643762,31295984,0.0,1.0
20-04-1999,18.63,19.75,18.44,19.0,141000,0.0355981783,0.0352351265,0.0363051738,67679966,0.0,1.0
21-04-1999,18.94,19.0,18.5,18.63,78100,0.0361905258,0.0353497744,0.0355981783,37487981,0.0,1.0
22-04-1999,18.13,19.0,17.94,19.0,473300,0.034642779,0.0342797272,0.0363051738,227183886,0.0,1.0
23-04-1999,17.25,18.13,17.13,18.06,262600,0.0329612762,0.0327319803,0.0345090231,126047936,0.0,1.0
26-04-1999,16.38,17.5,16.0,17.25,257300,0.0312988814,0.0305727779,0.0329612762,123503938,0.0,1.0
27-04-1999,18.13,18.25,16.5,16.75,472800,0.034642779,0.0315281772,0.0320058769,226943886,0.0,1.0
28-04-1999,18.0,18.25,17.44,18.25,250200,0.0343943751,0.0333243279,0.0348720748,120095939,0.0,1.0
29-04-1999,18.0,18.13,17.63,18.06,100300,0.0343943751,0.0336873796,0.0345090231,48143975,0.0,1.0
30-04-1999,18.25,19.0,18.06,18.19,206900,0.0348720748,0.0345090231,0.0347574269,99311950,0.0,1.0
03-05-1999,18.38,18.44,17.88,18.44,70500,0.0351204786,0.0341650793,0.0352351265,33839983,0.0,1.0
04-05-1999,17.38,18.38,17.0,18.38,200100,0.03320968,0.0324835765,0.0351204786,96047951,0.0,1.0
05-05-1999,17.75,17.75,16.5,17.5,301200,0.0339166755,0.0315281772,0.0334389758,144575927,0.0,1.0
06-05-1999,17.41,18.0,16.88,17.63,74200,0.0332670039,0.0322542807,0.0336873796,35615982,0.0,1.0
07-05-1999,17.5,17.63,16.88,16.88,52100,0.0334389758,0.0322542807,0.0322542807,25007987,0.0,1.0
10-05-1999,17.5,17.88,17.38,17.38,41000,0.0334389758,0.03320968,0.03320968,19679990,0.0,1.0
11-05-1999,18.44,19.0,17.88,18.25,357800,0.0352351265,0.0341650793,0.0348720748,171743914,0.0,1.0
12-05-1999,19.0,19.06,18.38,18.63,351000,0.0363051738,0.0351204786,0.0355981783,168479915,0.0,1.0
13-05-1999,19.0,19.5,18.94,19.0,145700,0.0363051738,0.0361905258,0.0363051738,69935965,0.0,1.0
14-05-1999,18.0,19.0,17.75,19.0,59300,0.0343943751,0.0339166755,0.0363051738,28463985,0.0,1.0
17-05-1999,18.88,18.88,17.69,17.75,74500,0.0360758779,0.0338020276,0.0339166755,35759982,0.0,1.0
18-05-1999,19.75,20.0,18.5,19.06,315700,0.0377382727,0.0353497744,0.0364198217,151535924,0.0,1.0
19-05-1999,18.88,21.38,18.56,20.63,941100,0.0360758779,0.0354644224,0.0394197755,451727774,0.0,1.0
20-05-1999,17.38,19.0,16.69,19.0,371200,0.03320968,0.0318912289,0.0363051738,178175910,0.0,1.0
21-05-1999,17.0,17.13,16.5,17.13,632300,0.0324835765,0.0315281772,0.0327319803,303503848,0.0,1.0
24-05-1999,16.94,17.5,16.69,17.13,338800,0.0323689286,0.0318912289,0.0327319803,162623918,0.0,1.0
25-05-1999,17.06,17.25,16.88,17.0,271000,0.0325982244,0.0322542807,0.0324835765,130079934,0.0,1.0
26-05-1999,17.0,17.88,17.0,17.0,218200,0.0324835765,0.0324835765,0.0324835765,104735947,0.0,1.0
27-05-1999,16.88,17.13,16.88,17.13,171500,0.0322542807,0.0322542807,0.0327319803,82319958,0.0,1.0
28-05-1999,17.06,17.13,16.88,17.13,184700,0.0325982244,0.0322542807,0.0327319803,88655955,0.0,1.0
01-06-1999,17.13,17.13,16.75,17.0,205300,0.0327319803,0.0320058769,0.0324835765,98543950,0.0,1.0
02-06-1999,16.5,17.13,16.5,17.13,271100,0.0315281772,0.0315281772,0.0327319803,130127934,0.0,1.0
03-06-1999,16.94,17.06,16.75,16.94,86600,0.0323689286,0.0320058769,0.0323689286,41567979,0.0,1.0
04-06-1999,17.06,17.13,16.94,17.06,164400,0.0325982244,0.0323689286,0.0325982244,78911960,0.0,1.0
07-06-1999,17.25,17.5,17.13,17.16,260700,0.0329612762,0.0327319803,0.0327893043,125135937,0.0,1.0
08-06-1999,17.69,18.0,17.25,17.31,319400,0.0338020276,0.0329612762,0.0330759241,153311923,0.0,1.0
09-06-1999,18.0,18.38,17.75,17.75,198300,0.0343943751,0.0339166755,0.0339166755,95183952,0.0,1.0
10-06-1999,18.06,18.13,17.88,18.0,75200,0.0345090231,0.0341650793,0.0343943751,36095981,0.0,1.0
11-06-1999,17.75,18.13,17.06,18.06,127100,0.0339166755,0.0325982244,0.0345090231,61007969,0.0,1.0
14-06-1999,17.0,17.75,16.88,17.72,107600,0.0324835765,0.0322542807,0.0338593515,51647974,0.0,1.0
15-06-1999,17.0,17.13,16.75,17.0,102700,0.0324835765,0.0320058769,0.0324835765,49295975,0.0,1.0
16-06-1999,17.5,18.0,17.0,17.25,134200,0.0334389758,0.0324835765,0.0329612762,64415967,0.0,1.0
17-06-1999,17.0,17.63,17.0,17.38,156100,0.0324835765,0.0324835765,0.03320968,74927962,0.0,1.0
18-06-1999,16.38,17.13,16.38,17.13,330700,0.0312988814,0.0312988814,0.0327319803,158735920,0.0,1.0
21-06-1999,17.25,17.25,16.42,16.88,173900,0.0329612762,0.0313753133,0.0322542807,83471958,0.0,1.0
22-06-1999,16.94,17.25,16.56,17.25,402200,0.0323689286,0.0316428251,0.0329612762,193055903,0.0,1.0
23-06-1999,17.25,17.25,16.56,16.75,439400,0.0329612762,0.0316428251,0.0320058769,210911894,0.0,1.0
24-06-1999,16.88,17.38,16.75,17.38,240000,0.0322542807,0.0320058769,0.03320968,115199942,0.0,1.0
25-06-1999,17.13,17.31,16.75,16.75,153200,0.0327319803,0.0320058769,0.0320058769,73535963,0.0,1.0
28-06-1999,17.38,17.69,17.0,17.69,227400,0.03320968,0.0324835765,0.0338020276,109151945,0.0,1.0
29-06-1999,17.56,17.81,17.38,17.63,193100,0.0335536237,0.03320968,0.0336873796,92687953,0.0,1.0
30-06-1999,19.13,19.13,17.75,18.13,560900,0.0365535776,0.0339166755,0.034642779,269231865,0.0,1.0
01-07-1999,18.13,19.13,17.13,19.13,185400,0.034642779,0.0327319803,0.0365535776,88991955,0.0,1.0
02-07-1999,19.44,19.44,18.0,18.38,468500,0.0371459251,0.0343943751,0.0351204786,224879887,0.0,1.0
06-07-1999,19.5,19.63,19.25,19.63,412700,0.0372605731,0.0367828734,0.0375089769,198095900,0.0,1.0
07-07-1999,19.13,19.63,19.13,19.63,131500,0.0365535776,0.0365535776,0.0375089769,63119968,0.0,1.0
08-07-1999,19.56,19.88,18.63,19.25,387600,0.037375221,0.0355981783,0.0367828734,186047906,0.0,1.0
09-07-1999,21.22,21.38,19.5,19.5,441100,0.0405471467,0.0372605731,0.0372605731,211727894,0.0,1.0
12-07-1999,22.19,23.13,21.63,22.5,835500,0.0424006213,0.0413305741,0.0429929689,401039799,0.0,1.0
13-07-1999,22.25,22.56,21.25,22.44,289300,0.0425152693,0.0406044706,0.042878321,138863930,0.0,1.0
14-07-1999,21.38,22.75,21.25,22.25,287400,0.0408528745,0.0406044706,0.0425152693,137951931,0.0,1.0
15-07-1999,21.5,22.25,21.5,21.56,285500,0.0410821703,0.0410821703,0.0411968182,137039931,0.0,1.0
16-07-1999,21.94,22.13,21.5,21.88,216400,0.0419229217,0.0410821703,0.0418082738,103871948,0.0,1.0
19-07-1999,21.38,22.06,21.25,22.0,90900,0.0408528745,0.0406044706,0.0420375696,43631978,0.0,1.0
20-07-1999,21.0,21.38,20.25,21.38,372400,0.040126771,0.038693672,0.0408528745,178751910,0.0,1.0
21-07-1999,20.38,20.75,19.75,20.75,233500,0.0389420758,0.0377382727,0.0396490713,112079943,0.0,1.0
22-07-1999,19.44,20.25,19.25,20.25,444300,0.0371459251,0.0367828734,0.038693672,213263893,0.0,1.0
23-07-1999,19.44,20.0,19.38,19.38,167200,0.0371459251,0.0370312772,0.0370312772,80255959,0.0,1.0
26-07-1999,19.5,19.94,19.5,19.94,126100,0.0372605731,0.0372605731,0.0381013245,60527969,0.0,1.0
27-07-1999,19.56,19.63,19.25,19.5,205400,0.037375221,0.0367828734,0.0372605731,98591950,0.0,1.0
28-07-1999,19.88,20.13,19.44,19.5,508800,0.0379866765,0.0371459251,0.0372605731,244223877,0.0,1.0
29-07-1999,20.06,20.13,19.38,19.5,810000,0.0383306203,0.0370312772,0.0372605731,388799805,0.0,1.0
30-07-1999,20.13,20.63,20.0,20.06,942300,0.0384643762,0.0382159724,0.0383306203,452303773,0.0,1.0
02-08-1999,20.31,20.38,20.0,20.13,652800,0.0388083199,0.0382159724,0.0384643762,313343843,0.0,1.0
03-08-1999,19.81,20.31,19.63,20.31,531700,0.0378529206,0.0375089769,0.0388083199,255215872,0.0,1.0
04-08-1999,19.81,20.0,19.75,19.94,187400,0.0378529206,0.0377382727,0.0381013245,89951955,0.0,1.0
05-08-1999,20.13,20.13,19.5,19.81,501200,0.0384643762,0.0372605731,0.0378529206,240575879,0.0,1.0
06-08-1999,20.13,20.19,20.0,20.06,383300,0.0384643762,0.0382159724,0.0383306203,183983908,0.0,1.0
09-08-1999,20.13,20.38,19.75,19.81,64700,0.0384643762,0.0377382727,0.0378529206,31055984,0.0,1.0
10-08-1999,20.5,21.38,20.13,20.25,441800,0.0391713717,0.0384643762,0.038693672,212063893,0.0,1.0
11-08-1999,21.88,22.13,20.63,20.88,411900,0.0418082738,0.0394197755,0.0398974752,197711901,0.0,1.0
12-08-1999,22.94,23.5,21.88,22.0,499200,0.0438337203,0.0418082738,0.0420375696,239615880,0.0,1.0
13-08-1999,22.69,23.19,22.5,22.75,176400,0.0433560207,0.0429929689,0.0434706686,84671957,0.0,1.0
16-08-1999,21.81,22.88,21.06,22.88,465500,0.0416745179,0.0402414189,0.0437190724,223439888,0.0,1.0
17-08-1999,21.88,22.25,21.31,21.88,403200,0.0418082738,0.0407191186,0.0418082738,193535903,0.0,1.0
18-08-1999,22.38,22.63,21.19,21.63,583100,0.0427636731,0.0404898227,0.0413305741,279887860,0.0,1.0
19-08-1999,27.38,28.38,23.13,23.94,4097900,0.0523176662,0.044196772,0.0457445189,1966991016,0.0,1.0
20-08-1999,26.88,27.38,25.88,27.19,735600,0.0513622669,0.0494514682,0.0519546144,353087823,0.0,1.0
23-08-1999,25.25,26.5,24.38,26.5,1058300,0.0482476651,0.0465852703,0.0506361634,507983746,0.0,1.0
24-08-1999,25.06,25.38,23.63,24.88,829300,0.0478846134,0.0451521714,0.0475406696,398063800,0.0,1.0
25-08-1999,25.0,25.44,24.0,25.19,729900,0.0477699655,0.0458591668,0.0481330172,350351824,0.0,1.0
26-08-1999,24.63,25.38,24.25,25.0,573700,0.04706297,0.0463368665,0.0477699655,275375862,0.0,1.0
27-08-1999,26.0,27.0,25.0,25.13,1150800,0.0496807641,0.0477699655,0.0480183693,552383723,0.0,1.0
30-08-1999,25.91,26.94,24.81,26.44,330500,0.0495087922,0.0474069137,0.0505215155,158639920,0.0,1.0
31-08-1999,28.13,28.25,25.5,26.0,1639300,0.0537507651,0.0487253648,0.0496807641,786863606,0.0,1.0
01-09-1999,26.81,28.13,26.38,28.13,1177800,0.051228511,0.0504068676,0.0537507651,565343717,0.0,1.0
02-09-1999,26.5,26.63,25.38,25.94,710600,0.0506361634,0.0484960689,0.0495661162,341087829,0.0,1.0
03-09-1999,26.69,27.38,26.5,27.0,539300,0.0509992151,0.0506361634,0.0515915627,258863870,0.0,1.0
07-09-1999,26.56,27.13,26.44,27.13,259200,0.0507508113,0.0505215155,0.0518399665,124415937,0.0,1.0
08-09-1999,26.5,26.81,26.5,26.63,354300,0.0506361634,0.0506361634,0.0508845672,170063914,0.0,1.0
09-09-1999,26.13,26.94,25.63,26.75,436400,0.0499291679,0.0489737686,0.051113863,209471895,0.0,1.0
10-09-1999,26.5,26.88,26.38,26.56,348800,0.0506361634,0.0504068676,0.0507508113,167423916,0.0,1.0
13-09-1999,25.63,26.63,25.38,26.63,363400,0.0489737686,0.0484960689,0.0508845672,174431912,0.0,1.0
14-09-1999,24.88,25.63,24.75,25.63,521600,0.0475406696,0.0472922658,0.0489737686,250367874,0.0,1.0
15-09-1999,25.06,25.38,24.38,24.56,443200,0.0478846134,0.0465852703,0.0469292141,212735893,0.0,1.0
16-09-1999,24.44,25.0,24.13,24.75,329400,0.0466999182,0.0461075707,0.0472922658,158111920,0.0,1.0
17-09-1999,24.38,24.5,23.5,24.28,357600,0.0465852703,0.0449037675,0.0463941905,171647914,0.0,1.0
20-09-1999,23.5,24.25,23.5,23.94,477300,0.0449037675,0.0449037675,0.0457445189,229103885,0.0,1.0
21-09-1999,21.25,23.13,20.94,23.0,1536100,0.0406044706,0.0400121231,0.0439483682,737327631,0.0,1.0
22-09-1999,21.75,21.88,20.0,21.25,783300,0.04155987,0.0382159724,0.0406044706,375983812,0.0,1.0
23-09-1999,19.94,21.88,19.75,21.81,790800,0.0381013245,0.0377382727,0.0416745179,379583810,0.0,1.0
24-09-1999,18.13,20.5,16.75,20.0,1426900,0.034642779,0.0320058769,0.0382159724,684911657,0.0,1.0
27-09-1999,19.25,19.63,18.13,19.31,900000,0.0367828734,0.034642779,0.0368975213,431999784,0.0,1.0
28-09-1999,21.0,21.25,19.25,19.28,860800,0.040126771,0.0367828734,0.0368401974,413183793,0.0,1.0
29-09-1999,19.31,22.25,19.0,21.44,1237600,0.0368975213,0.0363051738,0.0409675224,594047702,0.0,1.0
30-09-1999,19.25,20.63,19.0,20.0,713600,0.0367828734,0.0363051738,0.0382159724,342527828,0.0,1.0
01-10-1999,19.13,19.63,18.13,18.94,724500,0.0365535776,0.034642779,0.0361905258,347759826,0.0,1.0
04-10-1999,19.5,19.81,19.25,19.75,370000,0.0372605731,0.0367828734,0.0377382727,177599911,0.0,1.0
05-10-1999,21.38,21.5,19.5,19.5,996000,0.0408528745,0.0372605731,0.0372605731,478079760,0.0,1.0
06-10-1999,23.94,25.0,21.25,21.44,3143200,0.0457445189,0.0406044706,0.0409675224,1508735245,0.0,1.0
07-10-1999,22.38,24.94,22.25,24.94,1015200,0.0427636731,0.0425152693,0.0476553175,487295756,0.0,1.0
08-10-1999,23.5,24.19,21.5,22.38,831100,0.0449037675,0.0410821703,0.0427636731,398927800,0.0,1.0
11-10-1999,22.88,23.75,22.25,23.69,1134300,0.0437190724,0.0425152693,0.0452668193,544463727,0.0,1.0
12-10-1999,22.56,23.25,22.5,23.0,672900,0.0431076168,0.0429929689,0.0439483682,322991838,0.0,1.0
13-10-1999,21.94,22.31,21.5,22.31,584100,0.0419229217,0.0410821703,0.0426299172,280367859,0.0,1.0
14-10-1999,21.5,22.0,21.25,22.0,400700,0.0410821703,0.0406044706,0.0420375696,192335903,0.0,1.0
15-10-1999,21.38,21.5,20.38,20.44,439000,0.0408528745,0.0389420758,0.0390567238,210719894,0.0,1.0
18-10-1999,20.25,21.44,20.13,21.44,448300,0.038693672,0.0384643762,0.0409675224,215183892,0.0,1.0
19-10-1999,19.44,20.88,19.06,20.88,643600,0.0371459251,0.0364198217,0.0398974752,308927845,0.0,1.0
20-10-1999,20.13,20.38,19.44,19.75,726500,0.0384643762,0.0371459251,0.0377382727,348719825,0.0,1.0
21-10-1999,21.06,21.06,19.5,20.06,796100,0.0402414189,0.0372605731,0.0383306203,382127808,0.0,1.0
22-10-1999,21.56,22.19,21.0,21.0,597400,0.0411968182,0.040126771,0.040126771,286751856,0.0,1.0
25-10-1999,20.5,21.75,20.5,21.44,445500,0.0391713717,0.0391713717,0.0409675224,213839893,0.0,1.0
26-10-1999,22.5,23.25,21.25,21.38,1002600,0.0429929689,0.0406044706,0.0408528745,481247759,0.0,1.0
27-10-1999,21.5,22.75,21.13,22.63,446100,0.0410821703,0.0403751748,0.0432413727,214127892,0.0,1.0
28-10-1999,20.5,22.0,20.38,21.63,464100,0.0391713717,0.0389420758,0.0413305741,222767888,0.0,1.0
29-10-1999,22.13,22.5,20.63,20.75,688600,0.0422859734,0.0394197755,0.0396490713,330527834,0.0,1.0
01-11-1999,23.5,24.38,21.75,21.75,1630300,0.0449037675,0.04155987,0.04155987,782543608,0.0,1.0
02-11-1999,25.0,25.13,23.75,23.94,1744800,0.0477699655,0.0453814672,0.0457445189,837503581,0.0,1.0
03-11-1999,27.44,28.13,25.81,26.0,4191000,0.0524323141,0.0493177123,0.0496807641,2011678994,0.0,1.0
04-11-1999,29.19,29.94,27.75,27.75,2625700,0.0557762117,0.0530246617,0.0530246617,1260335369,0.0,1.0
05-11-1999,28.25,30.25,26.88,30.0,1284100,0.053980061,0.0513622669,0.0573239586,616367691,0.0,1.0
08-11-1999,29.06,29.88,26.5,27.38,979200,0.0555278079,0.0506361634,0.0523176662,470015764,0.0,1.0
09-11-1999,28.63,29.13,27.5,29.0,567400,0.0547061644,0.052546962,0.0554131599,272351863,0.0,1.0
10-11-1999,28.38,28.75,27.81,28.72,300100,0.0542284648,0.0531393096,0.0548781363,144047927,0.0,1.0
11-11-1999,30.38,31.88,27.75,28.38,1172300,0.058050062,0.0530246617,0.0542284648,562703718,0.0,1.0
12-11-1999,32.0,32.0,29.88,31.69,1044800,0.0611455558,0.0570946627,0.0605532082,501503749,0.0,1.0
15-11-1999,31.38,33.19,30.88,32.22,754600,0.0599608606,0.0590054613,0.0615659315,362207818,0.0,1.0
16-11-1999,34.38,35.0,32.0,32.13,1507900,0.0656932565,0.0611455558,0.0613939596,723791638,0.0,1.0
17-11-1999,35.69,37.5,34.5,35.0,1638300,0.0681964027,0.0659225523,0.0668779516,786383606,0.0,1.0
18-11-1999,35.81,36.75,35.5,36.44,491600,0.0684256985,0.067833351,0.0696295017,235967882,0.0,1.0
19-11-1999,42.88,44.38,40.0,40.13,4510800,0.0819350448,0.0764319447,0.0766803486,2165182917,0.0,1.0
22-11-1999,42.81,44.0,40.25,43.97,1125400,0.0818012889,0.0769096444,0.0840178153,540191729,0.0,1.0
23-11-1999,39.75,40.19,38.0,38.25,1152600,0.0759542451,0.0726103475,0.0730880472,553247723,0.0,1.0
24-11-1999,38.5,40.0,35.56,39.56,847600,0.0735657468,0.0679479989,0.0755911933,406847796,0.0,1.0
26-11-1999,38.25,38.5,37.0,38.13,149500,0.0730880472,0.0706995489,0.0728587513,71759964,0.0,1.0
29-11-1999,36.88,38.63,36.0,38.13,622100,0.0704702531,0.0687887503,0.0728587513,298607850,0.0,1.0
30-11-1999,34.63,37.63,34.63,37.0,655600,0.0661709562,0.0661709562,0.0706995489,314687842,0.0,1.0
01-12-1999,36.38,36.88,34.63,34.63,465700,0.0695148537,0.0661709562,0.0661709562,223535888,0.0,1.0
02-12-1999,39.06,39.56,36.5,36.5,645600,0.074635794,0.0697441496,0.0697441496,309887845,0.0,1.0
03-12-1999,38.13,40.13,37.63,39.44,714100,0.0728587513,0.071903352,0.0753618975,342767828,0.0,1.0
06-12-1999,39.19,39.38,38.25,38.25,372100,0.0748841979,0.0730880472,0.0730880472,178607910,0.0,1.0
07-12-1999,37.88,39.56,36.38,39.5,388300,0.0723810517,0.0695148537,0.0754765454,186383906,0.0,1.0
08-12-1999,39.56,39.94,37.63,37.75,420200,0.0755911933,0.071903352,0.0721326478,201695899,0.0,1.0
09-12-1999,38.38,40.5,37.0,39.5,447800,0.073336451,0.0706995489,0.0754765454,214943892,0.0,1.0
10-12-1999,37.94,39.25,37.25,39.06,204800,0.0724956996,0.0711772485,0.074635794,98303950,0.0,1.0
13-12-1999,37.81,38.81,37.0,37.5,383000,0.0722472958,0.0706995489,0.0716549482,183839908,0.0,1.0
14-12-1999,37.19,38.81,36.81,37.88,570600,0.0710626006,0.0703364971,0.0723810517,273887863,0.0,1.0
15-12-1999,36.0,37.13,35.13,36.94,429100,0.0687887503,0.0671263555,0.070584901,205967897,0.0,1.0
16-12-1999,35.75,36.75,35.63,36.19,276200,0.0683110506,0.0680817548,0.069151802,132575933,0.0,1.0
17-12-1999,37.63,38.19,36.56,36.75,546000,0.071903352,0.0698587975,0.0702218492,262079868,0.0,1.0
20-12-1999,40.75,41.13,36.38,37.69,838400,0.0778650437,0.0695148537,0.0720179999,402431798,0.0,1.0
21-12-1999,42.5,42.56,39.25,40.75,809100,0.0812089413,0.0749988458,0.0778650437,388367805,0.0,1.0
22-12-1999,43.5,44.0,41.0,42.63,523300,0.0831197399,0.0783427434,0.0814573451,251183874,0.0,1.0
23-12-1999,46.38,46.5,43.38,43.56,583800,0.0886228399,0.0828904441,0.0832343878,280223859,0.0,1.0
27-12-1999,44.63,47.44,44.13,47.38,421700,0.0852789423,0.084323543,0.0905336385,202415898,0.0,1.0
28-12-1999,44.5,46.25,44.38,44.63,373300,0.0850305385,0.0848012427,0.0852789423,179183910,0.0,1.0
29-12-1999,46.0,46.5,44.38,44.41,275300,0.0878967365,0.0848012427,0.0848585666,132143933,0.0,1.0
30-12-1999,46.38,46.69,45.25,46.0,291200,0.0886228399,0.0864636375,0.0878967365,139775930,0.0,1.0
31-12-1999,46.94,47.0,46.13,46.28,265300,0.0896928872,0.0881451403,0.0884317601,127343936,0.0,1.0
03-01-2000,46.81,47.63,45.25,47.25,626900,0.0894444833,0.0864636375,0.0902852347,300911849,0.0,1.0
04-01-2000,45.56,46.13,43.25,46.0,626000,0.0870559851,0.0826420403,0.0878967365,300479849,0.0,1.0
05-01-2000,44.19,45.0,43.75,44.25,392400,0.084438191,0.0835974396,0.0845528389,188351905,0.0,1.0
06-01-2000,41.19,44.06,39.5,44.06,251000,0.0787057951,0.0754765454,0.0841897871,120479939,0.0,1.0
07-01-2000,41.88,42.31,40.38,41.0,148300,0.0800242461,0.0771580482,0.0783427434,71183964,0.0,1.0
10-01-2000,43.25,45.0,41.25,42.0,499700,0.0826420403,0.078820443,0.080253542,239855880,0.0,1.0
11-01-2000,41.5,43.5,41.5,43.0,308600,0.0792981427,0.0792981427,0.0821643406,148127925,0.0,1.0
12-01-2000,40.44,41.56,39.88,41.5,257400,0.0772726961,0.0762026489,0.0792981427,123551938,0.0,1.0
13-01-2000,42.13,42.5,39.88,40.38,275400,0.0805019458,0.0762026489,0.0771580482,132191933,0.0,1.0
14-01-2000,43.94,45.69,42.63,42.75,1259500,0.0839604913,0.0814573451,0.0816866409,604559697,0.0,1.0
18-01-2000,45.81,46.0,42.5,44.5,545100,0.0875336847,0.0812089413,0.0850305385,261647869,0.0,1.0
19-01-2000,45.38,46.0,45.0,46.0,343100,0.0867120413,0.0859859378,0.0878967365,164687917,0.0,1.0
20-01-2000,45.25,48.25,44.88,45.75,374100,0.0864636375,0.085756642,0.0874190368,179567910,0.0,1.0
21-01-2000,44.75,45.31,43.63,45.13,1133900,0.0855082382,0.0833681437,0.0862343417,544271727,0.0,1.0
24-01-2000,42.75,46.19,42.5,46.19,535300,0.0816866409,0.0812089413,0.0882597882,256943871,0.0,1.0
25-01-2000,42.38,43.38,41.0,42.94,494000,0.0809796455,0.0783427434,0.0820496927,237119881,0.0,1.0
26-01-2000,40.63,43.5,39.88,42.38,484300,0.0776357479,0.0762026489,0.0809796455,232463883,0.0,1.0
27-01-2000,38.5,40.94,37.0,40.94,954600,0.0735657468,0.0706995489,0.0782280954,458207770,0.0,1.0
28-01-2000,37.38,38.25,35.88,38.0,405100,0.0714256524,0.0685594544,0.0726103475,194447902,0.0,1.0
31-01-2000,37.06,38.38,35.0,37.56,380000,0.0708141968,0.0668779516,0.0717695961,182399908,0.0,1.0
01-02-2000,37.94,38.25,35.75,37.13,193700,0.0724956996,0.0683110506,0.0709479527,92975953,0.0,1.0
02-02-2000,39.0,39.75,37.94,38.13,310500,0.0745211461,0.0724956996,0.0728587513,149039925,0.0,1.0
03-02-2000,39.63,41.06,39.38,40.25,225500,0.0757249493,0.0752472496,0.0769096444,108239945,0.0,1.0
04-02-2000,40.56,40.88,39.75,40.88,257700,0.077501992,0.0759542451,0.0781134475,123695938,0.0,1.0
07-02-2000,38.06,40.75,38.0,40.75,453100,0.0727249954,0.0726103475,0.0778650437,217487891,0.0,1.0
08-02-2000,39.88,41.25,38.0,39.0,976700,0.0762026489,0.0726103475,0.0745211461,468815765,0.0,1.0
09-02-2000,40.88,42.06,40.81,41.38,1227200,0.0781134475,0.0779796916,0.0790688468,589055705,0.0,1.0
10-02-2000,49.25,50.0,43.38,43.38,2021000,0.094106832,0.0828904441,0.0828904441,970079514,0.0,1.0
11-02-2000,50.0,51.75,46.38,51.69,882900,0.0955399309,0.0886228399,0.0987691806,423791788,0.0,1.0
14-02-2000,58.0,58.0,49.63,50.12,1354400,0.1108263199,0.0948329354,0.0957692268,650111674,0.0,1.0
15-02-2000,55.75,58.19,53.38,58.13,938500,0.106527023,0.1019984303,0.1110747237,450479774,0.0,1.0
16-02-2000,58.31,60.25,55.75,56.38,2124100,0.1114186674,0.106527023,0.1077308261,1019567490,0.0,1.0
17-02-2000,60.38,60.75,57.5,58.0,1116200,0.1153740206,0.1098709206,0.1108263199,535775732,0.0,1.0
18-02-2000,67.38,68.25,59.06,59.5,2001800,0.1287496109,0.1128517664,0.1136925178,960863519,0.0,1.0
22-02-2000,65.5,66.13,63.0,65.25,1130200,0.1251573095,0.120380313,0.1246796099,542495728,0.0,1.0
23-02-2000,65.88,66.56,63.94,64.75,1065400,0.125883413,0.1221764637,0.1237242106,511391744,0.0,1.0
24-02-2000,65.25,66.69,62.5,66.25,509000,0.1246796099,0.1194249137,0.1265904085,244319877,0.0,1.0
25-02-2000,61.19,65.31,58.5,65.31,580700,0.1169217675,0.1117817192,0.1247942578,278735860,0.0,1.0
28-02-2000,60.75,61.5,59.75,60.88,1078900,0.1160810161,0.1141702175,0.1163294199,517871741,0.0,1.0
29-02-2000,64.0,64.75,60.38,60.38,637600,0.1222911116,0.1153740206,0.1153740206,306047846,0.0,1.0
01-03-2000,62.13,64.0,61.13,64.0,799100,0.1187179182,0.1168071196,0.1222911116,383567808,0.0,1.0
02-03-2000,57.94,62.63,57.75,62.63,398000,0.110711672,0.1103486202,0.1196733175,191039904,0.0,1.0
03-03-2000,58.88,59.5,57.5,58.0,570200,0.1125078227,0.1098709206,0.1108263199,273695863,0.0,1.0
06-03-2000,58.5,63.75,58.0,59.25,900200,0.1117817192,0.1108263199,0.1132148181,432095783,0.0,1.0
07-03-2000,83.31,87.25,71.75,74.75,4067100,0.1591886329,0.1370998009,0.1428321967,1952207023,0.0,1.0
08-03-2000,84.0,84.75,77.25,83.27,1393200,0.160507084,0.1476091933,0.159112201,668735665,0.0,1.0
09-03-2000,100.3,108.0,84.75,85.0,1985300,0.1916531014,0.1619401829,0.1624178826,952943523,0.0,1.0
10-03-2000,118.0,145.0,104.9,105.5,4502500,0.225474237,0.2004427751,0.2015892543,2161198919,0.0,1.0
13-03-2000,149.3,150.0,107.0,107.0,5031600,0.2852822337,0.2044554522,0.2044554522,2415166792,0.0,1.0
14-03-2000,110.1,148.4,108.0,148.4,3266200,0.2103789279,0.2063662508,0.283562515,1567775216,0.0,1.0
15-03-2000,105.6,121.1,102.0,118.0,2074200,0.2017803341,0.1949014591,0.225474237,995615502,0.0,1.0
16-03-2000,94.17,112.8,92.63,109.0,1563300,0.1799399059,0.176997276,0.2082770494,750383624,0.0,1.0
17-03-2000,99.88,107.0,91.98,92.0,1161700,0.190850566,0.1757552569,0.1757934729,557615721,0.0,1.0
20-03-2000,99.81,107.1,96.63,103.4,761000,0.1907168101,0.1846404705,0.1975765772,365279817,0.0,1.0
21-03-2000,94.88,100.9,87.0,100.0,1118000,0.1812965729,0.1662394798,0.1910798619,536639731,0.0,1.0
22-03-2000,95.56,98.5,94.0,95.63,480400,0.182595916,0.1796150701,0.1827296719,230591884,0.0,1.0
23-03-2000,97.25,102.5,94.5,94.69,644600,0.1858251657,0.1805704695,0.1809335212,309407845,0.0,1.0
24-03-2000,93.19,101.0,90.0,96.62,482500,0.1780673233,0.1719718757,0.1846213625,231599884,0.0,1.0
27-03-2000,87.06,96.0,86.25,93.0,810300,0.1663541277,0.1648063808,0.1777042715,388943805,0.0,1.0
28-03-2000,80.56,85.0,79.0,84.06,819400,0.1539339367,0.1509530909,0.1606217319,393311803,0.0,1.0
29-03-2000,75.25,82.75,72.0,80.88,978000,0.143787596,0.1375775005,0.1545453923,469439765,0.0,1.0
30-03-2000,74.81,81.75,70.5,73.0,754000,0.1429468447,0.1347113026,0.1394882992,361919819,0.0,1.0
31-03-2000,84.48,87.88,78.5,79.92,2006200,0.1614242673,0.1499976916,0.1527110256,962975518,0.0,1.0
03-04-2000,77.88,84.0,75.69,83.72,687400,0.1488129964,0.1446283474,0.1599720603,329951835,0.0,1.0
04-04-2000,75.0,83.38,57.0,81.5,1070400,0.1433098964,0.1089155213,0.1557300874,513791743,0.0,1.0
05-04-2000,91.69,97.5,71.88,75.75,1332500,0.1752011253,0.1373482047,0.1447429954,639599680,0.0,1.0
06-04-2000,95.94,100.8,91.38,95.94,842900,0.1833220195,0.1746087778,0.1833220195,404591797,0.0,1.0
07-04-2000,102.6,105.0,96.5,99.19,663700,0.1960479383,0.1843920667,0.189532115,318575840,0.0,1.0
10-04-2000,93.5,110.4,91.56,104.3,823500,0.1786596708,0.1749527215,0.1992962959,395279802,0.0,1.0
11-04-2000,87.94,95.0,80.0,87.0,953300,0.1680356305,0.1528638895,0.1662394798,457583771,0.0,1.0
12-04-2000,78.81,90.0,78.5,88.06,653000,0.1505900391,0.1499976916,0.1682649263,313439843,0.0,1.0
13-04-2000,75.44,82.25,74.13,79.44,652700,0.1441506478,0.1416475016,0.1517938423,313295843,0.0,1.0
14-04-2000,68.8,76.06,65.5,70.63,879000,0.131462945,0.1251573095,0.1349597064,421919789,0.0,1.0
17-04-2000,72.31,75.0,63.0,63.0,612700,0.1381698481,0.120380313,0.120380313,294095852,0.0,1.0
18-04-2000,85.13,89.75,77.25,79.59,994800,0.1626662864,0.1476091933,0.152080462,477503761,0.0,1.0
19-04-2000,81.06,89.0,80.0,87.81,579900,0.154889336,0.1528638895,0.1677872267,278351860,0.0,1.0
20-04-2000,80.63,84.81,79.5,83.25,320700,0.1540676926,0.1519084902,0.159073985,153935923,0.0,1.0
24-04-2000,76.63,79.38,72.63,76.0,429100,0.1464244981,0.1387813037,0.145220695,205967897,0.0,1.0
25-04-2000,85.0,87.5,79.88,80.06,520200,0.1624178826,0.1526345936,0.1529785374,249695875,0.0,1.0
26-04-2000,84.13,93.0,84.0,90.94,529400,0.1607554878,0.160507084,0.1737680264,254111872,0.0,1.0
27-04-2000,91.0,91.88,78.06,78.5,585400,0.1738826743,0.1491569402,0.1499976916,280991859,0.0,1.0
28-04-2000,89.13,96.0,89.13,92.44,373000,0.1703094809,0.1703094809,0.1766342243,179039910,0.0,1.0
01-05-2000,92.0,94.5,89.81,92.5,248800,0.1757934729,0.1716088239,0.1767488722,119423940,0.0,1.0
02-05-2000,88.44,97.38,85.88,92.0,487500,0.1689910298,0.1640993854,0.1757934729,233999883,0.0,1.0
03-05-2000,87.0,90.75,80.0,87.88,685800,0.1662394798,0.1528638895,0.1679209826,329183835,0.0,1.0
04-05-2000,88.06,91.75,86.06,86.81,502500,0.1682649263,0.1644433291,0.1658764281,241199879,0.0,1.0
05-05-2000,92.13,94.25,86.5,87.69,355400,0.1760418767,0.1652840805,0.1675579309,170591914,0.0,1.0
08-05-2000,88.75,93.0,88.63,89.75,385700,0.1695833774,0.1693540816,0.171494176,185135907,0.0,1.0
09-05-2000,87.5,91.0,85.0,90.25,368400,0.1671948791,0.1624178826,0.1724495753,176831911,0.0,1.0
10-05-2000,78.88,86.69,78.13,86.63,571000,0.150723795,0.1492906961,0.1655324843,274079862,0.0,1.0
11-05-2000,82.25,83.69,78.94,80.0,512300,0.1571631864,0.1508384429,0.1528638895,245903877,0.0,1.0
12-05-2000,79.75,89.0,79.75,84.5,391300,0.1523861898,0.1523861898,0.1614624833,187823906,0.0,1.0
15-05-2000,85.25,86.63,75.5,79.38,587700,0.1628955822,0.1442652957,0.1516791943,282095858,0.0,1.0
16-05-2000,94.0,96.69,88.0,89.0,763400,0.1796150701,0.1681502784,0.170061077,366431816,0.0,1.0
17-05-2000,110.5,114.6,98.94,99.0,2688800,0.2111432473,0.1890544153,0.1891690632,1290623354,0.0,1.0
18-05-2000,103.0,112.9,102.3,111.1,1062300,0.1968122577,0.1954746987,0.2122897265,509903745,0.0,1.0
19-05-2000,102.1,105.5,99.25,100.0,1085800,0.195092539,0.1896467629,0.1910798619,521183739,0.0,1.0
22-05-2000,108.8,108.8,92.06,101.0,1077400,0.2078948897,0.1759081208,0.1929906605,517151741,0.0,1.0
23-05-2000,107.9,117.9,104.3,106.0,1622000,0.2061751709,0.1992962959,0.2025446536,778559610,0.0,1.0
24-05-2000,106.5,109.5,92.25,107.8,1540900,0.2035000529,0.1762711726,0.2059840911,739631630,0.0,1.0
25-05-2000,105.0,114.5,103.7,108.1,1185800,0.2006338549,0.1981498167,0.2065573307,569183715,0.0,1.0
26-05-2000,105.5,108.4,99.0,105.5,382200,0.2015892543,0.1891690632,0.2015892543,183455908,0.0,1.0
30-05-2000,109.9,112.6,107.9,108.4,632600,0.2099967682,0.2061751709,0.2071305702,303647848,0.0,1.0
31-05-2000,112.8,116.0,109.5,109.5,978200,0.2155380842,0.2092324487,0.2092324487,469535765,0.0,1.0
01-06-2000,117.3,118.6,114.4,117.5,872900,0.224136678,0.218595362,0.2245188377,418991790,0.0,1.0
02-06-2000,131.6,133.0,119.8,119.8,1233700,0.2514610982,0.2289136745,0.2289136745,592175703,0.0,1.0
05-06-2000,134.4,141.0,126.1,131.4,1024800,0.2568113343,0.2409517058,0.2510789385,491903754,0.0,1.0
06-06-2000,127.7,139.9,127.0,134.9,783100,0.2440089836,0.2426714246,0.2577667336,375887812,0.0,1.0
07-06-2000,122.0,127.8,120.1,126.8,692400,0.2331174315,0.2294869141,0.2422892648,332351833,0.0,1.0
08-06-2000,122.9,125.3,118.0,125.1,959800,0.2348371502,0.225474237,0.2390409072,460703769,0.0,1.0
09-06-2000,126.4,132.0,123.4,125.3,973500,0.2415249454,0.2357925495,0.2394230669,467279766,0.0,1.0
12-06-2000,123.1,128.1,120.3,127.0,791700,0.2352193099,0.2298690738,0.2426714246,380015809,0.0,1.0
13-06-2000,126.9,127.0,119.0,119.6,933000,0.2424803447,0.2273850356,0.2285315148,447839776,0.0,1.0
14-06-2000,126.8,130.0,125.1,129.3,573100,0.2422892648,0.2390409072,0.2470662614,275087862,0.0,1.0
15-06-2000,130.1,130.1,119.6,126.4,705400,0.2485949003,0.2285315148,0.2415249454,338591830,0.0,1.0
16-06-2000,149.8,150.0,129.6,129.7,2058000,0.2862376331,0.247639501,0.2478305808,987839506,0.0,1.0
19-06-2000,159.1,171.3,145.6,149.4,2192000,0.3040080602,0.2782122789,0.2854733136,1052159473,0.0,1.0
20-06-2000,157.0,163.8,155.0,161.9,1271400,0.2999953831,0.2961737859,0.3093582963,610271694,0.0,1.0
21-06-2000,172.9,176.0,154.6,154.6,1281000,0.3303770811,0.2954094664,0.2954094664,614879692,0.0,1.0
22-06-2000,163.5,175.8,161.9,172.2,1279900,0.3124155741,0.3093582963,0.3290395221,614351692,0.0,1.0
23-06-2000,148.1,161.1,148.0,159.1,1265400,0.2829892754,0.2827981955,0.3040080602,607391696,0.0,1.0
26-06-2000,165.9,166.9,148.6,151.0,1288100,0.3170014908,0.2839446747,0.2885305914,618287690,0.0,1.0
27-06-2000,71.25,83.63,69.06,82.25,1259600,0.2722888031,0.2639195052,0.3143263727,302303848,0.0,2.0
28-06-2000,68.5,75.5,66.5,72.75,2444200,0.2617794107,0.2541362163,0.278021199,586607706,0.0,1.0
29-06-2000,58.63,67.31,57.5,67.31,4937000,0.224060246,0.2197418411,0.25723171,1184879407,0.0,1.0
30-06-2000,63.56,64.63,58.38,61.38,5038300,0.2429007204,0.2231048467,0.2345696384,1209191395,0.0,1.0
03-07-2000,61.13,66.0,60.5,64.0,969500,0.2336142391,0.2312066328,0.2445822232,232679883,0.0,1.0
05-07-2000,54.56,61.0,52.75,60.88,3241400,0.2085063453,0.2015892543,0.2326588398,777935611,0.0,1.0
06-07-2000,57.88,59.88,53.31,54.63,2516400,0.2211940481,0.2037293487,0.2087738571,603935698,0.0,1.0
07-07-2000,58.19,61.0,57.0,60.0,1444000,0.2223787432,0.2178310425,0.2292958342,346559826,0.0,1.0
10-07-2000,61.19,62.63,56.63,57.19,1463600,0.2338435349,0.2164170515,0.218557146,351263824,0.0,1.0
11-07-2000,66.13,69.25,59.69,60.38,3147100,0.2527222253,0.2281111391,0.2307480412,755303622,0.0,1.0
12-07-2000,68.0,71.44,66.69,68.88,1617300,0.2598686121,0.2548623197,0.2632316177,388151805,0.0,1.0
13-07-2000,74.38,74.75,69.31,69.44,1911400,0.2842504025,0.2648749045,0.2653717121,458735770,0.0,1.0
14-07-2000,73.81,77.31,72.0,75.88,1167500,0.2820720921,0.2751550011,0.2899827983,280199859,0.0,1.0
17-07-2000,73.0,75.0,72.75,74.94,439800,0.2789765983,0.278021199,0.2863904969,105551947,0.0,1.0
18-07-2000,71.56,75.0,69.0,69.0,765300,0.2734734983,0.2636902094,0.2636902094,183671908,0.0,1.0
19-07-2000,67.0,69.5,65.56,69.0,789600,0.2560470149,0.2505439149,0.2636902094,189503905,0.0,1.0
20-07-2000,68.81,70.5,66.75,66.94,595800,0.2629641059,0.2550916156,0.255817719,142991928,0.0,1.0
21-07-2000,69.69,71.0,68.0,69.0,1049700,0.2663271115,0.2598686121,0.2636902094,251927874,0.0,1.0
24-07-2000,62.25,70.25,61.0,69.75,1171300,0.237894428,0.2331174315,0.2665564073,281111859,0.0,1.0
25-07-2000,61.38,65.25,61.25,64.75,1397100,0.2345696384,0.2340728308,0.2474484211,335303832,0.0,1.0
26-07-2000,56.81,61.38,55.13,61.38,1583600,0.217104939,0.2106846557,0.2345696384,380063809,0.0,1.0
27-07-2000,52.75,55.75,52.0,55.0,1381500,0.2015892543,0.1987230563,0.210187848,331559834,0.0,1.0
28-07-2000,54.0,57.94,50.0,53.0,2136100,0.2063662508,0.1910798619,0.2025446536,512663743,0.0,1.0
31-07-2000,60.0,60.13,54.0,57.0,1546800,0.2292958342,0.2063662508,0.2178310425,371231814,0.0,1.0
01-08-2000,58.81,60.5,58.38,60.0,1460900,0.2247481335,0.2231048467,0.2292958342,350615824,0.0,1.0
02-08-2000,60.0,60.97,57.06,58.0,1439300,0.2292958342,0.2180603383,0.2216526398,345431827,0.0,1.0
03-08-2000,62.63,64.0,54.0,54.0,1536100,0.239346635,0.2063662508,0.2063662508,368663815,0.0,1.0
04-08-2000,63.75,65.0,62.75,64.13,811600,0.2436268239,0.2398052266,0.2450790308,194783902,0.0,1.0
07-08-2000,68.75,69.31,63.94,64.19,1028900,0.26273481,0.2443529273,0.2453083266,246935876,0.0,1.0
08-08-2000,67.25,71.0,67.0,67.25,533800,0.2570024142,0.2560470149,0.2570024142,128111935,0.0,1.0
09-08-2000,65.25,68.56,64.31,68.13,567700,0.2493592197,0.2457669183,0.2603654198,136247931,0.0,1.0
10-08-2000,66.0,67.5,62.5,63.75,651800,0.2522254176,0.2388498273,0.2436268239,156431921,0.0,1.0
11-08-2000,64.44,66.63,61.38,66.13,549700,0.246263726,0.2345696384,0.2527222253,131927934,0.0,1.0
14-08-2000,65.06,65.88,63.0,65.25,452400,0.2486331162,0.2407606259,0.2493592197,108575945,0.0,1.0
15-08-2000,71.2,72.5,65.19,65.38,1847200,0.2720977233,0.2491299239,0.2498560274,443327778,0.0,1.0
16-08-2000,73.0,75.06,72.13,75.06,1109300,0.2789765983,0.2756518087,0.2868490886,266231866,0.0,1.0
17-08-2000,74.38,74.75,71.75,72.0,540900,0.2842504025,0.2741996018,0.2751550011,129815935,0.0,1.0
18-08-2000,77.0,77.88,73.94,74.06,853000,0.2942629873,0.2825688997,0.2830274914,204719897,0.0,1.0
21-08-2000,78.19,81.19,77.0,79.81,1935300,0.298810688,0.2942629873,0.3050016755,464471767,0.0,1.0
22-08-2000,70.81,75.75,70.13,74.13,2745300,0.2706073004,0.2680086142,0.2832950032,658871670,0.0,1.0
23-08-2000,74.94,75.06,68.25,69.69,1470000,0.2863904969,0.2608240114,0.2663271115,352799823,0.0,1.0
24-08-2000,76.94,77.69,73.13,74.5,1385900,0.2940336914,0.2794734059,0.2847089942,332615833,0.0,1.0
25-08-2000,75.0,77.75,74.63,76.13,637700,0.2866197928,0.2852058018,0.2909381977,153047923,0.0,1.0
28-08-2000,78.0,79.0,74.5,75.38,788600,0.2980845845,0.2847089942,0.2880719997,189263905,0.0,1.0
29-08-2000,77.81,78.5,77.0,78.31,622400,0.297358481,0.2942629873,0.2992692796,149375925,0.0,1.0
30-08-2000,78.5,79.56,76.13,76.94,742000,0.2999953831,0.2909381977,0.2940336914,178079910,0.0,1.0
31-08-2000,79.38,82.5,78.13,79.69,1620400,0.3033583887,0.2985813921,0.3045430838,388895805,0.0,1.0
01-09-2000,79.5,81.75,78.63,81.0,850600,0.3038169803,0.3004921908,0.3095493762,204143897,0.0,1.0
05-09-2000,79.63,81.44,79.06,81.38,1025600,0.304313788,0.3021354776,0.3110015832,246143876,0.0,1.0
06-09-2000,74.13,79.94,73.5,79.94,958900,0.2832950032,0.2808873969,0.3054984831,230135884,0.0,1.0
07-09-2000,78.13,78.25,72.13,75.25,999000,0.2985813921,0.2756518087,0.2875751921,239759880,0.0,1.0
08-09-2000,73.5,79.0,73.25,77.25,927700,0.2808873969,0.2799319976,0.2952183866,222647888,0.0,1.0
11-09-2000,70.5,73.0,67.75,72.56,1191200,0.2694226052,0.2589132128,0.2772950955,285887857,0.0,1.0
12-09-2000,70.06,74.25,69.0,70.56,524900,0.2677411024,0.2636902094,0.269651901,125975937,0.0,1.0
13-09-2000,70.03,71.19,68.38,69.88,999900,0.2676264545,0.2613208191,0.2670532149,239975880,0.0,1.0
14-09-2000,69.38,73.5,68.5,70.38,901400,0.2651424163,0.2617794107,0.2689640135,216335891,0.0,1.0
15-09-2000,70.89,71.88,68.5,69.0,1010800,0.2709130281,0.2617794107,0.2636902094,242591878,0.0,1.0
18-09-2000,66.75,71.5,66.0,71.06,681200,0.2550916156,0.2522254176,0.2715626997,163487918,0.0,1.0
19-09-2000,68.81,69.0,63.0,63.69,1254600,0.2629641059,0.2407606259,0.243397528,301103849,0.0,1.0
20-09-2000,66.56,68.25,65.5,66.94,948200,0.2543655121,0.250314619,0.255817719,227567886,0.0,1.0
21-09-2000,69.42,70.94,67.0,67.06,1445100,0.2652952802,0.2560470149,0.2562763107,346823826,0.0,1.0
22-09-2000,70.63,71.5,62.5,62.56,1613600,0.2699194129,0.2388498273,0.2390791232,387263806,0.0,1.0
25-09-2000,75.69,76.75,72.25,72.81,1948200,0.2892566949,0.2761104004,0.2782504948,467567766,0.0,1.0
26-09-2000,77.5,78.38,73.0,76.5,1405600,0.2961737859,0.2789765983,0.2923521886,337343831,0.0,1.0
27-09-2000,81.75,85.38,76.88,76.88,2817200,0.3124155741,0.2938043956,0.2938043956,676127661,0.0,1.0
28-09-2000,84.25,84.75,79.0,81.0,1390900,0.3219695672,0.3019061817,0.3095493762,333815833,0.0,1.0
29-09-2000,81.88,84.75,80.5,81.88,1557800,0.3129123818,0.3076385776,0.3129123818,373871813,0.0,1.0
02-10-2000,79.94,86.25,77.88,83.0,1419100,0.3054984831,0.2976259928,0.3171925707,340583829,0.0,1.0
03-10-2000,75.63,81.0,75.0,80.38,1251100,0.289027399,0.2866197928,0.3071799859,300263849,0.0,1.0
04-10-2000,74.75,76.0,72.63,73.63,1748200,0.2856643935,0.2775626073,0.2813842046,419567790,0.0,1.0
05-10-2000,73.0,75.31,71.44,75.31,2187700,0.2789765983,0.2730149066,0.2878044879,525047737,0.0,1.0
06-10-2000,68.44,73.69,67.44,73.19,4279900,0.2615501149,0.2577285177,0.2797027018,1027175486,0.0,1.0
09-10-2000,69.94,71.0,62.0,66.69,2771900,0.2672825108,0.2369390287,0.2548623197,665255667,0.0,1.0
10-10-2000,64.63,70.38,64.0,67.0,1733100,0.2469898294,0.2445822232,0.2560470149,415943792,0.0,1.0
11-10-2000,65.19,68.75,58.25,60.69,2232400,0.2491299239,0.2226080391,0.2319327363,535775732,0.0,1.0
12-10-2000,62.63,70.5,62.0,66.63,1673400,0.239346635,0.2369390287,0.2546330239,401615799,0.0,1.0
13-10-2000,65.13,67.0,62.39,63.06,2412400,0.2489006281,0.2384294516,0.2409899218,578975710,0.0,1.0
16-10-2000,63.63,65.13,62.13,65.13,1413400,0.2431682322,0.2374358363,0.2489006281,339215830,0.0,1.0
17-10-2000,59.0,63.63,58.31,63.38,1930200,0.225474237,0.2228373349,0.2422128329,463247768,0.0,1.0
18-10-2000,58.06,61.44,52.56,55.19,1737300,0.2218819356,0.2008631508,0.2109139515,416951791,0.0,1.0
19-10-2000,63.69,64.5,60.88,61.81,1228700,0.243397528,0.2326588398,0.2362129252,294887852,0.0,1.0
20-10-2000,69.63,71.25,61.75,62.19,1614000,0.2660978156,0.2359836294,0.2376651322,387359806,0.0,1.0
23-10-2000,68.06,70.63,65.88,70.19,758800,0.260097908,0.251766826,0.2682379101,182111908,0.0,1.0
24-10-2000,65.88,68.88,65.63,67.75,808200,0.251766826,0.2508114267,0.2589132128,193967903,0.0,1.0
25-10-2000,60.13,65.0,59.69,64.06,1606300,0.2297926419,0.2281111391,0.244811519,385511807,0.0,1.0
26-10-2000,62.69,65.0,56.25,60.5,1107400,0.2395759308,0.2149648446,0.2312066328,265775867,0.0,1.0
27-10-2000,61.25,64.3,59.0,62.75,879000,0.2340728308,0.225474237,0.2398052266,210959894,0.0,1.0
30-10-2000,56.94,61.61,56.88,60.25,800500,0.2176017467,0.2173724508,0.2302512335,192119903,0.0,1.0
31-10-2000,62.14,63.13,57.38,59.19,1246900,0.2374740523,0.2192832495,0.2262003405,299255850,0.0,1.0
01-11-2000,62.13,63.0,58.5,60.63,1268900,0.2374358363,0.2235634384,0.2317034405,304535847,0.0,1.0
02-11-2000,66.88,68.5,63.25,64.31,803700,0.2555884232,0.2417160252,0.2457669183,192887903,0.0,1.0
03-11-2000,71.25,72.5,65.5,66.0,1119300,0.2722888031,0.250314619,0.2522254176,268631865,0.0,1.0
06-11-2000,76.75,80.0,72.5,72.94,2646000,0.2933075879,0.2770657997,0.2787473025,635039682,0.0,1.0
07-11-2000,71.56,75.5,69.0,75.5,1076000,0.2734734983,0.2636902094,0.2885305914,258239870,0.0,1.0
08-11-2000,69.44,72.38,68.38,72.38,779500,0.2653717121,0.2613208191,0.276607208,187079906,0.0,1.0
09-11-2000,62.19,68.5,59.13,65.25,2352200,0.2376651322,0.2259710446,0.2493592197,564527717,0.0,1.0
10-11-2000,58.81,67.5,57.25,64.31,3355200,0.2247481335,0.2187864418,0.2457669183,805247597,0.0,1.0
13-11-2000,59.06,65.5,54.0,55.88,2208500,0.2257035328,0.2063662508,0.2135508536,530039734,0.0,1.0
14-11-2000,69.88,70.38,62.5,63.0,1961400,0.2670532149,0.2388498273,0.2407606259,470735764,0.0,1.0
15-11-2000,68.95,70.81,65.81,68.63,1766100,0.2634991295,0.2514993142,0.2622762184,423863788,0.0,1.0
16-11-2000,64.63,68.75,64.0,67.0,981400,0.2469898294,0.2445822232,0.2560470149,235535882,0.0,1.0
17-11-2000,63.38,68.44,61.25,65.13,744900,0.2422128329,0.2340728308,0.2489006281,178775910,0.0,1.0
20-11-2000,58.5,61.06,57.81,61.03,1244800,0.2235634384,0.2209265363,0.2332320794,298751850,0.0,1.0
21-11-2000,57.38,61.5,54.38,61.0,1593800,0.2192832495,0.2078184578,0.2331174315,382511808,0.0,1.0
22-11-2000,54.38,56.75,52.0,55.0,1707300,0.2078184578,0.1987230563,0.210187848,409751795,0.0,1.0
24-11-2000,57.5,59.63,55.0,55.0,687800,0.2197418411,0.210187848,0.210187848,165071917,0.0,1.0
27-11-2000,55.56,62.0,53.27,61.63,1516100,0.2123279425,0.2035764848,0.2355250377,363863818,0.0,1.0
28-11-2000,51.42,57.0,50.19,56.41,1593100,0.1965065299,0.1918059653,0.2155763001,382343808,0.0,1.0
29-11-2000,48.25,52.25,44.38,52.19,2651700,0.1843920667,0.1696024854,0.1994491598,636407681,0.0,1.0
30-11-2000,40.5,44.13,36.38,44.13,4090100,0.1547746881,0.1390297075,0.1686470861,981623509,0.0,1.0
01-12-2000,44.5,48.75,42.75,43.0,3267000,0.170061077,0.1633732819,0.1643286812,784079607,0.0,1.0
04-12-2000,45.19,46.25,41.75,44.78,1976100,0.1726979791,0.1595516846,0.1711311243,474263762,0.0,1.0
05-12-2000,48.13,50.13,43.88,48.38,4155100,0.183933475,0.1676916868,0.1848888743,997223501,0.0,1.0
06-12-2000,41.25,48.5,41.0,47.19,3962200,0.157640886,0.1566854867,0.1803411736,950927524,0.0,1.0
07-12-2000,40.5,42.69,37.13,39.25,3271600,0.1547746881,0.1418959054,0.1499976916,785183607,0.0,1.0
08-12-2000,49.75,50.0,40.52,44.69,3555800,0.1901244625,0.15485112,0.1707871805,853391573,0.0,1.0
11-12-2000,49.75,50.75,46.88,48.13,3156800,0.1901244625,0.1791564785,0.183933475,757631621,0.0,1.0
12-12-2000,48.38,49.38,46.75,48.5,1706300,0.1848888743,0.1786596708,0.185347466,409511795,0.0,1.0
13-12-2000,44.63,49.0,43.75,48.19,2812800,0.1705578847,0.1671948791,0.1841627709,675071662,0.0,1.0
14-12-2000,41.56,44.69,40.5,44.31,2370900,0.1588255812,0.1547746881,0.1693349736,569015715,0.0,1.0
15-12-2000,37.44,41.38,37.25,38.94,4560100,0.1430806006,0.1423544971,0.1488129964,1094423452,0.0,1.0
18-12-2000,38.67,40.0,38.13,39.0,2745300,0.1477811652,0.1457175026,0.1490422922,658871670,0.0,1.0
19-12-2000,35.75,42.75,35.0,39.25,3942500,0.1366221012,0.1337559033,0.1499976916,946199526,0.0,1.0
20-12-2000,31.88,38.88,30.13,33.94,4605800,0.1218325199,0.1151447248,0.1297050102,1105391447,0.0,1.0
21-12-2000,27.88,35.75,27.5,31.44,3521900,0.106546131,0.105093924,0.1201510171,845255577,0.0,1.0
22-12-2000,35.06,38.25,30.13,30.13,3954500,0.1339851991,0.1151447248,0.1151447248,949079525,0.0,1.0
26-12-2000,33.63,35.88,31.38,35.5,1432600,0.1285203151,0.1199217213,0.1356667019,343823828,0.0,1.0
27-12-2000,35.88,37.25,31.88,33.25,1414400,0.1371189089,0.1218325199,0.1270681081,339455830,0.0,1.0
28-12-2000,36.06,37.0,33.88,34.44,1746800,0.1378067964,0.1294757144,0.1316158088,419231790,0.0,1.0
29-12-2000,32.77,37.19,32.0,36.0,2063200,0.1252337415,0.1222911116,0.1375775005,495167752,0.0,1.0
02-01-2001,29.94,33.44,29.81,33.0,1211700,0.1144186213,0.1139218136,0.1261127088,290807854,0.0,1.0
03-01-2001,39.13,39.44,28.25,29.0,3793200,0.1495390999,0.1079601219,0.1108263199,910367544,0.0,1.0
04-01-2001,43.63,44.63,37.38,38.44,3397700,0.1667362875,0.1428513047,0.1469021978,815447592,0.0,1.0
05-01-2001,37.09,43.44,36.25,43.25,1803200,0.1417430415,0.1385328998,0.1652840805,432767783,0.0,1.0
08-01-2001,40.63,42.25,36.06,36.06,2390700,0.1552714957,0.1378067964,0.1378067964,573767713,0.0,1.0
09-01-2001,41.44,42.25,39.19,41.19,1262100,0.1583669895,0.1497683957,0.1574115902,302903848,0.0,1.0
10-01-2001,44.31,44.5,38.38,39.31,1637200,0.1693349736,0.146672902,0.1502269874,392927803,0.0,1.0
11-01-2001,48.0,49.88,42.5,43.25,1865200,0.1834366674,0.1624178826,0.1652840805,447647776,0.0,1.0
12-01-2001,47.0,51.75,46.5,48.81,2787500,0.1796150701,0.1777042715,0.1865321611,668999665,0.0,1.0
16-01-2001,43.31,47.25,42.56,47.25,1729100,0.1655133763,0.1626471784,0.1805704695,414983792,0.0,1.0
17-01-2001,44.88,48.0,44.69,46.63,2469100,0.171513284,0.1707871805,0.1782010792,592583703,0.0,1.0
18-01-2001,53.48,54.75,43.88,44.88,3950700,0.2043790202,0.1676916868,0.171513284,948167525,0.0,1.0
19-01-2001,52.06,57.0,51.25,55.0,4244600,0.1989523522,0.1958568584,0.210187848,1018703490,0.0,1.0
22-01-2001,50.0,52.5,48.56,50.5,1573800,0.1910798619,0.1855767618,0.1929906605,377711811,0.0,1.0
23-01-2001,54.98,56.0,49.13,49.38,1806800,0.2101114161,0.1877550723,0.1887104716,433631783,0.0,1.0
24-01-2001,54.75,55.5,51.56,54.94,1882200,0.2092324487,0.1970415535,0.2099585522,451727774,0.0,1.0
25-01-2001,49.25,53.0,48.13,52.88,1833400,0.1882136639,0.183933475,0.2020860619,440015779,0.0,1.0
26-01-2001,50.81,51.41,46.16,46.5,1080200,0.1941753556,0.1764049285,0.1777042715,259247870,0.0,1.0
29-01-2001,51.06,51.13,47.5,49.25,1475700,0.1951307549,0.1815258688,0.1882136639,354167822,0.0,1.0
30-01-2001,52.19,53.28,50.88,51.88,1015500,0.1994491598,0.1944428674,0.1982644647,243719878,0.0,1.0
31-01-2001,51.63,54.25,50.5,52.25,1493100,0.1973090654,0.1929906605,0.1996784556,358343820,0.0,1.0
01-02-2001,51.89,52.25,49.38,51.63,1549400,0.1983026806,0.1887104716,0.1973090654,371855814,0.0,1.0
02-02-2001,46.88,53.13,46.5,51.94,1335500,0.1791564785,0.1777042715,0.1984937605,320519839,0.0,1.0
05-02-2001,46.81,47.13,44.06,46.81,1531600,0.1788889667,0.1683795743,0.1788889667,367583816,0.0,1.0
06-02-2001,47.06,48.0,45.83,45.94,1043500,0.179844366,0.1751438014,0.1755641771,250439874,0.0,1.0
07-02-2001,44.88,47.13,42.38,46.75,3001600,0.171513284,0.1619592909,0.1786596708,720383639,0.0,1.0
08-02-2001,44.63,47.69,44.44,45.13,1601200,0.1705578847,0.1698317812,0.1724686833,384287807,0.0,1.0
09-02-2001,44.31,44.56,42.69,44.25,1081700,0.1693349736,0.1631439861,0.1691056777,259607870,0.0,1.0
12-02-2001,43.13,44.31,41.0,43.81,1476400,0.1648254888,0.1566854867,0.167424175,354335822,0.0,1.0
13-02-2001,44.44,46.5,43.44,43.94,1948900,0.1698317812,0.166010184,0.1679209826,467735766,0.0,1.0
14-02-2001,47.69,49.0,42.0,43.88,2878700,0.1822519722,0.160507084,0.1676916868,690887654,0.0,1.0
15-02-2001,56.44,57.38,53.88,54.25,4618800,0.2156909481,0.2059076591,0.2073216501,1108511445,0.0,1.0
16-02-2001,59.5,61.0,53.5,53.56,4504900,0.2273850356,0.2044554522,0.204684748,1081175459,0.0,1.0
20-02-2001,53.56,59.25,53.5,58.0,2922100,0.204684748,0.2044554522,0.2216526398,701303649,0.0,1.0
21-02-2001,56.0,58.25,51.0,51.56,2693800,0.2140094453,0.1949014591,0.1970415535,646511676,0.0,1.0
22-02-2001,58.38,60.0,54.0,55.69,3397100,0.2231048467,0.2063662508,0.2128247501,815303592,0.0,1.0
23-02-2001,54.34,59.0,52.5,58.06,4311100,0.2076655939,0.2006338549,0.2218819356,1034663482,0.0,1.0
26-02-2001,53.13,54.25,50.81,52.75,3132600,0.2030414612,0.1941753556,0.2015892543,751823624,0.0,1.0
27-02-2001,49.94,53.88,49.63,51.81,2224300,0.190850566,0.1896658709,0.1979969529,533831733,0.0,1.0
28-02-2001,44.69,52.5,43.75,49.56,3266900,0.1707871805,0.1671948791,0.1893983591,784055607,0.0,1.0
01-03-2001,48.22,49.0,40.0,44.13,3813700,0.1842774188,0.1528638895,0.1686470861,915287542,0.0,1.0
02-03-2001,43.58,47.94,43.0,44.75,5889600,0.1665452076,0.1643286812,0.1710164764,1413503293,0.0,1.0
05-03-2001,44.0,45.13,41.63,41.88,3092900,0.1681502784,0.159093093,0.1600484923,742295628,0.0,1.0
06-03-2001,48.25,49.81,45.47,46.25,3476700,0.1843920667,0.1737680264,0.1767488722,834407582,0.0,1.0
07-03-2001,52.13,52.25,48.44,49.31,3909500,0.199219864,0.1851181702,0.1884429598,938279530,0.0,1.0
08-03-2001,53.88,54.44,50.63,50.63,3455600,0.2059076591,0.1934874681,0.1934874681,829343585,0.0,1.0
09-03-2001,50.06,51.31,45.38,51.06,5069900,0.1913091577,0.1734240826,0.1951307549,1216775391,0.0,1.0
12-03-2001,48.25,50.63,46.13,48.38,3175600,0.1843920667,0.1762902805,0.1848888743,762143618,0.0,1.0
13-03-2001,54.0,54.75,48.63,48.88,4509800,0.2063662508,0.1858442736,0.1867996729,1082351458,0.0,1.0
14-03-2001,57.06,57.25,51.56,51.56,5629700,0.2180603383,0.1970415535,0.1970415535,1351127324,0.0,1.0
15-03-2001,59.88,63.73,58.38,60.56,7816600,0.2288372426,0.2231048467,0.2314359287,1875983062,0.0,1.0
16-03-2001,59.63,61.25,57.19,58.94,5105000,0.2278818432,0.218557146,0.2252449412,1225199387,0.0,1.0
19-03-2001,63.06,63.5,56.08,59.31,3932900,0.2409899218,0.2143151731,0.2266589321,943895528,0.0,1.0
20-03-2001,57.19,66.25,56.5,62.31,8294000,0.218557146,0.2159202439,0.2381237238,1990559004,0.0,1.0
21-03-2001,61.44,63.13,57.0,57.31,7822300,0.2347989342,0.2178310425,0.2190157377,1877351061,0.0,1.0
22-03-2001,67.63,67.88,61.5,62.0,7074000,0.2584546211,0.2350282301,0.2369390287,1697759151,0.0,1.0
23-03-2001,67.0,70.13,63.63,68.88,6290300,0.2560470149,0.2431682322,0.2632316177,1509671245,0.0,1.0
26-03-2001,70.63,71.0,67.0,67.0,6429000,0.2699194129,0.2560470149,0.2560470149,1542959228,0.0,1.0
27-03-2001,68.06,71.69,65.13,69.25,7092300,0.260097908,0.2489006281,0.2646456087,1702151148,0.0,1.0
28-03-2001,68.11,69.88,66.0,66.19,5972000,0.2602889878,0.2522254176,0.2529515211,1433279283,0.0,1.0
29-03-2001,69.13,71.5,66.13,67.52,6804000,0.264187017,0.2527222253,0.2580342454,1632959183,0.0,1.0
30-03-2001,64.92,69.94,64.5,68.63,5929900,0.2480980926,0.2464930218,0.2622762184,1423175288,0.0,1.0
02-04-2001,62.19,66.31,61.38,64.75,5271500,0.2376651322,0.2345696384,0.2474484211,1265159367,0.0,1.0
03-04-2001,64.25,65.94,61.19,61.25,8298400,0.2455376225,0.2338435349,0.2340728308,1991615004,0.0,1.0
04-04-2001,57.63,61.94,53.81,61.81,14010300,0.2202386488,0.2056401473,0.2362129252,3362470318,0.0,1.0
05-04-2001,62.94,63.94,59.75,61.44,7186500,0.2405313301,0.2283404349,0.2347989342,1724759137,0.0,1.0
06-04-2001,62.69,66.0,61.06,62.13,6448600,0.2395759308,0.2333467273,0.2374358363,1547663226,0.0,1.0
09-04-2001,59.64,65.45,58.65,63.9,4571500,0.2279200592,0.224136678,0.2442000634,1097159451,0.0,1.0
10-04-2001,65.27,67.2,60.51,61.07,4943400,0.2494356517,0.2312448488,0.2333849433,1186415406,0.0,1.0
11-04-2001,69.21,71.8,67.3,69.29,5945300,0.2644927448,0.2571934941,0.2647984726,1426871286,0.0,1.0
12-04-2001,70.25,73.25,66.63,67.93,6001100,0.2684672059,0.2546330239,0.2596011003,1440263279,0.0,1.0
16-04-2001,68.54,70.45,67.28,69.0,3183800,0.2619322746,0.2571170621,0.2636902094,764111617,0.0,1.0
17-04-2001,71.9,72.45,67.5,67.53,4635200,0.2747728413,0.2579578135,0.2580724614,1112447443,0.0,1.0
18-04-2001,77.26,84.4,74.93,74.93,9591100,0.2952566025,0.286352281,0.286352281,2301862849,0.0,1.0
19-04-2001,83.9,85.23,77.35,77.7,6801100,0.3206320082,0.2956005463,0.2969381053,1632263183,0.0,1.0
20-04-2001,86.96,89.99,80.7,82.89,7391000,0.3323260957,0.308402897,0.316772195,1773839113,0.0,1.0
23-04-2001,82.37,85.15,81.5,85.07,5162500,0.3147849644,0.3114601748,0.325103277,1238999380,0.0,1.0
24-04-2001,76.54,88.29,75.25,82.14,7618000,0.2925050525,0.2875751921,0.3139059971,1828319085,0.0,1.0
25-04-2001,80.06,82.79,76.45,76.74,5932200,0.3059570748,0.2921611088,0.293269372,1423727288,0.0,1.0
26-04-2001,73.75,81.8,73.0,81.8,6191700,0.2818427962,0.2789765983,0.312606654,1486007256,0.0,1.0
27-04-2001,79.0,79.33,75.11,76.6,3815300,0.3019061817,0.2870401685,0.2927343484,915671542,0.0,1.0
30-04-2001,83.3,87.95,79.43,81.15,6597000,0.3183390498,0.3035494685,0.3101226158,1583279208,0.0,1.0
01-05-2001,91.08,91.3,82.25,83.6,7780700,0.3480710764,0.3143263727,0.319485529,1867367066,0.0,1.0
02-05-2001,88.99,93.45,87.8,93.45,6449100,0.3400839381,0.3355362374,0.3571282618,1547783226,0.0,1.0
03-05-2001,88.6,89.0,85.76,86.3,4002100,0.3385935152,0.3277401791,0.3298038416,960503519,0.0,1.0
04-05-2001,89.82,91.23,85.6,86.0,3973000,0.3432558638,0.3271287235,0.3286573624,953519523,0.0,1.0
07-05-2001,93.85,94.5,88.43,89.48,4065000,0.3586569007,0.3379438437,0.3419565208,975599512,0.0,1.0
08-05-2001,87.06,95.28,86.26,95.24,6750600,0.3327082555,0.3296509777,0.3639689209,1620143189,0.0,1.0
09-05-2001,82.98,86.12,82.4,84.29,5496000,0.3171161387,0.3148996123,0.3221224311,1319039340,0.0,1.0
10-05-2001,80.19,86.39,79.2,85.38,4162100,0.3064538824,0.3026705012,0.3262879721,998903500,0.0,1.0
11-05-2001,78.14,80.5,76.54,79.99,3838400,0.2986196081,0.2925050525,0.305689563,921215539,0.0,1.0
14-05-2001,78.81,79.74,75.55,78.37,2926800,0.3011800783,0.2887216713,0.2994985755,702431648,0.0,1.0
15-05-2001,81.64,85.0,78.6,79.5,5177500,0.3119951984,0.3003775428,0.3038169803,1242599378,0.0,1.0
16-05-2001,85.49,86.0,79.26,79.77,3987900,0.3267083478,0.302899797,0.3048488116,957095521,0.0,1.0
17-05-2001,87.0,89.5,84.45,85.77,3829400,0.3324789596,0.3227338867,0.327778395,919055540,0.0,1.0
18-05-2001,86.3,89.0,84.6,86.71,2399300,0.3298038416,0.3233071263,0.3313706964,575831712,0.0,1.0
21-05-2001,90.2,92.0,84.38,86.11,4436200,0.3447080708,0.3224663749,0.3290777381,1064687467,0.0,1.0
22-05-2001,92.9,93.8,88.0,91.52,4374900,0.3550263833,0.3363005569,0.3497525791,1049975475,0.0,1.0
23-05-2001,92.11,100.0,91.0,96.55,9353800,0.3520073215,0.3477653486,0.3689752132,2244910877,0.0,1.0
24-05-2001,93.47,95.84,88.75,91.5,7002400,0.3572046937,0.3391667548,0.3496761472,1680575159,0.0,1.0
25-05-2001,91.7,92.95,90.0,91.59,3949800,0.3504404666,0.3439437513,0.3500200909,947951526,0.0,1.0
29-05-2001,87.94,91.2,86.7,91.18,3835700,0.336071261,0.3313324805,0.3484532361,920567539,0.0,1.0
30-05-2001,86.3,90.23,85.4,85.87,13787100,0.3298038416,0.326364404,0.3281605547,3308902345,0.0,1.0
31-05-2001,85.61,87.5,83.76,86.99,5262200,0.3271669395,0.3200969846,0.3324407437,1262927368,0.0,1.0
01-06-2001,90.35,91.08,85.7,86.2,4260300,0.3452813104,0.3275108832,0.3294216818,1022471488,0.0,1.0
04-06-2001,88.95,90.89,87.76,90.41,2589800,0.3399310742,0.3353833735,0.3455106062,621551689,0.0,1.0
05-06-2001,93.62,94.55,88.7,88.85,4113200,0.3577779333,0.3389756749,0.3395489145,987167506,0.0,1.0
06-06-2001,94.02,95.25,92.6,93.97,2912400,0.3593065722,0.3538799042,0.3591154924,698975650,0.0,1.0
07-06-2001,99.33,99.6,92.5,93.19,4754800,0.3795992536,0.3534977444,0.3561346465,1141151429,0.0,1.0
08-06-2001,96.75,99.18,95.72,99.03,2969500,0.3697395327,0.3658032875,0.3784527744,712679643,0.0,1.0
11-06-2001,93.92,97.0,92.42,96.89,2424700,0.3589244125,0.3531920167,0.3702745563,581927709,0.0,1.0
12-06-2001,97.05,98.45,91.75,91.95,4594700,0.3708860119,0.3506315465,0.3513958659,1102727448,0.0,1.0
13-06-2001,93.79,99.24,92.95,97.76,3911300,0.3584276049,0.3552174632,0.3735993459,938711530,0.0,1.0
14-06-2001,93.59,95.19,91.25,92.58,3942300,0.3576632854,0.3487207479,0.3538034722,946151526,0.0,1.0
15-06-2001,95.05,96.7,90.78,92.5,4560600,0.3632428174,0.3469245972,0.3534977444,1094543452,0.0,1.0
18-06-2001,91.29,96.35,90.25,94.81,3569400,0.3488736118,0.3448991506,0.362325634,856655571,0.0,1.0
19-06-2001,86.3,95.18,84.45,93.01,6304700,0.3298038416,0.3227338867,0.355446759,1513127243,0.0,1.0
20-06-2001,90.01,91.0,82.95,84.71,7330000,0.3439819673,0.3170014908,0.323727502,1759199120,0.0,1.0
21-06-2001,91.71,93.3,87.25,89.65,6185700,0.3504786826,0.3334343589,0.3426061923,1484567257,0.0,1.0
22-06-2001,91.3,93.69,90.1,91.25,3171600,0.3489118277,0.3443259111,0.3487207479,761183619,0.0,1.0
25-06-2001,91.12,92.7,88.46,92.32,2666800,0.3482239402,0.3380584916,0.3528098569,640031679,0.0,1.0
26-06-2001,93.75,94.2,88.75,89.1,3158000,0.358274741,0.3391667548,0.3405043138,757919621,0.0,1.0
27-06-2001,90.85,93.5,89.26,93.3,3732300,0.347192109,0.3411157694,0.3565550222,895751552,0.0,1.0
28-06-2001,91.92,93.25,91.0,92.07,3788900,0.351281218,0.3477653486,0.3518544576,909335545,0.0,1.0
29-06-2001,92.75,94.2,91.21,92.25,3045500,0.3544531437,0.348567884,0.3525423451,730919634,0.0,1.0
02-07-2001,88.63,89.83,87.3,89.08,4333400,0.3387081631,0.3336254388,0.3404278819,1040015479,0.0,1.0
03-07-2001,89.77,90.7,87.58,88.03,1692900,0.343064784,0.334695486,0.3364152048,406295796,0.0,1.0
05-07-2001,83.26,89.25,83.15,89.05,4250400,0.318186186,0.3177658103,0.340313234,1020095489,0.0,1.0
06-07-2001,80.7,82.65,79.1,82.4,3345100,0.308402897,0.3022883415,0.3148996123,802823598,0.0,1.0
09-07-2001,78.06,81.58,77.3,79.65,4225300,0.2983138803,0.2954094664,0.3043902199,1014071492,0.0,1.0
10-07-2001,78.7,80.15,77.75,79.1,5090600,0.3007597026,0.2971291852,0.3022883415,1221743389,0.0,1.0
11-07-2001,78.55,79.81,76.12,78.4,3769300,0.300186463,0.2908999817,0.2996132234,904631547,0.0,1.0
12-07-2001,82.67,83.25,80.25,82.25,4089800,0.3159314436,0.3066831783,0.3143263727,981551509,0.0,1.0
13-07-2001,80.96,82.96,79.25,82.06,2875600,0.3093965123,0.302861581,0.3136002693,690143654,0.0,1.0
16-07-2001,74.45,81.0,74.05,80.05,4965400,0.2845179143,0.2829892754,0.3059188588,1191695404,0.0,1.0
17-07-2001,78.61,79.34,72.5,73.2,4874600,0.3004157588,0.2770657997,0.2797409178,1169903415,0.0,1.0
18-07-2001,75.89,78.86,74.28,76.74,3504100,0.2900210143,0.2838682428,0.293269372,840983579,0.0,1.0
19-07-2001,77.11,80.32,75.81,76.99,3500100,0.294683363,0.2897152865,0.2942247713,840023579,0.0,1.0
20-07-2001,74.89,76.9,72.5,75.19,3093600,0.2861994171,0.2770657997,0.2873458963,742463628,0.0,1.0
23-07-2001,67.8,75.1,67.71,75.01,6449900,0.2591042927,0.2587603489,0.2866580088,1547975226,0.0,1.0
24-07-2001,72.39,72.45,67.26,68.71,5688800,0.276645424,0.2570406302,0.2625819462,1365311317,0.0,1.0
25-07-2001,71.69,72.4,69.28,72.26,5191200,0.2739703059,0.2647602566,0.2761486164,1245887377,0.0,1.0
26-07-2001,79.0,79.5,70.65,71.01,7142300,0.3019061817,0.2699958448,0.2713716198,1714151142,0.0,1.0
27-07-2001,81.0,81.87,76.5,78.85,4561200,0.3095493762,0.2923521886,0.3013329421,1094687452,0.0,1.0
30-07-2001,79.07,81.43,78.2,81.1,2426200,0.3021736935,0.2988489039,0.3099315359,582287708,0.0,1.0
31-07-2001,80.9,81.25,76.3,79.18,4949000,0.3091672165,0.2915878692,0.3025940692,1187759406,0.0,1.0
01-08-2001,85.84,86.26,81.92,82.49,5020600,0.3280459068,0.3130652457,0.3152435561,1204943397,0.0,1.0
02-08-2001,87.88,88.19,83.99,86.93,4574700,0.3358419652,0.3209759519,0.3322114478,1097927451,0.0,1.0
03-08-2001,87.3,88.54,85.36,87.0,3418100,0.3336254388,0.3262115402,0.3324789596,820343589,0.0,1.0
06-08-2001,89.83,90.72,85.64,86.57,5385700,0.3432940798,0.3272815874,0.3308356728,1292567353,0.0,1.0
07-08-2001,88.5,90.25,87.45,89.81,4535900,0.3382113555,0.3341986784,0.3432176479,1088615455,0.0,1.0
08-08-2001,86.25,90.0,85.86,87.73,4690400,0.3296127617,0.3281223388,0.3352687256,1125695437,0.0,1.0
09-08-2001,84.74,87.54,83.2,85.85,6848400,0.3238421499,0.3179568901,0.3280841228,1643615178,0.0,1.0
10-08-2001,84.64,85.8,82.1,84.7,4318700,0.3234599901,0.3137531332,0.323689286,1036487481,0.0,1.0
13-08-2001,88.19,89.15,84.81,86.09,6311600,0.3370266603,0.3241096617,0.3290013061,1514783242,0.0,1.0
14-08-2001,85.85,87.15,84.76,86.59,9671500,0.3280841228,0.3239185818,0.3309121048,2321158839,0.0,1.0
15-08-2001,85.95,88.82,85.19,87.79,7568300,0.3284662825,0.3255618686,0.3354980214,1816391091,0.0,1.0
16-08-2001,89.57,89.7,84.03,84.37,4275400,0.3423004645,0.3211288158,0.3224281589,1026095486,0.0,1.0
17-08-2001,83.77,88.44,83.06,87.3,6953500,0.3201352005,0.3174218665,0.3336254388,1668839165,0.0,1.0
20-08-2001,83.19,84.09,80.64,83.24,4930500,0.3179186742,0.3081736012,0.318109754,1183319408,0.0,1.0
21-08-2001,81.44,85.6,81.31,83.4,4944400,0.311230879,0.3107340713,0.3187212096,1186655406,0.0,1.0
22-08-2001,84.79,84.88,80.25,82.88,6242100,0.3240332297,0.3066831783,0.316733979,1498103250,0.0,1.0
23-08-2001,82.91,85.59,82.5,84.5,4223300,0.3168486269,0.3152817721,0.3229249665,1013591493,0.0,1.0
24-08-2001,85.28,86.99,83.31,83.8,4628900,0.3259058124,0.3183772658,0.3202498485,1110935444,0.0,1.0
27-08-2001,88.23,89.36,83.05,83.37,5331700,0.3371795242,0.3173836505,0.3186065617,1279607360,0.0,1.0
28-08-2001,87.08,89.95,86.4,87.99,4911500,0.3327846874,0.3301860013,0.3362623409,1178759410,0.0,1.0
29-08-2001,84.28,87.87,83.55,87.32,5982500,0.3220842151,0.3192944492,0.3337018707,1435799282,0.0,1.0
30-08-2001,84.01,84.6,80.75,82.7,5963800,0.3210523839,0.3085939769,0.3160460915,1431311284,0.0,1.0
31-08-2001,84.71,85.48,82.35,83.45,3699600,0.323727502,0.3147085325,0.3189122894,887903556,0.0,1.0
04-09-2001,78.82,84.48,78.23,84.48,7733900,0.3012182942,0.2989635519,0.3228485346,1856135071,0.0,1.0
05-09-2001,80.5,81.1,75.55,78.75,9981600,0.3076385776,0.2887216713,0.3009507824,2395582802,0.0,1.0
06-09-2001,77.21,81.4,76.85,78.91,8128200,0.2950655227,0.2936897477,0.301562238,1950767024,0.0,1.0
07-09-2001,78.02,79.2,75.6,76.0,8209400,0.2981610164,0.2889127511,0.29044139,1970255014,0.0,1.0
10-09-2001,75.76,78.55,74.19,77.36,7801500,0.2895242067,0.283524299,0.2956387623,1872359063,0.0,1.0
17-09-2001,33.99,36.39,33.82,35.52,4744150,0.2597921802,0.2584928371,0.2714862677,569297715,0.0,2.0
18-09-2001,31.94,34.9,31.17,34.65,3726550,0.2441236315,0.2382383718,0.2648366885,447185776,0.0,1.0
19-09-2001,31.55,32.49,27.06,32.49,6507950,0.2411427857,0.2068248425,0.2483273885,780953609,0.0,1.0
20-09-2001,28.88,30.95,28.0,30.95,6127900,0.2207354564,0.2140094453,0.236556869,735347632,0.0,1.0
21-09-2001,26.97,28.28,26.01,28.28,10219200,0.206136955,0.1987994883,0.2161495397,1226303386,0.0,1.0
24-09-2001,30.0,30.44,27.82,29.11,12562500,0.2292958342,0.2126336703,0.2224933911,1507499246,0.0,1.0
25-09-2001,28.83,31.39,28.74,30.09,7847700,0.2203532967,0.2196654092,0.2299837217,941723529,0.0,1.0
26-09-2001,27.79,29.3,27.5,29.2,3590100,0.2124043744,0.210187848,0.2231812786,430811784,0.0,1.0
27-09-2001,26.25,28.0,25.51,27.69,7560800,0.2006338549,0.194977891,0.211640055,907295546,0.0,1.0
28-09-2001,27.47,28.81,25.85,27.0,8707300,0.2099585522,0.1975765772,0.2063662508,1044875477,0.0,1.0
01-10-2001,25.14,27.9,24.7,27.45,8106700,0.1921499091,0.1887869035,0.2098056883,972803513,0.0,1.0
02-10-2001,23.88,26.1,22.66,25.1,9358600,0.182519484,0.1731947868,0.1918441813,1123031438,0.0,1.0
03-10-2001,28.58,30.09,23.76,30.09,14990200,0.2184424981,0.1816023007,0.2299837217,1798823100,0.0,1.0
04-10-2001,32.29,33.8,29.06,33.8,16504800,0.2467987496,0.2221112314,0.2583399732,1980575009,0.0,1.0
05-10-2001,32.9,33.69,30.59,33.69,8985100,0.2514610982,0.233805319,0.2574992218,1078211460,0.0,1.0
08-10-2001,33.64,34.89,31.6,34.89,6382500,0.2571170621,0.2415249454,0.2666710552,765899617,0.0,1.0
09-10-2001,32.18,34.4,31.22,33.73,7646300,0.2459579982,0.2386205315,0.2578049496,917555541,0.0,1.0
10-10-2001,34.25,34.5,31.4,31.61,8067700,0.2617794107,0.2399963065,0.2416013773,968123515,0.0,1.0
11-10-2001,37.96,38.06,35.89,36.08,7650000,0.2901356622,0.2743142497,0.2757664566,917999541,0.0,1.0
12-10-2001,40.43,40.5,36.87,37.0,10442500,0.3090143526,0.2818045803,0.2827981955,1253099373,0.0,1.0
15-10-2001,40.25,41.5,38.15,39.25,7571400,0.3076385776,0.2915878692,0.2999953831,908567545,0.0,1.0
16-10-2001,44.3,44.62,39.37,40.2,11532100,0.3385935152,0.3009125664,0.3072564179,1383851308,0.0,1.0
17-10-2001,41.7,45.3,41.5,45.28,14129500,0.3187212096,0.3171925707,0.3460838458,1695539152,0.0,1.0
18-10-2001,43.46,43.87,41.6,41.7,8507200,0.3321732318,0.3179568901,0.3187212096,1020863489,0.0,1.0
19-10-2001,44.35,45.0,42.3,42.84,8827200,0.3389756749,0.3233071263,0.3274344513,1059263470,0.0,1.0
22-10-2001,45.41,46.0,43.05,44.04,8090200,0.3470774611,0.3290395221,0.3366062846,970823514,0.0,1.0
23-10-2001,44.61,46.81,43.6,45.99,7941900,0.3409629055,0.3332432791,0.3515105139,953027523,0.0,1.0
24-10-2001,46.58,46.69,43.3,43.8,10101200,0.3560199986,0.3309503207,0.334771918,1212143393,0.0,1.0
25-10-2001,49.31,50.14,44.8,45.5,9603300,0.3768859195,0.3424151124,0.3477653486,1152395423,0.0,1.0
26-10-2001,45.79,50.44,45.5,48.97,9142700,0.349981875,0.3477653486,0.3742872334,1097123451,0.0,1.0
29-10-2001,42.07,46.75,42.02,45.95,8373300,0.3215491915,0.3211670318,0.3512047861,1004795497,0.0,1.0
30-10-2001,42.0,43.94,40.35,43.94,9611500,0.3210141679,0.308402897,0.3358419652,1153379423,0.0,1.0
31-10-2001,42.86,44.75,42.25,43.57,8244100,0.3275873152,0.3229249665,0.3330139832,989291505,0.0,1.0
01-11-2001,46.52,46.87,42.75,43.41,9114800,0.3555614069,0.3267465638,0.3317910721,1093775453,0.0,1.0
02-11-2001,47.17,47.74,44.6,46.31,9060400,0.3605294833,0.3408864735,0.3539563361,1087247456,0.0,1.0
05-11-2001,47.34,49.3,47.04,47.99,7778800,0.3618288264,0.3595358681,0.3667969028,933455533,0.0,1.0
06-11-2001,50.59,50.81,47.0,47.25,11794800,0.3866692084,0.3592301403,0.3611409389,1415375292,0.0,1.0
07-11-2001,50.63,52.58,49.91,50.2,11826200,0.3869749362,0.3814718362,0.3836883626,1419143290,0.0,1.0
08-11-2001,49.75,51.94,48.25,51.26,15959900,0.3802489251,0.3687841334,0.3917901487,1915187042,0.0,1.0
09-11-2001,53.2,53.24,50.99,51.95,18920700,0.406617946,0.3897264862,0.3970639529,2270482864,0.0,1.0
12-11-2001,54.63,55.99,51.38,53.0,12155300,0.4175477141,0.3927073321,0.4050893071,1458635270,0.0,1.0
13-11-2001,54.18,54.81,53.4,54.8,12054300,0.4141082766,0.4081465849,0.4188470572,1446515276,0.0,1.0
14-11-2001,52.67,55.1,51.2,54.58,9585200,0.402567053,0.3913315571,0.4171655544,1150223424,0.0,1.0
15-11-2001,52.95,53.67,51.41,52.07,7291200,0.4047071474,0.3929366279,0.3979811363,874943562,0.0,1.0
16-11-2001,52.49,53.56,51.78,53.0,4134400,0.4011912779,0.3957646099,0.4050893071,496127751,0.0,1.0
19-11-2001,51.34,53.5,48.5,53.01,16192100,0.3924016043,0.370694932,0.4051657391,1943051028,0.0,1.0
20-11-2001,49.9,52.49,49.33,51.59,7815700,0.3813954043,0.3770387834,0.3943124029,937883531,0.0,1.0
21-11-2001,49.26,50.57,47.8,50.57,6070100,0.3765037598,0.3653446959,0.3865163446,728411635,0.0,1.0
23-11-2001,49.95,50.0,48.6,50.0,2116800,0.381777564,0.3714592514,0.3821597237,254015872,0.0,1.0
26-11-2001,53.52,53.59,50.65,50.79,10131500,0.4090637683,0.3871278001,0.3881978473,1215779392,0.0,1.0
27-11-2001,54.09,55.3,52.5,53.49,9866600,0.4134203891,0.4012677099,0.4088344724,1183991408,0.0,1.0
28-11-2001,51.36,54.29,51.24,54.29,6173700,0.3925544682,0.3916372849,0.414949028,740843629,0.0,1.0
29-11-2001,53.61,55.37,53.4,55.09,42795600,0.4097516558,0.4081465849,0.4210635836,5135469432,0.0,1.0
30-11-2001,54.64,55.03,52.8,53.59,8616900,0.4176241461,0.4035606682,0.4095987919,1034027482,0.0,1.0
03-12-2001,53.81,54.16,52.85,54.16,7095800,0.4112802947,0.403942828,0.4139554127,851495574,0.0,1.0
04-12-2001,58.14,58.2,54.08,54.08,11538700,0.4443753267,0.4133439572,0.4133439572,1384643307,0.0,1.0
05-12-2001,62.83,62.95,58.55,58.6,14225300,0.4802219088,0.4475090365,0.4478911962,1707035146,0.0,1.0
06-12-2001,61.84,62.5,60.27,62.5,9491200,0.4726551463,0.460655331,0.4776996546,1138943430,0.0,1.0
07-12-2001,59.95,61.94,58.88,61.38,6725300,0.4582095087,0.4500312906,0.4691392768,807035596,0.0,1.0
10-12-2001,60.55,61.92,59.15,59.65,5798900,0.4627954254,0.4520949531,0.4559165504,695867652,0.0,1.0
11-12-2001,62.72,64.15,61.0,61.61,6602100,0.4793811574,0.4662348629,0.4708972116,792251603,0.0,1.0
12-12-2001,64.67,64.7,61.98,63.2,8371900,0.4942853866,0.4737251935,0.4830498908,1004627497,0.0,1.0
13-12-2001,62.81,64.21,62.57,63.4,7345000,0.4800690449,0.4782346782,0.4845785297,881399559,0.0,1.0
14-12-2001,65.64,65.95,62.51,62.8,6289000,0.5016992853,0.4777760866,0.479992613,754679622,0.0,1.0
17-12-2001,68.0,68.95,65.14,65.14,9008000,0.5197372242,0.497877688,0.497877688,1080959459,0.0,1.0
18-12-2001,66.25,67.45,65.69,66.51,7391400,0.5063616339,0.502081445,0.5083488645,886967556,0.0,1.0
19-12-2001,64.44,66.49,64.19,65.16,7122100,0.4925274519,0.4906166533,0.4980305519,854651572,0.0,1.0
20-12-2001,61.9,65.87,61.67,64.7,7926900,0.4731137379,0.4713558032,0.4945146825,951227524,0.0,1.0
21-12-2001,64.58,65.0,62.52,63.25,6033100,0.4935974991,0.4778525185,0.4834320505,723971638,0.0,1.0
24-12-2001,66.19,66.52,64.52,64.55,2210900,0.5059030422,0.4931389075,0.4933682033,265307867,0.0,1.0
26-12-2001,67.81,68.94,66.51,66.52,5351300,0.5182850173,0.5083488645,0.5084252964,642155678,0.0,1.0
27-12-2001,69.38,69.69,68.3,68.4,6084600,0.5302848326,0.5220301826,0.522794502,730151634,0.0,1.0
28-12-2001,67.71,70.25,67.04,69.79,6314000,0.5175206978,0.5123997575,0.5334185424,757679621,0.0,1.0
31-12-2001,66.9,68.6,66.75,68.21,6146500,0.5113297103,0.5101832311,0.5213422951,737579631,0.0,1.0
02-01-2002,67.3,68.45,65.5,67.2,10824200,0.5143869881,0.5006292381,0.5136226687,1298903350,0.0,1.0
03-01-2002,71.71,72.0,67.4,72.0,11789600,0.5480934757,0.5151513076,0.5503100021,1414751292,0.0,1.0
04-01-2002,69.62,72.66,68.4,72.66,7802400,0.5321191993,0.522794502,0.5553545105,936287531,0.0,1.0
07-01-2002,67.75,70.0,66.81,69.9,8108900,0.5178264256,0.5106418228,0.5342592937,973067513,0.0,1.0
08-01-2002,68.55,70.18,67.38,67.61,6453000,0.5239409812,0.5149984437,0.5167563784,774359612,0.0,1.0
09-01-2002,67.61,70.75,66.65,69.5,9509900,0.5167563784,0.5094189117,0.531202016,1141187429,0.0,1.0
10-01-2002,65.99,68.17,65.4,67.25,8270900,0.5043744033,0.4998649186,0.5140048284,992507503,0.0,1.0
11-01-2002,63.07,66.45,62.81,66.43,11507100,0.4820562755,0.4800690449,0.5077374089,1380851309,0.0,1.0
14-01-2002,59.76,63.37,59.76,62.93,11413000,0.4567573018,0.4567573018,0.4809862283,1369559315,0.0,1.0
15-01-2002,65.34,65.38,62.19,62.25,15323400,0.4994063269,0.4753302643,0.475788856,1838807080,0.0,1.0
16-01-2002,62.79,64.87,62.55,64.45,9294900,0.479916181,0.4780818144,0.4926038839,1115387442,0.0,1.0
17-01-2002,64.99,65.0,62.52,64.87,9346200,0.4967312089,0.4778525185,0.4958140255,1121543439,0.0,1.0
18-01-2002,63.8,64.25,62.5,62.54,6697300,0.4876358075,0.4776996546,0.4780053824,803675598,0.0,1.0
22-01-2002,62.2,64.57,61.48,64.4,9041900,0.4754066963,0.4699035963,0.4922217241,1085027457,0.0,1.0
23-01-2002,63.37,63.82,61.52,63.82,7409700,0.4843492338,0.470209324,0.4877886713,889163555,0.0,1.0
24-01-2002,65.64,66.3,62.65,64.0,9480700,0.5016992853,0.4788461338,0.4891644463,1137683431,0.0,1.0
25-01-2002,65.47,67.1,63.9,64.7,6814600,0.5003999422,0.4884001269,0.4945146825,817751591,0.0,1.0
28-01-2002,67.99,68.0,66.09,66.75,7702400,0.5196607923,0.5051387228,0.5101832311,924287537,0.0,1.0
29-01-2002,64.66,68.35,63.6,68.15,11516100,0.4942089547,0.4861071686,0.5208837034,1381931309,0.0,1.0
30-01-2002,65.44,65.49,63.45,65.0,10153800,0.5001706464,0.4849606894,0.4968076408,1218455390,0.0,1.0
31-01-2002,65.74,66.8,63.55,66.29,8116500,0.5024636047,0.4857250088,0.5066673617,973979513,0.0,1.0
01-02-2002,64.13,66.33,63.76,66.33,5735600,0.4901580616,0.4873300797,0.5069730895,688271655,0.0,1.0
04-02-2002,61.11,65.55,61.01,63.99,9207200,0.4670756143,0.4663112949,0.4890880144,1104863447,0.0,1.0
05-02-2002,60.51,61.23,58.13,60.7,12288500,0.4624896976,0.4442988948,0.4639419046,1474619262,0.0,1.0
06-02-2002,62.02,63.09,60.9,62.12,10354400,0.4740309213,0.4654705435,0.4747952407,1242527378,0.0,1.0
07-02-2002,60.01,62.56,59.72,62.1,8037300,0.4586681004,0.456451574,0.4746423768,964475517,0.0,1.0
08-02-2002,57.72,60.75,55.44,60.41,15594100,0.441165185,0.4237387016,0.4617253782,1871291064,0.0,1.0
11-02-2002,60.91,61.0,57.42,57.63,10410200,0.4655469754,0.4388722267,0.4404772975,1249223375,0.0,1.0
12-02-2002,62.2,63.35,59.3,59.99,10137500,0.4754066963,0.4532414323,0.4585152365,1216499391,0.0,1.0
13-02-2002,61.4,64.06,60.8,63.0,10253600,0.4692921407,0.464706224,0.4815212519,1230431384,0.0,1.0
14-02-2002,62.16,63.45,61.14,61.92,10214100,0.4751009685,0.4673049101,0.4732666018,1225691387,0.0,1.0
15-02-2002,57.35,59.65,56.75,59.3,33237900,0.4383372031,0.4337512864,0.4532414323,3988546005,0.0,1.0
19-02-2002,53.55,55.47,53.11,54.9,16437700,0.4092930641,0.4059300585,0.4196113766,1972523013,0.0,1.0
20-02-2002,56.35,56.95,52.5,56.95,15322800,0.4306940086,0.4012677099,0.4352799253,1838735080,0.0,1.0
21-02-2002,52.5,55.6,52.43,55.58,12758700,0.4012677099,0.4007326863,0.4248087489,1531043234,0.0,1.0
22-02-2002,49.92,52.05,49.25,51.45,21546800,0.3815482681,0.3764273279,0.3932423557,2585614707,0.0,1.0
25-02-2002,53.83,54.22,50.14,50.15,13329700,0.4114331585,0.3832297709,0.3833062029,1599563200,0.0,1.0
26-02-2002,55.0,55.95,53.55,55.01,15855600,0.4203756961,0.4092930641,0.420452128,1902671048,0.0,1.0
27-02-2002,53.15,56.49,53.0,56.25,14360200,0.4062357863,0.4050893071,0.4299296892,1723223138,0.0,1.0
28-02-2002,51.01,53.75,50.56,52.8,13212000,0.3898793501,0.3864399126,0.4035606682,1585439207,0.0,1.0
01-03-2002,55.94,56.0,51.35,51.5,10928300,0.4275602989,0.3924780362,0.3936245154,1311395344,0.0,1.0
04-03-2002,59.06,59.7,55.57,56.11,12372700,0.4514070656,0.4247323169,0.4288596419,1484723257,0.0,1.0
05-03-2002,58.91,60.49,58.1,58.15,11495400,0.4502605865,0.4440695989,0.4444517587,1379447310,0.0,1.0
06-03-2002,57.06,57.73,55.83,57.15,12050500,0.4361206767,0.4267195475,0.4368085642,1446059276,0.0,1.0
07-03-2002,56.6,58.06,55.02,57.87,11221100,0.4326048072,0.42052856,0.4423116642,1346531326,0.0,1.0
08-03-2002,58.29,59.49,57.4,57.68,10586300,0.4455218059,0.4387193628,0.4408594573,1270355364,0.0,1.0
11-03-2002,57.61,58.29,56.65,57.65,6754500,0.4403244337,0.432986967,0.4406301614,810539594,0.0,1.0
12-03-2002,54.59,56.15,54.2,55.85,10458600,0.4172419863,0.4142611405,0.4268724114,1255031372,0.0,1.0
13-03-2002,53.6,54.47,53.4,54.08,8596800,0.4096752238,0.4081465849,0.4133439572,1031615484,0.0,1.0
14-03-2002,50.63,53.38,50.52,53.38,9495500,0.3869749362,0.3861341848,0.407993721,1139459430,0.0,1.0
15-03-2002,52.77,52.83,50.02,50.99,10402400,0.4033313724,0.3823125876,0.3897264862,1248287375,0.0,1.0
18-03-2002,52.77,54.89,52.17,53.73,10308300,0.4033313724,0.3987454557,0.4106688391,1236995381,0.0,1.0
19-03-2002,51.65,53.25,51.34,53.15,7050600,0.3947709946,0.3924016043,0.4062357863,846071576,0.0,1.0
20-03-2002,46.52,50.9,46.35,50.8,19104900,0.3555614069,0.3542620639,0.3882742793,2292586853,0.0,1.0
21-03-2002,48.99,49.55,46.06,47.31,14347600,0.3744400973,0.3520455375,0.3615995306,1721711139,0.0,1.0
22-03-2002,48.57,49.87,48.2,49.87,10409500,0.3712299556,0.3684019737,0.3811661084,1249139375,0.0,1.0
25-03-2002,46.06,48.4,46.0,48.34,7368000,0.3520455375,0.3515869458,0.3694720209,884159557,0.0,1.0
26-03-2002,47.0,48.18,45.32,45.58,9362600,0.3592301403,0.3463895736,0.3483768041,1123511438,0.0,1.0
27-03-2002,45.5,47.22,44.7,46.28,8900100,0.3477653486,0.341650793,0.3537270403,1068011465,0.0,1.0
28-03-2002,44.36,46.1,41.87,45.81,26034000,0.3390521069,0.3200205526,0.3501347389,3124078437,0.0,1.0
01-04-2002,43.63,43.97,40.56,41.9,19711200,0.3334725749,0.3100079679,0.3202498485,2365342817,0.0,1.0
02-04-2002,42.49,44.69,42.24,42.32,11983400,0.3247593332,0.3228485346,0.3234599901,1438007280,0.0,1.0
03-04-2002,43.29,43.84,41.8,42.68,9122000,0.3308738888,0.319485529,0.3262115402,1094639452,0.0,1.0
04-04-2002,43.08,44.55,42.37,42.96,9424700,0.3292688179,0.3238421499,0.3283516346,1130963434,0.0,1.0
05-04-2002,42.1,44.06,41.66,43.36,8557500,0.3217784874,0.3184154818,0.3314089124,1026899486,0.0,1.0
08-04-2002,43.51,43.51,40.14,40.15,9594300,0.3325553916,0.3067978262,0.3068742581,1151315424,0.0,1.0
09-04-2002,40.76,44.3,40.66,43.94,11506400,0.3115366068,0.3107722873,0.3358419652,1380767309,0.0,1.0
10-04-2002,38.51,41.4,35.6,41.09,30747700,0.2943394192,0.2720977233,0.3140588609,3689722155,0.0,1.0
11-04-2002,36.82,38.7,36.4,38.2,11977400,0.2814224205,0.2782122789,0.2919700289,1437287281,0.0,1.0
12-04-2002,36.68,37.94,35.54,37.64,11474000,0.2803523733,0.2716391316,0.28768984,1376879311,0.0,1.0
15-04-2002,38.16,38.79,37.3,37.39,9643400,0.2916643011,0.2850911539,0.2857790414,1157207421,0.0,1.0
16-04-2002,39.82,40.28,39.04,39.87,7123800,0.304352004,0.2983903123,0.3047341637,854855572,0.0,1.0
17-04-2002,40.29,40.88,39.03,40.29,7870700,0.3079443054,0.2983138803,0.3079443054,944483527,0.0,1.0
18-04-2002,39.62,40.31,38.75,39.88,5776300,0.3028233651,0.2961737859,0.3048105956,693155653,0.0,1.0
19-04-2002,36.92,38.75,36.87,38.28,9380600,0.28218674,0.2818045803,0.2925814845,1125671437,0.0,1.0
22-04-2002,37.1,37.85,36.5,36.51,6734800,0.283562515,0.2789765983,0.2790530303,808175595,0.0,1.0
23-04-2002,35.6,37.82,35.27,37.39,6445900,0.2720977233,0.2695754691,0.2857790414,773507613,0.0,1.0
24-04-2002,32.48,36.54,32.39,36.01,13191300,0.2482509565,0.247563069,0.275231433,1582955208,0.0,1.0
25-04-2002,33.74,34.39,32.34,32.35,9735800,0.2578813816,0.2471809093,0.2472573412,1168295415,0.0,1.0
26-04-2002,30.37,34.15,30.37,34.11,9926000,0.2321238162,0.2321238162,0.2607093635,1191119404,0.0,1.0
29-04-2002,35.43,35.94,32.82,33.97,32757100,0.2707983802,0.2508496426,0.2596393163,3930850034,0.0,1.0
30-04-2002,34.81,36.75,34.05,36.27,14804200,0.2660595996,0.2602507718,0.2772186636,1776503111,0.0,1.0
01-05-2002,35.44,35.93,33.35,34.24,14324200,0.2708748122,0.2549005357,0.2617029788,1718903140,0.0,1.0
02-05-2002,34.01,36.49,34.0,35.61,9375700,0.2599450441,0.2598686121,0.2721741552,1125083437,0.0,1.0
03-05-2002,32.75,34.31,32.58,34.05,7106300,0.250314619,0.249015276,0.2602507718,852755573,0.0,1.0
06-05-2002,31.5,33.4,31.24,31.9,9183700,0.2407606259,0.2387733954,0.2438179037,1102043448,0.0,1.0
07-05-2002,32.29,32.87,30.71,32.2,11770400,0.2467987496,0.2347225023,0.2461108621,1412447293,0.0,1.0
08-05-2002,36.0,36.56,33.4,34.49,14072400,0.2751550011,0.2552826954,0.2636137774,1688687155,0.0,1.0
09-05-2002,34.46,36.64,34.4,35.89,10257000,0.2633844816,0.2629258899,0.2743142497,1230839384,0.0,1.0
10-05-2002,31.88,35.3,31.5,35.17,11012900,0.2436650398,0.2407606259,0.2688111497,1321547339,0.0,1.0
13-05-2002,33.81,33.92,31.94,32.21,6674100,0.2584164052,0.2441236315,0.246187294,800891599,0.0,1.0
14-05-2002,37.17,37.55,35.35,35.97,12717600,0.2840975386,0.2701869247,0.2749257052,1526111236,0.0,1.0
15-05-2002,37.9,38.6,36.09,37.33,12537900,0.2896770706,0.2758428886,0.2853204497,1504547247,0.0,1.0
16-05-2002,37.97,38.75,37.15,37.91,8213000,0.2902120942,0.2839446747,0.2897535025,985559507,0.0,1.0
17-05-2002,39.17,39.28,38.03,39.0,7786700,0.2993839276,0.2906706859,0.2980845845,934403532,0.0,1.0
20-05-2002,39.59,39.85,38.66,38.84,7945100,0.3025940692,0.2954858984,0.2968616734,953411523,0.0,1.0
21-05-2002,36.57,40.65,36.53,40.1,11521700,0.2795116219,0.2792058941,0.3064920984,1382603308,0.0,1.0
22-05-2002,38.05,38.28,36.8,36.86,12899900,0.2908235497,0.2812695566,0.2817281483,1547987226,0.0,1.0
23-05-2002,35.73,38.24,34.6,38.16,21306500,0.2730913386,0.2644545288,0.2916643011,2556778721,0.0,1.0
24-05-2002,35.03,35.23,34.22,35.05,6148200,0.2677411024,0.2615501149,0.2678939663,737783631,0.0,1.0
28-05-2002,33.64,35.36,32.94,35.34,11392400,0.2571170621,0.251766826,0.2701104927,1367087316,0.0,1.0
29-05-2002,34.91,35.05,32.59,33.1,10925100,0.2668239191,0.2490917079,0.2529897371,1311011344,0.0,1.0
30-05-2002,34.4,35.23,33.53,34.2,8884000,0.2629258899,0.2562763107,0.261397251,1066079466,0.0,1.0
31-05-2002,33.46,34.75,33.4,34.6,5617600,0.2557412871,0.2552826954,0.2644545288,674111662,0.0,1.0
03-06-2002,31.5,32.8,31.09,32.65,7510400,0.2407606259,0.2376269162,0.2495502996,901247549,0.0,1.0
04-06-2002,33.08,33.25,31.24,31.29,9128600,0.2528368732,0.2387733954,0.2391555551,1095431452,0.0,1.0
05-06-2002,32.6,33.16,31.45,33.15,9285900,0.2491681399,0.2403784662,0.2533718968,1114307442,0.0,1.0
06-06-2002,32.61,33.05,32.25,32.26,6161300,0.2492445718,0.2464930218,0.2465694537,739355630,0.0,1.0
07-06-2002,32.3,32.7,29.95,29.96,11427500,0.2468751815,0.2289136745,0.2289901064,1371299314,0.0,1.0
10-06-2002,32.03,33.65,31.96,32.73,6242900,0.244811519,0.2442764954,0.2501617551,749147625,0.0,1.0
11-06-2002,30.6,32.7,30.51,32.56,7160900,0.2338817509,0.2331938634,0.2488624121,859307570,0.0,1.0
12-06-2002,27.95,30.4,26.67,29.86,18896200,0.2136272856,0.2038439966,0.228225787,2267542866,0.0,1.0
13-06-2002,27.66,28.68,26.78,28.16,10549100,0.2114107592,0.204684748,0.2152323564,1265891367,0.0,1.0
14-06-2002,28.18,28.39,25.74,26.64,9303700,0.2153852203,0.1967358258,0.2036147008,1116443441,0.0,1.0
17-06-2002,28.43,29.18,27.94,28.81,8784500,0.2172960189,0.2135508536,0.2202004328,1054139472,0.0,1.0
18-06-2002,28.28,29.1,27.75,28.08,8402500,0.2161495397,0.2120986467,0.2146209008,1008299495,0.0,1.0
19-06-2002,23.85,26.9,23.64,26.9,21613500,0.1822901882,0.1806851174,0.2056019314,2593618703,0.0,1.0
20-06-2002,23.63,24.55,23.32,23.9,11875400,0.1806086854,0.1782392951,0.1826723479,1425047287,0.0,1.0
21-06-2002,22.66,24.42,22.18,23.51,12369700,0.1731947868,0.1695260534,0.1796915021,1484363257,0.0,1.0
24-06-2002,23.08,23.79,21.4,22.08,11496600,0.1764049285,0.1635643617,0.168761734,1379591310,0.0,1.0
25-06-2002,21.17,23.5,21.03,23.5,9768600,0.161806427,0.1607363798,0.1796150701,1172231413,0.0,1.0
26-06-2002,20.07,20.78,18.25,18.77,17231900,0.1533989131,0.1394882992,0.1434627603,2067826966,0.0,1.0
27-06-2002,17.08,20.97,16.8,20.81,26523400,0.1305457616,0.1284056672,0.159054877,3182806408,0.0,1.0
28-06-2002,17.18,17.89,16.43,16.8,16593200,0.1313100811,0.1255776852,0.1284056672,1991183004,0.0,1.0
01-07-2002,17.14,17.6,16.78,17.1,9703100,0.1310043533,0.1282528033,0.1306986255,1164371417,0.0,1.0
02-07-2002,16.06,17.0,15.62,16.94,11401500,0.1227497033,0.1193866977,0.1294757144,1368179315,0.0,1.0
03-07-2002,17.45,17.48,15.95,15.96,8944200,0.1333737436,0.1219089519,0.1219853838,1073303463,0.0,1.0
05-07-2002,18.99,19.0,18.16,18.7,6162700,0.1451442631,0.1388004117,0.1429277367,739523630,0.0,1.0
08-07-2002,19.56,20.24,18.75,18.77,13226500,0.1495008839,0.1433098964,0.1434627603,1587179206,0.0,1.0
09-07-2002,18.6,19.86,18.18,19.61,8959000,0.1421634172,0.1389532755,0.1498830436,1075079462,0.0,1.0
10-07-2002,18.09,19.2,17.96,19.05,7724900,0.138265388,0.1372717728,0.1456028547,926987536,0.0,1.0
11-07-2002,19.93,20.0,17.83,17.99,9532900,0.1523288659,0.1362781575,0.1375010686,1143947428,0.0,1.0
12-07-2002,19.91,21.08,19.5,21.0,11207500,0.152176002,0.1490422922,0.160507084,1344899327,0.0,1.0
15-07-2002,21.89,21.9,19.06,19.96,12460600,0.167309527,0.1456792867,0.1525581617,1495271252,0.0,1.0
16-07-2002,21.3,23.35,20.95,21.35,14778600,0.1628000423,0.1601249242,0.163182202,1773431113,0.0,1.0
17-07-2002,19.49,21.25,18.66,20.84,16019700,0.1489658603,0.1426220089,0.1592841728,1922363038,0.0,1.0
18-07-2002,18.99,20.3,18.94,19.17,10359900,0.1451442631,0.1447621033,0.1465200381,1243187378,0.0,1.0
19-07-2002,18.13,19.14,18.0,18.41,7048100,0.1385711158,0.1375775005,0.1407112103,845771577,0.0,1.0
22-07-2002,17.29,18.56,16.55,18.05,10756200,0.1321508325,0.1264948685,0.1379596603,1290743354,0.0,1.0
23-07-2002,16.0,17.5,15.41,17.39,11747100,0.1222911116,0.1177816268,0.1329151519,1409651295,0.0,1.0
24-07-2002,17.02,17.28,15.77,15.78,9792500,0.13008717,0.1205331769,0.1206096088,1175099412,0.0,1.0
25-07-2002,15.06,16.41,14.51,16.36,14970400,0.1151065088,0.1109027518,0.1250426616,1796447101,0.0,1.0
26-07-2002,14.71,15.86,14.3,15.5,10182500,0.1124313907,0.109297681,0.1184695143,1221899389,0.0,1.0
29-07-2002,15.12,15.4,14.63,15.32,10231000,0.1155651004,0.1118199352,0.1170937393,1227719386,0.0,1.0
30-07-2002,16.22,16.98,15.0,15.05,15150100,0.1239726144,0.1146479171,0.1150300768,1818011090,0.0,1.0
31-07-2002,11.07,12.06,10.94,11.82,40309500,0.0846101628,0.0836165475,0.0903425587,4837137581,0.0,1.0
01-08-2002,10.01,11.16,10.0,11.16,14380900,0.0765083767,0.0764319447,0.0852980503,1725707137,0.0,1.0
02-08-2002,9.35,10.4,9.1,10.33,14960500,0.0714638683,0.0695530697,0.0789541989,1795259102,0.0,1.0
05-08-2002,8.6,9.23,8.49,9.21,11089300,0.0657314725,0.0648907211,0.0703938211,1330715334,0.0,1.0
06-08-2002,9.05,9.39,8.86,9.0,9740000,0.06917091,0.067718703,0.0687887503,1168799415,0.0,1.0
07-08-2002,8.848,9.54,8.5,9.45,7441500,0.0676269847,0.064967153,0.0722281878,892979553,0.0,1.0
08-08-2002,9.424,9.58,8.7,8.93,6295200,0.0720294647,0.0664957919,0.0682537267,755423622,0.0,1.0
09-08-2002,9.2,9.5,9.01,9.17,4844200,0.0703173892,0.0688651822,0.0700880933,581303709,0.0,1.0
12-08-2002,9.2,9.55,8.86,9.1,4940000,0.0703173892,0.067718703,0.0695530697,592799703,0.0,1.0
13-08-2002,9.01,9.71,9.0,9.26,5453500,0.0688651822,0.0687887503,0.0707759808,654419672,0.0,1.0
14-08-2002,9.62,9.7,9.1,9.18,5272400,0.0735275308,0.0695530697,0.0701645253,632687683,0.0,1.0
15-08-2002,10.29,10.49,9.88,9.98,9501000,0.0786484711,0.0755147614,0.0762790809,1140119429,0.0,1.0
16-08-2002,10.69,11.05,9.44,9.74,13811900,0.0817057489,0.0721517558,0.0744447142,1657427171,0.0,1.0
19-08-2002,12.65,13.45,11.13,11.15,18699400,0.0966864101,0.0850687545,0.0852216184,2243926878,0.0,1.0
20-08-2002,12.09,13.0,11.93,12.75,11912400,0.0924062212,0.0911833101,0.0974507295,1429487285,0.0,1.0
21-08-2002,12.73,12.89,12.05,12.64,9957300,0.0972978657,0.0921004934,0.0966099782,1194875402,0.0,1.0
22-08-2002,12.3,12.85,12.22,12.35,11320800,0.094011292,0.0933998365,0.0943934518,1358495320,0.0,1.0
23-08-2002,11.49,12.03,11.42,11.95,7666100,0.0878203045,0.0872852809,0.091336174,919931540,0.0,1.0
26-08-2002,11.58,11.79,11.04,11.71,5821400,0.088508192,0.084380867,0.0895018073,698567650,0.0,1.0
27-08-2002,10.92,11.84,10.85,11.78,5722600,0.0834636837,0.08292866,0.0900368309,686711656,0.0,1.0
28-08-2002,10.24,10.88,10.2,10.86,5836300,0.0782663114,0.0779605836,0.083005092,700355649,0.0,1.0
29-08-2002,10.37,10.84,10.03,10.11,6796000,0.0792599267,0.0766612406,0.0772726961,815519592,0.0,1.0
30-08-2002,10.11,10.7,9.9,10.27,8882400,0.0772726961,0.0756676253,0.0784956072,1065887467,0.0,1.0
03-09-2002,9.48,9.85,9.32,9.62,7060700,0.0724574836,0.0712345725,0.0735275308,847283576,0.0,1.0
04-09-2002,9.42,9.76,9.01,9.51,7754600,0.0719988919,0.0688651822,0.0726867794,930551534,0.0,1.0
05-09-2002,9.06,9.37,9.0,9.33,5952600,0.0692473419,0.0687887503,0.0713110044,714311642,0.0,1.0
06-09-2002,9.26,9.525,9.12,9.44,6220500,0.0707759808,0.0697059336,0.0721517558,746459626,0.0,1.0
09-09-2002,9.25,9.54,8.91,9.19,4817000,0.0706995489,0.0681008628,0.0702409572,578039710,0.0,1.0
10-09-2002,10.57,11.05,9.19,9.2,19313600,0.0807885656,0.0702409572,0.0703173892,2317630841,0.0,1.0
11-09-2002,11.09,11.9,10.9,10.9,13812800,0.0847630267,0.0833108198,0.0833108198,1657535171,0.0,1.0
12-09-2002,10.74,11.41,10.62,10.82,10791100,0.0820879087,0.0811707253,0.0826993642,1294931352,0.0,1.0
13-09-2002,10.57,11.14,10.5,10.63,6640600,0.0807885656,0.080253542,0.0812471573,796871601,0.0,1.0
16-09-2002,9.9,10.45,9.65,10.41,7712200,0.0756676253,0.0737568267,0.0795656545,925463537,0.0,1.0
17-09-2002,9.75,10.59,9.69,10.34,7367100,0.0745211461,0.0740625545,0.0790306309,884051557,0.0,1.0
18-09-2002,9.48,9.79,9.19,9.6,6764100,0.0724574836,0.0702409572,0.073374667,811691594,0.0,1.0
19-09-2002,9.16,9.6,9.11,9.27,5154100,0.0700116614,0.0696295017,0.0708524128,618491690,0.0,1.0
20-09-2002,9.21,9.42,9.01,9.23,5727600,0.0703938211,0.0688651822,0.070546685,687311656,0.0,1.0
23-09-2002,8.81,9.15,8.75,9.06,4347300,0.0673365433,0.0668779516,0.0692473419,521675739,0.0,1.0
24-09-2002,8.88,9.3,8.55,8.71,5203700,0.0678715669,0.0653493128,0.0665722239,624443687,0.0,1.0
25-09-2002,9.37,9.55,9.03,9.4,7471800,0.0716167322,0.0690180461,0.0718460281,896615551,0.0,1.0
26-09-2002,8.87,9.65,8.73,9.55,6163000,0.067795135,0.0667250878,0.0729925072,739559630,0.0,1.0
27-09-2002,8.56,9.08,8.55,8.85,5422400,0.0654257447,0.0653493128,0.0676422711,650687674,0.0,1.0
30-09-2002,8.56,8.93,8.35,8.53,4867700,0.0654257447,0.0638206739,0.0651964489,584123707,0.0,1.0
01-10-2002,9.02,9.1,8.32,8.63,7403000,0.0689416142,0.063591378,0.0659607683,888359555,0.0,1.0
02-10-2002,9.01,9.55,9.01,9.09,6242500,0.0688651822,0.0688651822,0.0694766378,749099625,0.0,1.0
03-10-2002,8.57,9.05,8.55,8.9,4921400,0.0655021766,0.0653493128,0.0680244308,590567704,0.0,1.0
04-10-2002,8.14,8.82,8.0,8.55,4414900,0.062215603,0.0611455558,0.0653493128,529787735,0.0,1.0
07-10-2002,7.74,8.19,7.68,8.03,4108900,0.0591583252,0.0586997336,0.0613748516,493067753,0.0,1.0
08-10-2002,7.51,8.02,7.2,8.0,5952100,0.0574003905,0.0550310002,0.0611455558,714251642,0.0,1.0
09-10-2002,7.37,7.888,7.24,7.4,4776100,0.0563303433,0.055336728,0.0565596391,573131713,0.0,1.0
10-10-2002,7.751,7.99,7.3,7.3,4483600,0.0592424004,0.0557953197,0.0557953197,538031730,0.0,1.0
11-10-2002,8.81,8.95,8.0,8.05,8284500,0.0673365433,0.0611455558,0.0615277155,994139502,0.0,1.0
14-10-2002,8.55,8.81,8.37,8.55,5095700,0.0653493128,0.0639735377,0.0653493128,611483694,0.0,1.0
15-10-2002,9.44,9.84,9.31,9.5,7106400,0.0721517558,0.0711581406,0.0726103475,852767573,0.0,1.0
16-10-2002,8.65,8.88,8.5,8.8,4817700,0.0661136322,0.064967153,0.0672601114,578123710,0.0,1.0
17-10-2002,9.31,9.75,9.17,9.4,4881600,0.0711581406,0.0700880933,0.0718460281,585791707,0.0,1.0
18-10-2002,9.4,9.5,8.91,9.26,4153100,0.0718460281,0.0681008628,0.0707759808,498371750,0.0,1.0
21-10-2002,10.25,10.59,9.06,9.27,7755200,0.0783427434,0.0692473419,0.0708524128,930623534,0.0,1.0
22-10-2002,10.59,11.2,9.77,9.78,10601400,0.0809414295,0.07467401,0.074750442,1272167363,0.0,1.0
23-10-2002,11.02,11.17,10.6,10.75,7711900,0.0842280031,0.0810178614,0.0821643406,925427537,0.0,1.0
24-10-2002,10.46,11.36,10.31,11.24,8793100,0.0799478142,0.078801335,0.0859095059,1055171472,0.0,1.0
25-10-2002,11.1,11.15,10.36,10.5,6216300,0.0848394587,0.0791834948,0.080253542,745955627,0.0,1.0
28-10-2002,11.16,11.7,11.09,11.61,8921200,0.0852980503,0.0847630267,0.0887374878,1070543464,0.0,1.0
29-10-2002,10.68,11.26,10.11,11.18,6439400,0.081629317,0.0772726961,0.0854509142,772727613,0.0,1.0
30-10-2002,11.24,11.6,10.97,11.01,9495800,0.0859095059,0.0838458434,0.0841515712,1139495430,0.0,1.0
31-10-2002,11.9,11.98,11.29,11.32,10462300,0.0909540142,0.0862916656,0.0865209614,1255475372,0.0,1.0
01-11-2002,14.1,14.27,11.7,11.72,17740300,0.1077690421,0.0894253753,0.0895782392,2128834935,0.0,1.0
04-11-2002,15.64,16.52,14.91,14.95,22401100,0.1195395616,0.1139600296,0.1142657574,2688130655,0.0,1.0
05-11-2002,15.02,15.86,14.35,15.6,16954500,0.114800781,0.1096798407,0.1192338338,2034538982,0.0,1.0
06-11-2002,16.18,16.2,14.92,15.53,13716800,0.1236668866,0.1140364616,0.1186988102,1646015176,0.0,1.0
07-11-2002,14.55,15.76,14.46,15.76,13838000,0.1112084796,0.1105205921,0.1204567449,1660559169,0.0,1.0
08-11-2002,11.37,13.04,11.01,12.3,31657500,0.0869031212,0.0841515712,0.094011292,3798898100,0.0,1.0
11-11-2002,10.48,10.98,10.22,10.82,11487100,0.0801006781,0.0781134475,0.0826993642,1378451310,0.0,1.0
12-11-2002,11.45,11.8,10.64,10.73,11509900,0.0875145767,0.0813235892,0.0820114767,1381187309,0.0,1.0
13-11-2002,11.78,12.1,10.92,11.14,15017600,0.0900368309,0.0834636837,0.0851451864,1802111098,0.0,1.0
14-11-2002,12.55,12.79,12.17,12.55,9489400,0.0959220907,0.0930176768,0.0959220907,1138727430,0.0,1.0
15-11-2002,13.47,13.91,13.05,13.2,17119400,0.1029538296,0.0997436879,0.1008901671,2054326972,0.0,1.0
18-11-2002,13.97,14.6,13.93,14.55,16520600,0.1067754268,0.106469699,0.1112084796,1982471008,0.0,1.0
19-11-2002,14.17,14.88,13.75,13.89,16432900,0.1083040657,0.105093924,0.1061639712,1971947014,0.0,1.0
20-11-2002,14.88,15.0,14.41,14.6,10773300,0.1137307338,0.1101384324,0.1115906393,1292795353,0.0,1.0
21-11-2002,16.14,16.88,15.45,15.48,17116000,0.1233611588,0.1180873546,0.1183166505,2053918973,0.0,1.0
22-11-2002,15.72,16.04,15.0,15.16,10432500,0.1201510171,0.1146479171,0.1158708282,1251899374,0.0,1.0
25-11-2002,16.29,16.69,15.81,16.45,10250700,0.124507638,0.1208389046,0.1257305491,1230083384,0.0,1.0
26-11-2002,15.85,16.69,15.8,16.37,9036100,0.1211446324,0.1207624727,0.1251190935,1084331457,0.0,1.0
27-11-2002,17.08,17.36,16.31,16.52,9071300,0.1305457616,0.1246605019,0.1262655727,1088555455,0.0,1.0
29-11-2002,17.13,17.78,17.0,17.53,4328300,0.1309279213,0.1299343061,0.1339851991,519395740,0.0,1.0
02-12-2002,17.0,18.27,16.92,18.04,9729200,0.1299343061,0.1293228505,0.1378832283,1167503416,0.0,1.0
03-12-2002,15.88,16.72,15.85,16.68,8718500,0.1213739282,0.1211446324,0.1274884838,1046219476,0.0,1.0
04-12-2002,13.99,15.0,13.93,14.76,18387900,0.1069282907,0.106469699,0.1128135504,2206546896,0.0,1.0
05-12-2002,14.11,14.98,13.77,14.88,13290600,0.107845474,0.1052467879,0.1137307338,1594871202,0.0,1.0
06-12-2002,14.13,14.4,13.28,13.5,9660200,0.1079983379,0.1015016226,0.1031831254,1159223420,0.0,1.0
09-12-2002,13.0,13.89,12.89,13.67,8081600,0.0993615282,0.0985207768,0.1044824685,969791515,0.0,1.0
10-12-2002,14.09,14.35,13.17,13.33,11582400,0.1076926101,0.1006608712,0.1018837823,1389887305,0.0,1.0
11-12-2002,14.01,14.4,13.52,13.99,11368400,0.1070811546,0.1033359893,0.1069282907,1364207317,0.0,1.0
12-12-2002,13.77,14.7,13.75,14.53,10854600,0.1052467879,0.105093924,0.1110556157,1302551348,0.0,1.0
13-12-2002,13.24,13.54,13.14,13.53,5897700,0.1011958948,0.1004315754,0.1034124212,707723646,0.0,1.0
16-12-2002,14.02,14.1,13.36,13.7,8808100,0.1071575865,0.1021130782,0.1047117643,1056971471,0.0,1.0
17-12-2002,14.0,14.75,13.89,14.27,8981200,0.1070047226,0.1061639712,0.1090683851,1077743461,0.0,1.0
18-12-2002,12.93,13.58,12.9,13.5,9390300,0.0988265046,0.0985972087,0.1031831254,1126835436,0.0,1.0
19-12-2002,12.65,13.37,12.52,12.7,9171700,0.0966864101,0.0956927948,0.0970685698,1100603449,0.0,1.0
20-12-2002,12.82,13.19,12.19,13.05,6704800,0.0979857532,0.0931705406,0.0997436879,804575597,0.0,1.0
23-12-2002,12.91,13.22,12.75,12.79,4155400,0.0986736407,0.0974507295,0.0977564573,498647750,0.0,1.0
24-12-2002,12.65,13.24,12.58,12.98,2502800,0.0966864101,0.0961513865,0.0992086643,300335849,0.0,1.0
26-12-2002,12.42,13.05,12.32,12.86,5998000,0.0949284754,0.0941641559,0.0982914809,719759640,0.0,1.0
27-12-2002,11.95,12.79,11.84,12.76,5854400,0.091336174,0.0904954226,0.0975271615,702527648,0.0,1.0
30-12-2002,11.53,12.13,11.26,12.0,6539500,0.0881260323,0.0860623698,0.0917183337,784739607,0.0,1.0
31-12-2002,11.51,11.8,11.19,11.41,6878300,0.0879731684,0.0855273462,0.087208849,825395587,0.0,1.0
02-01-2003,12.31,12.45,11.6,12.0,10854500,0.094087724,0.0886610559,0.0917183337,1302539348,0.0,1.0
03-01-2003,12.31,12.75,12.1,12.35,8645800,0.094087724,0.0924826531,0.0943934518,1037495481,0.0,1.0
06-01-2003,13.31,13.51,12.6,12.61,8611900,0.1017309185,0.0963042504,0.0963806823,1033427483,0.0,1.0
07-01-2003,13.27,13.88,13.12,13.57,12485600,0.1014251907,0.1002787115,0.103718149,1498271250,0.0,1.0
08-01-2003,11.95,13.31,11.86,12.93,15437700,0.091336174,0.0906482865,0.0988265046,1852523073,0.0,1.0
09-01-2003,12.16,12.45,12.04,12.32,11967300,0.0929412448,0.0920240615,0.0941641559,1436075281,0.0,1.0
10-01-2003,12.37,12.55,11.84,12.0,7704100,0.0945463156,0.0904954226,0.0917183337,924491537,0.0,1.0
13-01-2003,12.27,12.95,12.21,12.84,7076000,0.0937819962,0.0933234045,0.098138617,849119575,0.0,1.0
14-01-2003,12.36,12.48,11.99,12.311,7237700,0.0944698837,0.0916419017,0.0940953672,868523565,0.0,1.0
15-01-2003,11.98,12.47,11.98,12.37,7538200,0.0915654698,0.0915654698,0.0945463156,904583547,0.0,1.0
16-01-2003,11.17,11.95,11.01,11.8,16999800,0.0853744823,0.0841515712,0.0901896948,2039974980,0.0,1.0
17-01-2003,10.75,11.02,10.61,10.87,8823600,0.0821643406,0.0810942934,0.0830815239,1058831470,0.0,1.0
21-01-2003,10.48,11.19,10.45,10.95,8061300,0.0801006781,0.0798713823,0.0836929795,967355516,0.0,1.0
22-01-2003,10.49,10.76,10.42,10.45,4591600,0.08017711,0.0796420864,0.0798713823,550991724,0.0,1.0
23-01-2003,10.78,10.95,10.49,10.77,7653800,0.0823936364,0.08017711,0.0823172045,918455540,0.0,1.0
24-01-2003,10.17,10.74,9.99,10.69,7475900,0.0777312878,0.0763555128,0.0817057489,897107551,0.0,1.0
27-01-2003,10.02,10.47,9.77,9.95,7409300,0.0765848086,0.07467401,0.076049785,889115555,0.0,1.0
28-01-2003,10.38,10.57,9.56,9.89,14879000,0.0793363586,0.0730689392,0.0755911933,1785479107,0.0,1.0
29-01-2003,10.38,10.57,9.56,9.89,8517000,0.0793363586,0.0730689392,0.0755911933,1022039488,0.0,1.0
30-01-2003,10.16,10.89,10.05,10.8,6192200,0.0776548559,0.0768141045,0.0825465003,743063628,0.0,1.0
31-01-2003,10.32,10.6,9.77,9.86,7913800,0.078877767,0.07467401,0.0753618975,949655525,0.0,1.0
03-02-2003,10.52,10.72,10.3,10.39,6296300,0.0804064059,0.0787249031,0.0794127906,755555622,0.0,1.0
04-02-2003,10.05,10.5,9.909,10.45,5231000,0.0768141045,0.075736414,0.0798713823,627719686,0.0,1.0
05-02-2003,10.14,10.55,10.1,10.27,4845900,0.077501992,0.0771962642,0.0784956072,581507709,0.0,1.0
06-02-2003,10.22,10.86,10.05,10.85,10218200,0.0781134475,0.0768141045,0.08292866,1226183386,0.0,1.0
07-02-2003,9.76,10.47,9.74,10.42,7626300,0.0745975781,0.0744447142,0.0796420864,915155542,0.0,1.0
10-02-2003,9.88,9.95,9.33,9.75,8188600,0.0755147614,0.0713110044,0.0745211461,982631508,0.0,1.0
11-02-2003,9.7,10.25,9.65,9.96,7089300,0.0741389864,0.0737568267,0.076126217,850715574,0.0,1.0
12-02-2003,9.75,10.11,9.62,9.7,5345000,0.0745211461,0.0735275308,0.0741389864,641399679,0.0,1.0
13-02-2003,9.87,9.97,9.65,9.92,7409700,0.0754383295,0.0737568267,0.0758204892,889163555,0.0,1.0
14-02-2003,12.04,12.05,10.95,11.22,29573700,0.0920240615,0.0836929795,0.085756642,3548842225,0.0,1.0
18-02-2003,12.73,12.97,12.35,12.5,14504300,0.0972978657,0.0943934518,0.0955399309,1740515129,0.0,1.0
19-02-2003,12.85,12.93,12.51,12.65,9510100,0.098215049,0.0956163629,0.0966864101,1141211429,0.0,1.0
20-02-2003,12.85,13.24,12.8,12.9,8151100,0.098215049,0.0978328893,0.0985972087,978131510,0.0,1.0
21-02-2003,12.86,12.89,12.4,12.84,7610500,0.0982914809,0.0947756115,0.098138617,913259543,0.0,1.0
24-02-2003,13.02,13.49,12.68,12.75,9475100,0.0995143921,0.0969157059,0.0974507295,1137011431,0.0,1.0
25-02-2003,12.94,13.0,12.4,12.6,10326700,0.0989029365,0.0947756115,0.0963042504,1239203380,0.0,1.0
26-02-2003,12.31,12.98,12.29,12.77,6224100,0.094087724,0.0939348601,0.0976035934,746891626,0.0,1.0
27-02-2003,12.57,12.63,12.23,12.43,5627600,0.0960749545,0.0934762684,0.0950049073,675311662,0.0,1.0
28-02-2003,12.62,12.65,11.82,12.18,13777800,0.0964571143,0.0903425587,0.0930941087,1653335173,0.0,1.0
03-03-2003,12.41,13.0,12.25,12.77,5850300,0.0948520434,0.0936291323,0.0976035934,702035648,0.0,1.0
04-03-2003,12.31,12.57,12.19,12.44,4486600,0.094087724,0.0931705406,0.0950813393,538391730,0.0,1.0
05-03-2003,12.51,12.59,12.16,12.19,4351300,0.0956163629,0.0929412448,0.0931705406,522155738,0.0,1.0
06-03-2003,12.3,12.53,12.25,12.41,4567200,0.094011292,0.0936291323,0.0948520434,548063725,0.0,1.0
07-03-2003,12.49,12.53,12.0,12.11,4842900,0.095463499,0.0917183337,0.0925590851,581147709,0.0,1.0
10-03-2003,12.14,12.42,12.12,12.36,2873300,0.0927883809,0.092635517,0.0944698837,344795827,0.0,1.0
11-03-2003,12.23,12.43,12.1,12.23,3476200,0.0934762684,0.0924826531,0.0934762684,417143791,0.0,1.0
12-03-2003,12.57,12.6,12.22,12.33,4116000,0.0960749545,0.0933998365,0.0942405879,493919753,0.0,1.0
13-03-2003,13.82,13.9,12.88,12.94,11356100,0.1056289476,0.0984443448,0.0989029365,1362731318,0.0,1.0
14-03-2003,13.42,14.0,13.32,13.87,9118500,0.1025716698,0.1018073504,0.1060111074,1094219452,0.0,1.0
17-03-2003,14.2,14.47,13.17,13.2,10898400,0.1085333615,0.1006608712,0.1008901671,1307807346,0.0,1.0
18-03-2003,14.09,14.31,13.8,14.15,7769000,0.1076926101,0.1054760837,0.1081512018,932279533,0.0,1.0
19-03-2003,14.16,14.26,13.66,14.12,5941600,0.1082276338,0.1044060365,0.107921906,712991643,0.0,1.0
20-03-2003,14.29,14.59,13.79,14.14,6500500,0.109221249,0.1053996518,0.1080747699,780059609,0.0,1.0
21-03-2003,14.16,14.83,13.52,14.79,14015000,0.1082276338,0.1033359893,0.1130428463,1681799159,0.0,1.0
24-03-2003,13.63,14.0,13.5,13.58,6991800,0.1041767407,0.1031831254,0.103794581,839015580,0.0,1.0
25-03-2003,14.02,14.23,13.62,13.67,5606900,0.1071575865,0.1041003087,0.1044824685,672827663,0.0,1.0
26-03-2003,14.41,14.65,14.22,14.33,9232000,0.1101384324,0.1086862254,0.1095269768,1107839446,0.0,1.0
27-03-2003,14.0,14.52,13.96,14.22,11606100,0.1070047226,0.1066989949,0.1086862254,1392731303,0.0,1.0
28-03-2003,13.43,14.05,13.21,14.0,10755700,0.1026481018,0.100966599,0.1070047226,1290683354,0.0,1.0
31-03-2003,12.88,13.18,12.82,13.02,5670900,0.0984443448,0.0979857532,0.0995143921,680507659,0.0,1.0
01-04-2003,13.26,13.407,12.86,13.15,4448400,0.1013487587,0.0982914809,0.1005080073,533807733,0.0,1.0
02-04-2003,13.75,13.98,13.53,13.71,6432500,0.105093924,0.1034124212,0.1047881962,771899614,0.0,1.0
03-04-2003,13.932,14.0,13.64,14.0,5856500,0.1064849854,0.1042531726,0.1070047226,702779648,0.0,1.0
04-04-2003,13.39,13.99,13.33,13.97,4282000,0.102342374,0.1018837823,0.1067754268,513839743,0.0,1.0
07-04-2003,13.53,14.4,13.4,14.245,5593800,0.1034124212,0.102418806,0.1088773053,671255664,0.0,1.0
08-04-2003,13.4,13.72,13.31,13.65,3958600,0.102418806,0.1017309185,0.1043296046,475031762,0.0,1.0
09-04-2003,13.33,13.81,13.319,13.45,5785500,0.1018837823,0.1017997072,0.1028009657,694259652,0.0,1.0
10-04-2003,13.4,13.53,13.27,13.51,3034200,0.102418806,0.1014251907,0.1032595573,364103817,0.0,1.0
11-04-2003,13.25,13.66,13.12,13.55,3118200,0.1012723268,0.1002787115,0.1035652851,374183812,0.0,1.0
14-04-2003,13.48,13.521,13.01,13.05,3714800,0.1030302615,0.0994379601,0.0997436879,445775777,0.0,1.0
15-04-2003,13.41,13.58,13.06,13.39,4085100,0.1024952379,0.0998201198,0.102342374,490211754,0.0,1.0
16-04-2003,13.41,13.75,13.3,13.72,5599900,0.1024952379,0.1016544865,0.1048646282,671987664,0.0,1.0
17-04-2003,13.65,13.689,13.23,13.51,4339500,0.1043296046,0.1011194629,0.1032595573,520739739,0.0,1.0
21-04-2003,14.0,14.04,13.54,13.67,4976200,0.1070047226,0.1034888532,0.1044824685,597143701,0.0,1.0
22-04-2003,14.18,14.19,13.7,13.93,6561600,0.1083804976,0.1047117643,0.106469699,787391606,0.0,1.0
23-04-2003,14.5,14.59,14.05,14.16,5051700,0.1108263199,0.1073868824,0.1082276338,606203696,0.0,1.0
24-04-2003,14.07,14.51,13.88,14.51,5507600,0.1075397463,0.1060875393,0.1109027518,660911669,0.0,1.0
25-04-2003,13.55,14.23,13.42,13.99,7372100,0.1035652851,0.1025716698,0.1069282907,884651557,0.0,1.0
28-04-2003,13.96,14.21,13.55,13.71,5624900,0.1066989949,0.1035652851,0.1047881962,674987662,0.0,1.0
29-04-2003,14.39,14.59,14.17,14.28,5586200,0.1099855685,0.1083040657,0.1091448171,670343664,0.0,1.0
30-04-2003,14.27,14.7,14.25,14.31,3888500,0.1090683851,0.1089155213,0.1093741129,466619766,0.0,1.0
01-05-2003,14.42,14.561,14.15,14.23,6111400,0.1102148643,0.1081512018,0.1087626574,733367633,0.0,1.0
02-05-2003,15.9,16.0,14.53,14.61,14092400,0.1215267921,0.1110556157,0.1116670713,1691087154,0.0,1.0
05-05-2003,16.29,17.04,15.769,16.051,13134700,0.124507638,0.1205255337,0.1226809145,1576163211,0.0,1.0
06-05-2003,16.31,16.731,15.93,16.21,9532200,0.1246605019,0.121756088,0.1238961824,1143863428,0.0,1.0
07-05-2003,16.05,16.45,15.77,16.07,7478100,0.1226732713,0.1205331769,0.1228261352,897371551,0.0,1.0
08-05-2003,16.06,16.7,15.65,15.85,16312100,0.1227497033,0.1196159935,0.1211446324,1957451021,0.0,1.0
09-05-2003,21.37,21.53,18.3,18.83,76923800,0.1633350659,0.1398704589,0.1439213519,9230851384,0.0,1.0
12-05-2003,20.77,21.9,20.6,21.42,25065500,0.1587491492,0.1574498062,0.1637172256,3007858496,0.0,1.0
13-05-2003,20.38,20.7,19.949,20.06,15200900,0.1557683034,0.1524740866,0.1533224812,1824107087,0.0,1.0
14-05-2003,20.36,20.7,20.1,20.45,8046500,0.1556154395,0.1536282089,0.156303327,965579517,0.0,1.0
15-05-2003,21.06,21.1,20.55,20.66,9213800,0.1609656756,0.1570676464,0.1579083978,1105655447,0.0,1.0
16-05-2003,21.26,21.63,20.77,20.8,8574300,0.1624943145,0.1587491492,0.1589784451,1028915485,0.0,1.0
19-05-2003,19.89,21.181,19.81,20.98,10170700,0.1520231381,0.1514116825,0.1603542201,1220483389,0.0,1.0
20-05-2003,20.2,20.35,20.0,20.09,7367700,0.1543925284,0.1528638895,0.153551777,884123557,0.0,1.0
21-05-2003,20.91,20.92,20.1,20.21,7545600,0.1598191965,0.1536282089,0.1544689603,905471547,0.0,1.0
22-05-2003,20.98,21.17,20.45,20.94,7406800,0.1603542201,0.156303327,0.1600484923,888815555,0.0,1.0
23-05-2003,20.87,21.4,20.78,21.0,7230100,0.1595134687,0.1588255812,0.160507084,867611566,0.0,1.0
27-05-2003,22.72,22.8,20.25,20.65,13978400,0.1736533785,0.1547746881,0.1578319659,1677407161,0.0,1.0
28-05-2003,22.66,22.9,22.1,22.65,10296300,0.1731947868,0.1689145979,0.1731183548,1235555382,0.0,1.0
29-05-2003,24.21,24.98,22.6,22.65,19147800,0.1850417382,0.1727361951,0.1731183548,2297734851,0.0,1.0
30-05-2003,26.17,26.63,25.85,26.5,17852600,0.2000223994,0.1975765772,0.2025446536,2142310928,0.0,1.0
02-06-2003,24.72,26.876,24.56,26.85,13051200,0.1889397674,0.1877168563,0.2052197716,1566143216,0.0,1.0
03-06-2003,25.23,25.98,24.14,24.44,13306700,0.1928377966,0.1845067146,0.1867996729,1596803201,0.0,1.0
04-06-2003,25.83,25.85,24.76,25.16,9796700,0.1974237133,0.1892454952,0.192302773,1175603412,0.0,1.0
05-06-2003,26.57,26.66,25.15,25.49,10036700,0.2030796772,0.192226341,0.1948250271,1204403397,0.0,1.0
06-06-2003,25.76,27.75,25.56,27.61,11490300,0.1968886897,0.1953600508,0.2110285994,1378835310,0.0,1.0
09-06-2003,25.45,26.26,25.06,25.6,6004900,0.1945192994,0.1915384535,0.1956657785,720587639,0.0,1.0
10-06-2003,25.82,25.84,25.17,25.45,4694200,0.1973472813,0.1923792049,0.1945192994,563303718,0.0,1.0
11-06-2003,25.84,26.07,25.2,25.66,7865300,0.1975001452,0.1926085007,0.1961243702,943835528,0.0,1.0
12-06-2003,25.45,26.3,25.37,26.02,8722400,0.1945192994,0.1939078438,0.1988759202,1046687476,0.0,1.0
13-06-2003,23.47,25.05,23.3,24.35,15223400,0.1793857743,0.1780864312,0.1861117854,1826807086,0.0,1.0
16-06-2003,23.97,24.27,22.18,23.75,15873900,0.1832073715,0.1695260534,0.1815258688,1904867047,0.0,1.0
17-06-2003,24.54,24.7,23.8,24.52,8332100,0.1875639924,0.1819080285,0.1874111285,999851500,0.0,1.0
18-06-2003,25.48,25.97,24.1,24.3,9350600,0.1947485952,0.1842009868,0.1857296257,1122071438,0.0,1.0
19-06-2003,23.93,25.724,23.8,25.59,9921100,0.1829016438,0.1819080285,0.1955893466,1190531404,0.0,1.0
20-06-2003,23.68,24.2,23.3,24.11,7815400,0.1809908451,0.1780864312,0.1842774188,937847531,0.0,1.0
23-06-2003,22.84,23.78,22.37,23.66,6123200,0.1745705618,0.1709782604,0.1808379813,734783632,0.0,1.0
24-06-2003,22.79,23.2,22.06,22.714,8406800,0.1741884021,0.1686088701,0.1736075193,1008815495,0.0,1.0
25-06-2003,22.94,23.78,22.76,22.85,8838500,0.1753348812,0.1739591062,0.1746469937,1060619469,0.0,1.0
26-06-2003,22.97,23.28,22.29,23.01,8004500,0.1755641771,0.1703668048,0.1758699049,960539519,0.0,1.0
27-06-2003,22.557,23.45,22.45,23.24,5909200,0.1724075378,0.1715897159,0.1776278396,709103645,0.0,1.0
30-06-2003,22.91,23.31,22.6,22.86,4534400,0.1751055854,0.1727361951,0.1747234257,544127727,0.0,1.0
01-07-2003,23.85,23.88,22.41,22.62,8141800,0.1822901882,0.1712839882,0.172889059,977015511,0.0,1.0
02-07-2003,23.78,24.38,23.45,24.07,7056900,0.1817551646,0.1792329104,0.183971691,846827576,0.0,1.0
03-07-2003,23.51,24.12,23.18,23.23,3507600,0.1796915021,0.1771692479,0.1775514076,420911789,0.0,1.0
07-07-2003,25.05,25.18,23.82,23.83,6935000,0.1914620216,0.1820608924,0.1821373243,832199583,0.0,1.0
08-07-2003,24.77,25.1,24.3,24.36,5023800,0.1893219271,0.1857296257,0.1861882174,602855698,0.0,1.0
09-07-2003,25.34,25.75,24.715,24.76,6294600,0.193678548,0.1889015514,0.1892454952,755351622,0.0,1.0
10-07-2003,24.3,24.87,23.871,24.55,5371400,0.1857296257,0.1824506953,0.1876404243,644567677,0.0,1.0
11-07-2003,24.43,24.74,24.22,24.59,4125000,0.186723241,0.1851181702,0.1879461521,494999752,0.0,1.0
14-07-2003,24.24,25.203,24.12,25.05,5786200,0.1852710341,0.1843538507,0.1914620216,694343652,0.0,1.0
15-07-2003,23.45,24.71,23.22,24.6,9528800,0.1792329104,0.1774749757,0.1880225841,1143455428,0.0,1.0
16-07-2003,23.16,24.0,22.6,23.89,7337300,0.177016384,0.1727361951,0.182595916,880475559,0.0,1.0
17-07-2003,22.0,22.75,21.7,22.46,7114700,0.1681502784,0.1658573201,0.1716661479,853763573,0.0,1.0
18-07-2003,21.26,21.64,20.47,21.57,10673600,0.1624943145,0.1564561909,0.1648637048,1280831359,0.0,1.0
21-07-2003,20.94,21.45,20.44,21.38,8209500,0.1600484923,0.1562268951,0.1634114979,985139507,0.0,1.0
22-07-2003,21.29,21.69,21.17,21.53,4853700,0.1627236104,0.161806427,0.164557977,582443708,0.0,1.0
23-07-2003,21.57,21.7,20.63,21.26,5044400,0.1648637048,0.157679102,0.1624943145,605327697,0.0,1.0
24-07-2003,20.73,22.12,20.55,21.96,9306900,0.1584434214,0.1570676464,0.1678445507,1116827441,0.0,1.0
25-07-2003,21.06,21.18,20.0,20.77,8350700,0.1609656756,0.1528638895,0.1587491492,1002083498,0.0,1.0
28-07-2003,20.41,21.28,20.32,21.23,5864600,0.1559975992,0.1553097117,0.1622650187,703751648,0.0,1.0
29-07-2003,19.07,20.16,18.36,18.559,23289900,0.1457557186,0.1403290505,0.1418500462,2794786602,0.0,1.0
30-07-2003,18.86,19.22,18.74,19.0,6572700,0.1441506478,0.1432334644,0.145220695,788723605,0.0,1.0
31-07-2003,19.09,19.58,18.89,19.3,7480000,0.1459085825,0.1443799436,0.1475136534,897599551,0.0,1.0
01-08-2003,19.72,19.88,18.91,19.1,6396300,0.150723795,0.1445328075,0.1459850145,767555616,0.0,1.0
04-08-2003,20.46,20.82,19.577,19.7,11907100,0.1563797589,0.1496308182,0.1505709311,1428851285,0.0,1.0
05-08-2003,20.4,21.47,20.23,20.99,8862400,0.1559211673,0.1546218242,0.160430652,1063487468,0.0,1.0
06-08-2003,19.57,20.398,19.08,20.13,8548900,0.1495773159,0.1458321506,0.1538575048,1025867487,0.0,1.0
07-08-2003,19.3,19.8,19.04,19.52,8669500,0.1475136534,0.1455264228,0.1491951561,1040339479,0.0,1.0
08-08-2003,15.5,16.62,15.26,16.55,31396500,0.1184695143,0.1166351477,0.1264948685,3767578116,0.0,1.0
11-08-2003,16.34,16.55,15.645,15.75,13964600,0.1248897977,0.1195777775,0.120380313,1675751162,0.0,1.0
12-08-2003,16.67,16.71,16.28,16.55,6368000,0.1274120519,0.124431206,0.1264948685,764159617,0.0,1.0
13-08-2003,16.78,17.05,16.32,16.74,5779600,0.1282528033,0.1247369338,0.1279470755,693551653,0.0,1.0
14-08-2003,16.2,16.46,16.02,16.22,12730800,0.1238197505,0.1224439755,0.1239726144,1527695236,0.0,1.0
15-08-2003,16.15,16.25,16.0,16.1,1814300,0.1234375908,0.1222911116,0.123055431,217715891,0.0,1.0
18-08-2003,16.63,16.63,16.12,16.41,5980700,0.1271063241,0.1232082949,0.1254248213,717683641,0.0,1.0
19-08-2003,17.9,18.0,16.99,17.0,11699800,0.1368131811,0.1298578741,0.1299343061,1403975298,0.0,1.0
20-08-2003,17.65,17.98,17.26,17.65,7252900,0.1349023825,0.1319215366,0.1349023825,870347564,0.0,1.0
21-08-2003,18.131,18.3,17.8,18.11,5372900,0.138578759,0.1360488616,0.1384182519,644747677,0.0,1.0
22-08-2003,18.26,19.48,18.25,19.22,8353300,0.1395647311,0.1394882992,0.1469021978,1002395498,0.0,1.0
25-08-2003,18.16,18.61,17.996,18.61,3616900,0.1388004117,0.1375469278,0.1422398492,434027782,0.0,1.0
26-08-2003,17.87,18.2,17.38,17.93,6408200,0.1365838853,0.13283872,0.1370424769,768983615,0.0,1.0
27-08-2003,18.41,18.6,17.8,17.99,4731800,0.1407112103,0.1360488616,0.1375010686,567815716,0.0,1.0
28-08-2003,17.93,18.69,17.72,18.59,6902600,0.1370424769,0.1354374061,0.1420869853,828311585,0.0,1.0
29-08-2003,18.17,18.25,17.83,17.9,4440700,0.1388768436,0.1362781575,0.1368131811,532883733,0.0,1.0
02-09-2003,18.01,18.65,17.92,18.49,5928800,0.1376539325,0.136966045,0.1413226658,711455644,0.0,1.0
03-09-2003,17.66,18.33,17.57,18.28,7083100,0.1349788144,0.1342909269,0.139717595,849971575,0.0,1.0
04-09-2003,17.83,18.25,17.6,17.73,6167200,0.1362781575,0.1345202227,0.135513838,740063629,0.0,1.0
05-09-2003,18.68,19.1,17.65,17.86,9989500,0.1427748728,0.1349023825,0.1365074533,1198739400,0.0,1.0
08-09-2003,19.54,19.76,18.75,18.98,12572600,0.14934802,0.1433098964,0.1450678311,1508711245,0.0,1.0
09-09-2003,20.74,21.47,18.74,19.0,20745300,0.1585198534,0.1432334644,0.145220695,2489434755,0.0,1.0
10-09-2003,19.32,20.69,19.16,20.15,11505200,0.1476665172,0.1464436061,0.1540103687,1380623309,0.0,1.0
11-09-2003,19.07,20.15,18.3,19.58,21772800,0.1457557186,0.1398704589,0.1496537478,2612734693,0.0,1.0
12-09-2003,19.35,19.77,18.7,18.91,9686700,0.1478958131,0.1429277367,0.1445328075,1162403418,0.0,1.0
15-09-2003,19.03,19.613,18.96,19.51,4966900,0.1454499908,0.1449149672,0.1491187242,596027701,0.0,1.0
16-09-2003,19.62,19.679,19.07,19.07,5172800,0.1499594756,0.1457557186,0.1457557186,620735689,0.0,1.0
17-09-2003,19.85,20.23,19.58,19.74,7523200,0.1517174103,0.1496537478,0.1508766589,902783548,0.0,1.0
18-09-2003,20.0,20.01,19.52,19.74,5029100,0.1528638895,0.1491951561,0.1508766589,603491698,0.0,1.0
19-09-2003,19.84,20.36,19.66,20.234,5400800,0.1516409784,0.1502652034,0.154652397,648095675,0.0,1.0
22-09-2003,19.06,19.49,18.899,19.45,6129200,0.1456792867,0.1444487324,0.1486601325,735503632,0.0,1.0
23-09-2003,19.24,19.35,18.84,19.09,5241100,0.1470550617,0.1439977839,0.1459085825,628931685,0.0,1.0
24-09-2003,17.78,19.0,17.75,18.83,13338900,0.1358959978,0.1356667019,0.1439213519,1600667199,0.0,1.0
25-09-2003,17.53,18.24,17.45,17.92,6139800,0.1339851991,0.1333737436,0.136966045,736775631,0.0,1.0
26-09-2003,16.86,17.53,16.63,17.48,7465900,0.1288642588,0.1271063241,0.1336030394,895907552,0.0,1.0
29-09-2003,15.95,16.58,15.7,16.01,16208300,0.1219089519,0.1199981532,0.1223675435,1944995027,0.0,1.0
30-09-2003,15.97,16.51,15.75,15.81,8507400,0.1220618158,0.120380313,0.1208389046,1020887489,0.0,1.0
01-10-2003,16.1,16.29,15.96,16.02,7310200,0.123055431,0.1219853838,0.1224439755,877223561,0.0,1.0
02-10-2003,16.35,16.58,15.95,16.0,7146900,0.1249662297,0.1219089519,0.1222911116,857627571,0.0,1.0
03-10-2003,16.78,17.2,16.51,16.8,7190100,0.1282528033,0.1261891408,0.1284056672,862811568,0.0,1.0
06-10-2003,16.65,16.98,16.51,16.81,3141900,0.127259188,0.1261891408,0.1284820991,377027811,0.0,1.0
07-10-2003,16.8,16.8,16.42,16.65,4254900,0.1284056672,0.1255012533,0.127259188,510587744,0.0,1.0
08-10-2003,16.21,16.95,16.11,16.8,6162000,0.1238961824,0.123131863,0.1284056672,739439630,0.0,1.0
09-10-2003,16.44,17.08,16.31,16.45,7103400,0.1256541172,0.1246605019,0.1257305491,852407573,0.0,1.0
10-10-2003,16.73,16.85,16.5,16.7,3449800,0.1278706436,0.1261127088,0.1276413477,413975793,0.0,1.0
13-10-2003,16.9,17.25,16.79,16.92,3624200,0.1291699866,0.1283292352,0.1293228505,434903782,0.0,1.0
14-10-2003,17.21,17.26,16.62,16.72,5196300,0.1315393769,0.1270298922,0.1277942116,623555688,0.0,1.0
15-10-2003,16.99,17.73,16.88,17.41,5862400,0.1298578741,0.1290171227,0.1330680158,703487648,0.0,1.0
16-10-2003,17.2,17.26,16.75,17.01,3717400,0.131462945,0.1280235074,0.130010738,446087776,0.0,1.0
17-10-2003,16.66,17.43,16.64,17.1,3830800,0.1273356199,0.127182756,0.1306986255,459695770,0.0,1.0
20-10-2003,17.03,17.05,16.57,16.67,3894900,0.1301636019,0.1266477324,0.1274120519,467387766,0.0,1.0
21-10-2003,17.55,17.88,17.1,17.34,6322700,0.134138063,0.1306986255,0.1325329922,758723620,0.0,1.0
22-10-2003,17.25,17.68,17.16,17.28,5174600,0.1318451047,0.1311572172,0.1320744005,620951689,0.0,1.0
23-10-2003,17.17,17.5,16.97,17.0,3762700,0.1312336491,0.1297050102,0.1299343061,451523774,0.0,1.0
24-10-2003,17.11,17.26,16.84,17.0,3725700,0.1307750575,0.1287113949,0.1299343061,447083776,0.0,1.0
27-10-2003,17.2,17.4,17.08,17.2,2120500,0.131462945,0.1305457616,0.131462945,254459872,0.0,1.0
28-10-2003,18.28,18.38,17.35,17.43,7967200,0.139717595,0.1326094241,0.1332208797,956063521,0.0,1.0
29-10-2003,18.28,18.5,17.73,17.74,4116700,0.139717595,0.135513838,0.13559027,494003752,0.0,1.0
30-10-2003,17.94,18.76,17.91,18.75,4843800,0.1371189089,0.136889613,0.1433098964,581255709,0.0,1.0
31-10-2003,17.64,18.25,17.4,18.1,4984600,0.1348259505,0.1329915839,0.13834182,598151700,0.0,1.0
03-11-2003,18.01,18.35,17.51,17.59,6447700,0.1376539325,0.1338323352,0.1344437908,773723613,0.0,1.0
04-11-2003,18.07,18.45,17.95,18.4,5840800,0.1381125241,0.1371953408,0.1406347783,700895649,0.0,1.0
05-11-2003,18.14,18.32,17.41,17.7,7350200,0.1386475478,0.1330680158,0.1352845422,882023558,0.0,1.0
06-11-2003,18.17,18.5,17.84,18.41,9794000,0.1388768436,0.1363545894,0.1407112103,1175279412,0.0,1.0
07-11-2003,21.75,22.06,21.2,21.66,35773500,0.1662394798,0.1620357229,0.1655515923,4292817853,0.0,1.0
10-11-2003,21.69,22.12,21.56,21.82,10083800,0.1657808881,0.1647872729,0.1667745034,1210055394,0.0,1.0
11-11-2003,21.15,21.57,20.77,21.2,6659500,0.1616535631,0.1587491492,0.1620357229,799139600,0.0,1.0
12-11-2003,21.43,21.5,20.98,21.08,5147200,0.1637936576,0.1603542201,0.1611185395,617663691,0.0,1.0
13-11-2003,21.44,21.74,21.31,21.43,4836100,0.1638700895,0.1628764742,0.1637936576,580331709,0.0,1.0
14-11-2003,20.173,21.5,20.11,21.5,7403500,0.1541861621,0.1537046409,0.1643286812,888419555,0.0,1.0
17-11-2003,19.96,20.2,19.604,19.79,4999000,0.1525581617,0.1498371845,0.1512588186,599879700,0.0,1.0
18-11-2003,19.67,20.7,19.6,20.45,8261900,0.1503416353,0.1498066117,0.156303327,991427504,0.0,1.0
19-11-2003,20.22,20.3,19.74,19.81,4729600,0.1545453923,0.1508766589,0.1514116825,567551716,0.0,1.0
20-11-2003,19.68,20.34,19.6,19.9,6157100,0.1504180673,0.1498066117,0.15209957,738851630,0.0,1.0
21-11-2003,19.76,19.95,19.38,19.92,4527000,0.1510295228,0.1481251089,0.1522524339,543239728,0.0,1.0
24-11-2003,20.95,21.0,19.81,19.95,7838700,0.1601249242,0.1514116825,0.1524817298,940643529,0.0,1.0
25-11-2003,21.31,21.49,20.8,21.04,6856700,0.1628764742,0.1589784451,0.1608128117,822803588,0.0,1.0
26-11-2003,21.33,21.73,20.93,21.66,3583600,0.1630293381,0.1599720603,0.1655515923,430031784,0.0,1.0
28-11-2003,21.23,21.38,21.05,21.32,1717800,0.1622650187,0.1608892437,0.1629529062,206135896,0.0,1.0
01-12-2003,21.53,21.69,21.22,21.47,4391500,0.164557977,0.1621885867,0.1640993854,526979736,0.0,1.0
02-12-2003,21.44,21.88,21.31,21.4,4789500,0.1638700895,0.1628764742,0.1635643617,574739712,0.0,1.0
03-12-2003,21.22,22.2,21.17,21.5,5916900,0.1621885867,0.161806427,0.1643286812,710027644,0.0,1.0
04-12-2003,21.11,21.67,20.61,21.29,4349600,0.1613478353,0.1575262381,0.1627236104,521951739,0.0,1.0
05-12-2003,20.43,21.2,20.26,20.61,4665400,0.1561504631,0.15485112,0.1575262381,559847720,0.0,1.0
08-12-2003,20.58,20.79,20.25,20.44,2841500,0.1572969423,0.1547746881,0.1562268951,340979829,0.0,1.0
09-12-2003,19.51,20.74,19.5,20.54,4984400,0.1491187242,0.1490422922,0.1569912145,598127700,0.0,1.0
10-12-2003,19.935,20.05,19.5,19.51,4738800,0.1523670818,0.1490422922,0.1491187242,568655715,0.0,1.0
11-12-2003,20.95,21.2,19.89,19.95,5790600,0.1601249242,0.1520231381,0.1524817298,694871652,0.0,1.0
12-12-2003,20.84,21.37,20.5,21.23,5839100,0.1592841728,0.1566854867,0.1622650187,700691649,0.0,1.0
15-12-2003,20.42,21.483,20.36,21.45,5189600,0.1560740312,0.1556154395,0.1639465215,622751688,0.0,1.0
16-12-2003,20.7,20.83,19.94,20.3,5014400,0.1582141256,0.1524052978,0.1551568478,601727699,0.0,1.0
17-12-2003,20.3,20.6,19.96,20.532,4159300,0.1551568478,0.1525581617,0.1569300689,499115750,0.0,1.0
18-12-2003,20.76,20.97,20.315,20.34,3639400,0.1586727173,0.1552714957,0.1554625756,436727781,0.0,1.0
19-12-2003,21.07,21.6,20.84,21.28,7641300,0.1610421076,0.1592841728,0.1626471784,916955541,0.0,1.0
22-12-2003,21.1,21.15,20.55,20.76,3093200,0.1612714034,0.1570676464,0.1586727173,371183814,0.0,1.0
23-12-2003,21.96,22.17,21.01,21.02,6023000,0.1678445507,0.1605835159,0.1606599478,722759638,0.0,1.0
24-12-2003,21.8,22.02,21.74,22.02,1757100,0.1666216395,0.1661630479,0.1683031423,210851894,0.0,1.0
26-12-2003,22.741,22.87,21.88,21.97,3033000,0.1738138855,0.1672330951,0.1679209826,363959818,0.0,1.0
29-12-2003,23.7,23.78,23.06,23.17,6305200,0.181143709,0.1762520646,0.177092816,756623621,0.0,1.0
30-12-2003,23.75,24.2,23.43,23.45,4590700,0.1815258688,0.1790800465,0.1792329104,550883724,0.0,1.0
31-12-2003,23.2,23.85,22.82,23.74,4143900,0.1773221118,0.1744176979,0.1814494368,497267751,0.0,1.0
02-01-2004,23.08,23.89,23.08,23.57,3636800,0.1764049285,0.1764049285,0.1801500938,436415781,0.0,1.0
05-01-2004,23.83,23.99,23.22,23.43,4794100,0.1821373243,0.1774749757,0.1790800465,575291712,0.0,1.0
06-01-2004,24.8,25.13,23.65,23.76,9111200,0.189551223,0.1807615493,0.1816023007,1093343453,0.0,1.0
07-01-2004,25.02,25.14,24.35,24.52,5608600,0.1912327257,0.1861117854,0.1874111285,673031663,0.0,1.0
08-01-2004,25.11,25.45,24.87,25.33,3614600,0.1919206132,0.1900862466,0.193602116,433751783,0.0,1.0
09-01-2004,25.47,25.78,24.74,24.94,6388200,0.1946721633,0.1890926313,0.1906212702,766583616,0.0,1.0
12-01-2004,25.76,25.84,25.32,25.56,4516500,0.1968886897,0.1935256841,0.1953600508,541979729,0.0,1.0
13-01-2004,24.43,25.88,24.16,25.63,7215000,0.186723241,0.1846595785,0.1958950744,865799567,0.0,1.0
14-01-2004,24.25,24.9,24.02,24.6,4540600,0.185347466,0.1835895313,0.1880225841,544871727,0.0,1.0
15-01-2004,24.287,24.49,23.64,24.06,5076700,0.1856302642,0.1806851174,0.183895259,609203695,0.0,1.0
16-01-2004,24.66,24.87,24.31,24.59,3764400,0.1884811757,0.1858060577,0.1879461521,451727774,0.0,1.0
20-01-2004,25.35,25.39,24.68,24.955,4064700,0.1937549799,0.1886340396,0.1907359181,487763756,0.0,1.0
21-01-2004,24.18,25.24,24.14,25.15,4120500,0.1848124424,0.1845067146,0.192226341,494459752,0.0,1.0
22-01-2004,23.62,24.7,23.33,24.25,5047700,0.1805322535,0.1783157271,0.185347466,605723697,0.0,1.0
23-01-2004,23.09,23.97,23.04,23.5,4020600,0.1764813604,0.1760992007,0.1796150701,482471758,0.0,1.0
26-01-2004,24.0,24.1,23.06,23.24,3280700,0.1834366674,0.1762520646,0.1776278396,393683803,0.0,1.0
27-01-2004,22.63,23.9,22.45,23.52,7784200,0.172965491,0.1715897159,0.179767934,934103532,0.0,1.0
28-01-2004,22.57,23.28,22.45,22.9,5126700,0.1725068993,0.1715897159,0.1750291535,615203692,0.0,1.0
29-01-2004,21.91,22.75,21.15,22.64,7747500,0.1674623909,0.1616535631,0.1730419229,929699535,0.0,1.0
30-01-2004,22.25,22.75,21.73,21.863,3887200,0.170061077,0.1660866159,0.1671031608,466463766,0.0,1.0
02-02-2004,22.61,23.05,22.2,22.43,4673700,0.1728126271,0.1696789173,0.1714368521,560843719,0.0,1.0
03-02-2004,22.53,22.94,22.23,22.55,3483600,0.1722011715,0.1699082132,0.1723540354,418031790,0.0,1.0
04-02-2004,21.92,22.39,21.8879,22.21,3640000,0.1675388229,0.1672934763,0.1697553493,436799781,0.0,1.0
05-02-2004,22.25,22.5,21.9,22.04,2766500,0.170061077,0.167385959,0.1684560062,331979834,0.0,1.0
06-02-2004,22.76,23.08,22.42,22.54,3926100,0.1739591062,0.1713604201,0.1722776034,471131764,0.0,1.0
09-02-2004,22.6,23.3,22.59,22.85,3116600,0.1727361951,0.1726597632,0.1746469937,373991813,0.0,1.0
10-02-2004,23.43,23.45,22.66,22.66,4247500,0.1790800465,0.1731947868,0.1731947868,509699745,0.0,1.0
11-02-2004,24.25,24.33,23.65,23.73,6148400,0.185347466,0.1807615493,0.1813730049,737807631,0.0,1.0
12-02-2004,23.52,24.25,23.151,24.12,8124100,0.179767934,0.1769475953,0.1843538507,974891512,0.0,1.0
13-02-2004,23.3,23.89,22.7,22.95,14562500,0.1780864312,0.1735005146,0.1754113132,1747499126,0.0,1.0
17-02-2004,23.56,23.63,23.07,23.4,4799800,0.1800736618,0.1763284965,0.1788507507,575975712,0.0,1.0
18-02-2004,23.56,23.75,23.4,23.59,2668700,0.1800736618,0.1788507507,0.1803029576,320243839,0.0,1.0
19-02-2004,23.55,24.27,23.5,23.85,5258600,0.1799972299,0.1796150701,0.1822901882,631031684,0.0,1.0
20-02-2004,24.14,24.2,23.38,23.51,5151000,0.1845067146,0.1786978868,0.1796915021,618119690,0.0,1.0
23-02-2004,23.3,24.14,22.98,24.1,7111100,0.1780864312,0.175640609,0.1842009868,853331573,0.0,1.0
24-02-2004,22.37,23.19,22.12,22.9,5903200,0.1709782604,0.1690674618,0.1750291535,708383645,0.0,1.0
25-02-2004,22.5,22.93,22.26,22.41,5437600,0.1719718757,0.170137509,0.1712839882,652511673,0.0,1.0
26-02-2004,22.65,22.87,22.37,22.83,2874800,0.1731183548,0.1709782604,0.1744941298,344975827,0.0,1.0
27-02-2004,22.25,22.72,21.91,22.7,4962900,0.170061077,0.1674623909,0.1735005146,595547702,0.0,1.0
01-03-2004,22.58,22.62,22.16,22.19,4221900,0.1725833312,0.1693731895,0.1696024854,506627746,0.0,1.0
02-03-2004,22.16,22.77,22.07,22.59,6777900,0.1693731895,0.168685302,0.1726597632,813347593,0.0,1.0
03-03-2004,21.87,22.1,21.51,22.1,4604100,0.1671566631,0.1644051131,0.1689145979,552491723,0.0,1.0
04-03-2004,22.35,22.39,21.91,22.09,3444600,0.1708253965,0.1674623909,0.1688381659,413351793,0.0,1.0
05-03-2004,22.19,22.7,21.77,21.85,2957400,0.1696024854,0.1663923437,0.1670037993,354887822,0.0,1.0
08-03-2004,21.42,22.5,21.25,22.19,3876400,0.1637172256,0.1624178826,0.1696024854,465167767,0.0,1.0
09-03-2004,21.27,21.62,20.91,21.6,3093600,0.1625707465,0.1598191965,0.1650930006,371231814,0.0,1.0
10-03-2004,20.96,21.64,20.81,21.27,4014100,0.1602013562,0.159054877,0.1625707465,481691759,0.0,1.0
11-03-2004,20.8,21.42,20.68,20.68,4390600,0.1589784451,0.1580612617,0.1580612617,526871736,0.0,1.0
12-03-2004,21.24,21.5,20.85,21.01,3149600,0.1623414506,0.1593606048,0.1605835159,377951811,0.0,1.0
15-03-2004,20.76,21.2,20.6319,21.09,3510200,0.1586727173,0.1576936241,0.1611949715,421223789,0.0,1.0
16-03-2004,21.65,21.75,20.88,20.98,4979200,0.1654751604,0.1595899006,0.1603542201,597503701,0.0,1.0
17-03-2004,22.18,22.39,21.91,22.0,4371600,0.1695260534,0.1674623909,0.1681502784,524591737,0.0,1.0
18-03-2004,22.43,22.7,22.0,22.06,4400400,0.1714368521,0.1681502784,0.1686088701,528047735,0.0,1.0
19-03-2004,22.17,22.54,22.04,22.36,3774700,0.1694496215,0.1684560062,0.1709018284,452963773,0.0,1.0
22-03-2004,22.0,22.17,21.5,21.83,4805900,0.1681502784,0.1643286812,0.1668509354,576707711,0.0,1.0
23-03-2004,22.09,22.54,21.84,22.3,4800300,0.1688381659,0.1669273673,0.1704432368,576035711,0.0,1.0
24-03-2004,23.08,23.45,22.0,22.05,6561200,0.1764049285,0.1681502784,0.1685324382,787343606,0.0,1.0
25-03-2004,24.42,24.54,23.3,23.34,8309400,0.1866468091,0.1780864312,0.178392159,997127501,0.0,1.0
26-03-2004,24.35,24.73,24.02,24.35,4596700,0.1861117854,0.1835895313,0.1861117854,551603724,0.0,1.0
29-03-2004,25.4,25.73,24.65,24.66,8214700,0.1941371396,0.1884047438,0.1884811757,985763507,0.0,1.0
30-03-2004,26.16,26.28,25.21,25.235,6041300,0.1999459674,0.1926849327,0.1928760126,724955637,0.0,1.0
31-03-2004,26.4,26.68,26.15,26.29,5039600,0.2017803341,0.1998695355,0.2009395827,604751697,0.0,1.0
01-04-2004,25.93,26.97,25.27,26.69,10995900,0.1981880327,0.1931435244,0.2039968605,1319507340,0.0,1.0
02-04-2004,26.3,26.67,25.7,26.5,5414500,0.2010160147,0.196430098,0.2025446536,649739675,0.0,1.0
05-04-2004,27.24,27.35,26.16,26.16,4806200,0.2082006175,0.1999459674,0.1999459674,576743711,0.0,1.0
06-04-2004,26.14,26.89,26.0,26.7,5200800,0.1997931036,0.1987230563,0.2040732925,624095687,0.0,1.0
07-04-2004,26.0,26.35,25.54,26.29,3732200,0.1987230563,0.1952071869,0.2009395827,447863776,0.0,1.0
08-04-2004,26.74,27.0,26.38,26.58,3725800,0.2043790202,0.2016274702,0.2031561091,447095776,0.0,1.0
12-04-2004,26.24,27.07,26.08,26.95,3698200,0.200557423,0.1993345119,0.2059840911,443783778,0.0,1.0
13-04-2004,25.63,26.5,25.5,26.48,3689200,0.1958950744,0.1949014591,0.2023917897,442703778,0.0,1.0
14-04-2004,25.76,26.24,25.21,25.5,4266800,0.1968886897,0.1926849327,0.1949014591,512015743,0.0,1.0
15-04-2004,24.41,25.52,24.3,25.41,6900700,0.1865703771,0.1857296257,0.1942135716,828083585,0.0,1.0
16-04-2004,23.61,24.32,23.56,24.2,5457200,0.1804558215,0.1800736618,0.1849653063,654863672,0.0,1.0
19-04-2004,23.58,23.75,23.16,23.62,4356700,0.1802265257,0.177016384,0.1805322535,522803738,0.0,1.0
20-04-2004,22.58,23.9,22.57,23.64,4281700,0.1725833312,0.1725068993,0.1806851174,513803743,0.0,1.0
21-04-2004,22.61,23.4,22.44,22.64,5740100,0.1728126271,0.171513284,0.1730419229,688811655,0.0,1.0
22-04-2004,22.74,23.12,21.93,22.49,5796000,0.1738062423,0.1676152548,0.1718954437,695519652,0.0,1.0
23-04-2004,23.24,23.63,22.95,23.02,3699400,0.1776278396,0.1754113132,0.1759463368,443927778,0.0,1.0
26-04-2004,22.33,23.39,22.27,23.29,3582600,0.1706725326,0.1702139409,0.1780099993,429911785,0.0,1.0
27-04-2004,22.14,23.19,22.06,22.51,4121400,0.1692203257,0.1686088701,0.1720483076,494567752,0.0,1.0
28-04-2004,22.05,22.49,21.88,22.15,3906400,0.1685324382,0.1672330951,0.1692967576,468767765,0.0,1.0
29-04-2004,21.44,22.07,21.15,21.93,5375400,0.1638700895,0.1616535631,0.1676152548,645047677,0.0,1.0
30-04-2004,20.52,21.45,20.44,21.42,4274400,0.1568383506,0.1562268951,0.1637172256,512927743,0.0,1.0
03-05-2004,20.26,20.95,19.9,20.74,5088900,0.15485112,0.15209957,0.1585198534,610667694,0.0,1.0
04-05-2004,21.55,21.81,20.5,20.55,6436500,0.1647108409,0.1566854867,0.1570676464,772379613,0.0,1.0
05-05-2004,21.73,21.92,21.39,21.57,3869000,0.1660866159,0.1634879298,0.1648637048,464279767,0.0,1.0
06-05-2004,21.91,22.08,21.05,21.5,5927900,0.1674623909,0.1608892437,0.1643286812,711347644,0.0,1.0
07-05-2004,22.08,22.97,21.96,22.55,7973100,0.168761734,0.1678445507,0.1723540354,956771521,0.0,1.0
10-05-2004,21.22,21.72,20.75,21.52,5575600,0.1621885867,0.1585962853,0.1644815451,669071665,0.0,1.0
11-05-2004,21.74,21.95,21.4,21.49,3332800,0.1661630479,0.1635643617,0.1642522492,399935800,0.0,1.0
12-05-2004,21.44,21.65,20.69,21.64,4019400,0.1638700895,0.1581376937,0.1653987284,482327758,0.0,1.0
13-05-2004,21.51,21.9,21.2,21.26,2899600,0.1644051131,0.1620357229,0.1624943145,347951826,0.0,1.0
14-05-2004,21.51,21.98,21.4,21.6,3825000,0.1644051131,0.1635643617,0.1650930006,458999770,0.0,1.0
17-05-2004,21.17,21.48,20.85,21.2,2569500,0.161806427,0.1593606048,0.1620357229,308339845,0.0,1.0
18-05-2004,21.51,21.76,21.28,21.36,1703500,0.1644051131,0.1626471784,0.163258634,204419897,0.0,1.0
19-05-2004,21.46,22.3,21.35,21.99,4152300,0.1640229534,0.163182202,0.1680738465,498275750,0.0,1.0
20-05-2004,21.15,21.78,21.04,21.42,3512400,0.1616535631,0.1608128117,0.1637172256,421487789,0.0,1.0
21-05-2004,21.2,21.43,20.91,21.4,2350800,0.1620357229,0.1598191965,0.1635643617,282095858,0.0,1.0
24-05-2004,21.13,21.37,20.88,21.16,2513500,0.1615006992,0.1595899006,0.1617299951,301619849,0.0,1.0
25-05-2004,22.05,22.15,20.79,21.22,5677200,0.1685324382,0.1589020131,0.1621885867,681263659,0.0,1.0
26-05-2004,22.5,22.8,21.92,21.99,4371400,0.1719718757,0.1675388229,0.1680738465,524567737,0.0,1.0
27-05-2004,22.57,23.21,22.54,22.87,4637900,0.1725068993,0.1722776034,0.1747998576,556547721,0.0,1.0
28-05-2004,23.45,23.58,22.67,22.8,5316500,0.1792329104,0.1732712187,0.174264834,637979681,0.0,1.0
01-06-2004,23.43,23.67,23.02,23.11,2653500,0.1790800465,0.1759463368,0.1766342243,318419840,0.0,1.0
02-06-2004,23.25,24.11,23.23,24.1,5365000,0.1777042715,0.1775514076,0.1842009868,643799678,0.0,1.0
03-06-2004,22.13,23.31,22.06,23.26,5840200,0.1691438937,0.1686088701,0.1777807035,700823649,0.0,1.0
04-06-2004,21.91,22.63,21.89,22.58,5413400,0.1674623909,0.167309527,0.1725833312,649607675,0.0,1.0
07-06-2004,22.44,22.69,21.99,22.25,4766300,0.171513284,0.1680738465,0.170061077,571955714,0.0,1.0
08-06-2004,22.04,22.35,21.71,22.3,5125000,0.1684560062,0.165933752,0.1704432368,614999692,0.0,1.0
09-06-2004,21.01,22.2,20.94,22.17,4152800,0.1605835159,0.1600484923,0.1694496215,498335750,0.0,1.0
10-06-2004,20.8,21.39,20.61,21.35,4704300,0.1589784451,0.1575262381,0.163182202,564515717,0.0,1.0
14-06-2004,20.15,20.69,19.99,20.69,3539600,0.1540103687,0.1527874575,0.1581376937,424751787,0.0,1.0
15-06-2004,20.45,20.76,20.26,20.5,3288200,0.156303327,0.15485112,0.1566854867,394583802,0.0,1.0
16-06-2004,20.13,20.52,20.05,20.39,2104800,0.1538575048,0.1532460492,0.1558447353,252575873,0.0,1.0
17-06-2004,19.73,20.49,19.63,20.03,4019800,0.150800227,0.1500359075,0.1530931853,482375758,0.0,1.0
18-06-2004,19.76,20.31,19.5,19.81,4452800,0.1510295228,0.1490422922,0.1514116825,534335732,0.0,1.0
21-06-2004,19.41,20.1,19.28,19.79,2221400,0.1483544047,0.1473607895,0.1512588186,266567866,0.0,1.0
22-06-2004,19.96,20.05,19.39,19.5,3585900,0.1525581617,0.1482015409,0.1490422922,430307784,0.0,1.0
23-06-2004,20.3,20.38,19.85,19.9,2205500,0.1551568478,0.1517174103,0.15209957,264659867,0.0,1.0
24-06-2004,20.12,20.91,19.97,20.84,4922100,0.1537810728,0.1526345936,0.1592841728,590651704,0.0,1.0
25-06-2004,20.25,20.49,20.02,20.23,2742700,0.1547746881,0.1530167534,0.1546218242,329123835,0.0,1.0
28-06-2004,20.08,20.61,20.0,20.54,2494800,0.153475345,0.1528638895,0.1569912145,299375850,0.0,1.0
29-06-2004,20.77,20.8,20.12,20.2,3032100,0.1587491492,0.1537810728,0.1543925284,363851818,0.0,1.0
30-06-2004,20.47,20.79,20.22,20.68,2743900,0.1564561909,0.1545453923,0.1580612617,329267835,0.0,1.0
01-07-2004,19.53,20.73,19.5,20.7,4213500,0.1492715881,0.1490422922,0.1582141256,505619747,0.0,1.0
02-07-2004,19.26,19.75,19.11,19.729,2457900,0.1472079256,0.1460614464,0.1507925838,294947852,0.0,1.0
06-07-2004,18.13,19.23,17.92,19.03,4794900,0.1385711158,0.136966045,0.1454499908,575387712,0.0,1.0
07-07-2004,18.22,18.74,18.13,18.36,2867800,0.1392590033,0.1385711158,0.1403290505,344135827,0.0,1.0
08-07-2004,17.66,18.35,17.63,18.05,3583800,0.1349788144,0.1347495186,0.1379596603,430055784,0.0,1.0
09-07-2004,16.9,17.66,16.57,17.65,9287500,0.1291699866,0.1266477324,0.1349023825,1114499442,0.0,1.0
12-07-2004,16.51,16.9,16.29,16.43,5633700,0.1261891408,0.124507638,0.1255776852,676043661,0.0,1.0
13-07-2004,16.48,17.0,16.3,16.71,4725900,0.1259598449,0.1245840699,0.1277177797,567107716,0.0,1.0
14-07-2004,15.75,16.34,15.43,15.9,7513400,0.120380313,0.1179344907,0.1215267921,901607549,0.0,1.0
15-07-2004,15.64,16.08,15.54,15.91,5094600,0.1195395616,0.1187752421,0.1216032241,611351694,0.0,1.0
16-07-2004,15.18,16.14,15.18,16.1,3872500,0.1160236921,0.1160236921,0.123055431,464699767,0.0,1.0
19-07-2004,15.35,15.52,15.01,15.4,3842400,0.1173230352,0.1147243491,0.1177051949,461087769,0.0,1.0
20-07-2004,15.66,15.72,15.19,15.34,2846200,0.1196924255,0.1161001241,0.1172466032,341543829,0.0,1.0
21-07-2004,14.71,15.92,14.66,15.9,5111800,0.1124313907,0.112049231,0.1215267921,613415693,0.0,1.0
22-07-2004,15.02,15.1,14.4,14.79,4345500,0.114800781,0.1100620004,0.1130428463,521459739,0.0,1.0
23-07-2004,14.62,15.14,14.52,15.12,3095800,0.1117435032,0.1109791838,0.1155651004,371495814,0.0,1.0
26-07-2004,14.21,14.94,14.07,14.8,4193400,0.1086097935,0.1075397463,0.1131192782,503207748,0.0,1.0
27-07-2004,14.68,14.72,13.84,14.06,6582400,0.1122020949,0.1057818115,0.1074633143,789887605,0.0,1.0
28-07-2004,14.31,14.7,13.9,14.65,4209300,0.1093741129,0.1062404032,0.111972799,505115747,0.0,1.0
29-07-2004,15.25,15.62,14.44,14.44,6228000,0.1165587157,0.1103677282,0.1103677282,747359626,0.0,1.0
30-07-2004,15.42,15.7,15.03,15.06,3366300,0.1178580588,0.1148772129,0.1151065088,403955798,0.0,1.0
02-08-2004,15.62,15.68,15.17,15.43,3508200,0.1193866977,0.1159472602,0.1179344907,420983789,0.0,1.0
03-08-2004,14.81,15.7,14.69,15.69,6179500,0.1131957102,0.1122785268,0.1199217213,741539629,0.0,1.0
04-08-2004,14.97,15.11,14.63,14.8,4231800,0.1144186213,0.1118199352,0.1131192782,507815746,0.0,1.0
05-08-2004,14.56,15.2,14.3,15.05,7166000,0.1112849115,0.109297681,0.1150300768,859919570,0.0,1.0
06-08-2004,9.43,10.2,9.3,10.1,42434000,0.0720753239,0.0710817086,0.0771962642,5092077453,0.0,1.0
09-08-2004,9.85,10.07,9.51,9.7,13160100,0.0752854656,0.0726867794,0.0741389864,1579211210,0.0,1.0
10-08-2004,10.63,10.73,10.23,10.44,17099300,0.0812471573,0.0781898795,0.0797949503,2051914974,0.0,1.0
11-08-2004,10.32,10.49,10.25,10.42,8031800,0.078877767,0.0783427434,0.0796420864,963815518,0.0,1.0
12-08-2004,10.08,10.38,10.06,10.35,5453200,0.0770434003,0.0768905364,0.0791070628,654383672,0.0,1.0
13-08-2004,10.5,10.57,10.23,10.3,6797500,0.080253542,0.0781898795,0.0787249031,815699592,0.0,1.0
16-08-2004,10.4,10.66,10.32,10.38,4431100,0.0794892225,0.078877767,0.0793363586,531731734,0.0,1.0
17-08-2004,10.97,11.03,10.53,10.63,6207600,0.0838458434,0.0804828378,0.0812471573,744911627,0.0,1.0
18-08-2004,11.7,11.7,10.93,11.02,7270200,0.0894253753,0.0835401156,0.0842280031,872423563,0.0,1.0
19-08-2004,11.66,11.84,11.48,11.58,6036700,0.0891196476,0.0877438726,0.088508192,724403637,0.0,1.0
20-08-2004,12.35,12.52,11.56,11.6,9992000,0.0943934518,0.0883553281,0.0886610559,1199039400,0.0,1.0
23-08-2004,12.62,12.75,12.48,12.62,6666900,0.0964571143,0.095387067,0.0964571143,800027599,0.0,1.0
24-08-2004,12.15,12.86,11.91,12.86,7828500,0.0928648129,0.0910304462,0.0982914809,939419530,0.0,1.0
25-08-2004,12.67,12.76,12.19,12.42,6010900,0.096839274,0.0931705406,0.0949284754,721307639,0.0,1.0
26-08-2004,12.7,12.78,12.55,12.63,5106000,0.0970685698,0.0959220907,0.0965335462,612719693,0.0,1.0
27-08-2004,12.94,13.12,12.7,12.71,4709400,0.0989029365,0.0970685698,0.0971450018,565127717,0.0,1.0
30-08-2004,12.51,12.96,12.499,12.92,5233800,0.0956163629,0.0955322877,0.0987500726,628055685,0.0,1.0
31-08-2004,12.46,12.62,12.07,12.56,4892200,0.0952342031,0.0922533573,0.0959985226,587063706,0.0,1.0
01-09-2004,12.7,12.88,12.14,12.3,4931200,0.0970685698,0.0927883809,0.094011292,591743704,0.0,1.0
02-09-2004,13.22,13.32,12.64,12.769,6417400,0.1010430309,0.0966099782,0.0975959502,770087614,0.0,1.0
03-09-2004,12.82,13.08,12.71,12.82,5958800,0.0979857532,0.0971450018,0.0979857532,715055642,0.0,1.0
07-09-2004,12.58,13.17,12.41,12.91,6061100,0.0961513865,0.0948520434,0.0986736407,727331636,0.0,1.0
08-09-2004,12.32,12.7,12.29,12.58,6958200,0.0941641559,0.0939348601,0.0961513865,834983582,0.0,1.0
09-09-2004,13.55,13.77,12.56,12.62,10827700,0.1035652851,0.0959985226,0.0964571143,1299323350,0.0,1.0
10-09-2004,14.07,14.14,13.28,13.32,8661200,0.1075397463,0.1015016226,0.1018073504,1039343480,0.0,1.0
13-09-2004,14.34,14.62,14.03,14.05,8064600,0.1096034088,0.1072340185,0.1073868824,967751516,0.0,1.0
14-09-2004,14.4,14.5,14.1,14.21,5696300,0.1100620004,0.1077690421,0.1086097935,683555658,0.0,1.0
15-09-2004,13.6,14.0,13.42,13.97,9699200,0.1039474448,0.1025716698,0.1067754268,1163903418,0.0,1.0
16-09-2004,14.11,14.25,13.78,13.83,6750200,0.107845474,0.1053232199,0.1057053796,810023594,0.0,1.0
17-09-2004,14.69,14.7657,14.1,14.22,8365000,0.1122785268,0.1077690421,0.1086862254,1003799498,0.0,1.0
20-09-2004,14.67,15.09,14.22,14.4,6621900,0.1121256629,0.1086862254,0.1100620004,794627602,0.0,1.0
21-09-2004,15.06,15.18,14.82,15.0,4199200,0.1151065088,0.1132721421,0.1146479171,503903748,0.0,1.0
22-09-2004,14.36,15.02,14.29,14.68,5216000,0.1097562726,0.109221249,0.1122020949,625919687,0.0,1.0
23-09-2004,14.49,14.57,14.11,14.53,4822200,0.1107498879,0.107845474,0.1110556157,578663710,0.0,1.0
24-09-2004,14.05,14.57,13.84,14.551,3969300,0.1073868824,0.1057818115,0.1112161228,476315761,0.0,1.0
27-09-2004,13.8,14.1,13.55,13.94,3383500,0.1054760837,0.1035652851,0.106546131,406019796,0.0,1.0
28-09-2004,14.0,14.12,13.58,13.71,3957000,0.1070047226,0.103794581,0.1047881962,474839762,0.0,1.0
29-09-2004,14.34,14.74,13.81,13.99,4476900,0.1096034088,0.1055525157,0.1069282907,537227731,0.0,1.0
30-09-2004,14.52,14.85,14.23,14.5,5164000,0.1109791838,0.1087626574,0.1108263199,619679690,0.0,1.0
01-10-2004,15.12,15.2,14.52,14.59,4920100,0.1155651004,0.1109791838,0.1115142074,590411704,0.0,1.0
04-10-2004,15.55,15.75,15.22,15.3,5616100,0.1188516741,0.1163294199,0.1169408755,673931663,0.0,1.0
05-10-2004,15.2,15.57,15.06,15.29,5276500,0.116176556,0.1151065088,0.1168644435,633179683,0.0,1.0
06-10-2004,15.26,15.33,14.82,15.17,4154200,0.1166351477,0.1132721421,0.1159472602,498503750,0.0,1.0
07-10-2004,15.35,15.89,15.27,15.54,6650600,0.1173230352,0.1167115796,0.1187752421,798071600,0.0,1.0
08-10-2004,14.51,15.25,14.38,15.19,5778500,0.1109027518,0.1099091365,0.1161001241,693419653,0.0,1.0
11-10-2004,14.53,14.82,14.27,14.53,3115400,0.1110556157,0.1090683851,0.1110556157,373847813,0.0,1.0
12-10-2004,14.32,14.43,13.81,14.04,6893600,0.1094505449,0.1055525157,0.1073104504,827231586,0.0,1.0
13-10-2004,14.23,14.94,14.11,14.75,5606800,0.1087626574,0.107845474,0.1127371185,672815663,0.0,1.0
14-10-2004,13.8,14.36,13.7,14.2,4277200,0.1054760837,0.1047117643,0.1085333615,513263743,0.0,1.0
15-10-2004,13.42,13.85,13.08,13.83,10670700,0.1025716698,0.0999729837,0.1057053796,1280483359,0.0,1.0
18-10-2004,13.66,13.8,13.23,13.34,4783100,0.1044060365,0.1011194629,0.1019602143,573971713,0.0,1.0
19-10-2004,13.57,14.11,13.47,13.97,5154000,0.103718149,0.1029538296,0.1067754268,618479690,0.0,1.0
20-10-2004,13.73,13.79,13.45,13.53,4501700,0.1049410601,0.1028009657,0.1034124212,540203729,0.0,1.0
21-10-2004,14.04,14.22,13.76,13.82,8449700,0.1073104504,0.105170356,0.1056289476,1013963493,0.0,1.0
22-10-2004,13.28,14.2,13.24,14.17,5720500,0.1015016226,0.1011958948,0.1083040657,686459656,0.0,1.0
25-10-2004,13.34,13.63,13.14,13.19,4409700,0.1019602143,0.1004315754,0.1008137351,529163735,0.0,1.0
26-10-2004,14.49,15.19,14.17,14.66,20464800,0.1107498879,0.1083040657,0.112049231,2455774772,0.0,1.0
27-10-2004,14.89,15.16,14.23,14.4,8950300,0.1138071657,0.1087626574,0.1100620004,1074035462,0.0,1.0
28-10-2004,14.73,15.0,14.59,14.72,4679600,0.1125842546,0.1115142074,0.1125078227,561551719,0.0,1.0
29-10-2004,14.47,14.79,14.34,14.59,6190500,0.110597024,0.1096034088,0.1115142074,742859628,0.0,1.0
01-11-2004,14.78,14.79,14.48,14.66,5449100,0.1129664143,0.110673456,0.112049231,653891673,0.0,1.0
02-11-2004,14.99,15.3,14.62,14.69,9131300,0.1145714852,0.1117435032,0.1122785268,1095755452,0.0,1.0
03-11-2004,15.13,15.65,15.05,15.56,7586300,0.1156415324,0.1150300768,0.118928106,910355544,0.0,1.0
04-11-2004,15.41,15.6,14.92,15.11,8296200,0.1177816268,0.1140364616,0.1154886685,995543502,0.0,1.0
05-11-2004,17.64,18.77,17.44,17.72,32075100,0.1348259505,0.1332973116,0.1354374061,3849010075,0.0,1.0
08-11-2004,17.83,18.07,17.37,17.4467,5988500,0.1362781575,0.132762288,0.133348521,718619640,0.0,1.0
09-11-2004,17.72,17.98,17.55,17.56,5132800,0.1354374061,0.134138063,0.134214495,615935692,0.0,1.0
10-11-2004,17.72,17.89,17.62,17.7,5382600,0.1354374061,0.1346730866,0.1352845422,645911677,0.0,1.0
11-11-2004,18.07,18.07,17.71,17.83,4225000,0.1381125241,0.1353609741,0.1362781575,506999746,0.0,1.0
12-11-2004,18.1,18.4,17.92,18.35,5392300,0.13834182,0.136966045,0.1402526186,647075676,0.0,1.0
15-11-2004,18.37,18.5,17.81,17.92,4470600,0.1404054825,0.1361252936,0.136966045,536471731,0.0,1.0
16-11-2004,18.31,18.63,17.97,18.43,3939400,0.1399468908,0.1373482047,0.1408640742,472727763,0.0,1.0
17-11-2004,18.62,19.108,18.42,18.53,5023100,0.1423162811,0.1407876422,0.1416283936,602771698,0.0,1.0
18-11-2004,18.86,19.02,18.39,18.77,4437700,0.1441506478,0.1405583464,0.1434627603,532523733,0.0,1.0
19-11-2004,18.96,20.53,18.81,20.3,17717100,0.1449149672,0.1437684881,0.1551568478,2126050936,0.0,1.0
22-11-2004,19.5,19.5,18.85,19.0,6114900,0.1490422922,0.1440742158,0.145220695,733787633,0.0,1.0
23-11-2004,19.58,19.79,19.18,19.34,5640800,0.1496537478,0.14659647,0.1478193811,676895661,0.0,1.0
24-11-2004,19.66,19.98,19.51,19.56,3571500,0.1502652034,0.1491187242,0.1495008839,428579785,0.0,1.0
26-11-2004,19.86,20.04,19.58,19.75,2923000,0.1517938423,0.1496537478,0.1509530909,350759824,0.0,1.0
29-11-2004,19.47,20.15,19.3,20.01,5869900,0.1488129964,0.1475136534,0.1529403214,704387647,0.0,1.0
30-11-2004,19.13,19.57,19.02,19.55,4804500,0.1462143103,0.1453735589,0.149424452,576539711,0.0,1.0
01-12-2004,19.61,19.61,19.16,19.28,4288100,0.1498830436,0.1464436061,0.1473607895,514571742,0.0,1.0
02-12-2004,19.87,20.02,19.27,19.42,6322100,0.1518702742,0.1472843575,0.1484308367,758651620,0.0,1.0
03-12-2004,20.73,21.0,20.28,20.35,11227600,0.1584434214,0.1550039839,0.1555390075,1347311326,0.0,1.0
06-12-2004,21.72,21.89,20.46,20.85,8087500,0.166010184,0.1563797589,0.1593606048,970499514,0.0,1.0
07-12-2004,22.81,24.96,22.54,22.99,24392100,0.174341266,0.1722776034,0.175717041,2927050536,0.0,1.0
08-12-2004,23.08,23.5,22.9,23.16,7272700,0.1764049285,0.1750291535,0.177016384,872723563,0.0,1.0
09-12-2004,22.87,23.11,22.23,22.61,7249700,0.1747998576,0.1699082132,0.1728126271,869963565,0.0,1.0
10-12-2004,23.31,23.56,23.17,23.4,5440400,0.1781628632,0.177092816,0.1788507507,652847673,0.0,1.0
13-12-2004,22.67,23.26,22.56,22.96,6150200,0.1732712187,0.1724304673,0.1754877451,738023630,0.0,1.0
14-12-2004,23.13,23.15,22.65,22.69,4274900,0.1767870882,0.1731183548,0.1734240826,512987743,0.0,1.0
15-12-2004,23.34,23.41,23.0,23.355,3606400,0.178392159,0.1757934729,0.1785068069,432767783,0.0,1.0
16-12-2004,23.65,24.86,23.61,24.09,12700300,0.1807615493,0.1804558215,0.1841245549,1524035237,0.0,1.0
17-12-2004,23.059,24.19,22.79,24.09,10118700,0.1762444214,0.1741884021,0.1841245549,1214243392,0.0,1.0
20-12-2004,22.81,23.69,22.69,23.33,7489400,0.174341266,0.1734240826,0.1783157271,898727550,0.0,1.0
21-12-2004,22.98,23.14,22.25,22.81,7495000,0.175640609,0.170061077,0.174341266,899399550,0.0,1.0
22-12-2004,23.01,23.55,22.96,23.44,3515200,0.1758699049,0.1754877451,0.1791564785,421823789,0.0,1.0
23-12-2004,23.07,23.33,22.77,22.88,3058100,0.1763284965,0.1740355382,0.1748762896,366971816,0.0,1.0
27-12-2004,22.87,23.49,22.75,23.39,2568400,0.1747998576,0.1738826743,0.1787743188,308207845,0.0,1.0
28-12-2004,22.75,23.1,22.66,22.92,2430100,0.1738826743,0.1731947868,0.1751820173,291611854,0.0,1.0
29-12-2004,22.95,23.23,22.62,22.68,2456100,0.1754113132,0.172889059,0.1733476507,294731852,0.0,1.0
30-12-2004,22.86,23.15,22.76,22.96,2165100,0.1747234257,0.1739591062,0.1754877451,259811870,0.0,1.0
31-12-2004,23.56,23.68,23.1,23.19,4799700,0.1800736618,0.1765577924,0.1772456799,575963712,0.0,1.0
03-01-2005,23.58,24.72,23.48,24.38,8889300,0.1802265257,0.1794622063,0.1863410813,1066715466,0.0,1.0
04-01-2005,22.47,23.79,22.11,23.75,6585200,0.1717425798,0.1689910298,0.1815258688,790223604,0.0,1.0
05-01-2005,22.68,22.95,22.11,22.23,6040100,0.1733476507,0.1689910298,0.1699082132,724811637,0.0,1.0
06-01-2005,22.46,23.35,22.3,23.08,4696400,0.1716661479,0.1704432368,0.1764049285,563567718,0.0,1.0
07-01-2005,22.03,22.68,21.7,22.51,6359100,0.1683795743,0.1658573201,0.1720483076,763091618,0.0,1.0
10-01-2005,22.08,22.3,21.95,22.05,4829600,0.168761734,0.1677681187,0.1685324382,579551710,0.0,1.0
11-01-2005,21.4,21.99,21.07,21.87,9111500,0.1635643617,0.1610421076,0.1671566631,1093379453,0.0,1.0
12-01-2005,21.22,21.67,20.7,21.61,8815000,0.1621885867,0.1582141256,0.1651694326,1057799471,0.0,1.0
13-01-2005,21.44,22.0,20.8,21.27,7489700,0.1638700895,0.1589784451,0.1625707465,898763550,0.0,1.0
14-01-2005,21.51,21.89,21.3,21.84,4782600,0.1644051131,0.1628000423,0.1669273673,573911713,0.0,1.0
18-01-2005,21.85,21.9,21.22,21.27,3871300,0.1670037993,0.1621885867,0.1625707465,464555767,0.0,1.0
19-01-2005,21.35,22.0,21.26,21.95,2804100,0.163182202,0.1624943145,0.1677681187,336491831,0.0,1.0
20-01-2005,21.4,21.92,20.92,20.92,5334000,0.1635643617,0.1598956284,0.1598956284,640079679,0.0,1.0
21-01-2005,21.44,21.86,21.36,21.43,4969600,0.1638700895,0.163258634,0.1637936576,596351701,0.0,1.0
24-01-2005,20.58,21.63,20.46,21.38,3864200,0.1572969423,0.1563797589,0.1634114979,463703768,0.0,1.0
25-01-2005,20.94,21.23,20.55,20.69,3664200,0.1600484923,0.1570676464,0.1581376937,439703780,0.0,1.0
26-01-2005,21.21,21.5,20.66,21.0,3576000,0.1621121548,0.1579083978,0.160507084,429119785,0.0,1.0
27-01-2005,22.91,23.01,21.12,21.25,8357600,0.1751055854,0.1614242673,0.1624178826,1002911498,0.0,1.0
28-01-2005,22.88,23.09,22.38,23.0,5592100,0.1748762896,0.1710546923,0.1757934729,671051664,0.0,1.0
31-01-2005,22.92,23.35,22.6,23.07,4691400,0.1751820173,0.1727361951,0.1763284965,562967718,0.0,1.0
01-02-2005,23.35,23.45,22.76,22.9,4226500,0.178468591,0.1739591062,0.1750291535,507179746,0.0,1.0
02-02-2005,24.65,24.84,23.58,24.27,16961700,0.1884047438,0.1802265257,0.1855003299,2035402982,0.0,1.0
03-02-2005,24.39,24.56,24.05,24.39,5751000,0.1864175132,0.1838188271,0.1864175132,690119654,0.0,1.0
04-02-2005,25.79,25.86,24.39,24.4,6720400,0.1971179855,0.1864175132,0.1864939452,806447596,0.0,1.0
07-02-2005,25.48,26.3,25.25,25.77,4346900,0.1947485952,0.1929906605,0.1969651216,521627739,0.0,1.0
08-02-2005,25.73,26.14,25.24,25.32,3798100,0.1966593938,0.1929142285,0.1935256841,455771772,0.0,1.0
09-02-2005,24.83,25.88,24.7,25.8,6531300,0.1897805188,0.1887869035,0.1971944174,783755608,0.0,1.0
10-02-2005,25.41,25.54,24.87,24.96,5019800,0.1942135716,0.1900862466,0.1907741341,602375698,0.0,1.0
11-02-2005,26.15,26.34,25.16,25.25,4637600,0.1998695355,0.192302773,0.1929906605,556511721,0.0,1.0
14-02-2005,25.6,26.24,25.5,25.72,3607500,0.1956657785,0.1949014591,0.1965829619,432899783,0.0,1.0
15-02-2005,25.83,26.65,25.73,25.77,6237500,0.1974237133,0.1966593938,0.1969651216,748499625,0.0,1.0
16-02-2005,25.74,26.12,25.28,25.75,3887200,0.1967358258,0.1932199563,0.1968122577,466463766,0.0,1.0
17-02-2005,25.51,26.1,25.31,26.09,8478400,0.194977891,0.1934492521,0.1994109438,1017407491,0.0,1.0
18-02-2005,28.27,28.3,26.71,27.47,26101000,0.2160731078,0.2041497244,0.2099585522,3132118433,0.0,1.0
22-02-2005,28.63,29.29,27.83,28.08,11840000,0.2188246578,0.2127101022,0.2146209008,1420799289,0.0,1.0
23-02-2005,27.699,28.52,27.24,28.17,9232000,0.2117088437,0.2082006175,0.2153087883,1107839446,0.0,1.0
24-02-2005,28.43,28.47,27.32,27.32,5795800,0.2172960189,0.208812073,0.208812073,695495652,0.0,1.0
25-02-2005,28.84,28.99,28.16,28.47,4376100,0.2204297286,0.2152323564,0.2176017467,525131737,0.0,1.0
28-02-2005,28.99,29.0,28.45,28.7,6317200,0.2215762078,0.2174488828,0.2193596814,758063620,0.0,1.0
01-03-2005,28.92,29.6,28.63,29.12,6142900,0.2210411842,0.2188246578,0.2225698231,737147631,0.0,1.0
02-03-2005,28.07,28.76,27.9,28.6,7895500,0.2145444689,0.2132451258,0.218595362,947459526,0.0,1.0
03-03-2005,27.69,28.18,27.28,28.0,6344100,0.211640055,0.2085063453,0.2140094453,761291619,0.0,1.0
04-03-2005,27.57,28.01,27.34,27.77,4942700,0.2107228717,0.2089649369,0.2122515105,593123703,0.0,1.0
07-03-2005,27.85,28.43,27.5,27.69,4259800,0.2128629661,0.210187848,0.211640055,511175744,0.0,1.0
08-03-2005,26.44,27.84,26.26,27.78,11103200,0.2020860619,0.2007102869,0.2123279425,1332383333,0.0,1.0
09-03-2005,25.75,26.76,25.67,26.27,7584500,0.1968122577,0.1962008022,0.2007867188,910139544,0.0,1.0
10-03-2005,25.74,26.06,25.33,25.83,5744000,0.1967358258,0.193602116,0.1974237133,689279655,0.0,1.0
11-03-2005,25.16,26.01,24.93,25.97,6101500,0.192302773,0.1905448382,0.1984937605,732179633,0.0,1.0
14-03-2005,25.87,25.98,25.5,25.68,4767900,0.197729441,0.1949014591,0.1962772341,572147713,0.0,1.0
15-03-2005,25.35,26.25,25.33,26.0,3150900,0.1937549799,0.193602116,0.1987230563,378107810,0.0,1.0
16-03-2005,24.92,25.6492,24.91,25.25,4461300,0.1904684063,0.1903919744,0.1929906605,535355732,0.0,1.0
17-03-2005,24.67,25.09,24.61,25.0,3688200,0.1885576077,0.188099016,0.1910798619,442583778,0.0,1.0
18-03-2005,24.17,24.77,23.72,24.71,5325100,0.1847360104,0.1812965729,0.1888633355,639011680,0.0,1.0
21-03-2005,25.0,25.06,24.01,24.01,5453800,0.1910798619,0.1835130993,0.1835130993,654455672,0.0,1.0
22-03-2005,24.55,25.25,24.46,25.02,5191600,0.1876404243,0.1869525368,0.1912327257,622991688,0.0,1.0
23-03-2005,25.08,25.25,24.47,24.52,6073200,0.1916913174,0.1870289688,0.1874111285,728783635,0.0,1.0
24-03-2005,25.13,25.83,25.11,25.15,7211300,0.1920734771,0.1919206132,0.192226341,865355567,0.0,1.0
28-03-2005,24.85,25.5,24.61,25.3,4259900,0.1899333827,0.188099016,0.1933728202,511187744,0.0,1.0
29-03-2005,24.3,25.1,24.19,24.82,4895000,0.1857296257,0.1848888743,0.1897040868,587399706,0.0,1.0
30-03-2005,24.3,24.65,23.47,24.31,7155900,0.1857296257,0.1793857743,0.1858060577,858707570,0.0,1.0
31-03-2005,23.76,24.33,23.65,24.16,4319300,0.1816023007,0.1807615493,0.1846595785,518315740,0.0,1.0
01-04-2005,23.53,24.19,23.39,24.05,4256300,0.179844366,0.1787743188,0.1838188271,510755744,0.0,1.0
04-04-2005,23.39,23.47,22.87,23.4,3511900,0.1787743188,0.1747998576,0.1788507507,421427789,0.0,1.0
05-04-2005,22.98,23.89,22.84,23.4,3584400,0.175640609,0.1745705618,0.1788507507,430127784,0.0,1.0
06-04-2005,23.33,23.8,23.25,23.41,4728900,0.1783157271,0.1777042715,0.1789271826,567467716,0.0,1.0
07-04-2005,23.76,24.0,23.05,23.39,4219600,0.1816023007,0.1761756326,0.1787743188,506351746,0.0,1.0
08-04-2005,23.45,24.39,23.4,23.86,5179500,0.1792329104,0.1788507507,0.1823666202,621539689,0.0,1.0
11-04-2005,22.99,23.7,22.92,23.62,2736500,0.175717041,0.1751820173,0.1805322535,328379835,0.0,1.0
12-04-2005,23.27,23.31,22.41,22.92,4268600,0.1778571354,0.1712839882,0.1751820173,512231743,0.0,1.0
13-04-2005,22.3,23.36,22.15,23.3,4153400,0.1704432368,0.1692967576,0.1780864312,498407750,0.0,1.0
14-04-2005,22.12,22.56,22.04,22.35,2934000,0.1690674618,0.1684560062,0.1708253965,352079823,0.0,1.0
15-04-2005,21.35,22.0,21.15,21.84,5251300,0.163182202,0.1616535631,0.1669273673,630155684,0.0,1.0
18-04-2005,21.2,21.68,21.1,21.22,3942500,0.1620357229,0.1612714034,0.1621885867,473099763,0.0,1.0
19-04-2005,21.94,22.1,21.45,21.55,3045500,0.1676916868,0.1639465215,0.1647108409,365459817,0.0,1.0
20-04-2005,21.27,22.45,21.25,22.31,4705600,0.1625707465,0.1624178826,0.1705196687,564671717,0.0,1.0
21-04-2005,22.47,22.53,21.509,21.71,4484600,0.1717425798,0.1643974699,0.165933752,538151730,0.0,1.0
22-04-2005,22.24,22.46,21.98,22.31,2802300,0.1699846451,0.1679974145,0.1705196687,336275831,0.0,1.0
25-04-2005,22.59,22.76,22.32,22.43,2651400,0.1726597632,0.1705961007,0.1714368521,318167840,0.0,1.0
26-04-2005,22.49,23.07,22.03,22.6,2942900,0.1718954437,0.1683795743,0.1727361951,353147823,0.0,1.0
27-04-2005,21.63,21.98,21.18,21.9,5077900,0.1653222965,0.161882859,0.167385959,609347695,0.0,1.0
28-04-2005,21.7,21.99,21.35,21.56,3107900,0.1658573201,0.163182202,0.1647872729,372947813,0.0,1.0
29-04-2005,21.93,22.08,20.92,21.8,3986300,0.1676152548,0.1598956284,0.1666216395,478355760,0.0,1.0
02-05-2005,21.85,22.44,21.52,22.19,2790900,0.1670037993,0.1644815451,0.1696024854,334907832,0.0,1.0
03-05-2005,21.73,22.27,21.64,21.87,3662600,0.1660866159,0.1653987284,0.1671566631,439511780,0.0,1.0
04-05-2005,22.42,22.58,21.76,21.83,3906800,0.1713604201,0.1663159118,0.1668509354,468815765,0.0,1.0
05-05-2005,22.86,23.14,22.43,22.55,5160600,0.1747234257,0.1714368521,0.1723540354,619271690,0.0,1.0
06-05-2005,23.17,23.18,22.6,23.13,2964400,0.177092816,0.1727361951,0.1767870882,355727822,0.0,1.0
09-05-2005,23.6,23.76,23.13,23.27,6211100,0.1803793896,0.1767870882,0.1778571354,745331627,0.0,1.0
10-05-2005,22.68,23.31,22.42,23.3,6126000,0.1733476507,0.1713604201,0.1780864312,735119632,0.0,1.0
11-05-2005,22.3,22.9,22.26,22.8,4628500,0.1704432368,0.170137509,0.174264834,555419722,0.0,1.0
12-05-2005,22.79,23.09,22.28,22.3,6963200,0.1741884021,0.1702903729,0.1704432368,835583582,0.0,1.0
13-05-2005,25.33,25.47,23.8,24.85,22086000,0.193602116,0.1819080285,0.1899333827,2650318674,0.0,1.0
16-05-2005,25.42,25.59,25.02,25.03,5534200,0.1942900035,0.1912327257,0.1913091577,664103667,0.0,1.0
17-05-2005,25.7,25.82,25.25,25.27,5331700,0.196430098,0.1929906605,0.1931435244,639803680,0.0,1.0
18-05-2005,25.89,25.95,25.37,25.64,4583800,0.1978823049,0.1939078438,0.1959715063,550055724,0.0,1.0
19-05-2005,25.84,26.06,25.55,25.95,3774000,0.1975001452,0.1952836188,0.1983408966,452879773,0.0,1.0
20-05-2005,26.3,26.31,25.51,25.81,4308400,0.2010160147,0.194977891,0.1972708494,517007741,0.0,1.0
23-05-2005,26.91,27.18,26.4,26.48,5863900,0.2056783633,0.2017803341,0.2023917897,703667648,0.0,1.0
24-05-2005,27.29,27.39,26.65,26.78,4351600,0.2085827772,0.2036911327,0.204684748,522191738,0.0,1.0
25-05-2005,26.94,27.37,26.681,27.31,4460600,0.2059076591,0.2039280718,0.2087356411,535271732,0.0,1.0
26-05-2005,27.7,27.91,27.13,27.18,6573200,0.2117164869,0.2073598661,0.2077420258,788783605,0.0,1.0
27-05-2005,27.52,27.78,27.23,27.75,2689500,0.2103407119,0.2081241855,0.2120986467,322739838,0.0,1.0
31-05-2005,27.1,27.63,26.65,27.4,6359800,0.2071305702,0.2036911327,0.2094235286,763175618,0.0,1.0
01-06-2005,27.35,27.85,26.6,26.92,6638600,0.2090413689,0.203308973,0.2057547952,796631601,0.0,1.0
02-06-2005,28.37,28.37,27.25,27.25,5702900,0.2168374272,0.2082770494,0.2082770494,684347657,0.0,1.0
03-06-2005,28.3,28.53,28.0,28.27,4663500,0.2163024036,0.2140094453,0.2160731078,559619720,0.0,1.0
06-06-2005,28.03,28.34,27.77,27.79,4274100,0.2142387411,0.2122515105,0.2124043744,512891743,0.0,1.0
07-06-2005,27.35,28.3,27.25,27.84,8117800,0.2090413689,0.2082770494,0.2127865342,974135512,0.0,1.0
08-06-2005,27.16,27.8,26.87,27.47,5156000,0.2075891619,0.2053726355,0.2099585522,618719690,0.0,1.0
09-06-2005,28.3,28.31,26.92,26.95,5165900,0.2163024036,0.2057547952,0.2059840911,619907690,0.0,1.0
10-06-2005,27.98,28.3,27.79,28.27,3875800,0.2138565814,0.2124043744,0.2160731078,465095767,0.0,1.0
13-06-2005,28.6,29.39,27.92,28.0,11749300,0.218595362,0.2133979897,0.2140094453,1409915295,0.0,1.0
14-06-2005,26.91,29.08,26.01,28.57,20070100,0.2056783633,0.1987994883,0.2183660661,2408410795,0.0,1.0
15-06-2005,26.83,26.95,25.77,26.735,13914900,0.2050669077,0.1969651216,0.2043408043,1669787165,0.0,1.0
16-06-2005,26.97,27.15,25.95,26.82,4077000,0.206136955,0.1983408966,0.2049904758,489239755,0.0,1.0
17-06-2005,26.91,27.35,26.844,27.3,3802900,0.2056783633,0.2051739125,0.2086592091,456347771,0.0,1.0
20-06-2005,27.32,27.5,26.47,26.91,5050500,0.208812073,0.2023153577,0.2056783633,606059696,0.0,1.0
21-06-2005,27.58,27.71,27.24,27.5,3568100,0.2107993036,0.2082006175,0.210187848,428171785,0.0,1.0
22-06-2005,27.55,28.06,27.21,27.87,5838900,0.2105700078,0.2079713216,0.21301583,700667649,0.0,1.0
23-06-2005,27.98,28.32,27.4,27.5,6974800,0.2138565814,0.2094235286,0.210187848,836975581,0.0,1.0
24-06-2005,27.09,27.94,26.94,27.93,3963600,0.2070541383,0.2059076591,0.2134744217,475631762,0.0,1.0
27-06-2005,26.87,27.14,26.63,26.92,2954900,0.2053726355,0.2035382688,0.2057547952,354587822,0.0,1.0
28-06-2005,27.04,27.22,26.68,26.975,2185900,0.2066719786,0.2039204286,0.2061751709,262307868,0.0,1.0
29-06-2005,26.79,27.1,26.57,27.03,2363100,0.20476118,0.2030796772,0.2065955466,283571858,0.0,1.0
30-06-2005,26.72,27.22,26.51,26.97,4943600,0.2042261563,0.2026210855,0.206136955,593231703,0.0,1.0
01-07-2005,26.84,26.88,26.2999,26.63,2626400,0.2051433397,0.2010152504,0.2035382688,315167842,0.0,1.0
05-07-2005,27.26,27.37,26.68,26.86,3237000,0.2083534814,0.2039204286,0.2052962036,388439805,0.0,1.0
06-07-2005,27.99,28.11,27.04,27.35,5863600,0.2139330133,0.2066719786,0.2090413689,703631648,0.0,1.0
07-07-2005,27.79,28.0,27.46,27.55,3882500,0.2124043744,0.2098821203,0.2105700078,465899767,0.0,1.0
08-07-2005,28.14,28.23,27.6,27.96,3401100,0.2150794925,0.2109521675,0.2137037175,408131795,0.0,1.0
11-07-2005,28.56,28.85,28.27,28.39,3329100,0.2182896342,0.2160731078,0.2169902911,399491800,0.0,1.0
12-07-2005,28.4,28.62,27.82,28.54,4702100,0.2170667231,0.2126336703,0.2181367703,564251717,0.0,1.0
13-07-2005,28.44,28.6,27.96,28.57,4956500,0.2173724508,0.2137037175,0.2183660661,594779702,0.0,1.0
14-07-2005,27.18,29.3,27.14,28.74,15595800,0.2077420258,0.207436298,0.2196654092,1871495064,0.0,1.0
15-07-2005,26.89,27.18,26.42,27.095,10194600,0.2055254994,0.201933198,0.2070923543,1223351388,0.0,1.0
18-07-2005,26.22,26.82,25.95,26.81,8707500,0.2004045591,0.1983408966,0.2049140439,1044899477,0.0,1.0
19-07-2005,26.58,26.64,26.18,26.38,4315800,0.2031561091,0.2000988313,0.2016274702,517895741,0.0,1.0
20-07-2005,26.98,27.09,25.91,26.27,4387500,0.2062133869,0.1980351688,0.2007867188,526499736,0.0,1.0
21-07-2005,26.52,26.75,25.97,26.63,4954400,0.2026975175,0.1984937605,0.2035382688,594527702,0.0,1.0
22-07-2005,25.83,27.03,25.64,26.65,5827200,0.1974237133,0.1959715063,0.2036911327,699263650,0.0,1.0
25-07-2005,25.98,26.78,25.42,25.53,8124600,0.1985701924,0.1942900035,0.1951307549,974951512,0.0,1.0
26-07-2005,26.52,26.56,25.77,25.87,6329100,0.2026975175,0.1969651216,0.197729441,759491620,0.0,1.0
27-07-2005,27.06,27.18,26.11,26.56,6731900,0.2068248425,0.1995638077,0.2030032452,807827596,0.0,1.0
28-07-2005,27.27,27.4,26.64,27.01,3427000,0.2084299133,0.2036147008,0.2064426827,411239794,0.0,1.0
29-07-2005,27.06,27.45,26.84,27.16,2930500,0.2068248425,0.2051433397,0.2075891619,351659824,0.0,1.0
01-08-2005,27.47,27.59,27.04,27.22,3242000,0.2099585522,0.2066719786,0.2080477536,389039805,0.0,1.0
02-08-2005,27.84,27.93,27.46,27.5,3522100,0.2127865342,0.2098821203,0.210187848,422651788,0.0,1.0
03-08-2005,27.84,28.1,27.59,27.725,4318800,0.2127865342,0.2108757355,0.2119075668,518255740,0.0,1.0
04-08-2005,27.55,27.75,27.49,27.63,2970200,0.2105700078,0.2101114161,0.2111814633,356423821,0.0,1.0
05-08-2005,28.25,28.31,27.32,27.43,5700800,0.2159202439,0.208812073,0.2096528244,684095657,0.0,1.0
08-08-2005,28.35,28.971,28.15,28.44,6046200,0.2166845633,0.2151559244,0.2173724508,725543637,0.0,1.0
09-08-2005,28.28,28.46,27.97,28.39,2432500,0.2161495397,0.2137801494,0.2169902911,291899854,0.0,1.0
10-08-2005,27.86,28.54,27.57,28.5,3671300,0.212939398,0.2107228717,0.2178310425,440555779,0.0,1.0
11-08-2005,28.25,28.3,27.59,27.86,5846300,0.2159202439,0.2108757355,0.212939398,701555649,0.0,1.0
12-08-2005,29.95,30.21,28.89,29.91,19128500,0.2289136745,0.2208118884,0.2286079467,2295418852,0.0,1.0
15-08-2005,30.71,31.02,29.67,30.05,7356700,0.2347225023,0.22677358,0.2296779939,882803558,0.0,1.0
16-08-2005,30.19,30.69,29.97,30.42,5312400,0.2307480412,0.2290665384,0.2325059759,637487681,0.0,1.0
17-08-2005,30.19,30.56,30.04,30.06,5063100,0.2307480412,0.229601562,0.2297544259,607571696,0.0,1.0
18-08-2005,29.41,30.11,29.28,29.96,6856100,0.2247863495,0.2237927342,0.2289901064,822731588,0.0,1.0
19-08-2005,29.2,29.55,29.11,29.46,3518600,0.2231812786,0.2224933911,0.2251685092,422231788,0.0,1.0
22-08-2005,28.96,29.62,28.62,29.15,4560200,0.221346912,0.2187482259,0.2227991189,547223726,0.0,1.0
23-08-2005,29.15,29.3,28.83,28.93,2120500,0.2227991189,0.2203532967,0.2211176161,254459872,0.0,1.0
24-08-2005,29.17,29.79,28.82,28.96,4288500,0.2229519828,0.2202768647,0.221346912,514619742,0.0,1.0
25-08-2005,29.37,29.53,29.05,29.3,2470700,0.2244806217,0.2220347995,0.2239455981,296483851,0.0,1.0
26-08-2005,28.92,29.4,28.64,29.4,2695300,0.2210411842,0.2189010897,0.2247099175,323435838,0.0,1.0
29-08-2005,28.97,29.0,28.42,28.65,2861600,0.2214233439,0.217219587,0.2189775217,343391828,0.0,1.0
30-08-2005,30.01,30.08,28.88,28.92,7907100,0.2293722662,0.2207354564,0.2210411842,948851525,0.0,1.0
31-08-2005,30.68,31.06,29.85,29.94,7556700,0.2344932065,0.2281493551,0.2288372426,906803546,0.0,1.0
01-09-2005,30.69,30.97,30.43,30.59,4640700,0.2345696384,0.2325824078,0.233805319,556883721,0.0,1.0
02-09-2005,30.19,30.75,30.09,30.749,3915000,0.2307480412,0.2299837217,0.2350205869,469799765,0.0,1.0
06-09-2005,30.44,30.6,29.84,30.3,3525800,0.2326588398,0.2280729231,0.2315887926,423095788,0.0,1.0
07-09-2005,31.41,31.49,30.32,30.4,4900100,0.2400727384,0.2317416565,0.232353112,588011705,0.0,1.0
08-09-2005,31.78,32.17,31.22,31.22,5384300,0.2429007204,0.2386205315,0.2386205315,646115676,0.0,1.0
09-09-2005,32.19,32.26,31.6,32.12,3785300,0.2460344301,0.2415249454,0.2454994065,454235772,0.0,1.0
12-09-2005,32.08,32.32,31.7,32.22,4638200,0.2451936787,0.2422892648,0.246263726,556583721,0.0,1.0
13-09-2005,33.05,33.21,31.93,31.93,7122700,0.2526075774,0.2440471996,0.2440471996,854723572,0.0,1.0
14-09-2005,32.65,33.24,32.5,32.8,4195400,0.2495502996,0.2484038204,0.2506967788,503447748,0.0,1.0
15-09-2005,33.23,33.6,32.95,33.15,6331300,0.2539833524,0.2518432579,0.2533718968,759755620,0.0,1.0
16-09-2005,33.25,33.69,32.98,33.51,4331900,0.2541362163,0.2520725538,0.2561234468,519827740,0.0,1.0
19-09-2005,32.78,33.32,32.6,33.21,3569300,0.2505439149,0.2491681399,0.2538304885,428315785,0.0,1.0
20-09-2005,33.42,33.79,32.985,33.0293,4351600,0.2554355593,0.2521107697,0.2524493632,522191738,0.0,1.0
21-09-2005,33.13,33.95,32.84,33.29,5213800,0.2532190329,0.2510025065,0.254441944,625655687,0.0,1.0
22-09-2005,32.24,33.21,31.65,33.21,6159600,0.2464165898,0.2419071051,0.2538304885,739151630,0.0,1.0
23-09-2005,32.71,32.99,31.9,32.17,2622000,0.2500088912,0.2438179037,0.2458815662,314639842,0.0,1.0
26-09-2005,32.98,33.21,32.37,32.96,3389800,0.2520725538,0.2474102051,0.2519196899,406775796,0.0,1.0
27-09-2005,33.09,33.414,32.84,33.12,3368000,0.2529133051,0.2510025065,0.253142601,404159797,0.0,1.0
28-09-2005,33.29,33.38,32.81,33.19,2946300,0.254441944,0.2507732107,0.2536776246,353555823,0.0,1.0
29-09-2005,33.98,34.0,33.03,33.3,4278100,0.2597157482,0.2524547135,0.254518376,513371743,0.0,1.0
30-09-2005,34.28,34.59,33.93,34.0,3823600,0.2620087066,0.2593335885,0.2598686121,458831770,0.0,1.0
03-10-2005,35.22,35.47,34.4,34.47,4582400,0.2691933094,0.2629258899,0.2634609135,549887725,0.0,1.0
04-10-2005,34.76,35.95,34.68,35.12,4287300,0.2656774399,0.2650659844,0.2684289899,514475742,0.0,1.0
05-10-2005,33.61,34.8,33.4,34.8,4993200,0.2568877663,0.2552826954,0.2659831677,599183700,0.0,1.0
06-10-2005,33.49,34.09,32.48,33.57,5712600,0.2559705829,0.2482509565,0.2565820385,685511657,0.0,1.0
07-10-2005,33.06,33.8855,32.8,33.55,4599600,0.2526840093,0.2506967788,0.2564291746,551951724,0.0,1.0
10-10-2005,32.22,33.29,32.21,33.23,3826800,0.246263726,0.246187294,0.2539833524,459215770,0.0,1.0
11-10-2005,31.82,32.62,31.45,32.34,4500400,0.2432064482,0.2403784662,0.2471809093,540047729,0.0,1.0
12-10-2005,32.2,32.69,31.69,31.73,5480500,0.2461108621,0.2422128329,0.2425185607,657659671,0.0,1.0
13-10-2005,32.03,32.18,30.8,32.13,4244200,0.244811519,0.2354103898,0.2455758385,509303745,0.0,1.0
14-10-2005,32.03,32.66,31.5,32.26,2593800,0.244811519,0.2407606259,0.2465694537,311255844,0.0,1.0
17-10-2005,32.34,32.66,32.05,32.05,2032600,0.2471809093,0.2449643829,0.2449643829,243911878,0.0,1.0
18-10-2005,31.81,32.52,31.6,32.46,2498600,0.2431300162,0.2415249454,0.2480980926,299831850,0.0,1.0
19-10-2005,31.54,31.59,30.51,31.4,5299600,0.2410663537,0.2331938634,0.2399963065,635951682,0.0,1.0
20-10-2005,31.76,32.42,31.45,31.59,2996000,0.2427478565,0.2403784662,0.2414485134,359519820,0.0,1.0
21-10-2005,31.94,32.4,31.72,32.3,2486400,0.2441236315,0.2424421287,0.2468751815,298367850,0.0,1.0
24-10-2005,32.81,32.81,31.93,32.22,2425100,0.2507732107,0.2440471996,0.246263726,291011854,0.0,1.0
25-10-2005,33.02,33.12,32.45,32.59,2789000,0.2523782815,0.2480216607,0.2490917079,334679832,0.0,1.0
26-10-2005,32.12,33.1,32.07,33.03,3461200,0.2454994065,0.2451172468,0.2524547135,415343792,0.0,1.0
27-10-2005,31.45,32.28,31.35,32.18,1898200,0.2403784662,0.2396141468,0.2459579982,227783886,0.0,1.0
28-10-2005,32.42,32.48,30.75,31.53,3872000,0.2477923649,0.2350282301,0.2409899218,464639767,0.0,1.0
31-10-2005,33.55,33.78,32.55,32.55,3603500,0.2564291746,0.2487859801,0.2487859801,432419783,0.0,1.0
01-11-2005,33.14,33.8,32.88,33.3,3337400,0.2532954649,0.2513082343,0.254518376,400487799,0.0,1.0
02-11-2005,35.06,35.1,33.0,33.15,4363900,0.2679703983,0.2522254176,0.2533718968,523667738,0.0,1.0
03-11-2005,34.65,35.5,34.37,35.3,3875600,0.2648366885,0.2626965941,0.2698047649,465071767,0.0,1.0
04-11-2005,34.06,34.75,33.7,34.67,4752300,0.2603272038,0.2575756538,0.2649895524,570275714,0.0,1.0
07-11-2005,33.91,34.3555,33.77,34.24,3090200,0.2591807246,0.2581106774,0.2617029788,370823814,0.0,1.0
08-11-2005,33.28,34.07,33.13,34.04,4491400,0.2543655121,0.2532190329,0.2601743399,538967730,0.0,1.0
09-11-2005,34.78,35.0,32.97,33.345,6824000,0.2658303038,0.2519961218,0.2548623197,818879590,0.0,1.0
10-11-2005,33.49,36.77,32.84,35.99,20863500,0.2559705829,0.2510025065,0.2750785691,2503618748,0.0,1.0
11-11-2005,34.04,34.44,33.63,33.78,4549400,0.2601743399,0.2570406302,0.2581871093,545927727,0.0,1.0
14-11-2005,34.76,35.0,33.53,34.05,4113900,0.2656774399,0.2562763107,0.2602507718,493667753,0.0,1.0
15-11-2005,34.84,35.3,34.73,34.965,4135000,0.2662888955,0.2654481441,0.2672442948,496199751,0.0,1.0
16-11-2005,34.72,35.07,34.04,34.85,3794000,0.2653717121,0.2601743399,0.2663653274,455279772,0.0,1.0
17-11-2005,36.26,36.29,34.6,35.005,5860500,0.2771422316,0.2644545288,0.2675500226,703259648,0.0,1.0
18-11-2005,36.19,36.68,35.48,36.375,3881400,0.276607208,0.2711805399,0.278021199,465767767,0.0,1.0
21-11-2005,36.83,36.89,35.99,36.23,3789200,0.2814988525,0.2750785691,0.2769129358,454703772,0.0,1.0
22-11-2005,37.81,38.17,36.73,37.02,6097500,0.2889891831,0.280734533,0.2829510594,731699634,0.0,1.0
23-11-2005,37.7,38.25,37.5,37.85,3432900,0.2881484317,0.2866197928,0.2892949108,411947794,0.0,1.0
25-11-2005,38.07,38.13,37.62,37.88,972300,0.2909764136,0.2875369761,0.2895242067,116675941,0.0,1.0
28-11-2005,37.88,38.5,37.2,38.17,3537700,0.2895242067,0.2843268344,0.2917407331,424523787,0.0,1.0
29-11-2005,35.48,36.65,35.32,35.64,8692800,0.2711805399,0.2699576288,0.2724034511,1043135478,0.0,1.0
30-11-2005,36.15,36.33,35.22,35.23,4795400,0.2763014802,0.2691933094,0.2692697413,575447712,0.0,1.0
01-12-2005,36.58,36.75,36.06,36.45,4683600,0.2795880539,0.2756135927,0.2785944386,562031718,0.0,1.0
02-12-2005,36.59,36.84,36.1001,36.75,2787300,0.2796644858,0.2759200848,0.2808873969,334475832,0.0,1.0
05-12-2005,35.91,36.67,35.79,36.67,3230900,0.2744671136,0.2735499302,0.2802759414,387707806,0.0,1.0
06-12-2005,36.06,36.55,35.92,35.97,3127100,0.2756135927,0.2745435455,0.2749257052,375251812,0.0,1.0
07-12-2005,36.12,36.42,35.5,36.2,2938900,0.2760721844,0.2713334038,0.27668364,352667823,0.0,1.0
08-12-2005,35.83,36.4,35.42,35.93,3222200,0.273855658,0.2707219483,0.2746199775,386663806,0.0,1.0
09-12-2005,36.34,36.39,35.44,35.94,2190800,0.2777536872,0.2708748122,0.2746964094,262895868,0.0,1.0
12-12-2005,36.87,36.95,36.38,36.44,2342800,0.2818045803,0.278059415,0.2785180066,281135859,0.0,1.0
13-12-2005,37.35,37.67,36.67,36.94,3695100,0.2854733136,0.2802759414,0.2823396039,443411778,0.0,1.0
14-12-2005,37.0,37.25,36.56,37.07,2395600,0.2827981955,0.27943519,0.2833332192,287471856,0.0,1.0
15-12-2005,36.53,37.25,36.15,36.97,2772700,0.2792058941,0.2763014802,0.2825688997,332723833,0.0,1.0
16-12-2005,36.85,37.01,36.31,36.66,8880000,0.2816517164,0.2775243914,0.2801995094,1065599467,0.0,1.0
19-12-2005,36.24,37.2,36.15,37.03,2435800,0.2769893677,0.2763014802,0.2830274914,292295853,0.0,1.0
20-12-2005,36.22,36.75,35.74,36.2,2536300,0.2768365039,0.2731677705,0.27668364,304355847,0.0,1.0
21-12-2005,36.15,36.69,35.82,36.14,2411500,0.2763014802,0.2737792261,0.2762250483,289379855,0.0,1.0
22-12-2005,37.25,37.29,36.11,36.12,2652800,0.2847089942,0.2759957525,0.2760721844,318335840,0.0,1.0
23-12-2005,37.54,37.59,37.1,37.345,1787800,0.2869255206,0.283562515,0.2854350976,214535892,0.0,1.0
27-12-2005,37.77,38.18,37.38,37.5,3066400,0.2886834553,0.2857026094,0.2866197928,367967816,0.0,1.0
28-12-2005,38.12,38.24,37.53,37.77,2203500,0.2913585734,0.2868490886,0.2886834553,264419867,0.0,1.0
29-12-2005,37.27,38.22,37.11,38.1,2587200,0.2848618581,0.2836389469,0.2912057095,310463844,0.0,1.0
30-12-2005,36.56,37.07,36.41,37.065,1913400,0.27943519,0.2782887108,0.2832950032,229607885,0.0,1.0
03-01-2006,38.22,38.5,36.65,36.765,3940100,0.2921228928,0.2801230775,0.2810020448,472811763,0.0,1.0
04-01-2006,39.29,39.35,38.11,38.51,4250600,0.3003011109,0.2912821414,0.2943394192,510071744,0.0,1.0
05-01-2006,40.18,40.25,39.23,39.3,5384100,0.307103554,0.2998425192,0.3003775428,646091676,0.0,1.0
06-01-2006,40.84,40.99,39.05,40.64,5194900,0.3121480623,0.2984667442,0.3106194234,623387688,0.0,1.0
09-01-2006,41.98,42.2,40.73,40.82,4670700,0.320861304,0.3113073109,0.3119951984,560483719,0.0,1.0
10-01-2006,41.99,41.99,41.25,41.78,2830500,0.320937736,0.3152817721,0.3193326651,339659830,0.0,1.0
11-01-2006,43.51,43.75,41.96,42.03,5219200,0.3325553916,0.3207084401,0.3212434637,626303686,0.0,1.0
12-01-2006,42.89,44.17,42.58,43.5,4129200,0.327816611,0.3254472207,0.3324789596,495503752,0.0,1.0
13-01-2006,42.51,43.14,41.91,42.79,3510800,0.3249121971,0.3203262804,0.3270522915,421295789,0.0,1.0
17-01-2006,42.4799,42.5,41.37,41.79,2743600,0.3246821369,0.3161989554,0.3194090971,329231835,0.0,1.0
18-01-2006,42.7001,42.84,40.8,41.21,3832900,0.3263651684,0.3118423345,0.3149760443,459947770,0.0,1.0
19-01-2006,45.07,45.66,43.19,43.27,7623000,0.344478775,0.3301095693,0.3307210249,914759542,0.0,1.0
20-01-2006,43.8101,45.66,43.8,45.14,3846700,0.3348491142,0.334771918,0.3450137986,461603769,0.0,1.0
23-01-2006,44.06,44.43,43.55,44.155,2790700,0.3367591485,0.3328611193,0.337485252,334883832,0.0,1.0
24-01-2006,44.28,45.2,44.04,44.16,3240800,0.3384406513,0.3366062846,0.337523468,388895805,0.0,1.0
25-01-2006,43.89,44.79,43.36,44.5,3335300,0.3354598055,0.3314089124,0.3401221541,400235799,0.0,1.0
26-01-2006,45.39,45.43,44.25,44.53,3740300,0.3469245972,0.3382113555,0.3403514499,448835775,0.0,1.0
27-01-2006,46.25,46.76,45.6,46.0,3208700,0.3534977444,0.348529668,0.3515869458,385043807,0.0,1.0
30-01-2006,45.73,46.5,45.52,46.49,2631500,0.3495232833,0.3479182125,0.3553321111,315779842,0.0,1.0
31-01-2006,44.96,45.75,44.61,45.51,3203800,0.3436380236,0.3409629055,0.3478417805,384455807,0.0,1.0
01-02-2006,44.99,45.17,43.98,44.15,3757100,0.3438673194,0.336147693,0.337447036,450851774,0.0,1.0
02-02-2006,43.62,45.43,43.55,45.39,3947800,0.333396143,0.3328611193,0.3469245972,473735763,0.0,1.0
03-02-2006,44.02,44.56,43.2,43.36,4202100,0.3364534208,0.3301860013,0.3314089124,504251747,0.0,1.0
06-02-2006,45.26,45.31,43.71,43.98,3028900,0.3459309819,0.3340840305,0.336147693,363467818,0.0,1.0
07-02-2006,43.65,45.35,43.63,45.31,3328400,0.3336254388,0.3334725749,0.3463131416,399407800,0.0,1.0
08-02-2006,44.91,44.91,43.65,43.86,3275600,0.3432558638,0.3336254388,0.3352305096,393071803,0.0,1.0
09-02-2006,44.15,45.75,43.87,45.16,3642500,0.337447036,0.3353069416,0.3451666625,437099781,0.0,1.0
10-02-2006,43.9,44.51,42.87,44.21,3458300,0.3355362374,0.3276637471,0.3379056277,414995792,0.0,1.0
13-02-2006,44.05,44.36,43.46,43.72,2339500,0.3366827166,0.3321732318,0.3341604624,280739859,0.0,1.0
14-02-2006,44.13,44.29,43.55,44.05,2852900,0.3372941721,0.3328611193,0.3366827166,342347828,0.0,1.0
15-02-2006,44.98,45.1,43.93,44.16,4110800,0.3437908874,0.3357655332,0.337523468,493295753,0.0,1.0
16-02-2006,47.2,47.3,45.51,45.83,10882400,0.3607587792,0.3478417805,0.3502876028,1305887347,0.0,1.0
17-02-2006,47.47,50.72,47.2,50.63,19641300,0.3628224417,0.3607587792,0.3869749362,2356954821,0.0,1.0
21-02-2006,46.46,47.45,46.05,47.31,5700500,0.3551028153,0.3519691055,0.3615995306,684059657,0.0,1.0
22-02-2006,46.38,46.75,44.7,45.8,7831300,0.3544913597,0.341650793,0.3500583069,939755530,0.0,1.0
23-02-2006,45.67,46.55,45.54,46.19,3209400,0.3490646916,0.3480710764,0.3530391528,385127807,0.0,1.0
24-02-2006,45.66,46.42,45.42,45.87,3470100,0.3489882597,0.347153893,0.3505933305,416411791,0.0,1.0
27-02-2006,47.51,47.8,45.53,46.0,5553900,0.3631281695,0.3479946444,0.3515869458,666467666,0.0,1.0
28-02-2006,47.13,47.7,46.67,47.24,4694300,0.3602237556,0.3567078861,0.361064507,563315718,0.0,1.0
01-03-2006,48.92,49.2,47.0,47.13,5866100,0.3739050737,0.3592301403,0.3602237556,703931648,0.0,1.0
02-03-2006,48.99,49.681,48.36,48.87,4545500,0.3744400973,0.3696248848,0.373522914,545459727,0.0,1.0
03-03-2006,49.16,50.01,48.45,48.62,4965000,0.3757394403,0.3703127723,0.3716121153,595799702,0.0,1.0
06-03-2006,49.06,50.45,48.82,50.15,4408500,0.3749751209,0.3731407542,0.3833062029,529019735,0.0,1.0
07-03-2006,48.22,49.45,47.25,49.3,5051700,0.3685548375,0.3611409389,0.3768094876,606203696,0.0,1.0
08-03-2006,47.98,48.48,46.26,48.23,5590000,0.3667204709,0.3535741764,0.3686312695,670799664,0.0,1.0
09-03-2006,48.23,49.37,48.2,48.61,4472500,0.3686312695,0.3684019737,0.3715356834,536699731,0.0,1.0
10-03-2006,47.39,48.79,46.96,48.15,4346500,0.3622109861,0.3589244125,0.3680198139,521579739,0.0,1.0
13-03-2006,47.96,48.19,47.51,48.04,3101100,0.366567607,0.3631281695,0.3671790625,372131813,0.0,1.0
14-03-2006,49.29,49.49,47.82,48.02,5231600,0.3767330556,0.3654975598,0.3670261986,627791686,0.0,1.0
15-03-2006,50.08,50.15,49.2001,49.29,4255000,0.3827711793,0.3760459324,0.3767330556,510599744,0.0,1.0
16-03-2006,48.38,50.23,48.21,50.18,4736800,0.3697777487,0.3684784056,0.3835354987,568415715,0.0,1.0
17-03-2006,48.77,48.9,47.43,48.19,5154900,0.3727585945,0.3625167139,0.3683255417,618587690,0.0,1.0
20-03-2006,48.4,49.21,48.35,49.21,2448100,0.3699306125,0.3695484528,0.3761216001,293771853,0.0,1.0
21-03-2006,50.79,51.7,49.46,49.46,10295600,0.3881978473,0.3780323987,0.3780323987,1235471382,0.0,1.0
22-03-2006,49.33,49.74,48.22,49.47,9654800,0.3770387834,0.3685548375,0.3781088306,1158575420,0.0,1.0
23-03-2006,50.25,50.45,48.94,49.58,5516600,0.3840705223,0.3740579376,0.378949582,661991669,0.0,1.0
24-03-2006,51.95,52.04,50.297,50.42,5732800,0.3970639529,0.3844297525,0.3853698654,687935656,0.0,1.0
27-03-2006,53.35,53.39,51.82,52.0,5428700,0.4077644252,0.3960703377,0.3974461127,651443674,0.0,1.0
28-03-2006,54.17,54.88,53.0,53.1,6626700,0.4140318447,0.4050893071,0.4058536266,795203602,0.0,1.0
29-03-2006,57.08,57.18,53.95,54.3,8225800,0.4362735406,0.4123503419,0.4150254599,987095506,0.0,1.0
30-03-2006,57.47,57.78,56.11,56.91,8860900,0.4392543864,0.4288596419,0.4349741975,1063307468,0.0,1.0
31-03-2006,57.26,58.23,56.91,57.55,6963000,0.4376493156,0.4349741975,0.439865842,835559582,0.0,1.0
03-04-2006,57.9,58.7,56.84,57.69,8074300,0.4425409601,0.4344391739,0.4409358892,968915515,0.0,1.0
04-04-2006,60.61,60.7,57.92,58.09,10005100,0.4632540171,0.4426938239,0.443993167,1200611399,0.0,1.0
05-04-2006,61.1,61.4,59.21,60.43,9274800,0.4669991824,0.4525535448,0.4618782421,1112975443,0.0,1.0
06-04-2006,61.22,61.68,60.1,60.94,6577600,0.4679163657,0.4593559879,0.4657762713,789311605,0.0,1.0
07-04-2006,30.53,30.75,29.93,30.44,5688933,0.4666934546,0.4575216212,0.4653176796,341335809,0.0,2.0
10-04-2006,30.0,30.64,29.77,30.5,10570467,0.4585916684,0.455075799,0.4662348629,634227702,0.0,1.0
11-04-2006,29.27,30.1,29.09,30.0,11701200,0.4474326045,0.4446810545,0.4585916684,702071648,0.0,1.0
12-04-2006,30.45,30.61,29.3,29.52,9971800,0.4654705435,0.4478911962,0.4512542018,598307700,0.0,1.0
13-04-2006,29.6,30.14,29.48,29.8,12306000,0.4524771129,0.4506427462,0.4555343907,738359630,0.0,1.0
17-04-2006,29.68,30.42,29.44,29.47,7397800,0.453700024,0.4500312906,0.4504898823,443867778,0.0,1.0
18-04-2006,28.98,29.16,28.19,29.1,19424800,0.4429995517,0.4309233045,0.4448339184,1165487417,0.0,1.0
19-04-2006,29.16,29.48,28.4,28.91,8624600,0.4457511017,0.4341334461,0.4419295045,517475741,0.0,1.0
20-04-2006,29.12,29.64,28.42,28.88,9211400,0.4451396462,0.4344391739,0.4414709128,552683723,0.0,1.0
21-04-2006,28.07,29.33,27.73,29.33,12833600,0.4290889378,0.4238915655,0.4483497879,770015614,0.0,1.0
24-04-2006,28.93,29.21,27.75,28.25,11280800,0.4422352323,0.4241972933,0.4318404878,676847661,0.0,1.0
25-04-2006,28.91,28.98,28.1,28.7,11996067,0.4419295045,0.4295475294,0.4387193628,719763660,0.0,1.0
26-04-2006,28.71,29.46,28.4,29.11,5508800,0.4388722267,0.4341334461,0.4449867823,330527834,0.0,1.0
27-04-2006,29.17,29.44,27.98,28.5,7716067,0.4459039656,0.4277131628,0.435662085,462963788,0.0,1.0
28-04-2006,29.22,29.59,28.94,29.15,4745600,0.4466682851,0.4423880962,0.4455982378,284735857,0.0,1.0
01-05-2006,30.9,31.47,29.42,29.5,15041200,0.4723494185,0.4497255629,0.450948474,902471548,0.0,1.0
02-05-2006,30.86,31.5,30.33,31.14,8995000,0.4717379629,0.4636361768,0.4760181519,539699730,0.0,1.0
03-05-2006,31.061,31.4,30.48,30.64,6301867,0.4748105271,0.4659291351,0.4683749574,378111830,0.0,1.0
04-05-2006,30.86,31.2,30.29,30.45,8518800,0.4717379629,0.4630247212,0.4654705435,511127744,0.0,1.0
05-05-2006,31.28,31.39,30.59,31.02,5636400,0.4781582463,0.4676106379,0.4741837852,338183830,0.0,1.0
08-05-2006,31.14,31.88,30.85,31.2,8393667,0.4760181519,0.4715850991,0.4769353352,503619768,0.0,1.0
09-05-2006,30.19,31.26,30.15,31.1,9360800,0.4614960823,0.4608846268,0.4754066963,561647719,0.0,1.0
10-05-2006,29.52,30.18,29.22,29.83,12554400,0.4512542018,0.4466682851,0.4559929823,753263623,0.0,1.0
11-05-2006,28.47,30.1,28.24,29.82,20018467,0.4352034934,0.4316876239,0.4558401184,1201107419,0.0,1.0
12-05-2006,26.33,27.93,25.74,27.83,26136200,0.402490621,0.3934716515,0.4254202044,1568171215,0.0,1.0
15-05-2006,26.71,26.94,26.05,26.275,9223000,0.4082994488,0.3982104321,0.4016498696,553379723,0.0,1.0
16-05-2006,26.01,26.87,25.84,26.86,8292200,0.3975989765,0.3950002904,0.4105924072,497531751,0.0,1.0
17-05-2006,24.96,26.07,24.5,25.92,14017867,0.3815482681,0.3745165292,0.3962232015,841071599,0.0,1.0
18-05-2006,23.83,25.4,23.8,25.16,11445467,0.3642746486,0.363816057,0.3846055459,686727676,0.0,1.0
19-05-2006,24.33,24.9,23.81,24.05,15546800,0.3719178431,0.3639689209,0.3676376542,932807533,0.0,1.0
22-05-2006,24.0,24.25,23.34,24.2,12248067,0.3668733348,0.3567843181,0.3699306125,734883652,0.0,1.0
23-05-2006,23.74,25.07,23.64,24.5,8871867,0.3628988736,0.3613702347,0.3745165292,532311753,0.0,1.0
24-05-2006,24.05,24.76,23.41,23.95,9658667,0.3676376542,0.3578543653,0.3661090153,579519730,0.0,1.0
25-05-2006,23.92,24.86,23.79,24.5,7061067,0.3656504236,0.3636631931,0.3745165292,423663808,0.0,1.0
26-05-2006,23.97,24.17,23.72,24.01,4910667,0.3664147431,0.3625931459,0.3670261986,294639872,0.0,1.0
30-05-2006,22.97,24.02,22.96,24.01,7479800,0.3511283541,0.3509754903,0.3670261986,448787775,0.0,1.0
31-05-2006,22.98,23.5,22.84,23.28,9973667,0.351281218,0.3491411236,0.3558671347,598419720,0.0,1.0
01-06-2006,24.18,24.18,22.88,23.24,8952067,0.3696248848,0.3497525791,0.3552556792,537123751,0.0,1.0
02-06-2006,23.83,24.69,23.59,24.57,11228467,0.3642746486,0.3606059153,0.3755865765,673707683,0.0,1.0
05-06-2006,22.83,24.14,22.76,23.7,9684200,0.3489882597,0.3479182125,0.3622874181,581051709,0.0,1.0
06-06-2006,22.22,23.14,21.6,23.12,13735467,0.3396635624,0.3301860013,0.3534213125,824127607,0.0,1.0
07-06-2006,21.82,22.5,21.65,22.46,9423000,0.3335490069,0.3309503207,0.3433322958,565379717,0.0,1.0
08-06-2006,21.42,21.85,20.56,21.57,12176200,0.3274344513,0.3142881568,0.3297274096,730571634,0.0,1.0
09-06-2006,21.56,22.07,21.17,21.7,7230400,0.3295745457,0.323612854,0.3317146402,433823783,0.0,1.0
12-06-2006,20.17,21.26,20.05,21.07,7720467,0.3083264651,0.3064920984,0.3220842151,463227788,0.0,1.0
13-06-2006,19.86,20.57,19.67,20.16,8875800,0.3035876845,0.3006832706,0.3081736012,532547733,0.0,1.0
14-06-2006,20.44,20.5,19.77,19.98,8008200,0.3124537901,0.3022119095,0.3054220512,480491759,0.0,1.0
15-06-2006,22.23,22.3,21.02,21.19,13955600,0.3398164263,0.3213198957,0.3239185818,837335581,0.0,1.0
16-06-2006,21.66,22.14,21.45,22.08,8390800,0.3311031846,0.3278930429,0.337523468,503447748,0.0,1.0
19-06-2006,21.01,22.01,20.96,21.9,6467400,0.3211670318,0.3204027124,0.334771918,388043805,0.0,1.0
20-06-2006,20.68,21.15,20.35,20.43,8930267,0.3161225235,0.3110780151,0.3123009262,535815752,0.0,1.0
21-06-2006,20.91,21.24,20.59,20.59,7352867,0.3196383929,0.3147467484,0.3147467484,441171799,0.0,1.0
22-06-2006,20.3,21.2,20.16,21.14,8872267,0.3103136957,0.3081736012,0.3231542624,532335753,0.0,1.0
23-06-2006,20.31,20.73,20.07,20.26,5586667,0.3104665595,0.3067978262,0.3097022401,335199852,0.0,1.0
26-06-2006,20.12,20.5,20.02,20.28,4695600,0.3075621456,0.3060335067,0.3100079679,281735859,0.0,1.0
27-06-2006,19.48,20.26,19.21,20.24,10141867,0.2977788567,0.2936515317,0.3093965123,608511715,0.0,1.0
28-06-2006,20.56,20.88,19.12,19.63,13889600,0.3142881568,0.2922757567,0.3000718151,833375583,0.0,1.0
29-06-2006,21.49,21.49,19.93,20.0,11461067,0.3285044985,0.3046577317,0.305727779,687663676,0.0,1.0
30-06-2006,21.29,22.04,21.13,21.7,7804000,0.3254472207,0.3230013985,0.3317146402,468239765,0.0,1.0
03-07-2006,21.6,21.8,21.45,21.78,2911600,0.3301860013,0.3278930429,0.3329375513,174695912,0.0,1.0
05-07-2006,20.63,21.45,20.63,21.26,7661800,0.315358204,0.315358204,0.324988629,459707770,0.0,1.0
06-07-2006,19.99,20.83,19.78,20.63,7843867,0.3055749151,0.3023647734,0.315358204,470631784,0.0,1.0
07-07-2006,19.37,20.17,19.15,20.13,9020467,0.2960973539,0.2927343484,0.3077150095,541227749,0.0,1.0
10-07-2006,18.53,19.56,18.36,19.415,7498667,0.2832567872,0.2806581011,0.2967852414,449919795,0.0,1.0
11-07-2006,19.15,19.22,18.2,18.47,10009667,0.2927343484,0.2782122789,0.2823396039,600579719,0.0,1.0
12-07-2006,18.23,19.3,18.21,19.08,7683867,0.2786708705,0.2783651427,0.2916643011,461031789,0.0,1.0
13-07-2006,17.76,18.4,17.67,17.95,9009667,0.2714862677,0.2701104927,0.2743906816,540579749,0.0,1.0
14-07-2006,17.67,18.19,17.17,18.09,9535800,0.2701104927,0.2624672982,0.2765307761,572147713,0.0,1.0
17-07-2006,17.81,18.01,17.5,17.59,8380067,0.2722505872,0.2675118066,0.2688875816,502803768,0.0,1.0
18-07-2006,18.78,18.97,17.76,18.42,16322200,0.2870783844,0.2714862677,0.2815752844,979331510,0.0,1.0
19-07-2006,19.6,19.84,18.56,18.7,17592467,0.2996132234,0.2837153789,0.2858554733,1055547492,0.0,1.0
20-07-2006,19.21,20.3,19.18,19.95,8426667,0.2936515317,0.29319294,0.3049634595,505599767,0.0,1.0
21-07-2006,17.77,18.64,17.63,18.56,10565267,0.2716391316,0.2694990372,0.2837153789,633915703,0.0,1.0
24-07-2006,19.56,20.01,18.33,18.4266,16386267,0.2990017678,0.2801995094,0.2816761746,983175528,0.0,1.0
25-07-2006,20.25,20.46,19.51,19.8,9568400,0.3095493762,0.2982374484,0.3026705012,574103712,0.0,1.0
26-07-2006,20.25,20.49,19.65,20.25,8255267,0.3095493762,0.3003775428,0.3095493762,495315772,0.0,1.0
27-07-2006,20.54,21.35,20.17,20.51,11572267,0.313982429,0.3083264651,0.3135238373,694335672,0.0,1.0
28-07-2006,22.67,22.71,20.95,21.07,13588267,0.3465424375,0.3202498485,0.3220842151,815295612,0.0,1.0
31-07-2006,22.14,22.66,22.08,22.43,9912667,0.3384406513,0.337523468,0.3428737041,594759722,0.0,1.0
01-08-2006,21.25,21.91,20.85,21.87,10016067,0.3248357652,0.3187212096,0.3343133263,600963719,0.0,1.0
02-08-2006,22.88,22.99,21.67,21.72,12612867,0.3497525791,0.3312560485,0.332020368,756771641,0.0,1.0
03-08-2006,24.32,24.94,22.48,22.8,14842800,0.3717649792,0.3436380236,0.348529668,890567554,0.0,1.0
04-08-2006,23.99,25.0,23.37,24.96,13637200,0.3667204709,0.3572429097,0.3815482681,818231590,0.0,1.0
07-08-2006,23.71,24.01,23.25,23.57,7269067,0.362440282,0.355408543,0.3603001875,436143801,0.0,1.0
08-08-2006,24.34,24.85,23.84,23.9,10330067,0.372070707,0.3644275125,0.3653446959,619803710,0.0,1.0
09-08-2006,24.33,25.5,24.15,24.82,9745067,0.3719178431,0.3691662931,0.3794081737,584703727,0.0,1.0
10-08-2006,24.16,24.3,23.65,24.06,17869000,0.369319157,0.3615230986,0.3677905181,1072139463,0.0,1.0
11-08-2006,23.4,24.01,22.32,22.4,26721200,0.3577015014,0.3411922013,0.3424151124,1603271198,0.0,1.0
14-08-2006,23.28,23.93,23.15,23.685,13490200,0.3558671347,0.3538799042,0.3620581222,809411595,0.0,1.0
15-08-2006,25.52,25.65,23.65,23.88,15036200,0.390108646,0.3615230986,0.3650389681,902171548,0.0,1.0
16-08-2006,27.35,27.46,25.0,25.66,17154067,0.4180827377,0.3821597237,0.3922487404,1029243505,0.0,1.0
17-08-2006,26.92,27.72,26.65,27.01,13570400,0.4115095905,0.4073822655,0.4128853655,814223592,0.0,1.0
18-08-2006,27.36,27.5,26.01,26.95,11098267,0.4182356016,0.3975989765,0.4119681822,665895687,0.0,1.0
21-08-2006,26.35,27.0,26.29,26.95,8337000,0.4027963488,0.4018791655,0.4119681822,500219749,0.0,1.0
22-08-2006,26.31,27.04,26.25,26.27,7898800,0.4021848932,0.4012677099,0.4015734377,473927763,0.0,1.0
23-08-2006,26.29,26.78,25.71,26.51,8090200,0.4018791655,0.3930130599,0.405242171,485411757,0.0,1.0
24-08-2006,26.56,26.7,25.94,26.36,4346667,0.4060064905,0.3965289293,0.4029492127,260799889,0.0,1.0
25-08-2006,26.48,26.95,26.1,26.36,3971867,0.4047835794,0.3989747516,0.4029492127,238311900,0.0,1.0
28-08-2006,27.39,28.17,26.87,26.92,12742667,0.4186941933,0.410745271,0.4115095905,764559637,0.0,1.0
29-08-2006,28.63,28.76,27.45,27.65,12132667,0.4376493156,0.4196113766,0.4226686544,727959656,0.0,1.0
30-08-2006,29.22,29.52,28.72,28.785,11359400,0.4466682851,0.4390250906,0.4400187059,681563659,0.0,1.0
31-08-2006,29.11,29.28,28.48,29.15,8521267,0.4449867823,0.4353563572,0.4455982378,511275764,0.0,1.0
01-09-2006,27.89,28.91,27.78,28.68,10095667,0.4263373878,0.424655885,0.438413635,605739717,0.0,1.0
05-09-2006,28.5,28.61,27.57,27.98,9155867,0.435662085,0.4214457433,0.4277131628,549351745,0.0,1.0
06-09-2006,27.07,28.04,27.0,28.0,8226200,0.4138025488,0.4127325016,0.4280188906,493571753,0.0,1.0
07-09-2006,27.61,28.22,26.34,26.63,12380600,0.4220571989,0.4026434849,0.4070765377,742835628,0.0,1.0
08-09-2006,27.7,28.17,27.09,28.05,7466267,0.4234329739,0.4141082766,0.42878321,447975796,0.0,1.0
11-09-2006,28.13,28.45,26.77,27.08,9971067,0.4300061211,0.4092166321,0.4139554127,598263720,0.0,1.0
12-09-2006,28.87,29.05,27.93,28.0,8307200,0.4413180489,0.4269488433,0.4280188906,498431750,0.0,1.0
13-09-2006,29.1,29.48,28.85,28.94,7938067,0.4448339184,0.4410123212,0.4423880962,476283781,0.0,1.0
14-09-2006,28.99,29.5,28.61,28.96,7146867,0.4431524156,0.4373435878,0.4426938239,428811805,0.0,1.0
15-09-2006,29.56,29.7,28.95,29.09,10829400,0.4518656573,0.4425409601,0.4446810545,649763675,0.0,1.0
18-09-2006,30.68,30.73,29.55,29.64,13231600,0.4689864129,0.4517127934,0.4530885684,793895603,0.0,1.0
19-09-2006,29.88,30.6999,29.63,30.48,11800867,0.4567573018,0.4529357045,0.4659291351,708051665,0.0,1.0
20-09-2006,30.97,31.01,30.21,30.27,8531400,0.4734194657,0.4618018101,0.4627189935,511883744,0.0,1.0
21-09-2006,30.72,31.25,30.43,30.94,8985067,0.4695978685,0.4651648157,0.4729608741,539103750,0.0,1.0
22-09-2006,29.81,30.82,29.47,30.625,10888867,0.4556872545,0.4504898823,0.4681456615,653331693,0.0,1.0
25-09-2006,30.88,31.01,29.44,30.255,11408067,0.4720436907,0.4500312906,0.4624896976,684483677,0.0,1.0
26-09-2006,30.23,30.93,29.84,30.85,8602000,0.4621075379,0.4561458462,0.4715850991,516119741,0.0,1.0
27-09-2006,30.14,31.1,29.85,30.14,9635667,0.4607317629,0.4562987101,0.4607317629,578139730,0.0,1.0
28-09-2006,29.57,29.69,28.831,28.96,10789067,0.4520185212,0.4407218798,0.4426938239,647343696,0.0,1.0
29-09-2006,29.59,30.0,29.43,29.77,6231467,0.452324249,0.4498784267,0.455075799,373887833,0.0,1.0
02-10-2006,28.84,29.64,28.6,29.45,10790667,0.4408594573,0.4371907239,0.4501841545,647439696,0.0,1.0
03-10-2006,28.3,28.52,27.67,28.3,15128200,0.4326048072,0.4229743822,0.4326048072,907691546,0.0,1.0
04-10-2006,31.08,31.09,28.26,28.34,24339667,0.4751009685,0.4319933517,0.4332162628,1460379289,0.0,1.0
05-10-2006,30.2,31.27,30.12,30.96,11044667,0.4616489462,0.4604260351,0.4732666018,662679688,0.0,1.0
06-10-2006,30.93,31.25,30.16,30.25,9893467,0.4728080102,0.4610374907,0.4624132657,593607723,0.0,1.0
09-10-2006,32.92,33.33,30.77,30.855,15538400,0.5032279242,0.4703621879,0.471661531,932303533,0.0,1.0
10-10-2006,32.17,32.88,31.8,32.75,10410800,0.4917631325,0.4861071686,0.5006292381,624647687,0.0,1.0
11-10-2006,32.35,32.92,31.51,32.0,8032400,0.4945146825,0.4816741158,0.4891644463,481943759,0.0,1.0
12-10-2006,32.48,33.15,32.01,32.53,6912000,0.496501913,0.4893173102,0.4972662325,414719792,0.0,1.0
13-10-2006,33.77,33.96,31.84,32.37,9736467,0.5162213548,0.4867186241,0.4948204103,584187727,0.0,1.0
16-10-2006,33.71,34.43,33.11,33.88,7982800,0.5153041714,0.5061323381,0.5179028576,478967760,0.0,1.0
17-10-2006,32.42,33.39,32.1,33.16,8775067,0.4955847297,0.4906930852,0.5068966575,526503756,0.0,1.0
18-10-2006,31.56,33.25,31.33,32.905,13712467,0.4824384352,0.4789225658,0.5029986283,822747608,0.0,1.0
19-10-2006,32.16,32.4,31.19,31.44,7884000,0.4916102686,0.4767824713,0.4806040685,473039763,0.0,1.0
20-10-2006,31.79,32.43,31.329,32.41,5991267,0.4859543047,0.4789072794,0.4954318658,359475840,0.0,1.0
23-10-2006,31.58,32.49,31.5,31.72,4670800,0.482744163,0.4815212519,0.4848842574,280247859,0.0,1.0
24-10-2006,32.5,32.86,31.55,31.64,8654800,0.4968076408,0.4822855713,0.4836613463,519287740,0.0,1.0
25-10-2006,32.8,33.3,32.26,32.81,6490600,0.5013935575,0.4931389075,0.5015464214,389435805,0.0,1.0
26-10-2006,33.84,33.95,32.88,32.88,6111467,0.517291402,0.5026164686,0.5026164686,366687836,0.0,1.0
27-10-2006,32.38,34.59,32.0,33.84,9449800,0.4949732741,0.4891644463,0.517291402,566987716,0.0,1.0
30-10-2006,32.77,33.35,32.25,32.6,7993200,0.5009349658,0.4929860436,0.4983362797,479591760,0.0,1.0
31-10-2006,34.87,34.87,33.32,33.49,16602867,0.5330363826,0.5093424798,0.5119411659,996171521,0.0,1.0
01-11-2006,32.18,34.73,31.7,34.41,19609000,0.4919159964,0.4845785297,0.5260046437,1176539411,0.0,1.0
02-11-2006,31.96,33.03,31.52,32.33,14382400,0.4885529908,0.4818269797,0.4942089547,862943568,0.0,1.0
03-11-2006,32.6,32.64,31.8,32.32,9134467,0.4983362797,0.4861071686,0.4940560908,548067745,0.0,1.0
06-11-2006,33.59,34.04,32.28,32.69,12326667,0.5134698048,0.4934446353,0.4997120547,739599650,0.0,1.0
07-11-2006,34.1,34.46,33.65,33.84,9220867,0.5212658631,0.5143869881,0.517291402,553251743,0.0,1.0
08-11-2006,34.6,35.02,33.78,33.86,10805400,0.5289090576,0.5163742187,0.5175971298,648323675,0.0,1.0
09-11-2006,35.29,36.2,34.99,35.305,20129267,0.539456666,0.5348707493,0.5396859618,1207755416,0.0,1.0
10-11-2006,34.44,35.16,33.57,34.99,21953200,0.5264632354,0.513164077,0.5348707493,1317191341,0.0,1.0
13-11-2006,36.0,36.1,34.5,34.505,14204667,0.5503100021,0.5273804187,0.5274568507,852279593,0.0,1.0
14-11-2006,36.36,36.43,35.1,35.87,10475467,0.5558131022,0.5365522521,0.5483227716,628527705,0.0,1.0
15-11-2006,35.76,36.75,35.5601,36.25,8198200,0.5466412688,0.5435855196,0.5541315994,491891754,0.0,1.0
16-11-2006,36.22,36.35,35.6,35.91,7619667,0.5536730077,0.5441954466,0.5489342271,457179791,0.0,1.0
17-11-2006,36.32,36.42,35.75,35.97,6026800,0.5552016466,0.5464884049,0.5498514105,361607819,0.0,1.0
20-11-2006,36.66,36.86,35.6,35.87,10143867,0.5603990188,0.5441954466,0.5483227716,608631715,0.0,1.0
21-11-2006,36.09,36.83,35.84,36.77,6456400,0.5516857771,0.5478641799,0.5620805216,387383806,0.0,1.0
22-11-2006,36.71,36.75,36.03,36.22,4004267,0.5611633383,0.5507685938,0.5536730077,240255899,0.0,1.0
24-11-2006,36.98,37.06,36.2,36.53,2405600,0.5652906633,0.5533672799,0.5584117883,144335927,0.0,1.0
27-11-2006,35.31,37.25,35.06,36.76,9754867,0.5397623938,0.5359407965,0.5619276577,585291727,0.0,1.0
28-11-2006,35.97,36.29,34.64,35.19,8016067,0.5498514105,0.5295205132,0.5379280271,480963779,0.0,1.0
29-11-2006,36.5,36.94,36.16,36.3,9663200,0.5579531966,0.5527558244,0.5548959188,579791710,0.0,1.0
30-11-2006,36.99,37.29,36.06,36.5,9727200,0.5654435272,0.5512271855,0.5579531966,583631708,0.0,1.0
01-12-2006,35.54,36.63,35.22,36.58,13083467,0.5432782632,0.5383866188,0.5591761077,785007627,0.0,1.0
04-12-2006,36.98,37.44,35.87,36.0,10359467,0.5652906633,0.5483227716,0.5503100021,621567709,0.0,1.0
05-12-2006,36.6,36.81,36.19,36.59,11055867,0.5594818355,0.553214416,0.5593289716,663351688,0.0,1.0
06-12-2006,36.55,36.72,36.05,36.72,7970667,0.5587175161,0.5510743216,0.5613162022,478239780,0.0,1.0
07-12-2006,35.67,36.75,35.35,36.55,8114867,0.5452654938,0.5403738493,0.5587175161,486891776,0.0,1.0
08-12-2006,35.55,36.04,34.9,35.41,9414267,0.5434311271,0.5334949743,0.5412910327,564855737,0.0,1.0
11-12-2006,36.16,36.59,35.48,35.56,8591400,0.5527558244,0.5423610799,0.543583991,515483742,0.0,1.0
12-12-2006,35.79,36.01,35.31,35.89,9468600,0.5470998605,0.5397623938,0.5486284994,568115715,0.0,1.0
13-12-2006,36.21,36.5,36.08,36.08,8199200,0.5535201438,0.5515329133,0.5515329133,491951754,0.0,1.0
14-12-2006,36.85,37.31,36.47,36.5,11923000,0.5633034327,0.5574946049,0.5579531966,715379642,0.0,1.0
15-12-2006,37.5,37.5,36.86,37.09,12434867,0.5732395856,0.5634562966,0.5669721661,746091646,0.0,1.0
18-12-2006,38.15,38.6,37.52,37.54,11472600,0.5831757384,0.5735453133,0.5738510411,688355655,0.0,1.0
19-12-2006,38.7,38.9,37.61,37.657,9093667,0.5915832523,0.5749210883,0.5756395486,545619747,0.0,1.0
20-12-2006,38.26,38.96,38.23,38.5,5109867,0.5848572412,0.5843986495,0.5885259745,306591866,0.0,1.0
21-12-2006,37.93,38.58,37.5,38.47,6132000,0.5798127328,0.5732395856,0.5880673828,367919816,0.0,1.0
22-12-2006,37.03,38.0,36.85,37.87,6169467,0.5660549828,0.5633034327,0.5788955495,370167834,0.0,1.0
26-12-2006,37.02,37.56,36.87,37.23,3803200,0.5659021189,0.5636091605,0.5691122605,228191885,0.0,1.0
27-12-2006,37.51,37.64,37.18,37.18,4415867,0.5733924495,0.5683479411,0.5683479411,264951887,0.0,1.0
28-12-2006,37.24,37.59,37.07,37.55,3565200,0.5692651244,0.5666664383,0.574003905,213911893,0.0,1.0
29-12-2006,37.01,38.02,36.97,37.24,6434867,0.565749255,0.5651377994,0.5692651244,386091826,0.0,1.0
03-01-2007,36.08,37.52,34.79,37.07,19247000,0.5515329133,0.5318134715,0.5666664383,1154819422,0.0,1.0
04-01-2007,35.91,36.08,35.03,35.95,13288267,0.5489342271,0.5354822049,0.5495456827,797295621,0.0,1.0
05-01-2007,33.66,35.2,33.42,35.06,20722400,0.514539852,0.5108711187,0.5359407965,1243343378,0.0,1.0
08-01-2007,33.91,34.56,33.2,33.78,10954467,0.5183614492,0.5075081131,0.5163742187,657267691,0.0,1.0
09-01-2007,33.25,34.19,33.21,33.96,12736067,0.5082724325,0.507660977,0.5191257687,764163637,0.0,1.0
10-01-2007,34.89,35.2,32.4,32.9,18479067,0.5333421104,0.4952790019,0.5029221964,1108743465,0.0,1.0
11-01-2007,34.76,35.16,34.19,34.89,15408400,0.5313548798,0.5226416381,0.5333421104,924503537,0.0,1.0
12-01-2007,35.23,35.37,34.08,34.24,11636467,0.5385394826,0.5209601354,0.5234059576,698187670,0.0,1.0
16-01-2007,35.29,35.52,34.89,35.5,11864400,0.539456666,0.5333421104,0.5426668077,711863644,0.0,1.0
17-01-2007,34.55,35.01,34.42,34.8,11798867,0.5281447382,0.5261575076,0.5319663354,707931666,0.0,1.0
18-01-2007,31.69,34.25,31.26,34.25,25027267,0.4844256658,0.4778525185,0.5235588215,1501635269,0.0,1.0
19-01-2007,31.8795,32.54,31.13,31.35,15710067,0.4873224365,0.475865288,0.4792282935,942603548,0.0,1.0
22-01-2007,31.88,32.7,31.76,32.18,12177400,0.4873300797,0.485495713,0.4919159964,730643634,0.0,1.0
23-01-2007,31.89,32.4,31.138,31.73,10505867,0.4874829436,0.4759875791,0.4850371213,630351704,0.0,1.0
24-01-2007,32.88,33.31,32.15,32.3,11428667,0.5026164686,0.4914574047,0.493750363,685719677,0.0,1.0
25-01-2007,31.73,33.3,31.57,33.18,10271400,0.4850371213,0.4825912991,0.5072023853,616283691,0.0,1.0
26-01-2007,31.47,32.31,30.9,32.0,13826400,0.4810626602,0.4723494185,0.4891644463,829583585,0.0,1.0
29-01-2007,30.18,31.35,29.911,31.325,20971400,0.4613432185,0.4572311798,0.4788461338,1258283370,0.0,1.0
30-01-2007,30.76,30.96,30.11,30.38,10602867,0.470209324,0.4602731712,0.4644004962,636171701,0.0,1.0
31-01-2007,30.65,30.94,30.23,30.61,7799600,0.4685278213,0.4621075379,0.4679163657,467975766,0.0,1.0
01-02-2007,31.04,31.2,30.3,30.36,10848267,0.474489513,0.4631775851,0.4640947685,650895694,0.0,1.0
02-02-2007,31.85,32.0,30.95,31.21,9776467,0.486871488,0.4731137379,0.4770881991,586587726,0.0,1.0
05-02-2007,32.37,32.64,31.95,32.0,9665067,0.4948204103,0.4884001269,0.4891644463,579903730,0.0,1.0
06-02-2007,33.52,33.94,32.61,33.1,12923067,0.5123997575,0.4984891436,0.5059794742,775383632,0.0,1.0
07-02-2007,34.83,34.91,33.59,33.79,12684267,0.5324249271,0.5134698048,0.5165270826,761055639,0.0,1.0
08-02-2007,34.38,34.87,34.0,34.3,12104600,0.525546052,0.5197372242,0.5243231409,726275636,0.0,1.0
09-02-2007,32.65,34.84,32.52,34.55,15632600,0.4991005992,0.4971133686,0.5281447382,937955531,0.0,1.0
12-02-2007,33.37,34.08,32.54,32.89,13156000,0.5101067992,0.4974190964,0.5027693325,789359605,0.0,1.0
13-02-2007,34.0,34.27,33.57,33.91,14162200,0.5197372242,0.513164077,0.5183614492,849731575,0.0,1.0
14-02-2007,33.55,34.5,33.47,34.3,18030800,0.5128583492,0.5116354381,0.5243231409,1081847459,0.0,1.0
15-02-2007,33.75,33.92,33.21,33.53,8144667,0.515915627,0.507660977,0.5125526214,488679775,0.0,1.0
16-02-2007,32.72,33.65,32.62,33.61,15251000,0.5001706464,0.4986420075,0.5137755326,915059542,0.0,1.0
20-02-2007,33.01,33.19,32.54,32.77,10426267,0.5046036992,0.4974190964,0.5009349658,625575707,0.0,1.0
21-02-2007,32.52,33.09,32.19,32.74,10922200,0.4971133686,0.4920688602,0.5004763742,655331672,0.0,1.0
22-02-2007,32.73,33.56,32.65,33.03,10924200,0.5003235103,0.4991005992,0.504909427,655451672,0.0,1.0
23-02-2007,32.65,33.06,32.64,33.04,6717467,0.4991005992,0.4989477353,0.5050622909,403047818,0.0,1.0
26-02-2007,32.15,32.99,32.1,32.74,8234467,0.4914574047,0.4906930852,0.5004763742,494067772,0.0,1.0
27-02-2007,31.18,32.55,31.13,31.8,11910467,0.4766296074,0.475865288,0.4861071686,714627662,0.0,1.0
28-02-2007,31.0,31.67,30.71,31.09,13000800,0.4738780574,0.4694450046,0.4752538324,780047609,0.0,1.0
01-03-2007,30.62,31.19,29.93,30.33,13953800,0.4680692296,0.4575216212,0.4636361768,837227581,0.0,1.0
02-03-2007,29.77,30.72,29.71,30.35,11378800,0.455075799,0.4541586157,0.4639419046,682727658,0.0,1.0
05-03-2007,28.762,29.83,28.66,29.25,11059267,0.4396671189,0.4381079073,0.4471268767,663555688,0.0,1.0
06-03-2007,30.46,30.79,29.27,29.39,13432867,0.4656234074,0.4474326045,0.4492669712,805971617,0.0,1.0
07-03-2007,29.6,30.45,29.47,30.31,13527600,0.4524771129,0.4504898823,0.463330449,811655594,0.0,1.0
08-03-2007,30.82,31.16,30.2,30.22,12843667,0.4711265074,0.4616489462,0.461954674,770619634,0.0,1.0
09-03-2007,30.51,31.6,30.16,31.25,9255067,0.4663877268,0.4610374907,0.4776996546,555303742,0.0,1.0
12-03-2007,30.33,30.77,30.12,30.16,7133467,0.4636361768,0.4604260351,0.4610374907,428007805,0.0,1.0
13-03-2007,29.05,30.2,29.03,30.02,10284467,0.4440695989,0.4437638712,0.4588973962,617067711,0.0,1.0
14-03-2007,28.91,29.3,28.04,29.13,16193467,0.4419295045,0.4286303461,0.4452925101,971607534,0.0,1.0
15-03-2007,28.62,29.1,28.18,28.84,10929200,0.4374964517,0.4307704406,0.4408594573,655751672,0.0,1.0
16-03-2007,28.35,28.69,28.15,28.64,8760800,0.4333691267,0.4303118489,0.4378021795,525647737,0.0,1.0
19-03-2007,28.49,28.95,28.4,28.5,7691800,0.4355092211,0.4341334461,0.435662085,461507769,0.0,1.0
20-03-2007,28.35,29.05,28.24,28.4,10941467,0.4333691267,0.4316876239,0.4341334461,656487691,0.0,1.0
21-03-2007,29.97,30.44,28.941,29.5,21139600,0.4581330768,0.4424033826,0.450948474,1268375365,0.0,1.0
22-03-2007,30.63,30.81,29.86,30.0,13515867,0.4682220935,0.456451574,0.4585916684,810951614,0.0,1.0
23-03-2007,30.29,30.94,30.07,30.4,8744000,0.4630247212,0.4596617157,0.464706224,524639737,0.0,1.0
26-03-2007,30.35,30.6,29.8,30.31,7455600,0.4639419046,0.4555343907,0.463330449,447335776,0.0,1.0
27-03-2007,29.78,30.34,29.75,30.28,7817000,0.4552286629,0.4547700712,0.4628718574,469019765,0.0,1.0
28-03-2007,29.21,29.78,29.16,29.53,7658400,0.4465154212,0.4457511017,0.4514070656,459503770,0.0,1.0
29-03-2007,28.7,29.69,28.23,29.65,11983600,0.4387193628,0.43153476,0.4532414323,719015640,0.0,1.0
30-03-2007,28.78,29.3,28.63,29.09,9687400,0.4399422739,0.4376493156,0.4446810545,581243709,0.0,1.0
02-04-2007,28.75,28.95,28.28,28.71,6680467,0.4394836823,0.4322990795,0.4388722267,400827819,0.0,1.0
03-04-2007,28.64,29.07,28.37,28.75,7895400,0.4378021795,0.4336748545,0.4394836823,473723763,0.0,1.0
04-04-2007,28.58,28.83,28.5,28.6,6028200,0.4368849961,0.435662085,0.4371907239,361691819,0.0,1.0
05-04-2007,30.9,30.93,28.7,28.7,22215000,0.4723494185,0.4387193628,0.4387193628,1332899333,0.0,1.0
09-04-2007,30.34,31.25,30.28,30.9,10682467,0.4637890407,0.4628718574,0.4723494185,640947699,0.0,1.0
10-04-2007,30.03,30.65,29.97,30.3,13237000,0.4590502601,0.4581330768,0.4631775851,794219602,0.0,1.0
11-04-2007,29.49,30.39,29.39,30.09,13502467,0.4507956101,0.4492669712,0.4599674435,810147614,0.0,1.0
12-04-2007,30.33,30.42,29.14,29.33,12394000,0.4636361768,0.445445374,0.4483497879,743639628,0.0,1.0
13-04-2007,30.58,30.64,29.86,30.23,10644867,0.467457774,0.456451574,0.4621075379,638691700,0.0,1.0
16-04-2007,30.42,30.73,30.03,30.5,11197267,0.4650119518,0.4590502601,0.4662348629,671835684,0.0,1.0
17-04-2007,30.71,31.9,30.56,31.19,17651800,0.4694450046,0.4671520463,0.4767824713,1059107470,0.0,1.0
18-04-2007,31.09,31.36,30.5,30.66,11396667,0.4752538324,0.4662348629,0.4686806852,683799678,0.0,1.0
19-04-2007,31.52,31.7,30.75,30.84,9467600,0.4818269797,0.4700564602,0.4714322352,568055715,0.0,1.0
20-04-2007,31.89,32.0,31.47,31.98,9834200,0.4874829436,0.4810626602,0.4888587186,590051704,0.0,1.0
23-04-2007,31.37,31.8,31.28,31.74,9921200,0.4795340213,0.4781582463,0.4851899852,595271702,0.0,1.0
24-04-2007,32.55,32.84,31.69,31.9,17134800,0.4975719603,0.4844256658,0.4876358075,1028087485,0.0,1.0
25-04-2007,33.11,33.29,32.35,32.5,8494000,0.5061323381,0.4945146825,0.4968076408,509639745,0.0,1.0
26-04-2007,33.5199,33.77,32.81,33.11,8334467,0.5123982289,0.5015464214,0.5061323381,500067769,0.0,1.0
27-04-2007,33.07,33.78,32.54,33.41,9234267,0.5055208825,0.4974190964,0.5107182548,554055742,0.0,1.0
30-04-2007,32.89,33.94,32.88,33.52,9389800,0.5027693325,0.5026164686,0.5123997575,563387718,0.0,1.0
01-05-2007,33.24,33.71,32.97,33.49,9075867,0.5081195686,0.5039922436,0.5119411659,544551747,0.0,1.0
02-05-2007,32.85,33.55,32.68,33.41,10994267,0.502157877,0.4995591908,0.5107182548,659655690,0.0,1.0
03-05-2007,33.47,33.69,33.1,33.16,8337467,0.5116354381,0.5059794742,0.5068966575,500247769,0.0,1.0
04-05-2007,33.71,33.88,33.33,33.65,6754067,0.5153041714,0.5094953436,0.5143869881,405243817,0.0,1.0
07-05-2007,33.04,34.58,33.0,34.2,9285000,0.5050622909,0.5044508353,0.522794502,557099721,0.0,1.0
08-05-2007,33.29,33.37,32.2,32.84,12285000,0.5088838881,0.4922217241,0.5020050131,737099631,0.0,1.0
09-05-2007,33.44,33.63,32.67,33.05,6964467,0.5111768464,0.4994063269,0.5052151547,417867811,0.0,1.0
10-05-2007,32.82,34.02,32.53,33.58,13376400,0.5016992853,0.4972662325,0.5133169409,802583598,0.0,1.0
11-05-2007,35.14,35.48,34.06,34.59,25510467,0.5371637076,0.5206544076,0.5287561937,1530627254,0.0,1.0
14-05-2007,34.79,35.33,34.46,35.0,12192800,0.5318134715,0.5267689632,0.5350236132,731567634,0.0,1.0
15-05-2007,34.48,35.1,34.4,34.89,10356000,0.5270746909,0.5258517798,0.5333421104,621359689,0.0,1.0
16-05-2007,34.92,34.92,33.85,34.51,8718400,0.5338007021,0.5174442659,0.5275332826,523103738,0.0,1.0
17-05-2007,34.34,35.0,34.14,34.82,7394400,0.5249345965,0.5218773187,0.5322720632,443663778,0.0,1.0
18-05-2007,35.02,35.12,34.31,34.6,10071067,0.535329341,0.5244760048,0.5289090576,604263717,0.0,1.0
21-05-2007,35.13,36.0,34.75,34.92,10762800,0.5370108438,0.531202016,0.5338007021,645767677,0.0,1.0
22-05-2007,35.32,35.641,34.59,35.16,6695600,0.5399152577,0.5287561937,0.5374694354,401735799,0.0,1.0
23-05-2007,34.38,35.55,34.28,35.34,7470800,0.525546052,0.5240174131,0.5402209854,448247775,0.0,1.0
24-05-2007,33.14,34.6399,33.0,34.54,10130000,0.5065909297,0.5044508353,0.5279918743,607799696,0.0,1.0
25-05-2007,33.66,33.83,33.28,33.38,5149600,0.514539852,0.5087310242,0.5102596631,308975845,0.0,1.0
29-05-2007,34.02,34.13,33.42,33.52,5270667,0.520042952,0.5108711187,0.5123997575,316239861,0.0,1.0
30-05-2007,34.1,34.1,33.2,33.62,5527467,0.5212658631,0.5075081131,0.5139283964,331647854,0.0,1.0
31-05-2007,34.639,34.85,34.19,34.35,8026200,0.5295052268,0.5226416381,0.5250874604,481571759,0.0,1.0
01-06-2007,34.88,35.55,34.82,35.03,7151400,0.5331892465,0.5322720632,0.5354822049,429083785,0.0,1.0
04-06-2007,35.07,35.27,34.42,34.56,5366667,0.5360936604,0.5261575076,0.5282976021,321999859,0.0,1.0
05-06-2007,36.11,36.17,35.11,35.17,11643067,0.5519915049,0.536705116,0.5376222993,698583670,0.0,1.0
06-06-2007,36.38,36.96,35.71,35.86,15845600,0.5561188299,0.5458769493,0.5481699077,950735524,0.0,1.0
07-06-2007,35.99,36.75,35.98,36.21,13197667,0.5501571382,0.5500042744,0.5535201438,791859624,0.0,1.0
08-06-2007,36.55,36.6,35.25,35.69,8887800,0.5587175161,0.5388452104,0.5455712216,533267733,0.0,1.0
11-06-2007,36.68,36.9,36.35,36.55,7243867,0.5607047466,0.5556602383,0.5587175161,434631802,0.0,1.0
12-06-2007,36.3,37.0,36.28,36.49,8779467,0.5548959188,0.554590191,0.5578003327,526767756,0.0,1.0
13-06-2007,37.17,37.18,36.23,36.7,9787200,0.5681950772,0.5538258716,0.5610104744,587231706,0.0,1.0
14-06-2007,37.83,37.97,36.95,37.0,8475800,0.5782840939,0.5648320716,0.5655963911,508547745,0.0,1.0
15-06-2007,39.55,39.85,38.25,38.26,18033267,0.6045766829,0.5847043773,0.5848572412,1081995479,0.0,1.0
18-06-2007,39.57,40.0899,39.25,39.95,11427667,0.6048824107,0.5999907662,0.6106912385,685659677,0.0,1.0
19-06-2007,39.82,39.91,39.05,39.32,8199200,0.6087040079,0.5969334884,0.6010608134,491951754,0.0,1.0
20-06-2007,39.86,40.2,39.59,40.0,13713200,0.6093154635,0.6051881385,0.6114555579,822791588,0.0,1.0
21-06-2007,42.98,43.33,40.32,40.63,21622067,0.657008997,0.6163472024,0.621085983,1297323371,0.0,1.0
22-06-2007,43.62,43.87,42.35,43.0,14710267,0.6667922859,0.647378572,0.6573147248,882615578,0.0,1.0
25-06-2007,42.47,43.44,42.01,42.4,13661667,0.6492129386,0.6421811997,0.6481428914,819699610,0.0,1.0
26-06-2007,40.5,42.48,40.4,42.36,14474667,0.6190987524,0.6175701135,0.6475314359,868479585,0.0,1.0
27-06-2007,41.59,41.64,40.3,40.5,10219000,0.6357609164,0.6160414746,0.6190987524,613139693,0.0,1.0
28-06-2007,41.99,42.44,41.3,41.71,9958867,0.6418754719,0.6313278636,0.637595283,597531721,0.0,1.0
29-06-2007,41.31,42.28,41.29,42.27,8609467,0.6314807275,0.6311749997,0.6461556608,516567761,0.0,1.0
02-07-2007,43.03,43.0478,41.77,41.9,9397467,0.6577733164,0.6385124664,0.6404996969,563847738,0.0,1.0
03-07-2007,43.1,43.44,42.65,43.0,3979467,0.6588433637,0.6519644886,0.6573147248,238767900,0.0,1.0
05-07-2007,43.56,43.7,42.9,43.11,6221467,0.6658751026,0.6557860859,0.6589962276,373287833,0.0,1.0
06-07-2007,43.77,43.94,43.42,43.5,4712000,0.6690852443,0.6637350081,0.6649579193,282719858,0.0,1.0
09-07-2007,45.04,45.25,43.92,43.93,8946400,0.6884989582,0.6713782026,0.6715310665,536783731,0.0,1.0
10-07-2007,45.48,45.75,44.33,44.81,9210867,0.6952249694,0.6776456221,0.6849830888,552651743,0.0,1.0
11-07-2007,45.28,45.78,44.65,45.47,9710200,0.6921676916,0.6825372665,0.6950721055,582611708,0.0,1.0
12-07-2007,46.1536,46.2,45.28,45.6,7312200,0.705521881,0.6921676916,0.697059336,438731780,0.0,1.0
13-07-2007,45.87,46.57,45.82,46.02,6210467,0.7011866611,0.7004223416,0.7034796194,372627833,0.0,1.0
16-07-2007,46.7,46.89,45.9,45.91,9028467,0.7138743639,0.7016452527,0.7017981166,541707749,0.0,1.0
17-07-2007,46.5036,47.83,46.46,46.89,10730200,0.7108721171,0.7102056305,0.7167787778,643811678,0.0,1.0
18-07-2007,45.65,45.97,44.75,45.83,9177600,0.6978236555,0.6840659054,0.7005752055,550655724,0.0,1.0
19-07-2007,45.6,46.53,45.275,46.3,6789600,0.697059336,0.6920912596,0.7077598083,407375796,0.0,1.0
20-07-2007,45.1,46.06,44.88,45.9,8427467,0.6894161416,0.686053136,0.7016452527,505647767,0.0,1.0
23-07-2007,45.55,46.48,44.84,44.94,6007867,0.6962950166,0.6854416804,0.6869703193,360471839,0.0,1.0
24-07-2007,44.3464,45.75,44.07,45.37,7626000,0.6778963189,0.673671161,0.6935434666,457559771,0.0,1.0
25-07-2007,44.14,44.99,43.12,44.36,7286600,0.6747412082,0.6591490915,0.6781042137,437195781,0.0,1.0
26-07-2007,44.36,44.98,43.08,43.67,11837800,0.6781042137,0.6585376359,0.6675566054,710267644,0.0,1.0
27-07-2007,44.25,46.29,44.23,44.45,10258000,0.676422711,0.6761169832,0.6794799888,615479692,0.0,1.0
30-07-2007,45.49,45.56,44.4,44.41,8969267,0.6953778333,0.6787156693,0.6788685332,538155750,0.0,1.0
31-07-2007,45.76,47.93,45.7,47.29,11858200,0.6995051583,0.6985879749,0.7228933334,711491644,0.0,1.0
01-08-2007,45.42,46.21,43.3,45.1,11763800,0.694307786,0.6619006415,0.6894161416,705827647,0.0,1.0
02-08-2007,45.22,45.98,44.61,45.94,7810067,0.6912505082,0.681925811,0.7022567083,468603785,0.0,1.0
03-08-2007,42.54,45.4,42.52,45.07,10390200,0.6502829859,0.6499772581,0.6889575499,623411688,0.0,1.0
06-08-2007,42.9,43.22,41.7,42.9,8745400,0.6557860859,0.6374424191,0.6557860859,524723737,0.0,1.0
07-08-2007,43.58,44.29,42.33,42.71,9429400,0.6661808304,0.6470728442,0.652881672,565763717,0.0,1.0
08-08-2007,45.59,46.95,44.03,44.365,11012400,0.6969064722,0.6730597054,0.6781806457,660743669,0.0,1.0
09-08-2007,46.13,47.4,44.85,45.9,20863867,0.7051611222,0.6855945443,0.7016452527,1251831394,0.0,1.0
10-08-2007,43.99,44.29,41.39,42.35,19016867,0.6724482498,0.6327036386,0.647378572,1141011449,0.0,1.0
13-08-2007,43.51,44.64,42.6,44.34,11673467,0.6651107831,0.6512001692,0.677798486,700407669,0.0,1.0
14-08-2007,45.2,45.9,43.68,43.81,18202867,0.6909447805,0.6677094693,0.6696966998,1092171473,0.0,1.0
15-08-2007,43.29,45.6,43.23,44.96,11585667,0.6617477776,0.6608305942,0.6872760471,695139672,0.0,1.0
16-08-2007,42.57,43.17,40.5,42.86,13000467,0.6507415775,0.6190987524,0.6551746303,780027629,0.0,1.0
17-08-2007,45.08,45.12,42.39,43.75,12145200,0.6891104138,0.6479900275,0.6687795165,728711635,0.0,1.0
20-08-2007,44.9,45.6,44.35,45.11,8661400,0.6863588638,0.6779513499,0.6895690055,519683740,0.0,1.0
21-08-2007,47.33,47.69,44.5,45.17,11922267,0.7235047889,0.6802443082,0.6904861888,715335662,0.0,1.0
22-08-2007,48.41,48.69,47.55,48.53,9435867,0.740014089,0.7268677945,0.7418484557,566151736,0.0,1.0
23-08-2007,48.0,49.21,47.79,48.64,11133067,0.7337466695,0.7305365278,0.7435299584,667983686,0.0,1.0
24-08-2007,48.25,48.34,47.51,47.86,6027400,0.7375682668,0.7262563389,0.7316065751,361643819,0.0,1.0
27-08-2007,49.34,49.85,48.03,48.25,10599067,0.7542304307,0.7342052612,0.7375682668,635943702,0.0,1.0
28-08-2007,46.33,49.7,46.22,49.35,9333667,0.7082184,0.7065368972,0.7543832946,560019739,0.0,1.0
29-08-2007,48.96,49.02,47.2,47.3,8976000,0.7484216029,0.7215175584,0.7230461973,538559730,0.0,1.0
30-08-2007,48.68,49.89,48.47,48.49,7761000,0.744141414,0.7409312723,0.7412370001,465659767,0.0,1.0
31-08-2007,51.16,51.35,49.43,49.7,12013867,0.7820516586,0.7556062057,0.7597335307,720831659,0.0,1.0
04-09-2007,52.74,52.96,50.59,51.39,11387800,0.8062041531,0.7733384169,0.7855675281,683267658,0.0,1.0
05-09-2007,52.34,54.0,52.3,52.51,10937867,0.8000895976,0.799478142,0.8026882837,656271691,0.0,1.0
06-09-2007,52.57,53.47,52.35,52.99,7091600,0.803605467,0.8002424614,0.8100257504,425495787,0.0,1.0
07-09-2007,50.65,51.64,49.67,51.11,10038400,0.7742556002,0.7592749391,0.7812873391,602303698,0.0,1.0
10-09-2007,50.79,52.65,50.37,51.75,14535200,0.7763956947,0.7699754113,0.7910706281,872111563,0.0,1.0
11-09-2007,34.58,34.84,33.91,34.35,6757067,0.7929045983,0.7775417851,0.7876307967,270282680,0.0,1.49999925
12-09-2007,33.22,35.12,32.88,34.95,13861300,0.7617203804,0.753924326,0.8013885399,554452000,0.0,1.0
13-09-2007,33.23,33.888,32.99,33.85,11321600,0.7619496762,0.7564465789,0.7761660108,452864000,0.0,1.0
14-09-2007,32.25,32.94,32.15,32.9,12182700,0.7394786956,0.7371857384,0.7543829174,487308000,0.0,1.0
17-09-2007,32.18,32.64,31.83,32.3,9370700,0.7378736256,0.7298482754,0.7406251742,374828000,0.0,1.0
18-09-2007,35.0,35.5,32.47,32.52,21118500,0.8025350185,0.7445232015,0.7456696801,844740000,0.0,1.0
19-09-2007,34.3599,36.0,34.02,35.32,13034000,0.7878577995,0.780064038,0.8098724815,521360000,0.0,1.0
20-09-2007,34.16,34.75,33.78,34.38,8104300,0.7832741781,0.7745609407,0.7883186839,324172000,0.0,1.0
21-09-2007,34.49,35.0,34.16,34.5,11438300,0.7908409368,0.7832741781,0.7910702325,457532000,0.0,1.0
24-09-2007,35.37,35.9,34.45,34.7,11409000,0.8110189601,0.7899237539,0.7956561469,456360000,0.0,1.0
25-09-2007,35.8201,35.97,35.06,35.06,9018700,0.8213395605,0.8039107928,0.8039107928,360748000,0.0,1.0
26-09-2007,36.67,36.75,35.91,36.0,12950800,0.8408274037,0.823400929,0.8254645905,518032000,0.0,1.0
27-09-2007,36.7801,37.2,36.39,37.02,9457000,0.8433519496,0.8344071235,0.8488527539,378280000,0.0,1.0
28-09-2007,36.24,37.13,36.16,37.0,10107300,0.8309676877,0.829133322,0.8483941624,404292000,0.0,1.0
01-10-2007,37.7699,37.95,36.51,36.65,9955000,0.8660476399,0.8371586722,0.8403688122,398200000,0.0,1.0
02-10-2007,37.4075,37.75,36.86,37.68,7124000,0.857737963,0.8451840224,0.8639862714,284960000,0.0,1.0
03-10-2007,35.8201,36.75,35.23,36.55,11679900,0.8213395605,0.8078088201,0.8380758551,467196000,0.0,1.0
04-10-2007,35.98,36.19,34.75,35.78,9474400,0.825005999,0.7968026255,0.8204200846,378976000,0.0,1.0
05-10-2007,36.9299,37.13,36.16,36.55,8621000,0.8467867994,0.829133322,0.8380758551,344840000,0.0,1.0
08-10-2007,37.53,37.59,36.75,37.19,6312100,0.8605468356,0.8426617694,0.8527507811,252484000,0.0,1.0
09-10-2007,36.8712,37.7,36.32,37.53,10075200,0.8454408336,0.8328020535,0.8605468356,403008000,0.0,1.0
10-10-2007,36.91,37.12,36.02,37.12,9728400,0.846330501,0.8259231819,0.8511457111,389136000,0.0,1.0
11-10-2007,35.27,37.03,34.87,36.47,13227600,0.8087260029,0.7995541742,0.8362414893,529104000,0.0,1.0
12-10-2007,36.13,36.13,35.11,35.66,10248800,0.8284454348,0.8050572714,0.817668536,409952000,0.0,1.0
15-10-2007,36.39,36.86,36.08,36.25,8897500,0.8344071235,0.8272989562,0.8311969835,355900000,0.0,1.0
16-10-2007,36.72,37.37,36.22,36.35,6909000,0.8419738823,0.8305090963,0.8334899407,276360000,0.0,1.0
17-10-2007,39.54,39.65,38.11,38.15,17948600,0.9066352752,0.8738459873,0.8747631702,717944000,0.0,1.0
18-10-2007,39.51,39.67,38.42,39.41,8515500,0.905947388,0.8809541546,0.9036544309,340620000,0.0,1.0
19-10-2007,37.39,39.44,37.38,39.42,12644200,0.8573366955,0.8571073998,0.9038837266,505768000,0.0,1.0
22-10-2007,39.16,39.24,36.85,37.15,13441400,0.8979220379,0.8449547266,0.8518335982,537656000,0.0,1.0
23-10-2007,39.35,39.67,38.28,39.67,7357300,0.9022786565,0.8777440145,0.9096161196,294292000,0.0,1.0
24-10-2007,38.02,38.5,36.15,38.5,14137500,0.8717823258,0.8289040263,0.8827885204,565500000,0.0,1.0
25-10-2007,34.7,37.2,33.59,36.85,20154800,0.7956561469,0.7702043221,0.8449547266,806192000,0.0,1.0
26-10-2007,34.4,36.04,33.9,35.8,15414500,0.7887772753,0.7773124894,0.8208786761,616580000,0.0,1.0
29-10-2007,33.59,33.75,32.56,33.22,20347400,0.7702043221,0.7465868629,0.7617203804,813896000,0.0,1.0
30-10-2007,34.82,35.53,33.3,33.86,13130300,0.7984076956,0.7635547462,0.7763953065,525212000,0.0,1.0
31-10-2007,35.38,35.4,33.94,35.03,11379700,0.8112482559,0.7782296722,0.8032229057,455188000,0.0,1.0
01-11-2007,35.38,36.09,34.35,34.83,14680900,0.8112482559,0.7876307967,0.7986369913,587236000,0.0,1.0
02-11-2007,36.74,37.0,35.37,35.87,12296100,0.8424324737,0.8110189601,0.8224837461,491844000,0.0,1.0
05-11-2007,36.74,37.62,36.2,36.43,10915900,0.8424324737,0.8300505049,0.8353243064,436636000,0.0,1.0
06-11-2007,37.9,38.2,36.92,37.09,13865500,0.8690307772,0.8465597967,0.8504578239,554620000,0.0,1.0
07-11-2007,36.1,38.03,35.8,37.88,13669200,0.8277575477,0.8208786761,0.8685721858,546768000,0.0,1.0
08-11-2007,33.8375,36.4,32.81,35.75,24920600,0.7758793911,0.7523192559,0.8197321975,996824000,0.0,1.0
09-11-2007,33.36,34.8,32.65,34.55,21776400,0.7649305205,0.7486505244,0.7922167111,871056000,0.0,1.0
12-11-2007,30.03,33.59,30.03,33.35,17893300,0.6885750459,0.6885750459,0.7647012248,715732000,0.0,1.0
13-11-2007,32.68,32.71,30.03,30.52,18167400,0.7493384116,0.6885750459,0.6998105361,726696000,0.0,1.0
14-11-2007,32.17,33.83,32.0,33.51,16668000,0.7376443299,0.7337463026,0.7683699563,666720000,0.0,1.0
15-11-2007,31.74,32.26,31.0,31.964,12410900,0.7277846139,0.7108167307,0.7329208381,496436000,0.0,1.0
16-11-2007,32.45,32.54,31.74,32.0,10589800,0.74406461,0.7277846139,0.7337463026,423592000,0.0,1.0
19-11-2007,30.26,32.1501,30.09,31.99,14210300,0.6938488474,0.6899508202,0.7335170069,568412000,0.0,1.0
20-11-2007,30.03,30.88,29.11,30.83,15565700,0.6885750459,0.6674798397,0.7069187035,622628000,0.0,1.0
21-11-2007,29.71,30.42,29.31,29.4,16211300,0.6812375829,0.6720657541,0.6741294156,648452000,0.0,1.0
23-11-2007,30.22,30.35,29.54,29.92,3549400,0.6929316646,0.6773395556,0.686052793,141976000,0.0,1.0
26-11-2007,29.52,30.82,29.46,30.2,9647400,0.6768809642,0.6755051899,0.6924730731,385896000,0.0,1.0
27-11-2007,30.79,30.88,29.71,29.94,11471400,0.7060015206,0.6812375829,0.6865113844,458856000,0.0,1.0
28-11-2007,32.85,33.29,31.61,31.76,14363700,0.7532364388,0.7248037696,0.7282432054,574548000,0.0,1.0
29-11-2007,33.12,34.1,32.6561,32.8,12227100,0.7594274232,0.7487903948,0.7520899602,489084000,0.0,1.0
30-11-2007,31.54,34.2,31.44,34.2,16316400,0.7231986995,0.7209057423,0.784191361,652656000,0.0,1.0
03-12-2007,32.0,32.59,31.51,32.0,12267200,0.7337463026,0.7225108124,0.7337463026,490688000,0.0,1.0
04-12-2007,31.97,32.25,31.35,32.14,9292800,0.7330584155,0.7188420809,0.7369564427,371712000,0.0,1.0
05-12-2007,33.63,34.25,32.78,33.19,16667600,0.7711215049,0.7516313688,0.7610324933,666704000,0.0,1.0
06-12-2007,34.31,34.42,33.25,33.55,9278800,0.7867136139,0.7624082676,0.7692871392,371152000,0.0,1.0
07-12-2007,33.88,34.49,33.53,34.45,8007300,0.7768538979,0.7688285477,0.7899237539,320292000,0.0,1.0
10-12-2007,34.25,34.65,33.89,33.99,8409000,0.7853378396,0.7770831936,0.7793761508,336360000,0.0,1.0
11-12-2007,34.2896,35.62,34.21,34.98,14560900,0.7862458506,0.7844206567,0.8020764271,582436000,0.0,1.0
12-12-2007,35.47,36.09,34.78,35.74,15437600,0.8133119173,0.7974905127,0.8195029018,617504000,0.0,1.0
13-12-2007,34.5,35.27,33.48,35.04,12509100,0.7910702325,0.7676820691,0.8034522014,500364000,0.0,1.0
14-12-2007,35.07,35.45,34.11,34.34,8850400,0.8041400886,0.7821276995,0.787401501,354016000,0.0,1.0
17-12-2007,33.28,35.03,33.2,34.7,12685200,0.7630961548,0.761261789,0.7956561469,507408000,0.0,1.0
18-12-2007,34.13,34.5,33.45,33.79,9922400,0.7825862909,0.766994182,0.7747902364,396896000,0.0,1.0
19-12-2007,34.45,34.77,33.87,34.01,6338400,0.7899237539,0.7766246022,0.7798347423,253536000,0.0,1.0
20-12-2007,35.17,35.25,34.27,35.0,6998500,0.8064330458,0.785796431,0.8025350185,279940000,0.0,1.0
21-12-2007,35.16,35.9,34.84,35.59,10835200,0.80620375,0.798866287,0.816063466,433408000,0.0,1.0
24-12-2007,35.78,35.95,35.16,35.42,2600200,0.8204200846,0.80620375,0.8121654387,104008000,0.0,1.0
26-12-2007,36.26,36.26,35.5,35.85,5383500,0.8314262792,0.8139998045,0.8220251547,215340000,0.0,1.0
27-12-2007,35.14,36.4,35.05,36.2,6034200,0.8057451586,0.8036814971,0.8300505049,241368000,0.0,1.0
28-12-2007,34.79,35.5,34.49,35.08,6551600,0.7977198084,0.7908409368,0.8043693843,262064000,0.0,1.0
31-12-2007,34.02,35.14,34.01,34.51,6905900,0.780064038,0.7798347423,0.7912995283,276236000,0.0,1.0
02-01-2008,33.01,34.25,32.56,34.12,12099100,0.7569051703,0.7465868629,0.7823569952,483964000,0.0,1.0
03-01-2008,32.75,33.86,32.63,33.2,11882700,0.7509434816,0.748191933,0.761261789,475308000,0.0,1.0
04-01-2008,30.0,31.93,29.8,31.77,18402300,0.6878871587,0.6833012443,0.7284725011,736092000,0.0,1.0
07-01-2008,26.9,30.45,26.35,30.2,25170000,0.6168054857,0.6041942211,0.6924730731,1006800000,0.0,1.0
08-01-2008,27.47,29.29,26.42,27.05,27673900,0.6298753417,0.6057992911,0.6202449215,1106956000,0.0,1.0
09-01-2008,28.89,28.9,27.43,27.84,18525900,0.6624353339,0.6289581588,0.6383592833,741036000,0.0,1.0
10-01-2008,28.29,28.74,27.73,28.1,13860800,0.6486775907,0.6358370304,0.644320972,554432000,0.0,1.0
11-01-2008,27.05,28.2,26.85,27.62,14315300,0.6202449215,0.6156590071,0.6333147775,572612000,0.0,1.0
14-01-2008,28.85,28.89,27.01,27.45,13479700,0.661518151,0.6193277386,0.6294167502,539188000,0.0,1.0
15-01-2008,26.73,28.08,26.26,27.75,18142300,0.6129074584,0.6021305596,0.6362956218,725692000,0.0,1.0
16-01-2008,23.71,25.36,23.16,25.05,36611800,0.5436601511,0.5310488865,0.5743857775,1464472000,0.0,1.0
17-01-2008,23.3,24.72,23.24,24.08,28347500,0.5342590266,0.5328832523,0.5521440927,1133900000,0.0,1.0
18-01-2008,24.84,24.97,22.52,23.37,23010700,0.5695705674,0.5163739605,0.5358640967,920428000,0.0,1.0
22-01-2008,23.68,24.18,22.33,22.47,17727300,0.542972264,0.5120173418,0.5152274819,709092000,0.0,1.0
23-01-2008,24.03,24.7399,22.42,22.64,23247000,0.5509976141,0.5140810033,0.5191255091,929880000,0.0,1.0
24-01-2008,25.87,25.88,24.27,24.5,14927300,0.5931880265,0.5565007114,0.561774513,597092000,0.0,1.0
25-01-2008,24.95,27.46,24.83,26.86,17200300,0.5720928203,0.5693412717,0.6158883028,688012000,0.0,1.0
28-01-2008,24.65,25.11,24.1216,24.86,14440200,0.5652139488,0.5530979629,0.5700291589,577608000,0.0,1.0
29-01-2008,25.41,25.51,24.44,25.09,10362100,0.5826404234,0.5603987386,0.5753029604,414484000,0.0,1.0
30-01-2008,25.19,25.57,24.47,25.0,13261900,0.5775959176,0.5610866258,0.5732392989,530476000,0.0,1.0
31-01-2008,24.59,25.05,23.83,24.64,14717700,0.5638381744,0.5464116998,0.564984653,588708000,0.0,1.0
01-02-2008,26.8601,27.0,24.33,24.54,14827600,0.6158905957,0.5578764857,0.5626916958,593104000,0.0,1.0
04-02-2008,26.02,27.59,25.88,27.44,14128200,0.5966274623,0.5934173223,0.6291874545,565128000,0.0,1.0
05-02-2008,24.39,25.51,24.38,25.5,12373200,0.55925226,0.5590229643,0.5847040849,494928000,0.0,1.0
06-02-2008,24.31,25.33,23.86,24.65,13934500,0.5574178943,0.5470995869,0.5652139488,557380000,0.0,1.0
07-02-2008,24.55,25.24,23.1,23.61,16603200,0.5629209916,0.5296731122,0.5413671939,664128000,0.0,1.0
08-02-2008,24.99,25.18,24.0,24.32,9848300,0.5730100032,0.550309727,0.55764719,393932000,0.0,1.0
11-02-2008,25.07,25.61,24.9,25.2,12593300,0.574844369,0.5709463417,0.5778252133,503732000,0.0,1.0
12-02-2008,26.0,26.36,25.31,25.45,15242200,0.5961688709,0.5803474662,0.5835576063,609688000,0.0,1.0
13-02-2008,27.02,27.1,25.92,26.2,18557800,0.6195570343,0.5943345051,0.6007547853,742312000,0.0,1.0
14-02-2008,22.61,26.25,22.55,26.23,54607400,0.518437622,0.5170618476,0.6014426724,2184296000,0.0,1.0
15-02-2008,22.27,23.13,21.91,22.52,20434100,0.5106415675,0.5023869216,0.5163739605,817364000,0.0,1.0
19-02-2008,21.94,22.72,21.75,22.7,13965200,0.5030748088,0.4987181901,0.5205012834,558608000,0.0,1.0
20-02-2008,21.78,22.1,21.21,21.3,18975400,0.4994060772,0.4863362212,0.4883998827,759016000,0.0,1.0
21-02-2008,21.29,22.11,21.16,22.0,16106800,0.488170587,0.4851897426,0.5044505831,644272000,0.0,1.0
22-02-2008,22.32,22.36,21.3,21.46,18076300,0.5117880461,0.4883998827,0.4920686142,723052000,0.0,1.0
25-02-2008,22.31,22.56,21.72,22.3,16794600,0.5115587504,0.4980303029,0.5113294547,671784000,0.0,1.0
26-02-2008,22.5,22.84,21.84,22.18,14135500,0.515915369,0.5007818516,0.508577906,565420000,0.0,1.0
27-02-2008,22.85,23.03,22.25,22.39,13445400,0.5239407192,0.5101829761,0.5133931161,537816000,0.0,1.0
28-02-2008,21.99,22.69,21.99,22.65,12590200,0.5042212873,0.5042212873,0.5193548048,503608000,0.0,1.0
29-02-2008,21.39,21.92,21.3,21.699,13514400,0.4904635442,0.4883998827,0.4975487819,540576000,0.0,1.0
03-03-2008,21.14,21.51,20.86,21.36,11225700,0.4847311512,0.478310871,0.489775657,449028000,0.0,1.0
04-03-2008,20.93,21.04,20.11,21.0,19472200,0.4799159411,0.4611136921,0.4815210111,778888000,0.0,1.0
05-03-2008,21.1699,21.67,20.91,21.13,16116400,0.4854167454,0.4794573496,0.4845018555,644656000,0.0,1.0
06-03-2008,19.84,21.05,19.81,20.91,26882100,0.4549227076,0.4542348205,0.4794573496,1075284000,0.0,1.0
07-03-2008,19.55,20.32,19.0,19.48,19187500,0.4482731318,0.4356618672,0.4466680617,767500000,0.0,1.0
10-03-2008,18.43,19.55,18.4,19.31,19402500,0.4225920112,0.421904124,0.4427700345,776100000,0.0,1.0
11-03-2008,19.04,19.23,18.24,19.0,21448500,0.4365790501,0.4182353925,0.4356618672,857940000,0.0,1.0
12-03-2008,18.52,19.39,18.36,19.22,18583000,0.4246556727,0.4209869411,0.440706373,743320000,0.0,1.0
13-03-2008,19.7,19.98,18.12,18.23,30513200,0.4517125676,0.4154838439,0.4180060968,1220528000,0.0,1.0
14-03-2008,18.32,19.82,18.18,19.8,28874300,0.4200697583,0.4168596182,0.4540055248,1154972000,0.0,1.0
17-03-2008,17.86,18.48,17.31,17.52,20023800,0.4095221552,0.3969108906,0.4017261007,800952000,0.0,1.0
18-03-2008,18.97,19.0,17.76,18.28,26881400,0.43497398,0.407229198,0.4191525754,1075256000,0.0,1.0
19-03-2008,17.66,18.79,17.66,18.53,22011900,0.4049362408,0.4049362408,0.4248849684,880476000,0.0,1.0
20-03-2008,18.52,18.56,17.55,17.87,15836500,0.4246556727,0.4024139879,0.4097514509,633460000,0.0,1.0
24-03-2008,20.03,20.14,18.86,18.93,22186000,0.4592793263,0.4324517271,0.4340567972,887440000,0.0,1.0
25-03-2008,20.32,20.7,19.93,20.12,18384700,0.4659289022,0.4569863691,0.4613429878,735388000,0.0,1.0
26-03-2008,19.67,20.19,19.45,20.05,18041300,0.4510246804,0.4459801746,0.4597379178,721652000,0.0,1.0
27-03-2008,19.39,19.92,19.07,19.37,15032700,0.4446044003,0.4372669372,0.4441458088,601308000,0.0,1.0
28-03-2008,19.68,20.19,19.54,19.74,14044700,0.4512539761,0.4480438361,0.4526297504,561788000,0.0,1.0
31-03-2008,19.79,20.26,19.54,19.89,14249800,0.453776229,0.4480438361,0.4560691862,569992000,0.0,1.0
01-04-2008,21.0,21.05,20.09,20.38,16921800,0.4815210111,0.4606551006,0.4673046765,676872000,0.0,1.0
02-04-2008,20.36,21.06,20.2,21.06,15413400,0.4668460851,0.4631773535,0.4828967854,616536000,0.0,1.0
03-04-2008,19.98,20.22,19.39,20.19,21049600,0.4581328477,0.4446044003,0.4629480578,841984000,0.0,1.0
04-04-2008,18.78,19.68,18.73,19.58,38388200,0.4306173614,0.4294708828,0.4489610189,1535528000,0.0,1.0
07-04-2008,19.23,19.52,19.08,19.24,18237400,0.4409356687,0.437496233,0.4411649645,729496000,0.0,1.0
08-04-2008,19.12,19.74,19.0,19.0,15986900,0.4384134158,0.4356618672,0.4356618672,639476000,0.0,1.0
09-04-2008,19.5,19.7,19.16,19.34,16880800,0.4471266532,0.4393305987,0.4434579217,675232000,0.0,1.0
10-04-2008,19.88,20.51,19.29,19.71,27304600,0.4558398905,0.4423114431,0.4519418633,1092184000,0.0,1.0
11-04-2008,18.53,19.62,18.41,19.5,27657000,0.4248849684,0.4221334197,0.4471266532,1106280000,0.0,1.0
14-04-2008,17.91,18.5,17.8,18.46,19500100,0.4106686338,0.4081463808,0.4232798983,780004000,0.0,1.0
15-04-2008,18.12,18.19,17.61,18.0,10997900,0.4154838439,0.4037897622,0.4127322952,439916000,0.0,1.0
16-04-2008,18.84,19.08,18.48,18.82,16170900,0.4319931357,0.4237384898,0.4315345442,646836000,0.0,1.0
17-04-2008,18.58,18.65,17.9599,17.97,14924200,0.426031447,0.4118128194,0.4120444081,596968000,0.0,1.0
18-04-2008,19.02,19.32,18.76,19.13,14338500,0.4361204586,0.4301587699,0.4386427116,573540000,0.0,1.0
21-04-2008,19.87,20.0,18.87,18.88,16997300,0.4556105948,0.4326810228,0.4329103186,679892000,0.0,1.0
22-04-2008,19.5,19.72,19.08,19.6,14691700,0.4471266532,0.437496233,0.4494196104,587668000,0.0,1.0
23-04-2008,20.44,20.66,19.51,19.77,25512400,0.4686804508,0.4473559489,0.4533176376,1020496000,0.0,1.0
24-04-2008,19.95,20.66,19.65,20.6,16394100,0.4574449606,0.450566089,0.4723491823,655764000,0.0,1.0
25-04-2008,20.15,20.2,19.51,20.14,13805200,0.4620308749,0.4473559489,0.4618015792,552208000,0.0,1.0
28-04-2008,19.79,20.36,19.71,20.06,13392500,0.453776229,0.4519418633,0.4599672135,535700000,0.0,1.0
29-04-2008,20.2,20.45,19.57,19.58,14335200,0.4631773535,0.4487317232,0.4489610189,573408000,0.0,1.0
30-04-2008,20.55,20.77,20.3,20.43,26708000,0.4712027037,0.4654703107,0.4684511551,1068320000,0.0,1.0
01-05-2008,21.5,21.55,20.7,20.8,25365600,0.4929857971,0.4746421395,0.4769350967,1014624000,0.0,1.0
02-05-2008,22.52,22.52,21.755,22.0,28275400,0.5163739605,0.4988328379,0.5044505831,1131016000,0.0,1.0
05-05-2008,21.96,22.47,21.91,22.42,23584800,0.5035334002,0.5023869216,0.5140810033,943392000,0.0,1.0
06-05-2008,22.53,22.58,21.56,21.9,18225900,0.5166032562,0.4943615714,0.5021576259,729036000,0.0,1.0
07-05-2008,22.01,22.89,21.82,22.69,17890800,0.5046798788,0.5003232601,0.5202719877,715632000,0.0,1.0
08-05-2008,21.95,22.25,21.01,22.18,34000000,0.5033041045,0.4817503068,0.508577906,1360000000,0.0,1.0
09-05-2008,22.53,23.43,21.97,22.0,50758800,0.5166032562,0.5037626959,0.5044505831,2030352000,0.0,1.0
12-05-2008,21.89,22.82,21.67,22.82,25166300,0.5019283302,0.4968838243,0.5232528321,1006652000,0.0,1.0
13-05-2008,21.44,22.0,21.28,22.0,21352700,0.4916100228,0.4879412913,0.5044505831,854108000,0.0,1.0
14-05-2008,22.07,22.64,21.44,21.71,18778700,0.5060556531,0.4916100228,0.4978010072,751148000,0.0,1.0
15-05-2008,23.78,23.88,21.92,22.02,29136600,0.5452652212,0.5026162173,0.5049091745,1165464000,0.0,1.0
16-05-2008,24.41,24.46,23.63,24.15,27288900,0.5597108515,0.5418257854,0.5537491628,1091556000,0.0,1.0
19-05-2008,23.9,25.31,23.73,24.44,28963300,0.5480167698,0.5441187426,0.5603987386,1158532000,0.0,1.0
20-05-2008,23.28,23.52,23.01,23.25,19285100,0.5338004352,0.5276094507,0.533112548,771404000,0.0,1.0
21-05-2008,23.09,24.24,23.04,23.35,26666500,0.5294438165,0.5282973379,0.5354055052,1066660000,0.0,1.0
22-05-2008,23.65,23.84,23.05,23.42,17327700,0.5422843768,0.5285266336,0.5370105752,693108000,0.0,1.0
23-05-2008,23.11,23.8,22.77,23.61,20066800,0.5299024079,0.5221063535,0.5413671939,802672000,0.0,1.0
27-05-2008,23.36,23.39,22.71,23.15,20821400,0.5356348009,0.5207305792,0.5308195908,832856000,0.0,1.0
28-05-2008,23.58,24.06,23.31,23.97,18793400,0.5406793068,0.5344883223,0.5496218398,751736000,0.0,1.0
29-05-2008,23.52,23.63,23.09,23.59,17336500,0.5393035324,0.5294438165,0.5409086025,693460000,0.0,1.0
30-05-2008,24.7,24.78,24.12,24.2,20756100,0.5663604274,0.5530612756,0.5548956414,830244000,0.0,1.0
02-06-2008,24.8,24.99,24.43,24.7,18366500,0.5686533846,0.5601694429,0.5663604274,734660000,0.0,1.0
03-06-2008,23.96,24.92,23.67,24.9,21017400,0.5493925441,0.5427429682,0.5709463417,840696000,0.0,1.0
04-06-2008,24.24,24.29,23.3,23.48,20793100,0.5558128243,0.5342590266,0.5383863496,831724000,0.0,1.0
05-06-2008,24.85,25.35,24.5703,25.04,20696500,0.5697998631,0.5633864619,0.5741564818,827860000,0.0,1.0
06-06-2008,24.06,24.58,23.92,24.55,19621900,0.5516855013,0.5484753612,0.5629209916,784876000,0.0,1.0
09-06-2008,23.69,24.25,23.21,23.92,15947900,0.5432015597,0.5321953651,0.5484753612,637916000,0.0,1.0
10-06-2008,22.29,23.08,22.14,23.05,30630200,0.5111001589,0.5076607231,0.5285266336,1225208000,0.0,1.0
11-06-2008,21.25,22.83,21.22,22.28,24985700,0.4872534041,0.4865655169,0.5108708632,999428000,0.0,1.0
12-06-2008,21.38,22.15,21.2,21.73,20649800,0.4902342485,0.4861069255,0.4982595986,825992000,0.0,1.0
13-06-2008,21.31,21.66,20.68,21.41,17643700,0.4886291784,0.4741835481,0.4909221356,705748000,0.0,1.0
16-06-2008,21.02,21.28,20.85,21.08,15762400,0.4819796026,0.4780815753,0.4833553769,630496000,0.0,1.0
17-06-2008,20.51,21.33,20.46,21.32,17197800,0.4702855209,0.4691390423,0.4888584741,687912000,0.0,1.0
18-06-2008,19.91,21.0,19.58,20.27,26631800,0.4565277777,0.4489610189,0.4647824236,1065272000,0.0,1.0
19-06-2008,19.86,20.3,19.38,19.95,19623200,0.4553812991,0.4443751045,0.4574449606,784928000,0.0,1.0
20-06-2008,19.76,19.98,19.41,19.695,18525200,0.4530883419,0.4450629917,0.4515979197,741008000,0.0,1.0
23-06-2008,19.35,19.93,19.18,19.93,19415400,0.4436872174,0.4397891901,0.4569863691,776616000,0.0,1.0
24-06-2008,19.99,20.45,19.24,19.25,26973200,0.4583621434,0.4411649645,0.4413942602,1078928000,0.0,1.0
25-06-2008,20.1,20.45,19.78,20.3,22524400,0.4608843963,0.4535469333,0.4654703107,900976000,0.0,1.0
26-06-2008,19.07,19.65,19.065,19.5,21138300,0.4372669372,0.4371522894,0.4471266532,845532000,0.0,1.0
27-06-2008,19.28,19.39,18.71,19.13,14603500,0.4420821473,0.4290122913,0.4386427116,584140000,0.0,1.0
30-06-2008,18.72,19.23,18.59,19.06,16348500,0.429241587,0.4262607427,0.4370376415,653940000,0.0,1.0
01-07-2008,18.75,18.77,18.16,18.55,22036600,0.4299294742,0.4164010268,0.4253435598,881464000,0.0,1.0
02-07-2008,18.03,18.78,18.0,18.66,19079900,0.4134201824,0.4127322952,0.4278658127,763196000,0.0,1.0
03-07-2008,12.49,13.13,12.4,12.98,74688000,0.2863903538,0.2843266923,0.297625844,2987520000,0.0,1.0
07-07-2008,12.1,12.76,11.76,12.7,55067300,0.2774478207,0.2696517662,0.2912055639,2202692000,0.0,1.0
08-07-2008,12.03,12.48,11.8,12.15,45132200,0.2758427507,0.2705689491,0.2785942993,1805288000,0.0,1.0
09-07-2008,11.82,12.24,11.8151,12.06,35329200,0.2710275405,0.2709151856,0.2765306378,1413168000,0.0,1.0
10-07-2008,11.79,12.02,11.57,11.85,26424800,0.2703396534,0.2652951476,0.2717154277,1056992000,0.0,1.0
11-07-2008,11.67,11.96,11.32,11.5,20194000,0.2675881047,0.2595627546,0.2636900775,807760000,0.0,1.0
14-07-2008,11.14,11.85,11.06,11.5,22057900,0.2554354316,0.2536010659,0.2636900775,882316000,0.0,1.0
15-07-2008,11.26,11.49,10.7,11.0,28062100,0.2581869802,0.2453464199,0.2522252915,1122484000,0.0,1.0
16-07-2008,11.32,11.62,10.99,11.25,25859800,0.2595627546,0.2519959958,0.2579576845,1034392000,0.0,1.0
17-07-2008,11.36,11.5,10.92,11.49,21552000,0.2604799374,0.2503909258,0.2634607818,862080000,0.0,1.0
18-07-2008,11.56,11.63,10.96,11.3,22493000,0.2650658518,0.2513081087,0.2591041631,899720000,0.0,1.0
21-07-2008,11.63,11.91,11.53,11.73,14290900,0.2666709219,0.2643779647,0.2689638791,571636000,0.0,1.0
22-07-2008,11.38,11.57,11.16,11.55,13898100,0.2609385289,0.255894023,0.2648365561,555924000,0.0,1.0
23-07-2008,11.72,11.84,11.41,11.46,14871900,0.2687345833,0.261626416,0.2627728946,594876000,0.0,1.0
24-07-2008,11.03,11.71,11.0,11.6,17640700,0.2529131787,0.2522252915,0.2659830347,705628000,0.0,1.0
25-07-2008,11.56,11.6,10.91,11.14,25990000,0.2650658518,0.2501616301,0.2554354316,1039600000,0.0,1.0
28-07-2008,11.53,11.91,11.3599,11.41,18370200,0.2643779647,0.2604776445,0.261626416,734808000,0.0,1.0
29-07-2008,11.65,11.94,11.42,11.55,19115900,0.2671295133,0.2618557118,0.2648365561,764636000,0.0,1.0
30-07-2008,11.48,11.9,11.22,11.88,14712300,0.2632314861,0.2572697974,0.2724033149,588492000,0.0,1.0
31-07-2008,11.44,11.69,11.32,11.45,12180900,0.2623143032,0.2595627546,0.2625435989,487236000,0.0,1.0
01-08-2008,10.84,11.18,10.7,11.14,22026500,0.24855656,0.2453464199,0.2554354316,881060000,0.0,1.0
04-08-2008,10.58,10.9,10.55,10.73,13051300,0.2425948713,0.2419069842,0.2460343071,522052000,0.0,1.0
05-08-2008,11.19,11.19,10.66,10.78,17146100,0.2565819102,0.2444292371,0.2471807857,685844000,0.0,1.0
06-08-2008,11.49,11.59,10.86,11.22,20371600,0.2634607818,0.2490151515,0.2572697974,814864000,0.0,1.0
07-08-2008,11.31,11.9,11.18,11.39,20480800,0.2593334588,0.2563526145,0.2611678246,819232000,0.0,1.0
08-08-2008,11.0,11.5,10.96,11.4,21344100,0.2522252915,0.2513081087,0.2613971203,853764000,0.0,1.0
11-08-2008,11.23,11.5,11.04,11.08,29910900,0.2574990931,0.2531424744,0.2540596573,1196436000,0.0,1.0
12-08-2008,11.07,11.35,10.91,11.32,35271700,0.2538303616,0.2501616301,0.2595627546,1410868000,0.0,1.0
13-08-2008,12.26,12.44,11.66,11.95,52381500,0.2811165522,0.267358809,0.2740083849,2095260000,0.0,1.0
14-08-2008,13.0,13.49,12.17,12.17,40882600,0.2980844354,0.2790528907,0.2790528907,1635304000,0.0,1.0
15-08-2008,12.96,13.38,12.87,13.125,19441300,0.2971672526,0.2951035911,0.3009506319,777652000,0.0,1.0
18-08-2008,13.22,13.34,12.91,13.05,22349200,0.3031289413,0.296020774,0.299230914,893968000,0.0,1.0
19-08-2008,13.42,13.5,12.95,12.95,25353500,0.3077148557,0.2969379569,0.2969379569,1014140000,0.0,1.0
20-08-2008,14.08,14.12,13.52,13.62,28592300,0.3228483732,0.3100078129,0.3123007701,1143692000,0.0,1.0
21-08-2008,13.62,13.94,13.34,13.83,25539000,0.3123007701,0.3058804899,0.3171159802,1021560000,0.0,1.0
22-08-2008,13.61,13.88,13.32,13.72,11481600,0.3120714743,0.3054218985,0.3145937273,459264000,0.0,1.0
25-08-2008,13.41,13.85,13.37,13.53,11790000,0.30748556,0.3065683771,0.3102371086,471600000,0.0,1.0
26-08-2008,13.09,13.4899,12.95,13.48,15327800,0.3001480969,0.2969379569,0.30909063,613112000,0.0,1.0
27-08-2008,13.19,13.35,12.67,12.79,11365500,0.3024410541,0.2905176767,0.2932692253,454620000,0.0,1.0
28-08-2008,13.14,13.35,13.01,13.21,9129800,0.3012945755,0.2983137312,0.3028996456,365192000,0.0,1.0
29-08-2008,12.64,12.9999,12.6,12.96,12900100,0.2898297895,0.2889126067,0.2971672526,516004000,0.0,1.0
02-09-2008,12.32,12.96,12.15,12.85,17348200,0.2824923265,0.2785942993,0.2946449997,693928000,0.0,1.0
03-09-2008,11.66,12.2,11.55,12.15,17871400,0.267358809,0.2648365561,0.2785942993,714856000,0.0,1.0
04-09-2008,11.5,11.65,11.43,11.53,17903200,0.2636900775,0.2620850075,0.2643779647,716128000,0.0,1.0
05-09-2008,11.67,11.7,11.39,11.4,19777500,0.2675881047,0.2611678246,0.2613971203,791100000,0.0,1.0
08-09-2008,11.19,11.78,11.0,11.78,32871000,0.2565819102,0.2522252915,0.2701103577,1314840000,0.0,1.0
09-09-2008,10.81,11.83,10.77,11.15,27457400,0.2478686729,0.24695149,0.2556647273,1098296000,0.0,1.0
10-09-2008,10.82,11.16,10.75,10.94,16107100,0.2480979686,0.2464928985,0.2508495172,644284000,0.0,1.0
11-09-2008,10.3,10.52,9.96,10.2,26674400,0.2361745912,0.2283785367,0.233881634,1066976000,0.0,1.0
12-09-2008,10.19,10.28,9.61,10.21,30230000,0.2336523382,0.2203531865,0.2341109297,1209200000,0.0,1.0
15-09-2008,9.3,9.98,9.18,9.83,21599600,0.2132450192,0.2104934706,0.2253976923,863984000,0.0,1.0
16-09-2008,9.59,9.66,8.8,8.97,31021000,0.2198945951,0.2017802332,0.2056782605,1240840000,0.0,1.0
17-09-2008,10.0,10.22,9.28,9.37,34814500,0.2292957196,0.2127864278,0.2148500892,1392580000,0.0,1.0
18-09-2008,10.89,11.42,10.1,10.12,40276500,0.2497030386,0.2315886768,0.2320472682,1611060000,0.0,1.0
19-09-2008,11.41,11.5,10.895,11.41,27683600,0.261626416,0.2498176865,0.261626416,1107344000,0.0,1.0
22-09-2008,11.17,11.65,11.1101,11.32,17501800,0.2561233188,0.2547498374,0.2595627546,700072000,0.0,1.0
23-09-2008,10.85,11.49,10.81,11.08,20536700,0.2487858557,0.2478686729,0.2540596573,821468000,0.0,1.0
24-09-2008,11.25,11.47,10.65,10.71,21650900,0.2579576845,0.2441999413,0.2455757157,866036000,0.0,1.0
25-09-2008,11.47,11.74,11.06,11.25,14708200,0.2630021904,0.2536010659,0.2579576845,588328000,0.0,1.0
26-09-2008,11.69,11.77,10.98,11.19,16171300,0.2680466962,0.2517667001,0.2565819102,646852000,0.0,1.0
29-09-2008,10.1,11.52,10.0,11.38,24381000,0.2315886768,0.2292957196,0.2609385289,975240000,0.0,1.0
30-09-2008,10.71,10.81,10.15,10.26,16476100,0.2455757157,0.2327351554,0.2352574083,659044000,0.0,1.0
01-10-2008,10.41,10.74,10.22,10.55,13930200,0.2386968441,0.2343402254,0.2419069842,557208000,0.0,1.0
02-10-2008,9.33,10.48,9.28,10.48,19693200,0.2139329064,0.2127864278,0.2403019141,787728000,0.0,1.0
03-10-2008,9.03,9.75,8.9702,9.48,22895700,0.2070540348,0.2056828464,0.2173723422,915828000,0.0,1.0
06-10-2008,7.85,8.62,7.31,8.6,41936000,0.1799971399,0.167615171,0.1971943188,1677440000,0.0,1.0
07-10-2008,7.24,8.15,7.18,7.72,26499600,0.166010101,0.1646343267,0.1770162955,1059984000,0.0,1.0
08-10-2008,7.39,7.82,6.91,6.98,30486400,0.1694495368,0.1584433422,0.1600484123,1219456000,0.0,1.0
09-10-2008,6.92,7.7698,6.84,7.66,22740900,0.1586726379,0.1568382722,0.1756405212,909636000,0.0,1.0
10-10-2008,6.81,7.33,6.28,6.32,30006300,0.156150385,0.1439977119,0.1449148948,1200252000,0.0,1.0
13-10-2008,8.05,8.06,7.3,7.39,22913400,0.1845830543,0.1673858753,0.1694495368,916536000,0.0,1.0
14-10-2008,7.87,8.4,7.65,8.35,30225300,0.1804557313,0.1754112255,0.1914619258,1209012000,0.0,1.0
15-10-2008,7.02,7.86,7.02,7.82,21351600,0.1609655951,0.1609655951,0.1793092527,854064000,0.0,1.0
16-10-2008,7.7,7.74,6.9,7.32,25495500,0.1765577041,0.1582140465,0.1678444667,1019820000,0.0,1.0
17-10-2008,7.65,8.0901,7.34,7.48,20985400,0.1754112255,0.1683030582,0.1715131982,839416000,0.0,1.0
20-10-2008,7.8,7.97,7.61,7.91,14894100,0.1788506613,0.1744940426,0.1813729142,595764000,0.0,1.0
21-10-2008,7.2,7.73,7.16,7.65,16477900,0.1650929181,0.1641757352,0.1754112255,659116000,0.0,1.0
22-10-2008,6.93,7.4,6.74,7.1,15024900,0.1589019337,0.154545315,0.1627999609,600996000,0.0,1.0
23-10-2008,6.54,7.08,6.26,6.91,20804800,0.1499594006,0.1435391205,0.1584433422,832192000,0.0,1.0
24-10-2008,6.61,6.95,5.97,6.0,19958400,0.1515644706,0.1368895446,0.1375774317,798336000,0.0,1.0
27-10-2008,6.97,7.38,6.36,6.57,17473400,0.1598191165,0.1458320777,0.1506472878,698936000,0.0,1.0
28-10-2008,8.02,8.03,7.21,7.34,21248000,0.1838951671,0.1653222138,0.1683030582,849920000,0.0,1.0
29-10-2008,8.28,8.8,7.93,7.97,24432100,0.1898568558,0.1818315056,0.1827486885,977284000,0.0,1.0
30-10-2008,8.63,8.8,8.1,8.75,16429400,0.197882206,0.1857295329,0.2006337546,657176000,0.0,1.0
31-10-2008,8.76,8.93,8.34,8.36,15216800,0.2008630503,0.1912326301,0.1916912216,608672000,0.0,1.0
03-11-2008,8.44,9.11,8.3,8.95,18098100,0.1935255873,0.1903154472,0.205219669,723924000,0.0,1.0
04-11-2008,8.98,8.98,8.5,8.73,15489000,0.2059075562,0.1949013616,0.2001751632,619560000,0.0,1.0
05-11-2008,8.51,8.9,8.51,8.65,19690500,0.1951306574,0.1951306574,0.1983407974,787620000,0.0,1.0
06-11-2008,7.62,8.31,7.6,8.01,19948400,0.1747233383,0.1742647469,0.1836658714,797936000,0.0,1.0
07-11-2008,8.72,9.07,8.1,8.68,28301700,0.1999458675,0.1857295329,0.1990286846,1132068000,0.0,1.0
10-11-2008,8.16,9.1,7.97,9.05,14409900,0.1871053072,0.1827486885,0.2075126262,576396000,0.0,1.0
11-11-2008,7.8,8.1,7.715,8.04,14412100,0.1788506613,0.1769016477,0.1843537585,576484000,0.0,1.0
12-11-2008,7.34,7.74,7.25,7.56,16152300,0.1683030582,0.1662393967,0.173347564,646092000,0.0,1.0
13-11-2008,7.94,7.95,6.8602,7.0,19930700,0.1820608013,0.1573014495,0.1605070037,797228000,0.0,1.0
14-11-2008,7.17,7.66,7.14,7.62,18525600,0.1644050309,0.1637171438,0.1747233383,741024000,0.0,1.0
17-11-2008,7.02,7.29,6.95,7.1,9705600,0.1609655951,0.1593605251,0.1627999609,388224000,0.0,1.0
18-11-2008,6.79,7.2,6.56,7.16,14112200,0.1556917936,0.150417992,0.1641757352,564488000,0.0,1.0
19-11-2008,6.23,6.9,6.2,6.73,12505500,0.1428512333,0.1421633461,0.1543160193,500220000,0.0,1.0
20-11-2008,5.9,6.49,5.83,6.18,21175900,0.1352844746,0.1336794045,0.1417047547,847036000,0.0,1.0
21-11-2008,6.38,6.38,5.75,6.09,14976600,0.1462906691,0.1318450388,0.1396410932,599064000,0.0,1.0
24-11-2008,6.8,6.88,6.4,6.77,15007700,0.1559210893,0.1467492605,0.1552332022,600308000,0.0,1.0
25-11-2008,6.99,7.115,6.79,7.1,13206400,0.160277708,0.1556917936,0.1627999609,528256000,0.0,1.0
26-11-2008,7.61,7.63,6.83,6.87,15019800,0.1744940426,0.1566089765,0.1575261593,600792000,0.0,1.0
28-11-2008,7.47,7.6,7.37,7.465,4381200,0.1712839025,0.1689909453,0.1711692547,175248000,0.0,1.0
01-12-2008,6.83,7.24,6.823,7.17,13677800,0.1566089765,0.1564484695,0.1644050309,547112000,0.0,1.0
02-12-2008,7.21,7.295,6.87,6.96,11999700,0.1653222138,0.1575261593,0.1595898208,479988000,0.0,1.0
03-12-2008,7.58,7.59,6.87,6.93,14615800,0.1738061554,0.1575261593,0.1589019337,584632000,0.0,1.0
04-12-2008,7.08,7.8,6.91,7.43,11657300,0.1623413695,0.1584433422,0.1703667196,466292000,0.0,1.0
05-12-2008,7.36,7.39,6.74,6.86,10962100,0.1687616496,0.154545315,0.1572968636,438484000,0.0,1.0
08-12-2008,7.12,7.65,6.95,7.5,17699800,0.1632585523,0.1593605251,0.1719717897,707992000,0.0,1.0
09-12-2008,7.81,8.09,6.95,7.03,20744000,0.179079957,0.1593605251,0.1611948909,829760000,0.0,1.0
10-12-2008,8.55,8.75,7.83,7.96,24028100,0.1960478402,0.1795385484,0.1825193928,961124000,0.0,1.0
11-12-2008,8.19,8.8,8.09,8.5,14567500,0.1877931943,0.1855002371,0.1949013616,582700000,0.0,1.0
12-12-2008,8.6,8.65,7.79,7.95,16981700,0.1971943188,0.1786213656,0.1822900971,679268000,0.0,1.0
15-12-2008,8.32,8.7,8.05,8.65,11924900,0.1907740387,0.1845830543,0.1983407974,476996000,0.0,1.0
16-12-2008,8.88,8.9,8.32,8.4,13048500,0.203614599,0.1907740387,0.1926084044,521940000,0.0,1.0
17-12-2008,9.32,9.45,8.6,8.72,16854500,0.2137036106,0.1971943188,0.1999458675,674180000,0.0,1.0
18-12-2008,8.46,9.2899,8.35,9.26,13770200,0.1939841788,0.1914619258,0.2123278363,550808000,0.0,1.0
19-12-2008,8.52,8.9,8.49,8.81,14828000,0.1953599531,0.1946720659,0.2020095289,593120000,0.0,1.0
22-12-2008,8.02,8.6703,7.71,8.65,13061600,0.1838951671,0.1767869998,0.1983407974,522464000,0.0,1.0
23-12-2008,7.91,8.24,7.79,8.07,9436300,0.1813729142,0.1786213656,0.1850416457,377452000,0.0,1.0
24-12-2008,7.72,7.94,7.56,7.75,3665400,0.1770162955,0.173347564,0.1777041827,146616000,0.0,1.0
26-12-2008,7.51,7.82,7.3,7.72,5653900,0.1722010854,0.1673858753,0.1770162955,226156000,0.0,1.0
29-12-2008,7.75,7.7515,7.12,7.61,11504200,0.1777041827,0.1632585523,0.1744940426,460168000,0.0,1.0
30-12-2008,8.02,8.14,7.67,7.85,10246500,0.1838951671,0.1758698169,0.1799971399,409860000,0.0,1.0
31-12-2008,8.07,8.27,7.78,7.92,11039500,0.1850416457,0.1783920698,0.1816022099,441580000,0.0,1.0
02-01-2009,8.71,8.77,8.04,8.07,12428100,0.1997165718,0.1843537585,0.1850416457,497124000,0.0,1.0
05-01-2009,8.87,9.07,8.55,8.61,17643400,0.2033853033,0.1960478402,0.1974236146,705736000,0.0,1.0
06-01-2009,9.172,9.43,8.93,9.13,16447600,0.210310034,0.2047610776,0.209346992,657904000,0.0,1.0
07-01-2009,8.62,8.96,8.3075,8.96,21752400,0.1976529103,0.190487419,0.2054489647,870096000,0.0,1.0
08-01-2009,8.4,8.51,7.88,8.51,25362400,0.1926084044,0.180685027,0.1951306574,1014496000,0.0,1.0
09-01-2009,7.93,8.4,7.91,8.4,19033800,0.1818315056,0.1813729142,0.1926084044,761352000,0.0,1.0
12-01-2009,7.61,7.97,7.5,7.93,16138300,0.1744940426,0.1719717897,0.1818315056,645532000,0.0,1.0
13-01-2009,7.65,7.939,7.21,7.5745,45610600,0.1754112255,0.1653222138,0.1736800428,1824424000,0.0,1.0
14-01-2009,7.31,7.47,7.2,7.38,24372700,0.167615171,0.1650929181,0.169220241,974908000,0.0,1.0
15-01-2009,7.57,7.69,7.2,7.35,24955100,0.1735768597,0.1650929181,0.1685323539,998204000,0.0,1.0
16-01-2009,7.99,8.0599,7.53,7.78,20783100,0.1832072799,0.1726596768,0.1783920698,831324000,0.0,1.0
20-01-2009,7.21,8.0,7.15,7.97,17644700,0.1653222138,0.1639464395,0.1827486885,705788000,0.0,1.0
21-01-2009,7.56,7.61,7.08,7.35,16211800,0.173347564,0.1623413695,0.1685323539,648472000,0.0,1.0
22-01-2009,7.42,7.62,7.15,7.33,13691400,0.1701374239,0.1639464395,0.1680737624,547656000,0.0,1.0
23-01-2009,7.71,7.94,7.2,7.21,15840400,0.1767869998,0.1650929181,0.1653222138,633616000,0.0,1.0
26-01-2009,7.97,8.2025,7.62,7.67,14543700,0.1827486885,0.1747233383,0.1758698169,581748000,0.0,1.0
27-01-2009,8.44,8.5,8.07,8.1,18132500,0.1935255873,0.1850416457,0.1857295329,725300000,0.0,1.0
28-01-2009,8.79,8.93,8.46,8.74,18093800,0.2015509375,0.1939841788,0.2004044589,723752000,0.0,1.0
29-01-2009,8.28,8.6,8.24,8.52,10328200,0.1898568558,0.1889396729,0.1953599531,413128000,0.0,1.0
30-01-2009,7.95,8.44,7.85,8.24,12669000,0.1822900971,0.1799971399,0.1889396729,506760000,0.0,1.0
02-02-2009,8.38,8.47,7.79,7.83,14449800,0.192149813,0.1786213656,0.1795385484,577992000,0.0,1.0
03-02-2009,8.48,8.55,8.17,8.4,9923700,0.1944427702,0.1873346029,0.1926084044,396948000,0.0,1.0
04-02-2009,8.72,9.15,8.5,8.5,19480800,0.1999458675,0.1949013616,0.1949013616,779232000,0.0,1.0
05-02-2009,9.36,9.46,8.4,8.49,22979800,0.2146207935,0.1926084044,0.1946720659,919192000,0.0,1.0
06-02-2009,9.87,9.93,9.23,9.39,28947000,0.2263148752,0.2116399492,0.2153086807,1157880000,0.0,1.0
09-02-2009,9.74,9.97,9.47,9.83,17903200,0.2233340309,0.2171430464,0.2253976923,716128000,0.0,1.0
10-02-2009,9.32,9.86,9.14,9.74,28241600,0.2137036106,0.2095762877,0.2233340309,1129664000,0.0,1.0
11-02-2009,8.15,8.89,7.86,8.575,49585000,0.1868760115,0.1802264356,0.1966210795,1983400000,0.0,1.0
12-02-2009,8.32,8.37,7.86,7.97,25600500,0.1907740387,0.1802264356,0.1827486885,1024020000,0.0,1.0
13-02-2009,8.31,8.41,8.07,8.13,19107600,0.190544743,0.1850416457,0.18641742,764304000,0.0,1.0
17-02-2009,7.83,8.19,7.8,7.97,19489400,0.1795385484,0.1788506613,0.1827486885,779576000,0.0,1.0
18-02-2009,8.04,8.3,7.82,7.83,16156300,0.1843537585,0.1793092527,0.1795385484,646252000,0.0,1.0
19-02-2009,7.42,8.27,7.42,8.22,18599700,0.1701374239,0.1701374239,0.1884810815,743988000,0.0,1.0
20-02-2009,7.61,7.73,7.25,7.32,19251400,0.1744940426,0.1662393967,0.1678444667,770056000,0.0,1.0
23-02-2009,7.26,7.78,7.21,7.74,16988700,0.1664686924,0.1653222138,0.177474887,679548000,0.0,1.0
24-02-2009,7.91,7.92,7.29,7.3,16488100,0.1813729142,0.1671565796,0.1673858753,659524000,0.0,1.0
25-02-2009,8.0,8.24,7.62,7.89,17559000,0.1834365757,0.1747233383,0.1809143227,702360000,0.0,1.0
26-02-2009,8.26,8.54,8.16,8.28,27938900,0.1893982644,0.1871053072,0.1898568558,1117556000,0.0,1.0
27-02-2009,8.28,8.47,7.99,8.05,18886100,0.1898568558,0.1832072799,0.1845830543,755444000,0.0,1.0
02-03-2009,7.58,8.25,7.55,7.95,17501600,0.1738061554,0.1731182683,0.1822900971,700064000,0.0,1.0
03-03-2009,7.88,8.18,7.47,7.72,26034300,0.180685027,0.1712839025,0.1770162955,1041372000,0.0,1.0
04-03-2009,8.46,8.7,8.02,8.09,27716700,0.1939841788,0.1838951671,0.1855002371,1108668000,0.0,1.0
05-03-2009,8.26,8.68,8.22,8.34,23881300,0.1893982644,0.1884810815,0.1912326301,955252000,0.0,1.0
06-03-2009,8.39,8.6899,8.15,8.26,24368900,0.1923791087,0.1868760115,0.1893982644,974756000,0.0,1.0
09-03-2009,8.3,8.96,8.28,8.33,17069200,0.1903154472,0.1898568558,0.1910033344,682768000,0.0,1.0
10-03-2009,9.05,9.21,8.52,8.6,31370000,0.2075126262,0.1953599531,0.1971943188,1254800000,0.0,1.0
11-03-2009,9.3,11.85,8.9,9.05,21622900,0.2132450192,0.2040731904,0.2075126262,864916000,0.0,1.0
12-03-2009,9.85,9.95,9.15,9.27,40115100,0.2258562838,0.2098055834,0.212557132,1604604000,0.0,1.0
13-03-2009,9.8,9.94,9.55,9.72,29878900,0.2247098052,0.2189774122,0.2228754394,1195156000,0.0,1.0
16-03-2009,9.42,9.91,9.34,9.9,17483600,0.2159965678,0.2141622021,0.2270027624,699344000,0.0,1.0
17-03-2009,9.89,9.91,9.33,9.45,25134600,0.2267734667,0.2139329064,0.216684455,1005384000,0.0,1.0
18-03-2009,10.2,10.49,9.73,9.74,33989000,0.233881634,0.2231047351,0.2233340309,1359560000,0.0,1.0
19-03-2009,10.08,10.27,10.01,10.27,20566200,0.2311300853,0.2295250153,0.235486704,822648000,0.0,1.0
20-03-2009,9.53,10.24,9.27,10.23,27341800,0.2185188208,0.212557132,0.2345695211,1093672000,0.0,1.0
23-03-2009,10.22,10.24,9.61,9.83,20401200,0.2343402254,0.2203531865,0.2253976923,816048000,0.0,1.0
24-03-2009,9.74,10.06,9.734,9.97,27871700,0.2233340309,0.2231964534,0.2286078324,1114868000,0.0,1.0
25-03-2009,9.94,10.4,9.555,10.08,31096300,0.2279199453,0.2190920601,0.2311300853,1243852000,0.0,1.0
26-03-2009,10.56,10.58,9.99,10.1,33341600,0.2421362799,0.2290664239,0.2315886768,1333664000,0.0,1.0
27-03-2009,10.46,10.705,10.3,10.45,18297300,0.2398433227,0.2361745912,0.239614027,731892000,0.0,1.0
30-03-2009,9.79,10.19,9.65,10.06,19501300,0.2244805095,0.2212703694,0.2306714939,780052000,0.0,1.0
31-03-2009,9.86,10.1,9.79,9.94,20131800,0.2260855795,0.2244805095,0.2279199453,805272000,0.0,1.0
01-04-2009,10.11,10.2,9.37,9.74,22198000,0.2318179725,0.2148500892,0.2233340309,887920000,0.0,1.0
02-04-2009,10.58,10.77,10.34,10.49,25071500,0.2425948713,0.237091774,0.2405312098,1002860000,0.0,1.0
03-04-2009,11.32,11.345,10.41,10.59,25080200,0.2595627546,0.2386968441,0.242824167,1003208000,0.0,1.0
06-04-2009,11.35,11.45,10.98,11.13,22182200,0.2602506417,0.2517667001,0.2552061359,887288000,0.0,1.0
07-04-2009,10.96,11.25,10.89,11.13,15195100,0.2513081087,0.2497030386,0.2552061359,607804000,0.0,1.0
08-04-2009,11.41,11.44,10.99,11.08,18291300,0.261626416,0.2519959958,0.2540596573,731652000,0.0,1.0
09-04-2009,12.04,12.08,11.61,11.7,22610300,0.2760720464,0.2662123304,0.2682759919,904412000,0.0,1.0
13-04-2009,11.65,11.9,11.39,11.89,19190700,0.2671295133,0.2611678246,0.2726326106,767628000,0.0,1.0
14-04-2009,11.72,12.0,11.44,11.49,17799000,0.2687345833,0.2623143032,0.2634607818,711960000,0.0,1.0
15-04-2009,11.39,11.44,10.91,11.31,26134200,0.2611678246,0.2501616301,0.2593334588,1045368000,0.0,1.0
16-04-2009,11.68,11.82,11.16,11.6,25969300,0.2678174005,0.255894023,0.2659830347,1038772000,0.0,1.0
17-04-2009,11.76,11.87,11.4,11.68,17394100,0.2696517662,0.2613971203,0.2678174005,695764000,0.0,1.0
20-04-2009,11.05,11.41,10.99,11.31,14766500,0.2533717701,0.2519959958,0.2593334588,590660000,0.0,1.0
21-04-2009,11.02,11.48,10.74,10.9,23304600,0.252683883,0.2462636028,0.2499323343,932184000,0.0,1.0
22-04-2009,11.35,11.81,10.74,10.92,22910100,0.2602506417,0.2462636028,0.2503909258,916404000,0.0,1.0
23-04-2009,11.17,11.56,10.82,11.46,18848800,0.2561233188,0.2480979686,0.2627728946,753952000,0.0,1.0
24-04-2009,11.43,11.51,11.01,11.28,18987700,0.2620850075,0.2524545873,0.2586455717,759508000,0.0,1.0
27-04-2009,11.02,11.6,10.95,11.28,19675600,0.252683883,0.2510788129,0.2586455717,787024000,0.0,1.0
28-04-2009,11.05,11.28,10.78,10.88,15859800,0.2533717701,0.2471807857,0.2494737429,634392000,0.0,1.0
29-04-2009,10.88,11.149,10.75,11.1,21491700,0.2494737429,0.2464928985,0.2545182487,859668000,0.0,1.0
30-04-2009,11.48,11.8,11.0,11.09,27756900,0.2632314861,0.2522252915,0.254288953,1110276000,0.0,1.0
01-05-2009,11.67,11.94,11.44,11.45,21013700,0.2675881047,0.2623143032,0.2625435989,840548000,0.0,1.0
04-05-2009,12.3,12.39,11.71,11.87,23192600,0.2820337351,0.2685052876,0.2721740191,927704000,0.0,1.0
05-05-2009,11.8,12.11,11.55,12.03,20926900,0.2705689491,0.2648365561,0.2758427507,837076000,0.0,1.0
06-05-2009,11.56,12.04,11.33,11.93,23377200,0.2650658518,0.2597920503,0.2735497935,935088000,0.0,1.0
07-05-2009,10.73,11.82,10.58,11.82,32229900,0.2460343071,0.2425948713,0.2710275405,1289196000,0.0,1.0
08-05-2009,9.25,10.5,9.11,10.5,73264100,0.2120985406,0.2088884005,0.2407605056,2930564000,0.0,1.0
11-05-2009,9.43,9.66,9.02,9.1,25964900,0.2162258636,0.2068247391,0.2086591048,1038596000,0.0,1.0
12-05-2009,8.98,9.64,8.8,9.64,30034600,0.2059075562,0.2017802332,0.2210410737,1201384000,0.0,1.0
13-05-2009,8.4,8.97,8.33,8.92,32640200,0.1926084044,0.1910033344,0.2045317819,1305608000,0.0,1.0
14-05-2009,8.52,8.7,8.33,8.39,25446600,0.1953599531,0.1910033344,0.1923791087,1017864000,0.0,1.0
15-05-2009,8.74,9.04,8.48,8.58,19507700,0.2004044589,0.1944427702,0.1967357274,780308000,0.0,1.0
18-05-2009,9.27,9.33,8.94,8.96,23458000,0.212557132,0.2049903733,0.2054489647,938320000,0.0,1.0
19-05-2009,9.45,9.56,9.18,9.33,21494200,0.216684455,0.2104934706,0.2139329064,859768000,0.0,1.0
20-05-2009,9.73,10.25,9.58,9.62,32735900,0.2231047351,0.2196652994,0.2205824822,1309436000,0.0,1.0
21-05-2009,9.67,9.8,9.4,9.61,24140000,0.2217289608,0.2155379764,0.2203531865,965600000,0.0,1.0
22-05-2009,9.82,9.96,9.4876,9.67,17956500,0.2251683966,0.2175466069,0.2217289608,718260000,0.0,1.0
26-05-2009,10.35,10.43,9.63,9.73,21638500,0.2373210698,0.220811778,0.2231047351,865540000,0.0,1.0
27-05-2009,10.37,10.68,10.2,10.3,20353800,0.2377796612,0.233881634,0.2361745912,814152000,0.0,1.0
28-05-2009,10.51,10.6,10.06,10.53,24882200,0.2409898013,0.2306714939,0.2414483927,995288000,0.0,1.0
29-05-2009,10.43,10.54,10.07,10.52,20855800,0.2391554355,0.2309007896,0.241219097,834232000,0.0,1.0
01-06-2009,10.94,11.0,10.51,10.55,25569100,0.2508495172,0.2409898013,0.2419069842,1022764000,0.0,1.0
02-06-2009,10.85,11.18,10.65,10.94,22699600,0.2487858557,0.2441999413,0.2508495172,907984000,0.0,1.0
03-06-2009,10.51,10.75,10.25,10.71,18392200,0.2409898013,0.2350281126,0.2455757157,735688000,0.0,1.0
04-06-2009,10.89,10.91,10.53,10.54,16829500,0.2497030386,0.2414483927,0.2416776884,673180000,0.0,1.0
05-06-2009,10.83,11.09,10.7,11.09,13999800,0.2483272643,0.2453464199,0.254288953,559992000,0.0,1.0
08-06-2009,10.77,10.92,10.5,10.75,11848700,0.24695149,0.2407605056,0.2464928985,473948000,0.0,1.0
09-06-2009,11.36,11.48,10.84,10.92,18125800,0.2604799374,0.24855656,0.2503909258,725032000,0.0,1.0
10-06-2009,11.72,11.79,11.17,11.42,20833000,0.2687345833,0.2561233188,0.2618557118,833320000,0.0,1.0
11-06-2009,11.57,12.2,11.5,11.745,20878900,0.2652951476,0.2636900775,0.2693078226,835156000,0.0,1.0
12-06-2009,11.51,11.55,11.14,11.4,14875000,0.2639193732,0.2554354316,0.2613971203,595000000,0.0,1.0
15-06-2009,11.32,11.45,11.12,11.3,11129100,0.2595627546,0.2549768402,0.2591041631,445164000,0.0,1.0
16-06-2009,11.01,11.46,10.85,11.32,14872800,0.2524545873,0.2487858557,0.2595627546,594912000,0.0,1.0
17-06-2009,11.28,11.39,10.75,11.18,19975400,0.2586455717,0.2464928985,0.2563526145,799016000,0.0,1.0
18-06-2009,11.06,11.45,10.935,11.24,14159400,0.2536010659,0.2507348694,0.2577283888,566376000,0.0,1.0
19-06-2009,11.18,11.455,11.03,11.17,18689100,0.2563526145,0.2529131787,0.2561233188,747564000,0.0,1.0
22-06-2009,10.55,11.22,10.51,11.22,14371600,0.2419069842,0.2409898013,0.2572697974,574864000,0.0,1.0
23-06-2009,10.5,10.67,10.085,10.65,14744100,0.2407605056,0.2312447332,0.2441999413,589764000,0.0,1.0
24-06-2009,10.85,11.1,10.63,10.63,12877400,0.2487858557,0.2437413499,0.2437413499,515096000,0.0,1.0
25-06-2009,11.42,11.44,10.64,10.75,21761100,0.2618557118,0.2439706456,0.2464928985,870444000,0.0,1.0
26-06-2009,11.57,11.61,11.27,11.37,12848900,0.2652951476,0.258416276,0.2607092332,513956000,0.0,1.0
29-06-2009,11.57,11.78,11.4495,11.6,12751400,0.2652951476,0.2625321341,0.2659830347,510056000,0.0,1.0
30-06-2009,11.29,11.69,11.08,11.53,14746100,0.2588748674,0.2540596573,0.2643779647,589844000,0.0,1.0
01-07-2009,11.34,11.49,11.15,11.36,17410500,0.260021346,0.2556647273,0.2604799374,696420000,0.0,1.0
02-07-2009,10.9,11.11,10.75,10.97,13807800,0.2499323343,0.2464928985,0.2515374044,552312000,0.0,1.0
06-07-2009,10.55,10.9,10.37,10.89,18811400,0.2419069842,0.2377796612,0.2497030386,752456000,0.0,1.0
07-07-2009,10.09,10.6499,10.06,10.59,26824900,0.2313593811,0.2306714939,0.242824167,1072996000,0.0,1.0
08-07-2009,10.11,10.18,9.71,10.15,30146500,0.2318179725,0.2226461437,0.2327351554,1205860000,0.0,1.0
09-07-2009,10.33,10.5,10.25,10.28,17864100,0.2368624783,0.2350281126,0.2357159997,714564000,0.0,1.0
10-07-2009,10.37,10.44,10.11,10.33,13000200,0.2377796612,0.2318179725,0.2368624783,520008000,0.0,1.0
13-07-2009,10.49,10.58,9.95,10.58,13900300,0.2405312098,0.228149241,0.2425948713,556012000,0.0,1.0
14-07-2009,10.71,10.75,10.45,10.57,11314200,0.2455757157,0.239614027,0.2423655756,452568000,0.0,1.0
15-07-2009,11.15,11.37,11.0,11.1,25570200,0.2556647273,0.2522252915,0.2545182487,1022808000,0.0,1.0
16-07-2009,11.73,11.77,11.21,11.27,23801900,0.2689638791,0.2570405016,0.258416276,952076000,0.0,1.0
17-07-2009,12.07,12.11,11.61,11.73,21258900,0.2767599335,0.2662123304,0.2689638791,850356000,0.0,1.0
20-07-2009,12.22,12.35,12.01,12.17,19568900,0.2801993693,0.2753841592,0.2790528907,782756000,0.0,1.0
21-07-2009,11.97,12.24,11.69,12.19,23532400,0.2744669763,0.2680466962,0.2795114822,941296000,0.0,1.0
22-07-2009,12.27,12.38,11.65,11.73,15022700,0.2813458479,0.2671295133,0.2689638791,600908000,0.0,1.0
23-07-2009,13.0,13.04,12.16,12.29,26153000,0.2980844354,0.278823595,0.2818044394,1046120000,0.0,1.0
24-07-2009,12.96,13.0,12.52,12.6,16264800,0.2971672526,0.2870782409,0.2889126067,650592000,0.0,1.0
27-07-2009,13.02,13.21,12.72,12.84,16937100,0.2985430269,0.2916641553,0.2944157039,677484000,0.0,1.0
28-07-2009,13.04,13.18,12.82,12.93,14079500,0.2990016183,0.2939571125,0.2964793654,563180000,0.0,1.0
29-07-2009,12.78,12.97,12.65,12.89,9349300,0.2930399296,0.2900590853,0.2955621825,373972000,0.0,1.0
30-07-2009,12.88,13.17,12.77,13.0,11711100,0.2953328868,0.2928106339,0.2980844354,468444000,0.0,1.0
31-07-2009,12.93,13.11,12.58,12.88,13539000,0.2964793654,0.2884540152,0.2953328868,541560000,0.0,1.0
03-08-2009,13.28,13.43,12.99,13.24,11797500,0.3045047156,0.2978551397,0.3035875327,471900000,0.0,1.0
04-08-2009,13.37,13.6,13.03,13.05,17384500,0.3065683771,0.2987723226,0.299230914,695380000,0.0,1.0
05-08-2009,13.4,13.5,13.1301,13.29,15269200,0.3072562642,0.3010675728,0.3047340113,610768000,0.0,1.0
06-08-2009,13.12,13.69,13.043,13.45,23939700,0.3008359841,0.299070407,0.3084027428,957588000,0.0,1.0
07-08-2009,13.71,14.23,13.52,13.83,35046800,0.3143644315,0.3100078129,0.3171159802,1401872000,0.0,1.0
10-08-2009,13.26,14.01,13.18,13.81,17332800,0.3040461242,0.3022117584,0.3166573887,693312000,0.0,1.0
11-08-2009,12.95,13.37,12.88,13.17,12047100,0.2969379569,0.2953328868,0.3019824627,481884000,0.0,1.0
12-08-2009,13.43,13.57,12.95,12.96,15873500,0.3079441514,0.2969379569,0.2971672526,634940000,0.0,1.0
13-08-2009,13.83,13.88,13.29,13.53,14100700,0.3171159802,0.3047340113,0.3102371086,564028000,0.0,1.0
14-08-2009,13.42,13.83,13.24,13.81,10678700,0.3077148557,0.3035875327,0.3166573887,427148000,0.0,1.0
17-08-2009,12.86,13.05,12.72,13.01,11625800,0.2948742954,0.2916641553,0.2983137312,465032000,0.0,1.0
18-08-2009,13.33,13.48,12.85,12.86,15905000,0.3056511942,0.2946449997,0.2948742954,636200000,0.0,1.0
19-08-2009,13.18,13.26,13.0,13.13,13824900,0.3022117584,0.2980844354,0.3010652798,552996000,0.0,1.0
20-08-2009,13.7,13.76,13.0901,13.12,20496000,0.3141351358,0.3001503899,0.3008359841,819840000,0.0,1.0
21-08-2009,13.93,13.95,13.53,13.81,15183100,0.3194089374,0.3102371086,0.3166573887,607324000,0.0,1.0
24-08-2009,13.54,14.0,13.46,13.85,11536400,0.3104664043,0.3086320386,0.3175745716,461456000,0.0,1.0
25-08-2009,13.66,13.8,13.38,13.61,11102200,0.3132179529,0.3067976728,0.3120714743,444088000,0.0,1.0
26-08-2009,13.82,13.85,13.5807,13.63,10857700,0.3168866845,0.3113996379,0.3125300658,434308000,0.0,1.0
27-08-2009,14.01,14.07,13.73,13.88,13776800,0.3212433031,0.314823023,0.3182624588,551072000,0.0,1.0
28-08-2009,14.73,15.03,14.37,14.39,22099800,0.3377525949,0.329497949,0.3299565405,883992000,0.0,1.0
31-08-2009,14.52,14.63,14.33,14.56,10794900,0.3329373848,0.3285807662,0.3338545677,431796000,0.0,1.0
01-09-2009,14.03,14.92,13.95,14.51,18421400,0.3217018946,0.3198675288,0.3327080891,736856000,0.0,1.0
02-09-2009,14.23,14.37,13.97,14.05,10116400,0.326287809,0.3203261202,0.322160486,404656000,0.0,1.0
03-09-2009,14.57,14.59,14.19,14.23,13350500,0.3340838634,0.3253706261,0.326287809,534020000,0.0,1.0
04-09-2009,15.11,15.21,14.51,14.51,12826200,0.3464658323,0.3327080891,0.3327080891,513048000,0.0,1.0
08-09-2009,15.53,15.53,15.1,15.22,13742800,0.3560962525,0.3462365366,0.3489880852,549712000,0.0,1.0
09-09-2009,15.96,15.99,15.28,15.5,14292100,0.3659559684,0.3503638595,0.3554083653,571684000,0.0,1.0
10-09-2009,16.47,16.49,15.83,16.01,15198800,0.3776500501,0.3629751241,0.367102447,607952000,0.0,1.0
11-09-2009,16.318,16.49,16.2,16.43,17818300,0.3741647552,0.3714590657,0.3767328673,712732000,0.0,1.0
14-09-2009,16.05,16.21,15.91,16.08,12262900,0.3680196299,0.3648094898,0.3687075171,490516000,0.0,1.0
15-09-2009,16.38,16.58,16.05,16.2,13653400,0.3755863887,0.3680196299,0.3714590657,546136000,0.0,1.0
16-09-2009,15.94,16.37,15.7,16.34,17676600,0.365497377,0.3599942797,0.3746692058,707064000,0.0,1.0
17-09-2009,15.24,15.9,14.9682,15.9,23077400,0.3494466766,0.343214419,0.3645801941,923096000,0.0,1.0
18-09-2009,15.22,15.5,15.1,15.39,15118500,0.3489880852,0.3462365366,0.3528861124,604740000,0.0,1.0
21-09-2009,15.15,15.41,14.91,15.04,14719400,0.3473830152,0.3418799179,0.3448607622,588776000,0.0,1.0
22-09-2009,15.18,15.35,15.06,15.26,9034700,0.3480709023,0.3453193537,0.3499052681,361388000,0.0,1.0
23-09-2009,14.94,15.4,14.92,15.27,11973400,0.342567805,0.3421092136,0.3501345638,478936000,0.0,1.0
24-09-2009,14.74,15.19,14.69,15.19,13821900,0.3379818907,0.3368354121,0.348300198,552876000,0.0,1.0
25-09-2009,14.5,14.73,14.39,14.66,9438900,0.3324787934,0.3299565405,0.3361475249,377556000,0.0,1.0
28-09-2009,14.83,15.2,14.55,14.55,11692700,0.3400455521,0.333625272,0.333625272,467708000,0.0,1.0
29-09-2009,14.56,15.1,14.53,14.92,11773200,0.3338545677,0.3331666805,0.3421092136,470928000,0.0,1.0
30-09-2009,15.03,15.21,14.53,14.86,21898900,0.3446314665,0.3331666805,0.3407334393,875956000,0.0,1.0
01-10-2009,13.96,14.98,13.95,14.98,24999000,0.3200968245,0.3198675288,0.3434849879,999960000,0.0,1.0
02-10-2009,13.85,14.15,13.74,13.82,15311900,0.3175745716,0.3150523187,0.3168866845,612476000,0.0,1.0
05-10-2009,13.78,14.05,13.54,14.0,18856900,0.3159695016,0.3104664043,0.3210140074,754276000,0.0,1.0
06-10-2009,14.01,14.25,13.85,13.95,19031800,0.3212433031,0.3175745716,0.3198675288,761272000,0.0,1.0
07-10-2009,13.9,14.06,13.75,13.91,11490200,0.3187210502,0.3152816144,0.3189503459,459608000,0.0,1.0
08-10-2009,13.99,14.02,13.49,13.98,31038100,0.3207847117,0.3093199257,0.320555416,1241524000,0.0,1.0
09-10-2009,14.17,14.19,13.89,13.91,15463500,0.3249120346,0.3184917545,0.3189503459,618540000,0.0,1.0
12-10-2009,14.01,14.28,13.92,13.93,12475200,0.3212433031,0.3191796417,0.3194089374,499008000,0.0,1.0
13-10-2009,13.96,14.25,13.83,14.09,15053100,0.3200968245,0.3171159802,0.3230776689,602124000,0.0,1.0
14-10-2009,13.94,14.5,13.87,14.5,27548700,0.3196382331,0.3180331631,0.3324787934,1101948000,0.0,1.0
15-10-2009,13.53,14.05,13.44,13.92,27304900,0.3102371086,0.3081734471,0.3191796417,1092196000,0.0,1.0
16-10-2009,13.22,13.4,12.98,13.36,25470800,0.3031289413,0.297625844,0.3063390814,1018832000,0.0,1.0
19-10-2009,13.7,13.81,13.22,13.33,17389700,0.3141351358,0.3031289413,0.3056511942,695588000,0.0,1.0
20-10-2009,13.71,14.03,13.6,13.93,16504500,0.3143644315,0.3118421786,0.3194089374,660180000,0.0,1.0
21-10-2009,13.38,13.87,13.31,13.66,12598900,0.3067976728,0.3051926028,0.3132179529,503956000,0.0,1.0
22-10-2009,13.47,13.54,13.08,13.31,9483200,0.3088613343,0.2999188012,0.3051926028,379328000,0.0,1.0
23-10-2009,13.15,13.65,13.07,13.65,10738200,0.3015238712,0.2996895055,0.3129886572,429528000,0.0,1.0
26-10-2009,12.98,13.45,12.91,13.25,12041300,0.297625844,0.296020774,0.3038168284,481652000,0.0,1.0
27-10-2009,12.54,13.11,12.41,12.92,14795900,0.2875368323,0.284555988,0.2962500697,591836000,0.0,1.0
28-10-2009,12.02,12.535,11.96,12.26,19340800,0.2756134549,0.2742376806,0.2811165522,773632000,0.0,1.0
29-10-2009,12.55,12.61,12.1,12.21,15927500,0.2877661281,0.2774478207,0.2799700736,637100000,0.0,1.0
30-10-2009,11.96,12.535,11.9,12.49,15103600,0.2742376806,0.2728619063,0.2863903538,604144000,0.0,1.0
02-11-2009,12.07,12.33,11.73,11.94,14828400,0.2767599335,0.2689638791,0.2737790892,593136000,0.0,1.0
03-11-2009,12.01,12.07,11.56,11.68,21911800,0.2753841592,0.2650658518,0.2678174005,876472000,0.0,1.0
04-11-2009,11.98,12.23,11.93,12.1,22921000,0.2746962721,0.2735497935,0.2774478207,916840000,0.0,1.0
05-11-2009,12.27,12.39,12.08,12.12,23878900,0.2813458479,0.2769892292,0.2779064121,955156000,0.0,1.0
06-11-2009,13.16,13.43,12.88,13.04,41027800,0.301753167,0.2953328868,0.2990016183,1641112000,0.0,1.0
09-11-2009,13.46,13.65,13.33,13.34,20453100,0.3086320386,0.3056511942,0.3058804899,818124000,0.0,1.0
10-11-2009,13.13,13.51,12.96,13.51,19536800,0.3010652798,0.2971672526,0.3097785171,781472000,0.0,1.0
11-11-2009,13.5,13.82,13.3275,13.35,21787800,0.3095492214,0.3055938703,0.3061097856,871512000,0.0,1.0
12-11-2009,13.46,13.85,13.42,13.62,12646600,0.3086320386,0.3077148557,0.3123007701,505864000,0.0,1.0
13-11-2009,13.56,13.63,13.39,13.45,9713100,0.3109249957,0.3070269685,0.3084027428,388524000,0.0,1.0
16-11-2009,13.75,13.91,13.61,13.68,10070500,0.3152816144,0.3120714743,0.3136765444,402820000,0.0,1.0
17-11-2009,13.73,13.758,13.47,13.758,8753100,0.314823023,0.3088613343,0.315465051,350124000,0.0,1.0
18-11-2009,13.52,13.65,13.29,13.6,11387900,0.3100078129,0.3047340113,0.3118421786,455516000,0.0,1.0
19-11-2009,12.98,13.23,12.74,13.23,20846000,0.297625844,0.2921227467,0.303358237,833840000,0.0,1.0
20-11-2009,12.9,12.96,12.65,12.68,10668700,0.2957914783,0.2900590853,0.2907469724,426748000,0.0,1.0
23-11-2009,13.0,13.327,12.94,13.09,9773100,0.2980844354,0.2967086611,0.3001480969,390924000,0.0,1.0
24-11-2009,12.92,13.03,12.71,12.94,10462600,0.2962500697,0.2914348596,0.2967086611,418504000,0.0,1.0
25-11-2009,13.07,13.25,12.975,13.07,11044000,0.2996895055,0.2975111962,0.2996895055,441760000,0.0,1.0
27-11-2009,12.79,12.94,12.53,12.6,6998300,0.2932692253,0.2873075366,0.2889126067,279932000,0.0,1.0
30-11-2009,13.06,13.07,12.7,12.84,12745900,0.2994602098,0.2912055639,0.2944157039,509836000,0.0,1.0
01-12-2009,13.32,13.47,13.06,13.13,11548400,0.3054218985,0.2994602098,0.3010652798,461936000,0.0,1.0
02-12-2009,13.72,13.75,13.27,13.35,15057300,0.3145937273,0.3042754199,0.3061097856,602292000,0.0,1.0
03-12-2009,13.83,14.13,13.81,13.88,16500900,0.3171159802,0.3166573887,0.3182624588,660036000,0.0,1.0
04-12-2009,14.26,14.32,13.87,14.09,20614100,0.3269756961,0.3180331631,0.3230776689,824564000,0.0,1.0
07-12-2009,16.09,16.45,15.1,15.85,68304600,0.3689368128,0.3462365366,0.3634337155,2732184000,0.0,1.0
08-12-2009,15.31,15.9,15.22,15.83,26887800,0.3510517467,0.3489880852,0.3629751241,1075512000,0.0,1.0
09-12-2009,15.69,15.805,15.32,15.47,16789700,0.359764984,0.3512810424,0.3547204782,671588000,0.0,1.0
10-12-2009,15.41,15.9,15.36,15.8,10425300,0.3533447039,0.3521982253,0.3622872369,417012000,0.0,1.0
11-12-2009,15.21,15.56,15.17,15.54,10418600,0.3487587895,0.3478416066,0.3563255482,416744000,0.0,1.0
14-12-2009,15.67,15.72,15.26,15.43,10137200,0.3593063926,0.3499052681,0.3538032953,405488000,0.0,1.0
15-12-2009,15.65,15.91,15.52,15.56,11153800,0.3588478011,0.3558669568,0.3567841397,446152000,0.0,1.0
16-12-2009,16.91,17.09,16.12,16.21,42085000,0.3877390618,0.3696247,0.3716883614,1683400000,0.0,1.0
17-12-2009,16.83,17.48,16.58,16.96,25403300,0.385904696,0.3801723031,0.3888855404,1016132000,0.0,1.0
18-12-2009,16.82,17.03,16.62,16.97,20320700,0.3856754003,0.3810894859,0.3891148361,812828000,0.0,1.0
21-12-2009,17.42,17.49,16.9,16.92,10694800,0.3994331435,0.3875097661,0.3879683575,427792000,0.0,1.0
22-12-2009,17.88,18.06,17.4,17.42,19826100,0.4099807466,0.3989745521,0.3994331435,793044000,0.0,1.0
23-12-2009,18.13,18.18,17.82,18.05,11054900,0.4157131396,0.4086049723,0.4138787738,442196000,0.0,1.0
24-12-2009,18.09,18.21,18.02,18.18,3420300,0.4147959567,0.4131908867,0.4168596182,136812000,0.0,1.0
28-12-2009,17.8,18.22,17.62,18.06,11644000,0.4081463808,0.4040190579,0.4141080696,465760000,0.0,1.0
29-12-2009,18.02,18.07,17.7,17.74,11896200,0.4131908867,0.4058534237,0.4067706065,475848000,0.0,1.0
30-12-2009,18.67,18.78,18.06,18.19,17600200,0.4280951084,0.4141080696,0.4170889139,704008000,0.0,1.0
31-12-2009,18.68,18.95,18.66,18.71,17508500,0.4283244042,0.4278658127,0.4290122913,700340000,0.0,1.0
04-01-2010,18.49,18.62,18.11,18.51,20005100,0.4239677855,0.4152545482,0.4244263769,800204000,0.0,1.0
05-01-2010,18.76,18.96,18.42,18.51,18216200,0.4301587699,0.4223627155,0.4244263769,728648000,0.0,1.0
06-01-2010,18.88,18.92,18.57,18.75,16229200,0.4329103186,0.4258021513,0.4299294742,649168000,0.0,1.0
07-01-2010,18.51,18.86,18.37,18.78,13694800,0.4244263769,0.4212162369,0.4306173614,547792000,0.0,1.0
08-01-2010,18.55,18.6821,18.25,18.36,11954200,0.4253435598,0.4184646882,0.4209869411,478168000,0.0,1.0
11-01-2010,18.29,18.73,18.03,18.65,13915300,0.4193818711,0.4134201824,0.427636517,556612000,0.0,1.0
12-01-2010,17.67,18.09,17.29,18.02,15685800,0.4051655365,0.3964522991,0.4131908867,627432000,0.0,1.0
13-01-2010,17.91,17.97,17.1,17.79,12721700,0.4106686338,0.3920956805,0.4079170851,508868000,0.0,1.0
14-01-2010,17.63,17.82,17.33,17.69,15213100,0.4042483536,0.397369482,0.4056241279,608524000,0.0,1.0
15-01-2010,17.11,17.65,16.88,17.5,20454800,0.3923249762,0.3870511746,0.4012675093,818192000,0.0,1.0
19-01-2010,17.43,17.54,16.93,16.98,13633200,0.3996624392,0.3881976532,0.3893441318,545328000,0.0,1.0
20-01-2010,17.355,17.43,16.98,17.21,17993200,0.3979427213,0.3893441318,0.3946179334,719728000,0.0,1.0
21-01-2010,17.05,17.66,16.89,17.35,15215800,0.3909492019,0.3872804704,0.3978280735,608632000,0.0,1.0
22-01-2010,16.46,17.16,16.36,16.85,26697900,0.3774207544,0.3751277972,0.3863632875,1067916000,0.0,1.0
25-01-2010,16.74,17.06,16.61,16.73,16091900,0.3838410346,0.3808601902,0.3836117389,643676000,0.0,1.0
26-01-2010,16.21,16.77,16.2,16.66,17865900,0.3716883614,0.3714590657,0.3820066688,714636000,0.0,1.0
27-01-2010,16.65,16.71,16.02,16.2,20312600,0.3817773731,0.3673317428,0.3714590657,812504000,0.0,1.0
28-01-2010,16.09,16.84,15.86,16.78,17194100,0.3689368128,0.3636630112,0.3847582174,687764000,0.0,1.0
29-01-2010,15.39,16.45,15.15,16.27,19367500,0.3528861124,0.3473830152,0.3730641358,774700000,0.0,1.0
01-02-2010,16.57,16.6,15.32,15.45,23745800,0.3799430073,0.3512810424,0.3542618867,949832000,0.0,1.0
02-02-2010,16.74,16.95,16.46,16.51,21245300,0.3838410346,0.3774207544,0.378567233,849812000,0.0,1.0
03-02-2010,16.88,16.95,16.51,16.59,14057400,0.3870511746,0.378567233,0.3804015988,562296000,0.0,1.0
04-02-2010,15.9,16.73,15.72,16.73,19587000,0.3645801941,0.3604528712,0.3836117389,783480000,0.0,1.0
05-02-2010,16.22,16.26,15.6,15.88,15121400,0.3719176572,0.3577013225,0.3641216027,604856000,0.0,1.0
08-02-2010,16.19,16.58,15.873,16.17,11129000,0.37122977,0.3639610957,0.3707711786,445160000,0.0,1.0
09-02-2010,16.06,16.53,15.9,16.45,23253600,0.3682489256,0.3645801941,0.3771914587,930144000,0.0,1.0
10-02-2010,16.37,16.52,16.05,16.16,13395700,0.3753570929,0.3680196299,0.3705418828,535828000,0.0,1.0
11-02-2010,17.12,17.3,16.51,16.63,17399500,0.3925542719,0.378567233,0.3813187817,695980000,0.0,1.0
12-02-2010,17.35,17.7,16.805,17.0,19505300,0.3978280735,0.3853314567,0.3898027233,780212000,0.0,1.0
16-02-2010,17.67,17.74,17.37,17.58,11425600,0.4051655365,0.3982866649,0.403101875,457024000,0.0,1.0
17-02-2010,17.84,17.9,17.325,17.89,21914000,0.4090635637,0.3972548342,0.4102100423,876560000,0.0,1.0
18-02-2010,16.67,16.95,16.21,16.86,37887700,0.3822359645,0.3716883614,0.3865925832,1515508000,0.0,1.0
19-02-2010,16.58,16.78,16.5,16.6,12763700,0.3801723031,0.3783379373,0.3806308945,510548000,0.0,1.0
22-02-2010,16.61,16.9,16.5,16.65,11452100,0.3808601902,0.3783379373,0.3817773731,458084000,0.0,1.0
23-02-2010,16.21,16.73,16.04,16.66,12244100,0.3716883614,0.3677903342,0.3820066688,489764000,0.0,1.0
24-02-2010,16.55,16.71,16.3,16.35,11146700,0.3794844159,0.3737520229,0.3748985015,445868000,0.0,1.0
25-02-2010,16.4,16.44,15.76,16.17,14424300,0.3760449801,0.3613700541,0.3707711786,576972000,0.0,1.0
26-02-2010,16.2,16.44,16.1,16.32,9834900,0.3714590657,0.3691661085,0.3742106143,393396000,0.0,1.0
01-03-2010,16.85,16.93,16.08,16.21,13896700,0.3863632875,0.3687075171,0.3716883614,555868000,0.0,1.0
02-03-2010,16.84,17.21,16.72,17.0,13466200,0.3861339918,0.3833824431,0.3898027233,538648000,0.0,1.0
03-03-2010,16.63,17.03,16.49,16.94,9982500,0.3813187817,0.3781086416,0.388426949,399300000,0.0,1.0
04-03-2010,16.66,16.83,16.45,16.7,13934900,0.3820066688,0.3771914587,0.3829238517,557396000,0.0,1.0
05-03-2010,17.17,17.29,16.54,16.54,15820800,0.3937007505,0.3792551202,0.3792551202,632832000,0.0,1.0
08-03-2010,16.92,17.23,16.85,17.18,10982800,0.3879683575,0.3863632875,0.3939300462,439312000,0.0,1.0
09-03-2010,17.55,17.72,17.08,17.09,20770800,0.4024139879,0.391637089,0.3918663848,830832000,0.0,1.0
10-03-2010,17.59,17.78,17.49,17.5,10463000,0.4033311707,0.4010382135,0.4012675093,418520000,0.0,1.0
11-03-2010,17.19,17.51,17.12,17.45,13516500,0.394159342,0.3925542719,0.4001210307,540660000,0.0,1.0
12-03-2010,17.25,17.43,17.16,17.38,13008800,0.3955351163,0.3934714548,0.3985159606,520352000,0.0,1.0
15-03-2010,17.16,17.4,17.0,17.23,8972600,0.3934714548,0.3898027233,0.3950765248,358904000,0.0,1.0
16-03-2010,17.755,17.86,17.14,17.15,16624700,0.4071145501,0.3930128634,0.3932421591,664988000,0.0,1.0
17-03-2010,18.1,18.34,17.86,17.86,16279200,0.4150252524,0.4095221552,0.4095221552,651168000,0.0,1.0
18-03-2010,17.46,18.13,17.3,18.13,18524100,0.4003503264,0.3966815949,0.4157131396,740964000,0.0,1.0
19-03-2010,17.25,17.77,17.03,17.72,14615300,0.3955351163,0.3904906104,0.4063120151,584612000,0.0,1.0
22-03-2010,17.53,17.6,17.03,17.03,10883400,0.4019553964,0.3904906104,0.3904906104,435336000,0.0,1.0
23-03-2010,17.89,17.98,17.54,17.655,12340300,0.4102100423,0.4021846921,0.4048215929,493612000,0.0,1.0
24-03-2010,17.29,17.79,17.255,17.74,10906300,0.3964522991,0.3956497641,0.4067706065,436252000,0.0,1.0
25-03-2010,17.34,17.65,17.3,17.54,12379600,0.3975987777,0.3966815949,0.4021846921,495184000,0.0,1.0
26-03-2010,17.34,17.67,17.1975,17.49,8616900,0.3975987777,0.3943313137,0.4010382135,344676000,0.0,1.0
29-03-2010,17.56,17.6,17.21,17.45,9861400,0.4026432836,0.3946179334,0.4001210307,394456000,0.0,1.0
30-03-2010,17.63,17.85,17.33,17.76,8102600,0.4042483536,0.397369482,0.407229198,324104000,0.0,1.0
31-03-2010,17.4,17.64,17.31,17.56,9746000,0.3989745521,0.3969108906,0.4026432836,389840000,0.0,1.0
01-04-2010,17.22,17.68,17.04,17.48,8491600,0.3948472291,0.3907199062,0.4008089178,339664000,0.0,1.0
05-04-2010,17.48,17.51,17.31,17.33,10340900,0.4008089178,0.3969108906,0.397369482,413636000,0.0,1.0
06-04-2010,17.05,17.3,16.75,17.26,20231500,0.3909492019,0.3840703303,0.395764412,809260000,0.0,1.0
07-04-2010,17.16,17.45,16.8,16.94,20436700,0.3934714548,0.3852168089,0.388426949,817468000,0.0,1.0
08-04-2010,16.88,17.175,16.79,17.05,25940000,0.3870511746,0.3849875132,0.3909492019,1037600000,0.0,1.0
09-04-2010,16.99,17.05,16.75,16.84,20439300,0.3895734276,0.3840703303,0.3861339918,817572000,0.0,1.0
12-04-2010,17.3,17.37,16.98,17.01,13661500,0.3966815949,0.3893441318,0.390032019,546460000,0.0,1.0
13-04-2010,17.66,17.72,17.3,17.37,16217400,0.4049362408,0.3966815949,0.3982866649,648696000,0.0,1.0
14-04-2010,17.88,18.13,17.6,18.04,22518000,0.4099807466,0.4035604665,0.4136494781,900720000,0.0,1.0
15-04-2010,18.01,18.12,17.76,17.94,23939900,0.412961591,0.407229198,0.4113565209,957596000,0.0,1.0
16-04-2010,17.06,17.35,16.68,17.28,47943400,0.3911784976,0.3824652603,0.3962230034,1917736000,0.0,1.0
19-04-2010,16.98,17.03,16.41,16.93,27362300,0.3893441318,0.3762742758,0.3881976532,1094492000,0.0,1.0
20-04-2010,17.04,17.28,16.82,17.1,16954700,0.3907199062,0.3856754003,0.3920956805,678188000,0.0,1.0
21-04-2010,16.6,17.15,16.4,17.13,22397700,0.3806308945,0.3760449801,0.3927835676,895908000,0.0,1.0
22-04-2010,16.67,16.72,16.1,16.33,16423300,0.3822359645,0.3691661085,0.3744399101,656932000,0.0,1.0
23-04-2010,16.44,16.66,16.15,16.62,18822900,0.376962163,0.3703125871,0.3810894859,752916000,0.0,1.0
26-04-2010,16.6,16.8,16.43,16.46,12277300,0.3806308945,0.3767328673,0.3774207544,491092000,0.0,1.0
27-04-2010,16.13,16.65,16.08,16.48,15167600,0.3698539957,0.3687075171,0.3778793459,606704000,0.0,1.0
28-04-2010,16.16,16.39,15.83,16.12,16804100,0.3705418828,0.3629751241,0.3696247,672164000,0.0,1.0
29-04-2010,16.65,16.67,15.97,16.21,24678200,0.3817773731,0.3661852642,0.3716883614,987128000,0.0,1.0
30-04-2010,15.71,16.48,15.7,16.45,26701200,0.3602235755,0.3599942797,0.3771914587,1068048000,0.0,1.0
03-05-2010,15.54,15.88,15.3,15.79,26974300,0.3563255482,0.350822451,0.3620579412,1078972000,0.0,1.0
04-05-2010,14.75,15.33,14.53,15.3,32784400,0.3382111864,0.3331666805,0.350822451,1311376000,0.0,1.0
05-05-2010,14.5,14.87,14.32,14.45,33271000,0.3324787934,0.3283514704,0.3313323148,1330840000,0.0,1.0
06-05-2010,14.2,14.7,13.04,14.4,25072200,0.3255999218,0.2990016183,0.3301858362,1002888000,0.0,1.0
07-05-2010,13.96,14.33,13.46,14.33,28842800,0.3200968245,0.3086320386,0.3285807662,1153712000,0.0,1.0
10-05-2010,14.56,14.98,14.4,14.8,24478900,0.3338545677,0.3301858362,0.339357665,979156000,0.0,1.0
11-05-2010,14.4,14.69,14.29,14.42,20728100,0.3301858362,0.3276635833,0.3306444276,829124000,0.0,1.0
12-05-2010,14.68,14.76,14.41,14.5,22530900,0.3366061163,0.3304151319,0.3324787934,901236000,0.0,1.0
13-05-2010,14.65,15.29,14.51,14.62,31300000,0.3359182292,0.3327080891,0.335230342,1252000000,0.0,1.0
14-05-2010,12.96,13.7,12.6,13.66,62326700,0.2971672526,0.2889126067,0.3132179529,2493068000,0.0,1.0
17-05-2010,12.99,13.15,12.58,12.98,21401500,0.2978551397,0.2884540152,0.297625844,856060000,0.0,1.0
18-05-2010,12.56,13.18,12.49,13.1,16852800,0.2879954238,0.2863903538,0.3003773926,674112000,0.0,1.0
19-05-2010,12.76,12.78,12.41,12.5,20663000,0.2925813382,0.284555988,0.2866196495,826520000,0.0,1.0
20-05-2010,12.46,12.76,12.01,12.39,28228400,0.2857024666,0.2753841592,0.2840973966,1129136000,0.0,1.0
21-05-2010,12.73,13.075,12.1,12.1,26740000,0.291893451,0.2774478207,0.2774478207,1069600000,0.0,1.0
24-05-2010,12.36,12.84,12.32,12.69,16614100,0.2834095094,0.2824923265,0.2909762681,664564000,0.0,1.0
25-05-2010,12.69,12.75,11.85,11.97,24166300,0.2909762681,0.2717154277,0.2744669763,966652000,0.0,1.0
26-05-2010,12.75,13.45,12.71,13.2,24875700,0.2923520425,0.2914348596,0.3026703498,995028000,0.0,1.0
27-05-2010,13.5,13.5,13.04,13.07,17839000,0.3095492214,0.2990016183,0.2996895055,713560000,0.0,1.0
28-05-2010,13.14,13.48,12.94,13.48,13627900,0.3012945755,0.2967086611,0.30909063,545116000,0.0,1.0
01-06-2010,12.58,13.11,12.57,12.96,13187300,0.2884540152,0.2882247195,0.2971672526,527492000,0.0,1.0
02-06-2010,12.72,12.735,12.515,12.6,16227200,0.2916641553,0.2869635931,0.2889126067,649088000,0.0,1.0
03-06-2010,12.7,12.73,12.42,12.46,14659000,0.2912055639,0.2847852837,0.2857024666,586360000,0.0,1.0
04-06-2010,12.095,12.55,12.03,12.33,16786400,0.2773331728,0.2758427507,0.2827216222,671456000,0.0,1.0
07-06-2010,11.5025,12.23,11.45,12.15,14431200,0.2637474014,0.2625435989,0.2785942993,577248000,0.0,1.0
08-06-2010,11.18,11.45,10.89,11.445,24190900,0.2563526145,0.2497030386,0.2624289511,967636000,0.0,1.0
09-06-2010,10.91,11.54,10.87,11.24,17428800,0.2501616301,0.2492444472,0.2577283888,697152000,0.0,1.0
10-06-2010,11.35,11.4,11.1,11.13,15294200,0.2602506417,0.2545182487,0.2552061359,611768000,0.0,1.0
11-06-2010,11.61,11.655,11.2,11.23,11052600,0.2662123304,0.2568112059,0.2574990931,442104000,0.0,1.0
14-06-2010,11.36,11.8,11.33,11.78,9377000,0.2604799374,0.2597920503,0.2701103577,375080000,0.0,1.0
15-06-2010,11.9225,11.98,11.47,11.49,13215800,0.2733778217,0.2630021904,0.2634607818,528632000,0.0,1.0
16-06-2010,11.77,11.95,11.61,11.84,9162000,0.2698810619,0.2662123304,0.271486132,366480000,0.0,1.0
17-06-2010,12.22,12.25,11.76,12.18,21476700,0.2801993693,0.2696517662,0.2792821864,859068000,0.0,1.0
18-06-2010,12.3,12.45,12.2,12.29,23320800,0.2820337351,0.2797407779,0.2818044394,932832000,0.0,1.0
21-06-2010,12.01,12.59,11.9,12.56,14495900,0.2753841592,0.2728619063,0.2879954238,579836000,0.0,1.0
22-06-2010,11.56,12.31,11.5,12.16,20454100,0.2650658518,0.2636900775,0.278823595,818164000,0.0,1.0
23-06-2010,11.69,11.81,11.34,11.67,15351500,0.2680466962,0.260021346,0.2675881047,614060000,0.0,1.0
24-06-2010,11.11,11.68,11.07,11.62,18125700,0.2547475444,0.2538303616,0.2664416261,725028000,0.0,1.0
25-06-2010,11.08,11.2,10.9,11.19,12680500,0.2540596573,0.2499323343,0.2565819102,507220000,0.0,1.0
28-06-2010,11.1,11.26,10.9,11.16,9300200,0.2545182487,0.2499323343,0.255894023,372008000,0.0,1.0
29-06-2010,10.48,10.87,10.41,10.86,16520200,0.2403019141,0.2386968441,0.2490151515,660808000,0.0,1.0
30-06-2010,10.21,10.61,10.2087,10.5,15576800,0.2341109297,0.2340811212,0.2407605056,623072000,0.0,1.0
01-07-2010,10.38,10.45,9.93,10.24,18425200,0.2380089569,0.2276906495,0.2347988168,737008000,0.0,1.0
02-07-2010,10.25,10.44,9.9,10.42,18427400,0.2350281126,0.2270027624,0.2389261398,737096000,0.0,1.0
06-07-2010,10.14,10.54,10.05,10.21,17800500,0.2325058597,0.2304421982,0.2341109297,712020000,0.0,1.0
07-07-2010,10.63,10.69,10.16,10.18,15210300,0.2437413499,0.2329644511,0.2334230425,608412000,0.0,1.0
08-07-2010,10.31,10.71,10.18,10.7,19581800,0.2364038869,0.2334230425,0.2453464199,783272000,0.0,1.0
09-07-2010,10.35,10.42,10.22,10.36,14287900,0.2373210698,0.2343402254,0.2375503655,571516000,0.0,1.0
12-07-2010,10.54,10.67,10.34,10.35,14134900,0.2416776884,0.237091774,0.2373210698,565396000,0.0,1.0
13-07-2010,10.92,10.99,10.65,10.71,18082900,0.2503909258,0.2441999413,0.2455757157,723316000,0.0,1.0
14-07-2010,11.03,11.48,10.87,11.4,33891600,0.2529131787,0.2492444472,0.2613971203,1355664000,0.0,1.0
15-07-2010,10.72,11.05,10.59,11.04,23827200,0.2458050114,0.242824167,0.2531424744,953088000,0.0,1.0
16-07-2010,10.05,10.75,10.01,10.72,32215100,0.2304421982,0.2295250153,0.2458050114,1288604000,0.0,1.0
19-07-2010,10.46,10.5,10.12,10.19,19961000,0.2398433227,0.2320472682,0.2336523382,798440000,0.0,1.0
20-07-2010,10.72,10.78,10.1,10.19,29024700,0.2458050114,0.2315886768,0.2336523382,1160988000,0.0,1.0
21-07-2010,10.37,10.83,10.27,10.82,15623500,0.2377796612,0.235486704,0.2480979686,624940000,0.0,1.0
22-07-2010,10.54,10.65,10.42,10.48,11565300,0.2416776884,0.2389261398,0.2403019141,462612000,0.0,1.0
23-07-2010,10.36,10.54,10.26,10.53,20440100,0.2375503655,0.2352574083,0.2414483927,817604000,0.0,1.0
26-07-2010,10.55,10.59,10.17,10.33,17088700,0.2419069842,0.2331937468,0.2368624783,683548000,0.0,1.0
27-07-2010,10.46,10.6,10.33,10.58,17086800,0.2398433227,0.2368624783,0.2425948713,683472000,0.0,1.0
28-07-2010,10.13,10.47,10.1,10.29,33020200,0.2322765639,0.2315886768,0.2359452954,1320808000,0.0,1.0
29-07-2010,9.13,9.6,9.07,9.4,66611900,0.209346992,0.2079712177,0.2155379764,2664476000,0.0,1.0
30-07-2010,9.19,9.35,8.92,9.06,24607200,0.2107227663,0.2045317819,0.2077419219,984288000,0.0,1.0
02-08-2010,9.18,9.39,9.14,9.35,22925500,0.2104934706,0.2095762877,0.2143914978,917020000,0.0,1.0
03-08-2010,8.94,9.12,8.87,9.11,23886100,0.2049903733,0.2033853033,0.2088884005,955444000,0.0,1.0
04-08-2010,9.32,9.35,8.98,9.02,21387400,0.2137036106,0.2059075562,0.2068247391,855496000,0.0,1.0
05-08-2010,9.44,9.46,9.18,9.35,20012600,0.2164551593,0.2104934706,0.2143914978,800504000,0.0,1.0
06-08-2010,9.55,9.65,9.32,9.4,18497600,0.2189774122,0.2137036106,0.2155379764,739904000,0.0,1.0
09-08-2010,9.64,9.66,9.405,9.65,11661400,0.2210410737,0.2156526243,0.2212703694,466456000,0.0,1.0
10-08-2010,9.2425,9.5,9.2,9.48,19314000,0.2119265688,0.210952062,0.2173723422,772560000,0.0,1.0
11-08-2010,8.8825,9.05,8.85,9.05,19903700,0.2036719229,0.2029267118,0.2075126262,796148000,0.0,1.0
12-08-2010,8.961,9.16,8.65,8.72,33589600,0.2054718943,0.1983407974,0.1999458675,1343584000,0.0,1.0
13-08-2010,9.39,9.52,9.23,9.25,44934800,0.2153086807,0.2116399492,0.2120985406,1797392000,0.0,1.0
16-08-2010,9.15,9.45,9.03,9.26,20350200,0.2098055834,0.2070540348,0.2123278363,814008000,0.0,1.0
17-08-2010,9.27,9.44,9.15,9.24,12030600,0.212557132,0.2098055834,0.2118692449,481224000,0.0,1.0
18-08-2010,9.32,9.4,9.18,9.24,8823000,0.2137036106,0.2104934706,0.2118692449,352920000,0.0,1.0
19-08-2010,9.88,9.91,9.37,9.42,40377500,0.2265441709,0.2148500892,0.2159965678,1615100000,0.0,1.0
20-08-2010,9.97,10.21,9.8,9.81,32632700,0.2286078324,0.2247098052,0.2249391009,1305308000,0.0,1.0
23-08-2010,9.82,10.25,9.79,10.0,18715500,0.2251683966,0.2244805095,0.2292957196,748620000,0.0,1.0
24-08-2010,9.72,9.82,9.48,9.5,16033300,0.2228754394,0.2173723422,0.2178309336,641332000,0.0,1.0
25-08-2010,9.92,10.0,9.56,9.61,18938300,0.2274613538,0.2192067079,0.2203531865,757532000,0.0,1.0
26-08-2010,9.8,10.16,9.8,10.05,16439900,0.2247098052,0.2247098052,0.2304421982,657596000,0.0,1.0
27-08-2010,10.12,10.2,9.61,9.86,26510400,0.2320472682,0.2203531865,0.2260855795,1060416000,0.0,1.0
30-08-2010,9.64,10.08,9.64,10.0,15070100,0.2210410737,0.2210410737,0.2292957196,602804000,0.0,1.0
31-08-2010,9.325,9.8,9.3,9.5,23287200,0.2138182585,0.2132450192,0.2178309336,931488000,0.0,1.0
01-09-2010,9.401,9.59,9.345,9.47,21286000,0.215560906,0.2142768499,0.2171430464,851440000,0.0,1.0
02-09-2010,9.57,9.6,9.34,9.43,14907300,0.2194360036,0.2141622021,0.2162258636,596292000,0.0,1.0
03-09-2010,9.899,9.93,9.68,9.7999,14162100,0.2269798328,0.2219582566,0.2247075122,566484000,0.0,1.0
07-09-2010,9.99,10.22,9.85,9.87,22495500,0.2290664239,0.2258562838,0.2263148752,899820000,0.0,1.0
08-09-2010,10.32,10.39,9.9,10.01,30603900,0.2366331826,0.2270027624,0.2295250153,1224156000,0.0,1.0
09-09-2010,10.18,10.46,10.05,10.45,17443700,0.2334230425,0.2304421982,0.239614027,697748000,0.0,1.0
10-09-2010,10.07,10.28,9.98,10.25,15232300,0.2309007896,0.2288371281,0.2350281126,609292000,0.0,1.0
13-09-2010,10.64,10.77,10.245,10.25,25394800,0.2439706456,0.2349134647,0.2350281126,1015792000,0.0,1.0
14-09-2010,10.54,10.68,10.45,10.55,17463400,0.2416776884,0.239614027,0.2419069842,698536000,0.0,1.0
15-09-2010,10.56,10.57,10.3,10.4401,13889300,0.2421362799,0.2361745912,0.2393870242,555572000,0.0,1.0
16-09-2010,10.565,10.66,10.42,10.42,9132000,0.2422509277,0.2389261398,0.2389261398,365280000,0.0,1.0
17-09-2010,10.55,10.68,10.52,10.67,10422100,0.2419069842,0.241219097,0.2446585328,416884000,0.0,1.0
20-09-2010,10.7099,10.75,10.45,10.55,11079200,0.2455734227,0.239614027,0.2419069842,443168000,0.0,1.0
21-09-2010,11.29,11.47,10.65,10.65,44490600,0.2588748674,0.2441999413,0.2441999413,1779624000,0.0,1.0
22-09-2010,11.39,11.49,11.18,11.25,24999900,0.2611678246,0.2563526145,0.2579576845,999996000,0.0,1.0
23-09-2010,11.62,11.98,11.42,11.52,31021800,0.2664416261,0.2618557118,0.264148669,1240872000,0.0,1.0
24-09-2010,12.26,12.3,11.79,11.88,27174400,0.2811165522,0.2703396534,0.2724033149,1086976000,0.0,1.0
27-09-2010,11.995,12.36,11.84,12.35,24987600,0.2750402156,0.271486132,0.2831802137,999504000,0.0,1.0
28-09-2010,11.971,12.14,11.76,12.01,18079800,0.2744899059,0.2696517662,0.2753841592,723192000,0.0,1.0
29-09-2010,11.88,12.23,11.75,11.86,24372600,0.2724033149,0.2694224705,0.2719447234,974904000,0.0,1.0
30-09-2010,11.682,12.1673,11.58,12.03,19690800,0.2678632596,0.2655244433,0.2758427507,787632000,0.0,1.0
01-10-2010,11.35,11.87,11.26,11.85,24978000,0.2602506417,0.2581869802,0.2717154277,999120000,0.0,1.0
04-10-2010,11.24,11.43,11.01,11.24,18737500,0.2577283888,0.2524545873,0.2577283888,749500000,0.0,1.0
05-10-2010,11.32,11.5,11.29,11.48,18839700,0.2595627546,0.2588748674,0.2632314861,753588000,0.0,1.0
06-10-2010,10.78,11.37,10.67,11.32,26440100,0.2471807857,0.2446585328,0.2595627546,1057604000,0.0,1.0
07-10-2010,10.7,10.84,10.38,10.83,19037200,0.2453464199,0.2380089569,0.2483272643,761488000,0.0,1.0
08-10-2010,10.86,10.95,10.51,10.66,17673300,0.2490151515,0.2409898013,0.2444292371,706932000,0.0,1.0
11-10-2010,10.81,11.0,10.76,10.91,11067000,0.2478686729,0.2467221943,0.2501616301,442680000,0.0,1.0
12-10-2010,11.015,11.07,10.63,10.72,15130200,0.2525692351,0.2437413499,0.2458050114,605208000,0.0,1.0
13-10-2010,11.34,11.5,11.08,11.2,24218300,0.260021346,0.2540596573,0.2568112059,968732000,0.0,1.0
14-10-2010,11.16,11.37,11.11,11.35,14979300,0.255894023,0.2547475444,0.2602506417,599172000,0.0,1.0
15-10-2010,11.2895,11.47,11.16,11.34,15998500,0.2588634026,0.255894023,0.260021346,639940000,0.0,1.0
18-10-2010,11.36,11.41,11.1,11.3,11203900,0.2604799374,0.2545182487,0.2591041631,448156000,0.0,1.0
19-10-2010,11.2875,11.37,11.02,11.1101,21653400,0.2588175435,0.252683883,0.2547498374,866136000,0.0,1.0
20-10-2010,11.29,11.6,11.1,11.3,19088300,0.2588748674,0.2545182487,0.2591041631,763532000,0.0,1.0
21-10-2010,11.09,11.32,10.92,11.3,25360700,0.254288953,0.2503909258,0.2591041631,1014428000,0.0,1.0
22-10-2010,11.8,11.89,11.04,11.16,33066900,0.2705689491,0.2531424744,0.255894023,1322676000,0.0,1.0
25-10-2010,11.91,11.995,11.78,11.89,16828400,0.273091202,0.2701103577,0.2726326106,673136000,0.0,1.0
26-10-2010,11.87,12.05,11.67,11.77,16881200,0.2721740191,0.2675881047,0.2698810619,675248000,0.0,1.0
27-10-2010,12.04,12.08,11.73,11.76,12419900,0.2760720464,0.2689638791,0.2696517662,496796000,0.0,1.0
28-10-2010,12.05,12.24,11.94,12.2,17611200,0.2763013421,0.2737790892,0.2797407779,704448000,0.0,1.0
29-10-2010,12.0205,12.15,11.9,12.03,13866600,0.2756249197,0.2728619063,0.2758427507,554664000,0.0,1.0
01-11-2010,12.04,12.29,11.94,12.1,11848000,0.2760720464,0.2737790892,0.2774478207,473920000,0.0,1.0
02-11-2010,12.285,12.49,12.02,12.09,14525900,0.2816897915,0.2756134549,0.277218525,581036000,0.0,1.0
03-11-2010,12.38,12.46,12.05,12.37,16793700,0.2838681008,0.2763013421,0.2836388051,671748000,0.0,1.0
04-11-2010,12.4,12.63,12.38,12.5,17500400,0.2843266923,0.2838681008,0.2866196495,700016000,0.0,1.0
05-11-2010,12.605,12.72,12.43,12.4901,18377900,0.2890272545,0.2850145794,0.2863926467,735116000,0.0,1.0
08-11-2010,12.6575,12.77,12.5,12.6,15128900,0.2902310571,0.2866196495,0.2889126067,605156000,0.0,1.0
09-11-2010,12.59,12.76,12.52,12.66,15849100,0.2886833109,0.2870782409,0.290288381,633964000,0.0,1.0
10-11-2010,12.74,12.74,12.5,12.68,13025400,0.2921227467,0.2866196495,0.2907469724,521016000,0.0,1.0
11-11-2010,12.611,12.82,12.27,12.44,27249500,0.289164832,0.2813458479,0.2852438752,1089980000,0.0,1.0
12-11-2010,13.26,13.68,13.03,13.09,53564000,0.3040461242,0.2987723226,0.3001480969,2142560000,0.0,1.0
15-11-2010,13.1005,13.51,13.07,13.24,18338700,0.3003888574,0.2996895055,0.3035875327,733548000,0.0,1.0
16-11-2010,12.7125,13.06,12.69,12.8801,18483900,0.2914921835,0.2909762681,0.2953351798,739356000,0.0,1.0
17-11-2010,12.92,13.07,12.58,12.7,13794100,0.2962500697,0.2884540152,0.2912055639,551764000,0.0,1.0
18-11-2010,13.32,13.45,13.09,13.09,24828000,0.3054218985,0.3001480969,0.3001480969,993120000,0.0,1.0
19-11-2010,13.752,13.8,13.27,13.29,17912100,0.3153274736,0.3042754199,0.3047340113,716484000,0.0,1.0
22-11-2010,13.76,13.84,13.54,13.66,11566700,0.3155109101,0.3104664043,0.3132179529,462668000,0.0,1.0
23-11-2010,13.44,13.74,13.34,13.6,11445800,0.3081734471,0.3058804899,0.3118421786,457832000,0.0,1.0
24-11-2010,13.77,13.82,13.57,13.58,9944600,0.3157402059,0.3111542915,0.3113835872,397784000,0.0,1.0
26-11-2010,13.6,13.84,13.6,13.76,3577600,0.3118421786,0.3118421786,0.3155109101,143104000,0.0,1.0
29-11-2010,13.75,13.8,13.48,13.54,11704800,0.3152816144,0.30909063,0.3104664043,468192000,0.0,1.0
30-11-2010,13.609,13.68,13.36,13.54,18023400,0.3120485448,0.3063390814,0.3104664043,720936000,0.0,1.0
01-12-2010,14.21,14.295,13.86,13.88,15663400,0.3258292175,0.3178038673,0.3182624588,626536000,0.0,1.0
02-12-2010,14.38,14.47,14.2,14.21,13232900,0.3297272448,0.3255999218,0.3258292175,529316000,0.0,1.0
03-12-2010,14.79,14.79,14.28,14.31,15151100,0.3391283693,0.3274342876,0.3281221747,606044000,0.0,1.0
06-12-2010,14.5125,14.87,14.45,14.84,10960600,0.332765413,0.3313323148,0.3402748479,438424000,0.0,1.0
07-12-2010,14.98,15.33,14.82,14.85,25670300,0.3434849879,0.3398162564,0.3405041436,1026812000,0.0,1.0
08-12-2010,15.11,15.27,14.85,14.96,15331300,0.3464658323,0.3405041436,0.3430263965,613252000,0.0,1.0
09-12-2010,14.8625,14.96,14.54,14.75,23560200,0.3407907632,0.3333959763,0.3382111864,942408000,0.0,1.0
10-12-2010,14.9475,15.09,14.82,14.86,11297500,0.3427397768,0.3398162564,0.3407334393,451900000,0.0,1.0
13-12-2010,14.5685,15.04,14.53,15.01,15227700,0.3340494691,0.3331666805,0.3441728751,609108000,0.0,1.0
14-12-2010,14.5925,15.12,14.57,14.85,18879000,0.3345997788,0.3340838634,0.3405041436,755160000,0.0,1.0
15-12-2010,14.27,14.8,14.25,14.62,15604400,0.3272049918,0.3267464004,0.335230342,624176000,0.0,1.0
16-12-2010,14.2875,14.5,14.25,14.42,15796800,0.3276062593,0.3267464004,0.3306444276,631872000,0.0,1.0
17-12-2010,14.37,14.45,14.13,14.3,14828900,0.329497949,0.3239948518,0.327892879,593156000,0.0,1.0
20-12-2010,14.31,14.49,14.3,14.42,8602200,0.3281221747,0.327892879,0.3306444276,344088000,0.0,1.0
21-12-2010,14.87,14.87,14.44,14.45,11673800,0.340962735,0.3311030191,0.3313323148,466952000,0.0,1.0
22-12-2010,15.03,15.05,14.7,14.84,11949700,0.3446314665,0.3370647078,0.3402748479,477988000,0.0,1.0
23-12-2010,14.92,15.03,14.86,15.03,6844600,0.3421092136,0.3407334393,0.3446314665,273784000,0.0,1.0
27-12-2010,15.0,15.11,14.61,14.88,6387500,0.3439435794,0.3350010463,0.3411920307,255500000,0.0,1.0
28-12-2010,14.94,15.1,14.85,15.0,4856500,0.342567805,0.3405041436,0.3439435794,194260000,0.0,1.0
29-12-2010,14.94,15.05,14.8,14.93,4441500,0.342567805,0.339357665,0.3423385093,177660000,0.0,1.0
30-12-2010,14.99,15.08,14.87,14.92,4362200,0.3437142836,0.340962735,0.3421092136,174488000,0.0,1.0
31-12-2010,15.4,15.42,14.9797,15.0,9781300,0.3531154081,0.3434781091,0.3439435794,391252000,0.0,1.0
03-01-2011,15.82,15.97,15.5,15.52,20436200,0.3627458284,0.3554083653,0.3558669568,817448000,0.0,1.0
04-01-2011,15.77,15.92,15.42,15.85,16284600,0.3615993498,0.3535739996,0.3634337155,651384000,0.0,1.0
05-01-2011,16.98,17.0,15.9,16.06,35705400,0.3893441318,0.3645801941,0.3682489256,1428216000,0.0,1.0
06-01-2011,19.33,19.34,17.37,17.42,87332800,0.4432286259,0.3982866649,0.3994331435,3493312000,0.0,1.0
07-01-2011,19.87,19.93,18.68,19.1119,64499600,0.4556105948,0.4283244042,0.4382276863,2579984000,0.0,1.0
10-01-2011,20.631,20.67,19.36,19.51,43758700,0.4730599991,0.4439165131,0.4473559489,1750348000,0.0,1.0
11-01-2011,20.31,21.11,19.87,20.91,67777200,0.4656996065,0.4556105948,0.4794573496,2711088000,0.0,1.0
12-01-2011,23.3525,23.37,20.25,20.32,85797400,0.5354628291,0.4643238321,0.4659289022,3431896000,0.0,1.0
13-01-2011,23.39,23.84,22.38,23.1,67379800,0.5363226881,0.5131638204,0.5296731122,2695192000,0.0,1.0
14-01-2011,23.59,23.98,22.85,22.99,39883800,0.5409086025,0.5239407192,0.5271508593,1595352000,0.0,1.0
18-01-2011,23.035,23.43,22.47,23.27,45333700,0.52818269,0.5152274819,0.5335711395,1813348000,0.0,1.0
19-01-2011,22.41,23.6,22.36,23.05,29947400,0.5138517076,0.512705229,0.5285266336,1197896000,0.0,1.0
20-01-2011,22.429,22.56,21.79,22.19,27785200,0.5142873694,0.499635373,0.5088072017,1111408000,0.0,1.0
21-01-2011,22.219,22.99,22.18,22.6699,18481100,0.5094721593,0.508577906,0.5198111033,739244000,0.0,1.0
24-01-2011,24.73,25.05,22.98,23.24,51422500,0.5670483145,0.5269215636,0.5328832523,2056900000,0.0,1.0
25-01-2011,23.97,24.88,23.81,24.62,27171400,0.5496218398,0.5459531083,0.5645260616,1086856000,0.0,1.0
26-01-2011,24.54,25.0,24.05,24.22,26866500,0.5626916958,0.5514562056,0.5553542328,1074660000,0.0,1.0
27-01-2011,24.471,24.95,24.0,24.89,16434900,0.5611095554,0.550309727,0.570717046,657396000,0.0,1.0
28-01-2011,23.76,24.94,23.2,24.53,27369900,0.5448066297,0.5319660694,0.5624624001,1094796000,0.0,1.0
31-01-2011,23.92,24.25,23.41,23.8,18754000,0.5484753612,0.5367812795,0.5457238126,750160000,0.0,1.0
01-02-2011,24.47,24.65,23.97,24.13,16352600,0.5610866258,0.5496218398,0.5532905713,654104000,0.0,1.0
02-02-2011,25.58,26.17,24.33,24.33,40165400,0.5865384507,0.5578764857,0.5578764857,1606616000,0.0,1.0
03-02-2011,25.095,25.62,24.55,25.62,25769400,0.5754176083,0.5629209916,0.5874556336,1030776000,0.0,1.0
04-02-2011,25.67,25.87,25.35,25.45,21822500,0.5886021122,0.5812646491,0.5835576063,872900000,0.0,1.0
07-02-2011,24.601,25.43,24.51,25.32,23355900,0.5640903997,0.5620038087,0.580576762,934236000,0.0,1.0
08-02-2011,23.872,24.785,23.76,24.63,26914600,0.5473747418,0.5448066297,0.5647553573,1076584000,0.0,1.0
09-02-2011,23.29,24.2,22.86,23.96,31938000,0.5340297309,0.524170015,0.5493925441,1277520000,0.0,1.0
10-02-2011,22.82,23.21,22.6,22.7719,26058800,0.5232528321,0.5182083262,0.5221499197,1042352000,0.0,1.0
11-02-2011,23.47,24.21,22.37,22.74,33981900,0.5381570538,0.5129345247,0.5214184663,1359276000,0.0,1.0
14-02-2011,23.11,24.5,23.02,23.75,32195700,0.5299024079,0.5278387465,0.544577334,1287828000,0.0,1.0
15-02-2011,22.55,23.23,22.45,23.15,22174500,0.5170618476,0.5147688904,0.5308195908,886980000,0.0,1.0
16-02-2011,23.38,23.71,22.77,22.85,32959100,0.5360933924,0.5221063535,0.5239407192,1318364000,0.0,1.0
17-02-2011,25.68,26.01,22.61,22.72,86752400,0.5888314079,0.518437622,0.5209598749,3470096000,0.0,1.0
18-02-2011,25.63,25.95,25.23,25.54,34860300,0.5876849293,0.5785131005,0.5856212678,1394412000,0.0,1.0
22-02-2011,23.21,24.86,23.13,24.79,34916200,0.5321953651,0.5303609994,0.5684240888,1396648000,0.0,1.0
23-02-2011,22.11,23.43,21.78,23.21,37290100,0.506972836,0.4994060772,0.5321953651,1491604000,0.0,1.0
24-02-2011,22.65,23.04,22.06,22.22,31153000,0.5193548048,0.5058263574,0.5094950889,1246120000,0.0,1.0
25-02-2011,23.12,23.5,22.94,23.26,19391300,0.5301317037,0.5260043807,0.5333418437,775652000,0.0,1.0
28-02-2011,22.66,23.51,22.14,23.5,22592400,0.5195841006,0.5076607231,0.538844941,903696000,0.0,1.0
01-03-2011,21.65,22.99,21.65,22.7,24711200,0.4964252329,0.4964252329,0.5205012834,988448000,0.0,1.0
02-03-2011,20.75,22.03,20.25,21.62,42953500,0.4757886181,0.4643238321,0.4957373457,1718140000,0.0,1.0
03-03-2011,20.87,21.35,20.24,21.23,39842600,0.4785401668,0.4640945364,0.4867948127,1593704000,0.0,1.0
04-03-2011,20.755,21.1,20.53,20.89,23994000,0.475903266,0.4707441123,0.4789987582,959760000,0.0,1.0
07-03-2011,20.47,20.98,19.95,20.91,25478500,0.469368338,0.4574449606,0.4794573496,1019140000,0.0,1.0
08-03-2011,19.55,20.8,19.12,20.69,48679600,0.4482731318,0.4384134158,0.4744128438,1947184000,0.0,1.0
09-03-2011,19.14,19.68,18.97,19.49,32974400,0.4388720073,0.43497398,0.4468973575,1318976000,0.0,1.0
10-03-2011,17.92,18.84,17.9,18.7,43068400,0.4108979295,0.410439338,0.4287829956,1722736000,0.0,1.0
11-03-2011,18.05,18.55,17.66,18.065,37170800,0.4138787738,0.4049362408,0.4142227174,1486832000,0.0,1.0
14-03-2011,18.2,18.65,17.9,18.19,25084000,0.4173182096,0.410439338,0.4170889139,1003360000,0.0,1.0
15-03-2011,17.66,17.96,17.01,17.31,31407000,0.4049362408,0.390032019,0.3969108906,1256280000,0.0,1.0
16-03-2011,17.53,18.35,17.3,17.5,36913000,0.4019553964,0.3966815949,0.4012675093,1476520000,0.0,1.0
17-03-2011,17.86,18.03,17.2,18.0,30962900,0.4095221552,0.3943886377,0.4127322952,1238516000,0.0,1.0
18-03-2011,17.62,18.2,17.6,18.1401,22174000,0.4040190579,0.4035604665,0.4159447283,886960000,0.0,1.0
21-03-2011,17.76,18.18,17.58,18.0,18795800,0.407229198,0.403101875,0.4127322952,751832000,0.0,1.0
22-03-2011,17.445,17.88,17.37,17.71,17958300,0.4000063828,0.3982866649,0.4060827194,718332000,0.0,1.0
23-03-2011,17.81,17.86,17.04,17.42,19559900,0.4083756766,0.3907199062,0.3994331435,782396000,0.0,1.0
24-03-2011,19.23,19.45,18.15,18.19,44514800,0.4409356687,0.416171731,0.4170889139,1780592000,0.0,1.0
25-03-2011,18.63,19.445,18.6,19.4,29909800,0.4271779256,0.4264900384,0.444833696,1196392000,0.0,1.0
28-03-2011,19.32,19.64,18.9,19.07,30107100,0.4429993302,0.43336891,0.4372669372,1204284000,0.0,1.0
29-03-2011,19.17,19.39,18.91,19.32,17894100,0.4395598944,0.4335982057,0.4429993302,715764000,0.0,1.0
30-03-2011,18.45,19.4,18.21,19.32,29408000,0.4230506026,0.4175475053,0.4429993302,1176320000,0.0,1.0
31-03-2011,18.46,18.68,18.12,18.48,16377800,0.4232798983,0.4154838439,0.4237384898,655112000,0.0,1.0
01-04-2011,18.2,18.72,17.95,18.7,21251800,0.4173182096,0.4115858166,0.4287829956,850072000,0.0,1.0
04-04-2011,17.55,18.25,17.42,18.2,23108200,0.4024139879,0.3994331435,0.4173182096,924328000,0.0,1.0
05-04-2011,17.58,17.95,17.54,17.81,20526900,0.403101875,0.4021846921,0.4083756766,821076000,0.0,1.0
06-04-2011,17.46,17.73,17.31,17.71,21424600,0.4003503264,0.3969108906,0.4060827194,856984000,0.0,1.0
07-04-2011,18.1,18.21,17.43,17.5,25530200,0.4150252524,0.3996624392,0.4012675093,1021208000,0.0,1.0
08-04-2011,17.55,18.24,17.5,18.24,18663800,0.4024139879,0.4012675093,0.4182353925,746552000,0.0,1.0
11-04-2011,17.32,17.71,17.13,17.62,13655200,0.3971401863,0.3927835676,0.4040190579,546208000,0.0,1.0
12-04-2011,17.37,17.49,16.83,17.15,21018900,0.3982866649,0.385904696,0.3932421591,840756000,0.0,1.0
13-04-2011,17.76,17.87,17.33,17.55,18739700,0.407229198,0.397369482,0.4024139879,749588000,0.0,1.0
14-04-2011,18.51,18.52,17.5,17.6,31367600,0.4244263769,0.4012675093,0.4035604665,1254704000,0.0,1.0
15-04-2011,18.71,18.94,18.28,18.37,24243000,0.4290122913,0.4191525754,0.4212162369,969720000,0.0,1.0
18-04-2011,18.09,18.39,17.8,18.27,18589600,0.4147959567,0.4081463808,0.4189232797,743584000,0.0,1.0
19-04-2011,18.02,18.17,17.53,18.1,16496500,0.4131908867,0.4019553964,0.4150252524,659860000,0.0,1.0
20-04-2011,18.57,18.95,18.27,18.68,16262900,0.4258021513,0.4189232797,0.4283244042,650516000,0.0,1.0
21-04-2011,18.52,18.885,18.48,18.77,10532500,0.4246556727,0.4237384898,0.4303880656,421300000,0.0,1.0
25-04-2011,18.81,19.12,18.59,18.6,15490300,0.4313052485,0.4262607427,0.4264900384,619612000,0.0,1.0
26-04-2011,19.3,19.4911,18.78,18.97,16900000,0.4425407388,0.4306173614,0.43497398,676000000,0.0,1.0
27-04-2011,19.3,19.4,18.9,19.4,11250100,0.4425407388,0.43336891,0.444833696,450004000,0.0,1.0
28-04-2011,19.51,19.9,19.08,19.2999,17100000,0.4473559489,0.437496233,0.4425384458,684000000,0.0,1.0
29-04-2011,20.0,20.44,19.61,19.64,20900000,0.4585914392,0.4496489061,0.4503367932,836000000,0.0,1.0
02-05-2011,19.73,20.43,19.6301,20.42,15345600,0.4524004547,0.4501097905,0.4682218594,613824000,0.0,1.0
03-05-2011,18.79,19.56,18.55,19.5,20200000,0.4308466571,0.4253435598,0.4471266532,808000000,0.0,1.0
04-05-2011,18.65,19.06,18.3,18.85,15983900,0.427636517,0.4196111668,0.4322224314,639356000,0.0,1.0
05-05-2011,18.66,18.88,18.25,18.5,13600000,0.4278658127,0.4184646882,0.4241970812,544000000,0.0,1.0
06-05-2011,19.32,19.5,18.9,19.0499,21027000,0.4429993302,0.43336891,0.4368060528,841080000,0.0,1.0
09-05-2011,19.75,19.85,19.33,19.38,17658200,0.4528590462,0.4432286259,0.4443751045,706328000,0.0,1.0
10-05-2011,19.78,19.93,19.58,19.91,17274400,0.4535469333,0.4489610189,0.4565277777,690976000,0.0,1.0
11-05-2011,19.87,20.08,19.6,19.88,15400000,0.4556105948,0.4494196104,0.4558398905,616000000,0.0,1.0
12-05-2011,20.5,20.52,19.75,19.8,30600000,0.4700562251,0.4528590462,0.4540055248,1224000000,0.0,1.0
13-05-2011,18.26,19.25,18.12,19.2,50629800,0.4186939839,0.4154838439,0.4402477816,2025192000,0.0,1.0
16-05-2011,17.701,18.25,17.69,18.21,18204700,0.4058763532,0.4056241279,0.4175475053,728188000,0.0,1.0
17-05-2011,17.63,17.65,17.12,17.64,35509100,0.4042483536,0.3925542719,0.4044776493,1420364000,0.0,1.0
18-05-2011,18.04,18.19,17.64,17.7,16471100,0.4136494781,0.4044776493,0.4058534237,658844000,0.0,1.0
19-05-2011,17.78,18.19,17.51,18.18,16272100,0.4076877894,0.401496805,0.4168596182,650884000,0.0,1.0
20-05-2011,18.09,18.13,17.66,17.74,14395500,0.4147959567,0.4049362408,0.4067706065,575820000,0.0,1.0
23-05-2011,18.07,18.2,17.6,17.83,14700000,0.4143373653,0.4035604665,0.408834268,588000000,0.0,1.0
24-05-2011,18.141,18.87,18.11,18.16,18009300,0.4159653649,0.4152545482,0.4164010268,720372000,0.0,1.0
25-05-2011,18.36,18.48,17.87,18.05,13632800,0.4209869411,0.4097514509,0.4138787738,545312000,0.0,1.0
26-05-2011,18.82,18.98,18.31,18.36,17660900,0.4315345442,0.4198404625,0.4209869411,706436000,0.0,1.0
27-05-2011,19.5,19.5311,18.88,18.9,16470600,0.4471266532,0.4329103186,0.43336891,658824000,0.0,1.0
31-05-2011,20.04,20.05,19.4,19.88,30017900,0.459508622,0.444833696,0.4558398905,1200716000,0.0,1.0
01-06-2011,19.14,19.98,19.1,19.95,19055200,0.4388720073,0.4379548244,0.4574449606,762208000,0.0,1.0
02-06-2011,19.045,19.31,18.82,19.17,15189800,0.4366936979,0.4315345442,0.4395598944,607592000,0.0,1.0
03-06-2011,18.46,19.0,18.37,18.83,13732500,0.4232798983,0.4212162369,0.43176384,549300000,0.0,1.0
06-06-2011,18.07,18.6,18.05,18.39,10899700,0.4143373653,0.4138787738,0.4216748283,435988000,0.0,1.0
07-06-2011,18.06,18.31,17.98,18.21,10848900,0.4141080696,0.4122737038,0.4175475053,433956000,0.0,1.0
08-06-2011,17.57,18.08,17.43,17.97,14232200,0.4028725793,0.3996624392,0.4120444081,569288000,0.0,1.0
09-06-2011,17.37,17.6,16.74,17.56,18540800,0.3982866649,0.3838410346,0.4026432836,741632000,0.0,1.0
10-06-2011,17.12,17.505,16.98,17.4,12338700,0.3925542719,0.3893441318,0.3989745521,493548000,0.0,1.0
13-06-2011,16.995,17.34,16.88,17.12,14369000,0.3896880754,0.3870511746,0.3925542719,574760000,0.0,1.0
14-06-2011,17.14,17.52,17.07,17.15,13364400,0.3930128634,0.3914077933,0.3932421591,534576000,0.0,1.0
15-06-2011,16.77,17.01,16.42,16.91,23397900,0.3845289217,0.3765035715,0.3877390618,935916000,0.0,1.0
16-06-2011,16.19,17.0375,15.95,16.78,25622700,0.37122977,0.3657266727,0.3847582174,1024908000,0.0,1.0
17-06-2011,15.805,16.39,15.31,16.38,36697100,0.3624018848,0.3510517467,0.3755863887,1467884000,0.0,1.0
20-06-2011,15.62,16.0,15.5,15.67,18649000,0.358159914,0.3554083653,0.3593063926,745960000,0.0,1.0
21-06-2011,15.96,16.08,15.53,15.68,17606900,0.3659559684,0.3560962525,0.3595356883,704276000,0.0,1.0
22-06-2011,15.74,16.06,15.71,15.85,16293000,0.3609114626,0.3602235755,0.3634337155,651720000,0.0,1.0
23-06-2011,16.21,16.3164,15.4,15.54,18600600,0.3716883614,0.3531154081,0.3563255482,744024000,0.0,1.0
24-06-2011,15.74,16.27,15.64,16.13,13226300,0.3609114626,0.3586185054,0.3698539957,529052000,0.0,1.0
27-06-2011,15.41,15.84,14.86,15.74,28553800,0.3533447039,0.3407334393,0.3609114626,1142152000,0.0,1.0
28-06-2011,15.5,15.68,15.3,15.41,17305000,0.3554083653,0.350822451,0.3533447039,692200000,0.0,1.0
29-06-2011,15.74,15.9,15.06,15.6,24013600,0.3609114626,0.3453193537,0.3577013225,960544000,0.0,1.0
30-06-2011,15.935,16.11,15.54,15.78,16307500,0.3653827291,0.3563255482,0.3618286455,652300000,0.0,1.0
01-07-2011,16.145,16.21,15.62,15.94,13520100,0.3701979393,0.358159914,0.365497377,540804000,0.0,1.0
05-07-2011,15.88,16.28,15.74,16.13,13382400,0.3641216027,0.3609114626,0.3698539957,535296000,0.0,1.0
06-07-2011,15.67,15.9,15.48,15.87,13239500,0.3593063926,0.3549497739,0.363892307,529580000,0.0,1.0
07-07-2011,15.725,15.83,15.45,15.75,24653400,0.360567519,0.3542618867,0.3611407583,986136000,0.0,1.0
08-07-2011,15.43,15.62,15.3,15.51,15487900,0.3538032953,0.350822451,0.3556376611,619516000,0.0,1.0
11-07-2011,14.89,15.2,14.85,15.14,17859700,0.3414213264,0.3405041436,0.3471537194,714388000,0.0,1.0
12-07-2011,14.69,14.96,14.44,14.82,21690100,0.3368354121,0.3311030191,0.3398162564,867604000,0.0,1.0
13-07-2011,14.66,14.99,14.52,14.89,15859200,0.3361475249,0.3329373848,0.3414213264,634368000,0.0,1.0
14-07-2011,14.08,14.81,14.01,14.72,27224900,0.3228483732,0.3212433031,0.3375232992,1088996000,0.0,1.0
15-07-2011,14.1,14.25,13.81,14.16,20693400,0.3233069646,0.3166573887,0.3246827389,827736000,0.0,1.0
18-07-2011,13.795,14.07,13.62,13.99,20455000,0.3163134452,0.3123007701,0.3207847117,818200000,0.0,1.0
19-07-2011,14.221,14.25,13.84,13.84,15055600,0.3260814428,0.3173452759,0.3173452759,602224000,0.0,1.0
20-07-2011,14.04,14.35,14.0,14.27,16573900,0.3219311903,0.3210140074,0.3272049918,662956000,0.0,1.0
21-07-2011,14.7,14.8,13.85,14.06,28585500,0.3370647078,0.3175745716,0.3223897817,1143420000,0.0,1.0
22-07-2011,15.0,15.05,14.64,14.8299,18429800,0.3439435794,0.3356889335,0.3400432592,737192000,0.0,1.0
25-07-2011,14.76,14.83,14.55,14.77,14173000,0.3384404821,0.333625272,0.3386697778,566920000,0.0,1.0
26-07-2011,14.4,14.7,14.19,14.34,17456900,0.3301858362,0.3253706261,0.3288100619,698276000,0.0,1.0
27-07-2011,13.855,14.27,13.82,14.2,16305300,0.3176892195,0.3168866845,0.3255999218,652212000,0.0,1.0
28-07-2011,13.83,14.12,13.59,13.81,16204400,0.3171159802,0.3116128829,0.3166573887,648176000,0.0,1.0
29-07-2011,13.83,13.96,13.62,13.69,16941400,0.3171159802,0.3123007701,0.3139058401,677656000,0.0,1.0
01-08-2011,14.57,14.61,14.03,14.15,25490500,0.3340838634,0.3217018946,0.3244534432,1019620000,0.0,1.0
02-08-2011,14.42,15.38,14.42,14.47,33910800,0.3306444276,0.3306444276,0.3317909062,1356432000,0.0,1.0
03-08-2011,14.81,14.86,14.31,14.45,19130900,0.3395869607,0.3281221747,0.3313323148,765236000,0.0,1.0
04-08-2011,13.4,14.54,13.4,14.54,24493300,0.3072562642,0.3072562642,0.3333959763,979732000,0.0,1.0
05-08-2011,12.95,13.88,12.6,13.71,31764700,0.2969379569,0.2889126067,0.3143644315,1270588000,0.0,1.0
08-08-2011,11.93,12.76,11.85,12.32,27104500,0.2735497935,0.2717154277,0.2824923265,1084180000,0.0,1.0
09-08-2011,12.93,12.95,12.0,12.16,33245800,0.2964793654,0.2751548635,0.278823595,1329832000,0.0,1.0
10-08-2011,12.34,12.91,12.27,12.55,28501300,0.282950918,0.2813458479,0.2877661281,1140052000,0.0,1.0
11-08-2011,13.41,13.59,12.34,12.34,26969800,0.30748556,0.282950918,0.282950918,1078792000,0.0,1.0
12-08-2011,12.88,14.86,12.67,14.84,79894600,0.2953328868,0.2905176767,0.3402748479,3195784000,0.0,1.0
15-08-2011,13.37,13.4,12.94,13.01,21603800,0.3065683771,0.2967086611,0.2983137312,864152000,0.0,1.0
16-08-2011,12.99,13.4,12.75,13.22,17921700,0.2978551397,0.2923520425,0.3031289413,716868000,0.0,1.0
17-08-2011,12.81,13.25,12.64,13.03,13833200,0.2937278168,0.2898297895,0.2987723226,553328000,0.0,1.0
18-08-2011,11.94,12.35,11.8,12.23,20064100,0.2737790892,0.2705689491,0.280428665,802564000,0.0,1.0
19-08-2011,11.73,12.3916,11.65,11.74,19033300,0.2689638791,0.2671295133,0.2691931748,761332000,0.0,1.0
22-08-2011,11.94,12.2,11.805,12.058,15296900,0.2737790892,0.270683597,0.2764847787,611876000,0.0,1.0
23-08-2011,13.23,13.24,12.21,12.23,23457800,0.303358237,0.2799700736,0.280428665,938312000,0.0,1.0
24-08-2011,13.04,13.24,12.7,13.2,17187500,0.2990016183,0.2912055639,0.3026703498,687500000,0.0,1.0
25-08-2011,12.48,13.01,12.46,12.78,17274200,0.286161058,0.2857024666,0.2930399296,690968000,0.0,1.0
26-08-2011,13.01,13.14,12.21,12.43,18316500,0.2983137312,0.2799700736,0.2850145794,732660000,0.0,1.0
29-08-2011,13.36,13.41,13.07,13.38,15038200,0.3063390814,0.2996895055,0.3067976728,601528000,0.0,1.0
30-08-2011,13.68,13.79,13.18,13.27,17119000,0.3136765444,0.3022117584,0.3042754199,684760000,0.0,1.0
31-08-2011,13.31,13.92,13.2,13.78,17645200,0.3051926028,0.3026703498,0.3159695016,705808000,0.0,1.0
01-09-2011,13.28,13.78,13.27,13.49,19057800,0.3045047156,0.3042754199,0.3093199257,762312000,0.0,1.0
02-09-2011,12.92,13.16,12.82,12.98,11783900,0.2962500697,0.2939571125,0.297625844,471356000,0.0,1.0
06-09-2011,13.18,13.21,12.38,12.5,17406200,0.3022117584,0.2838681008,0.2866196495,696248000,0.0,1.0
07-09-2011,14.25,14.64,13.86,14.25,40165500,0.3267464004,0.3178038673,0.3267464004,1606620000,0.0,1.0
08-09-2011,14.18,14.45,13.95,14.11,22004100,0.3251413304,0.3198675288,0.3235362603,880164000,0.0,1.0
09-09-2011,13.88,14.44,13.76,14.06,21745700,0.3182624588,0.3155109101,0.3223897817,869828000,0.0,1.0
12-09-2011,14.21,14.33,13.69,14.15,22912000,0.3258292175,0.3139058401,0.3244534432,916480000,0.0,1.0
13-09-2011,14.53,14.6,14.11,14.33,21345900,0.3331666805,0.3235362603,0.3285807662,853836000,0.0,1.0
14-09-2011,15.28,15.47,14.9,14.91,38679800,0.3503638595,0.3416506222,0.3418799179,1547192000,0.0,1.0
15-09-2011,15.495,15.7,15.36,15.62,18822700,0.3552937175,0.3521982253,0.358159914,752908000,0.0,1.0
16-09-2011,15.46,16.1,15.38,15.53,34789700,0.3544911825,0.3526568167,0.3560962525,1391588000,0.0,1.0
19-09-2011,15.14,15.31,14.75,15.2001,24205100,0.3471537194,0.3382111864,0.3485317867,968204000,0.0,1.0
20-09-2011,14.75,15.39,14.68,15.33,19810900,0.3382111864,0.3366061163,0.3515103381,792436000,0.0,1.0
21-09-2011,14.465,15.085,14.46,14.83,17881300,0.3316762584,0.3315616105,0.3400455521,715252000,0.0,1.0
22-09-2011,13.51,13.92,13.25,13.9,32865800,0.3097785171,0.3038168284,0.3187210502,1314632000,0.0,1.0
23-09-2011,13.79,14.18,13.35,13.43,25286000,0.3161987973,0.3061097856,0.3079441514,1011440000,0.0,1.0
26-09-2011,13.82,14.0,13.2,13.96,24303100,0.3168866845,0.3026703498,0.3200968245,972124000,0.0,1.0
27-09-2011,13.84,14.29,13.73,14.17,19534700,0.3173452759,0.314823023,0.3249120346,781388000,0.0,1.0
28-09-2011,13.42,14.22,13.2,13.87,30913300,0.3077148557,0.3026703498,0.3180331631,1236532000,0.0,1.0
29-09-2011,13.09,13.89,12.75,13.66,21660400,0.3001480969,0.2923520425,0.3132179529,866416000,0.0,1.0
30-09-2011,12.51,12.95,12.49,12.88,16944600,0.2868489452,0.2863903538,0.2953328868,677784000,0.0,1.0
03-10-2011,11.81,12.74,11.81,12.35,23747400,0.2707982448,0.2707982448,0.2831802137,949896000,0.0,1.0
04-10-2011,12.9,12.9,11.47,11.515,34038700,0.2957914783,0.2630021904,0.2640340211,1361548000,0.0,1.0
05-10-2011,13.36,13.48,12.61,12.87,21417700,0.3063390814,0.2891419024,0.2951035911,856708000,0.0,1.0
06-10-2011,13.89,13.93,13.41,13.43,19329800,0.3184917545,0.30748556,0.3079441514,773192000,0.0,1.0
07-10-2011,14.15,14.36,13.66,13.95,20174400,0.3244534432,0.3132179529,0.3198675288,806976000,0.0,1.0
10-10-2011,14.78,14.78,14.36,14.39,13359400,0.3388990735,0.3292686533,0.3299565405,534376000,0.0,1.0
11-10-2011,14.62,14.9,14.57,14.66,20402000,0.335230342,0.3340838634,0.3361475249,816080000,0.0,1.0
12-10-2011,14.61,14.91,14.6,14.9,15301600,0.3350010463,0.3347717506,0.3416506222,612064000,0.0,1.0
13-10-2011,15.46,15.49,14.5,14.54,21370800,0.3544911825,0.3324787934,0.3333959763,854832000,0.0,1.0
14-10-2011,15.72,15.89,15.34,15.73,17561300,0.3604528712,0.3517396338,0.3606821669,702452000,0.0,1.0
17-10-2011,14.94,15.54,14.86,15.54,15294500,0.342567805,0.3407334393,0.3563255482,611780000,0.0,1.0
18-10-2011,15.48,15.52,14.77,14.86,14772900,0.3549497739,0.3386697778,0.3407334393,590916000,0.0,1.0
19-10-2011,15.17,15.77,15.125,15.5,13939200,0.3478416066,0.3468097759,0.3554083653,557568000,0.0,1.0
20-10-2011,14.41,14.82,13.84,14.76,24757700,0.3304151319,0.3173452759,0.3384404821,990308000,0.0,1.0
21-10-2011,14.48,14.83,14.24,14.59,15710700,0.3320202019,0.3265171047,0.3345424549,628428000,0.0,1.0
24-10-2011,15.02,15.25,14.51,14.54,13381400,0.3444021708,0.3327080891,0.3333959763,535256000,0.0,1.0
25-10-2011,14.45,14.93,14.42,14.81,14449900,0.3313323148,0.3306444276,0.3395869607,577996000,0.0,1.0
26-10-2011,14.62,14.81,14.2,14.73,12577900,0.335230342,0.3255999218,0.3377525949,503116000,0.0,1.0
27-10-2011,15.25,15.4,14.82,15.16,14443300,0.3496759724,0.3398162564,0.3476123109,577732000,0.0,1.0
28-10-2011,15.6,15.74,15.08,15.12,12253900,0.3577013225,0.3457779451,0.346695128,490156000,0.0,1.0
31-10-2011,14.8,15.19,14.8,15.1,12999600,0.339357665,0.339357665,0.3462365366,519984000,0.0,1.0
01-11-2011,14.06,14.3,13.92,14.26,19770600,0.3223897817,0.3191796417,0.3269756961,790824000,0.0,1.0
02-11-2011,13.815,14.27,13.53,14.2,24040200,0.3167720366,0.3102371086,0.3255999218,961608000,0.0,1.0
03-11-2011,14.65,14.68,13.6,13.97,18734300,0.3359182292,0.3118421786,0.3203261202,749372000,0.0,1.0
04-11-2011,14.82,14.87,14.29,14.52,16371000,0.3398162564,0.3276635833,0.3329373848,654840000,0.0,1.0
07-11-2011,14.74,14.96,14.4,14.71,15338400,0.3379818907,0.3301858362,0.3372940035,613536000,0.0,1.0
08-11-2011,15.08,15.17,14.6901,14.93,13743200,0.3457779451,0.336837705,0.3423385093,549728000,0.0,1.0
09-11-2011,14.32,14.92,14.26,14.73,13306100,0.3283514704,0.3269756961,0.3377525949,532244000,0.0,1.0
10-11-2011,14.47,14.82,14.11,14.67,24762100,0.3317909062,0.3235362603,0.3363768206,990484000,0.0,1.0
11-11-2011,14.98,15.1,14.07,14.88,43789000,0.3434849879,0.3226190774,0.3411920307,1751560000,0.0,1.0
14-11-2011,14.69,15.13,14.65,14.98,12507300,0.3368354121,0.3359182292,0.3434849879,500292000,0.0,1.0
15-11-2011,14.88,14.985,14.51,14.55,12641500,0.3411920307,0.3327080891,0.333625272,505660000,0.0,1.0
16-11-2011,14.58,14.99,14.53,14.6,12810500,0.3343131591,0.3331666805,0.3347717506,512420000,0.0,1.0
17-11-2011,14.06,14.59,13.8,14.55,16437600,0.3223897817,0.316428093,0.333625272,657504000,0.0,1.0
18-11-2011,13.93,14.14,13.775,14.14,12533800,0.3194089374,0.3158548537,0.3242241475,501352000,0.0,1.0
21-11-2011,14.63,14.77,13.5,13.7101,33269700,0.3354596377,0.3095492214,0.3143667245,1330788000,0.0,1.0
22-11-2011,15.08,15.16,14.705,14.79,32187000,0.3457779451,0.3371793556,0.3391283693,1287480000,0.0,1.0
23-11-2011,14.44,15.03,14.43,14.92,20633500,0.3311030191,0.3308737233,0.3421092136,825340000,0.0,1.0
25-11-2011,14.04,14.58,14.0,14.25,10165500,0.3219311903,0.3210140074,0.3267464004,406620000,0.0,1.0
28-11-2011,14.83,15.05,14.5,14.5,17265400,0.3400455521,0.3324787934,0.3324787934,690616000,0.0,1.0
29-11-2011,14.91,15.1,14.67,14.81,15586000,0.3418799179,0.3363768206,0.3395869607,623440000,0.0,1.0
30-11-2011,15.63,15.67,15.23,15.36,18258100,0.3583892097,0.3492173809,0.3521982253,730324000,0.0,1.0
01-12-2011,15.82,15.86,15.43,15.5,13244000,0.3627458284,0.3538032953,0.3554083653,529760000,0.0,1.0
02-12-2011,15.72,16.05,15.57,15.99,13661600,0.3604528712,0.3570134354,0.3666438556,546464000,0.0,1.0
05-12-2011,15.48,16.0,15.35,15.98,16117400,0.3549497739,0.3519689296,0.3664145599,644696000,0.0,1.0
06-12-2011,15.26,15.5996,15.1,15.57,14345800,0.3499052681,0.3462365366,0.3570134354,573832000,0.0,1.0
07-12-2011,15.17,15.28,14.85,15.16,12750400,0.3478416066,0.3405041436,0.3476123109,510016000,0.0,1.0
08-12-2011,14.69,15.27,14.64,15.0199,12287200,0.3368354121,0.3356889335,0.3443998778,491488000,0.0,1.0
09-12-2011,14.9,15.02,14.375,14.58,13896000,0.3416506222,0.3296125969,0.3343131591,555840000,0.0,1.0
12-12-2011,14.53,14.64,14.26,14.58,14330200,0.3331666805,0.3269756961,0.3343131591,573208000,0.0,1.0
13-12-2011,14.13,14.9,14.04,14.72,12914900,0.3239948518,0.3219311903,0.3375232992,516596000,0.0,1.0
14-12-2011,13.58,14.09,13.43,14.01,15900500,0.3113835872,0.3079441514,0.3212433031,636020000,0.0,1.0
15-12-2011,13.46,13.9,13.43,13.81,10878700,0.3086320386,0.3079441514,0.3166573887,435148000,0.0,1.0
16-12-2011,13.51,13.83,13.45,13.57,15477900,0.3097785171,0.3084027428,0.3111542915,619116000,0.0,1.0
19-12-2011,13.155,13.73,13.11,13.57,11581900,0.3016385191,0.3006066884,0.3111542915,463276000,0.0,1.0
20-12-2011,13.9,13.95,13.46,13.46,11130200,0.3187210502,0.3086320386,0.3086320386,445208000,0.0,1.0
21-12-2011,13.72,13.97,13.45,13.82,13710600,0.3145937273,0.3084027428,0.3168866845,548424000,0.0,1.0
22-12-2011,14.305,14.35,13.76,13.76,14414000,0.3280075269,0.3155109101,0.3155109101,576560000,0.0,1.0
23-12-2011,14.17,14.4,14.05,14.38,6223700,0.3249120346,0.322160486,0.3297272448,248948000,0.0,1.0
27-12-2011,14.06,14.28,14.02,14.11,4892800,0.3223897817,0.3214725988,0.3235362603,195712000,0.0,1.0
28-12-2011,13.71,14.088,13.7,14.06,5849000,0.3143644315,0.3141351358,0.3223897817,233960000,0.0,1.0
29-12-2011,13.97,14.0,13.65,13.85,5277800,0.3203261202,0.3129886572,0.3175745716,211112000,0.0,1.0
30-12-2011,13.86,14.07,13.84,13.92,4673900,0.3178038673,0.3173452759,0.3191796417,186956000,0.0,1.0
03-01-2012,14.04,14.4,14.01,14.3,11701100,0.3219311903,0.3212433031,0.327892879,468044000,0.0,1.0
04-01-2012,14.2,14.26,13.92,14.04,8684300,0.3255999218,0.3191796417,0.3219311903,347372000,0.0,1.0
05-01-2012,14.71,14.78,14.07,14.13,14088700,0.3372940035,0.3226190774,0.3239948518,563548000,0.0,1.0
06-01-2012,14.54,14.71,14.37,14.7,13331300,0.3333959763,0.329497949,0.3370647078,533252000,0.0,1.0
09-01-2012,14.54,14.82,14.44,14.55,12706100,0.3333959763,0.3311030191,0.333625272,508244000,0.0,1.0
10-01-2012,14.48,14.77,14.38,14.76,13658200,0.3320202019,0.3297272448,0.3384404821,546328000,0.0,1.0
11-01-2012,14.19,14.48,14.13,14.35,12106800,0.3253706261,0.3239948518,0.3290393576,484272000,0.0,1.0
12-01-2012,14.1,14.23,13.79,14.22,16309100,0.3233069646,0.3161987973,0.3260585132,652364000,0.0,1.0
13-01-2012,13.73,14.03,13.66,14.0,12607500,0.314823023,0.3132179529,0.3210140074,504300000,0.0,1.0
17-01-2012,13.52,13.94,13.5,13.94,15679400,0.3100078129,0.3095492214,0.3196382331,627176000,0.0,1.0
18-01-2012,13.98,14.09,13.705,13.78,15816900,0.320555416,0.3142497837,0.3159695016,632676000,0.0,1.0
19-01-2012,14.35,14.37,13.9502,14.1,15207800,0.3290393576,0.3198721147,0.3233069646,608312000,0.0,1.0
20-01-2012,14.22,14.5,14.17,14.33,13656800,0.3260585132,0.3249120346,0.3285807662,546272000,0.0,1.0
23-01-2012,14.61,14.62,14.05,14.23,14069800,0.3350010463,0.322160486,0.326287809,562792000,0.0,1.0
24-01-2012,14.94,15.0,14.5,14.51,18273000,0.342567805,0.3324787934,0.3327080891,730920000,0.0,1.0
25-01-2012,14.85,14.89,14.12,14.54,31853800,0.3405041436,0.323765556,0.3333959763,1274152000,0.0,1.0
26-01-2012,14.71,15.24,14.63,15.07,19991800,0.3372940035,0.3354596377,0.3455486494,799672000,0.0,1.0
27-01-2012,14.91,14.99,14.5,14.62,11249900,0.3418799179,0.3324787934,0.335230342,449996000,0.0,1.0
30-01-2012,14.8,14.87,14.43,14.65,9976900,0.339357665,0.3308737233,0.3359182292,399076000,0.0,1.0
31-01-2012,14.77,14.85,14.51,14.84,8947500,0.3386697778,0.3327080891,0.3402748479,357900000,0.0,1.0
01-02-2012,14.93,15.1,14.73,14.94,10700500,0.3423385093,0.3377525949,0.342567805,428020000,0.0,1.0
02-02-2012,15.485,15.55,14.86,15.01,17405900,0.3550644218,0.3407334393,0.3441728751,696236000,0.0,1.0
03-02-2012,15.82,15.95,15.69,15.72,12380800,0.3627458284,0.359764984,0.3604528712,495232000,0.0,1.0
06-02-2012,15.695,15.76,15.56,15.74,6971700,0.3598796319,0.3567841397,0.3609114626,278868000,0.0,1.0
07-02-2012,15.74,15.83,15.46,15.72,10257400,0.3609114626,0.3544911825,0.3604528712,410296000,0.0,1.0
08-02-2012,16.31,16.62,15.66,15.74,21190300,0.3739813186,0.3590770969,0.3609114626,847612000,0.0,1.0
09-02-2012,16.3,16.5985,16.27,16.51,14048600,0.3737520229,0.3730641358,0.378567233,561944000,0.0,1.0
10-02-2012,15.895,16.2,15.81,16.14,11006700,0.3644655463,0.3625165327,0.3700832914,440268000,0.0,1.0
13-02-2012,16.15,16.36,15.82,16.3,15266700,0.3703125871,0.3627458284,0.3737520229,610668000,0.0,1.0
14-02-2012,16.24,16.38,16.01,16.1499,11343900,0.3723762486,0.367102447,0.3703102942,453756000,0.0,1.0
15-02-2012,16.17,16.9,16.13,16.39,27771400,0.3707711786,0.3698539957,0.3758156844,1110856000,0.0,1.0
16-02-2012,16.45,16.58,15.0,15.06,47214700,0.3771914587,0.3439435794,0.3453193537,1888588000,0.0,1.0
17-02-2012,15.85,16.57,15.7,16.4582,25509000,0.3634337155,0.3599942797,0.3773794812,1020360000,0.0,1.0
21-02-2012,15.925,16.32,15.81,15.84,12954400,0.3651534334,0.3625165327,0.3632044198,518176000,0.0,1.0
22-02-2012,15.82,16.24,15.8,15.85,12310800,0.3627458284,0.3622872369,0.3634337155,492432000,0.0,1.0
23-02-2012,15.91,16.0,15.6,15.845,8099200,0.3648094898,0.3577013225,0.3633190677,323968000,0.0,1.0
24-02-2012,15.79,15.98,15.72,15.96,9166700,0.3620579412,0.3604528712,0.3659559684,366668000,0.0,1.0
27-02-2012,15.47,15.66,15.245,15.59,18631700,0.3547204782,0.3495613245,0.3574720268,745268000,0.0,1.0
28-02-2012,15.33,15.65,15.17,15.47,17497100,0.3515103381,0.3478416066,0.3547204782,699884000,0.0,1.0
29-02-2012,15.15,15.64,15.14,15.38,17229900,0.3473830152,0.3471537194,0.3526568167,689196000,0.0,1.0
01-03-2012,15.25,15.43,15.15,15.21,11248600,0.3496759724,0.3473830152,0.3487587895,449944000,0.0,1.0
02-03-2012,15.38,15.6,15.2,15.2,17101900,0.3526568167,0.3485294938,0.3485294938,684076000,0.0,1.0
05-03-2012,14.86,15.3,14.75,15.27,12871200,0.3407334393,0.3382111864,0.3501345638,514848000,0.0,1.0
06-03-2012,14.72,14.81,14.46,14.69,11785000,0.3375232992,0.3315616105,0.3368354121,471400000,0.0,1.0
07-03-2012,14.81,14.87,14.6,14.8,11049600,0.3395869607,0.3347717506,0.339357665,441984000,0.0,1.0
08-03-2012,14.855,15.01,14.772,14.85,10771300,0.3406187914,0.338715637,0.3405041436,430852000,0.0,1.0
09-03-2012,14.82,15.01,14.74,14.9,9195900,0.3398162564,0.3379818907,0.3416506222,367836000,0.0,1.0
12-03-2012,14.585,14.98,14.55,14.88,7498700,0.334427807,0.333625272,0.3411920307,299948000,0.0,1.0
13-03-2012,14.79,14.87,14.58,14.65,13832200,0.3391283693,0.3343131591,0.3359182292,553288000,0.0,1.0
14-03-2012,14.365,14.815,14.32,14.79,18392700,0.3293833012,0.3283514704,0.3391283693,735708000,0.0,1.0
15-03-2012,14.58,14.66,14.36,14.41,9559500,0.3343131591,0.3292686533,0.3304151319,382380000,0.0,1.0
16-03-2012,14.6,14.66,14.51,14.59,10708500,0.3347717506,0.3327080891,0.3345424549,428340000,0.0,1.0
19-03-2012,14.64,14.75,14.57,14.68,10135000,0.3356889335,0.3340838634,0.3366061163,405400000,0.0,1.0
20-03-2012,14.4,14.56,14.27,14.56,11240400,0.3301858362,0.3272049918,0.3338545677,449616000,0.0,1.0
21-03-2012,14.46,14.59,14.24,14.4,11696000,0.3315616105,0.3265171047,0.3301858362,467840000,0.0,1.0
22-03-2012,14.44,14.56,14.31,14.35,10634300,0.3311030191,0.3281221747,0.3290393576,425372000,0.0,1.0
23-03-2012,14.545,14.59,14.3,14.4,7886400,0.3335106241,0.327892879,0.3301858362,315456000,0.0,1.0
26-03-2012,14.72,14.79,14.55,14.69,7215000,0.3375232992,0.333625272,0.3368354121,288600000,0.0,1.0
27-03-2012,14.82,15.0,14.75,14.78,10499200,0.3398162564,0.3382111864,0.3388990735,419968000,0.0,1.0
28-03-2012,15.16,15.36,14.9,15.01,22311200,0.3476123109,0.3416506222,0.3441728751,892448000,0.0,1.0
29-03-2012,15.23,15.35,14.95,15.14,9317500,0.3492173809,0.3427971008,0.3471537194,372700000,0.0,1.0
30-03-2012,15.395,15.49,15.14,15.36,13181000,0.3530007603,0.3471537194,0.3521982253,527240000,0.0,1.0
02-04-2012,15.33,15.4899,15.111,15.36,10194400,0.3515103381,0.3464887619,0.3521982253,407776000,0.0,1.0
03-04-2012,15.08,15.4576,15.0,15.44,10761900,0.3457779451,0.3439435794,0.354032591,430476000,0.0,1.0
04-04-2012,14.65,15.04,14.56,14.85,12397400,0.3359182292,0.3338545677,0.3405041436,495896000,0.0,1.0
05-04-2012,14.63,14.85,14.58,14.67,9235600,0.3354596377,0.3343131591,0.3363768206,369424000,0.0,1.0
09-04-2012,14.44,14.49,14.16,14.4,9137600,0.3311030191,0.3246827389,0.3301858362,365504000,0.0,1.0
10-04-2012,14.16,14.58,14.09,14.38,11759000,0.3246827389,0.3230776689,0.3297272448,470360000,0.0,1.0
11-04-2012,14.34,14.65,14.3,14.35,9324000,0.3288100619,0.327892879,0.3290393576,372960000,0.0,1.0
12-04-2012,14.68,14.76,14.3,14.36,9621700,0.3366061163,0.327892879,0.3292686533,384868000,0.0,1.0
13-04-2012,14.16,14.625,14.15,14.55,7783100,0.3246827389,0.3244534432,0.333625272,311324000,0.0,1.0
16-04-2012,13.99,14.3,13.76,14.26,11586700,0.3207847117,0.3155109101,0.3269756961,463468000,0.0,1.0
17-04-2012,14.02,14.2,13.97,14.03,11517400,0.3214725988,0.3203261202,0.3217018946,460696000,0.0,1.0
18-04-2012,13.87,14.0,13.7,13.93,10019100,0.3180331631,0.3141351358,0.3194089374,400764000,0.0,1.0
19-04-2012,13.655,14.21,13.59,13.69,16679700,0.3131033051,0.3116128829,0.3139058401,667188000,0.0,1.0
20-04-2012,13.39,13.78,13.36,13.74,12739800,0.3070269685,0.3063390814,0.3150523187,509592000,0.0,1.0
23-04-2012,13.23,13.285,12.91,13.16,17656100,0.303358237,0.296020774,0.301753167,706244000,0.0,1.0
24-04-2012,12.82,13.38,12.75,13.27,18261000,0.2939571125,0.2923520425,0.3042754199,730440000,0.0,1.0
25-04-2012,13.08,13.18,12.77,13.01,18177800,0.2999188012,0.2928106339,0.2983137312,727112000,0.0,1.0
26-04-2012,13.09,13.1999,12.98,13.07,13480200,0.3001480969,0.297625844,0.2996895055,539208000,0.0,1.0
27-04-2012,12.98,13.145,12.84,13.07,11883900,0.297625844,0.2944157039,0.2996895055,475356000,0.0,1.0
30-04-2012,13.0,13.07,12.82,12.91,6556700,0.2980844354,0.2939571125,0.296020774,262268000,0.0,1.0
01-05-2012,13.23,13.37,12.93,12.93,10217000,0.303358237,0.2964793654,0.2964793654,408680000,0.0,1.0
02-05-2012,12.85,13.23,12.78,13.18,17100200,0.2946449997,0.2930399296,0.3022117584,684008000,0.0,1.0
03-05-2012,12.63,12.955,12.55,12.88,10488400,0.2896004938,0.2877661281,0.2953328868,419536000,0.0,1.0
04-05-2012,12.26,12.62,12.26,12.55,13627300,0.2811165522,0.2811165522,0.2877661281,545092000,0.0,1.0
07-05-2012,12.47,12.69,12.37,12.48,15111000,0.2859317623,0.2836388051,0.286161058,604440000,0.0,1.0
08-05-2012,12.46,12.54,12.14,12.36,11557800,0.2857024666,0.2783650036,0.2834095094,462312000,0.0,1.0
09-05-2012,12.51,12.61,12.12,12.24,13015200,0.2868489452,0.2779064121,0.2806579608,520608000,0.0,1.0
10-05-2012,12.42,12.65,12.22,12.63,14927300,0.2847852837,0.2801993693,0.2896004938,597092000,0.0,1.0
11-05-2012,13.21,13.68,13.16,13.45,35878500,0.3028996456,0.301753167,0.3084027428,1435140000,0.0,1.0
14-05-2012,13.13,13.33,12.83,13.1,10936800,0.3010652798,0.2941864082,0.3003773926,437472000,0.0,1.0
15-05-2012,13.0,13.42,12.94,13.13,14998500,0.2980844354,0.2967086611,0.3010652798,599940000,0.0,1.0
16-05-2012,12.735,13.17,12.7,13.02,11762100,0.2920080989,0.2912055639,0.2985430269,470484000,0.0,1.0
17-05-2012,12.65,12.91,12.65,12.79,8384100,0.2900590853,0.2900590853,0.2932692253,335364000,0.0,1.0
18-05-2012,12.08,12.74,12.02,12.68,14182200,0.2769892292,0.2756134549,0.2907469724,567288000,0.0,1.0
21-05-2012,12.29,12.35,12.015,12.1,10406500,0.2818044394,0.2754988071,0.2774478207,416260000,0.0,1.0
22-05-2012,12.14,12.3,11.96,12.2799,10253500,0.2783650036,0.2742376806,0.2815728507,410140000,0.0,1.0
23-05-2012,12.44,12.46,11.825,12.01,12400000,0.2852438752,0.2711421884,0.2753841592,496000000,0.0,1.0
24-05-2012,12.11,12.53,12.02,12.51,13010500,0.2776771164,0.2756134549,0.2868489452,520420000,0.0,1.0
25-05-2012,12.4,12.5,12.1,12.1,9793800,0.2843266923,0.2774478207,0.2774478207,391752000,0.0,1.0
29-05-2012,12.72,12.8,12.55,12.6,7750000,0.2916641553,0.2877661281,0.2889126067,310000000,0.0,1.0
30-05-2012,12.57,12.67,12.35,12.58,9494800,0.2882247195,0.2831802137,0.2884540152,379792000,0.0,1.0
31-05-2012,12.43,12.62,12.27,12.57,8954800,0.2850145794,0.2813458479,0.2882247195,358192000,0.0,1.0
01-06-2012,11.98,12.29,11.96,12.17,11024600,0.2746962721,0.2742376806,0.2790528907,440984000,0.0,1.0
04-06-2012,11.73,12.11,11.63,12.04,10821400,0.2689638791,0.2666709219,0.2760720464,432856000,0.0,1.0
05-06-2012,12.065,12.1,11.67,11.67,9130600,0.2766452857,0.2675881047,0.2675881047,365224000,0.0,1.0
06-06-2012,12.39,12.42,12.07,12.16,9224200,0.2840973966,0.2767599335,0.278823595,368968000,0.0,1.0
07-06-2012,11.89,12.64,11.88,12.57,13169500,0.2726326106,0.2724033149,0.2882247195,526780000,0.0,1.0
08-06-2012,12.12,12.16,11.91,11.93,9257700,0.2779064121,0.273091202,0.2735497935,370308000,0.0,1.0
11-06-2012,12.26,12.73,12.23,12.51,20977000,0.2811165522,0.280428665,0.2868489452,839080000,0.0,1.0
12-06-2012,12.51,12.63,12.38,12.4,12403200,0.2868489452,0.2838681008,0.2843266923,496128000,0.0,1.0
13-06-2012,12.18,12.53,12.12,12.5,12356900,0.2792821864,0.2779064121,0.2866196495,494276000,0.0,1.0
14-06-2012,12.03,12.26,11.91,12.16,14747100,0.2758427507,0.273091202,0.278823595,589884000,0.0,1.0
15-06-2012,12.29,12.3,12.01,12.12,9632200,0.2818044394,0.2753841592,0.2779064121,385288000,0.0,1.0
18-06-2012,12.4,12.5,12.1,12.2,7610600,0.2843266923,0.2774478207,0.2797407779,304424000,0.0,1.0
19-06-2012,13.235,13.43,12.85,12.91,24011900,0.3034728849,0.2946449997,0.296020774,960476000,0.0,1.0
20-06-2012,13.45,13.7,13.29,13.37,24318000,0.3084027428,0.3047340113,0.3065683771,972720000,0.0,1.0
21-06-2012,12.835,13.44,12.81,13.44,12909400,0.2943010561,0.2937278168,0.3081734471,516376000,0.0,1.0
22-06-2012,12.995,13.15,12.82,13.0,21634000,0.2979697876,0.2939571125,0.2980844354,865360000,0.0,1.0
25-06-2012,12.59,13.05,12.54,13.01,12365400,0.2886833109,0.2875368323,0.2983137312,494616000,0.0,1.0
26-06-2012,12.73,12.82,12.48,12.66,10928800,0.291893451,0.286161058,0.290288381,437152000,0.0,1.0
27-06-2012,13.14,13.23,12.74,12.74,12651600,0.3012945755,0.2921227467,0.2921227467,506064000,0.0,1.0
28-06-2012,13.24,13.32,12.91,13.02,13647400,0.3035875327,0.296020774,0.2985430269,545896000,0.0,1.0
29-06-2012,13.82,13.85,13.54,13.55,15412700,0.3168866845,0.3104664043,0.3106957,616508000,0.0,1.0
02-07-2012,13.445,13.9,13.3401,13.89,14542100,0.308288095,0.3058827829,0.3184917545,581684000,0.0,1.0
03-07-2012,13.8,13.83,13.44,13.45,5482100,0.316428093,0.3081734471,0.3084027428,219284000,0.0,1.0
05-07-2012,13.66,13.77,13.45,13.71,7001900,0.3132179529,0.3084027428,0.3143644315,280076000,0.0,1.0
06-07-2012,13.4,13.6,13.25,13.56,9569000,0.3072562642,0.3038168284,0.3109249957,382760000,0.0,1.0
09-07-2012,13.22,13.38,13.11,13.32,7658400,0.3031289413,0.3006066884,0.3054218985,306336000,0.0,1.0
10-07-2012,12.82,13.47,12.72,13.08,12800700,0.2939571125,0.2916641553,0.2999188012,512028000,0.0,1.0
11-07-2012,12.61,13.02,12.55,12.86,12130400,0.2891419024,0.2877661281,0.2948742954,485216000,0.0,1.0
12-07-2012,12.4,12.49,12.285,12.47,11804000,0.2843266923,0.2816897915,0.2859317623,472160000,0.0,1.0
13-07-2012,12.555,12.615,12.33,12.41,8106500,0.2878807759,0.2827216222,0.284555988,324260000,0.0,1.0
16-07-2012,12.595,12.7,12.36,12.48,8361500,0.2887979588,0.2834095094,0.286161058,334460000,0.0,1.0
17-07-2012,12.37,12.71,12.16,12.64,11186900,0.2836388051,0.278823595,0.2898297895,447476000,0.0,1.0
18-07-2012,13.06,13.24,12.28,12.34,15400200,0.2994602098,0.2815751436,0.282950918,616008000,0.0,1.0
19-07-2012,13.185,13.36,13.06,13.15,10075900,0.3023264063,0.2994602098,0.3015238712,403036000,0.0,1.0
20-07-2012,12.805,13.2,12.67,13.11,11275000,0.2936131689,0.2905176767,0.3006066884,451000000,0.0,1.0
23-07-2012,12.98,13.0685,12.33,12.47,11289600,0.297625844,0.2827216222,0.2859317623,451584000,0.0,1.0
24-07-2012,12.84,13.08,12.685,13.0,8779100,0.2944157039,0.2908616203,0.2980844354,351164000,0.0,1.0
25-07-2012,13.09,13.2211,12.74,12.8,10376100,0.3001480969,0.2921227467,0.2934985211,415044000,0.0,1.0
26-07-2012,13.15,13.48,13.05,13.34,8461000,0.3015238712,0.299230914,0.3058804899,338440000,0.0,1.0
27-07-2012,13.475,13.52,13.1,13.2,9412900,0.3089759821,0.3003773926,0.3026703498,376516000,0.0,1.0
30-07-2012,13.33,13.65,13.22,13.48,9088800,0.3056511942,0.3031289413,0.30909063,363552000,0.0,1.0
31-07-2012,13.54,13.73,13.313,13.33,9694700,0.3104664043,0.3052613915,0.3056511942,387788000,0.0,1.0
01-08-2012,13.39,13.75,13.33,13.62,8397800,0.3070269685,0.3056511942,0.3123007701,335912000,0.0,1.0
02-08-2012,13.44,13.64,13.1,13.32,9197800,0.3081734471,0.3003773926,0.3054218985,367912000,0.0,1.0
03-08-2012,13.72,13.86,13.33,13.65,8163700,0.3145937273,0.3056511942,0.3129886572,326548000,0.0,1.0
06-08-2012,14.01,14.08,13.83,13.85,9008100,0.3212433031,0.3171159802,0.3175745716,360324000,0.0,1.0
07-08-2012,14.15,14.3,14.07,14.18,10183500,0.3244534432,0.3226190774,0.3251413304,407340000,0.0,1.0
08-08-2012,14.23,14.38,14.1,14.14,12926600,0.326287809,0.3233069646,0.3242241475,517064000,0.0,1.0
09-08-2012,14.71,14.74,14.23,14.25,20557500,0.3372940035,0.326287809,0.3267464004,822300000,0.0,1.0
10-08-2012,14.621,15.22,14.43,15.1,31968600,0.3352532716,0.3308737233,0.3462365366,1278744000,0.0,1.0
13-08-2012,14.81,14.82,14.58,14.64,11181100,0.3395869607,0.3343131591,0.3356889335,447244000,0.0,1.0
14-08-2012,14.59,14.88,14.53,14.86,9720700,0.3345424549,0.3331666805,0.3407334393,388828000,0.0,1.0
15-08-2012,14.48,14.7586,14.405,14.64,14860100,0.3320202019,0.3303004841,0.3356889335,594404000,0.0,1.0
16-08-2012,14.78,14.825,14.56,14.61,9275200,0.3388990735,0.3338545677,0.3350010463,371008000,0.0,1.0
17-08-2012,14.65,14.78,14.52,14.78,7746600,0.3359182292,0.3329373848,0.3388990735,309864000,0.0,1.0
20-08-2012,14.65,14.67,14.43,14.6,7859800,0.3359182292,0.3308737233,0.3347717506,314392000,0.0,1.0
21-08-2012,14.61,14.79,14.46,14.7,8506200,0.3350010463,0.3315616105,0.3370647078,340248000,0.0,1.0
22-08-2012,14.64,14.7,14.47,14.52,7838900,0.3356889335,0.3317909062,0.3329373848,313556000,0.0,1.0
23-08-2012,14.305,14.62,14.25,14.61,9476000,0.3280075269,0.3267464004,0.3350010463,379040000,0.0,1.0
24-08-2012,14.6,14.67,14.28,14.3,8693100,0.3347717506,0.3274342876,0.327892879,347724000,0.0,1.0
27-08-2012,14.35,14.6299,14.34,14.59,8523600,0.3290393576,0.3288100619,0.3345424549,340944000,0.0,1.0
28-08-2012,14.29,14.43,14.21,14.24,7769100,0.3276635833,0.3258292175,0.3265171047,310764000,0.0,1.0
29-08-2012,14.32,14.41,14.25,14.28,6260300,0.3283514704,0.3267464004,0.3274342876,250412000,0.0,1.0
30-08-2012,14.05,14.34,13.98,14.29,7687200,0.322160486,0.320555416,0.3276635833,307488000,0.0,1.0
31-08-2012,14.03,14.25,13.89,14.15,12126600,0.3217018946,0.3184917545,0.3244534432,485064000,0.0,1.0
04-09-2012,13.275,13.85,13.15,13.8,17361300,0.3043900677,0.3015238712,0.316428093,694452000,0.0,1.0
05-09-2012,13.32,13.52,13.18,13.33,12006400,0.3054218985,0.3022117584,0.3056511942,480256000,0.0,1.0
06-09-2012,13.73,14.09,13.41,13.42,16432400,0.314823023,0.30748556,0.3077148557,657296000,0.0,1.0
07-09-2012,13.4,13.49,12.95,13.38,19526600,0.3072562642,0.2969379569,0.3067976728,781064000,0.0,1.0
10-09-2012,13.28,13.56,13.25,13.37,9277700,0.3045047156,0.3038168284,0.3065683771,371108000,0.0,1.0
11-09-2012,13.44,13.65,13.22,13.27,9570200,0.3081734471,0.3031289413,0.3042754199,382808000,0.0,1.0
12-09-2012,13.59,13.66,13.42,13.55,8065200,0.3116128829,0.3077148557,0.3106957,322608000,0.0,1.0
13-09-2012,13.675,13.76,13.42,13.71,10845900,0.3135618965,0.3077148557,0.3143644315,433836000,0.0,1.0
14-09-2012,13.84,14.08,13.67,13.67,8486700,0.3173452759,0.3134472487,0.3134472487,339468000,0.0,1.0
17-09-2012,13.46,13.87,13.31,13.87,12333700,0.3086320386,0.3051926028,0.3180331631,493348000,0.0,1.0
18-09-2012,13.55,13.71,13.295,13.31,8998800,0.3106957,0.3048486592,0.3051926028,359952000,0.0,1.0
19-09-2012,13.71,13.9,13.42,13.58,11298400,0.3143644315,0.3077148557,0.3113835872,451936000,0.0,1.0
20-09-2012,13.61,13.75,13.5,13.68,8014900,0.3120714743,0.3095492214,0.3136765444,320596000,0.0,1.0
21-09-2012,13.665,13.75,13.58,13.63,8503400,0.3133326008,0.3113835872,0.3125300658,340136000,0.0,1.0
24-09-2012,13.66,13.68,13.425,13.45,8945800,0.3132179529,0.3078295035,0.3084027428,357832000,0.0,1.0
25-09-2012,13.41,13.9,13.39,13.84,12038600,0.30748556,0.3070269685,0.3173452759,481544000,0.0,1.0
26-09-2012,13.18,13.365,13.02,13.36,10920300,0.3022117584,0.2985430269,0.3063390814,436812000,0.0,1.0
27-09-2012,13.275,13.3,13.1,13.21,13972200,0.3043900677,0.3003773926,0.3028996456,558888000,0.0,1.0
28-09-2012,13.34,13.53,13.045,13.22,12137700,0.3058804899,0.2991162662,0.3031289413,485508000,0.0,1.0
01-10-2012,13.115,13.48,13.07,13.4,12605900,0.3007213362,0.2996895055,0.3072562642,504236000,0.0,1.0
02-10-2012,13.17,13.21,13.02,13.21,7387300,0.3019824627,0.2985430269,0.3028996456,295492000,0.0,1.0
03-10-2012,13.035,13.24,12.97,13.2,10771800,0.2988869705,0.2973965483,0.3026703498,430872000,0.0,1.0
04-10-2012,13.62,13.7,13.0,13.07,12565200,0.3123007701,0.2980844354,0.2996895055,502608000,0.0,1.0
05-10-2012,13.3,13.8,13.25,13.66,12076700,0.304963307,0.3038168284,0.3132179529,483068000,0.0,1.0
08-10-2012,13.17,13.31,13.07,13.25,6014900,0.3019824627,0.2996895055,0.3038168284,240596000,0.0,1.0
09-10-2012,12.89,13.19,12.85,13.15,9159000,0.2955621825,0.2946449997,0.3015238712,366360000,0.0,1.0
10-10-2012,12.67,12.89,12.62,12.83,8164200,0.2905176767,0.2893711981,0.2941864082,326568000,0.0,1.0
11-10-2012,12.74,12.83,12.6412,12.79,8012900,0.2921227467,0.289857305,0.2932692253,320516000,0.0,1.0
12-10-2012,12.63,12.75,12.55,12.65,6517400,0.2896004938,0.2877661281,0.2900590853,260696000,0.0,1.0
15-10-2012,12.79,12.8,12.5,12.65,6239500,0.2932692253,0.2866196495,0.2900590853,249580000,0.0,1.0
16-10-2012,13.1598,13.2,12.78,12.9,9192400,0.301748581,0.2930399296,0.2957914783,367696000,0.0,1.0
17-10-2012,13.06,13.12,12.87,13.0,9793800,0.2994602098,0.2951035911,0.2980844354,391752000,0.0,1.0
18-10-2012,12.86,13.03,12.805,13.03,6369300,0.2948742954,0.2936131689,0.2987723226,254772000,0.0,1.0
19-10-2012,12.105,12.76,12.035,12.67,17735300,0.2775624685,0.2759573985,0.2905176767,709412000,0.0,1.0
22-10-2012,11.97,12.23,11.87,12.16,12021000,0.2744669763,0.2721740191,0.278823595,480840000,0.0,1.0
23-10-2012,12.33,12.41,11.83,11.86,14348700,0.2827216222,0.2712568363,0.2719447234,573948000,0.0,1.0
24-10-2012,12.17,12.46,12.05,12.41,8322900,0.2790528907,0.2763013421,0.284555988,332916000,0.0,1.0
25-10-2012,12.18,12.4,12.13,12.27,7683900,0.2792821864,0.2781357078,0.2813458479,307356000,0.0,1.0
26-10-2012,12.05,12.27,12.05,12.2,9734400,0.2763013421,0.2763013421,0.2797407779,389376000,0.0,1.0
31-10-2012,11.975,12.2,11.95,12.1,8677800,0.2745816242,0.2740083849,0.2774478207,347112000,0.0,1.0
01-11-2012,12.55,12.56,12.03,12.04,11830500,0.2877661281,0.2758427507,0.2760720464,473220000,0.0,1.0
02-11-2012,12.49,12.7,12.41,12.68,6417500,0.2863903538,0.284555988,0.2907469724,256700000,0.0,1.0
05-11-2012,13.02,13.07,12.46,12.46,11121000,0.2985430269,0.2857024666,0.2857024666,444840000,0.0,1.0
06-11-2012,13.01,13.05,12.79,13.05,8770100,0.2983137312,0.2932692253,0.299230914,350804000,0.0,1.0
07-11-2012,12.6098,12.99,12.55,12.91,8115500,0.2891373165,0.2877661281,0.296020774,324620000,0.0,1.0
08-11-2012,12.68,13.08,12.65,12.75,20975600,0.2907469724,0.2900590853,0.2923520425,839024000,0.0,1.0
09-11-2012,12.19,12.895,12.15,12.75,21157000,0.2795114822,0.2785942993,0.2923520425,846280000,0.0,1.0
12-11-2012,11.915,12.26,11.8,12.21,16090600,0.2732058499,0.2705689491,0.2799700736,643624000,0.0,1.0
13-11-2012,11.83,12.13,11.8199,11.86,12303000,0.2712568363,0.2710252476,0.2719447234,492120000,0.0,1.0
14-11-2012,11.54,12.02,11.53,11.9,15482500,0.2646072604,0.2643779647,0.2728619063,619300000,0.0,1.0
15-11-2012,11.59,11.91,11.51,11.61,11667200,0.265753739,0.2639193732,0.2662123304,466688000,0.0,1.0
16-11-2012,11.38,11.63,11.15,11.59,15613800,0.2609385289,0.2556647273,0.265753739,624552000,0.0,1.0
19-11-2012,11.6983,11.74,11.45,11.59,10102300,0.2682370116,0.2625435989,0.265753739,404092000,0.0,1.0
20-11-2012,11.49,11.63,11.37,11.58,8424400,0.2651804997,0.2624109906,0.2672576315,336976000,0.075,1.0
21-11-2012,11.82,11.85,11.48,11.49,10557800,0.2727966498,0.2649497073,0.2651804997,422312000,0.0,1.0
23-11-2012,11.9,12.04,11.805,11.87,6923300,0.2746429892,0.2724504612,0.273950612,276932000,0.0,1.0
26-11-2012,12.105,12.14,11.9,11.92,9115000,0.279374234,0.2746429892,0.2751045741,364600000,0.0,1.0
27-11-2012,12.155,12.34,11.96,12.06,11285100,0.2805281961,0.2760277438,0.2783356681,451404000,0.0,1.0
28-11-2012,12.26,12.32,11.96,12.11,9958300,0.2829515166,0.2760277438,0.2794896302,398332000,0.0,1.0
29-11-2012,12.04,12.34,12.0,12.28,12217200,0.2778740832,0.2769509135,0.2834131015,488688000,0.0,1.0
30-11-2012,11.97,12.12,11.9,12.03,11512600,0.2762585362,0.2746429892,0.2776432908,460504000,0.0,1.0
03-12-2012,11.75,12.12,11.72,12.12,9784500,0.2711811028,0.2704887255,0.2797204226,391380000,0.0,1.0
04-12-2012,12.095,12.12,11.7,11.77,13201700,0.2791434416,0.2700271407,0.2716426877,528068000,0.0,1.0
05-12-2012,11.9602,12.08,11.79,12.0,15825600,0.2760323597,0.2721042725,0.2769509135,633024000,0.0,1.0
06-12-2012,11.98,12.06,11.885,11.93,10322400,0.2764893287,0.2742968006,0.2753353665,412896000,0.0,1.0
07-12-2012,11.955,12.05,11.82,11.99,8457200,0.2759123476,0.2727966498,0.2767201211,338288000,0.0,1.0
10-12-2012,12.36,12.45,11.93,11.96,12841100,0.2852594409,0.2753353665,0.2760277438,513644000,0.0,1.0
11-12-2012,12.65,12.81,12.37,12.4,20418100,0.2919524213,0.2854902333,0.2861826106,816724000,0.0,1.0
12-12-2012,12.52,12.76,12.47,12.69,9985100,0.2889521198,0.2877981576,0.292875591,399404000,0.0,1.0
13-12-2012,12.53,12.77,12.41,12.5,9438900,0.2891829122,0.2864134031,0.2884905349,377556000,0.0,1.0
14-12-2012,12.59,12.72,12.49,12.58,8466500,0.2905676668,0.2882597425,0.2903368743,338660000,0.0,1.0
17-12-2012,12.535,12.63,12.35,12.56,11130800,0.2892983084,0.2850286485,0.2898752895,445232000,0.0,1.0
18-12-2012,12.56,12.7,12.5,12.54,10410900,0.2898752895,0.2884905349,0.2894137046,416436000,0.0,1.0
19-12-2012,12.65,12.8,12.6,12.65,11463600,0.2919524213,0.2907984592,0.2919524213,458544000,0.0,1.0
20-12-2012,12.64,12.71,12.5,12.7,8358300,0.2917216289,0.2884905349,0.2931063835,334332000,0.0,1.0
21-12-2012,12.35,12.47,12.21,12.47,11554300,0.2850286485,0.2817975545,0.2877981576,462172000,0.0,1.0
24-12-2012,12.25,12.38,12.21,12.34,3184400,0.2827207242,0.2817975545,0.2847978561,127376000,0.0,1.0
26-12-2012,12.24,12.4199,12.19,12.22,4918500,0.2824899318,0.2813359696,0.2820283469,196740000,0.0,1.0
27-12-2012,12.16,12.28,12.02,12.26,7495100,0.2806435924,0.2774124984,0.2829515166,299804000,0.0,1.0
28-12-2012,12.1,12.29,12.03,12.05,5515000,0.2792588378,0.2776432908,0.2781048757,220600000,0.0,1.0
31-12-2012,12.26,12.31,12.03,12.06,8161500,0.2829515166,0.2776432908,0.2783356681,326460000,0.0,1.0
02-01-2013,12.72,12.73,12.51,12.56,11970900,0.2935679683,0.2887213273,0.2898752895,478836000,0.0,1.0
03-01-2013,12.73,12.87,12.58,12.72,7472200,0.2937987608,0.2903368743,0.2935679683,298888000,0.0,1.0
04-01-2013,13.15,13.19,12.71,12.75,13124200,0.3034920427,0.2933371759,0.2942603456,524968000,0.0,1.0
07-01-2013,12.77,13.18,12.68,13.14,15268300,0.2947219305,0.2926447986,0.3032612503,610732000,0.0,1.0
08-01-2013,12.4915,12.84,12.4,12.8,11660600,0.2882943613,0.2861826106,0.2954143077,466424000,0.0,1.0
09-01-2013,12.21,12.65,12.13,12.59,17375500,0.2817975545,0.2799512151,0.2905676668,695020000,0.0,1.0
10-01-2013,12.23,12.38,12.16,12.32,12659200,0.2822591394,0.2806435924,0.2843362712,506368000,0.0,1.0
11-01-2013,12.21,12.29,12.09,12.28,12829300,0.2817975545,0.2790280454,0.2834131015,513172000,0.0,1.0
14-01-2013,12.2,12.29,12.06,12.29,7642100,0.2815667621,0.2783356681,0.2836438939,305684000,0.0,1.0
15-01-2013,11.98,12.14,11.91,12.14,9397200,0.2764893287,0.2748737817,0.2801820075,375888000,0.0,1.0
16-01-2013,12.09,12.19,11.96,11.96,8434400,0.2790280454,0.2760277438,0.2760277438,337376000,0.0,1.0
17-01-2013,12.25,12.3,12.1,12.13,14518400,0.2827207242,0.2792588378,0.2799512151,580736000,0.0,1.0
18-01-2013,12.17,12.25,12.02,12.25,9927200,0.2808743848,0.2774124984,0.2827207242,397088000,0.0,1.0
22-01-2013,12.11,12.27,12.05,12.16,7705600,0.2794896302,0.2781048757,0.2806435924,308224000,0.0,1.0
23-01-2013,12.13,12.16,12.0,12.15,10545200,0.2799512151,0.2769509135,0.2804127999,421808000,0.0,1.0
24-01-2013,12.19,12.24,12.03,12.09,9924500,0.2813359696,0.2776432908,0.2790280454,396980000,0.0,1.0
25-01-2013,12.41,12.42,12.15,12.21,9848000,0.2864134031,0.2804127999,0.2817975545,393920000,0.0,1.0
28-01-2013,12.61,12.69,12.44,12.47,10562300,0.2910292516,0.2871057803,0.2877981576,422492000,0.0,1.0
29-01-2013,12.34,12.59,12.29,12.56,9721800,0.2847978561,0.2836438939,0.2898752895,388872000,0.0,1.0
30-01-2013,12.32,12.52,12.275,12.35,7189800,0.2843362712,0.2832977053,0.2850286485,287592000,0.0,1.0
31-01-2013,12.26,12.46,12.18,12.32,11763600,0.2829515166,0.2811051772,0.2843362712,470544000,0.0,1.0
01-02-2013,12.37,12.41,12.26,12.36,7220400,0.2854902333,0.2829515166,0.2852594409,288816000,0.0,1.0
04-02-2013,12.16,12.55,12.15,12.3,12793600,0.2806435924,0.2804127999,0.2838746864,511744000,0.0,1.0
05-02-2013,12.44,12.51,12.18,12.22,9182400,0.2871057803,0.2811051772,0.2820283469,367296000,0.0,1.0
06-02-2013,12.34,12.44,12.07,12.1399,13267200,0.2847978561,0.2785664605,0.2801796996,530688000,0.0,1.0
07-02-2013,12.29,12.4,12.17,12.3,11000000,0.2836438939,0.2808743848,0.2838746864,440000000,0.0,1.0
08-02-2013,12.37,12.4699,12.29,12.37,7680800,0.2854902333,0.2836438939,0.2854902333,307232000,0.0,1.0
11-02-2013,12.51,12.635,12.35,12.47,10207700,0.2887213273,0.2850286485,0.2877981576,408308000,0.0,1.0
12-02-2013,12.43,12.565,12.38,12.395,6945100,0.2868749879,0.2857210258,0.2860672144,277804000,0.0,1.0
13-02-2013,12.37,12.665,12.33,12.44,21409900,0.2854902333,0.2845670636,0.2871057803,856396000,0.0,1.0
14-02-2013,12.73,12.74,12.05,12.2,22052400,0.2937987608,0.2781048757,0.2815667621,882096000,0.0,1.0
15-02-2013,12.731,12.79,12.45,12.7,18346500,0.29382184,0.2873365728,0.2931063835,733860000,0.0,1.0
19-02-2013,12.555,12.75,12.48,12.74,10838800,0.2897598933,0.2880289501,0.2940295532,433552000,0.0,1.0
20-02-2013,12.38,12.8,12.34,12.6,17825300,0.2857210258,0.2847978561,0.2907984592,713012000,0.0,1.0
21-02-2013,12.29,12.5,12.26,12.36,14510200,0.2836438939,0.2829515166,0.2852594409,580408000,0.0,1.0
22-02-2013,12.52,12.53,12.3,12.37,9253700,0.2889521198,0.2838746864,0.2854902333,370148000,0.0,1.0
25-02-2013,12.3,12.65,12.28,12.55,16111100,0.2838746864,0.2834131015,0.2896444971,644444000,0.0,1.0
26-02-2013,12.37,12.435,12.2091,12.25,12187600,0.2872211766,0.2834852115,0.2844348757,487504000,0.075,1.0
27-02-2013,12.6,12.69,12.34,12.37,11924500,0.2925615865,0.2865246014,0.2872211766,476980000,0.0,1.0
28-02-2013,12.66,12.85,12.51,12.56,14784800,0.2939547369,0.2904718609,0.2916328195,591392000,0.0,1.0
01-03-2013,12.71,12.75,12.455,12.57,9734900,0.2951156956,0.2891948063,0.2918650113,389396000,0.0,1.0
04-03-2013,12.655,12.775,12.52,12.62,8842000,0.293838641,0.2907040526,0.2930259699,353680000,0.0,1.0
05-03-2013,12.8,12.82,12.665,12.73,9154200,0.2972054212,0.2940708327,0.295580079,366168000,0.0,1.0
06-03-2013,12.79,13.0,12.73,12.88,8573200,0.2969732294,0.295580079,0.2990629551,342928000,0.0,1.0
07-03-2013,12.76,12.99,12.6871,12.86,7870600,0.2962766542,0.2945839765,0.2985985716,314824000,0.0,1.0
08-03-2013,12.82,12.88,12.73,12.79,6161600,0.2976698046,0.295580079,0.2969732294,246464000,0.0,1.0
11-03-2013,12.695,12.75,12.59,12.69,7493700,0.294767408,0.2923293947,0.2946513121,299748000,0.0,1.0
12-03-2013,12.74,12.78,12.56,12.68,7771400,0.2958122708,0.2916328195,0.2944191204,310856000,0.0,1.0
13-03-2013,12.74,12.9562,12.62,12.74,12146000,0.2958122708,0.2930259699,0.2958122708,485840000,0.0,1.0
14-03-2013,12.75,12.86,12.67,12.82,9582600,0.2960444625,0.2941869286,0.2976698046,383304000,0.0,1.0
15-03-2013,12.64,12.75,12.59,12.75,8894400,0.2934903534,0.2923293947,0.2960444625,355776000,0.0,1.0
18-03-2013,12.55,12.67,12.46,12.56,7457800,0.2914006278,0.2893109022,0.2916328195,298312000,0.0,1.0
19-03-2013,12.47,12.62,12.38,12.56,8887000,0.2895430939,0.2874533683,0.2916328195,355480000,0.0,1.0
20-03-2013,12.62,12.66,12.475,12.59,8514700,0.2930259699,0.2896591898,0.2923293947,340588000,0.0,1.0
21-03-2013,12.42,12.57,12.4,12.55,8475800,0.2883821352,0.2879177518,0.2914006278,339032000,0.0,1.0
22-03-2013,12.48,12.53,12.41,12.46,5811900,0.2897752856,0.2881499435,0.2893109022,232476000,0.0,1.0
25-03-2013,12.41,12.56,12.32,12.55,9051900,0.2881499435,0.2860602179,0.2914006278,362076000,0.0,1.0
26-03-2013,12.5,12.51,12.39,12.44,5813500,0.2902396691,0.28768556,0.2888465187,232540000,0.0,1.0
27-03-2013,12.65,12.72,12.42,12.45,6373600,0.2937225451,0.2883821352,0.2890787104,254944000,0.0,1.0
28-03-2013,12.83,12.84,12.53,12.62,8731900,0.2979019964,0.2909362443,0.2930259699,349276000,0.0,1.0
01-04-2013,12.41,12.8,12.32,12.8,11070700,0.2881499435,0.2860602179,0.2972054212,442828000,0.0,1.0
02-04-2013,12.275,12.45,12.2,12.42,9288100,0.2850153551,0.2832739171,0.2883821352,371524000,0.0,1.0
03-04-2013,12.126,12.33,12.04,12.26,8828900,0.2815556982,0.2795588493,0.2846670675,353156000,0.0,1.0
04-04-2013,12.245,12.29,12.05,12.09,7366900,0.2843187799,0.279791041,0.280719808,294676000,0.0,1.0
05-04-2013,12.46,12.46,12.04,12.07,13783800,0.2893109022,0.2795588493,0.2802554245,551352000,0.0,1.0
08-04-2013,12.43,12.47,12.195,12.47,8166500,0.288614327,0.2831578212,0.2895430939,326660000,0.0,1.0
09-04-2013,12.63,12.72,12.35,12.44,9514600,0.2932581617,0.2867567931,0.2888465187,380584000,0.0,1.0
10-04-2013,12.83,12.85,12.61,12.64,9617200,0.2979019964,0.2927937782,0.2934903534,384688000,0.0,1.0
11-04-2013,12.77,12.85,12.3,12.65,24230500,0.296508846,0.2855958344,0.2937225451,969220000,0.0,1.0
12-04-2013,13.09,13.23,12.72,12.83,19263700,0.3039389815,0.2953478873,0.2979019964,770548000,0.0,1.0
15-04-2013,12.82,13.09,12.74,13.05,10760500,0.2976698046,0.2958122708,0.3030102146,430420000,0.0,1.0
16-04-2013,12.96,13.05,12.87,12.94,11721100,0.3009204889,0.2988307633,0.3004561055,468844000,0.0,1.0
17-04-2013,12.785,12.98,12.71,12.86,13323700,0.2968571336,0.2951156956,0.2985985716,532948000,0.0,1.0
18-04-2013,12.54,12.9,12.54,12.82,10063700,0.2911684361,0.2911684361,0.2976698046,402548000,0.0,1.0
19-04-2013,12.57,12.605,12.37,12.53,7575700,0.2918650113,0.2872211766,0.2909362443,303028000,0.0,1.0
22-04-2013,12.59,12.7,12.46,12.56,6139200,0.2923293947,0.2893109022,0.2916328195,245568000,0.0,1.0
23-04-2013,12.92,13.05,12.68,12.7,9423700,0.299991722,0.2944191204,0.2948835038,376948000,0.0,1.0
24-04-2013,13.36,13.47,12.95,12.96,13913900,0.3102081584,0.3006882972,0.3009204889,556556000,0.0,1.0
25-04-2013,13.47,13.5,13.31,13.43,8830600,0.3127622674,0.3090471997,0.3118335005,353224000,0.0,1.0
26-04-2013,13.41,13.47,13.335,13.45,8108300,0.311369117,0.309627679,0.312297884,324332000,0.0,1.0
29-04-2013,13.57,13.62,13.37,13.43,6742800,0.3150841848,0.3104403501,0.3118335005,269712000,0.0,1.0
30-04-2013,13.77,13.77,13.51,13.6,6917800,0.3197280195,0.3136910344,0.31578076,276712000,0.0,1.0
01-05-2013,13.65,13.86,13.6025,13.77,8532900,0.3169417187,0.3158388079,0.3197280195,341316000,0.0,1.0
02-05-2013,13.81,13.85,13.56,13.64,8087000,0.3206567864,0.3148519931,0.3167095269,323480000,0.0,1.0
03-05-2013,13.87,13.97,13.82,13.9,7346600,0.3220499369,0.3208889782,0.3227465121,293864000,0.0,1.0
06-05-2013,13.83,13.945,13.75,13.87,5427900,0.3211211699,0.319263636,0.3220499369,217116000,0.0,1.0
07-05-2013,13.65,13.86,13.52,13.83,11201700,0.3169417187,0.3139232261,0.3211211699,448068000,0.0,1.0
08-05-2013,13.899,13.98,13.62,13.67,8350800,0.3227232929,0.3162451435,0.3174061021,334032000,0.0,1.0
09-05-2013,13.91,13.97,13.63,13.65,14170000,0.3229787038,0.3164773352,0.3169417187,566800000,0.0,1.0
10-05-2013,14.54,14.6,14.2,14.2,21528400,0.3376067831,0.3297122641,0.3297122641,861136000,0.0,1.0
13-05-2013,14.24,14.5,14.18,14.44,7245300,0.3306410311,0.3292478806,0.3352848658,289812000,0.0,1.0
14-05-2013,14.45,14.57,14.265,14.41,11353500,0.3355170575,0.3312215104,0.3345882906,454140000,0.0,1.0
15-05-2013,14.695,14.75,14.38,14.38,7829300,0.341205755,0.3338917154,0.3338917154,313172000,0.0,1.0
16-05-2013,14.63,14.83,14.58,14.68,7709200,0.3396965087,0.3385355501,0.3408574674,308368000,0.0,1.0
17-05-2013,14.87,14.97,14.59,14.7,7802900,0.3452691104,0.3387677418,0.3413218509,312116000,0.0,1.0
20-05-2013,14.84,14.895,14.76,14.81,5909500,0.3445725352,0.3427150013,0.34387596,236380000,0.0,1.0
21-05-2013,14.92,14.98,14.675,14.85,8944600,0.3481715071,0.3424542136,0.3465379946,357784000,0.075,1.0
22-05-2013,14.4,14.98,14.34,14.98,12010100,0.3360368433,0.3346366898,0.3495716606,480404000,0.0,1.0
23-05-2013,14.63,14.675,14.19,14.23,9847100,0.3414040984,0.331136306,0.3320697417,393884000,0.0,1.0
24-05-2013,14.54,14.67,14.38,14.55,7082600,0.3393038682,0.3355701254,0.3395372271,283304000,0.0,1.0
28-05-2013,14.53,14.69,14.39,14.65,6982500,0.3390705092,0.3358034844,0.3418708163,279300000,0.0,1.0
29-05-2013,14.44,14.5301,14.38,14.44,8376300,0.336970279,0.3355701254,0.336970279,335052000,0.0,1.0
30-05-2013,14.63,14.775,14.38,14.42,7112600,0.3414040984,0.3355701254,0.3365035611,284504000,0.0,1.0
31-05-2013,14.47,14.76,14.47,14.55,14437700,0.3376703557,0.3376703557,0.3395372271,577508000,0.0,1.0
03-06-2013,14.45,14.6,14.15,14.49,11111700,0.3372036379,0.3302028703,0.3381370736,444468000,0.0,1.0
04-06-2013,14.47,14.8,14.38,14.54,9091900,0.3376703557,0.3355701254,0.3393038682,363676000,0.0,1.0
05-06-2013,14.16,14.56,14.12,14.45,11613000,0.3304362292,0.3295027936,0.3372036379,464520000,0.0,1.0
06-06-2013,14.25,14.36,14.15,14.16,8526100,0.3325364595,0.3302028703,0.3304362292,341044000,0.0,1.0
07-06-2013,14.445,14.54,14.29,14.35,6864600,0.3370869584,0.3334698952,0.3348700487,274584000,0.0,1.0
10-06-2013,14.44,14.53,14.33,14.41,5603700,0.336970279,0.3344033309,0.3362702022,224148000,0.0,1.0
11-06-2013,14.17,14.45,14.17,14.25,7408400,0.3306695882,0.3306695882,0.3325364595,296336000,0.0,1.0
12-06-2013,14.05,14.355,13.97,14.24,7814700,0.3278692811,0.3260024098,0.3323031006,312588000,0.0,1.0
13-06-2013,14.37,14.44,13.99,14.0,5906400,0.3353367665,0.3264691276,0.3267024865,236256000,0.0,1.0
14-06-2013,14.35,14.441,14.25,14.42,5900300,0.3348700487,0.3325364595,0.3365035611,236012000,0.0,1.0
17-06-2013,14.49,14.62,14.38,14.46,6383400,0.3381370736,0.3355701254,0.3374369968,255336000,0.0,1.0
18-06-2013,14.4,14.72,14.28,14.56,12169300,0.3360368433,0.3332365363,0.339770586,486772000,0.0,1.0
19-06-2013,14.84,15.48,14.48,14.53,28989700,0.3463046357,0.3379037146,0.3390705092,1159588000,0.0,1.0
20-06-2013,14.44,14.74,14.335,14.72,15717400,0.336970279,0.3345200103,0.3435043287,628696000,0.0,1.0
21-06-2013,14.415,14.57,14.18,14.52,17855700,0.3363868817,0.3309029471,0.3388371503,714228000,0.0,1.0
24-06-2013,14.12,14.39,13.91,14.21,14519300,0.3295027936,0.3246022563,0.3316030238,580772000,0.0,1.0
25-06-2013,14.22,14.3,14.07,14.27,11434000,0.3318363827,0.328335999,0.3330031773,457360000,0.0,1.0
26-06-2013,14.14,14.395,14.08,14.38,14493800,0.3299695114,0.3285693579,0.3355701254,579752000,0.0,1.0
27-06-2013,14.01,14.2,13.86,14.18,20200900,0.3269358454,0.3234354617,0.3309029471,808036000,0.0,1.0
28-06-2013,14.04,14.18,13.83,14.01,10788400,0.3276359222,0.3227353849,0.3269358454,431536000,0.0,1.0
01-07-2013,14.1,14.17,14.0149,14.14,4988100,0.3290360757,0.3270501913,0.3299695114,199524000,0.0,1.0
02-07-2013,14.09,14.3,13.96,14.02,6409800,0.3288027168,0.3257690509,0.3271692044,256392000,0.0,1.0
03-07-2013,14.13,14.3,13.97,13.97,3509700,0.3297361525,0.3260024098,0.3260024098,140388000,0.0,1.0
05-07-2013,14.24,14.27,14.075,14.17,4617100,0.3323031006,0.3284526784,0.3306695882,184684000,0.0,1.0
08-07-2013,14.165,14.35,14.09,14.28,6552100,0.3305529087,0.3288027168,0.3332365363,262084000,0.0,1.0
09-07-2013,14.241,14.3275,14.16,14.2,3934100,0.3323264365,0.3304362292,0.3313696649,157364000,0.0,1.0
10-07-2013,14.43,14.47,14.2,14.24,5211700,0.33673692,0.3313696649,0.3323031006,208468000,0.0,1.0
11-07-2013,14.63,14.65,14.48,14.51,5995800,0.3414040984,0.3379037146,0.3386037914,239832000,0.0,1.0
12-07-2013,14.64,14.78,14.55,14.6,5409000,0.3416374573,0.3395372271,0.3407040217,216360000,0.0,1.0
15-07-2013,14.61,14.67,14.38,14.67,5033300,0.3409373806,0.3355701254,0.3423375341,201332000,0.0,1.0
16-07-2013,14.69,14.77,14.595,14.67,4064000,0.3428042519,0.3405873422,0.3423375341,162560000,0.0,1.0
17-07-2013,14.61,14.74,14.57,14.69,4152500,0.3409373806,0.3400039449,0.3428042519,166100000,0.0,1.0
18-07-2013,14.55,14.64,14.36,14.59,8612200,0.3395372271,0.3351034076,0.3404706627,344488000,0.0,1.0
19-07-2013,14.24,14.53,14.09,14.46,12013300,0.3323031006,0.3288027168,0.3374369968,480532000,0.0,1.0
22-07-2013,14.23,14.48,14.17,14.35,7309600,0.3320697417,0.3306695882,0.3348700487,292384000,0.0,1.0
23-07-2013,14.21,14.41,14.14,14.41,6169800,0.3316030238,0.3299695114,0.3362702022,246792000,0.0,1.0
24-07-2013,14.21,14.38,14.19,14.34,7106300,0.3316030238,0.331136306,0.3346366898,284252000,0.0,1.0
25-07-2013,14.26,14.445,14.1,14.2,6083000,0.3327698184,0.3290360757,0.3313696649,243320000,0.0,1.0
26-07-2013,14.2,14.285,14.09,14.09,5684000,0.3313696649,0.3288027168,0.3288027168,227360000,0.0,1.0
29-07-2013,14.17,14.35,14.13,14.17,4488500,0.3306695882,0.3297361525,0.3306695882,179540000,0.0,1.0
30-07-2013,14.41,14.6,14.21,14.22,6651900,0.3362702022,0.3316030238,0.3318363827,266076000,0.0,1.0
31-07-2013,14.435,14.58,14.33,14.34,6754000,0.3368535995,0.3344033309,0.3346366898,270160000,0.0,1.0
01-08-2013,14.64,14.67,14.32,14.49,6941200,0.3416374573,0.3341699719,0.3381370736,277648000,0.0,1.0
02-08-2013,14.76,14.79,14.51,14.61,5240700,0.3444377644,0.3386037914,0.3409373806,209628000,0.0,1.0
05-08-2013,14.83,14.88,14.645,14.72,4629700,0.3460712768,0.3417541368,0.3435043287,185188000,0.0,1.0
06-08-2013,14.61,14.87,14.58,14.84,5165200,0.3409373806,0.3402373038,0.3463046357,206608000,0.0,1.0
07-08-2013,14.6,14.75,14.52,14.53,6109500,0.3407040217,0.3388371503,0.3390705092,244380000,0.0,1.0
08-08-2013,14.699,14.765,14.51,14.68,8642400,0.343014275,0.3386037914,0.342570893,345696000,0.0,1.0
09-08-2013,14.49,14.71,14.11,14.12,22655600,0.3381370736,0.3292694346,0.3295027936,906224000,0.0,1.0
12-08-2013,14.37,14.58,14.22,14.33,1670984,0.3353367665,0.3318363827,0.3344033309,66839360,0.0,1.0
13-08-2013,14.42,14.48,14.3,14.39,4936700,0.3365035611,0.3337032541,0.3358034844,197468000,0.0,1.0
14-08-2013,15.03,15.12,14.38,14.39,20712700,0.3507384552,0.3355701254,0.3358034844,828508000,0.0,1.0
15-08-2013,15.125,15.25,14.81,14.87,18090400,0.3529553649,0.345604559,0.3470047125,723616000,0.0,1.0
16-08-2013,15.189,15.4,15.07,15.1,16511400,0.354448862,0.3516718909,0.3523719676,660456000,0.0,1.0
19-08-2013,14.95,15.15,14.94,15.1,9835800,0.3488715838,0.3486382249,0.3523719676,393432000,0.0,1.0
20-08-2013,14.95,15.05,14.85,14.87,5854800,0.3506217757,0.3482764796,0.3487455388,234192000,0.075,1.0
21-08-2013,14.88,15.05,14.82,14.86,6538500,0.3489800684,0.3475728907,0.3485110092,261540000,0.0,1.0
22-08-2013,14.96,15.1,14.87,14.87,3225400,0.3508563053,0.3487455388,0.3487455388,129016000,0.0,1.0
23-08-2013,14.96,15.1,14.93,14.98,6128000,0.3508563053,0.3501527165,0.3513253646,245120000,0.0,1.0
26-08-2013,14.995,15.03,14.93,14.97,7503800,0.351677159,0.3501527165,0.351090835,300152000,0.0,1.0
27-08-2013,14.805,14.95,14.75,14.85,6936600,0.3472210963,0.3459311834,0.3482764796,277464000,0.0,1.0
28-08-2013,14.8,14.94,14.74,14.83,7970600,0.3471038315,0.3456966538,0.3478074203,318824000,0.0,1.0
29-08-2013,14.77,14.91,14.71,14.75,6905400,0.3464002426,0.3449930649,0.3459311834,276216000,0.0,1.0
30-08-2013,14.75,14.82,14.68,14.78,9453000,0.3459311834,0.3442894761,0.3466347723,378120000,0.0,1.0
03-09-2013,14.76,14.97,14.67,14.79,7117000,0.346165713,0.3440549465,0.3468693019,284680000,0.0,1.0
04-09-2013,14.9,14.99,14.74,14.76,5552000,0.3494491276,0.3456966538,0.346165713,222080000,0.0,1.0
05-09-2013,14.94,15.0,14.83,14.84,4372600,0.3503872461,0.3478074203,0.3480419499,174904000,0.0,1.0
06-09-2013,14.88,15.03,14.765,14.95,5668900,0.3489800684,0.3462829778,0.3506217757,226756000,0.0,1.0
09-09-2013,15.125,15.13,14.96,15.0,6160200,0.354726044,0.3508563053,0.3517944238,246408000,0.0,1.0
10-09-2013,15.45,15.46,15.17,15.24,7303300,0.3623482565,0.3557814273,0.3574231346,292132000,0.0,1.0
11-09-2013,15.71,15.75,15.323,15.43,9904100,0.3684460265,0.3593697304,0.3618791973,396164000,0.0,1.0
12-09-2013,15.7,15.9,15.63,15.63,7595200,0.3682114969,0.3665697896,0.3665697896,303808000,0.0,1.0
13-09-2013,15.8,15.87,15.64,15.75,3992400,0.3705567931,0.3668043192,0.369384145,159696000,0.0,1.0
16-09-2013,15.81,16.04,15.75,15.93,5785300,0.3707913227,0.369384145,0.3736056781,231412000,0.0,1.0
17-09-2013,15.86,15.99,15.8,15.87,4215200,0.3719639708,0.3705567931,0.3721985004,168608000,0.0,1.0
18-09-2013,15.999,16.04,15.79,15.87,6704200,0.3752239324,0.3703222635,0.3721985004,268168000,0.0,1.0
19-09-2013,15.925,16.1,15.86,16.07,5689300,0.3734884133,0.3719639708,0.3768890927,227572000,0.0,1.0
20-09-2013,15.795,16.069,15.76,15.97,8900900,0.3704395283,0.3696186746,0.3745437965,356036000,0.0,1.0
23-09-2013,15.64,15.91,15.55,15.78,6781100,0.3668043192,0.3646935527,0.3700877338,271244000,0.0,1.0
24-09-2013,15.7,15.76,15.56,15.65,5743300,0.3682114969,0.3649280823,0.3670388488,229732000,0.0,1.0
25-09-2013,15.725,15.84,15.6,15.67,5828900,0.368797821,0.3658662008,0.3675079081,233156000,0.0,1.0
26-09-2013,15.67,15.79,15.58,15.76,3720400,0.3675079081,0.3653971415,0.3696186746,148816000,0.0,1.0
27-09-2013,15.58,15.68,15.49,15.55,3798000,0.3653971415,0.363286375,0.3646935527,151920000,0.0,1.0
30-09-2013,15.56,15.67,15.33,15.42,5666000,0.3649280823,0.3595339011,0.3616446677,226640000,0.0,1.0
01-10-2013,15.55,15.655,15.465,15.58,5674400,0.3646935527,0.3627000509,0.3653971415,226976000,0.0,1.0
02-10-2013,15.54,15.6,15.39,15.39,4050900,0.3644590231,0.3609410788,0.3609410788,162036000,0.0,1.0
03-10-2013,15.38,15.692,15.305,15.55,10919200,0.3607065492,0.3589475771,0.3646935527,436768000,0.0,1.0
04-10-2013,15.59,15.72,15.32,15.36,6155700,0.3656316711,0.3592993715,0.36023749,246228000,0.0,1.0
07-10-2013,15.59,15.7,15.45,15.53,4248800,0.3656316711,0.3623482565,0.3642244934,169952000,0.0,1.0
08-10-2013,15.46,15.77,15.34,15.55,7267800,0.3625827861,0.3597684307,0.3646935527,290712000,0.0,1.0
09-10-2013,15.22,15.57,15.14,15.56,6896500,0.3569540753,0.3550778384,0.3649280823,275860000,0.0,1.0
10-10-2013,15.385,15.43,15.22,15.33,5587100,0.360823814,0.3569540753,0.3595339011,223484000,0.0,1.0
11-10-2013,15.26,15.34,15.1,15.15,5342600,0.3578921938,0.35413972,0.355312368,213704000,0.0,1.0
14-10-2013,15.49,15.49,15.22,15.22,4165700,0.363286375,0.3569540753,0.3569540753,166628000,0.0,1.0
15-10-2013,15.41,15.5799,15.4,15.49,5220500,0.3614101381,0.3611756084,0.363286375,208820000,0.0,1.0
16-10-2013,15.6,15.66,15.48,15.5,5251800,0.3658662008,0.3630518454,0.3635209046,210072000,0.0,1.0
17-10-2013,15.63,15.67,15.48,15.48,5333100,0.3665697896,0.3630518454,0.3630518454,213324000,0.0,1.0
18-10-2013,15.81,15.86,15.54,15.6,6376700,0.3707913227,0.3644590231,0.3658662008,255068000,0.0,1.0
21-10-2013,15.85,16.01,15.8,16.0,4875200,0.3717294411,0.3705567931,0.3752473854,195008000,0.0,1.0
22-10-2013,15.77,15.86,15.63,15.85,4486300,0.3698532042,0.3665697896,0.3717294411,179452000,0.0,1.0
23-10-2013,15.501,15.74,15.45,15.74,6305400,0.3635443576,0.3623482565,0.3691496154,252216000,0.0,1.0
24-10-2013,15.385,15.64,15.364,15.54,5910900,0.360823814,0.3603313018,0.3644590231,236436000,0.0,1.0
25-10-2013,15.24,15.48,15.19,15.47,8262300,0.3574231346,0.3562504865,0.3628173157,330492000,0.0,1.0
28-10-2013,15.21,15.29,15.0,15.22,9850600,0.3567195457,0.3517944238,0.3569540753,394024000,0.0,1.0
29-10-2013,15.23,15.26,15.05,15.19,9698800,0.357188605,0.3529670719,0.3562504865,387952000,0.0,1.0
30-10-2013,15.22,15.35,15.09,15.28,5100800,0.3569540753,0.3539051903,0.358361253,204032000,0.0,1.0
31-10-2013,15.189,15.35,15.16,15.24,7334200,0.3562270335,0.3555468977,0.3574231346,293368000,0.0,1.0
01-11-2013,15.255,15.33,15.15,15.27,5153400,0.357774929,0.355312368,0.3581267234,206136000,0.0,1.0
04-11-2013,14.82,15.31,14.79,15.31,10256600,0.3475728907,0.3468693019,0.3590648419,410264000,0.0,1.0
05-11-2013,14.8,14.865,14.57,14.73,10559200,0.3471038315,0.3417096503,0.3454621242,422368000,0.0,1.0
06-11-2013,14.9,14.91,14.65,14.8,4951100,0.3494491276,0.3435858872,0.3471038315,198044000,0.0,1.0
07-11-2013,14.545,14.89,14.52,14.85,13826900,0.3411233263,0.3405370022,0.3482764796,553076000,0.0,1.0
08-11-2013,15.56,15.61,14.935,15.0,18363300,0.3649280823,0.3502699813,0.3517944238,734532000,0.0,1.0
11-11-2013,15.69,15.73,15.47,15.5,7440600,0.3679769673,0.3628173157,0.3635209046,297624000,0.0,1.0
12-11-2013,15.715,15.85,15.54,15.76,7900800,0.3685632913,0.3644590231,0.3696186746,316032000,0.0,1.0
13-11-2013,16.15,16.15,15.65,15.68,8319800,0.3787653296,0.3670388488,0.3677424377,332792000,0.0,1.0
14-11-2013,16.22,16.315,16.09,16.1,7699500,0.3804070369,0.3773581519,0.3775926815,307980000,0.0,1.0
15-11-2013,16.17,16.3,16.01,16.28,11258300,0.3792343889,0.375481915,0.3818142146,450332000,0.0,1.0
18-11-2013,15.78,15.96,15.74,15.82,7923700,0.3700877338,0.3691496154,0.3710258523,316948000,0.0,1.0
19-11-2013,15.44,15.76,15.42,15.62,5167900,0.3641072286,0.3636355871,0.368352002,206716000,0.085,1.0
20-11-2013,15.21,15.49,15.18,15.45,5119400,0.3586833515,0.3579758893,0.3643430494,204776000,0.0,1.0
21-11-2013,15.33,15.36,15.16,15.23,5339200,0.3615132005,0.3575042478,0.359154993,213568000,0.0,1.0
22-11-2013,15.18,15.35,15.15,15.35,3966700,0.3579758893,0.3572684271,0.3619848419,158668000,0.0,1.0
25-11-2013,15.51,15.53,15.18,15.18,6205200,0.3657579738,0.3579758893,0.3579758893,248208000,0.0,1.0
26-11-2013,15.64,15.805,15.575,15.68,18829400,0.3688236435,0.3672908087,0.3697669265,753176000,0.0,1.0
27-11-2013,15.7,15.745,15.53,15.63,4531800,0.370238568,0.3662296153,0.3685878228,181272000,0.0,1.0
29-11-2013,15.6,15.74,15.5,15.7,2924100,0.3678803605,0.3655221531,0.370238568,116964000,0.0,1.0
02-12-2013,15.75,15.86,15.51,15.54,9346800,0.3714176717,0.3657579738,0.3664654361,373872000,0.0,1.0
03-12-2013,15.74,15.955,15.64,15.8,7264000,0.371181851,0.3688236435,0.3725967754,290560000,0.0,1.0
04-12-2013,15.96,15.99,15.655,15.7,12329400,0.3763699073,0.3691773746,0.370238568,493176000,0.0,1.0
05-12-2013,15.7,15.99,15.68,15.99,6795300,0.370238568,0.3697669265,0.3770773695,271812000,0.0,1.0
06-12-2013,15.47,15.89,15.43,15.89,7025000,0.3648146909,0.3638714079,0.3747191621,281000000,0.0,1.0
09-12-2013,15.205,15.52,15.18,15.47,9630500,0.3585654412,0.3579758893,0.3648146909,385220000,0.0,1.0
10-12-2013,15.56,15.63,15.19,15.21,13106700,0.3669370776,0.35821171,0.3586833515,524268000,0.0,1.0
11-12-2013,15.41,15.61,15.38,15.59,10353900,0.3633997664,0.3626923042,0.3676445398,414156000,0.0,1.0
12-12-2013,15.11,15.44,15.08,15.36,6468100,0.3563251441,0.3556176819,0.3622206627,258724000,0.0,1.0
13-12-2013,15.02,15.25,15.0,15.14,4614700,0.3542027574,0.3537311159,0.3570326063,184588000,0.0,1.0
16-12-2013,15.04,15.17,15.02,15.03,5940500,0.3546743989,0.3542027574,0.3544385781,237620000,0.0,1.0
17-12-2013,15.11,15.15,14.9,15.03,6852600,0.3563251441,0.3513729085,0.3544385781,274104000,0.0,1.0
18-12-2013,15.32,15.35,14.95,15.14,10655800,0.3612773797,0.3525520122,0.3570326063,426232000,0.0,1.0
19-12-2013,15.38,15.4,15.2,15.3,6463600,0.3626923042,0.3584475308,0.3608057382,258544000,0.0,1.0
20-12-2013,15.685,15.7,15.37,15.41,9552000,0.3698848369,0.3624564834,0.3633997664,382080000,0.0,1.0
23-12-2013,15.78,15.91,15.65,15.78,4214200,0.3721251339,0.3690594643,0.3721251339,168568000,0.0,1.0
24-12-2013,15.82,15.87,15.66,15.87,1990000,0.3730684169,0.369295285,0.3742475206,79600000,0.0,1.0
26-12-2013,15.67,15.925,15.63,15.88,4223000,0.3695311057,0.3685878228,0.3744833414,168920000,0.0,1.0
27-12-2013,15.76,15.79,15.66,15.75,5274400,0.3716534924,0.369295285,0.3714176717,210976000,0.0,1.0
30-12-2013,15.97,15.98,15.75,15.77,6204500,0.3766057281,0.3714176717,0.3718893132,248180000,0.0,1.0
31-12-2013,16.02,16.1,15.9,16.0,5894400,0.3777848318,0.3749549829,0.3773131903,235776000,0.0,1.0
02-01-2014,15.86,15.98,15.72,15.92,6502300,0.3740116999,0.3707102095,0.3754266243,260092000,0.0,1.0
03-01-2014,15.67,15.9201,15.62,15.89,6483300,0.3695311057,0.368352002,0.3747191621,259332000,0.0,1.0
06-01-2014,15.88,16.0,15.68,15.83,10237300,0.3744833414,0.3697669265,0.3733042376,409492000,0.0,1.0
07-01-2014,16.14,16.2,15.925,16.04,8332200,0.3806146807,0.3755445347,0.3782564733,333288000,0.0,1.0
08-01-2014,16.36,16.44,16.14,16.2,7704800,0.3858027371,0.3806146807,0.3820296052,308192000,0.0,1.0
09-01-2014,15.75,16.14,15.7,16.11,7304300,0.3714176717,0.370238568,0.3799072185,292172000,0.0,1.0
10-01-2014,15.73,15.91,15.59,15.8,5462300,0.3709460302,0.3676445398,0.3725967754,218492000,0.0,1.0
13-01-2014,15.36,15.825,15.33,15.73,6083300,0.3622206627,0.3615132005,0.3709460302,243332000,0.0,1.0
14-01-2014,15.84,15.87,15.37,15.44,6045700,0.3735400584,0.3624564834,0.3641072286,241828000,0.0,1.0
15-01-2014,16.01,16.065,15.84,15.91,4376100,0.377549011,0.3735400584,0.3751908036,175044000,0.0,1.0
16-01-2014,16.06,16.09,15.9401,16.01,5516300,0.3787281148,0.375900624,0.377549011,220652000,0.0,1.0
17-01-2014,15.99,16.25,15.89,16.06,8510000,0.3770773695,0.3747191621,0.3787281148,340400000,0.0,1.0
21-01-2014,16.05,16.15,15.88,16.01,6151900,0.378492294,0.3744833414,0.377549011,246076000,0.0,1.0
22-01-2014,16.03,16.1,15.84,16.08,8448500,0.3780206525,0.3735400584,0.3791997562,337940000,0.0,1.0
23-01-2014,15.97,16.15,15.85,15.98,4625700,0.3766057281,0.3737758791,0.3768415488,185028000,0.0,1.0
24-01-2014,15.56,15.9,15.56,15.84,6167400,0.3669370776,0.3669370776,0.3735400584,246696000,0.0,1.0
27-01-2014,15.46,15.78,15.37,15.56,5845300,0.3645788701,0.3624564834,0.3669370776,233812000,0.0,1.0
28-01-2014,15.61,15.62,15.37,15.43,4199900,0.3681161813,0.3624564834,0.3638714079,167996000,0.0,1.0
29-01-2014,15.46,15.64,15.45,15.55,4073600,0.3645788701,0.3643430494,0.3667012568,162944000,0.0,1.0
30-01-2014,15.72,15.75,15.5,15.55,5072400,0.3707102095,0.3655221531,0.3667012568,202896000,0.0,1.0
31-01-2014,15.7,15.79,15.49,15.5,8383700,0.370238568,0.3652863324,0.3655221531,335348000,0.0,1.0
03-02-2014,15.49,15.83,15.43,15.81,10793200,0.3652863324,0.3638714079,0.3728325962,431728000,0.0,1.0
04-02-2014,15.58,15.61,15.4,15.48,7017300,0.367408719,0.3631639457,0.3650505116,280692000,0.0,1.0
05-02-2014,15.44,15.52,15.32,15.47,5366900,0.3641072286,0.3612773797,0.3648146909,214676000,0.0,1.0
06-02-2014,15.64,15.68,15.44,15.46,4209500,0.3688236435,0.3641072286,0.3645788701,168380000,0.0,1.0
07-02-2014,15.87,15.89,15.54,15.68,3931200,0.3742475206,0.3664654361,0.3697669265,157248000,0.0,1.0
10-02-2014,15.92,16.13,15.835,15.85,8109300,0.3754266243,0.373422148,0.3737758791,324372000,0.0,1.0
11-02-2014,16.25,16.29,15.9301,16.01,5884600,0.3832087089,0.3756648033,0.377549011,235384000,0.0,1.0
12-02-2014,16.83,16.95,16.3,16.3,18613200,0.396886312,0.3843878126,0.3843878126,744528000,0.0,1.0
13-02-2014,17.36,17.46,16.95,17.25,22570900,0.4093848115,0.399716161,0.4067907833,902836000,0.0,1.0
14-02-2014,17.91,17.95,17.19,17.2,20438400,0.4223549524,0.4053758588,0.4056116796,817536000,0.0,1.0
18-02-2014,17.9,17.98,17.75,17.92,10724700,0.4221191316,0.4185818205,0.4225907731,428988000,0.0,1.0
19-02-2014,18.14,18.3,17.82,17.9,11258500,0.4277788295,0.4202325657,0.4221191316,450340000,0.0,1.0
20-02-2014,18.78,18.815,18.15,18.18,9952200,0.4428713571,0.4280146502,0.4287221125,398088000,0.0,1.0
21-02-2014,18.64,18.99,18.52,18.75,11276300,0.4395698667,0.4367400178,0.4421638949,451052000,0.0,1.0
24-02-2014,18.91,19.05,18.43,18.6,10077800,0.4459370268,0.4346176311,0.4386265837,403112000,0.0,1.0
25-02-2014,18.74,18.88,18.54,18.8,6054600,0.4439325505,0.4391947431,0.4453538927,242184000,0.085,1.0
26-02-2014,18.71,18.98,18.65,18.7,9022100,0.4432218793,0.4418005371,0.442984989,360884000,0.0,1.0
27-02-2014,18.5,18.9,18.45,18.71,9721200,0.4382471816,0.4370627298,0.4432218793,388848000,0.0,1.0
28-02-2014,18.38,18.58,18.1144,18.4,8042300,0.4354044972,0.429112689,0.4358782779,321692000,0.0,1.0
03-03-2014,18.29,18.29,17.81,17.97,9398700,0.4332724839,0.4219017462,0.4256919921,375948000,0.0,1.0
04-03-2014,18.48,18.6,18.35,18.38,6508600,0.4377734009,0.4346938261,0.4354044972,260344000,0.0,1.0
05-03-2014,18.64,18.65,18.38,18.46,6036800,0.4415636468,0.4354044972,0.4372996201,241472000,0.0,1.0
06-03-2014,18.38,18.77,18.35,18.67,7253600,0.4354044972,0.4346938261,0.4422743179,290144000,0.0,1.0
07-03-2014,18.36,18.49,18.215,18.46,6711300,0.4349307165,0.4314958061,0.4372996201,268452000,0.0,1.0
10-03-2014,18.09,18.38,18.01,18.3,7522200,0.4285346765,0.4266395536,0.4335093742,300888000,0.0,1.0
11-03-2014,18.27,18.43,18.12,18.18,7430500,0.4327987031,0.4292453476,0.4306666898,297220000,0.0,1.0
12-03-2014,18.32,18.43,18.11,18.18,5985700,0.433983155,0.4290084572,0.4306666898,239428000,0.0,1.0
13-03-2014,17.74,18.43,17.65,18.36,9629300,0.4202435136,0.4181115003,0.4349307165,385172000,0.0,1.0
14-03-2014,17.82,17.98,17.56,17.56,11501200,0.4221386366,0.415979487,0.415979487,460048000,0.0,1.0
17-03-2014,17.82,18.0,17.8,17.87,7491400,0.4221386366,0.4216648558,0.4233230884,299656000,0.0,1.0
18-03-2014,18.24,18.36,17.81,17.89,7347600,0.432088032,0.4219017462,0.4237968691,293904000,0.0,1.0
19-03-2014,18.555,18.91,18.33,18.38,9154200,0.4395500786,0.4342200453,0.4354044972,366168000,0.0,1.0
20-03-2014,18.57,18.73,18.38,18.46,4795000,0.4399054142,0.4354044972,0.4372996201,191800000,0.0,1.0
21-03-2014,18.54,18.88,18.44,18.73,14152900,0.4391947431,0.4368258394,0.4436956601,566116000,0.0,1.0
24-03-2014,18.45,18.7,18.18,18.55,7652400,0.4370627298,0.4306666898,0.4394316335,306096000,0.0,1.0
25-03-2014,18.45,18.67,18.31,18.65,7610600,0.4370627298,0.4337462646,0.4418005371,304424000,0.0,1.0
26-03-2014,18.03,18.97,17.87,18.62,13943900,0.4271133343,0.4233230884,0.441089866,557756000,0.0,1.0
27-03-2014,17.79,18.14,17.585,17.99,13518200,0.4214279655,0.4165717129,0.4261657728,540728000,0.0,1.0
28-03-2014,17.9,18.01,17.71,17.76,9970500,0.4240337595,0.4195328425,0.4207172943,398820000,0.0,1.0
31-03-2014,17.91,18.09,17.805,17.93,6835100,0.4242706499,0.421783301,0.4247444306,273404000,0.0,1.0
01-04-2014,18.65,18.87,18.26,18.48,16406800,0.4418005371,0.4325618128,0.4377734009,656272000,0.0,1.0
02-04-2014,18.53,18.69,18.45,18.65,5998700,0.4389578527,0.4370627298,0.4418005371,239948000,0.0,1.0
03-04-2014,18.73,19.185,18.56,18.57,14988700,0.4436956601,0.4396685238,0.4399054142,599548000,0.0,1.0
04-04-2014,18.15,18.94,18.065,18.83,9200800,0.4299560187,0.4279424506,0.4460645638,368032000,0.0,1.0
07-04-2014,18.21,18.56,18.06,18.16,10714400,0.4313773609,0.4278240054,0.4301929091,428576000,0.0,1.0
08-04-2014,18.86,18.91,18.1803,18.21,11767300,0.4467752349,0.4306737965,0.4313773609,470692000,0.0,1.0
09-04-2014,18.84,19.11,18.69,18.95,10549200,0.4463014541,0.4427480986,0.4489072482,421968000,0.0,1.0
10-04-2014,18.38,19.02,18.32,18.76,9318700,0.4354044972,0.433983155,0.4444063312,372748000,0.0,1.0
11-04-2014,18.12,18.52,17.88,18.24,8827800,0.4292453476,0.4235599788,0.432088032,353112000,0.0,1.0
14-04-2014,18.32,18.39,18.12,18.24,7254600,0.433983155,0.4292453476,0.432088032,290184000,0.0,1.0
15-04-2014,18.45,18.55,18.16,18.34,7615900,0.4370627298,0.4301929091,0.4344569357,304636000,0.0,1.0
16-04-2014,18.49,18.56,18.255,18.54,5878400,0.4380102912,0.4324433676,0.4391947431,235136000,0.0,1.0
17-04-2014,18.56,18.73,18.38,18.42,3838300,0.4396685238,0.4354044972,0.4363520587,153532000,0.0,1.0
21-04-2014,18.71,18.76,18.45,18.57,2925100,0.4432218793,0.4370627298,0.4399054142,117004000,0.0,1.0
22-04-2014,18.87,18.99,18.64,18.74,6378000,0.4470121252,0.4415636468,0.4439325505,255120000,0.0,1.0
23-04-2014,19.09,19.14,18.87,18.9,6539500,0.4522237134,0.4470121252,0.4477227963,261580000,0.0,1.0
24-04-2014,19.26,19.46,19.22,19.22,9787300,0.4562508496,0.4553032881,0.4553032881,391492000,0.0,1.0
25-04-2014,18.73,19.4,18.69,19.22,7840000,0.4436956601,0.4427480986,0.4553032881,313600000,0.0,1.0
28-04-2014,18.65,18.98,18.42,18.88,5669700,0.4418005371,0.4363520587,0.4472490156,226788000,0.0,1.0
29-04-2014,18.69,18.757,18.48,18.72,4282500,0.4427480986,0.4377734009,0.4434587697,171300000,0.0,1.0
30-04-2014,18.47,18.68,18.43,18.66,7643500,0.4375365105,0.436588949,0.4420374275,305740000,0.0,1.0
01-05-2014,18.57,18.79,18.42,18.75,4952600,0.4399054142,0.4363520587,0.4441694408,198104000,0.0,1.0
02-05-2014,18.43,18.66,18.32,18.66,3909400,0.436588949,0.433983155,0.4420374275,156376000,0.0,1.0
05-05-2014,18.63,18.77,18.39,18.41,5981500,0.4413267564,0.4356413876,0.4361151683,239260000,0.0,1.0
06-05-2014,18.25,18.97,18.2,18.81,10404700,0.4323249224,0.4311404706,0.445590783,416188000,0.0,1.0
07-05-2014,18.275,18.42,18.07,18.25,7347500,0.4329171483,0.4280608958,0.4323249224,293900000,0.0,1.0
08-05-2014,18.5,18.79,18.11,18.2,10818200,0.4382471816,0.4290084572,0.4311404706,432728000,0.0,1.0
09-05-2014,18.05,18.11,17.71,17.94,13488300,0.427587115,0.4195328425,0.424981321,539532000,0.0,1.0
12-05-2014,18.58,18.62,18.08,18.09,7496400,0.4401423046,0.4282977861,0.4285346765,299856000,0.0,1.0
13-05-2014,18.28,18.63,18.22,18.33,5527600,0.4330355935,0.4316142513,0.4342200453,221104000,0.0,1.0
14-05-2014,18.1,18.36,18.09,18.29,5358000,0.4287715669,0.4285346765,0.4332724839,214320000,0.0,1.0
15-05-2014,18.0,18.16,17.82,18.06,8147400,0.4264026632,0.4221386366,0.4278240054,325896000,0.0,1.0
16-05-2014,17.96,18.09,17.86,17.86,7099000,0.4254551017,0.423086198,0.423086198,283960000,0.0,1.0
19-05-2014,18.54,18.64,18.07,18.15,9001900,0.4391947431,0.4280608958,0.4299560187,360076000,0.0,1.0
20-05-2014,18.24,18.51,18.15,18.46,6405000,0.4341016002,0.4319596515,0.4393374747,256200000,0.085,1.0
21-05-2014,18.24,18.465,18.125,18.31,5417800,0.4341016002,0.4313646657,0.4357675603,216712000,0.0,1.0
22-05-2014,18.32,18.42,18.2,18.2,3259100,0.4360055546,0.433149623,0.433149623,130364000,0.0,1.0
23-05-2014,18.49,18.58,18.31,18.42,4566400,0.4400514576,0.4357675603,0.4383854975,182656000,0.0,1.0
27-05-2014,18.82,18.82,18.54,18.6,5242000,0.4479052695,0.4412414291,0.4426693949,209680000,0.0,1.0
28-05-2014,18.98,19.1,18.71,18.89,5616900,0.4517131782,0.4452873322,0.4495712296,224676000,0.0,1.0
29-05-2014,18.95,19.13,18.91,18.97,4297100,0.4509991953,0.4500472182,0.4514751839,171884000,0.0,1.0
30-05-2014,19.0,19.05,18.85,18.95,5978200,0.4521891668,0.4486192524,0.4509991953,239128000,0.0,1.0
02-06-2014,18.94,19.18,18.78,19.06,4537500,0.450761201,0.4469532923,0.4536171326,181500000,0.0,1.0
03-06-2014,18.86,19.0,18.61,18.98,6080300,0.4488572467,0.4429073892,0.4517131782,243212000,0.0,1.0
04-06-2014,18.88,19.02,18.8,18.81,4030900,0.4493332353,0.4474292809,0.4476672752,161236000,0.0,1.0
05-06-2014,18.96,19.02,18.8,18.91,4717400,0.4512371896,0.4474292809,0.4500472182,188696000,0.0,1.0
06-06-2014,19.03,19.2,18.98,19.05,4026300,0.4529031497,0.4517131782,0.4533791383,161052000,0.0,1.0
09-06-2014,19.05,19.23,18.88,19.01,6186400,0.4533791383,0.4493332353,0.4524271611,247456000,0.0,1.0
10-06-2014,19.15,19.24,18.9,18.98,5440200,0.4557590813,0.4498092239,0.4517131782,217608000,0.0,1.0
11-06-2014,19.4,19.445,19.08,19.08,6655700,0.4617089388,0.4540931212,0.4540931212,266228000,0.0,1.0
12-06-2014,19.52,19.61,19.23,19.4,8428700,0.4645648704,0.4576630357,0.4617089388,337148000,0.0,1.0
13-06-2014,19.54,19.73,19.35,19.72,5696300,0.4650408589,0.4605189673,0.4693247563,227852000,0.0,1.0
16-06-2014,19.48,19.61,19.31,19.45,4965500,0.4636128932,0.4595669901,0.4628989103,198620000,0.0,1.0
17-06-2014,19.61,19.69,19.4,19.5,3940200,0.466706819,0.4617089388,0.4640888818,157608000,0.0,1.0
18-06-2014,19.59,19.68,19.38,19.56,5388400,0.4662308304,0.4612329502,0.4655168475,215536000,0.0,1.0
19-06-2014,19.138,19.33,19.0,19.23,11864800,0.4554734882,0.4521891668,0.4576630357,474592000,0.0,1.0
20-06-2014,18.93,19.255,18.78,19.19,8828700,0.4505232067,0.4469532923,0.4567110585,353148000,0.0,1.0
23-06-2014,18.71,18.72,18.46,18.68,10355000,0.4452873322,0.4393374747,0.4445733493,414200000,0.0,1.0
24-06-2014,18.42,18.83,18.34,18.68,6894500,0.4383854975,0.4364815431,0.4445733493,275780000,0.0,1.0
25-06-2014,18.61,18.62,18.3,18.47,5385500,0.4429073892,0.435529566,0.439575469,215420000,0.0,1.0
26-06-2014,18.36,18.62,18.3,18.61,6422700,0.4369575317,0.435529566,0.4429073892,256908000,0.0,1.0
27-06-2014,18.38,18.49,18.23,18.34,7570500,0.4374335203,0.4338636059,0.4364815431,302820000,0.0,1.0
30-06-2014,18.54,18.59,18.31,18.31,4512800,0.4412414291,0.4357675603,0.4357675603,180512000,0.0,1.0
01-07-2014,18.75,18.855,18.46,18.52,8029500,0.4462393094,0.4393374747,0.4407654405,321180000,0.0,1.0
02-07-2014,18.6825,18.76,18.57,18.68,4482100,0.4446328479,0.441955412,0.4445733493,179284000,0.0,1.0
03-07-2014,18.85,18.9,18.51,18.51,3422300,0.4486192524,0.4405274462,0.4405274462,136892000,0.0,1.0
07-07-2014,18.7,18.89,18.67,18.88,3187400,0.4450493379,0.444335355,0.4493332353,127496000,0.0,1.0
08-07-2014,18.55,18.73,18.37,18.65,5548500,0.4414794234,0.437195526,0.4438593664,221940000,0.0,1.0
09-07-2014,19.11,19.19,18.57,18.71,9691700,0.4548071041,0.441955412,0.4452873322,387668000,0.0,1.0
10-07-2014,19.005,19.09,18.6,18.75,6657700,0.452308164,0.4426693949,0.4462393094,266308000,0.0,1.0
11-07-2014,19.05,19.11,18.96,19.03,4779700,0.4533791383,0.4512371896,0.4529031497,191188000,0.0,1.0
14-07-2014,19.29,19.34,19.06,19.13,6815900,0.4590910015,0.4536171326,0.4552830927,272636000,0.0,1.0
15-07-2014,19.37,19.42,19.19,19.32,9886000,0.4609949559,0.4567110585,0.4598049844,395440000,0.0,1.0
16-07-2014,19.35,19.6,19.24,19.45,7993200,0.4605189673,0.45790103,0.4628989103,319728000,0.0,1.0
17-07-2014,19.3,19.5,19.13,19.13,8120800,0.4593289958,0.4552830927,0.4552830927,324832000,0.0,1.0
18-07-2014,18.44,19.05,18.41,18.9,14195400,0.4388614861,0.4381475032,0.4498092239,567816000,0.0,1.0
21-07-2014,18.55,18.68,18.37,18.37,6084100,0.4414794234,0.437195526,0.437195526,243364000,0.0,1.0
22-07-2014,18.47,18.79,18.43,18.69,7470400,0.439575469,0.4386234918,0.4448113436,298816000,0.0,1.0
23-07-2014,18.08,18.49,18.06,18.48,7433800,0.4302936914,0.4298177028,0.4398134633,297352000,0.0,1.0
24-07-2014,18.11,18.23,17.98,18.18,6364400,0.4310076743,0.4279137484,0.4326736344,254576000,0.0,1.0
25-07-2014,17.79,18.09,17.76,18.05,6653300,0.4233918567,0.4226778738,0.4295797085,266132000,0.0,1.0
28-07-2014,17.72,17.87,17.415,17.87,8258800,0.4217258967,0.4144670706,0.4252958111,330352000,0.0,1.0
29-07-2014,17.78,18.02,17.72,17.73,5449300,0.4231538624,0.4217258967,0.4219638909,217972000,0.0,1.0
30-07-2014,18.08,18.13,17.84,17.89,6154600,0.4302936914,0.4245818282,0.4257717997,246184000,0.0,1.0
31-07-2014,17.5,18.0,17.465,17.86,10047000,0.4164900221,0.415657042,0.4250578168,401880000,0.0,1.0
01-08-2014,17.69,17.79,17.44,17.5,5497100,0.4210119138,0.4150620563,0.4164900221,219884000,0.0,1.0
04-08-2014,17.65,17.82,17.56,17.67,6043100,0.4200599366,0.4179179879,0.4205359252,241724000,0.0,1.0
05-08-2014,17.66,17.92,17.45,17.6,7453400,0.4202979309,0.4153000506,0.4188699651,298136000,0.0,1.0
06-08-2014,17.64,17.86,17.41,17.54,5586400,0.4198219423,0.4143480734,0.4174419993,223456000,0.0,1.0
07-08-2014,17.46,17.95,17.34,17.79,10192400,0.4155380449,0.4126821133,0.4233918567,407696000,0.0,1.0
08-08-2014,19.0,19.1,18.22,18.22,22358700,0.4521891668,0.4336256116,0.4336256116,894348000,0.0,1.0
11-08-2014,18.9,19.1,18.85,19.02,8615600,0.4498092239,0.4486192524,0.4526651554,344624000,0.0,1.0
12-08-2014,18.9,19.0,18.69,18.89,7403800,0.4498092239,0.4448113436,0.4495712296,296152000,0.0,1.0
13-08-2014,19.01,19.17,18.81,18.93,6414900,0.4524271611,0.4476672752,0.4505232067,256596000,0.0,1.0
14-08-2014,18.8,19.08,18.72,19.08,6399800,0.4474292809,0.4455253265,0.4540931212,255992000,0.0,1.0
15-08-2014,19.04,19.145,18.68,18.86,9244900,0.453141144,0.4445733493,0.4488572467,369796000,0.0,1.0
18-08-2014,19.3,19.32,18.93,19.12,7101900,0.4593289958,0.4505232067,0.4550450984,284076000,0.0,1.0
19-08-2014,19.37,19.47,19.15,19.22,6206500,0.4630179074,0.4577590566,0.4594323273,248260000,0.085,1.0
20-08-2014,19.25,19.39,19.205,19.3,5536700,0.4601494434,0.4590737693,0.4613446367,221468000,0.0,1.0
21-08-2014,19.07,19.3,19.04,19.2,6819900,0.4558467473,0.4551296312,0.45895425,272796000,0.0,1.0
22-08-2014,19.08,19.24,18.93,19.05,6280600,0.4560857859,0.4525002059,0.4553686699,251224000,0.0,1.0
25-08-2014,19.11,19.29,19.07,19.16,3834500,0.4568029019,0.4558467473,0.4579980953,153380000,0.0,1.0
26-08-2014,19.455,19.49,19.09,19.16,6740900,0.4650497361,0.4563248246,0.4579980953,269636000,0.0,1.0
27-08-2014,19.23,19.475,19.2,19.33,4574300,0.459671366,0.45895425,0.4620617527,182972000,0.0,1.0
28-08-2014,19.39,19.43,19.13,19.19,4492600,0.4634959848,0.4572809793,0.4587152113,179704000,0.0,1.0
29-08-2014,19.45,19.49,19.25,19.46,5198300,0.4649302168,0.4601494434,0.4651692555,207932000,0.0,1.0
02-09-2014,19.495,19.5,19.315,19.5,4815900,0.4660058908,0.4617031947,0.4661254101,192636000,0.0,1.0
03-09-2014,19.685,19.75,19.47,19.6,6486400,0.4705476256,0.4654082941,0.4685157969,259456000,0.0,1.0
04-09-2014,20.03,20.15,19.64,19.65,12295800,0.4787944598,0.4694719516,0.4697109902,491832000,0.0,1.0
05-09-2014,19.97,20.1,19.84,20.01,6344800,0.4773602277,0.474252725,0.4783163824,253792000,0.0,1.0
08-09-2014,19.79,19.99,19.71,19.95,7982200,0.4730575316,0.4711452223,0.4768821504,319288000,0.0,1.0
09-09-2014,19.54,19.83,19.52,19.7,4964700,0.4670815648,0.4666034875,0.4709061836,198588000,0.0,1.0
10-09-2014,19.61,19.685,19.425,19.65,4309400,0.4687548355,0.4643326201,0.4697109902,172376000,0.0,1.0
11-09-2014,19.41,19.54,19.2,19.47,6268000,0.4639740621,0.45895425,0.4654082941,250720000,0.0,1.0
12-09-2014,19.12,19.53,19.095,19.53,6563400,0.4570419406,0.4564443439,0.4668425262,262536000,0.0,1.0
15-09-2014,18.86,19.21,18.78,19.18,7353800,0.4508269351,0.4489146258,0.4584761726,294152000,0.0,1.0
16-09-2014,19.135,19.24,18.75,18.81,5498400,0.4574004986,0.4481975098,0.4496317418,219936000,0.0,1.0
17-09-2014,19.15,19.33,19.0,19.09,4339600,0.4577590566,0.4541734766,0.4563248246,173584000,0.0,1.0
18-09-2014,19.44,19.46,19.21,19.27,5490100,0.4646911781,0.4591932887,0.4606275207,219604000,0.0,1.0
19-09-2014,19.08,19.52,19.05,19.5,15032900,0.4560857859,0.4553686699,0.4661254101,601316000,0.0,1.0
22-09-2014,18.89,19.47,18.87,19.47,5536600,0.4515440512,0.4510659738,0.4654082941,221464000,0.0,1.0
23-09-2014,18.81,19.02,18.72,18.79,4903600,0.4496317418,0.4474803937,0.4491536644,196144000,0.0,1.0
24-09-2014,18.92,18.98,18.78,18.8,3987420,0.4522611672,0.4489146258,0.4493927031,159496800,0.0,1.0
25-09-2014,18.51,18.95,18.47,18.9,7425059,0.4424605816,0.4415044269,0.4517830898,297002360,0.0,1.0
26-09-2014,18.545,18.69,18.49,18.57,6029702,0.443297217,0.4419825043,0.4438948137,241188080,0.0,1.0
29-09-2014,18.515,18.65,18.2236,18.4,5213585,0.442580101,0.4356145141,0.4398311562,208543400,0.0,1.0
30-09-2014,18.45,18.58,18.2301,18.44,6930130,0.4410263496,0.4357698892,0.4407873109,277205200,0.0,1.0
01-10-2014,18.27,18.61,18.22,18.48,8775121,0.4367236535,0.4355284601,0.4417434656,351004840,0.0,1.0
02-10-2014,18.19,18.33,17.77,18.24,7224861,0.4348113441,0.4247717199,0.4360065375,288994440,0.0,1.0
03-10-2014,18.23,18.55,18.23,18.3,5978474,0.4357674988,0.4357674988,0.4374407695,239138960,0.0,1.0
06-10-2014,18.12,18.45,18.0,18.3,4975777,0.4331380734,0.4302696094,0.4374407695,199031080,0.0,1.0
07-10-2014,17.925,18.215,17.905,18.04,7547439,0.4284768193,0.427998742,0.4312257641,301897560,0.0,1.0
08-10-2014,18.26,18.35,17.77,17.91,6504284,0.4364846148,0.4247717199,0.4281182613,260171360,0.0,1.0
09-10-2014,17.91,18.195,17.76,18.18,7674982,0.4281182613,0.4245326812,0.4345723055,306999280,0.0,1.0
10-10-2014,16.845,17.83,16.84,17.77,17284422,0.4026606428,0.4025411234,0.4247717199,691376880,0.0,1.0
13-10-2014,16.785,17.3,16.77,16.96,9940730,0.4012264107,0.4008678527,0.4054095875,397629200,0.0,1.0
14-10-2014,17.175,17.65,16.92,17.02,9415488,0.4105489189,0.4044534328,0.4068438195,376619520,0.0,1.0
15-10-2014,17.44,17.53,16.815,16.93,10110978,0.4168834437,0.4019435267,0.4046924715,404439120,0.0,1.0
16-10-2014,17.45,17.65,17.09,17.13,8777944,0.4171224824,0.4085170902,0.4094732449,351117760,0.0,1.0
17-10-2014,17.42,17.865,17.35,17.66,7268519,0.4164053664,0.4147320957,0.4221422945,290740760,0.0,1.0
20-10-2014,17.57,17.725,17.3,17.42,5008404,0.4199909465,0.4135369023,0.4164053664,200336160,0.0,1.0
21-10-2014,18.32,18.34,17.65,17.7,8778272,0.4379188469,0.4219032559,0.4230984492,351130880,0.0,1.0
22-10-2014,17.89,18.35,17.89,18.29,5987921,0.427640184,0.427640184,0.4372017309,239516840,0.0,1.0
23-10-2014,18.285,18.42,18.07,18.2,5367494,0.4370822115,0.4319428801,0.4350503828,214699760,0.0,1.0
24-10-2014,18.48,18.59,18.285,18.4,5254152,0.4417434656,0.4370822115,0.4398311562,210166080,0.0,1.0
27-10-2014,18.49,18.56,18.27,18.47,3627782,0.4419825043,0.4367236535,0.4415044269,145111280,0.0,1.0
28-10-2014,18.93,18.955,18.42,18.44,4814453,0.4525002059,0.4403092336,0.4407873109,192578120,0.0,1.0
29-10-2014,18.805,18.96,18.64,18.85,4208504,0.4495122225,0.4455680844,0.4505878965,168340160,0.0,1.0
30-10-2014,18.69,18.84,18.45,18.76,4256451,0.4467632777,0.4410263496,0.4484365484,170258040,0.0,1.0
31-10-2014,19.54,19.55,19.02,19.12,6408266,0.4670815648,0.4546515539,0.4570419406,256330640,0.0,1.0
03-11-2014,19.87,20.06,19.77,19.99,7719851,0.474969841,0.4725794543,0.4778383051,308794040,0.0,1.0
04-11-2014,20.13,20.2,19.67,20.0,9004886,0.4811848465,0.4701890676,0.4780773437,360195440,0.0,1.0
05-11-2014,20.13,20.255,19.98,20.25,8391257,0.4811848465,0.4775992664,0.4840533105,335650280,0.0,1.0
06-11-2014,20.22,20.25,19.86,20.17,9852201,0.4833361945,0.4747308023,0.4821410012,394088040,0.0,1.0
07-11-2014,19.79,20.6859,19.59,20.45,11269962,0.4730575316,0.4682767582,0.488834084,450798480,0.0,1.0
10-11-2014,20.02,20.1501,19.72,19.77,7334724,0.4785554211,0.4713842609,0.4725794543,293388960,0.0,1.0
11-11-2014,19.78,20.01,19.605,19.9,5325270,0.472818493,0.4686353162,0.475686957,213010800,0.0,1.0
12-11-2014,19.645,19.76,19.38,19.71,5114569,0.4695914709,0.4632569461,0.4711452223,204582760,0.0,1.0
13-11-2014,19.55,19.749,19.39,19.72,5633239,0.4673206035,0.4634959848,0.4713842609,225329560,0.0,1.0
14-11-2014,19.785,19.79,19.375,19.57,4006181,0.4729380123,0.4631374267,0.4677986808,160247240,0.0,1.0
17-11-2014,19.695,19.91,19.57,19.7,3968295,0.4707866642,0.4677986808,0.4709061836,158731800,0.0,1.0
18-11-2014,20.17,20.22,19.66,19.71,5194312,0.4821410012,0.4699500289,0.4711452223,207772480,0.0,1.0
19-11-2014,20.01,20.16,19.8,20.1,6007542,0.4803482111,0.4753070755,0.4825086978,240301680,0.085,1.0
20-11-2014,20.34,20.36,19.81,19.87,5524226,0.4882699957,0.4755471296,0.476987454,220969040,0.0,1.0
21-11-2014,20.455,20.55,20.28,20.52,4974441,0.4910306176,0.4868296712,0.4925909691,198977640,0.0,1.0
24-11-2014,20.58,20.67,20.42,20.5,3400125,0.4940312936,0.4901904283,0.492110861,136005000,0.0,1.0
25-11-2014,20.57,20.72,20.5,20.54,4756021,0.4937912395,0.492110861,0.4930710773,190240840,0.0,1.0
26-11-2014,20.915,20.94,20.44,20.45,5481634,0.5020731052,0.4906705365,0.4909105906,219265360,0.0,1.0
28-11-2014,20.97,21.09,20.8028,20.99,3120781,0.5033934027,0.4993796985,0.5038735108,124831240,0.0,1.0
01-12-2014,20.58,21.0,20.55,20.88,4751507,0.4940312936,0.4933111314,0.501232916,190060280,0.0,1.0
02-12-2014,20.61,20.7,20.37,20.56,6148798,0.4947514558,0.4889901579,0.4935511854,245951920,0.0,1.0
03-12-2014,21.14,21.15,20.65,20.71,7111426,0.507474322,0.4957116721,0.4971519966,284457040,0.0,1.0
04-12-2014,20.95,21.19,20.81,21.11,4665777,0.5029132945,0.4995525374,0.5067541598,186631080,0.0,1.0
05-12-2014,21.07,21.18,20.95,20.96,4142028,0.5057939434,0.5029132945,0.5031533486,165681120,0.0,1.0
08-12-2014,20.8,21.25,20.63,21.04,5676710,0.4993124833,0.495231564,0.5050737812,227068400,0.0,1.0
09-12-2014,20.73,20.78,20.36,20.67,5986188,0.4976321048,0.4887501039,0.4961917803,239447520,0.0,1.0
10-12-2014,20.27,20.75,20.245,20.67,5117856,0.4865896172,0.485989482,0.4961917803,204714240,0.0,1.0
11-12-2014,20.26,20.53,20.22,20.39,3391302,0.4863495631,0.4853893468,0.4894702661,135652080,0.0,1.0
12-12-2014,19.63,20.17,19.61,19.99,8103662,0.4712261561,0.470746048,0.479868103,324146480,0.0,1.0
15-12-2014,19.57,20.22,19.511,19.86,6367418,0.4697858317,0.4683695126,0.4767473999,254696720,0.0,1.0
16-12-2014,19.345,19.86,19.34,19.55,4632726,0.4643846149,0.4642645879,0.4693057235,185309040,0.0,1.0
17-12-2014,20.14,20.17,19.1,19.74,8639935,0.4834689141,0.45850329,0.473866751,345597400,0.0,1.0
18-12-2014,20.22,20.63,20.03,20.39,5653939,0.4853893468,0.4808283193,0.4894702661,226157560,0.0,1.0
19-12-2014,20.42,20.5,20.17,20.36,8138230,0.4901904283,0.4841890764,0.4887501039,325529200,0.0,1.0
22-12-2014,20.78,20.78,20.33,20.4,3724357,0.4988323752,0.4880299416,0.4897103202,148974280,0.0,1.0
23-12-2014,20.65,21.04,20.625,20.94,2731983,0.4957116721,0.495111537,0.5026732404,109279320,0.0,1.0
24-12-2014,20.57,20.725,20.55,20.7,1141128,0.4937912395,0.4933111314,0.4969119425,45645120,0.0,1.0
26-12-2014,20.59,20.7,20.52,20.57,1316100,0.4942713477,0.4925909691,0.4937912395,52644000,0.0,1.0
29-12-2014,20.56,20.7,20.43,20.53,2083128,0.4935511854,0.4904304824,0.4928310232,83325120,0.0,1.0
30-12-2014,20.37,20.52,20.34,20.42,2803010,0.4889901579,0.4882699957,0.4901904283,112120400,0.0,1.0
31-12-2014,20.05,20.51,19.99,20.4,4157958,0.4813084274,0.479868103,0.4897103202,166318320,0.0,1.0
02-01-2015,20.13,20.28,19.811,20.13,2842012,0.4832288601,0.475571135,0.4832288601,113680480,0.0,1.0
05-01-2015,19.79,20.19,19.7,20.13,4948799,0.4750670214,0.4729065347,0.4832288601,197951960,0.0,1.0
06-01-2015,19.19,19.84,19.17,19.82,4944121,0.4606637767,0.4601836685,0.4757871836,197764840,0.0,1.0
07-01-2015,19.135,19.5,19.08,19.33,8045186,0.4593434793,0.4580231818,0.4640245338,321807440,0.0,1.0
08-01-2015,19.86,19.98,19.35,19.36,7094534,0.4767473999,0.4645046419,0.464744696,283781360,0.0,1.0
09-01-2015,19.94,20.09,19.655,19.93,5204700,0.4786678326,0.4718262913,0.4784277785,208188000,0.0,1.0
12-01-2015,19.69,19.995,19.51,19.99,4768307,0.4726664806,0.4683455072,0.479868103,190732280,0.0,1.0
13-01-2015,19.655,20.24,19.525,19.84,5917960,0.4718262913,0.4687055883,0.4762672918,236718400,0.0,1.0
14-01-2015,19.74,19.8,19.4,19.45,3881531,0.473866751,0.4657049123,0.4669051827,155261240,0.0,1.0
15-01-2015,19.6,20.0,19.59,19.88,4723757,0.4705059939,0.4702659398,0.4772275081,188950280,0.0,1.0
16-01-2015,19.96,19.98,19.51,19.57,4537800,0.4791479407,0.4683455072,0.4697858317,181512000,0.0,1.0
20-01-2015,20.02,20.21,19.77,20.1,3507719,0.4805882652,0.4745869132,0.4825086978,140308760,0.0,1.0
21-01-2015,20.3,20.35,19.77,19.91,3619494,0.4873097794,0.4745869132,0.4779476703,144779760,0.0,1.0
22-01-2015,20.65,20.705,20.13,20.34,3992810,0.4957116721,0.4832288601,0.4882699957,159712400,0.0,1.0
23-01-2015,20.71,20.745,20.5,20.67,3010389,0.4971519966,0.492110861,0.4961917803,120415560,0.0,1.0
26-01-2015,20.615,20.72,20.49,20.62,3331008,0.4948714829,0.4918708069,0.4949915099,133240320,0.0,1.0
27-01-2015,19.63,20.32,19.59,20.3,8948721,0.4712261561,0.4702659398,0.4873097794,357948840,0.0,1.0
28-01-2015,19.31,19.95,19.3,19.87,6818214,0.4635444256,0.4633043715,0.476987454,272728560,0.0,1.0
29-01-2015,19.78,19.89,19.23,19.32,5883531,0.4748269673,0.461623993,0.4637844797,235341240,0.0,1.0
30-01-2015,19.205,19.869,19.17,19.64,7454968,0.4610238578,0.4601836685,0.4714662102,298198720,0.0,1.0
02-02-2015,19.62,19.7,18.94,19.32,6490149,0.4709861021,0.4546624247,0.4637844797,259605960,0.0,1.0
03-02-2015,20.11,20.13,19.66,19.76,4586670,0.4827487519,0.4719463184,0.4743468592,183466800,0.0,1.0
04-02-2015,20.16,20.385,19.985,20.05,4537872,0.4839490223,0.4797480759,0.4813084274,181514880,0.0,1.0
05-02-2015,20.485,20.5,20.16,20.18,3511195,0.4917507799,0.4839490223,0.4844291305,140447800,0.0,1.0
06-02-2015,20.4,20.71,20.31,20.47,5263073,0.4897103202,0.4875498335,0.4913906987,210522920,0.0,1.0
09-02-2015,20.38,20.44,20.15,20.28,6849193,0.489230212,0.4837089682,0.4868296712,273967720,0.0,1.0
10-02-2015,20.95,20.96,20.31,20.4,5655113,0.5029132945,0.4875498335,0.4897103202,226204520,0.0,1.0
11-02-2015,20.81,21.0,20.67,21.0,8020778,0.4995525374,0.4961917803,0.5041135649,320831120,0.0,1.0
12-02-2015,22.3,22.5,21.87,22.0,16922588,0.5353205951,0.5249982697,0.5281189727,676903520,0.0,1.0
13-02-2015,22.31,22.34,21.91,22.25,7752149,0.5355606492,0.525958486,0.5341203247,310085960,0.0,1.0
17-02-2015,22.375,22.49,22.13,22.27,5083466,0.5371210007,0.5312396758,0.5346004329,203338640,0.0,1.0
18-02-2015,22.12,22.39,22.08,22.35,4273997,0.5309996217,0.5300394054,0.5365208655,170959880,0.0,1.0
19-02-2015,22.175,22.44,22.08,22.4,4235760,0.5323199191,0.5300394054,0.5377211359,169430400,0.0,1.0
20-02-2015,22.335,22.35,22.0,22.16,3943820,0.5361607844,0.5281189727,0.531959838,157752800,0.0,1.0
23-02-2015,22.16,22.33,22.05,22.33,3125918,0.531959838,0.5293192431,0.5360407573,125036720,0.0,1.0
24-02-2015,22.31,22.31,21.96,22.16,3733318,0.5376011089,0.5291672053,0.5339865788,149332720,0.085,1.0
25-02-2015,22.14,22.32,22.035,22.22,3095526,0.5335046414,0.5309744704,0.5354323908,123821040,0.0,1.0
26-02-2015,22.2,22.325,22.02,22.16,3821597,0.5349504535,0.5306130173,0.5339865788,152863880,0.0,1.0
27-02-2015,22.06,22.19,21.981,22.14,3937273,0.531576892,0.5296732395,0.5335046414,157490920,0.0,1.0
02-03-2015,22.595,22.72,21.971,22.0,7537781,0.544468716,0.5294322708,0.53013108,301511240,0.0,1.0
03-03-2015,22.18,22.54,22.11,22.43,4008638,0.5344685161,0.5327817354,0.5404927329,160345520,0.0,1.0
04-03-2015,22.43,22.48,22.01,22.1,5670997,0.5404927329,0.5303720487,0.5325407667,226839880,0.0,1.0
05-03-2015,22.86,22.9,22.37,22.43,8076425,0.5508543859,0.5390469209,0.5404927329,323057000,0.0,1.0
06-03-2015,22.55,22.84,22.525,22.73,6434807,0.543384357,0.5427819353,0.5477217931,257392280,0.0,1.0
09-03-2015,22.61,22.78,22.51,22.56,5559693,0.544830169,0.5424204823,0.5436253257,222387720,0.0,1.0
10-03-2015,22.995,23.149,22.67,22.71,13180267,0.5541074629,0.5462759811,0.5472398558,527210680,0.0,1.0
11-03-2015,22.88,23.3,22.815,23.0,6552965,0.5513363232,0.5497700268,0.5542279473,262118600,0.0,1.0
12-03-2015,22.67,22.83,22.24,22.66,10174260,0.5462759811,0.5359143281,0.5460350124,406970400,0.0,1.0
13-03-2015,22.7,22.76,22.25,22.56,8982188,0.5469988871,0.5361552968,0.5436253257,359287520,0.0,1.0
16-03-2015,22.97,23.11,22.73,22.88,5923864,0.5535050413,0.5477217931,0.5513363232,236954560,0.0,1.0
17-03-2015,23.25,23.26,22.76,22.92,7498556,0.5602521641,0.5484446991,0.5523001979,299942240,0.0,1.0
18-03-2015,22.87,23.37,22.66,23.25,10346084,0.5510953545,0.5460350124,0.5602521641,413843360,0.0,1.0
19-03-2015,23.215,23.3,22.78,22.95,7768859,0.5594087737,0.5489266365,0.5530231039,310754360,0.0,1.0
20-03-2015,23.47,23.605,23.19,23.41,11552119,0.5655534749,0.5588063521,0.5641076629,462084760,0.0,1.0
23-03-2015,22.71,23.07,22.7,22.77,10650277,0.5472398558,0.5469988871,0.5486856678,426011080,0.0,1.0
24-03-2015,22.4,22.8,22.3,22.64,8262025,0.5397698269,0.5373601402,0.5455530751,330481000,0.0,1.0
25-03-2015,21.04,22.39,20.97,22.39,13563840,0.5069980874,0.5053113067,0.5395288582,542553600,0.0,1.0
26-03-2015,20.965,21.055,20.46,20.61,7797997,0.5051908224,0.4930219044,0.4966364345,311919880,0.0,1.0
27-03-2015,21.38,21.46,20.75,21.09,7957152,0.5151910223,0.5000099959,0.5082029308,318286080,0.0,1.0
30-03-2015,21.47,21.58,21.2,21.48,6331256,0.5173597403,0.5108535862,0.517600709,253250240,0.0,1.0
31-03-2015,20.925,21.43,20.91,21.41,8931942,0.5042269477,0.5038654947,0.5159139283,357277680,0.0,1.0
01-04-2015,21.01,21.08,20.65,21.01,8269223,0.5062751814,0.4976003092,0.5062751814,330768920,0.0,1.0
02-04-2015,21.06,21.19,20.88,21.13,4805086,0.5074800248,0.5031425887,0.5091668055,192203440,0.0,1.0
06-04-2015,21.665,21.74,20.75,20.97,12896584,0.5220586295,0.5000099959,0.5053113067,515863360,0.0,1.0
07-04-2015,21.86,22.1,21.55,21.67,10349069,0.5267575186,0.5192874897,0.5221791138,413962760,0.0,1.0
08-04-2015,22.02,22.1,21.67,21.88,9160786,0.5306130173,0.5221791138,0.5272394559,366431440,0.0,1.0
09-04-2015,22.525,22.6,21.84,21.85,9485827,0.5427819353,0.5262755812,0.5265165499,379433080,0.0,1.0
10-04-2015,22.76,22.77,22.48,22.55,1506169,0.5484446991,0.5416975763,0.543384357,60246760,0.0,1.0
13-04-2015,22.55,22.83,22.45,22.71,1615751,0.543384357,0.5409746703,0.5472398558,64630040,0.0,1.0
14-04-2015,22.36,22.55,22.1438,22.46,5506852,0.5388059522,0.5335962095,0.5412156389,220274080,0.0,1.0
15-04-2015,22.63,22.795,22.31,22.42,6088960,0.5453121064,0.5376011089,0.5402517643,243558400,0.0,1.0
16-04-2015,22.49,22.69,22.33,22.5,3882058,0.541938545,0.5380830462,0.5421795136,155282320,0.0,1.0
17-04-2015,22.2,22.42,22.01,22.02,7340917,0.5349504535,0.5303720487,0.5306130173,293636680,0.0,1.0
20-04-2015,22.09,22.44,22.05,22.3,5790646,0.5322997981,0.5313359234,0.5373601402,231625840,0.0,1.0
21-04-2015,22.055,22.36,21.95,22.36,5761365,0.5314564077,0.5289262366,0.5388059522,230454600,0.0,1.0
22-04-2015,22.31,22.34,21.85,22.19,5185481,0.5376011089,0.5265165499,0.5347094848,207419240,0.0,1.0
23-04-2015,22.22,22.43,21.65,21.9,6484469,0.5354323908,0.5216971765,0.5277213933,259378760,0.0,1.0
24-04-2015,22.03,22.22,21.78,22.21,6023972,0.530853986,0.5248297692,0.5351914221,240958880,0.0,1.0
27-04-2015,22.2,22.58,21.91,22.1,1516141,0.5349504535,0.5279623619,0.5325407667,60645640,0.0,1.0
28-04-2015,22.305,22.385,21.95,22.16,1348284,0.5374806245,0.5289262366,0.5339865788,53931360,0.0,1.0
29-04-2015,22.14,22.37,22.05,22.15,4878919,0.5335046414,0.5313359234,0.5337456101,195156760,0.0,1.0
30-04-2015,22.195,22.305,21.98,22.03,5471083,0.5348299691,0.5296491427,0.530853986,218843320,0.0,1.0
01-05-2015,22.75,22.82,22.28,22.38,6424185,0.5482037305,0.5368782028,0.5392878896,256967400,0.0,1.0
04-05-2015,22.61,22.88,22.54,22.73,5018024,0.544830169,0.5431433883,0.5477217931,200720960,0.0,1.0
05-05-2015,22.03,22.56,21.93,22.53,7323195,0.530853986,0.5284442993,0.5429024197,292927800,0.0,1.0
06-05-2015,22.1,22.36,21.81,22.15,7912111,0.5325407667,0.5255526752,0.5337456101,316484440,0.0,1.0
07-05-2015,22.49,22.56,21.9401,22.01,13364077,0.541938545,0.5286876776,0.5303720487,534563080,0.0,1.0
08-05-2015,20.825,21.84,20.49,21.01,28663778,0.501817261,0.4937448104,0.5062751814,1146551120,0.0,1.0
11-05-2015,20.63,20.84,20.38,20.54,13603644,0.4971183718,0.491094155,0.4949496538,544145760,0.0,1.0
12-05-2015,20.83,21.0,20.47,20.48,9719994,0.5019377453,0.4932628731,0.4935038417,388799760,0.0,1.0
13-05-2015,20.95,21.14,20.75,20.98,7713070,0.5048293694,0.5000099959,0.5055522754,308522800,0.0,1.0
14-05-2015,21.29,21.4,20.96,21.01,7326280,0.5130223042,0.505070338,0.5062751814,293051200,0.0,1.0
15-05-2015,21.3,21.48,21.17,21.38,5395619,0.5132632729,0.5101306802,0.5151910223,215824760,0.0,1.0
18-05-2015,21.27,21.4,21.15,21.25,8124292,0.5125403669,0.5096487428,0.5120584295,324971680,0.0,1.0
19-05-2015,21.04,21.27,21.0,21.2,6345222,0.509347532,0.5083791907,0.5132208972,253808880,0.0975,1.0
20-05-2015,21.04,21.3,21.02,21.05,4920581,0.509347532,0.5088633613,0.5095896173,196823240,0.0,1.0
21-05-2015,20.89,21.14,20.87,21.05,5992250,0.505716252,0.5052320814,0.5095896173,239690000,0.0,1.0
22-05-2015,20.86,21.015,20.81,20.94,5315282,0.5049899961,0.5037795694,0.5069266787,212611280,0.0,1.0
26-05-2015,20.73,20.9,20.574,20.76,6493277,0.5018428868,0.4980663556,0.5025691428,259731080,0.0,1.0
27-05-2015,21.84,21.935,20.8,20.87,10808271,0.5287143583,0.5035374841,0.5052320814,432330840,0.0,1.0
28-05-2015,22.14,22.2139,21.8,21.84,8191431,0.5359769182,0.527746017,0.5287143583,327657240,0.0,1.0
29-05-2015,22.13,22.28,22.1,22.14,8379244,0.5357348328,0.5350085768,0.5359769182,335169760,0.0,1.0
01-06-2015,22.38,22.6001,22.13,22.27,9316504,0.541786966,0.5357348328,0.5391240274,372660160,0.0,1.0
02-06-2015,21.935,22.36,21.92,22.24,5607582,0.5310141689,0.5306510409,0.5383977714,224303280,0.0,1.0
03-06-2015,21.7,22.17,21.66,22.0,6269692,0.5253251637,0.5243568224,0.5325877235,250787680,0.0,1.0
04-06-2015,22.09,22.16,21.57,21.57,8092765,0.5347664915,0.5221780544,0.5221780544,323710600,0.0,1.0
05-06-2015,22.26,22.36,21.79,22.02,7833001,0.5388819421,0.5275039316,0.5330718942,313320040,0.0,1.0
08-06-2015,21.75,22.34,21.5,22.19,8570301,0.5265355903,0.5204834571,0.5371873448,342812040,0.0,1.0
09-06-2015,21.86,22.02,21.73,21.77,6422222,0.5291985289,0.5260514197,0.527019761,256888880,0.0,1.0
10-06-2015,21.47,21.74,21.35,21.6,13236526,0.5197572011,0.5168521772,0.5229043104,529461040,0.0,1.0
11-06-2015,21.7,21.85,21.47,21.47,7076296,0.5253251637,0.5197572011,0.5197572011,283051840,0.0,1.0
12-06-2015,21.11,21.69,21.06,21.56,8093164,0.5110421293,0.5098317026,0.5219359691,323726560,0.0,1.0
15-06-2015,21.07,21.165,20.84,21.0,7663673,0.510073788,0.5045058254,0.5083791907,306546920,0.0,1.0
16-06-2015,21.33,21.36,20.82,21.03,6422253,0.5163680065,0.5040216547,0.5091054466,256890120,0.0,1.0
17-06-2015,21.58,21.7,21.27,21.32,5838648,0.5224201397,0.5149154945,0.5161259212,233545920,0.0,1.0
18-06-2015,21.94,22.08,21.7,21.76,7485090,0.5311352116,0.5253251637,0.5267776757,299403600,0.0,1.0
19-06-2015,21.87,22.12,21.67,21.94,8891427,0.5294406143,0.5245989077,0.5311352116,355657080,0.0,1.0
22-06-2015,21.775,22.03,21.45,21.91,12855929,0.5271408036,0.5192730305,0.5304089556,514237160,0.0,1.0
23-06-2015,21.22,21.99,21.05,21.82,10351627,0.5137050679,0.5095896173,0.5282301876,414065080,0.0,1.0
24-06-2015,21.01,21.3,20.91,21.19,6334204,0.508621276,0.5062004227,0.5129788119,253368160,0.0,1.0
25-06-2015,21.17,21.3,21.01,21.01,8761548,0.5124946412,0.508621276,0.508621276,350461920,0.0,1.0
26-06-2015,20.74,21.17,20.65,21.0,10532373,0.5020849721,0.4999062041,0.5083791907,421294920,0.0,1.0
29-06-2015,20.12,20.71,20.09,20.5,9793096,0.4870756817,0.4863494257,0.4962749242,391723840,0.0,1.0
30-06-2015,20.11,20.33,19.97,20.24,7897857,0.4868335964,0.4834444018,0.4899807057,315914280,0.0,1.0
01-07-2015,20.4,20.9,20.22,20.61,7573001,0.4938540709,0.489496535,0.4989378628,302920040,0.0,1.0
02-07-2015,20.42,20.55,20.29,20.39,3644115,0.4943382416,0.4911911323,0.4936119856,145764600,0.0,1.0
06-07-2015,20.17,20.53,20.015,20.25,5369413,0.4882861084,0.4845337858,0.490222791,214776520,0.0,1.0
07-07-2015,19.79,20.13,19.16,20.05,14856327,0.4790868659,0.4638354901,0.4853810844,594253080,0.0,1.0
08-07-2015,19.65,19.8,19.49,19.68,8312287,0.4756976713,0.471824306,0.4764239272,332491480,0.0,1.0
09-07-2015,19.41,20.05,19.2901,19.96,8939745,0.4698876234,0.4669850203,0.4832023165,357589800,0.0,1.0
10-07-2015,19.75,19.93,19.61,19.66,5417717,0.4781185245,0.4747293299,0.4759397566,216708680,0.0,1.0
13-07-2015,19.88,19.9899,19.745,19.95,5311791,0.4812656338,0.4779974819,0.4829602311,212471640,0.0,1.0
14-07-2015,19.89,19.93,19.63,19.91,6230429,0.4815077192,0.4752135006,0.4819918898,249217160,0.0,1.0
15-07-2015,19.75,19.97,19.57,19.84,6643348,0.4781185245,0.4737609886,0.4802972925,265733920,0.0,1.0
16-07-2015,20.19,20.19,19.8,19.87,7072291,0.488770279,0.4793289512,0.4810235485,282891640,0.0,1.0
17-07-2015,20.07,20.14,19.8099,20.12,5509308,0.4858652551,0.4795686157,0.4870756817,220372320,0.0,1.0
20-07-2015,19.7,20.15,19.65,20.07,4710259,0.4769080979,0.4756976713,0.4858652551,188410360,0.0,1.0
21-07-2015,19.79,20.07,19.66,19.66,3743010,0.4790868659,0.4759397566,0.4759397566,149720400,0.0,1.0
22-07-2015,19.405,19.65,19.17,19.65,8911819,0.4697665807,0.4640775755,0.4756976713,356472760,0.0,1.0
23-07-2015,19.65,19.94,19.41,19.45,4247872,0.4756976713,0.4698876234,0.4708559647,169914880,0.0,1.0
24-07-2015,19.42,19.81,19.34,19.79,4721099,0.4701297087,0.4681930261,0.4790868659,188843960,0.0,1.0
27-07-2015,19.31,19.53,19.09,19.25,4810520,0.4674667701,0.4621408928,0.4660142581,192420800,0.0,1.0
28-07-2015,19.73,19.86,19.16,19.36,4957733,0.4776343539,0.4638354901,0.4686771967,198309320,0.0,1.0
29-07-2015,19.97,20.13,19.61,19.69,5817033,0.4834444018,0.4747293299,0.4766660126,232681320,0.0,1.0
30-07-2015,20.02,20.22,19.92,19.92,4754479,0.4846548284,0.4822339751,0.4822339751,190179160,0.0,1.0
31-07-2015,19.95,20.11,19.83,20.1,5459211,0.4829602311,0.4800552072,0.4865915111,218368440,0.0,1.0
03-08-2015,20.29,20.31,19.85,20.11,9928278,0.4911911323,0.4805393778,0.4868335964,397131120,0.0,1.0
04-08-2015,20.37,20.43,20.14,20.22,6502514,0.4931278149,0.4875598524,0.489496535,260100560,0.0,1.0
05-08-2015,20.58,20.89,20.535,20.87,5856288,0.4982116068,0.4971222229,0.5052320814,234251520,0.0,1.0
06-08-2015,20.45,20.68,20.11,20.53,16391890,0.4950644976,0.4868335964,0.4970011802,655675600,0.0,1.0
07-08-2015,22.98,23.37,21.88,22.46,35131171,0.5563120858,0.5296826996,0.5437236487,1405246840,0.0,1.0
10-08-2015,23.78,23.95,22.68,22.82,16557636,0.5756789121,0.5490495259,0.5524387205,662305440,0.0,1.0
11-08-2015,23.66,23.89,23.43,23.43,10875209,0.5727738881,0.5672059256,0.5672059256,435008360,0.0,1.0
12-08-2015,23.72,23.89,23.28,23.28,9602012,0.5742264001,0.5635746456,0.5635746456,384080480,0.0,1.0
13-08-2015,23.52,23.8,23.46,23.75,6922146,0.5693846935,0.5679321816,0.5749526561,276885840,0.0,1.0
14-08-2015,23.54,23.68,23.36,23.5,5366261,0.5698688642,0.5655113283,0.5689005229,214650440,0.0,1.0
17-08-2015,23.39,23.5,23.1,23.5,6846973,0.5662375843,0.5592171097,0.5689005229,273878920,0.0,1.0
18-08-2015,23.08,23.38,22.9,23.22,7177055,0.561093271,0.556717327,0.5644967831,287082200,0.0975,1.0
19-08-2015,22.99,23.305,22.74,23.05,6231842,0.558905299,0.5528275989,0.560363947,249273680,0.0,1.0
20-08-2015,22.16,22.84,22.05,22.73,10673329,0.5387273347,0.5360531467,0.5525844909,426933160,0.0,1.0
21-08-2015,21.47,22.37,21.45,22.0,9566639,0.5219528825,0.5214666665,0.5348376067,382665560,0.0,1.0
24-08-2015,20.71,21.83,20.0,20.27,17057073,0.5034766743,0.4862160061,0.4927799222,682282920,0.0,1.0
25-08-2015,20.28,21.7,20.28,21.62,15567110,0.4930230302,0.4930230302,0.5255995026,622684400,0.0,1.0
26-08-2015,21.81,21.83,20.78,20.94,15374439,0.5302185546,0.5051784303,0.5090681584,614977560,0.0,1.0
27-08-2015,22.63,22.64,21.91,22.04,11594083,0.5501534109,0.5326496347,0.5358100387,463763320,0.0,1.0
28-08-2015,22.73,22.87,22.465,22.62,8023632,0.5525844909,0.5461421288,0.5499103029,320945280,0.0,1.0
31-08-2015,22.48,22.78,22.385,22.63,5483810,0.5465067908,0.5441972648,0.5501534109,219352400,0.0,1.0
01-09-2015,21.56,22.2,21.4,21.83,8835220,0.5241408546,0.5202511265,0.5307047706,353408800,0.0,1.0
02-09-2015,22.21,22.22,21.78,22.13,8601065,0.5399428748,0.5294892306,0.5379980107,344042600,0.0,1.0
03-09-2015,22.27,22.65,22.23,22.54,6563938,0.5414015228,0.5404290908,0.5479654389,262557520,0.0,1.0
04-09-2015,21.75,22.24,21.74,21.89,7200245,0.5287599066,0.5285167986,0.5321634187,288009800,0.0,1.0
08-09-2015,22.68,22.77,22.192,22.28,5961218,0.5513689509,0.5395052804,0.5416446308,238448720,0.0,1.0
09-09-2015,22.23,22.94,22.18,22.75,7234849,0.5404290908,0.5392135507,0.5530707069,289393960,0.0,1.0
10-09-2015,22.58,22.86,21.995,22.1,8926896,0.5489378709,0.5347160527,0.5372686867,357075840,0.0,1.0
11-09-2015,22.65,22.8,22.235,22.33,7539608,0.5506396269,0.5405506448,0.5428601708,301584320,0.0,1.0
14-09-2015,22.69,22.83,22.5701,22.76,4811636,0.5516120589,0.5486971939,0.5533138149,192465440,0.0,1.0
15-09-2015,22.94,23.06,22.63,22.7,8199412,0.557689759,0.5501534109,0.5518551669,327976480,0.0,1.0
16-09-2015,23.1,23.23,22.725,22.9,4337684,0.561579487,0.5524629369,0.556717327,173507360,0.0,1.0
17-09-2015,23.31,23.71,23.26,23.5,6717769,0.5666847551,0.5654692151,0.5713038072,268710760,0.0,1.0
18-09-2015,23.29,23.49,22.85,22.99,8160255,0.5661985391,0.555501787,0.558905299,326410200,0.0,1.0
21-09-2015,23.53,23.58,23.2,23.32,7046616,0.5720331312,0.5640105671,0.5669278631,281864640,0.0,1.0
22-09-2015,22.89,23.18,22.765,23.02,5708923,0.556474219,0.5534353689,0.559634623,228356920,0.0,1.0
23-09-2015,23.0,23.14,22.8201,22.91,4040849,0.559148407,0.554774894,0.556960435,161633960,0.0,1.0
24-09-2015,23.44,23.68,22.5,22.86,9561031,0.5698451591,0.5469930068,0.555744895,382441240,0.0,1.0
25-09-2015,23.61,24.07,23.38,23.73,9242268,0.5739779952,0.5683865111,0.5768952912,369690720,0.0,1.0
28-09-2015,23.3,23.755,23.15,23.61,9698094,0.5664416471,0.562795027,0.5739779952,387923760,0.0,1.0
29-09-2015,23.71,23.75,23.22,23.55,9518373,0.5764090752,0.5644967831,0.5725193472,380734920,0.0,1.0
30-09-2015,24.64,24.68,23.79,23.93,13712983,0.5990181195,0.5783539392,0.5817574513,548519320,0.0,1.0
01-10-2015,24.17,24.72,23.47,24.65,12232427,0.5875920434,0.5705744831,0.5992612275,489297080,0.0,1.0
02-10-2015,24.8,24.8006,23.79,24.04,9653639,0.6029078475,0.5783539392,0.5844316393,386145560,0.0,1.0
05-10-2015,25.42,25.73,24.83,24.96,12050571,0.6179805437,0.6036371716,0.6067975756,482022840,0.0,1.0
06-10-2015,25.75,25.86,25.05,25.15,11360526,0.6260031078,0.6089855476,0.6114166277,454421040,0.0,1.0
07-10-2015,26.02,26.28,25.39,25.81,7753799,0.6325670239,0.6172512197,0.6274617559,310151960,0.0,1.0
08-10-2015,26.17,26.2399,25.47,25.91,11501741,0.636213644,0.6191960837,0.6298928359,460069640,0.0,1.0
09-10-2015,26.07,26.28,25.58,26.03,10581210,0.6337825639,0.6218702718,0.6328101319,423248400,0.0,1.0
12-10-2015,26.35,26.5,25.905,26.1,5689727,0.640589588,0.6297712819,0.6345118879,227589080,0.0,1.0
13-10-2015,26.4,26.555,26.05,26.14,7461071,0.641805128,0.6332963479,0.63548432,298442840,0.0,1.0
14-10-2015,27.36,27.785,26.4,26.43,15304756,0.6651434963,0.641805128,0.642534452,612190240,0.0,1.0
15-10-2015,27.43,27.99,27.13,27.41,13151151,0.6668452523,0.6595520123,0.6663590363,526046040,0.0,1.0
16-10-2015,27.86,28.12,27.45,27.52,11209897,0.6772988965,0.6673314684,0.6690332244,448395880,0.0,1.0
19-10-2015,27.81,28.075,27.49,27.95,7367780,0.6760833565,0.6683039004,0.6794868685,294711200,0.0,1.0
20-10-2015,27.77,27.9,27.48,27.69,6620614,0.6751109244,0.6680607924,0.6731660604,264824560,0.0,1.0
21-10-2015,27.41,28.11,27.36,27.94,9667049,0.6663590363,0.6651434963,0.6792437605,386681960,0.0,1.0
22-10-2015,28.4,28.49,27.69,27.73,7672091,0.6904267286,0.6731660604,0.6741384924,306883640,0.0,1.0
23-10-2015,28.59,28.78,28.22,28.65,9544357,0.6950457807,0.6860507846,0.6965044287,381774280,0.0,1.0
26-10-2015,28.46,28.68,28.2,28.61,6185935,0.6918853767,0.6855645686,0.6955319967,247437400,0.0,1.0
27-10-2015,28.44,28.6175,28.3,28.32,5206678,0.6913991607,0.6879956486,0.6884818646,208267120,0.0,1.0
28-10-2015,28.67,28.67,28.2,28.62,5425852,0.6969906447,0.6855645686,0.6957751047,217034080,0.0,1.0
29-10-2015,27.68,28.5,27.63,28.21,8179177,0.6729229524,0.6717074124,0.6858076766,327167080,0.0,1.0
30-10-2015,28.37,28.57,27.77,27.98,7528965,0.6896974046,0.6751109244,0.6802161925,301158600,0.0,1.0
02-11-2015,28.7,28.73,28.29,28.46,4752197,0.6977199687,0.6877525406,0.6918853767,190087880,0.0,1.0
03-11-2015,28.5,28.69,28.18,28.53,9419230,0.6928578087,0.6850783526,0.6935871327,376769200,0.0,1.0
04-11-2015,28.03,28.63,27.9,28.42,11056571,0.6814317325,0.6782713285,0.6909129446,442262840,0.0,1.0
05-11-2015,27.71,28.245,27.63,28.17,11969974,0.6736522764,0.6717074124,0.6848352446,478798960,0.0,1.0
06-11-2015,31.55,31.94,29.82,30.45,29306777,0.7670057496,0.7249480651,0.7402638693,1172271080,0.0,1.0
09-11-2015,31.41,31.5,30.97,31.24,12314225,0.7636022376,0.7529054854,0.7594694015,492569000,0.0,1.0
10-11-2015,30.81,31.17,30.1501,31.0,13806497,0.7490157574,0.7329730603,0.7536348094,552259880,0.0,1.0
11-11-2015,30.51,31.05,30.4,30.83,15503157,0.7417225173,0.7390483293,0.7495019734,620126280,0.0,1.0
12-11-2015,30.4,30.72,30.27,30.44,7277017,0.7390483293,0.7358879252,0.7400207613,291080680,0.0,1.0
13-11-2015,29.8,30.56,29.65,30.43,7323501,0.7244618491,0.720815229,0.7397776533,292940040,0.0,1.0
16-11-2015,30.4,30.42,29.95,30.19,8607008,0.7390483293,0.7281084691,0.7339430612,344280320,0.0,1.0
17-11-2015,30.4,30.66,30.2735,30.48,6426163,0.7390483293,0.735973013,0.7409931933,257046520,0.0,1.0
18-11-2015,31.03,31.07,30.075,30.41,8755358,0.7571598755,0.7338570176,0.7420313185,350214320,0.115,1.0
19-11-2015,31.12,31.43,30.8899,31.14,6351803,0.7593559563,0.7537413096,0.7598439743,254072120,0.0,1.0
20-11-2015,31.39,31.57,31.16,31.35,5993587,0.7659441989,0.7603319923,0.7649681629,239743480,0.0,1.0
23-11-2015,30.92,31.65,30.805,31.65,6063751,0.7544757767,0.7516696734,0.7722884324,242550040,0.0,1.0
24-11-2015,31.17,31.44,30.78,30.92,4885692,0.7605760012,0.7510596509,0.7544757767,195427680,0.0,1.0
25-11-2015,31.13,31.48,31.02,31.11,3457476,0.7595999653,0.7569158665,0.7591119473,138299040,0.0,1.0
27-11-2015,31.39,31.49,31.03,31.19,2175202,0.7659441989,0.7571598755,0.7610640192,87008080,0.0,1.0
30-11-2015,31.72,31.86,31.39,31.42,8181080,0.7739964953,0.7659441989,0.7666762258,327243200,0.0,1.0
01-12-2015,32.75,32.78,31.97,32.0,10237433,0.7991294206,0.7800967199,0.7808287469,409497320,0.0,1.0
02-12-2015,32.5,33.14,32.43,32.8,7356004,0.793029196,0.7913211332,0.8003494655,294240160,0.0,1.0
03-12-2015,32.43,33.1,32.27,32.76,6166405,0.7913211332,0.7874169894,0.7993734296,246656200,0.0,1.0
04-12-2015,33.75,33.81,32.43,32.43,11468924,0.823530319,0.7913211332,0.7913211332,458756960,0.0,1.0
07-12-2015,33.11,33.74,33.01,33.74,8339679,0.807913744,0.8054736542,0.82328631,333587160,0.0,1.0
08-12-2015,33.56,33.7,32.49,32.7,7862233,0.8188941483,0.7927851871,0.7979093757,314489320,0.0,1.0
09-12-2015,32.71,33.75,32.37,33.55,9316871,0.7981533847,0.7898570793,0.8186501393,372674840,0.0,1.0
10-12-2015,32.98,33.16,32.7,32.81,5914923,0.8047416272,0.7979093757,0.8005934745,236596920,0.0,1.0
11-12-2015,32.49,32.88,32.42,32.65,5683038,0.7927851871,0.7910771242,0.7966893308,227321520,0.0,1.0
14-12-2015,32.57,32.75,32.18,32.52,6908645,0.7947372589,0.7852209086,0.793517214,276345800,0.0,1.0
15-12-2015,32.97,33.2,32.76,32.94,7682354,0.8044976183,0.7993734296,0.8037655913,307294160,0.0,1.0
16-12-2015,33.17,33.28,32.75,33.04,5908874,0.8093777979,0.7991294206,0.8062056811,236354960,0.0,1.0
17-12-2015,32.67,33.56,32.65,33.22,6354044,0.7971773488,0.7966893308,0.8105978428,254161760,0.0,1.0
18-12-2015,32.14,32.77,32.1,32.44,9897424,0.7842448726,0.7832688367,0.7915651421,395896960,0.0,1.0
21-12-2015,32.895,32.93,32.2,32.49,7105373,0.8026675509,0.7857089265,0.7927851871,284214920,0.0,1.0
22-12-2015,32.93,33.26,32.73,33.0,3250269,0.8035215823,0.7986414027,0.8052296452,130010760,0.0,1.0
23-12-2015,33.055,33.185,32.92,32.98,3063139,0.8065716946,0.8032775733,0.8047416272,122525560,0.0,1.0
24-12-2015,33.17,33.25,32.91,32.96,1311231,0.8093777979,0.8030335644,0.8042536093,52449240,0.0,1.0
28-12-2015,33.14,33.14,32.36,32.82,3550703,0.808645771,0.7896130703,0.8008374835,142028120,0.0,1.0
29-12-2015,33.68,33.78,33.07,33.16,5091512,0.8218222561,0.8069377081,0.8091337889,203660480,0.0,1.0
30-12-2015,33.39,33.94,33.38,33.65,4508570,0.8147459956,0.8145019866,0.8210902291,180342800,0.0,1.0
31-12-2015,32.96,33.49,32.96,33.34,3713202,0.8042536093,0.8042536093,0.8135259506,148528080,0.0,1.0
04-01-2016,32.37,32.58,32.04,32.29,8951907,0.7898570793,0.7818047828,0.7879050074,358076280,0.0,1.0
05-01-2016,32.89,33.44,32.5,32.98,12256814,0.8025455464,0.793029196,0.8047416272,490272560,0.0,1.0
06-01-2016,31.53,32.5,31.16,32.35,11233604,0.7693603246,0.7603319923,0.7893690613,449344160,0.0,1.0
07-01-2016,30.28,30.953,29.88,30.74,16132575,0.7388592017,0.7290988424,0.750083615,645303000,0.0,1.0
08-01-2016,29.63,30.7,29.565,30.67,9961782,0.7229986178,0.7214125594,0.7483755521,398471280,0.0,1.0
11-01-2016,29.68,29.89,29.15,29.66,10235095,0.7242186627,0.7112861866,0.7237306448,409403800,0.0,1.0
12-01-2016,30.18,30.62,29.97,30.21,11733893,0.7364191119,0.7312949232,0.7371511388,469355720,0.0,1.0
13-01-2016,29.26,30.61,29.23,30.41,12041762,0.7139702854,0.7132382585,0.7420313185,481670480,0.0,1.0
14-01-2016,28.67,29.0,27.82,28.66,15005864,0.6995737554,0.6788329918,0.6993297464,600234560,0.0,1.0
15-01-2016,27.11,27.85,26.64,27.52,21036303,0.661508354,0.6500399318,0.6715127223,841452120,0.0,1.0
19-01-2016,27.33,28.45,27.215,27.67,11428537,0.6668765516,0.6640704483,0.6751728571,457141480,0.0,1.0
20-01-2016,27.48,27.83,26.45,26.81,12029457,0.6705366864,0.6454037611,0.6541880845,481178280,0.0,1.0
21-01-2016,27.8,28.23,27.21,27.78,12036422,0.6783449738,0.6639484438,0.6778569559,481456880,0.0,1.0
22-01-2016,28.45,28.64,28.27,28.33,6450312,0.6942055578,0.6898133961,0.69127745,258012480,0.0,1.0
25-01-2016,28.42,28.765,28.355,28.44,6768203,0.6934735308,0.6918874724,0.6939615488,270728120,0.0,1.0
26-01-2016,28.7,28.82,28.185,28.48,5699182,0.7003057823,0.6877393197,0.6949375847,227967280,0.0,1.0
27-01-2016,28.36,28.745,27.815,28.66,5792528,0.6920094769,0.6787109873,0.6993297464,231701120,0.0,1.0
28-01-2016,28.05,28.69,27.5,28.59,6919451,0.6844451984,0.6710247043,0.6976216835,276778040,0.0,1.0
29-01-2016,29.29,29.345,28.18,28.29,7762622,0.7147023124,0.6876173152,0.690301414,310504880,0.0,1.0
01-02-2016,29.3,29.45,29.01,29.26,7247099,0.7149463213,0.7078700608,0.7139702854,289883960,0.0,1.0
02-02-2016,28.06,29.15,27.86,29.0,8547710,0.6846892074,0.6798090277,0.7076260518,341908400,0.0,1.0
03-02-2016,28.2,28.45,27.55,28.28,8169351,0.6881053332,0.6722447493,0.690057405,326774040,0.0,1.0
04-02-2016,28.21,28.85,27.93,28.24,8703450,0.6883493422,0.6815170906,0.6890813691,348138000,0.0,1.0
05-02-2016,26.43,28.33,26.35,28.02,15010685,0.6449157431,0.6429636712,0.6837131715,600427400,0.0,1.0
08-02-2016,25.22,26.16,24.85,26.03,15221320,0.6153906561,0.6063623237,0.6351553838,608852800,0.0,1.0
09-02-2016,25.49,26.55,24.8,24.92,10634314,0.6219788987,0.6051422788,0.6080703866,425372560,0.0,1.0
10-02-2016,25.43,26.39,25.29,25.65,8394980,0.6205148448,0.617098719,0.6258830424,335799200,0.0,1.0
11-02-2016,25.3,25.56,24.78,24.78,8503635,0.617342728,0.6046542609,0.6046542609,340145400,0.0,1.0
12-02-2016,25.73,25.78,24.75,25.7,8520367,0.6278351143,0.6039222339,0.6271030873,340814680,0.0,1.0
16-02-2016,26.99,27.03,26.02,26.1,12133795,0.6585802462,0.6349113748,0.6368634467,485351800,0.0,1.0
17-02-2016,27.66,27.92,27.22,27.33,19286666,0.6749288481,0.6641924528,0.6668765516,771466640,0.0,1.0
18-02-2016,30.04,30.975,29.9,29.93,26716489,0.7330029861,0.7295868604,0.7303188873,1068659560,0.0,1.0
19-02-2016,30.44,30.71,29.65,29.88,13140732,0.7427633455,0.7234866358,0.7290988424,525629280,0.0,1.0
22-02-2016,31.52,31.87,30.82,30.88,11241697,0.7691163157,0.7520356868,0.7534997407,449667880,0.0,1.0
23-02-2016,31.6,31.9,31.12,31.27,9234450,0.7710683875,0.7593559563,0.7630160911,369378000,0.0,1.0
24-02-2016,31.82,31.8679,30.6,31.47,8421336,0.7764365852,0.7466674892,0.7678962707,336853440,0.0,1.0
25-02-2016,31.89,32.05,31.32,31.94,8740367,0.778144648,0.764236136,0.779364693,349614680,0.0,1.0
26-02-2016,31.68,32.1162,31.36,32.04,9049073,0.7730204594,0.7652121719,0.7818047828,361962920,0.0,1.0
29-02-2016,31.36,32.02,31.34,31.61,8083618,0.7680182752,0.7675284677,0.7741408699,323344720,0.115,1.0
01-03-2016,32.75,32.75,31.39,31.44,8717512,0.8020599016,0.7687529866,0.7699775055,348700480,0.0,1.0
02-03-2016,32.94,33.06,32.51,32.57,5845933,0.8067130735,0.7961822107,0.7976516334,233837320,0.0,1.0
03-03-2016,32.65,33.04,32.21,32.9,7550088,0.7996108637,0.7888350971,0.8057334584,302003520,0.0,1.0
04-03-2016,32.55,32.93,32.3,32.9,4382634,0.7971618259,0.7910392312,0.8057334584,175305360,0.0,1.0
07-03-2016,32.34,32.59,31.915,32.37,6005495,0.7920188463,0.7816104354,0.7927535577,240219800,0.0,1.0
08-03-2016,31.75,32.2,31.645,32.01,6644011,0.7775695229,0.7749980332,0.7839370214,265760440,0.0,1.0
09-03-2016,31.73,32.075,31.32,32.03,5569737,0.7770797153,0.7670386601,0.7844268289,222789480,0.0,1.0
10-03-2016,31.68,32.1,31.04,31.92,7152137,0.7758551964,0.7601813541,0.7817328873,286085480,0.0,1.0
11-03-2016,32.22,32.23,31.77,32.15,6934986,0.7890800009,0.7780593305,0.7873656744,277399440,0.0,1.0
14-03-2016,32.3,32.43,31.92,32.07,4757868,0.7910392312,0.7817328873,0.7854064441,190314720,0.0,1.0
15-03-2016,32.14,32.34,31.57,32.13,5655420,0.7871207706,0.7731612548,0.7868758668,226216800,0.0,1.0
16-03-2016,33.1,33.21,31.75,31.9,9091068,0.8106315341,0.7775695229,0.7812430797,363642720,0.0,1.0
17-03-2016,32.82,33.14,32.3739,32.98,8841959,0.8037742281,0.7928490702,0.8076926887,353678360,0.0,1.0
18-03-2016,33.81,34.25,33.0,33.21,13637802,0.828019703,0.8081824963,0.8133254758,545512080,0.0,1.0
21-03-2016,33.91,33.92,33.15,33.51,8444539,0.8304687409,0.8118560531,0.8206725894,337781560,0.0,1.0
22-03-2016,33.85,34.085,33.43,33.8,6050266,0.8289993181,0.8187133591,0.8277747992,242010640,0.0,1.0
23-03-2016,34.43,34.68,33.85,34.0,10725171,0.8432037378,0.8289993181,0.8326728749,429006840,0.0,1.0
24-03-2016,34.48,34.54,34.01,34.12,6123854,0.8444282567,0.8329177787,0.8356117204,244954160,0.0,1.0
28-03-2016,34.83,34.98,34.38,34.42,6634700,0.8529998892,0.8419792188,0.842958834,265388000,0.0,1.0
29-03-2016,35.39,35.47,34.6,34.68,6545266,0.8667145013,0.8473671021,0.8493263324,261810640,0.0,1.0
30-03-2016,35.76,36.25,35.5,35.52,9417474,0.8757759414,0.869408443,0.8698982505,376698960,0.0,1.0
31-03-2016,35.63,36.0,35.35,35.92,9497052,0.8725921922,0.8657348861,0.879694402,379882080,0.0,1.0
01-04-2016,36.15,36.17,35.14,35.41,8707319,0.8853271891,0.8605919066,0.8672043089,348292760,0.0,1.0
04-04-2016,35.8,36.64,35.66,36.45,9848551,0.8767555566,0.8733269035,0.8926743027,393942040,0.0,1.0
05-04-2016,35.75,36.08,35.34,35.48,8489215,0.8755310376,0.8654899824,0.8689186354,339568600,0.0,1.0
06-04-2016,35.8,35.82,34.63,35.3,11334379,0.8767555566,0.8481018135,0.8645103672,453375160,0.0,1.0
07-04-2016,35.43,35.89,35.28,35.57,9452644,0.8676941164,0.8640205596,0.8711227695,378105760,0.0,1.0
08-04-2016,35.66,35.95,35.305,35.72,6398373,0.8733269035,0.8646328191,0.8747963263,255934920,0.0,1.0
11-04-2016,35.88,36.47,35.76,35.87,9688098,0.8787147868,0.8757759414,0.8784698831,387523920,0.0,1.0
12-04-2016,35.84,36.05,35.14,36.0,7319077,0.8777351717,0.8605919066,0.8816536323,292763080,0.0,1.0
13-04-2016,36.74,36.75,36.0,36.0,8767861,0.8997765125,0.8816536323,0.8816536323,350714440,0.0,1.0
14-04-2016,36.84,37.0,36.49,36.64,10414131,0.9022255504,0.8936539178,0.8973274746,416565240,0.0,1.0
15-04-2016,37.13,37.46,36.712,36.83,10924273,0.9093277602,0.8990907819,0.9019806466,436970920,0.0,1.0
18-04-2016,36.97,37.06,36.61,37.06,7683044,0.9054092996,0.8965927633,0.9076134337,307321760,0.0,1.0
19-04-2016,36.31,37.18,36.08,37.11,7728777,0.8892456497,0.8836128626,0.9088379526,309151080,0.0,1.0
20-04-2016,36.45,36.67,36.21,36.25,5004434,0.8926743027,0.8867966118,0.887776227,200177360,0.0,1.0
21-04-2016,36.41,36.63,36.25,36.46,4456989,0.8916946875,0.887776227,0.8929192065,178279560,0.0,1.0
22-04-2016,36.27,36.78,36.145,36.53,5588539,0.8882660345,0.8852047372,0.894633533,223541560,0.0,1.0
25-04-2016,36.45,36.65,36.18,36.28,4799765,0.8926743027,0.8860619004,0.8885109383,191990600,0.0,1.0
26-04-2016,36.48,37.09,36.32,36.67,5363364,0.8934090141,0.8894905535,0.898062186,214534560,0.0,1.0
27-04-2016,37.31,37.33,36.323,36.39,8809858,0.9137360284,0.8895640246,0.89120488,352394320,0.0,1.0
28-04-2016,36.2,37.3,36.11,37.08,9530551,0.886551708,0.8843475739,0.9081032413,381222040,0.0,1.0
29-04-2016,35.53,36.13,35.14,36.05,8047562,0.8701431543,0.8605919066,0.8828781512,321902480,0.0,1.0
02-05-2016,36.0,36.22,35.7,35.87,6401920,0.8816536323,0.8743065187,0.8784698831,256076800,0.0,1.0
03-05-2016,35.57,35.74,35.261,35.59,5600585,0.8711227695,0.8635552424,0.871612577,224023400,0.0,1.0
04-05-2016,34.76,35.17,34.4,35.14,13144065,0.8512855627,0.8424690264,0.8605919066,525762600,0.0,1.0
05-05-2016,34.97,35.38,34.71,35.05,6172113,0.8564285423,0.8500610438,0.8583877725,246884520,0.0,1.0
06-05-2016,35.33,35.425,34.84,34.91,4581000,0.8652450786,0.853244793,0.8549591195,183240000,0.0,1.0
09-05-2016,35.28,35.57,34.99,35.42,8333411,0.8640205596,0.8569183498,0.8674492127,333336440,0.0,1.0
10-05-2016,35.96,36.02,35.16,35.5,6741929,0.8806740171,0.8610817142,0.869408443,269677160,0.0,1.0
11-05-2016,36.06,36.46,35.87,36.07,8204441,0.883123055,0.8784698831,0.8833679588,328177640,0.0,1.0
12-05-2016,35.57,36.48,34.93,36.32,16763533,0.8711227695,0.8554489271,0.8894905535,670541320,0.0,1.0
13-05-2016,40.98,41.0,39.0,39.19,52756404,1.0036157181,0.9551247683,0.9597779403,2110256160,0.0,1.0
16-05-2016,42.19,42.8,40.54,40.67,24325757,1.0332490763,0.9928399515,0.9960237007,973030280,0.0,1.0
17-05-2016,42.28,42.58,41.4601,42.0,15709762,1.0354532104,1.0153735489,1.0285959043,628390480,0.0,1.0
18-05-2016,43.36,43.85,42.0,42.0,13526797,1.0619028193,1.0285959043,1.0285959043,541071880,0.0,1.0
19-05-2016,43.55,43.8586,43.13,43.19,9971981,1.0665559913,1.0562700322,1.057739455,398879240,0.0,1.0
20-05-2016,44.33,44.51,43.75,43.82,9777090,1.0856584866,1.071454067,1.0731683935,391083600,0.0,1.0
23-05-2016,44.4,44.69,44.13,44.52,10340877,1.0873728132,1.0807604109,1.0903116586,413635080,0.0,1.0
24-05-2016,45.36,45.5,44.3,44.42,10394721,1.1136999702,1.0876743536,1.0906206499,415788840,0.115,1.0
25-05-2016,45.17,45.69,44.81,45.5,11469411,1.1090350012,1.1001961126,1.1171373158,458776440,0.0,1.0
26-05-2016,45.65,45.98,45.12,45.25,7749081,1.1208201861,1.1078073778,1.1109991987,309963240,0.0,1.0
27-05-2016,45.9,45.97,45.55,45.7,6935389,1.1269583032,1.1183649392,1.1220478095,277415560,0.0,1.0
31-05-2016,46.72,46.815,46.07,46.1,10313131,1.1470913274,1.1311322229,1.1318687969,412525240,0.0,1.0
01-06-2016,46.81,47.26,46.36,46.5,9678267,1.1493010495,1.1382524387,1.1416897843,387130680,0.0,1.0
02-06-2016,47.14,47.54,46.6,47.06,8230202,1.1574033641,1.1441450311,1.1554391666,329208080,0.0,1.0
03-06-2016,46.48,46.74,45.66,46.68,11526864,1.1411987349,1.1210657108,1.1461092286,461074560,0.0,1.0
06-06-2016,46.24,46.96,46.0,46.6,8062841,1.1353061425,1.1294135501,1.1441450311,322513640,0.0,1.0
07-06-2016,46.33,46.78,46.31,46.52,4835017,1.1375158647,1.1370248153,1.1421808337,193400680,0.0,1.0
08-06-2016,46.18,46.51,45.8,46.34,5865431,1.1338329944,1.1245030564,1.1377613893,234617240,0.0,1.0
09-06-2016,47.38,47.45,45.92,46.02,11804167,1.1632959566,1.1274493526,1.1299045994,472166680,0.0,1.0
10-06-2016,46.2,47.24,46.14,46.82,10000592,1.1343240438,1.1328508956,1.1495465742,400023680,0.0,1.0
13-06-2016,46.79,47.6986,46.25,46.25,11889674,1.1488100002,1.1355516672,1.1355516672,475586960,0.0,1.0
14-06-2016,46.88,47.1,46.155,46.68,7458639,1.1510197223,1.1332191827,1.1461092286,298345560,0.0,1.0
15-06-2016,47.36,47.77,46.75,47.27,7525868,1.1628049072,1.1478279014,1.160595185,301034720,0.0,1.0
16-06-2016,47.55,47.63,46.551,47.01,6161428,1.1674698762,1.1429419602,1.1542115432,246457120,0.0,1.0
17-06-2016,46.72,47.62,46.53,47.61,11775048,1.1470913274,1.1424263584,1.1689430243,471001920,0.0,1.0
20-06-2016,47.56,48.17,47.44,47.47,7344230,1.1677154009,1.1647691047,1.1655056787,293769200,0.0,1.0
21-06-2016,47.27,47.89,47.2,47.76,5312661,1.160595185,1.1588765122,1.1726258946,212506440,0.0,1.0
22-06-2016,47.23,47.68,47.15,47.37,5065516,1.1596130863,1.1576488888,1.1630504319,202620640,0.0,1.0
23-06-2016,48.49,48.54,47.65,47.68,7446994,1.1905491966,1.169925123,1.1706616971,297879760,0.0,1.0
24-06-2016,45.73,47.36,45.3,46.5,25442111,1.1227843836,1.1122268221,1.1416897843,1017684440,0.0,1.0
27-06-2016,45.24,45.7,44.57,45.35,11258487,1.110753674,1.0943035201,1.1134544455,450339480,0.0,1.0
28-06-2016,45.9,46.1499,45.27,46.1,9547980,1.1269583032,1.1114902481,1.1318687969,381919200,0.0,1.0
29-06-2016,46.65,47.01,46.18,46.3,7973264,1.1453726546,1.1338329944,1.1367792906,318930560,0.0,1.0
30-06-2016,47.01,47.3,46.35,46.73,10773475,1.1542115432,1.138006914,1.147336852,430939000,0.0,1.0
01-07-2016,46.66,47.36,46.5,46.75,5462198,1.1456181793,1.1416897843,1.1478279014,218487920,0.0,1.0
05-07-2016,47.35,47.43,46.03,46.4,9277061,1.1625593825,1.1301501241,1.1392345374,371082440,0.0,1.0
06-07-2016,47.65,47.925,46.78,47.02,6827594,1.169925123,1.1485644755,1.1544570679,273103760,0.0,1.0
07-07-2016,48.89,49.06,47.75,47.97,9884992,1.200370184,1.1723803699,1.177781913,395399680,0.0,1.0
08-07-2016,50.85,51.091,49.22,49.41,12048273,1.2484930222,1.2084724986,1.2131374676,481930920,0.0,1.0
11-07-2016,52.02,52.4,51.52,51.58,11219437,1.2772194103,1.2649431761,1.2664163242,448777480,0.0,1.0
12-07-2016,52.8,53.28,51.94,52.6,10919045,1.2963703357,1.2752552128,1.291459842,436761800,0.0,1.0
13-07-2016,52.78,53.2,52.7,52.9,8115130,1.2958792863,1.2939150889,1.2988255826,324605200,0.0,1.0
14-07-2016,53.32,53.8,52.62,53.06,7922283,1.3091376193,1.2919508914,1.3027539775,316891320,0.0,1.0
15-07-2016,52.7,52.935,51.841,52.64,10715357,1.2939150889,1.2728245184,1.2924419408,428614280,0.0,1.0
18-07-2016,52.97,53.43,52.77,53.35,6324838,1.3005442554,1.2956337617,1.3098741934,252993520,0.0,1.0
19-07-2016,53.52,53.7293,52.84,52.94,9566250,1.314048113,1.2973524345,1.2998076813,382650000,0.0,1.0
20-07-2016,54.22,54.505,53.48,53.7,7411502,1.331234841,1.3130660143,1.3184675574,296460080,0.0,1.0
21-07-2016,53.22,54.27,53.04,54.1,9032697,1.3066823725,1.3022629282,1.3282885447,361307880,0.0,1.0
22-07-2016,54.67,54.67,53.02,53.41,7894165,1.3422834518,1.3017718788,1.3113473415,315766600,0.0,1.0
25-07-2016,55.68,55.81,54.76,55.0,7813211,1.3670814449,1.3444931739,1.3503857664,312528440,0.0,1.0
26-07-2016,56.63,56.92,56.09,56.17,12862739,1.39040629,1.377147957,1.3791121545,514509560,0.0,1.0
27-07-2016,56.06,57.22,55.72,57.12,11166886,1.376411383,1.3680635437,1.4024369996,446675440,0.0,1.0
28-07-2016,56.18,56.6,56.0137,56.19,5547934,1.3793576792,1.3752746037,1.3796032039,221917360,0.0,1.0
29-07-2016,57.1,57.25,55.38,56.39,10239664,1.4019459502,1.3597157044,1.3845136976,409586560,0.0,1.0
01-08-2016,56.73,57.55,56.36,57.34,7527970,1.3928615368,1.3837771235,1.4078385426,301118800,0.0,1.0
02-08-2016,56.04,57.03,55.5,57.0,7068720,1.3759203336,1.3626620006,1.3994907033,282748800,0.0,1.0
03-08-2016,56.19,56.3,55.66,55.97,7495709,1.3796032039,1.3665903956,1.3742016608,299828360,0.0,1.0
04-08-2016,57.23,57.49,56.35,56.46,6817803,1.4051377711,1.3835315988,1.3862323704,272712120,0.0,1.0
05-08-2016,58.2,58.23,57.61,57.89,9289735,1.4289536655,1.4144677091,1.4213424003,371589400,0.0,1.0
08-08-2016,58.74,59.14,58.12,59.0,7626603,1.4422119985,1.426989468,1.4485956403,305064120,0.0,1.0
09-08-2016,58.89,59.46,58.74,59.03,9308559,1.4458948688,1.4422119985,1.4493322143,372342360,0.0,1.0
10-08-2016,58.51,59.5,58.3237,59.41,9393453,1.4365649307,1.4319908059,1.4586621524,375738120,0.0,1.0
11-08-2016,59.7,59.95,58.7,58.82,17026556,1.4657823682,1.4412298997,1.444176196,681062240,0.0,1.0
12-08-2016,63.04,63.38,60.63,61.9,35643642,1.5477876129,1.4886161639,1.5197977989,1425745680,0.0,1.0
15-08-2016,62.98,63.4964,62.1302,63.11,14332617,1.5463144648,1.5254497771,1.5495062857,573304680,0.0,1.0
16-08-2016,62.6,62.99,62.41,62.89,7191345,1.5369845268,1.5323195578,1.5441047427,287653800,0.0,1.0
17-08-2016,61.15,62.74,60.655,62.6,14880304,1.5013834475,1.4892299756,1.5369845268,595212160,0.0,1.0
18-08-2016,62.1,62.2,60.82,61.06,8292095,1.5247082926,1.4932811329,1.4991737254,331683800,0.0,1.0
19-08-2016,62.26,62.73,61.8,62.07,7288978,1.5286366875,1.517342552,1.5239717185,291559120,0.0,1.0
22-08-2016,62.52,62.612,61.711,62.45,6118683,1.5350203293,1.5151573823,1.5333016565,244747320,0.0,1.0
23-08-2016,62.91,63.32,62.73,63.04,8494058,1.5474193259,1.5429918028,1.5506169815,339762320,0.115,1.0
24-08-2016,61.94,63.16,61.65,63.13,7461244,1.5235598958,1.5164266642,1.5528307431,298449760,0.0,1.0
25-08-2016,61.53,61.99,60.76,61.96,10150783,1.5134749821,1.4945350221,1.5240518429,406031320,0.0,1.0
26-08-2016,62.03,62.38,61.2,61.69,7500624,1.5257736574,1.5053578564,1.5174105582,300024960,0.0,1.0
29-08-2016,61.99,62.53,61.885,62.28,6866279,1.5247897634,1.5222070416,1.531922995,274651160,0.0,1.0
30-08-2016,61.63,62.2426,61.46,61.91,7138622,1.5159347172,1.5117531676,1.5228219753,285544880,0.0,1.0
31-08-2016,61.34,61.92,61.16,61.75,9713642,1.5088014855,1.5043739624,1.5188863992,388545680,0.0,1.0
01-09-2016,63.15,63.38,61.34,61.39,10712305,1.5533226901,1.5088014855,1.510031353,428492200,0.0,1.0
02-09-2016,62.53,63.35,61.82,63.28,8078742,1.5380723327,1.5206082138,1.5565203456,323149680,0.0,1.0
06-09-2016,63.12,63.12,62.429,62.75,7670320,1.5525847695,1.5355880003,1.5434837498,306812800,0.0,1.0
07-09-2016,62.19,63.2285,61.83,62.92,9949700,1.5297092335,1.5208541873,1.5476652994,397988000,0.0,1.0
08-09-2016,62.64,62.74,61.42,62.13,7895219,1.5407780413,1.5107692735,1.5282333925,315808760,0.0,1.0
09-09-2016,59.52,62.3,59.0,61.95,17443966,1.4640343074,1.4512436851,1.5238058694,697758640,0.0,1.0
12-09-2016,60.75,60.865,57.315,58.73,14956524,1.4942890486,1.4097971493,1.4446024004,598260960,0.0,1.0
13-09-2016,59.87,61.3,59.53,60.6,11794183,1.4726433801,1.4642802809,1.490599446,471767320,0.0,1.0
14-09-2016,60.4,60.6,59.51,60.01,7984326,1.4856799759,1.4637883339,1.4760870092,319373040,0.0,1.0
15-09-2016,62.69,62.76,60.36,60.5,12884799,1.5420079088,1.4846960819,1.488139711,515391960,0.0,1.0
16-09-2016,62.84,63.25,62.12,62.91,22561149,1.5456975114,1.527987419,1.5474193259,902445960,0.0,1.0
19-09-2016,63.67,65.26,63.21,63.5,10428207,1.5661133124,1.5547985311,1.5619317628,417128280,0.0,1.0
20-09-2016,63.09,64.4,62.74,64.4,8277832,1.551846849,1.5432377763,1.5840693783,331113280,0.0,1.0
21-09-2016,64.86,64.98,63.27,63.28,8405337,1.5953841596,1.5562743721,1.5565203456,336213480,0.0,1.0
22-09-2016,65.02,65.44,64.65,65.24,7718287,1.5993197357,1.590218716,1.6047311528,308731480,0.0,1.0
23-09-2016,64.95,65.29,64.66,65.1,6903344,1.5975979211,1.5904646895,1.6012875237,276133760,0.0,1.0
26-09-2016,64.34,64.6,63.53,64.21,5751035,1.5825935373,1.5626696833,1.5793958817,230041400,0.0,1.0
27-09-2016,66.54,66.64,64.06,64.09,10068769,1.6367077086,1.5757062791,1.5764441996,402750760,0.0,1.0
28-09-2016,66.78,66.83,65.93,66.64,7994701,1.6426110727,1.6217033247,1.6391674436,319788040,0.0,1.0
29-09-2016,67.4,67.61,66.0514,66.67,8417136,1.6578614301,1.6246894431,1.6399053642,336685440,0.0,1.0
30-09-2016,68.52,69.19,67.37,67.77,10748304,1.6854104628,1.6571235096,1.6669624498,429932160,0.0,1.0
03-10-2016,68.45,69.51,68.331,68.52,6064853,1.6836886482,1.6807615635,1.6854104628,242594120,0.0,1.0
04-10-2016,68.3,69.7,67.79,68.55,7040645,1.6799990456,1.6674543968,1.6861483833,281625800,0.0,1.0
05-10-2016,68.23,69.58,68.02,68.88,7636009,1.6782772311,1.6731117875,1.694265509,305440360,0.0,1.0
06-10-2016,67.34,67.83,66.26,67.41,9005317,1.6563855891,1.6298204504,1.6581074036,360212680,0.0,1.0
07-10-2016,66.85,67.97,66.66,67.79,7156502,1.6443328873,1.6396593907,1.6674543968,286260080,0.0,1.0
10-10-2016,67.1,67.56,66.47,67.2,7196868,1.6504822249,1.634985894,1.65294196,287874720,0.0,1.0
11-10-2016,66.13,66.98,65.62,66.88,9713476,1.6266227948,1.614078146,1.6450708078,388539040,0.0,1.0
12-10-2016,66.43,66.7791,65.31,65.86,10498025,1.634002,1.6064529673,1.6199815102,419921000,0.0,1.0
13-10-2016,65.35,65.8,63.7,65.65,9752910,1.6074368614,1.5668512329,1.6148160666,390116400,0.0,1.0
14-10-2016,65.99,66.6,65.6,66.15,8265851,1.6231791658,1.613586199,1.6271147418,330634040,0.0,1.0
17-10-2016,65.61,66.6,65.52,65.98,4883160,1.6138321725,1.611618411,1.6229331922,195326400,0.0,1.0
18-10-2016,66.61,66.99,66.25,66.52,6734274,1.6384295231,1.6295744769,1.6362157616,269370960,0.0,1.0
19-10-2016,66.47,66.78,65.82,66.16,4976462,1.634985894,1.6189976162,1.6273607154,199058480,0.0,1.0
20-10-2016,67.73,67.95,66.3,67.25,7802072,1.6659785558,1.6308043444,1.6541718275,312082880,0.0,1.0
21-10-2016,67.54,67.66,66.9,67.49,6987654,1.6613050592,1.6455627548,1.6600751916,279506160,0.0,1.0
24-10-2016,70.71,70.79,67.99,68.0,8495946,1.7392786606,1.6723738669,1.6726198404,339837840,0.0,1.0
25-10-2016,71.87,72.3,70.25,70.59,9936532,1.7678115873,1.7279638793,1.7363269785,397461280,0.0,1.0
26-10-2016,72.16,72.95,71.2,71.27,8344781,1.7749448189,1.7513313624,1.7530531769,333791240,0.0,1.0
27-10-2016,70.68,72.85,70.385,72.71,9716622,1.73854074,1.7312845216,1.7884733618,388664880,0.0,1.0
28-10-2016,70.56,72.1,70.43,71.02,7271374,1.735589058,1.7323914024,1.7469038392,290854960,0.0,1.0
31-10-2016,71.16,71.625,70.75,70.79,6309718,1.7503474683,1.7402625546,1.7412464486,252388720,0.0,1.0
01-11-2016,69.05,71.81,68.29,71.42,11830629,1.6984470586,1.6797530721,1.7567427795,473225160,0.0,1.0
02-11-2016,68.76,70.52,68.6355,69.58,7396231,1.6913138269,1.6882514568,1.7114836544,295849240,0.0,1.0
03-11-2016,67.96,69.14,66.64,69.08,7741593,1.6716359464,1.6391674436,1.6991849791,309663720,0.0,1.0
04-11-2016,67.57,68.7305,66.575,67.51,8219490,1.6620429797,1.6375686159,1.6605671387,328779600,0.0,1.0
07-11-2016,71.27,71.72,69.5,69.55,12189524,1.7530531769,1.7095158663,1.7107457339,487580960,0.0,1.0
08-11-2016,71.16,71.77,70.5,71.54,10747107,1.7503474683,1.7341132169,1.7596944616,429884280,0.0,1.0
09-11-2016,69.96,70.9,68.72,69.23,11413254,1.7208306476,1.6903299329,1.7028745817,456530160,0.0,1.0
10-11-2016,67.77,71.5,66.76,71.49,21732039,1.6669624498,1.6421191257,1.758464594,869281560,0.0,1.0
11-11-2016,87.97,88.77,78.5,79.51,54383633,2.1638289318,1.9308920217,1.9557353458,2175345320,0.0,1.0
14-11-2016,83.64,88.19,83.62,88.09,33719913,2.0573224038,2.0568304567,2.1667806139,1348796520,0.0,1.0
15-11-2016,86.19,87.45,83.93,84.29,15652258,2.1200456478,2.0644556354,2.0733106816,626090320,0.0,1.0
16-11-2016,91.63,92.555,86.3452,87.34,24699644,2.253855235,2.1238631566,2.148332601,987985760,0.0,1.0
17-11-2016,92.39,94.7923,90.65,92.31,20824744,2.2725492215,2.2297498314,2.2705814334,832989760,0.0,1.0
18-11-2016,93.36,94.33,91.8,94.2248,14401499,2.2964086515,2.2580367846,2.3176804403,576059960,0.0,1.0
21-11-2016,92.98,94.35,92.4,94.09,10910868,2.2870616583,2.272795195,2.3143647175,436434720,0.0,1.0
22-11-2016,93.65,93.7396,92.38,93.3,8259232,2.3035418832,2.272303248,2.2949328105,330369280,0.0,1.0
23-11-2016,93.97,95.2499,92.77,93.72,11080857,2.3148566645,2.2852958685,2.3086981653,443234280,0.14,1.0
25-11-2016,94.16,95.1,93.41,93.47,4889078,2.3195371238,2.3010616264,2.3025396662,195563120,0.0,1.0
28-11-2016,94.11,94.74,93.6,93.87,6968370,2.318305424,2.3057420857,2.3123932648,278734800,0.0,1.0
29-11-2016,93.25,94.44,92.53,94.0,11114187,2.2971201869,2.2793837093,2.3155956844,444567480,0.0,1.0
30-11-2016,92.2,94.16,92.1,92.2,11012545,2.2712544904,2.2687910908,2.2712544904,440501800,0.0,1.0
01-12-2016,87.64,92.17,84.77,92.1,25888074,2.1589234657,2.0882238954,2.2687910908,1035522960,0.0,1.0
02-12-2016,88.45,88.8,85.12,86.86,11957300,2.178877003,2.0968457942,2.1397089484,478292000,0.0,1.0
05-12-2016,91.88,92.61,89.0,89.99,15057125,2.2633716115,2.1924257012,2.2168133578,602285000,0.0,1.0
06-12-2016,93.39,93.73,91.57,92.21,12469875,2.3005689464,2.2557350725,2.2715008304,498795000,0.0,1.0
07-12-2016,95.07,95.3,92.1,92.84,12020093,2.3419540608,2.2687910908,2.2870202483,480803720,0.0,1.0
08-12-2016,93.48,96.62,93.0531,95.19,9538602,2.3027860061,2.292269753,2.3449101404,381544080,0.0,1.0
09-12-2016,91.82,94.27,90.71,94.2,9557799,2.2618935717,2.2345498354,2.3205224837,382311960,0.0,1.0
12-12-2016,89.59,89.95,87.54,89.85,15033300,2.2069597592,2.1564600661,2.2133645983,601332000,0.0,1.0
13-12-2016,91.17,92.29,90.05,90.09,9694874,2.2458814739,2.2182913976,2.2192767575,387794960,0.0,1.0
14-12-2016,96.45,97.11,91.57,92.54,24599538,2.3759489762,2.2557350725,2.2796300493,983981520,0.0,1.0
15-12-2016,98.71,99.94,96.6,96.9,18663653,2.4316218086,2.3796440757,2.3870342746,746546120,0.0,1.0
16-12-2016,100.41,100.7,97.726,99.83,27238183,2.4734996029,2.4073819559,2.4592118848,1089527320,0.0,1.0
19-12-2016,101.63,102.4499,99.0,99.7,18616431,2.5035530788,2.4387656676,2.4560094652,744657240,0.0,1.0
20-12-2016,105.17,106.13,104.12,104.58,21201433,2.5907574269,2.5648917304,2.5762233689,848057320,0.0,1.0
21-12-2016,105.83,105.95,103.71,105.64,14403361,2.6070158647,2.5547917918,2.6023354053,576134440,0.0,1.0
22-12-2016,107.11,108.87,106.53,106.82,17965259,2.6385473804,2.6242596623,2.6314035213,718610360,0.0,1.0
23-12-2016,109.78,109.835,106.27,106.38,16192331,2.7043201514,2.6178548232,2.6205645628,647693240,0.0,1.0
27-12-2016,117.32,117.36,111.22,112.06,29856842,2.8900604861,2.7397931066,2.7604856637,1194273680,0.0,1.0
28-12-2016,109.25,119.93,108.69,119.6,57394116,2.6912641332,2.6774690951,2.9462259984,2295764640,0.0,1.0
29-12-2016,111.43,111.49,102.8,104.9,54384182,2.7449662459,2.5323748548,2.5841062478,2175367280,0.0,1.0
30-12-2016,106.74,111.92,106.3,111.35,30323259,2.6294328016,2.6185938431,2.7429955261,1212930360,0.0,1.0
03-01-2017,102.01,106.37,99.38,104.4,37549876,2.5129139975,2.4481265863,2.5717892495,1501995040,0.0,1.0
04-01-2017,104.39,105.5,101.53,103.4,29980506,2.5715429095,2.5010896791,2.5471552528,1199220240,0.0,1.0
05-01-2017,101.74,105.82,101.05,104.53,24607382,2.5062628184,2.4892653607,2.574991669,984295280,0.0,1.0
06-01-2017,103.1,104.25,101.2,102.85,20571416,2.5397650538,2.4929604602,2.5336065547,822856640,0.0,1.0
09-01-2017,107.28,108.0,103.5,103.5,22906225,2.6427351598,2.5496186525,2.5496186525,916249000,0.0,1.0
10-01-2017,106.47,109.19,105.63,107.81,22022969,2.6227816225,2.6020890653,2.655791178,880918760,0.0,1.0
11-01-2017,105.16,106.2,104.15,106.0,13141588,2.5905110869,2.5656307503,2.6112036441,525663520,0.0,1.0
12-01-2017,103.44,104.7,101.62,104.23,15640414,2.5481406127,2.5033067388,2.56760147,625616560,0.0,1.0
13-01-2017,103.43,105.0,103.06,103.6,11445543,2.5478942727,2.538779694,2.5520820521,457821720,0.0,1.0
17-01-2017,101.11,103.2,100.57,103.0,14515259,2.4907434005,2.4774410423,2.5373016542,580610360,0.0,1.0
18-01-2017,102.95,103.23,99.11,100.24,16360615,2.5360699543,2.4414754072,2.4693118234,654424600,0.0,1.0
19-01-2017,105.16,106.46,102.98,103.07,16121778,2.5905110869,2.5368089742,2.5390260339,644871120,0.0,1.0
20-01-2017,104.01,106.8,103.12,106.08,12300557,2.5621819908,2.5402577338,2.6131743638,492022280,0.0,1.0
23-01-2017,105.09,105.9,103.7,103.8,9247639,2.5887867071,2.5545454518,2.5570088515,369905560,0.0,1.0
24-01-2017,107.33,107.58,104.9,105.5,10701271,2.6439668596,2.5841062478,2.5988866458,428050840,0.0,1.0
25-01-2017,107.79,109.3,106.3346,109.05,13084499,2.6552984981,2.6194461794,2.6863373338,523379960,0.0,1.0
26-01-2017,109.65,109.95,106.7,107.9,11469970,2.7011177318,2.6284474417,2.6580082377,458798800,0.0,1.0
27-01-2017,111.77,111.89,108.85,109.93,11799929,2.7533418047,2.6814105345,2.7080152509,471997160,0.0,1.0
30-01-2017,110.02,111.01,107.9106,110.92,12400084,2.7102323106,2.6582693581,2.7324029076,496003360,0.0,1.0
31-01-2017,109.18,110.05,108.2,108.95,9068865,2.6895397534,2.6653984367,2.6838739342,362754600,0.0,1.0
01-02-2017,113.95,114.12,109.86,110.58,14750082,2.8070439174,2.7062908711,2.7240273487,590003280,0.0,1.0
02-02-2017,115.39,115.74,112.06,113.3,12081040,2.8425168726,2.7604856637,2.7910318196,483241600,0.0,1.0
03-02-2017,114.38,115.9,113.9,115.45,9318633,2.817636536,2.8058122176,2.8439949124,372745320,0.0,1.0
06-02-2017,117.31,117.3261,114.0,114.0,12669205,2.8898141461,2.8082756172,2.8082756172,506768200,0.0,1.0
07-02-2017,119.13,120.92,117.9,118.7,18655567,2.93464802,2.9043482041,2.9240554014,746222680,0.0,1.0
08-02-2017,118.61,119.31,116.38,118.4,11239487,2.9218383417,2.8669045292,2.9166652025,449579480,0.0,1.0
09-02-2017,116.38,119.06,115.6,118.86,21064178,2.8669045292,2.8476900119,2.9279968409,842567120,0.0,1.0
10-02-2017,113.62,120.7,112.6,119.93,41277341,2.7989146985,2.7737880219,2.9543552173,1651093640,0.0,1.0
13-02-2017,108.38,113.98,108.2,113.39,29518071,2.6698325561,2.6653984367,2.7932488793,1180722840,0.0,1.0
14-02-2017,108.78,110.15,106.29,107.99,21265787,2.6796861548,2.6183475031,2.6602252974,850631480,0.0,1.0
15-02-2017,109.0,109.8,107.76,108.9,9325512,2.685105634,2.6545594782,2.6826422344,373020480,0.0,1.0
16-02-2017,107.25,109.44,105.66,109.39,16179386,2.6419961399,2.6028280852,2.6947128927,647175440,0.0,1.0
17-02-2017,107.23,107.41,104.79,106.7,14093465,2.64150346,2.5813965082,2.6284474417,563738600,0.0,1.0
21-02-2017,111.07,111.23,108.22,108.23,13798783,2.7360980071,2.6658911166,2.6661374566,551951320,0.0,1.0
22-02-2017,110.76,111.8,109.99,111.42,10844256,2.7319102276,2.7129180746,2.748189216,433770240,0.14,1.0
23-02-2017,100.49,106.39,99.68,105.5,39822213,2.4785993028,2.4586205443,2.6021716235,1592888520,0.0,1.0
24-02-2017,101.46,102.0,95.7,97.07,25747597,2.5025244826,2.3604533115,2.3942445449,1029903880,0.0,1.0
27-02-2017,104.41,105.02,101.56,102.2,17885019,2.5752866275,2.504990996,2.5207766817,715400760,0.0,1.0
28-02-2017,101.48,105.2,100.775,104.8,15633968,2.5030177853,2.4856288659,2.5849060298,625358720,0.0,1.0
01-03-2017,102.79,104.37,101.11,103.79,12620139,2.5353291107,2.4938916858,2.5599942445,504805560,0.0,1.0
02-03-2017,99.0,102.84,98.89,102.27,18858278,2.4418482533,2.4391350886,2.5225032411,754331120,0.0,1.0
03-03-2017,98.43,98.77,96.22,98.57,21636424,2.427789127,2.3732791811,2.4312422457,865456960,0.0,1.0
06-03-2017,97.67,98.1,95.17,96.96,22089169,2.4090436253,2.3473807906,2.3915313802,883566760,0.0,1.0
07-03-2017,98.74,99.53,97.15,97.67,15085007,2.4354353185,2.3962177556,2.4090436253,603400280,0.0,1.0
08-03-2017,98.56,101.3,98.47,100.7,15967822,2.4309955944,2.4287757324,2.4837789809,638712880,0.0,1.0
09-03-2017,98.54,99.45,97.4,97.91,11951471,2.4305022917,2.4023840391,2.4149632574,478058840,0.0,1.0
10-03-2017,99.12,100.09,98.38,99.61,12493513,2.4448080694,2.4265558703,2.456893985,499740520,0.0,1.0
13-03-2017,101.85,102.25,99.51,99.54,19353402,2.5121438848,2.4544274716,2.4551674256,774136080,0.0,1.0
14-03-2017,101.78,102.75,100.47,102.37,13050415,2.5104173255,2.4781060001,2.5249697545,522016600,0.0,1.0
15-03-2017,102.55,102.99,100.32,102.25,15375852,2.5294094785,2.47440623,2.5220099384,615034080,0.0,1.0
16-03-2017,103.81,103.83,102.41,102.98,13077495,2.5604875472,2.5259563598,2.5400154861,523099800,0.0,1.0
17-03-2017,106.07,106.12,103.81,104.52,27992169,2.6162307498,2.5604875472,2.5779997923,1119686760,0.0,1.0
20-03-2017,109.45,109.61,106.13,106.78,18714152,2.6995989023,2.6177106578,2.6337429948,748566080,0.0,1.0
21-03-2017,105.91,109.96,105.585,108.75,22837103,2.6122843284,2.6042681598,2.6823333086,913484120,0.0,1.0
22-03-2017,108.07,108.26,105.3,105.46,15419106,2.6655610175,2.5972385967,2.6011850181,616764240,0.0,1.0
23-03-2017,107.09,108.5572,106.7,107.75,13348542,2.6413891863,2.6317697841,2.6576681747,533941680,0.0,1.0
24-03-2017,107.47,109.29,106.42,108.97,10987546,2.6507619372,2.6248635466,2.687759638,439501840,0.0,1.0
27-03-2017,108.25,108.405,103.575,105.58,12666100,2.6700007416,2.5546912408,2.6041448342,506644000,0.0,1.0
28-03-2017,107.69,108.89,107.27,108.3,10811109,2.6561882666,2.6458289104,2.6712339983,432444360,0.0,1.0
29-03-2017,107.34,108.49,107.25,107.99,8749791,2.6475554698,2.6453356077,2.6635878068,349991640,0.0,1.0
30-03-2017,109.4,110.0,107.4,107.63,13138349,2.6983656456,2.6490353778,2.6547083586,525533960,0.0,1.0
31-03-2017,108.93,109.89,108.4021,109.01,11020165,2.6867730327,2.6737523085,2.6887462434,440806600,0.0,1.0
03-04-2017,108.38,109.65,107.42,108.95,11130813,2.673207209,2.6495286805,2.6872663353,445232520,0.0,1.0
04-04-2017,100.78,104.42,100.34,103.4,31782004,2.4857521916,2.4748995327,2.5503748423,1271280160,0.0,1.0
05-04-2017,100.03,102.37,99.5,100.015,18676232,2.4672533412,2.4541808202,2.4668833642,747049280,0.0,1.0
06-04-2017,100.76,101.25,98.41,100.24,15878004,2.4852588889,2.4272958243,2.4724330193,635120160,0.0,1.0
07-04-2017,100.33,101.73,99.72,101.02,10628889,2.4746528814,2.4596071497,2.4916718237,425155560,0.0,1.0
10-04-2017,97.77,100.63,97.6,100.36,18908264,2.4115101386,2.4073170659,2.4753928354,756330560,0.0,1.0
11-04-2017,98.12,98.8999,96.35,96.55,15453747,2.4201429355,2.3764856485,2.3814186753,618149880,0.0,1.0
12-04-2017,97.31,98.7,97.1,98.12,10352296,2.4001641771,2.3949844989,2.4201429355,414091840,0.0,1.0
13-04-2017,95.49,97.21,95.49,96.33,12672345,2.3552736334,2.3552736334,2.3759923459,506893800,0.0,1.0
17-04-2017,99.23,99.24,95.8,96.01,12432305,2.4475212341,2.3629198249,2.368099503,497292200,0.0,1.0
18-04-2017,99.29,99.54,97.6,98.65,9252944,2.4490011421,2.4073170659,2.4332154564,370117760,0.0,1.0
19-04-2017,99.68,100.98,99.41,100.0,9520659,2.4586205443,2.4519609582,2.4665133872,380826360,0.0,1.0
20-04-2017,101.26,101.4464,99.41,100.27,10100358,2.4975914559,2.4519609582,2.4731729733,404014320,0.0,1.0
21-04-2017,101.68,101.79,100.36,100.84,8547390,2.5079508121,2.4753928354,2.4872320996,341895600,0.0,1.0
24-04-2017,102.95,103.48,102.11,102.96,9286617,2.5392755321,2.5185568196,2.5395221834,371464680,0.0,1.0
25-04-2017,104.74,105.33,102.67,103.54,9670204,2.5834261217,2.5323692946,2.5538279611,386808160,0.0,1.0
26-04-2017,104.02,105.39,103.94,105.29,8017754,2.5656672253,2.5636940146,2.5969919454,320710160,0.0,1.0
27-04-2017,105.64,105.98,103.59,104.32,7887565,2.6056247422,2.5550612178,2.5730667655,315502600,0.0,1.0
28-04-2017,104.3,105.64,104.07,105.36,8603278,2.5725734628,2.566900482,2.5987185047,344131120,0.0,1.0
01-05-2017,106.64,106.85,104.45,104.74,7558886,2.6302898761,2.5762732329,2.5834261217,302355440,0.0,1.0
02-05-2017,103.48,105.5955,102.56,105.55,15545050,2.552348053,2.5296561299,2.6034048802,621802000,0.0,1.0
03-05-2017,104.25,104.64,102.6,103.2,8355157,2.5713402061,2.5306427352,2.5454418156,334206280,0.0,1.0
04-05-2017,103.85,104.95,103.53,104.5,5211879,2.5614741526,2.5535813097,2.5775064896,208475160,0.0,1.0
05-05-2017,103.86,104.15,102.75,103.38,5684394,2.5617208039,2.5343425053,2.5498815397,227375760,0.0,1.0
08-05-2017,102.77,104.4,102.31,104.34,9040663,2.534835808,2.5234898464,2.5735600682,361626520,0.0,1.0
09-05-2017,102.94,104.93,102.66,103.0,13796401,2.5390288808,2.5321226433,2.5405087888,551856040,0.0,1.0
10-05-2017,121.29,121.82,114.02,114.29,53227434,2.9916340873,2.8123185641,2.8189781502,2129097360,0.0,1.0
11-05-2017,126.5,130.43,119.91,120.05,48167998,3.1201394348,2.9575962026,2.9610493213,1926719920,0.0,1.0
12-05-2017,127.89,129.6,125.78,126.63,23993187,3.1544239709,3.1023805384,3.1233459022,959727480,0.0,1.0
15-05-2017,134.31,134.41,129.38,129.56,26919505,3.3127741303,3.1911750203,3.1956147444,1076780200,0.0,1.0
16-05-2017,136.81,137.44,133.3635,136.38,27909305,3.374436965,3.2894285811,3.3638309574,1116372200,0.0,1.0
17-05-2017,127.72,134.86,127.55,134.1,31444976,3.1502308981,3.1460378253,3.3075944522,1257799040,0.0,1.0
18-05-2017,133.07,133.43,127.05,129.5,28661989,3.2821893643,3.1337052584,3.1941348364,1146479560,0.0,1.0
19-05-2017,136.0,138.22,135.22,137.025,25222948,3.3579113253,3.3386527162,3.3832191129,1008917920,0.14,1.0
22-05-2017,138.9,139.48,137.33,137.77,20786477,3.4295138462,3.3907497228,3.4016135536,831459080,0.0,1.0
23-05-2017,137.03,139.79,135.71,139.7,16911578,3.3833425655,3.3507510732,3.4492662658,676463120,0.0,1.0
24-05-2017,138.57,141.07,138.08,140.96,20376569,3.4213659731,3.4092676162,3.4803763266,815062760,0.0,1.0
25-05-2017,138.26,140.03,136.44,140.0,15064741,3.4137119106,3.3687751561,3.4566734231,602589640,0.0,1.0
26-05-2017,141.84,145.28,137.11,137.93,19300323,3.5021039881,3.3853178074,3.4055640375,772012920,0.0,1.0
30-05-2017,144.87,146.2911,143.05,143.7,24580778,3.5769162772,3.5319795227,3.5480283636,983231120,0.0,1.0
31-05-2017,144.35,147.0,142.05,146.69,21643194,3.5640772045,3.5072889982,3.6218530317,865727760,0.0,1.0
01-06-2017,144.36,145.03,142.52,144.99,12462061,3.5643241097,3.5188935447,3.5798791401,498482440,0.0,1.0
02-06-2017,143.64,145.3,143.4,144.24,12140804,3.5465469321,3.5406212062,3.5613612468,485632160,0.0,1.0
05-06-2017,148.01,148.53,142.51,142.98,20311623,3.654444524,3.5186466395,3.530251186,812464920,0.0,1.0
06-06-2017,147.34,149.69,146.8,147.82,18743334,3.6379018726,3.6245689894,3.6497533243,749733360,0.0,1.0
07-06-2017,149.12,149.88,147.7,148.33,15057318,3.6818510061,3.6467904614,3.6623454918,602292720,0.0,1.0
08-06-2017,159.94,160.0,151.79,153.46,28475455,3.9490024807,3.7477747064,3.7890078822,1139018200,0.0,1.0
09-06-2017,149.6,168.5,142.75,164.74,9232320000,3.6937024578,3.5245723653,4.067516998,369292800000,0.0,1.0
12-06-2017,149.97,151.7,142.11,145.88,41793262,3.7028379519,3.5087704297,3.6018537069,1671730480,0.0,1.0
13-06-2017,151.4,154.77,145.65,154.4,41488612,3.7381454018,3.5961748863,3.8122169752,1659544480,0.0,1.0
14-06-2017,151.72,154.06,148.5,151.52,29431459,3.7460463697,3.6665428809,3.7411082648,1177258360,0.0,1.0
15-06-2017,152.37,153.6,146.5,146.96,23883179,3.7620952106,3.617161832,3.6285194733,955327160,0.0,1.0
16-06-2017,151.62,154.7,150.24,152.76,22554327,3.7435773172,3.7095043935,3.7717245151,902173080,0.0,1.0
19-06-2017,157.32,157.53,153.26,153.41,19260255,3.8843133066,3.7840697773,3.787773356,770410200,0.0,1.0
20-06-2017,157.09,161.74,156.92,159.03,27169647,3.878634486,3.8744370968,3.9265341034,1086785880,0.0,1.0
21-06-2017,159.47,159.62,155.7,158.21,16945632,3.9373979342,3.844314657,3.9062878734,677825280,0.0,1.0
22-06-2017,158.37,160.34,157.4,159.8,11596308,3.9102383573,3.8862885485,3.9455458072,463852320,0.0,1.0
23-06-2017,153.83,159.32,153.22,158.68,24565502,3.7981433763,3.7830821563,3.9178924198,982620080,0.0,1.0
26-06-2017,152.15,156.6,148.33,155.16,26418557,3.7566632952,3.6623454918,3.8309817738,1056742280,0.0,1.0
27-06-2017,146.58,151.79,146.35,151.44,24850612,3.619137074,3.6134582534,3.7391330228,994024480,0.0,1.0
28-06-2017,151.75,151.94,145.75,149.32,24660291,3.7467870854,3.5986439387,3.686789111,986411640,0.0,1.0
29-06-2017,146.68,150.72,144.08,150.6,26334702,3.6216061264,3.5574107629,3.7183929823,1053388080,0.0,1.0
30-06-2017,144.56,147.93,143.5,147.38,17992137,3.5692622146,3.5430902587,3.6388894936,719685480,0.0,1.0
03-07-2017,139.33,145.6537,138.58,145.05,17722284,3.4401307717,3.4216128784,3.5813605716,708891360,0.0,1.0
05-07-2017,143.05,144.22,141.13,141.9,20226442,3.5319795227,3.4845737157,3.5035854196,809057680,0.0,1.0
06-07-2017,143.48,145.3799,139.76,141.87,18383056,3.5425964482,3.4507476972,3.5028447038,735322240,0.0,1.0
07-07-2017,146.76,147.5,144.85,145.78,16258515,3.6235813684,3.5764224667,3.5993846544,650340600,0.0,1.0
10-07-2017,153.7,154.0,148.6842,149.74,23720137,3.7949336081,3.6710908755,3.6971591313,948805480,0.0,1.0
11-07-2017,155.88,156.19,152.15,153.85,18744156,3.8487589514,3.7566632952,3.7986371867,749766240,0.0,1.0
12-07-2017,162.51,163.0,156.56,158.3,28283476,4.0124571285,3.865548508,3.9085100206,1131339040,0.0,1.0
13-07-2017,160.63,166.3,158.75,163.0,34123997,3.9660389425,3.9196207566,4.0245554855,1364959880,0.0,1.0
14-07-2017,164.95,165.01,161.01,161.29,23349534,4.0727020081,3.9754213418,3.9823346887,933981360,0.0,1.0
17-07-2017,164.25,167.5,161.75,166.33,22936328,4.055418641,3.9936923299,4.1067749319,917453120,0.0,1.0
18-07-2017,165.96,166.55,161.3,161.78,19123179,4.0976394378,3.9825815939,3.9944330456,764927160,0.0,1.0
19-07-2017,165.1,167.4,164.61,166.33,17014089,4.0764055868,4.0643072298,4.1067749319,680563560,0.0,1.0
20-07-2017,167.5,167.51,163.9121,165.93,17258237,4.1356628455,4.0470757128,4.0968987221,690329480,0.0,1.0
21-07-2017,168.1,169.3,166.09,166.67,15886110,4.1504771602,4.100849206,4.1151697102,635444400,0.0,1.0
24-07-2017,166.15,168.78,165.72,168.39,15868676,4.1023306375,4.091713712,4.1576374123,634747040,0.0,1.0
25-07-2017,165.35,165.93,163.581,165.22,12002860,4.0825782179,4.0389006802,4.0793684498,480114400,0.0,1.0
26-07-2017,167.26,169.927,165.85,167.68,15755026,4.1297371196,4.0949234802,4.1401071399,630201040,0.0,1.0
27-07-2017,161.74,168.74,157.56,168.27,18888931,3.9934454247,3.8902390325,4.1546745493,755557240,0.0,1.0
28-07-2017,164.39,165.38,159.28,160.29,12776296,4.0588753145,3.9327067345,3.9576441642,511051840,0.0,1.0
31-07-2017,162.51,166.4,160.62,164.94,13800261,4.0124571285,3.9657920373,4.0724551029,552010440,0.0,1.0
01-08-2017,164.49,164.56,161.0,162.125,10606575,4.0613443669,3.9751744366,4.0029512766,424263000,0.0,1.0
02-08-2017,164.39,165.91,161.27,165.75,11565556,4.0588753145,3.9818408782,4.0924544277,462622240,0.0,1.0
03-08-2017,166.48,166.63,163.68,164.37,10926536,4.1104785106,4.0413450421,4.058381504,437061440,0.0,1.0
04-08-2017,167.21,170.07,166.48,167.4,14653397,4.1285025934,4.1104785106,4.1331937931,586135880,0.0,1.0
07-08-2017,172.35,172.37,168.0,168.39,17743004,4.2554118891,4.1480081077,4.1576374123,709720160,0.0,1.0
08-08-2017,170.3,174.56,168.71,173.89,18632853,4.204796314,4.1655383801,4.2934352967,745314120,0.0,1.0
09-08-2017,172.11,172.21,167.67,168.43,13060514,4.2494861632,4.1398602347,4.1586250332,522420560,0.0,1.0
10-08-2017,164.74,172.66,164.33,172.16,26065538,4.067516998,4.057393883,4.2507206894,1042621520,0.0,1.0
11-08-2017,155.96,159.0,152.91,157.14,37272782,3.8507341933,3.7754280938,3.8798690122,1490911280,0.0,1.0
14-08-2017,168.4,168.55,159.2,159.67,31674266,4.1578843175,3.9307314926,3.942336039,1266970640,0.0,1.0
15-08-2017,166.98,169.67,165.59,168.61,18980198,4.1228237728,4.0885039438,4.1630693276,759207920,0.0,1.0
16-08-2017,165.15,168.54,163.84,167.59,14788247,4.077640113,4.045295526,4.1378849927,591529880,0.0,1.0
17-08-2017,161.47,165.5,161.38,164.81,12937916,3.9867789831,3.9845568359,4.0692453347,517516640,0.0,1.0
18-08-2017,161.5,164.36,159.64,163.67,14883408,3.9875196988,3.9415953233,4.0410981369,595336320,0.0,1.0
21-08-2017,159.15,162.95,157.37,162.49,15203637,3.9294969663,3.8855478328,4.011963318,608145480,0.0,1.0
22-08-2017,162.55,162.79,159.71,160.49,11084658,4.0169014229,3.94671994,3.965995136,443386320,0.14,1.0
23-08-2017,165.8,166.25,160.85,161.2,14421053,4.0972147396,3.9748913803,3.9835405067,576842120,0.0,1.0
24-08-2017,165.19,167.28,164.12,167.1,11592997,4.0821405478,4.0556989328,4.1293400662,463719880,0.0,1.0
25-08-2017,163.81,166.58,163.55,166.17,8753208,4.048038278,4.0416132126,4.1063581018,350128320,0.0,1.0
28-08-2017,164.97,165.1,162.33,164.58,9568908,4.0767039541,4.0114648291,4.0670663561,382756320,0.0,1.0
29-08-2017,164.7,165.58,162.261,162.59,7992338,4.0700317708,4.0097597157,4.0178898945,319693520,0.0,1.0
30-08-2017,165.68,166.13,164.27,165.5,9469680,4.0942493248,4.0594057013,4.0898012026,378787200,0.0,1.0
31-08-2017,169.44,169.6,166.2,166.5,15022660,4.1871656542,4.1070994555,4.1145129924,600906400,0.0,1.0
01-09-2017,170.46,171.9,169.6,169.95,11017001,4.2123716798,4.1911195406,4.199768667,440680040,0.0,1.0
05-09-2017,165.91,168.5843,163.5625,168.38,17358768,4.0999330364,4.04192211,4.1609711571,694350720,0.0,1.0
06-09-2017,165.81,167.8,164.4,167.24,9800559,4.0974618575,4.0626182339,4.1327997168,392022360,0.0,1.0
07-09-2017,166.58,167.89,164.95,166.49,8731886,4.1164899356,4.0762097183,4.1142658745,349275440,0.0,1.0
08-09-2017,163.69,166.71,162.71,166.11,12365074,4.0450728632,4.0208553092,4.1048753944,494602960,0.0,1.0
11-09-2017,169.0,169.4325,165.32,165.54,13934287,4.1762924667,4.0853530805,4.0907896742,557371480,0.0,1.0
12-09-2017,169.61,170.0,166.97,170.0,10155905,4.1913666585,4.1261275336,4.2010042565,406236200,0.0,1.0
13-09-2017,170.37,171.54,167.28,168.59,14340105,4.2101476187,4.1337881884,4.1661606329,573604200,0.0,1.0
14-09-2017,169.4,172.56,167.8,168.79,12728431,4.1861771826,4.146638319,4.1711029909,509137240,0.0,1.0
15-09-2017,180.11,180.11,172.65,172.86,33338633,4.4508404508,4.2664904993,4.2716799752,1333545320,0.0,1.0
18-09-2017,187.55,191.2,184.86,185.14,41601951,4.6346961665,4.5682214521,4.5751407532,1664078040,0.0,1.0
19-09-2017,187.35,189.85,184.615,185.51,21631434,4.6297538085,4.5621670636,4.5842841154,865257360,0.0,1.0
20-09-2017,185.84,189.42,184.21,187.5,16435216,4.592439006,4.5521587887,4.633460577,657408640,0.0,1.0
21-09-2017,180.76,182.7,177.61,181.64,26631321,4.4669031141,4.3890609764,4.4886494891,1065252840,0.0,1.0
22-09-2017,179.0,182.31,178.6,180.3,12196947,4.4234103642,4.4135256483,4.4555356908,487877880,0.0,1.0
25-09-2017,171.0,177.8,170.16,177.75,21628235,4.2257160462,4.2049581428,4.392520627,865129400,0.0,1.0
26-09-2017,171.96,178.68,170.35,176.45,27542805,4.2494393644,4.2096533829,4.3603953003,1101712200,0.0,1.0
27-09-2017,175.73,176.27,172.75,175.62,17602299,4.3426028117,4.2689616783,4.3398845148,704091960,0.0,1.0
28-09-2017,175.68,176.18,173.76,176.02,10801464,4.3413672222,4.2939205859,4.3497692307,432058560,0.0,1.0
29-09-2017,178.77,179.73,177.25,179.08,14936876,4.4177266525,4.3801647321,4.4253873074,597475040,0.0,1.0
02-10-2017,179.0,181.98,177.0,180.8,12475560,4.4234103642,4.3739867847,4.4678915857,499022400,0.0,1.0
03-10-2017,179.37,180.58,177.58,179.25,9678430,4.4325537264,4.3883196227,4.4295883116,387137200,0.0,1.0
04-10-2017,180.87,181.77,178.14,179.62,10621386,4.469621411,4.402158225,4.4387316738,424855440,0.0,1.0
05-10-2017,180.77,182.0,179.56,181.86,10830438,4.467150232,4.4372489664,4.4940860828,433217520,0.0,1.0
06-10-2017,181.3,181.84,179.0,179.65,7911087,4.4802474806,4.4234103642,4.4394730275,316443480,0.0,1.0
09-10-2017,185.39,186.73,182.03,182.79,13986610,4.5813187006,4.4982870871,4.5170680473,559464400,0.0,1.0
10-10-2017,188.93,192.95,187.26,191.43,24261445,4.6687984363,4.6275297475,4.7305779107,970457800,0.0,1.0
11-10-2017,190.94,191.0,187.74,189.6,13051762,4.7184691337,4.6393914065,4.6853553355,522070480,0.0,1.0
12-10-2017,191.03,193.09,189.9301,191.08,13036890,4.7206931948,4.6935126973,4.7219287843,521475600,0.0,1.0
13-10-2017,194.59,195.0,191.65,193.55,15626525,4.8086671663,4.7360145044,4.782966905,625061000,0.0,1.0
16-10-2017,197.93,198.048,193.24,195.8,14279032,4.891204544,4.7753062501,4.8385684319,571161280,0.0,1.0
17-10-2017,197.75,198.9,196.35,197.09,11482547,4.8867564219,4.8521599162,4.8704466406,459301880,0.0,1.0
18-10-2017,197.58,198.14,193.32,198.11,14066925,4.8825554176,4.7772831933,4.8956526662,562677000,0.0,1.0
19-10-2017,197.8,198.0,192.4501,194.44,14156573,4.8879920114,4.7557864074,4.8049603978,566262920,0.0,1.0
20-10-2017,196.9,199.59,196.54,198.49,11006029,4.8657514006,4.8568551563,4.9050431463,440241160,0.0,1.0
23-10-2017,196.62,198.85,195.8,197.78,10592416,4.8588320995,4.8385684319,4.8874977756,423696640,0.0,1.0
24-10-2017,198.68,198.75,195.94,196.99,9820462,4.9097383863,4.8420280824,4.8679754617,392818480,0.0,1.0
25-10-2017,193.66,199.22,191.17,197.08,20588601,4.7856852018,4.7241528454,4.8701995228,823544040,0.0,1.0
26-10-2017,195.69,196.16,193.81,194.78,7892651,4.835850135,4.7893919703,4.8133624063,315706040,0.0,1.0
27-10-2017,201.86,201.87,196.75,197.8,14174171,4.9883218777,4.8620446321,4.8879920114,566966840,0.0,1.0
30-10-2017,203.84,206.0899,201.22,201.86,12522329,5.0372512214,4.9725063323,4.9883218777,500893160,0.0,1.0
31-10-2017,206.81,207.89,204.9,205.13,10179802,5.110645237,5.0634457186,5.0691294302,407192080,0.0,1.0
01-11-2017,207.2,209.97,204.6,209.35,12385654,5.120282835,5.0560321816,5.1734131829,495426160,0.0,1.0
02-11-2017,205.94,207.81,203.65,206.0,8480413,5.0891459799,5.0325559814,5.0906286873,339216520,0.0,1.0
03-11-2017,208.69,208.69,205.341,207.2,8777981,5.1571034017,5.0743436178,5.120282835,351119240,0.0,1.0
06-11-2017,209.63,209.98,206.7,207.2,9693716,5.180332484,5.1079269401,5.120282835,387748640,0.0,1.0
07-11-2017,212.03,212.9,210.0556,210.55,10580672,5.2396407794,5.1908498218,5.2030673306,423226880,0.0,1.0
08-11-2017,209.16,212.0,207.2401,211.85,12911093,5.1687179429,5.1212737777,5.2351926573,516443720,0.0,1.0
09-11-2017,205.32,206.33,200.37,205.27,20123846,5.0738246702,4.951501311,5.0725890808,804953840,0.0,1.0
10-11-2017,216.14,218.67,211.63,213.08,31197127,5.3412062353,5.2297560635,5.2655881587,1247885080,0.0,1.0
13-11-2017,212.63,217.17,212.01,216.14,14398431,5.2544678533,5.2391465436,5.3412062353,575937240,0.0,1.0
14-11-2017,214.18,214.8,211.23,213.0,13101484,5.2927711274,5.2198713476,5.2636112155,524059360,0.0,1.0
15-11-2017,209.98,212.0,207.8,211.95,12427082,5.1889816104,5.1351099088,5.2376638362,497083280,0.0,1.0
16-11-2017,211.61,214.2,211.25,212.98,9947915,5.2292618277,5.2203655834,5.2631169797,397916600,0.0,1.0
17-11-2017,211.36,215.35,210.75,213.92,12702474,5.2230838803,5.2080096886,5.286346062,508098960,0.0,1.0
20-11-2017,214.08,214.57,210.5,211.99,9828414,5.2902999484,5.2018317411,5.2386523078,393136560,0.0,1.0
21-11-2017,216.05,216.52,214.4,215.69,9858634,5.3389821742,5.2982077211,5.3300859299,394345360,0.0,1.0
22-11-2017,214.93,217.0,213.61,217.0,8766814,5.3150117381,5.2823694104,5.366200843,350672560,0.15,1.0
24-11-2017,216.96,217.0,214.6,215.59,4517982,5.3652116815,5.3068511562,5.331332902,180719280,0.0,1.0
27-11-2017,214.14,217.36,214.01,217.31,10477983,5.2954757996,5.2922610249,5.3738668442,419119320,0.0,1.0
28-11-2017,210.71,214.73,208.24,214.35,12677148,5.2106552056,5.1495744863,5.3006688972,507085920,0.0,1.0
29-11-2017,196.42,210.12,191.23,210.01,34865791,4.8572772791,4.7289335816,5.1933448803,1394631640,0.0,1.0
30-11-2017,200.71,202.68,196.65,199.2,20564479,4.9633648442,4.8629649575,4.9260239996,822579160,0.0,1.0
01-12-2017,197.68,200.13,192.47,199.31,20249432,4.8884358647,4.7595975864,4.9287441936,809977280,0.0,1.0
04-12-2017,186.66,200.3,184.5,200.05,31021123,4.6159218864,4.5625071683,4.9470436803,1240844920,0.0,1.0
05-12-2017,187.74,192.7,180.58,182.4,24480558,4.6426292454,4.4655693466,4.5105761924,979222320,0.0,1.0
06-12-2017,189.26,190.14,184.84,185.7,11464458,4.6802173804,4.5709150406,4.5921820117,458578320,0.0,1.0
07-12-2017,191.99,193.6,190.12,191.96,13190983,4.747727649,4.7014843514,4.7469857779,527639320,0.0,1.0
08-12-2017,191.49,194.78,191.15,194.01,11483868,4.735363131,4.7269552587,4.797680302,459354720,0.0,1.0
11-12-2017,194.66,194.78,191.42,192.06,9106693,4.8137541755,4.7336320984,4.7494586816,364267720,0.0,1.0
12-12-2017,190.84,193.84,189.89,192.9,11296559,4.7192892575,4.6957966731,4.7702310719,451862360,0.0,1.0
13-12-2017,186.18,192.55,185.88,192.5,13744496,4.604051949,4.5966332382,4.7603394575,549779840,0.0,1.0
14-12-2017,186.47,189.34,184.6,185.92,10871746,4.6112233695,4.5649800719,4.5976223996,434869840,0.0,1.0
15-12-2017,191.56,192.38,185.62,188.25,16090200,4.7370941635,4.5902036888,4.6552410539,643608000,0.0,1.0
18-12-2017,197.9,198.02,192.0,193.2,11730697,4.8938762526,4.7479749394,4.7776497828,469227880,0.0,1.0
19-12-2017,196.11,197.73,194.96,197.52,9217358,4.8496112779,4.8211728864,4.8844792189,368694320,0.0,1.0
20-12-2017,196.8,198.07,194.55,197.7,7185318,4.8666743129,4.8110339816,4.8889304454,287412720,0.0,1.0
21-12-2017,195.89,197.95,195.55,196.94,7458634,4.84417089,4.8357630177,4.8701363779,298345360,0.0,1.0
22-12-2017,195.27,195.65,191.25,194.4,11613423,4.8288388876,4.7294281623,4.8073246261,464536920,0.0,1.0
26-12-2017,197.44,197.75,191.82,193.03,8821296,4.882500896,4.7435237129,4.7734458466,352851840,0.0,1.0
27-12-2017,197.17,199.97,196.31,196.9,8097374,4.8758240563,4.8545570852,4.8691472165,323894960,0.0,1.0
28-12-2017,197.4,199.38,197.15,198.13,5978211,4.8815117346,4.8753294755,4.8995639309,239128440,0.0,1.0
29-12-2017,193.5,198.46,193.5,198.46,6896330,4.7850684936,4.7850684936,4.9077245129,275853200,0.0,1.0
02-01-2018,199.35,199.5,194.5,195.78,8303752,4.929733355,4.8097975297,4.841450696,332150080,0.0,1.0
03-01-2018,212.47,213.7,203.75,204.1,22499518,5.2541783092,5.0385411141,5.0471962767,899980720,0.0,1.0
04-01-2018,213.59,218.05,212.69,215.76,14346675,5.2818748297,5.2596186972,5.3355368381,573867000,0.0,1.0
05-01-2018,215.4,216.91,211.08,214.19,14008768,5.3266343851,5.219804949,5.2967122514,560350720,0.0,1.0
08-01-2018,222.0,225.0,218.58,220.4,21190932,5.4898460237,5.4052727201,5.4502795658,847637280,0.0,1.0
09-01-2018,221.94,223.82,218.64,222.22,11750593,5.4883622815,5.4067564622,5.4952864116,470023720,0.0,1.0
10-01-2018,223.68,223.82,216.0,218.2,14087612,5.5313908044,5.3414718068,5.3958756863,563504480,0.0,1.0
11-01-2018,224.08,226.27,223.21,225.0,9812137,5.5412824188,5.5197681574,5.5640331321,392485480,0.0,1.0
12-01-2018,222.98,224.99,221.34,223.6,8931936,5.5140804791,5.4735248598,5.5294124815,357277440,0.0,1.0
16-01-2018,220.11,227.51,216.69,224.05,17104812,5.4431081454,5.3585348418,5.5405405478,684192480,0.0,1.0
17-01-2018,224.72,225.12,216.9,220.7,13112629,5.557109002,5.3637279393,5.4576982767,524505160,0.0,1.0
18-01-2018,224.44,226.64,222.68,223.94,10071489,5.5501848719,5.5066617683,5.5378203538,402859560,0.0,1.0
19-01-2018,230.11,231.09,227.0,228.09,14544968,5.6903985068,5.6134912044,5.6404458538,581798720,0.0,1.0
22-01-2018,233.69,233.76,228.1,230.43,9614659,5.7789284562,5.6406931441,5.6983117984,384586360,0.0,1.0
23-01-2018,238.91,239.83,235.1,235.85,11293069,5.9080140248,5.8137963971,5.8323431742,451722760,0.0,1.0
24-01-2018,235.8,240.49,233.55,239.04,14406492,5.8311067224,5.7754663911,5.9112287995,576259680,0.0,1.0
25-01-2018,236.35,239.75,235.75,238.0,10105341,5.8447076923,5.8298702706,5.885510602,404213640,0.0,1.0
26-01-2018,243.33,243.34,237.6,238.12,12755309,6.0173163646,5.8756189875,5.8884780863,510212360,0.0,1.0
29-01-2018,246.85,248.11,240.61,242.74,11282948,6.1043625718,5.9500533863,6.0027262333,451317920,0.0,1.0
30-01-2018,242.72,246.42,238.41,241.11,14133180,6.0022316525,5.8956495068,5.9624179044,565327200,0.0,1.0
31-01-2018,245.8,249.27,244.45,245.77,11818115,6.0783970839,6.0450128851,6.0776552128,472724600,0.0,1.0
01-02-2018,240.5,246.9,238.06,238.52,12716271,5.9473331923,5.8869943441,5.8983697007,508650840,0.0,1.0
02-02-2018,233.52,237.97,231.17,237.0,17794503,5.77472452,5.7166112851,5.8607815658,711780120,0.0,1.0
05-02-2018,213.7,233.23,205.0,227.0,27907654,5.2845950237,5.0694524092,5.6134912044,1116306160,0.0,1.0
06-02-2018,225.58,225.7,204.0,204.4,26591746,5.5783759731,5.0447233731,5.0546149876,1063669840,0.0,1.0
07-02-2018,228.8,234.97,226.7,229.58,19931234,5.6580034694,5.6060724935,5.6772921176,797249360,0.0,1.0
08-02-2018,217.52,235.22,217.51,233.88,21664353,5.3790599418,5.3788126514,5.783626973,866574120,0.0,1.0
09-02-2018,232.08,238.89,217.52,238.25,41044898,5.739114708,5.3790599418,5.891692861,1641795920,0.0,1.0
12-02-2018,228.03,235.48,225.03,235.36,27179807,5.6389621116,5.5647750032,5.8202259465,1087192280,0.0,1.0
13-02-2018,232.63,234.5,225.25,226.56,15573359,5.7527156779,5.5702153911,5.6026104285,622934360,0.0,1.0
14-02-2018,241.42,242.59,230.55,231.0,18453757,5.9700839056,5.7012792827,5.712407349,738150280,0.0,1.0
15-02-2018,246.5,248.37,241.52,244.79,17392024,6.0957074092,5.9725568092,6.0534207574,695680960,0.0,1.0
16-02-2018,243.84,250.0,243.47,245.4,15812549,6.029928173,6.0207784297,6.0685054694,632501960,0.0,1.0
20-02-2018,249.08,251.87,244.6,244.75,17075723,6.1595083224,6.0487222405,6.0524315959,683028920,0.0,1.0
21-02-2018,241.51,251.97,241.36,251.69,21021844,5.9723095188,5.9686001634,6.2240511067,840873760,0.0,1.0
22-02-2018,242.15,245.63,239.5,242.73,12998992,5.9918454574,5.9262729178,6.006197183,519959680,0.15,1.0
23-02-2018,245.93,245.93,242.52,244.57,10258215,6.0853791176,6.0010008686,6.0517267954,410328600,0.0,1.0
26-02-2018,246.58,247.98,244.06,247.8,11145830,6.1014629481,6.0391071746,6.1316510606,445833200,0.0,1.0
27-02-2018,246.06,248.91,245.13,245.5,11323269,6.0885958837,6.065583634,6.0747390452,452930760,0.0,1.0
28-02-2018,242.0,248.1,241.53,246.5,12950470,5.9881338042,5.9765039575,6.0994833997,518018800,0.0,1.0
01-03-2018,232.21,244.09,228.12,241.91,26002972,5.745886573,5.6446821629,5.9859068123,1040118880,0.0,1.0
02-03-2018,236.54,236.8,221.85,227.86,22835685,5.8530296283,5.4895350597,5.6382486307,913427400,0.0,1.0
05-03-2018,235.65,237.25,229.52,234.51,15519413,5.8310071527,5.6793242592,5.8027985885,620776520,0.0,1.0
06-03-2018,242.16,242.94,237.36,239.1,15920243,5.9920929009,5.873319999,5.916375176,636809720,0.0,1.0
07-03-2018,241.84,243.95,237.95,238.0,14530226,5.9841747075,5.8879191682,5.8891563859,581209040,0.0,1.0
08-03-2018,241.18,242.95,239.39,242.95,10163665,5.9678434334,5.9235510388,6.011640941,406546600,0.0,1.0
09-03-2018,245.33,245.85,242.45,243.1,12580234,6.0705325049,5.9992687637,6.0153525942,503209360,0.0,1.0
12-03-2018,249.76,253.0,246.67,247.0,15056073,6.1801499956,6.10368994,6.111855577,602242920,0.0,1.0
13-03-2018,247.71,254.5,246.04,251.49,15408000,6.1294240687,6.0881009966,6.222957729,616320000,0.0,1.0
14-03-2018,248.74,250.55,246.22,249.45,12573947,6.1549107539,6.0925549804,6.1724792457,502957880,0.0,1.0
15-03-2018,249.34,252.62,247.64,249.29,9992834,6.1697573667,6.1276919639,6.1685201489,399713360,0.0,1.0
16-03-2018,250.48,251.25,248.48,250.0,9634107,6.1979659309,6.1484772218,6.1860886407,385364280,0.0,1.0
19-03-2018,241.0,249.35,237.0,248.18,17472128,5.9633894496,5.8644120314,6.1410539154,698885120,0.0,1.0
20-03-2018,249.58,251.15,241.12,241.12,13725505,6.1756960118,5.9663587722,5.9663587722,549020200,0.0,1.0
21-03-2018,248.56,252.0,247.33,249.32,10841782,6.1504567701,6.120021214,6.1692624796,433671280,0.0,1.0
22-03-2018,241.85,247.88,240.34,246.0,13663927,5.984422151,5.9470581756,6.0871112224,546557080,0.0,1.0
23-03-2018,232.97,242.5,232.52,242.4,18225390,5.7646922825,5.7535573229,5.998031546,729015600,0.0,1.0
26-03-2018,244.48,244.53,235.9,238.0,15130542,6.0494998035,5.8371932414,5.8891563859,605221680,0.0,1.0
27-03-2018,225.52,250.0,219.85,247.75,34462113,5.580346841,5.4400463506,6.1304138429,1378484520,0.0,1.0
28-03-2018,221.35,229.39,217.0,224.13,23647648,5.4771628825,5.3695249401,5.5459521881,945905920,0.0,1.0
29-03-2018,231.59,235.5,220.7,224.11,22915692,5.7305450732,5.461079052,5.5454573011,916627680,0.0,1.0
02-04-2018,221.05,234.65,217.5,228.74,23052315,5.4697395761,5.3818971174,5.6600236627,922092600,0.0,1.0
03-04-2018,225.35,230.35,221.35,227.8,16685759,5.5761403007,5.4771628825,5.6367639694,667430360,0.0,1.0
04-04-2018,226.24,226.66,214.0,215.01,19729161,5.5981627763,5.2952918764,5.3202836745,789166440,0.0,1.0
05-04-2018,221.38,229.13,218.49,228.6,17530973,5.4779052131,5.4063940284,5.656559453,701238920,0.0,1.0
06-04-2018,214.25,221.6,213.07,217.23,16574720,5.3014779651,5.2722796267,5.3752161417,662988800,0.0,1.0
09-04-2018,215.41,221.97,214.6,216.8,12488120,5.3301814164,5.3101384892,5.3645760692,499524800,0.0,1.0
10-04-2018,227.91,229.0,222.41,224.72,19118807,5.6394858484,5.5033918983,5.5605513573,764752280,0.0,1.0
11-04-2018,226.24,228.98,224.92,227.31,11506057,5.5981627763,5.5655002283,5.6246392357,460242280,0.0,1.0
12-04-2018,234.6,235.32,228.21,230.0,14847950,5.8050255804,5.6469091548,5.6912015494,593918000,0.0,1.0
13-04-2018,231.5,237.51,229.55,237.17,12575892,5.7283180813,5.6800665899,5.8686185716,503035680,0.0,1.0
16-04-2018,231.49,232.84,227.68,231.77,8769776,5.7280706377,5.6337946468,5.734999057,350791040,0.0,1.0
17-04-2018,237.54,238.4,231.35,233.6,11180638,5.8777739828,5.7246064281,5.7802812259,447225520,0.0,1.0
18-04-2018,236.37,239.25,232.77,235.5,9784058,5.848823088,5.7597434116,5.8272954995,391362320,0.0,1.0
19-04-2018,229.04,233.1,226.8,231.75,11799933,5.6674469691,5.6120196148,5.7345041699,471997320,0.0,1.0
20-04-2018,228.71,232.1,227.45,228.69,9654966,5.659281332,5.6281034453,5.658786445,386198640,0.0,1.0
23-04-2018,223.88,231.5,222.83,229.43,10687723,5.5397660995,5.5137845272,5.6770972673,427508920,0.0,1.0
24-04-2018,221.2,228.8,218.56,224.92,10364894,5.4734512293,5.4081261332,5.5655002283,414595760,0.0,1.0
25-04-2018,216.66,221.58,210.3,220.0,14712343,5.3611118596,5.2037377645,5.4437580038,588493720,0.0,1.0
26-04-2018,225.22,225.55,220.53,223.2,9395574,5.5729235346,5.4568725117,5.5229399384,375822960,0.0,1.0
27-04-2018,226.33,230.3,224.62,229.5,10021245,5.6003897682,5.5580769219,5.6788293722,400849800,0.0,1.0
30-04-2018,224.9,229.0,224.12,226.99,8196067,5.5650053412,5.5457047446,5.6167210422,327842680,0.0,1.0
01-05-2018,227.14,227.25,222.2,224.57,6344727,5.6204326954,5.4981955838,5.5568397042,253789080,0.0,1.0
02-05-2018,226.31,228.8,225.25,227.0,6706185,5.5998948811,5.5736658653,5.6169684857,268247400,0.0,1.0
03-05-2018,232.99,234.05,225.77,227.6,11078640,5.7651871696,5.5865329296,5.6318150985,443145600,0.0,1.0
04-05-2018,239.06,239.19,231.13,231.83,10016538,5.9153854018,5.7191626701,5.7364837183,400661520,0.0,1.0
07-05-2018,248.68,250.99,242.89,243.29,17190378,6.1534260927,6.0101562797,6.0200540216,687615120,0.0,1.0
08-05-2018,250.4,250.51,246.71,248.69,12665374,6.1959863825,6.1046797142,6.1536735362,506614960,0.0,1.0
09-05-2018,255.78,255.87,250.11,251.21,14918980,6.3291110101,6.1888105197,6.2160293097,596759200,0.0,1.0
10-05-2018,260.13,260.5,257.2,257.92,24852029,6.4367489524,6.3642479935,6.3820639288,994081160,0.0,1.0
11-05-2018,254.53,259.79,250.54,252.78,30361406,6.2981805669,6.1994505922,6.2548779464,1214456240,0.0,1.0
14-05-2018,255.36,258.49,254.4,256.07,13078477,6.3187183811,6.2949638008,6.3362868729,523139080,0.0,1.0
15-05-2018,245.56,252.9,241.5,252.79,24088210,6.0762237064,5.9757616269,6.2551253899,963528400,0.0,1.0
16-05-2018,246.01,248.52,242.51,244.0,13845706,6.087358666,6.000753425,6.0376225133,553828240,0.0,1.0
17-05-2018,247.71,251.5,245.43,246.08,12994605,6.1294240687,6.0730069403,6.0890907708,519784200,0.0,1.0
18-05-2018,245.94,252.37,245.74,249.81,12092942,6.0856265612,6.0806776902,6.1813872133,483717680,0.0,1.0
21-05-2018,244.24,250.03,240.49,249.88,16015620,6.0435611584,5.9507698288,6.1831193181,640624800,0.0,1.0
22-05-2018,242.7,245.8,240.25,244.78,12956637,6.0054548524,5.9448311837,6.0569231099,518265480,0.0,1.0
23-05-2018,247.54,247.59,240.25,240.28,11073926,6.1289291816,5.9484335295,5.94917631,442957040,0.15,1.0
24-05-2018,247.69,249.4,245.24,247.39,10934295,6.132643084,6.0719826796,6.1252152793,437371800,0.0,1.0
25-05-2018,249.28,249.94,246.76,248.2,7302782,6.1720104484,6.1096168896,6.1452703518,292111280,0.0,1.0
29-05-2018,248.59,251.34,246.7,248.55,8817083,6.1549264978,6.1081313287,6.1539361239,352683320,0.0,1.0
30-05-2018,252.99,253.34,248.95,249.95,9774864,6.2638676322,6.1638398633,6.1885992121,390994560,0.0,1.0
31-05-2018,252.19,255.2,251.27,251.7,12346709,6.2440601532,6.2212815524,6.2319280723,493868360,0.0,1.0
01-06-2018,257.62,257.87,253.65,254.0,10549248,6.3785034167,6.2802088023,6.2888745744,421969920,0.0,1.0
04-06-2018,264.85,265.74,257.7,259.0,16050641,6.557513508,6.3804841646,6.412671318,642025640,0.0,1.0
05-06-2018,265.07,266.59,263.17,264.98,9792801,6.5629605647,6.5159178021,6.5607322233,391712040,0.0,1.0
06-06-2018,265.15,265.28,260.77,261.43,9283856,6.5649413126,6.4564953652,6.4728365353,371354240,0.0,1.0
07-06-2018,262.9,265.48,259.25,265.0,9236216,6.509232778,6.4188611551,6.5612274103,369448640,0.0,1.0
08-06-2018,262.28,264.0,259.2,259.96,9011443,6.4938819817,6.4176231877,6.4364402927,360457720,0.0,1.0
11-06-2018,260.62,263.45,260.1,261.77,6634253,6.4527814629,6.4399066015,6.4812547139,265370120,0.0,1.0
12-06-2018,262.58,263.07,259.66,261.69,7978985,6.5013097864,6.4290124881,6.479273966,319159400,0.0,1.0
13-06-2018,262.4,265.67,262.03,262.64,8455159,6.4968531036,6.4876921446,6.5027953473,338206360,0.0,1.0
14-06-2018,266.91,269.2,263.62,264.22,10750411,6.6085177663,6.527059509,6.5419151183,430016440,0.0,1.0
15-06-2018,265.26,267.48,263.35,264.6,10806488,6.5676648409,6.5203744849,6.5513236708,432259520,0.0,1.0
18-06-2018,265.09,265.8,262.38,263.48,8906674,6.5634557516,6.4963579166,6.5235932002,356266960,0.0,1.0
19-06-2018,260.17,263.64,255.02,260.92,14873324,6.441639756,6.3141291101,6.4602092675,594932960,0.0,1.0
20-06-2018,262.31,264.45,260.28,261.83,9244494,6.4946247622,6.4443632843,6.4827402748,369779760,0.0,1.0
21-06-2018,257.11,264.34,256.8,263.6,8987906,6.3658761489,6.3582007508,6.5265643221,359516240,0.0,1.0
22-06-2018,250.95,258.49,250.33,257.95,10853954,6.2133585608,6.1980077646,6.3866740018,434158160,0.0,1.0
25-06-2018,239.12,246.8,235.54,246.65,16645431,5.9204554654,5.831816997,6.1068933613,665817240,0.0,1.0
26-06-2018,241.99,245.65,239.91,243.7,11972137,5.9915147963,5.9400153509,6.0338532826,478885480,0.0,1.0
27-06-2018,235.72,246.43,235.5,243.75,11347303,5.8362736798,5.8308266231,6.03509125,453892120,0.0,1.0
28-06-2018,240.86,241.34,235.01,235.32,8450297,5.9635367322,5.8186945422,5.8263699403,338011880,0.0,1.0
29-06-2018,236.9,244.0,236.85,243.49,9807477,5.8654897113,5.8642517439,6.0286538193,392299080,0.0,1.0
02-07-2018,242.24,242.39,233.26,234.09,8939348,5.9977046334,5.775365682,5.7959159414,357573920,0.0,1.0
03-07-2018,236.84,243.88,236.5,243.64,5568325,5.8640041504,5.8555859718,6.0323677216,222733000,0.0,1.0
05-07-2018,242.73,242.93,237.5,239.07,7655448,6.0098367143,5.8803453205,5.919217498,306217920,0.0,1.0
06-07-2018,247.33,247.67,240.88,241.74,7408822,6.1237297184,5.9640319192,5.9853249591,296352880,0.0,1.0
09-07-2018,249.25,250.72,246.07,250.33,7597022,6.171267668,6.092532939,6.1980077646,303880880,0.0,1.0
10-07-2018,253.25,254.14,248.12,249.75,9000390,6.2703050628,6.1432896039,6.1836473423,360015600,0.0,1.0
11-07-2018,247.53,250.9,247.1,249.5,9187660,6.1286815882,6.1180350682,6.1774575051,367506400,0.0,1.0
12-07-2018,251.23,253.17,248.96,249.36,8637673,6.2202911784,6.1640874568,6.1739911963,345506920,0.0,1.0
13-07-2018,249.32,251.98,247.62,251.98,6179078,6.1730008224,6.1309099295,6.23886069,247163120,0.0,1.0
16-07-2018,248.2,250.34,247.7,248.2,4925926,6.1452703518,6.1328906774,6.1452703518,197037040,0.0,1.0
17-07-2018,253.69,254.3,245.18,246.21,9053395,6.2811991763,6.0704971187,6.0959992479,362135800,0.0,1.0
18-07-2018,251.7,253.95,249.64,253.39,6941041,6.2319280723,6.180923814,6.2737713716,277641640,0.0,1.0
19-07-2018,252.03,253.39,250.33,250.94,5893783,6.2400986574,6.1980077646,6.2131109673,235751320,0.0,1.0
20-07-2018,250.89,253.5,250.45,251.93,5562161,6.2118729999,6.2009788864,6.2376227225,222486440,0.0,1.0
23-07-2018,249.41,249.89,243.28,249.82,7539621,6.1752291637,6.0234543561,6.1853804967,301584840,0.0,1.0
24-07-2018,248.71,254.85,248.0,251.35,8865545,6.1578976196,6.1403184821,6.2232623003,354621800,0.0,1.0
25-07-2018,251.87,252.38,246.75,249.09,8004551,6.2361371616,6.1093692962,6.1673061722,320182040,0.0,1.0
26-07-2018,254.84,256.33,250.38,251.06,8128128,6.3096724273,6.199245732,6.2160820891,325125120,0.0,1.0
27-07-2018,252.02,256.6,249.84,256.32,7385535,6.2398510639,6.1858756837,6.3463162634,295421400,0.0,1.0
30-07-2018,244.13,252.83,242.72,252.59,8508539,6.0444998025,6.0095891208,6.2539638927,340341560,0.0,1.0
31-07-2018,244.86,247.88,242.14,243.71,7099696,6.0625741271,5.9952286986,6.0341008761,283987840,0.0,1.0
01-08-2018,246.47,248.36,243.89,246.13,7088889,6.1024366785,6.0385575588,6.0940185,283555560,0.0,1.0
02-08-2018,250.62,250.78,241.21,243.59,6741689,6.2051879757,5.9722025043,6.0311297542,269667560,0.0,1.0
03-08-2018,252.1,253.06,250.93,251.61,5357202,6.2418318118,6.2128633738,6.2296997309,214288080,0.0,1.0
06-08-2018,254.03,254.17,249.71,251.59,5187665,6.2896173548,6.1826569684,6.229204544,207506600,0.0,1.0
07-08-2018,256.95,257.7,254.92,256.0,6453260,6.3619146531,6.3116531752,6.3383932718,258130400,0.0,1.0
08-08-2018,258.42,260.24,255.59,257.0,6552462,6.3983108957,6.3282419388,6.3631526205,262098480,0.0,1.0
09-08-2018,256.46,259.25,256.15,259.14,5106962,6.3497825722,6.3421071741,6.4161376268,204278480,0.0,1.0
10-08-2018,254.79,256.1,252.7,253.15,6415668,6.3084344599,6.256687421,6.267829128,256626720,0.0,1.0
13-08-2018,256.12,261.0,255.07,255.14,9380158,6.3413643936,6.3153670775,6.3171002319,375206320,0.0,1.0
14-08-2018,261.43,262.0,257.02,260.38,11655486,6.4728365353,6.3636478075,6.4468392192,466219440,0.0,1.0
15-08-2018,259.08,263.64,255.9,262.27,14778394,6.4146520659,6.3359173369,6.4936343883,591135760,0.0,1.0
16-08-2018,257.44,262.0,255.01,261.9,20031476,6.374046734,6.3138815166,6.4844734292,801259040,0.0,1.0
17-08-2018,244.82,252.97,243.73,252.94,28579694,6.0615837531,6.034596063,6.2626296647,1143187760,0.0,1.0
20-08-2018,247.84,253.2,238.72,243.18,21359655,6.1363569863,5.910551726,6.0209784212,854386200,0.0,1.0
21-08-2018,253.32,253.5,247.7,248.5,16849710,6.2720382172,6.1328906774,6.1526981564,673988400,0.0,1.0
22-08-2018,262.82,263.02,251.86,252.0,18746422,6.5072520301,6.2358895681,6.2393558769,749856880,0.0,1.0
23-08-2018,266.84,269.48,260.7,261.26,18017114,6.6067846119,6.4547622108,6.4686274461,720684560,0.0,1.0
24-08-2018,272.22,272.81,267.0,267.18,13287762,6.739989908,6.6107461077,6.6152027905,531510480,0.0,1.0
27-08-2018,275.9,278.9,272.15,273.42,12644437,6.8311043113,6.7382567536,6.7697011265,505777480,0.0,1.0
28-08-2018,274.38,276.58,269.53,275.66,11884595,6.7934701012,6.67338726,6.8251620676,475383800,0.0,1.0
29-08-2018,278.49,279.5,273.08,273.92,10502741,6.8989449268,6.7649247032,6.7857337583,420109640,0.15,1.0
30-08-2018,277.81,281.72,276.32,277.23,8665230,6.8820995013,6.8451882013,6.8677313442,346609200,0.0,1.0
31-08-2018,280.68,281.2,276.6,277.0,7664750,6.953197106,6.8521245529,6.8620336268,306590000,0.0,1.0
04-09-2018,283.7,285.22,279.0,280.15,9793027,7.0280106134,6.9115789959,6.9400675832,391721080,0.0,1.0
05-09-2018,278.42,284.42,275.15,282.99,9828919,6.8972108389,6.8162041603,7.0104220074,393156760,0.0,1.0
06-09-2018,272.72,277.86,271.39,277.76,8069889,6.7560065368,6.7230588663,6.880860867,322795560,0.0,1.0
07-09-2018,271.86,276.93,267.19,269.0,7385468,6.7347020281,6.6190135911,6.6638521502,295418720,0.0,1.0
10-09-2018,274.73,275.93,271.0,272.77,5503457,6.8057996328,6.7133975193,6.757245171,220138280,0.0,1.0
11-09-2018,272.8,276.4,272.02,272.86,6077818,6.7579883516,6.7386656576,6.7594747126,243112720,0.0,1.0
12-09-2018,268.2,271.98,261.92,271.19,10477259,6.6440340025,6.4884615434,6.7181043294,419090360,0.0,1.0
13-09-2018,271.34,275.0,270.16,270.86,7638387,6.7218202321,6.6925884643,6.7099293435,305535480,0.0,1.0
14-09-2018,276.43,279.1,273.5,274.99,9673380,6.8479131966,6.7753292308,6.8122405308,386935200,0.0,1.0
17-09-2018,273.93,277.38,273.15,275.4,5138189,6.7859814851,6.7666587912,6.8223973314,205527560,0.0,1.0
18-09-2018,271.02,278.24,270.75,274.09,7488023,6.713892973,6.7072043482,6.7899451147,299520920,0.0,1.0
19-09-2018,271.98,272.7,268.25,270.27,5621465,6.7376747502,6.6452726367,6.6953134596,224858600,0.0,1.0
20-09-2018,266.28,268.76,264.1,267.05,10764569,6.5964704481,6.5424659958,6.6155454153,430582760,0.0,1.0
21-09-2018,263.45,268.6,262.11,266.76,10878157,6.5263637508,6.4931683535,6.6083613367,435126280,0.0,1.0
24-09-2018,265.7,265.84,258.68,262.2,7347826,6.5821022911,6.4081980454,6.4953978951,293913040,0.0,1.0
25-09-2018,268.41,269.42,264.91,268.37,7009746,6.6492362663,6.5625318703,6.6482453589,280389840,0.0,1.0
26-09-2018,266.92,270.24,266.28,268.61,6713688,6.6123249663,6.5964704481,6.6541908032,268547520,0.0,1.0
27-09-2018,267.4,269.2,266.13,268.34,5360717,6.6242158549,6.5927545455,6.6475021784,214428680,0.0,1.0
28-09-2018,281.02,281.92,271.6,272.73,17734914,6.9616198187,6.7282611301,6.7562542636,709396560,0.0,1.0
01-10-2018,289.36,292.06,282.6,284.16,15551453,7.1682240081,7.0007606604,7.0394060483,622058120,0.0,1.0
02-10-2018,286.48,292.76,285.58,288.25,9599118,7.0968786765,7.0745832604,7.1407263282,383964720,0.0,1.0
03-10-2018,286.73,289.62,282.53,289.32,8013769,7.1030718477,6.9990265725,7.1672331007,320550760,0.0,1.0
04-10-2018,279.29,286.25,276.18,285.27,9780489,6.9187630744,6.8417200254,7.0669037282,391219560,0.0,1.0
05-10-2018,269.86,280.8,267.54,278.29,10665861,6.6851566589,6.6276840307,6.8939903899,426634440,0.0,1.0
08-10-2018,265.77,271.16,260.08,266.5,10215265,6.583836379,6.4428798038,6.6019204387,408610600,0.0,1.0
09-10-2018,265.54,268.76,262.8,264.94,6837493,6.5781386616,6.5102615058,6.5632750508,273499720,0.0,1.0
10-10-2018,245.69,263.11,245.6,261.26,17123454,6.0864008728,6.0841713312,6.4721115716,684938160,0.0,1.0
11-10-2018,235.13,247.56,234.26,242.17,18135929,5.8248013237,5.8032490881,5.9992010231,725437160,0.0,1.0
12-10-2018,246.54,249.54,239.65,245.51,15205917,6.1074576547,5.936773858,6.0819417896,608236680,0.0,1.0
15-10-2018,235.38,246.0,235.34,246.0,11244032,5.8309944948,5.8300035874,6.094080405,449761280,0.0,1.0
16-10-2018,245.83,246.28,237.94,239.93,10217795,6.0898690486,5.8944125673,5.9437102096,408711800,0.0,1.0
17-10-2018,243.06,249.88,241.08,248.34,8241701,6.0212487123,5.9721987969,6.1520484869,329668040,0.0,1.0
18-10-2018,239.53,247.41,237.09,245.86,13100548,5.9338011358,5.8733557854,6.0906122292,524021920,0.0,1.0
19-10-2018,229.17,242.55,227.7,241.76,15340249,5.6771561236,5.6407402773,5.9890442224,613609960,0.0,1.0
22-10-2018,231.22,235.32,227.07,231.28,9221091,5.727940127,5.625133486,5.7294264881,368843640,0.0,1.0
23-10-2018,221.06,224.19,216.71,220.43,15660945,5.4762496517,5.3684884738,5.4606428605,626437800,0.0,1.0
24-10-2018,199.41,221.39,198.85,219.51,22107199,4.9399210307,4.9260483274,5.4378519907,884287960,0.0,1.0
25-10-2018,207.84,209.75,193.68,195.47,23793040,5.1487547617,4.7979735481,4.8423166535,951721600,0.0,1.0
26-10-2018,198.29,204.84,193.12,198.31,16619628,4.912175624,4.7841008448,4.9126710777,664785120,0.0,1.0
29-10-2018,185.62,204.13,176.01,203.99,18950441,4.5983057105,4.3602402117,5.0533799261,758017640,0.0,1.0
30-10-2018,203.0,203.4,185.62,186.55,20179768,5.0288549683,4.5983057105,4.6213443071,807190720,0.0,1.0
31-10-2018,210.83,212.59,204.01,209.65,18644304,5.2228250886,5.0538753798,5.1935933208,745772160,0.0,1.0
01-11-2018,218.11,218.49,207.19,212.3,14163208,5.4031702322,5.1326525167,5.2592409349,566528320,0.0,1.0
02-11-2018,214.92,222.0,210.21,217.73,11324002,5.3241453685,5.2074660241,5.3937566121,452960080,0.0,1.0
05-11-2018,211.77,215.33,205.28,214.39,9483260,5.2461114121,5.0853366892,5.3110158456,379330400,0.0,1.0
06-11-2018,211.06,214.85,209.56,211.45,7475259,5.228522806,5.1913637791,5.238184153,299010360,0.0,1.0
07-11-2018,213.79,217.41,211.18,213.75,12095301,5.2961522349,5.2314955282,5.2951613275,483812040,0.0,1.0
08-11-2018,205.99,211.43,203.83,211.4,12783823,5.1029252952,5.0494162965,5.2369455188,511352920,0.0,1.0
09-11-2018,205.67,209.32,201.04,202.4,10331049,5.0949980362,4.9803005066,5.0139913576,413241960,0.0,1.0
12-11-2018,189.54,202.87,188.66,201.98,15427947,4.695414634,4.6736146716,5.0035868301,617117880,0.0,1.0
13-11-2018,199.31,204.21,193.24,193.49,16117775,4.9374437623,4.7870735669,4.7932667381,644711000,0.0,1.0
14-11-2018,197.19,206.88,192.83,206.3,13164471,4.884925671,4.7769167662,5.1106048274,526578840,0.0,1.0
15-11-2018,202.39,205.3,195.5,196.95,21017716,5.0137436308,4.8430598341,4.8789802267,840708640,0.0,1.0
16-11-2018,164.43,170.66,161.61,163.32,49087977,4.0733725244,4.0035135539,4.0458748445,1963519080,0.0,1.0
19-11-2018,144.7,161.82,144.63,161.79,42445505,3.5846074577,3.5828733698,4.0079726371,1697820200,0.0,1.0
20-11-2018,149.08,154.26,133.31,134.06,42300828,3.6931118162,3.3024465804,3.3210260939,1692033120,0.0,1.0
21-11-2018,144.71,155.3,143.61,154.62,25637350,3.5848551846,3.5576052315,3.8303524887,1025494000,0.0,1.0
23-11-2018,145.0,149.59,142.7892,143.31,10299211,3.5920392631,3.5372718121,3.5501734262,411968440,0.0,1.0
26-11-2018,153.05,153.47,146.56,149.89,20370806,3.7914593739,3.630684651,3.7131776907,814832240,0.0,1.0
27-11-2018,153.73,157.01,150.55,152.0,18451506,3.8083047994,3.7295276625,3.7654480551,738060240,0.0,1.0
28-11-2018,160.07,160.28,153.13,158.48,20113137,3.9653636196,3.7934411887,3.9259750512,804525480,0.0,1.0
29-11-2018,157.36,161.5,156.14,160.0,13729340,3.902193274,3.8719398691,3.9676596583,549173600,0.16,1.0
30-11-2018,163.43,163.86,155.72,157.75,18239114,4.0527163622,3.8615247625,3.9118644444,729564560,0.0,1.0
03-12-2018,170.04,174.68,167.34,172.6,22270109,4.2166303019,4.1496760452,4.2801128564,890804360,0.0,1.0
04-12-2018,157.11,168.44,156.5,168.24,20302787,3.8959938057,3.8808671033,4.1719941307,812111480,0.0,1.0
06-12-2018,158.29,158.492,150.81,151.44,17307741,3.9252552957,3.7397672067,3.7553898666,692309640,0.0,1.0
07-12-2018,147.61,158.87,145.62,158.46,17041949,3.6604140135,3.6110662465,3.9294709341,681677960,0.0,1.0
10-12-2018,151.86,152.86,145.65,145.8,15736835,3.7658049732,3.6118101827,3.6155298636,629473400,0.0,1.0
11-12-2018,148.19,155.89,145.0,155.56,16797832,3.6747967798,3.5956915654,3.8575571028,671913280,0.0,1.0
12-12-2018,148.9,152.78,144.82,148.42,16353398,3.6924032695,3.5912279482,3.6805002906,654135920,0.0,1.0
13-12-2018,148.89,153.38,147.44,150.79,11784624,3.6921552908,3.6561983751,3.7392712492,471384960,0.0,1.0
14-12-2018,146.45,150.59,145.5,147.21,11795531,3.631648481,3.6080905018,3.6504948644,471821240,0.0,1.0
17-12-2018,143.58,148.15,141.24,145.24,16571683,3.5604785859,3.5024515634,3.6016430548,662867320,0.0,1.0
18-12-2018,146.94,150.33,144.25,145.35,14109251,3.6437994387,3.5770931607,3.6043708209,564370040,0.0,1.0
19-12-2018,138.51,147.74,136.43,145.58,18634147,3.4347533705,3.3831737949,3.6100743316,745365880,0.0,1.0
20-12-2018,135.1,141.8,132.69,138.17,18739697,3.350192624,3.2904297504,3.4263220937,749587880,0.0,1.0
21-12-2018,129.57,137.5,128.46,136.17,21593525,3.2130603871,3.1855347482,3.376726348,863741000,0.0,1.0
24-12-2018,127.08,129.98,124.5,126.49,11595978,3.1513136836,3.0873351716,3.1366829386,463839120,0.0,1.0
26-12-2018,133.1,133.14,124.46,128.94,17377484,3.3005968783,3.0863432567,3.1974377272,695099360,0.0,1.0
27-12-2018,131.17,132.38,125.18,130.99,15926080,3.2527369836,3.1041977252,3.2482733665,637043200,0.0,1.0
28-12-2018,133.65,137.39,130.31,132.0,15712319,3.3142357083,3.231410813,3.2733192181,628492760,0.0,1.0
31-12-2018,133.5,136.71,132.26,135.4,11628503,3.3105160274,3.2797666651,3.3576319859,465140120,0.0,1.0
02-01-2019,136.22,138.48,130.05,130.64,12718840,3.3779662416,3.224963366,3.239594111,508753600,0.0,1.0
03-01-2019,127.99,135.16,127.69,133.79,17638786,3.1738797479,3.1664403861,3.3177074105,705551440,0.0,1.0
04-01-2019,136.19,137.73,129.7,130.94,14640483,3.3772223054,3.2162841105,3.2470334729,585619320,0.0,1.0
07-01-2019,143.4,144.89,136.43,138.5,17728980,3.5560149688,3.3831737949,3.4345053917,709159200,0.0,1.0
08-01-2019,139.83,146.78,136.9,146.69,19650429,3.4674865626,3.3948287952,3.6375999705,786017160,0.0,1.0
09-01-2019,142.58,144.49,139.86,141.9,15431475,3.535680713,3.4682304988,3.5188181595,617259000,0.0,1.0
10-01-2019,145.23,145.58,139.36,141.8,13078906,3.6013950761,3.4558315624,3.5163383722,523156240,0.0,1.0
11-01-2019,148.83,149.75,143.21,144.33,21869066,3.6906674184,3.5513033729,3.5790769905,874762640,0.0,1.0
14-01-2019,150.44,151.46,145.77,146.72,18254249,3.7305919937,3.6147859275,3.6383439067,730169960,0.0,1.0
15-01-2019,149.87,153.35,149.13,151.76,15425251,3.7164572062,3.6981067803,3.7633251859,617010040,0.0,1.0
16-01-2019,148.84,152.3,148.62,150.97,11752592,3.6909153972,3.6854598651,3.7437348664,470103680,0.0,1.0
17-01-2019,151.72,153.33,146.41,147.51,12335905,3.762333271,3.6306565661,3.6579342262,493436200,0.0,1.0
18-01-2019,156.93,157.98,151.65,153.73,16283423,3.8915301886,3.7605974199,3.8121769955,651336920,0.0,1.0
22-01-2019,148.77,156.18,147.55,155.71,16538776,3.6891795461,3.6589261412,3.8612767837,661551040,0.0,1.0
23-01-2019,149.29,154.58,148.03,151.0,14775545,3.7020744399,3.6708291201,3.7444788025,591021800,0.0,1.0
24-01-2019,157.84,158.55,152.51,152.7,17724261,3.9140962529,3.7819235906,3.7866351864,708970440,0.0,1.0
25-01-2019,160.15,160.88,151.3,155.44,28880547,3.9713793393,3.7519181644,3.8545813581,1155221880,0.0,1.0
28-01-2019,138.01,141.64,131.0,136.55,62788169,3.422354434,3.2485213453,3.3861495397,2511526760,0.0,1.0
29-01-2019,131.6,138.1,131.01,136.15,28848347,3.263400069,3.248769324,3.3762303905,1153933880,0.0,1.0
30-01-2019,137.39,137.97,131.46,134.67,24355739,3.4069797529,3.2599283668,3.3395295387,974229560,0.0,1.0
31-01-2019,143.75,145.19,136.38,137.26,21071338,3.5646942243,3.3819339013,3.4037560294,842853520,0.0,1.0
01-02-2019,144.73,146.79,142.58,144.5,15626175,3.5889961397,3.535680713,3.5832926289,625047000,0.0,1.0
04-02-2019,149.18,150.68,144.48,145.37,13215018,3.6993466739,3.5827966715,3.6048667783,528600720,0.0,1.0
05-02-2019,149.95,151.43,148.3,149.66,13560625,3.718441036,3.6775245458,3.7112496529,542425000,0.0,1.0
06-02-2019,153.0,155.6,151.07,151.29,17561647,3.7940745483,3.7462146536,3.7516701857,702465880,0.0,1.0
07-02-2019,147.42,151.22,145.69,151.13,15928000,3.6557024177,3.6128020976,3.747702526,637120000,0.0,1.0
08-02-2019,148.17,148.6,144.13,144.71,11540137,3.6743008223,3.574117416,3.5885001822,461605480,0.0,1.0
11-02-2019,146.45,148.58,144.5,146.39,12379515,3.631648481,3.5832926289,3.6301606086,495180600,0.0,1.0
12-02-2019,151.17,151.8,147.42,148.0,14776513,3.7486944409,3.6557024177,3.670085184,591060520,0.0,1.0
13-02-2019,152.88,155.83,151.81,152.36,15134302,3.7910988035,3.7645650796,3.7782039096,605372080,0.0,1.0
14-02-2019,154.53,155.67,151.1,152.84,20681574,3.8320152938,3.7469585898,3.7901068886,827262960,0.0,1.0
15-02-2019,157.34,163.87,156.42,162.95,37918734,3.9016973165,3.8788832735,4.0408133833,1516749360,0.0,1.0
19-02-2019,156.64,159.89,156.14,156.91,13797316,3.8843388055,3.8719398691,3.8910342312,551892640,0.0,1.0
20-02-2019,158.55,161.26,157.37,157.82,13524737,3.9317027427,3.9024412527,3.9136002955,540989480,0.0,1.0
21-02-2019,155.77,160.05,155.18,159.06,11213668,3.8627646561,3.8481339111,3.9443496578,448546720,0.0,1.0
22-02-2019,159.19,159.95,157.31,157.86,10043531,3.9475733813,3.9009533803,3.9145922104,401741240,0.0,1.0
25-02-2019,158.69,165.28,158.34,162.56,16400481,3.9351744449,3.9264951894,4.0311422129,656019240,0.0,1.0
26-02-2019,157.1,160.76,155.75,158.5,12211571,3.895745827,3.8622686987,3.930462849,488462840,0.0,1.0
27-02-2019,155.41,157.59,153.11,156.52,12506381,3.8538374219,3.7968023143,3.8813630608,500255240,0.0,1.0
28-02-2019,154.26,155.9,153.36,155.0,8123565,3.8292875277,3.8069462936,3.8476569869,324942600,0.16,1.0
01-03-2019,156.45,158.15,153.92,156.27,8929678,3.8836511974,3.820847506,3.8791829506,357187120,0.0,1.0
04-03-2019,156.78,158.92,154.5,158.0,10249750,3.8918429833,3.8352451902,3.9221277673,409990000,0.0,1.0
05-03-2019,156.52,158.06,153.96,156.15,9073119,3.885388849,3.8218404497,3.8762041194,362924760,0.0,1.0
06-03-2019,152.05,156.5,151.94,156.16,10088149,3.7744273862,3.7716967909,3.8764523553,403525960,0.0,1.0
07-03-2019,149.26,151.49,147.4,151.1,11252633,3.7051695604,3.6589976766,3.7508449724,450105320,0.0,1.0
08-03-2019,150.64,151.07,144.8,145.66,10560371,3.7394261194,3.5944563336,3.615804624,422414840,0.0,1.0
11-03-2019,161.14,162.06,149.69,151.59,21493150,4.0000738508,3.7158437056,3.7630085332,859726000,0.0,1.0
12-03-2019,162.52,164.39,159.19,162.26,14489368,4.0343304098,3.9516678435,4.0278762755,579574720,0.0,1.0
13-03-2019,168.62,169.8,163.73,164.03,19222518,4.1857543299,4.0643669578,4.0718140359,768900720,0.0,1.0
14-03-2019,165.56,169.47,165.25,168.99,12984630,4.1097941339,4.1020988199,4.1949390595,519385200,0.0,1.0
15-03-2019,169.81,171.53,167.16,167.3,16536482,4.2152944061,4.1495118834,4.1529871865,661459280,0.0,1.0
18-03-2019,168.95,173.25,167.86,171.08,12174829,4.1939461157,4.1668883988,4.2468203698,486993160,0.0,1.0
19-03-2019,175.71,177.5,172.08,172.76,21374310,4.3617536075,4.2716439633,4.2885240068,854972400,0.0,1.0
20-03-2019,174.4,179.03,173.0,176.88,17978715,4.3292347001,4.2944816693,4.3907972119,719148600,0.0,1.0
21-03-2019,183.94,185.0,175.13,175.33,20607767,4.5660517817,4.3473559233,4.352320642,824310680,0.0,1.0
22-03-2019,177.5,184.8,176.94,182.84,18691087,4.4061878398,4.3922866275,4.5387458289,747643480,0.0,1.0
25-03-2019,173.78,178.45,171.11,175.86,13130301,4.3138440722,4.2475650776,4.3654771466,525212040,0.0,1.0
26-03-2019,176.87,181.75,174.6,179.49,17587678,4.390548976,4.3341994188,4.4555867908,703507120,0.0,1.0
27-03-2019,176.5,179.77,173.7,177.9,11859294,4.3813642464,4.3118581847,4.4161172772,474371760,0.0,1.0
28-03-2019,177.25,179.9,175.11,177.55,12006602,4.3999819415,4.3468594515,4.4074290195,480264080,0.0,1.0
29-03-2019,179.56,180.54,177.91,179.94,11422379,4.4573244424,4.4163655132,4.4667574079,456895160,0.0,1.0
01-04-2019,182.28,183.5,180.37,183.26,12095612,4.5248446166,4.4774315531,4.5491717382,483824480,0.0,1.0
02-04-2019,183.0,184.79,181.52,183.25,11022996,4.5427176039,4.5059786856,4.5489235023,440919840,0.0,1.0
03-04-2019,188.62,191.0,184.8,185.0,19719468,4.6822261992,4.5874000721,4.5923647908,788778720,0.0,1.0
04-04-2019,188.26,189.97,185.73,188.0,11434419,4.6732897055,4.610486014,4.6668355712,457376760,0.0,1.0
05-04-2019,190.95,191.65,188.53,190.0,12043649,4.7400651719,4.6799920757,4.7164827581,481745960,0.0,1.0
08-04-2019,191.79,192.8,188.75,189.72,10604848,4.7609169904,4.6854532663,4.709532152,424193920,0.0,1.0
09-04-2019,189.26,190.89,187.56,190.44,10999320,4.698113299,4.6559131901,4.7274051393,439972800,0.0,1.0
10-04-2019,192.1,193.14,189.05,189.23,11119307,4.7686123044,4.6929003443,4.6973685912,444772280,0.0,1.0
11-04-2019,191.54,193.47,189.55,192.2,9365037,4.7547110921,4.7053121411,4.7710946638,374601480,0.0,1.0
12-04-2019,190.01,193.26,189.66,193.1,11792664,4.7167309941,4.7080427364,4.7934358979,471706560,0.0,1.0
15-04-2019,184.7,189.9,183.1,189.7,11002345,4.5849177128,4.5451999632,4.7090356801,440093800,0.0,1.0
16-04-2019,188.21,188.97,184.96,186.28,9874091,4.6720485258,4.5913718471,4.6241389905,394963640,0.0,1.0
17-04-2019,187.29,190.46,186.39,189.62,8775068,4.6492108199,4.6268695857,4.7070497926,351002720,0.0,1.0
18-04-2019,186.3,188.93,185.18,187.56,9524704,4.6246354623,4.5968330376,4.6559131901,380988160,0.0,1.0
22-04-2019,188.47,189.1,184.08,185.35,6998388,4.6785026601,4.5695270848,4.6010530485,279935520,0.0,1.0
23-04-2019,190.67,191.93,188.61,189.0,8671381,4.7331145658,4.6819779632,4.6916591647,346855240,0.0,1.0
24-04-2019,191.17,192.81,188.64,191.09,7955120,4.7455263625,4.682722671,4.743540475,318204800,0.0,1.0
25-04-2019,186.91,190.45,183.7,189.55,12482437,4.6397778543,4.5600941193,4.7053121411,499297480,0.0,1.0
26-04-2019,178.09,180.89,173.3,180.71,21724729,4.42083376,4.3019287473,4.4858715749,868989160,0.0,1.0
29-04-2019,179.33,180.45,175.5,178.41,9797983,4.4516150159,4.3565406529,4.4287773099,391919320,0.0,1.0
30-04-2019,181.0,182.03,177.26,178.03,9073040,4.493070417,4.4002301774,4.4193443444,362921600,0.0,1.0
01-05-2019,180.47,184.81,180.46,183.11,8857031,4.4799139124,4.4796656765,4.5454481992,354281240,0.0,1.0
02-05-2019,183.19,184.87,179.12,180.86,9867135,4.5474340867,4.4464020613,4.4895951139,394685400,0.0,1.0
03-05-2019,183.01,183.93,180.53,183.53,8420587,4.5429658398,4.481403328,4.5558741084,336823480,0.0,1.0
06-05-2019,179.85,180.34,174.0,175.5,10554445,4.4645232845,4.3193052627,4.3565406529,422177800,0.0,1.0
07-05-2019,173.11,177.9,171.17,177.9,13880458,4.2972122645,4.2490544932,4.4161172772,555218320,0.0,1.0
08-05-2019,173.92,177.15,171.52,172.0,10479154,4.3173193752,4.2577427509,4.2696580758,419166160,0.0,1.0
09-05-2019,170.19,171.53,165.4,171.14,16506164,4.2247273716,4.1058223589,4.2483097854,660246560,0.0,1.0
10-05-2019,168.82,171.59,164.0,168.95,14237451,4.1907190486,4.0710693281,4.1939461157,569498040,0.0,1.0
13-05-2019,158.45,164.43,157.81,163.5,16422819,3.9332983844,3.9174112845,4.0586575313,656912760,0.0,1.0
14-05-2019,162.04,163.46,158.49,160.05,13121972,4.0224150849,3.9342913281,3.9730161339,524878880,0.0,1.0
15-05-2019,159.58,161.05,157.41,159.8,12558001,3.961349045,3.9074818472,3.9668102355,502320040,0.0,1.0
16-05-2019,160.19,161.91,157.65,159.36,19527204,3.976491437,3.9134395096,3.9558878544,781088160,0.0,1.0
17-05-2019,156.53,163.71,154.94,158.5,25551698,3.8856370849,3.8461675713,3.934539564,1022067920,0.0,1.0
20-05-2019,151.75,154.77,150.75,152.55,14301634,3.7669803081,3.7421567147,3.7868391829,572065360,0.0,1.0
21-05-2019,155.06,155.7,152.64,154.2,9046247,3.8491464025,3.7890733063,3.8277981121,361849880,0.0,1.0
22-05-2019,152.2,154.55,151.76,153.5,8146740,3.7781509252,3.7672285441,3.8104215967,325869600,0.0,1.0
23-05-2019,147.32,149.69,144.91,149.69,14796109,3.6570117891,3.5971869289,3.7158437056,591844360,0.0,1.0
24-05-2019,145.15,149.5,144.88,148.08,8939632,3.6031445913,3.596442221,3.6758777201,357585280,0.0,1.0
28-05-2019,143.33,147.18,143.25,145.86,10708852,3.5579656512,3.5559797637,3.6207693426,428354080,0.0,1.0
29-05-2019,140.34,142.82,138.94,141.41,13995037,3.4837431067,3.4489900759,3.5103043517,559801480,0.0,1.0
30-05-2019,139.11,141.75,137.57,140.31,9857490,3.4571818617,3.4189095587,3.4870044355,394299600,0.16,1.0
31-05-2019,135.46,139.85,135.39,137.14,9742992,3.3664715332,3.3647318831,3.4082231365,389719680,0.0,1.0
03-06-2019,133.78,137.47,132.6,135.91,11966080,3.32471993,3.2953943991,3.3776549984,478643200,0.0,1.0
04-06-2019,143.0,143.21,135.47,136.36,16045885,3.5538567049,3.3667200547,3.3888384635,641835400,0.0,1.0
05-06-2019,141.28,146.19,139.82,145.97,12790385,3.5111110159,3.4748268845,3.627667575,511615400,0.0,1.0
06-06-2019,143.78,144.77,141.35,141.45,10203462,3.5732413779,3.512850666,3.5153358805,408138480,0.0,1.0
07-06-2019,145.5,146.88,143.25,144.02,8721438,3.6159870669,3.5600697411,3.5792058926,348857520,0.0,1.0
10-06-2019,148.43,151.19,147.76,147.76,10069522,3.6888038512,3.6721529141,3.6721529141,402780880,0.0,1.0
11-06-2019,150.75,152.36,149.16,150.84,9596751,3.7464608271,3.7069459169,3.7486975201,383870040,0.0,1.0
12-06-2019,146.2,149.25,145.59,149.0,8972298,3.6333835683,3.61822376,3.7029695737,358891920,0.0,1.0
13-06-2019,148.26,149.0,146.38,147.09,7702027,3.6845789865,3.6378569543,3.6555019771,308081080,0.0,1.0
14-06-2019,144.64,145.49,142.84,144.51,9860656,3.5946142224,3.5498803618,3.5913834436,394426240,0.0,1.0
17-06-2019,145.03,146.52,143.65,144.57,6901037,3.6043065589,3.5700105991,3.5928745723,276041480,0.0,1.0
18-06-2019,152.88,155.11,147.06,147.5,14547950,3.7993958955,3.6547564128,3.6656913565,581918000,0.0,1.0
19-06-2019,153.12,154.7568,152.0738,154.3,8291099,3.8053604102,3.7793600963,3.8346859411,331643960,0.0,1.0
20-06-2019,154.1,157.33,153.52,156.77,8754182,3.8297155121,3.8153012681,3.8960707387,350167280,0.0,1.0
21-06-2019,151.76,155.48,151.5,153.5,10860672,3.7715614933,3.7650999357,3.8148042252,434426880,0.0,1.0
24-06-2019,152.66,153.85,150.72,152.62,7073718,3.7939284236,3.7457152627,3.7929343378,282948720,0.0,1.0
25-06-2019,151.48,155.88,151.37,152.86,7796661,3.7646028928,3.7618691568,3.7988988526,311866440,0.0,1.0
26-06-2019,159.26,161.72,156.09,156.61,14601825,3.9579525792,3.8791712802,3.8920943955,584073000,0.0,1.0
27-06-2019,163.23,164.0,161.26,162.71,11136038,4.056615594,4.0076568688,4.0436924788,445441520,0.0,1.0
28-06-2019,164.23,165.37,162.35,165.0,9941659,4.0814677388,4.0347457066,4.1006038903,397666360,0.0,1.0
01-07-2019,166.17,173.95,164.66,172.57,17788327,4.1296808997,4.0921541611,4.2887346264,711533080,0.0,1.0
02-07-2019,162.23,166.35,161.7,165.5,10005688,4.0317634493,4.0185918125,4.1130299627,400227520,0.0,1.0
03-07-2019,162.75,163.4,160.34,163.17,6165856,4.0446865645,3.9847928956,4.0551244654,246634240,0.0,1.0
05-07-2019,160.23,160.58,157.68,160.4,9913847,3.9820591597,3.9186861905,3.9862840243,396553880,0.0,1.0
08-07-2019,157.21,158.59,156.0,157.83,8244669,3.9070056824,3.8769345872,3.9224140122,329786760,0.0,1.0
09-07-2019,157.31,158.44,155.0,155.51,8571512,3.9094908969,3.8520824424,3.8647570363,342860480,0.0,1.0
10-07-2019,160.06,162.37,158.5,159.06,11301899,3.9778342951,3.9390649492,3.9529821503,452075960,0.0,1.0
11-07-2019,166.28,167.92,161.5,163.0,17063964,4.1324146357,4.0136213836,4.0508996007,682558560,0.0,1.0
12-07-2019,167.61,170.47,167.4,167.4,12659816,4.1654679882,4.1602490378,4.1602490378,506392640,0.0,1.0
15-07-2019,167.27,169.11,166.13,168.46,7245993,4.157018259,4.1286868139,4.1865923113,289839720,0.0,1.0
16-07-2019,167.08,168.17,164.84,166.67,8536098,4.1522963515,4.0966275472,4.1421069721,341443920,0.0,1.0
17-07-2019,169.71,169.99,165.97,167.15,8705107,4.2176574923,4.1247104708,4.1540360016,348204280,0.0,1.0
18-07-2019,170.18,172.71,167.85,170.13,11079474,4.2293380003,4.171432503,4.2280953931,443178960,0.0,1.0
19-07-2019,168.44,171.98,168.2,171.72,8622395,4.1860952684,4.1801307537,4.2676103033,344895800,0.0,1.0
22-07-2019,171.32,171.84,169.0,169.3,7898498,4.2576694454,4.2000124695,4.2074681129,315939920,0.0,1.0
23-07-2019,175.66,175.74,172.27,172.9,10704414,4.3655277538,4.2812789829,4.2969358342,428176560,0.0,1.0
24-07-2019,178.66,178.89,174.34,177.4,9155937,4.4400841882,4.3327229227,4.4087704857,366237480,0.0,1.0
25-07-2019,173.38,177.5,172.44,176.99,9817453,4.3088648637,4.2855038476,4.3985811064,392698120,0.0,1.0
26-07-2019,175.07,176.95,174.47,174.47,6853997,4.3508649884,4.3359537015,4.3359537015,274159880,0.0,1.0
29-07-2019,174.82,175.47,171.27,174.78,6204049,4.3446519522,4.2564268382,4.3436578664,248161960,0.0,1.0
30-07-2019,175.45,175.94,172.37,172.95,4944261,4.3603088034,4.2837641974,4.2981784414,197770440,0.0,1.0
31-07-2019,168.72,174.22,167.02,174.18,8985391,4.1930538689,4.1508052228,4.3287465795,359415640,0.0,1.0
01-08-2019,164.92,172.78,162.82,169.14,10530314,4.0986157187,4.0464262147,4.2034917698,421212560,0.0,1.0
02-08-2019,161.19,163.98,159.28,161.19,10708732,4.0059172187,3.9584496221,4.0059172187,428349280,0.0,1.0
05-08-2019,150.79,153.85,148.9,153.8,14728936,3.7474549129,3.7004843592,3.8222598687,589157440,0.0,1.0
06-08-2019,152.35,155.63,150.43,153.8,9031767,3.7862242587,3.7385081407,3.8222598687,361270680,0.0,1.0
07-08-2019,153.89,154.37,149.2,149.9,9314045,3.8244965617,3.7079400026,3.725336504,372561800,0.0,1.0
08-08-2019,158.26,158.31,153.9,156.21,7732472,3.9331004344,3.8247450832,3.8821535376,309298880,0.0,1.0
09-08-2019,154.18,156.75,152.15,156.61,8545418,3.8317036837,3.7812538298,3.8920943955,341816720,0.0,1.0
12-08-2019,151.45,154.18,150.57,152.08,6980012,3.7638573284,3.741987441,3.7795141796,279200480,0.0,1.0
13-08-2019,156.05,157.9,149.82,151.39,9012811,3.8781771945,3.7233483324,3.7623661997,360512440,0.0,1.0
14-08-2019,150.07,152.95,148.31,152.5,10497033,3.7295613686,3.6858215938,3.7899520805,419881320,0.0,1.0
15-08-2019,148.77,151.63,147.39,150.83,13861551,3.6972535804,3.6629576206,3.7484489987,554462040,0.0,1.0
16-08-2019,159.56,161.54,156.88,159.35,25384628,3.9654082227,3.8988044746,3.9601892723,1015385120,0.0,1.0
19-08-2019,170.78,171.42,163.47,164.12,20408061,4.2442492872,4.0625801088,4.0787340029,816322440,0.0,1.0
20-08-2019,167.87,170.58,167.02,170.56,11588040,4.1719295459,4.1508052228,4.2387818154,463521600,0.0,1.0
21-08-2019,171.23,173.45,169.66,170.53,10697773,4.2554327524,4.216414885,4.238036251,427910920,0.0,1.0
22-08-2019,171.48,173.33,169.9,171.62,7593918,4.2616457886,4.2223793998,4.2651250888,303756720,0.0,1.0
23-08-2019,162.44,170.59,161.64,168.4,14237433,4.0369823997,4.0171006838,4.1851011826,569497320,0.0,1.0
26-08-2019,165.45,166.58,163.91,165.61,7964854,4.1117873555,4.0735150525,4.1157636986,318594160,0.0,1.0
27-08-2019,161.8,167.1,160.62,166.99,7288739,4.021077027,3.9917514961,4.1500596585,291549560,0.0,1.0
28-08-2019,161.22,163.34,159.0,160.58,6376719,4.0106391262,3.9554126105,3.9947179685,255068760,0.16,1.0
29-08-2019,167.0,168.3,164.76,164.9,8959326,4.1544270815,4.0987030296,4.1021857828,358373040,0.0,1.0
30-08-2019,167.51,170.86,166.78,168.86,7272712,4.167114254,4.1489541835,4.200697946,290908480,0.0,1.0
03-09-2019,164.17,165.91,163.25,164.58,7412770,4.0840257124,4.0611390482,4.094225204,296510800,0.0,1.0
04-09-2019,168.76,169.06,166.61,166.61,5703009,4.1982102651,4.144725126,4.144725126,228120360,0.0,1.0
05-09-2019,179.74,179.99,172.8,172.87,17412125,4.4713576265,4.2987125729,4.3004539495,696485000,0.0,1.0
06-09-2019,178.65,181.09,177.12,178.8,9424419,4.4442419048,4.4061803872,4.4479734261,376976760,0.0,1.0
09-09-2019,180.5,183.98,179.84,179.9,10438133,4.4902640012,4.4738453074,4.4753379159,417525320,0.0,1.0
10-09-2019,183.18,184.25,178.79,179.18,8820305,4.556933849,4.4477246581,4.4574266135,352812200,0.0,1.0
11-09-2019,184.33,186.27,182.6,183.77,9037782,4.5855421792,4.5425052998,4.5716111662,361511280,0.0,1.0
12-09-2019,184.27,188.4,183.95,186.2,8196025,4.5840495707,4.5760889918,4.6320618118,327841000,0.0,1.0
13-09-2019,181.94,183.08,180.18,181.59,8114787,4.526086606,4.4823034224,4.5173797229,324591480,0.0,1.0
16-09-2019,180.21,181.6,178.5,178.92,5795796,4.4830497266,4.4405103835,4.4509586432,231831840,0.0,1.0
17-09-2019,181.07,181.24,178.61,180.48,5711828,4.5044437823,4.4432468325,4.489766465,228473120,0.0,1.0
18-09-2019,179.98,181.42,176.5,180.79,6600942,4.4773280606,4.3907567657,4.4974782758,264037680,0.0,1.0
19-09-2019,176.94,180.96,176.51,180.22,6408569,4.4017025616,4.3910055338,4.4832984947,256342760,0.0,1.0
20-09-2019,172.69,177.85,172.28,176.9,8931295,4.2959761239,4.2857766323,4.4007074893,357251800,0.0,1.0
23-09-2019,174.84,176.67,172.55,172.7,6395647,4.349461263,4.2924933707,4.296224892,255825880,0.0,1.0
24-09-2019,172.53,177.29,171.1,176.1,8031045,4.2919958345,4.2564219978,4.3808060422,321241800,0.0,1.0
25-09-2019,178.23,179.02,170.71,172.51,7827672,4.4337936451,4.2467200424,4.2914982983,313106880,0.0,1.0
26-09-2019,177.34,178.19,175.29,177.84,5945648,4.4116532852,4.360655827,4.4240916896,237825920,0.0,1.0
27-09-2019,171.76,177.7,169.32,175.66,9148974,4.2728406917,4.212141278,4.3698602463,365958960,0.0,1.0
30-09-2019,174.07,174.48,171.54,172.8,4829977,4.3303061202,4.2673677937,4.2987125729,193199080,0.0,1.0
01-10-2019,174.0,181.0,173.81,175.0,9189150,4.3285647436,4.3238381499,4.3534415524,367566000,0.0,1.0
02-10-2019,173.04,173.6,170.13,173.12,7391544,4.304683007,4.2322914932,4.3066731518,295661760,0.0,1.0
03-10-2019,181.31,181.56,172.0,173.22,11568265,4.5104142164,4.2788111258,4.3091608326,462730600,0.0,1.0
04-10-2019,181.97,183.15,178.78,181.4,6699005,4.5268329103,4.44747589,4.5126531292,267960200,0.0,1.0
07-10-2019,184.33,188.34,184.23,184.58,12207839,4.5855421792,4.5830544983,4.5917613814,488313560,0.0,1.0
08-10-2019,177.23,180.64,176.5,180.64,11233566,4.4089168362,4.3907567657,4.4937467545,449342640,0.0,1.0
09-10-2019,180.71,182.7,179.16,180.32,7697082,4.4954881311,4.4569290773,4.4857861756,307883280,0.0,1.0
10-10-2019,183.03,185.08,180.41,180.62,8187889,4.5532023277,4.4880250884,4.4932492183,327515560,0.0,1.0
11-10-2019,185.99,189.34,185.65,186.41,11271668,4.6268376819,4.6183795669,4.6372859416,450866720,0.0,1.0
14-10-2019,186.53,187.37,184.39,185.64,5258394,4.6402711587,4.5870347877,4.6181307988,210335760,0.0,1.0
15-10-2019,196.37,199.29,189.6,190.16,16699633,4.885058958,4.7166429619,4.7305739749,667985320,0.0,1.0
16-10-2019,194.21,199.22,193.75,195.0,10818828,4.8313250508,4.8198817188,4.8509777298,432753120,0.0,1.0
17-10-2019,194.29,197.81,192.1,196.0,6607924,4.8333151956,4.7788349841,4.8758545387,264316960,0.0,1.0
18-10-2019,190.49,195.62,187.5,194.31,7548039,4.7387833218,4.6644016633,4.8338127317,301921560,0.0,1.0
21-10-2019,196.01,196.55,192.2,192.96,6546711,4.8761033068,4.781322665,4.8002290398,261868440,0.0,1.0
22-10-2019,195.61,202.53,195.3,198.3,8434228,4.8661525833,4.8584407725,4.9330711991,337369120,0.0,1.0
23-10-2019,195.09,195.66,191.03,192.31,7144250,4.8532166426,4.7522167986,4.784059114,285770000,0.0,1.0
24-10-2019,196.86,198.21,195.38,196.75,5975933,4.8972485944,4.8604309172,4.8945121454,239037320,0.0,1.0
25-10-2019,204.54,205.38,199.79,200.1,10577288,5.0883024865,4.9701376443,4.9778494551,423091520,0.0,1.0
28-10-2019,206.79,208.9,205.12,206.3,8116718,5.1442753064,5.1027310356,5.1320856701,324668720,0.0,1.0
29-10-2019,202.92,206.49,202.14,206.23,5280920,5.0480020561,5.0285981452,5.1303442935,211236800,0.0,1.0
30-10-2019,203.0,204.23,200.26,204.0,5149038,5.0499922008,4.9818297445,5.0748690097,205961520,0.0,1.0
31-10-2019,201.02,203.0,197.81,202.16,5243315,5.0007361193,4.9208815628,5.0290956814,209732600,0.0,1.0
01-11-2019,202.59,203.89,198.59,199.6,7090956,5.0397927092,4.9402854737,4.9654110507,283638240,0.0,1.0
04-11-2019,210.5,211.0,204.92,205.85,9417905,5.2365682674,5.0977556739,5.1208911061,376716200,0.0,1.0
05-11-2019,209.61,211.54,207.68,210.49,7521712,5.2144279075,5.1664156663,5.2363194993,300868480,0.0,1.0
06-11-2019,207.63,209.67,204.11,208.64,6725335,5.1651718259,5.0776054587,5.1902974029,269013400,0.0,1.0
07-11-2019,208.34,211.7,206.54,211.11,7008498,5.1828343602,5.1380561042,5.2517431208,280339920,0.0,1.0
08-11-2019,207.78,209.05,206.15,207.66,4735187,5.1689033472,5.1283541488,5.1659181302,189407480,0.0,1.0
11-11-2019,208.18,209.11,204.28,207.75,6094736,5.1788540708,5.0818345162,5.168157043,243789440,0.0,1.0
12-11-2019,209.61,211.86,208.31,209.72,7095971,5.2144279075,5.1820880559,5.2171643564,283838840,0.0,1.0
13-11-2019,208.57,209.46,205.9,208.35,7559124,5.1885560262,5.1221349465,5.1830831283,302364960,0.0,1.0
14-11-2019,209.79,209.88,206.52,208.93,13175171,5.2189057331,5.137558568,5.1975116774,527006840,0.0,1.0
15-11-2019,204.19,211.78,200.64,209.7,26355409,5.0795956034,4.9912829319,5.2166668203,1054216360,0.0,1.0
18-11-2019,212.28,213.35,203.77,203.89,14382963,5.2808489871,5.0691473436,5.0721325607,575318520,0.0,1.0
19-11-2019,207.99,211.98,205.65,211.03,10384506,5.1741274771,5.1159157443,5.2497529761,415380240,0.0,1.0
20-11-2019,211.18,214.55,206.56,207.07,11825438,5.2534844974,5.1385536404,5.1512408129,473017520,0.0,1.0
21-11-2019,210.18,213.24,209.31,211.0,7209730,5.2286076885,5.2069648648,5.2490066718,288389200,0.0,1.0
22-11-2019,210.89,212.96,209.94,211.09,5602470,5.2462702228,5.2226372544,5.2512455846,224098800,0.0,1.0
25-11-2019,221.21,221.41,215.52,216.04,12683686,5.5029988904,5.3614498479,5.3743857885,507347440,0.0,1.0
26-11-2019,217.0,220.69,216.74,220.5,9642023,5.398267525,5.3917995547,5.4853363561,385680920,0.0,1.0
27-11-2019,218.24,220.05,217.18,218.67,5410718,5.4330950574,5.4067063076,5.4437999276,216428720,0.16,1.0
29-11-2019,216.74,218.14,215.78,217.0,3538924,5.3957524869,5.3718532418,5.4022251992,141556960,0.0,1.0
02-12-2019,209.25,217.0,208.64,216.46,9346742,5.2092885849,5.1941026062,5.3887818738,373869680,0.0,1.0
03-12-2019,207.66,207.82,200.37,201.87,11853653,5.1697054602,4.9882205675,5.025563138,474146120,0.0,1.0
04-12-2019,209.42,211.92,208.27,211.02,6840459,5.2135207429,5.1848914388,5.2533528181,273618360,0.0,1.0
05-12-2019,208.74,210.93,207.51,210.3,4628444,5.1965921109,5.1659712031,5.2354283842,185137760,0.0,1.0
06-12-2019,212.17,213.49,211.12,211.52,5810457,5.2819821221,5.2558423228,5.2658003416,232418280,0.0,1.0
09-12-2019,212.17,214.37,210.9,211.25,5378320,5.2819821221,5.2503654124,5.2590786789,215132800,0.0,1.0
10-12-2019,213.98,216.06,211.26,213.38,6417228,5.3270421572,5.2593276294,5.312105129,256689120,0.0,1.0
11-12-2019,217.34,217.56,214.3,214.4,5850247,5.4106895151,5.3350085722,5.3374980769,234009880,0.0,1.0
12-12-2019,224.07,224.8,215.82,216.18,10152084,5.5782331814,5.3728490437,5.3818112606,406083360,0.0,1.0
13-12-2019,223.99,228.98,221.82,224.19,11374183,5.5762415777,5.5222193257,5.5812205871,454967320,0.0,1.0
16-12-2019,225.15,228.06,224.77,225.9,8032684,5.6051198322,5.5956597143,5.6237911175,321307360,0.0,1.0
17-12-2019,228.29,229.2,225.52,225.9,8081598,5.6832902798,5.6143309996,5.6237911175,323263920,0.0,1.0
18-12-2019,229.51,231.94,229.35,229.69,8606969,5.7136622371,5.7096790296,5.7181433456,344278760,0.0,1.0
19-12-2019,235.46,236.0,230.7,230.9,11327674,5.8617877668,5.7432873431,5.7482663525,453106960,0.0,1.0
20-12-2019,239.37,240.39,237.36,238.13,15084607,5.9591274006,5.9090883561,5.9282575423,603384280,0.0,1.0
23-12-2019,238.82,241.81,238.39,240.52,8884815,5.9454351247,5.9347302545,5.9877567046,355392600,0.0,1.0
24-12-2019,238.62,239.31,236.82,238.2,3471597,5.9404561153,5.8956450307,5.9300001956,138863880,0.0,1.0
26-12-2019,239.19,240.32,238.0,238.76,4580451,5.9546462921,5.9250211862,5.9439414219,183218040,0.0,1.0
27-12-2019,236.87,240.34,235.81,239.8,6370251,5.8968897831,5.8705010332,5.9698322708,254810040,0.0,1.0
30-12-2019,232.32,236.2,231.06,235.99,6456178,5.7836173192,5.75224956,5.8749821417,258247120,0.0,1.0
31-12-2019,235.3,235.68,230.13,230.9,5780283,5.8578045593,5.7290971663,5.7482663525,231211320,0.0,1.0
02-01-2020,239.91,239.91,236.72,238.75,5941969,5.9725707259,5.893155526,5.9436924714,237678760,0.0,1.0
03-01-2020,236.07,237.83,234.1,235.1,5144308,5.8769737455,5.8279305029,5.8528255499,205772320,0.0,1.0
06-01-2020,237.06,237.27,231.27,232.32,6572812,5.901619842,5.7574775199,5.7836173192,262912480,0.0,1.0
07-01-2020,239.93,241.77,236.39,238.2,7980144,5.9730686269,5.8849401605,5.9300001956,319205760,0.0,1.0
08-01-2020,240.38,242.04,238.15,239.76,6931017,5.984271398,5.9287554432,5.9688364689,277240680,0.0,1.0
09-01-2020,243.02,245.93,240.86,243.85,6386053,6.0499943221,5.9962210206,6.0706572111,255442120,0.0,1.0
10-01-2020,244.32,248.55,243.75,247.33,7911560,6.0823578832,6.0681677064,6.1572919747,316462400,0.0,1.0
13-01-2020,251.98,252.99,246.75,247.66,7739168,6.2730539432,6.1428528474,6.1655073402,309566720,0.0,1.0
14-01-2020,247.28,251.28,246.75,250.26,8989483,6.1560472223,6.1428528474,6.2302344624,359579320,0.0,1.0
15-01-2020,245.57,248.69,244.53,247.79,6577636,6.113476692,6.0875858431,6.1687436963,263105440,0.0,1.0
16-01-2020,248.93,249.17,246.78,247.72,7104791,6.1971240499,6.1435996988,6.167001043,284191640,0.0,1.0
17-01-2020,249.28,250.0,247.37,249.7,6344764,6.2058373163,6.1582877766,6.2162932361,253790560,0.0,1.0
21-01-2020,247.94,249.29,246.57,247.81,5321260,6.1724779534,6.138371739,6.1692415972,212850400,0.0,1.0
22-01-2020,250.11,253.59,249.0,249.76,5980967,6.2265002053,6.1988667032,6.2177869389,239238680,0.0,1.0
23-01-2020,252.86,253.2,248.15,251.72,6112861,6.2949615846,6.1777059132,6.266581231,244514440,0.0,1.0
24-01-2020,250.48,259.5,248.3,257.5,9337839,6.2357113727,6.1814401703,6.4104746027,373513560,0.0,1.0
27-01-2020,240.2,242.25,232.23,238.24,11763354,5.9797902896,5.781376765,5.9309959974,470534160,0.0,1.0
28-01-2020,247.97,249.27,240.71,242.85,7774401,6.1732248048,5.9924867635,6.0457621641,310976040,0.0,1.0
29-01-2020,245.54,248.84,243.94,247.39,6486279,6.1127298406,6.0728977653,6.1587856775,259451160,0.0,1.0
30-01-2020,245.81,246.35,239.4,241.61,7262590,6.1194515032,5.959874252,6.0148923058,290503600,0.0,1.0
31-01-2020,236.43,244.45,234.75,243.97,9260493,5.8859359624,5.8441122834,6.0736446168,370419720,0.0,1.0
03-02-2020,240.33,241.11,235.45,235.7,6398205,5.9830266457,5.8615388163,5.8677625781,255928200,0.0,1.0
04-02-2020,247.13,247.9,244.02,246.03,6788589,6.1523129653,6.0748893691,6.1249284136,271543560,0.0,1.0
05-02-2020,250.76,252.4,247.41,251.99,5205502,6.2426819859,6.1592835784,6.2733028937,208220080,0.0,1.0
06-02-2020,254.25,254.25,248.88,252.14,5457051,6.3295656999,6.1958792975,6.2770371508,218282040,0.0,1.0
07-02-2020,251.59,253.53,250.57,252.64,4743803,6.2633448749,6.237951927,6.2894846743,189752120,0.0,1.0
10-02-2020,262.97,263.0,252.3,252.5,13240194,6.5466505098,6.2810203583,6.2859993677,529607760,0.0,1.0
11-02-2020,267.89,272.5,264.83,267.32,15963922,6.669134141,6.5929552972,6.6549439642,638556880,0.0,1.0
12-02-2020,272.54,272.8,268.45,270.01,9366118,6.7848961096,6.6830753673,6.7219116407,374644720,0.0,1.0
13-02-2020,270.78,273.48,269.11,270.21,13200384,6.7410808268,6.6995060984,6.7268906501,528015360,0.0,1.0
14-02-2020,289.79,294.97,286.0,287.26,26048093,7.2143356703,7.1199834422,7.1513512014,1041923720,0.0,1.0
18-02-2020,296.57,297.31,284.86,285.64,15547025,7.383124089,7.0916030886,7.1110212253,621881000,0.0,1.0
19-02-2020,314.7,315.41,301.49,301.49,17358281,7.8344712911,7.5056077202,7.5056077202,694331240,0.0,1.0
20-02-2020,308.7,316.32,296.35,312.77,20251259,7.6851010091,7.3776471787,7.7864238504,810050360,0.0,1.0
21-02-2020,294.07,305.2,290.66,304.19,19232331,7.3208864715,7.2359943612,7.5728243471,769293240,0.0,1.0
24-02-2020,273.28,281.87,268.0,270.19,21422873,6.8033184444,6.6718725962,6.7263927491,856914920,0.0,1.0
25-02-2020,262.05,278.79,257.96,276.3,26387442,6.5237470665,6.4219263243,6.8785014863,1055497680,0.0,1.0
26-02-2020,267.65,275.45,262.0,262.06,18741536,6.6631593297,6.5225023142,6.523996017,749661440,0.0,1.0
27-02-2020,252.6,267.0,248.89,254.9,22660373,6.2924720799,6.2000529531,6.3497669563,906414920,0.16,1.0
28-02-2020,270.07,272.46,241.79,242.46,28366882,6.7276640325,6.0231861607,6.0398764073,1134675280,0.0,1.0
02-03-2020,276.43,277.59,261.0,276.9,22268639,6.8860968212,6.5017229329,6.8978049047,890745560,0.0,1.0
03-03-2020,265.89,281.07,262.46,278.67,16319828,6.6235368223,6.538092724,6.9418970487,652793120,0.0,1.0
04-03-2020,284.51,284.89,267.2,270.2,14935184,7.0873762132,6.6561699911,6.7309024386,597407360,0.0,1.0
05-03-2020,273.29,283.2,271.5,276.5,13508187,6.8078768595,6.7632864992,6.8878405784,540327480,0.0,1.0
06-03-2020,266.04,268.39,258.0,266.08,12885307,6.6272734447,6.4269904854,6.6282698774,515412280,0.0,1.0
09-03-2020,245.44,259.4,238.18,239.9,15353960,6.1141106385,5.9332581156,5.9761047188,614158400,0.0,1.0
10-03-2020,261.08,261.08,245.99,256.54,14516218,6.5037157982,6.1278115872,6.3906206943,580648720,0.0,1.0
11-03-2020,246.47,256.6,242.57,255.46,12551693,6.1397687788,6.0426165971,6.3637170132,502067720,0.0,1.0
12-03-2020,216.31,236.12,215.8,225.46,20413535,5.3884585732,5.3757540572,5.6163925381,816541400,0.0,1.0
13-03-2020,240.84,241.02,219.61,230.5,15870943,5.9995208857,5.4706642655,5.7419430499,634837720,0.0,1.0
16-03-2020,196.4,226.1,194.0,212.41,18174303,4.89248423,4.832698272,5.2913063915,726972120,0.0,1.0
17-03-2020,217.27,220.86,191.0,200.91,20840799,5.4123729564,4.7579658245,5.0048320094,833631960,0.0,1.0
18-03-2020,202.82,209.94,180.68,200.1,21727385,5.0524116676,4.500886205,4.9846542486,869095400,0.0,1.0
19-03-2020,212.97,216.73,193.39,201.96,19137847,5.3052564484,4.8175026743,5.030988366,765513880,0.0,1.0
20-03-2020,205.75,230.32,205.13,219.0,20115854,5.125400358,5.1099556522,5.4554686678,804634160,0.0,1.0
23-03-2020,212.69,216.48,198.52,205.71,16096866,5.2982814199,4.9452951595,5.1244039254,643874640,0.0,1.0
24-03-2020,249.18,252.66,228.05,229.0,27541095,6.2072770897,5.6809115511,5.7045768262,1101643800,0.0,1.0
25-03-2020,245.62,261.82,243.66,253.8,19835767,6.1185945854,6.0697693863,6.3223650589,793430680,0.0,1.0
26-03-2020,257.24,262.22,250.0,253.94,17439692,6.4080582654,6.2277039587,6.3258525731,697587680,0.0,1.0
27-03-2020,252.73,263.12,248.68,250.0,15970744,6.295710486,6.1948216818,6.2277039587,638829760,0.0,1.0
30-03-2020,265.59,265.96,253.59,255.36,15056253,6.6160635776,6.3171337876,6.3612259316,602250120,0.0,1.0
31-03-2020,263.6,275.4,257.75,267.2,23749014,6.5664910541,6.4207627814,6.6561699911,949960560,0.0,1.0
01-04-2020,243.07,261.53,241.28,255.65,16422828,6.055072005,6.0104816446,6.3684500682,656913120,0.0,1.0
02-04-2020,255.47,256.0,242.31,244.24,16894113,6.3639661213,6.036139785,6.0842176595,675764520,0.0,1.0
03-04-2020,243.91,255.63,238.39,253.96,16580346,6.0759970903,5.9384893869,6.3263507894,663213840,0.0,1.0
06-04-2020,268.4,269.88,252.93,255.24,18197062,6.6860629701,6.3006926491,6.3582366337,727882480,0.0,1.0
07-04-2020,259.03,278.25,257.3,277.3,19613047,6.4526486257,6.4095529143,6.907769231,784521880,0.0,1.0
08-04-2020,266.95,267.95,260.6,263.41,13561113,6.6499422871,6.4917586066,6.5617579991,542444520,0.0,1.0
09-04-2020,262.95,272.92,260.42,272.0,13156195,6.5502990238,6.4872746597,6.7757419071,526247800,0.0,1.0
13-04-2020,269.85,270.2,257.0,260.55,9960182,6.722183653,6.4020796696,6.4905130658,398407280,0.0,1.0
14-04-2020,283.95,285.32,273.89,275.0,13273667,7.0734261563,6.822823349,6.8504743546,530946680,0.0,1.0
15-04-2020,280.84,284.17,275.38,277.2,9153721,6.9959535191,6.8599404646,6.9052781494,366148840,0.0,1.0
16-04-2020,294.7,299.0,286.55,287.08,18640510,7.3412174265,7.1381942775,7.1513970099,745620400,0.0,1.0
17-04-2020,292.32,298.86,286.94,298.0,13478049,7.2819296849,7.1479094957,7.4234231188,539121960,0.0,1.0
20-04-2020,287.05,293.5,285.27,287.24,11234705,7.1506496854,7.1063084332,7.1553827404,449388200,0.0,1.0
21-04-2020,269.51,284.77,267.11,282.31,18378996,6.7137139757,6.6539280177,7.0325724184,735159840,0.0,1.0
22-04-2020,286.15,287.87,275.4,277.23,12118228,7.1282299512,6.8604386809,6.9060254739,484729120,0.0,1.0
23-04-2020,284.01,293.14,283.0,287.84,10603988,7.0749208053,7.0497608813,7.1703292299,424159520,0.0,1.0
24-04-2020,289.59,289.67,280.6,283.6,8816137,7.2139231576,6.9899749233,7.0647073708,352645480,0.0,1.0
27-04-2020,297.08,303.5,294.0,294.99,11984699,7.4005051682,7.3237798555,7.3484415631,479387960,0.0,1.0
28-04-2020,291.36,304.2,291.14,303.0,11072603,7.2580153017,7.2525349222,7.547977198,442904120,0.0,1.0
29-04-2020,298.46,300.58,293.75,296.77,9479047,7.4348820941,7.3175521515,7.3927828153,379161880,0.0,1.0
30-04-2020,292.28,298.46,291.72,296.29,9397943,7.2809332522,7.2669831954,7.3808256237,375917720,0.0,1.0
01-05-2020,282.78,288.9,280.84,284.35,8552445,7.0442805018,6.9959535191,7.0833904827,342097800,0.0,1.0
04-05-2020,291.29,291.84,280.88,280.88,7938880,7.2562715445,6.9969499517,6.9969499517,317555200,0.0,1.0
05-05-2020,293.74,300.27,291.29,295.47,9222391,7.3173030433,7.2562715445,7.3603987547,368895640,0.0,1.0
06-05-2020,297.79,302.0,295.41,296.93,8086639,7.4181918475,7.3589041058,7.3967685459,323465560,0.0,1.0
07-05-2020,304.87,307.41,301.32,303.38,9343263,7.5945604236,7.5061270274,7.557443308,373730520,0.0,1.0
08-05-2020,312.5,312.75,306.39,307.75,8497678,7.7846299484,7.6324248637,7.6663035732,339907120,0.0,1.0
11-05-2020,322.62,324.5,311.15,312.3,11726504,8.0367274047,7.751000347,7.7796477852,469060160,0.0,1.0
12-05-2020,312.1,326.9,311.71,324.94,12326482,7.7746656221,7.7649504039,8.0945204974,493059280,0.0,1.0
13-05-2020,311.2,323.14,303.79,316.7,15646252,7.7522458878,7.5676567425,7.8892553749,625850080,0.0,1.0
14-05-2020,321.22,321.44,307.5,313.67,15057809,8.0018522625,7.6600758692,7.8137756029,602312360,0.0,1.0
15-05-2020,339.63,340.02,314.96,315.59,24691543,8.460460382,7.8459105554,7.8616043693,987661720,0.0,1.0
18-05-2020,350.01,356.66,347.22,350.42,19410086,8.7190346504,8.6495334742,8.7292480849,776403440,0.0,1.0
19-05-2020,352.22,363.5,350.51,351.61,17933049,8.7740875534,8.7314900583,8.7588919557,717321960,0.0,1.0
20-05-2020,358.8,361.72,355.55,359.64,14688405,8.9380007216,8.8570405701,8.9589258069,587536200,0.0,1.0
21-05-2020,351.01,362.1,349.5,362.06,17552200,8.7439454662,8.7063301343,9.0192099812,702088000,0.0,1.0
22-05-2020,361.05,363.72,348.53,353.01,25969125,8.9940500572,8.6821666429,8.7937670979,1038765000,0.0,1.0
26-05-2020,348.71,367.27,346.88,366.27,19269476,8.6866505898,8.6410637968,9.1240845158,770779040,0.0,1.0
27-05-2020,341.01,345.31,319.87,345.0,29397306,8.4948373079,7.9682226611,8.594231463,1175892240,0.0,1.0
28-05-2020,339.48,350.42,335.17,336.49,18403204,8.4567237596,8.3493581434,8.3822404203,736128160,0.0,1.0
29-05-2020,355.02,355.02,339.4,342.18,18647994,8.8438378377,8.4547308944,8.5239829624,745919760,0.0,1.0
01-06-2020,352.25,353.63,347.58,353.33,9762775,8.7748348778,8.6585013679,8.8017385589,390511000,0.0,1.0
02-06-2020,353.01,353.49,346.32,351.85,9783014,8.7937670979,8.6271137399,8.7648705515,391320560,0.0,1.0
03-06-2020,350.78,354.65,348.0,352.89,9135972,8.7382159786,8.6689639105,8.7907778,365438880,0.0,1.0
04-06-2020,350.66,357.73,347.1,349.12,10606960,8.7392124112,8.6504894426,8.7008322506,424278400,0.16,1.0
05-06-2020,356.8,359.88,348.32,351.78,12043651,8.8922346099,8.6808945048,8.7671252553,481746040,0.0,1.0
08-06-2020,352.2,355.59,347.43,355.09,9693431,8.7775925718,8.6587137627,8.8496176784,387737240,0.0,1.0
09-06-2020,361.84,364.39,350.05,352.0,11712221,9.0178424082,8.7240098801,8.7726081354,468488840,0.0,1.0
10-06-2020,374.67,380.0,366.14,366.71,15804537,9.3375940059,9.1250077917,9.1392134356,632181480,0.0,1.0
11-06-2020,351.85,370.45,351.44,366.0,14591256,8.768869808,8.7586517133,9.1215186862,583650240,0.0,1.0
12-06-2020,357.3,367.49,348.13,366.5,14272704,8.904695701,8.6761592902,9.1339797773,570908160,0.0,1.0
15-06-2020,366.95,367.29,349.75,352.61,10000054,9.1451947593,8.7165332254,8.7878106665,400002160,0.0,1.0
16-06-2020,362.74,370.67,353.55,369.0,13392875,9.0402723722,8.8112375178,9.1962852328,535715000,0.0,1.0
17-06-2020,369.44,371.96,362.81,364.55,10207641,9.207250993,9.042016925,9.085381522,408305640,0.0,1.0
18-06-2020,368.72,371.3,364.58,369.08,6360238,9.1893070218,9.0861291875,9.1982790074,254409520,0.0,1.0
19-06-2020,370.45,377.8,369.09,369.7,13104013,9.232422397,9.1985282292,9.2137307603,524160520,0.0,1.0
22-06-2020,381.07,381.25,370.93,372.0,9961662,9.497095972,9.2443850444,9.2710517794,398466480,0.0,1.0
23-06-2020,378.0,385.7,376.3,382.04,9377685,9.4205848726,9.3782171629,9.5212704887,375107400,0.0,1.0
24-06-2020,369.42,382.26,365.78,379.05,11234272,9.2067525493,9.1160358061,9.4467531639,449370880,0.0,1.0
25-06-2020,379.6,380.2,367.29,374.23,9401800,9.4604603641,9.1536683012,9.3266282457,376072000,0.0,1.0
26-06-2020,366.2,380.0,365.0,380.0,14802144,9.1265031226,9.096596504,9.470429237,592085760,0.0,1.0
29-06-2020,368.0,368.18,356.0,366.79,8556203,9.1713630506,8.8722968642,9.1412072101,342248120,0.0,1.0
30-06-2020,379.91,381.05,370.66,372.56,9197300,9.4681862406,9.2376560553,9.2850082014,367892000,0.0,1.0
01-07-2020,381.2,383.03,376.52,380.83,8237180,9.5003358557,9.383700043,9.4911146483,329487200,0.0,1.0
02-07-2020,384.49,389.5,383.13,385.56,9101892,9.5823298351,9.5484356673,9.6089965701,364075680,0.0,1.0
06-07-2020,393.57,396.35,388.5,389.67,7903881,9.8086232495,9.6822677858,9.7114267389,316155240,0.0,1.0
07-07-2020,394.87,402.8,394.03,397.85,8945039,9.8410220864,9.8200874533,9.9152901893,357801560,0.0,1.0
08-07-2020,408.64,409.0,398.62,399.75,9437346,10.1842005353,9.9344802696,9.9626423355,377493840,0.0,1.0
09-07-2020,420.36,422.8,409.34,415.21,12367718,10.4762885107,10.2016460629,10.3479392724,494708720,0.0,1.0
10-07-2020,419.17,426.21,415.15,423.55,12441869,10.4466311139,10.3464439415,10.555790272,497674760,0.0,1.0
13-07-2020,402.09,431.69,401.0,423.8,11426932,10.0209602419,9.9937950633,10.5620208175,457077280,0.0,1.0
14-07-2020,415.08,416.11,391.42,403.0,13567356,10.3446993887,9.7550405578,10.0436394277,542694240,0.0,1.0
15-07-2020,409.09,417.32,402.23,416.57,10099623,10.1954155173,10.0244493474,10.3818334402,403984920,0.0,1.0
16-07-2020,405.39,408.27,395.82,400.6,8624118,10.1032034432,9.8646981595,9.9838261904,344964720,0.0,1.0
17-07-2020,408.06,409.94,403.51,409.02,6657123,10.1697456696,10.0563497406,10.1936709645,266284920,0.0,1.0
20-07-2020,420.43,421.25,406.27,410.97,7039983,10.4780330635,10.1251349635,10.2422692198,281599320,0.0,1.0
21-07-2020,413.14,422.4,411.47,420.52,6866718,10.2963503552,10.2547303109,10.4802760599,274668720,0.0,1.0
22-07-2020,417.55,424.1,411.6623,414.7,9182271,10.4062571787,10.2595228466,10.3352289595,367290840,0.0,1.0
23-07-2020,405.19,421.88,401.25,418.0,10291532,10.0982190067,10.0000256088,10.4174721607,411661280,0.0,1.0
24-07-2020,407.78,414.59,391.08,395.0,11832300,10.1627674586,9.7465670158,9.8442619701,473292000,0.0,1.0
27-07-2020,416.86,417.67,408.71,409.29,7303255,10.389060873,10.1859450881,10.2003999537,292130200,0.0,1.0
28-07-2020,408.62,415.28,408.37,414.97,6790901,10.1837020917,10.1774715461,10.3419579487,271636040,0.0,1.0
29-07-2020,418.62,420.65,413.88,415.632,7112692,10.4329239137,10.3147927701,10.3584564333,284507680,0.0,1.0
30-07-2020,424.56,424.9218,411.81,415.0,7722004,10.580961676,10.2632038529,10.3427056141,308880160,0.0,1.0
31-07-2020,424.59,430.66,417.32,422.53,9657150,10.5817093414,10.4005250768,10.5303696461,386286000,0.0,1.0
03-08-2020,440.41,443.95,428.61,429.3,10325456,10.9759782639,10.6818965139,10.6990928196,413018240,0.0,1.0
04-08-2020,449.11,449.11,436.2401,442.0,7758390,11.1928012491,10.8720552563,11.0156045336,310335600,0.0,1.0
05-08-2020,451.47,454.8672,446.65,449.76,6262493,11.2516175991,11.1314926808,11.2090006675,250499720,0.0,1.0
06-08-2020,453.42,454.32,447.15,453.99,6107892,11.3002158543,11.1439537719,11.3144214982,244315680,0.0,1.0
07-08-2020,447.98,460.19,441.5,452.5,8562899,11.1646391832,11.0031434425,11.2772874467,342515960,0.0,1.0
10-08-2020,446.6,456.33,434.26,453.37,10694898,11.1302465717,10.8227068433,11.2989697452,427795920,0.0,1.0
11-08-2020,434.0,445.47,431.83,442.95,8862763,10.816227076,10.7621459406,11.0392806067,354510520,0.0,1.0
12-08-2020,457.61,458.68,438.33,439.63,11623573,11.4046397978,10.9241401249,10.9565389618,464942920,0.0,1.0
13-08-2020,457.72,468.87,454.23,461.84,9361489,11.4073812378,11.3204028219,11.5100606285,374459560,0.0,1.0
14-08-2020,462.56,468.19,457.62,461.2,9160904,11.5280045997,11.4048890196,11.4941104319,366436160,0.0,1.0
17-08-2020,493.48,496.39,472.6876,474.05,15417858,12.2985984734,11.7804064922,11.8143604732,616714320,0.0,1.0
18-08-2020,490.43,499.84,483.45,498.0,12586155,12.2225858177,12.0486289859,12.4112467369,503446200,0.0,1.0
19-08-2020,485.54,492.6,483.92,491.86,15565558,12.1007163467,12.0603424115,12.2582245382,622622320,0.0,1.0
20-08-2020,485.64,495.0,475.15,479.0,23034656,12.1032085649,11.8417748736,11.9377252751,921386240,0.0,1.0
21-08-2020,507.34,512.348,487.8064,488.07,24996738,12.6440199187,12.1571999804,12.1637694677,999869520,0.0,1.0
24-08-2020,508.81,516.5,500.3,515.35,12264105,12.6806555266,12.468567756,12.8436465982,490564200,0.0,1.0
25-08-2020,510.0,510.45,502.95,505.23,7226920,12.7103129234,12.5346115388,12.5914341143,289076800,0.0,1.0
26-08-2020,510.92,514.7396,507.11,511.9694,8031073,12.733241331,12.6382878168,12.759394669,321242920,0.0,1.0
27-08-2020,505.13,514.0,502.6573,511.26,7940073,12.5889418961,12.5273168161,12.741714873,317602920,0.0,1.0
28-08-2020,525.91,525.92,505.7,506.9965,13428963,13.1068248422,12.6031475399,12.6354591491,537158520,0.0,1.0
31-08-2020,534.98,543.0,521.51,527.3114,12521030,13.3328690348,12.9971672405,13.1417507884,500841200,0.0,1.0
01-09-2020,552.84,559.75,537.46,539.2,12811849,13.7819667581,13.3985526623,13.4419298096,512473960,0.16,1.0
02-09-2020,573.86,589.0699,556.0,588.15,21850322,14.305982642,13.8607436464,14.6622236972,874012880,0.0,1.0
03-09-2020,520.62,555.38,515.15,553.1454,23628151,12.9787416497,12.8423778588,13.7895801953,945126040,0.0,1.0
04-09-2020,504.9,527.0,468.19,511.35,36592071,12.5868515595,11.6716934673,12.7476461576,1463682840,0.0,1.0
08-09-2020,476.52,502.0,468.17,469.38,19893237,11.8793553281,11.6711948794,11.7013594474,795729480,0.0,1.0
09-09-2020,508.6,512.37,489.27,496.0,18404957,12.6790903212,12.1972051149,12.3649799436,736198280,0.0,1.0
10-09-2020,492.47,522.61,486.68,519.57,17467111,12.2769791791,12.1326379817,12.9525657849,698684440,0.0,1.0
11-09-2020,486.58,506.1,475.83,499.42,15923172,12.1301450422,11.8621540455,12.4502384747,636926880,0.0,1.0
14-09-2020,514.89,532.6,505.2457,523.24,30043624,12.835896216,12.5954696514,13.0440566647,1201744960,0.0,1.0
15-09-2020,519.64,531.95,513.11,531.2,18188914,12.9543108425,12.7915218929,13.2424946493,727556560,0.0,1.0
16-09-2020,500.58,523.71,500.55,518.29,13939985,12.4791565729,12.4784086911,12.9206561592,557599400,0.0,1.0
17-09-2020,498.54,503.59,481.39,485.2894,19812794,12.428300607,12.0007614819,12.097971165,792511760,0.0,1.0
18-09-2020,487.57,505.3,479.55,503.75,17461548,12.1548251433,11.9548913951,12.5581827552,698461920,0.0,1.0
21-09-2020,500.69,500.9,476.18,477.0,18026061,12.4818988064,11.8708793337,11.8913214377,721042440,0.0,1.0
22-09-2020,505.51,505.9199,486.222,503.0,16161302,12.6020584905,12.1212203188,12.5394857089,646452080,0.0,1.0
23-09-2020,484.95,509.08,483.17,503.02,16175308,12.0895101283,12.0451358051,12.5399842968,647012320,0.0,1.0
24-09-2020,493.92,502.78,480.56,482.89,18281008,12.3131268019,11.9800700841,12.0381555745,731240320,0.0,1.0
25-09-2020,514.95,515.34,489.83,497.9,14700407,12.8373919797,12.2111655761,12.4123457942,588016280,0.0,1.0
28-09-2020,521.4,522.07,510.0,521.61,14345228,12.9981865778,12.7139914743,13.0034217508,573809120,0.0,1.0
29-09-2020,529.03,537.71,517.33,517.5,15575124,13.188397862,12.89672394,12.9009619371,623004960,0.0,1.0
30-09-2020,541.22,544.9,526.01,526.3,17229603,13.4922871876,13.113111089,13.1203406135,689184120,0.0,1.0
01-10-2020,544.58,550.5095,538.4301,550.32,13125059,13.576049955,13.4227366684,13.7191446826,525002360,0.0,1.0
02-10-2020,522.49,540.78,522.04,529.0,13812397,13.0253596184,13.0141413906,13.1876499802,552495880,0.0,1.0
05-10-2020,545.7,545.77,528.9106,529.44,11995457,13.6039708775,13.1854212922,13.198618914,479818280,0.0,1.0
06-10-2020,549.46,565.68,546.6,553.2,19610496,13.6977054028,13.626407333,13.7909413403,784419840,0.0,1.0
07-10-2020,558.56,564.77,554.54,559.99,10452129,13.9245628978,13.8243467297,13.9602119327,418085160,0.0,1.0
08-10-2020,553.55,563.38,550.32,563.0,9472522,13.7996666286,13.7191446826,14.0352494118,378900880,0.0,1.0
09-10-2020,550.51,552.97,546.43,550.68,8672273,13.7238812676,13.6221693358,13.7281192648,346890920,0.0,1.0
12-10-2020,569.04,573.88,556.5,559.58,10868595,14.1858229579,13.873208344,13.9499908807,434743800,0.0,1.0
13-10-2020,569.93,573.9399,560.745,571.86,8615078,14.2080101195,13.9790336259,14.2561238519,344603120,0.0,1.0
14-10-2020,563.81,573.71,558.4,571.62,6916178,14.0554422218,13.9205741946,14.2501407971,276647120,0.0,1.0
15-10-2020,558.8,560.23,550.71,552.4272,6680628,13.9305459526,13.7288671466,13.7716759038,267225120,0.0,1.0
16-10-2020,552.46,564.86,551.7,561.47,6065990,13.772493588,13.7535472477,13.9971074374,242639600,0.0,1.0
19-10-2020,539.91,559.3399,536.27,556.115,7451714,13.4596296801,13.3688866822,13.8636105269,298068560,0.0,1.0
20-10-2020,545.82,551.99,540.2801,543.34,5730301,13.6069624049,13.4688560492,13.5451375051,229212040,0.0,1.0
21-10-2020,540.99,551.66,539.1001,545.0,5489933,13.4865534268,13.4394393631,13.5865203009,219597320,0.0,1.0
22-10-2020,534.44,544.47,529.27,540.9,7261986,13.3232658892,13.1943809168,13.4843097812,290479440,0.0,1.0
23-10-2020,543.61,543.73,531.65,538.0,5837107,13.5518684418,13.253712877,13.4120145356,233484280,0.0,1.0
26-10-2020,525.65,547.7117,521.54,537.08,8422358,13.1041365068,13.0016766931,13.3890794921,336894320,0.0,1.0
27-10-2020,535.87,537.68,527.66,532.24,6262992,13.3589149241,13.1542445908,13.2684212201,250519680,0.0,1.0
28-10-2020,505.08,530.4,504.36,527.92,9412952,12.5913388506,12.5733896862,13.1607262335,376518080,0.0,1.0
29-10-2020,520.96,527.71,510.0,513.54,8002046,12.987217644,12.7139914743,12.8022415327,320081840,0.0,1.0
30-10-2020,501.36,517.455,492.0,514.0,10434900,12.498601501,12.2652623634,12.8137090544,417396000,0.0,1.0
02-11-2020,503.23,513.4663,495.8,506.31,7491316,12.5452194698,12.3599940646,12.6220020065,299652640,0.0,1.0
03-11-2020,520.78,524.2,504.11,508.34,6822527,12.9827303529,12.5671573374,12.6726086785,272901080,0.0,1.0
04-11-2020,551.77,553.1,533.475,535.57,10255732,13.7552923054,13.299209023,13.3514361056,410229280,0.0,1.0
05-11-2020,566.4,573.56,559.64,566.5,7975708,14.1200093549,13.9514866444,14.1225022944,319028320,0.0,1.0
06-11-2020,582.48,583.55,555.8,564.39,9583732,14.5208740273,13.8557577674,14.0699012709,383349280,0.0,1.0
09-11-2020,545.23,587.66,544.43,582.1,14574447,13.5922540618,13.5723105457,14.5114008572,582977880,0.0,1.0
10-11-2020,510.8,544.26,505.13,544.26,16101680,12.7339349903,12.5925853204,13.5680725486,644067200,0.0,1.0
11-11-2020,536.72,537.395,517.93,522.15,10118586,13.3801049099,12.911681577,13.0168836241,404743440,0.0,1.0
12-11-2020,538.27,550.64,532.64,539.1569,9165875,13.4187454723,13.2783929781,13.4408553527,366635000,0.0,1.0
13-11-2020,531.88,546.7499,522.37,545.0911,8669058,13.2594466379,13.022368091,13.5887913688,346762320,0.0,1.0
16-11-2020,540.61,545.98,526.2401,526.9,10344370,13.4770802567,13.1188473428,13.1352982506,413774800,0.0,1.0
17-11-2020,536.89,543.85,532.1549,542.1,7800699,13.3843429071,13.2662997286,13.5142250553,312027960,0.0,1.0
18-11-2020,537.15,544.23,527.4,538.61,12773133,13.3908245498,13.1477629481,13.4272214666,510925320,0.0,1.0
19-11-2020,537.61,539.5,524.0,528.51,14148355,13.4022920715,13.0630030049,13.1754345766,565934200,0.0,1.0
20-11-2020,523.51,539.7799,522.6,538.16,8527245,13.0507876014,13.0281018519,13.4160032388,341089800,0.0,1.0
23-11-2020,525.6,535.3,520.62,526.8452,9033855,13.102890037,12.9787416497,13.1339321197,361354200,0.0,1.0
24-11-2020,518.31,526.48,515.4,525.7,8568883,12.9211547471,12.8486102075,13.1053829765,342755320,0.0,1.0
25-11-2020,529.39,530.7756,520.8,521.3,6497910,13.1973724442,12.9832289408,12.9956936383,259916400,0.0,1.0
27-11-2020,530.45,536.3,526.8218,535.0,4181880,13.223797603,13.1333487719,13.3372263504,167275200,0.0,1.0
30-11-2020,536.06,536.5,518.8941,530.6,7173800,13.3636515092,12.9357160067,13.2275370122,286952000,0.0,1.0
01-12-2020,535.6,541.15,529.13,539.69,7412379,13.3521839875,13.1908908015,13.4541452132,296495160,0.0,1.0
02-12-2020,541.78,546.9377,529.37,534.02,7084030,13.5062476489,13.1968738563,13.3127955433,283361200,0.0,1.0
03-12-2020,535.84,546.4,533.16,543.5,4988016,13.3621557455,13.2953250173,13.5531719313,199520640,0.16,1.0
04-12-2020,542.33,542.3999,535.5476,537.94,5056085,13.5239958298,13.3548642138,13.4145231071,202243400,0.0,1.0
07-12-2020,544.27,549.25,540.0,544.05,5581081,13.5723732973,13.4658929952,13.5668871927,223243240,0.0,1.0
08-12-2020,534.0,543.95,531.26,543.4,6798022,13.316271962,13.2479450234,13.5506782474,271920880,0.0,1.0
09-12-2020,517.23,536.56,514.7295,532.02,10032530,12.8980811739,12.8357266083,13.266897021,401301200,0.0,1.0
10-12-2020,518.89,522.7499,513.975,514.76,5194118,12.9394763265,12.8169117634,12.8364871819,207764720,0.0,1.0
11-12-2020,520.53,520.8,512.92,518.69,5231641,12.9803727422,12.7906033984,12.9344889587,209265640,0.0,1.0
14-12-2020,532.35,535.55,523.1,523.515,6753947,13.2751261778,13.0444604182,13.0548092063,270157880,0.0,1.0
15-12-2020,534.42,538.56,527.47,537.59,4837148,13.3267454343,13.1534344041,13.4057952135,193485920,0.0,1.0
16-12-2020,529.7,537.49,528.5,536.8999,5577867,13.2090435548,13.1791193481,13.388586301,223114680,0.0,1.0
17-12-2020,533.65,535.18,527.14,534.67,5784597,13.3075440683,13.1452052472,13.332979644,231383880,0.0,1.0
18-12-2020,530.88,536.2,522.82,535.16,8551616,13.2384690246,13.0374781033,13.3451986951,342064640,0.0,1.0
21-12-2020,533.29,534.8,518.7,522.99,7558304,13.2985668063,12.9347383271,13.0417173659,302332160,0.0,1.0
22-12-2020,531.13,533.4899,522.1552,532.77,4657872,13.2447032344,13.0209000928,13.2855996501,186314880,0.0,1.0
23-12-2020,520.37,531.0,520.2,530.24,4478569,12.976382848,12.9721435854,13.2225094478,179142760,0.0,1.0
24-12-2020,519.75,525.3,517.55,521.49,2447088,12.9609220079,12.9060609624,13.0043121076,97883520,0.0,1.0
28-12-2020,516.0,522.5,510.527,522.5,5286655,12.8674088621,12.7309295429,13.0294983148,211466200,0.0,1.0
29-12-2020,517.73,522.9,513.69,517.0,4259304,12.9105495934,12.8098047643,12.892345701,170372160,0.0,1.0
30-12-2020,525.83,528.55,515.87,519.6124,5634929,13.1125379883,12.8641670731,12.9574906989,225397160,0.0,1.0
31-12-2020,522.2,526.045,516.6,525.46,4810610,13.0220172632,12.8823709654,13.1033113579,192424400,0.0,1.0
04-01-2021,524.54,546.0999,518.5,524.17,14016045,13.0803694661,12.9297509593,13.0711428358,560641800,0.0,1.0
05-01-2021,536.19,537.74,523.48,523.99,8068998,13.3708836391,13.0539364169,13.0666542048,322759920,0.0,1.0
06-01-2021,504.58,529.8,503.44,528.9,14510575,12.5826301621,12.5542021658,13.1890940837,580423000,0.0,1.0
07-01-2021,533.76,535.11,515.4601,518.7,11537037,13.3102871206,12.8539454628,12.9347383271,461481480,0.0,1.0
08-01-2021,531.07,536.8399,521.68,534.5,7313215,13.243207024,13.009050107,13.3287403814,292528600,0.0,1.0
11-01-2021,544.86,558.44,534.5,536.75,12975720,13.5870860322,13.3287403814,13.3848482689,519028800,0.0,1.0
12-01-2021,539.39,550.18,533.8,550.1,7178074,13.4506815235,13.3112845942,13.7177550679,287122960,0.0,1.0
13-01-2021,541.27,544.9999,535.4001,539.5986,5250711,13.4975627806,13.3511860301,13.4558833481,210028440,0.0,1.0
14-01-2021,528.01,543.99,527.22,543.0,7078007,13.1669002971,13.1472001943,13.5407035119,283120280,0.0,1.0
15-01-2021,514.38,533.01,513.94,529.12,6944532,12.8270111831,12.816038974,13.1945801882,277781280,0.0,1.0
19-01-2021,521.01,523.7593,513.76,520.65,5654672,12.9923424249,12.811550343,12.9833651629,226186880,0.0,1.0
20-01-2021,534.63,537.22,522.27,524.47,6464272,13.3319821704,13.0237628419,13.0786238874,258570880,0.0,1.0
21-01-2021,554.7,559.9743,530.1201,536.7442,8458490,13.8324645268,13.2195195208,13.3847036352,338339600,0.0,1.0
22-01-2021,548.5,553.6693,545.09,549.6035,6170464,13.6778561257,13.5928215051,13.7053739274,246818560,0.0,1.0
25-01-2021,546.13,553.14,529.4592,551.27,6277779,13.6187558176,13.203038764,13.7469311694,251111160,0.0,1.0
26-01-2021,537.41,545.79,535.5,543.2176,4099510,13.4013065825,13.3536772203,13.546129768,163980400,0.0,1.0
27-01-2021,516.71,529.31,511.75,529.2,9281821,12.8851140177,12.7614272969,13.1965751353,371272840,0.0,1.0
28-01-2021,522.04,533.59,518.42,519.85,5707899,13.0180273689,12.9277560122,12.9634156918,228315960,0.0,1.0
29-01-2021,519.59,533.39,516.4602,523.0,6788801,12.9569321137,12.8788847954,13.0419667343,271552040,0.0,1.0
01-02-2021,529.48,530.83,516.11,522.1335,5430108,13.2035574502,12.8701519144,13.0203589634,217204320,0.0,1.0
02-02-2021,542.27,542.88,531.4199,535.95,5451603,13.5224996195,13.251932424,13.3648987978,218064120,0.0,1.0
03-02-2021,541.22,557.27,540.66,545.44,6135232,13.4963159387,13.4823513089,13.6015493987,245409280,0.0,1.0
04-02-2021,546.57,546.94,533.5145,541.24,5033462,13.6297280267,13.3041651267,13.4968146754,201338480,0.0,1.0
05-02-2021,543.64,549.49,541.83,549.0,4228841,13.5566630888,13.5115274104,13.6903245452,169153640,0.0,1.0
08-02-2021,577.55,578.95,549.0886,549.0886,10865571,14.4022712952,13.6925339491,13.6925339491,434622840,0.0,1.0
09-02-2021,570.53,583.33,568.9,573.625,7128078,14.2272146862,14.1865676389,14.3043942026,285123120,0.0,1.0
10-02-2021,590.57,596.2,573.655,578.53,12047762,14.7269489374,14.3051423077,14.4267093973,481910480,0.0,1.0
11-02-2021,610.03,610.89,597.0,599.21,11270693,15.212219822,14.8872928114,14.9424032253,450827720,0.0,1.0
12-02-2021,598.45,611.6455,591.0,602.0,9368937,14.9234512278,14.7376717781,15.0119770058,374757480,0.0,1.0
16-02-2021,613.21,614.9,598.0,602.57,8048988,15.2915189696,14.9122296503,15.026191004,321959520,0.0,1.0
17-02-2021,596.24,608.9407,591.2,606.84,6786368,14.8683408139,14.7426591459,15.132671306,271454720,0.0,1.0
18-02-2021,593.16,594.93,583.0,589.16,5852020,14.7915353501,14.5381770671,14.6917879946,234080800,0.0,1.0
19-02-2021,597.06,607.0799,593.868,600.98,6793103,14.8887890217,14.809190632,14.9865414301,271724120,0.0,1.0
22-02-2021,574.23,605.33,573.0,590.99,8041814,14.3194809901,14.2888086783,14.7374224097,321672560,0.0,1.0
23-02-2021,565.68,569.55,535.58,563.01,9794483,14.1062710177,13.3556721674,14.0396896579,391779320,0.0,1.0
24-02-2021,579.96,580.27,550.24,564.91,11207977,14.4623690769,13.7212462254,14.0870696517,448319080,0.0,1.0
25-02-2021,532.3,574.99,528.65,561.8167,20304906,13.2738793359,13.1828598739,14.009932528,812196240,0.0,1.0
26-02-2021,548.58,554.18,534.44,550.1,12468975,13.6798510728,13.3272441711,13.7177550679,498759000,0.0,1.0
01-03-2021,553.67,557.0,542.1299,555.0,8829575,13.8067795827,13.5190059684,13.8399455784,353183000,0.0,1.0
02-03-2021,536.25,556.82,535.84,556.0,6602853,13.3723798494,13.3621557455,13.8648824173,264114120,0.0,1.0
03-03-2021,512.19,538.06,511.95,537.05,9439757,12.772399506,12.7664146646,13.3923293205,377590280,0.0,1.0
04-03-2021,494.81,519.0,483.35,512.03,14333629,12.3389972462,12.0532210727,12.7684096118,573345160,0.0,1.0
05-03-2021,498.46,502.0,467.17,502.0,13570971,12.4300167082,11.6497430196,12.5182931178,542838840,0.0,1.0
08-03-2021,463.73,498.85,462.66,498.0,13577792,11.5639602939,11.5372778763,12.4185457623,543111680,0.0,1.0
09-03-2021,500.81,504.67,482.37,485.21,13045638,12.4926081737,12.0326259555,12.1034692039,521825520,0.16,1.0
10-03-2021,498.73,519.2,498.3,513.62,9609414,12.4407229778,12.4299967113,12.8121511356,384376560,0.0,1.0
11-03-2021,519.74,521.85,509.38,518.0,7497857,12.9648133468,12.7063851591,12.9214093848,299914280,0.0,1.0
12-03-2021,514.24,515.55,503.6,505.93,6099099,12.8276169151,12.5622041818,12.6203255792,243963960,0.0,1.0
15-03-2021,527.65,528.27,510.685,514.59,5563011,13.1621267604,12.7389381306,12.8363475971,222520440,0.0,1.0
16-03-2021,531.65,540.5,524.67,534.26,6803240,13.2619059835,13.0877912392,13.3270119265,272129600,0.0,1.0
17-03-2021,533.65,538.13,519.58,521.59,6096605,13.311795595,12.9608221779,13.0109612375,243864200,0.0,1.0
18-03-2021,508.9,527.36,508.6817,525.46,7354702,12.6944116524,12.6889662013,13.1074976358,294188080,0.0,1.0
19-03-2021,513.83,516.86,504.5,510.0,7480174,12.8173895448,12.584654507,12.7218509387,299206960,0.0,1.0
22-03-2021,527.45,535.78,516.27,516.51,7445077,13.1571377993,12.8782548708,12.8842416242,297803080,0.0,1.0
23-03-2021,522.83,533.78,520.85,530.17,5551152,13.0418927966,12.9925020812,13.2249876709,222046080,0.0,1.0
24-03-2021,505.72,526.365,505.47,526.05,6145963,12.61508717,12.6088509686,13.1222150712,245838520,0.0,1.0
25-03-2021,501.41,508.59,490.88,499.98,7378614,12.5075750572,12.2449062525,12.471903985,295144560,0.0,1.0
26-03-2021,513.57,514.25,494.94,502.18,9099224,12.8109038953,12.3461821639,12.5267825576,363968960,0.0,1.0
29-03-2021,517.93,522.5,508.0,512.81,6837997,12.9196632484,12.6719613272,12.7919458429,273519880,0.0,1.0
30-03-2021,514.87,519.01,508.2,513.678,5005062,12.8433321428,12.6769502883,12.8135979343,200202480,0.0,1.0
31-03-2021,533.93,538.82,519.3,520.62,7869438,13.3187801406,12.9538376323,12.9867647759,314777520,0.0,1.0
01-04-2021,552.47,554.8,540.45,542.89,7706865,13.7812568394,13.4814202742,13.5422856002,308274600,0.0,1.0
05-04-2021,559.5,560.5585,549.32,554.7,6391785,13.9566188239,13.7026807013,13.8368837563,255671400,0.0,1.0
06-04-2021,554.46,562.165,550.9449,559.9871,4793649,13.8308970029,13.7432135162,13.9687694388,191745960,0.0,1.0
07-04-2021,565.74,569.7399,548.46,555.23,6282109,14.1122744119,13.6812281683,13.8501045033,251284360,0.0,1.0
08-04-2021,572.68,578.86,569.9577,570.11,6110373,14.2853913639,14.2174841191,14.2212832131,244414920,0.0,1.0
09-04-2021,576.0,576.32,567.0,568.56,4879272,14.368208119,14.1437048671,14.1826187641,195170880,0.0,1.0
12-04-2021,608.36,614.1,565.57,571.59,21733050,15.1754220335,14.1080337949,14.2582015256,869322000,0.0,1.0
13-04-2021,627.18,628.0,605.03,609.26,16905297,15.6448832779,15.0923558303,15.1978723587,676211880,0.0,1.0
14-04-2021,611.08,628.8184,609.1,625.0,9637548,15.2432719051,15.1938811897,15.5905036013,385501920,0.0,1.0
15-04-2021,645.49,648.566,625.26,626.5,14962017,16.1016226714,15.5969892508,15.62792081,598480680,0.0,1.0
16-04-2021,636.5,646.63,634.61,642.1235,8380189,15.8773688676,15.8302231847,16.0176459828,335207560,0.0,1.0
19-04-2021,614.47,632.3,609.3201,621.4616,10110452,15.3278347967,15.1993715415,15.5022389006,404418080,0.0,1.0
20-04-2021,606.85,619.88,598.52,612.93,8353326,15.1377553768,14.9299651448,15.2894197958,334133040,0.0,1.0
21-04-2021,614.42,614.5,604.09,604.75,5419426,15.3265875564,15.0689077129,15.0853712847,216777040,0.0,1.0
22-04-2021,594.01,617.5427,591.34,615.0,6944657,14.8174640708,14.7508614394,15.3410555437,277786280,0.0,1.0
23-04-2021,610.61,613.395,596.01,597.3745,5694305,15.2315478464,14.8673536823,14.9013908698,227772200,0.0,1.0
26-04-2021,619.12,619.16,605.0,607.4018,4944927,15.4438281435,15.0916074861,15.1515199206,197797080,0.0,1.0
27-04-2021,615.27,626.82,614.18,623.14,4114325,15.3477906413,15.320600803,15.5441062626,164573000,0.0,1.0
28-04-2021,611.07,621.29,608.6207,614.58,5235405,15.2430224571,15.1819251443,15.3305787253,209416200,0.0,1.0
29-04-2021,612.99,617.46,602.86,616.0,4329912,15.2909164841,15.0382256018,15.3660003495,173196480,0.0,1.0
30-04-2021,600.38,614.5999,599.88,606.98,5047752,14.9763624835,14.9638900806,15.1409982015,201910080,0.0,1.0
03-05-2021,593.47,609.87,591.5,605.0,5097796,14.8039938757,14.7548526083,15.0916074861,203911840,0.0,1.0
04-05-2021,574.05,585.5,560.4101,585.49,10133120,14.3195657478,13.9793210917,14.6049343257,405324800,0.0,1.0
05-05-2021,578.34,592.54,575.5,588.36,7300576,14.4265789645,14.3557357161,14.6765259182,292023040,0.0,1.0
06-05-2021,580.92,582.85,568.7236,579.81,4834523,14.4909365634,14.1866997344,14.463247829,193380920,0.0,1.0
07-05-2021,592.49,598.83,586.8683,592.33,5733183,14.779547966,14.6393157515,14.7755567971,229327320,0.0,1.0
10-05-2021,570.63,592.24,570.0,591.49,6722595,14.2342545121,14.2185392844,14.7546031603,268903800,0.0,1.0
11-05-2021,572.25,574.19,550.0,553.0,7139634,14.2746650974,13.7196431692,13.7944775865,285585360,0.0,1.0
12-05-2021,550.34,570.41,548.37,560.38,7585233,13.7281244031,13.6789831358,13.978570253,303409320,0.0,1.0
13-05-2021,546.61,563.23,538.36,561.35,7143187,13.6350802777,13.4292856301,14.0027667146,285727480,0.0,1.0
14-05-2021,569.72,573.1242,549.94,555.6,6465375,14.2115547388,13.7181464808,13.8593340815,258615000,0.0,1.0
17-05-2021,566.62,566.77,554.14,566.28,5424521,14.134225841,13.822914665,14.125744607,216980840,0.0,1.0
18-05-2021,560.63,576.17,560.16,570.68,4656356,13.9848064544,13.9730823957,14.2355017523,186254240,0.0,1.0
19-05-2021,562.63,563.18,541.73,542.66,8599984,14.034696066,13.5133496255,13.5365482949,343999360,0.0,1.0
20-05-2021,584.5,587.3514,570.82,572.1,8039798,14.580238968,14.2389940252,14.2709233765,321591920,0.0,1.0
21-05-2021,599.67,608.88,594.7756,606.55,16824800,14.9586516714,14.8365618141,15.130271935,672992000,0.0,1.0
24-05-2021,624.48,629.8,607.04,608.5,13870405,15.5775323024,15.1424948899,15.1789143063,554816200,0.0,1.0
25-05-2021,625.91,632.7399,619.3,630.64,10885172,15.6132033746,15.4483182085,15.7311923058,435406880,0.0,1.0
26-05-2021,628.0,631.75,623.45,629.37,9260966,15.6653380186,15.5518391524,15.6995124025,370438640,0.0,1.0
27-05-2021,619.52,630.0,618.4,627.99,14536880,15.4538060658,15.4258678833,15.6650885706,581475200,0.0,1.0
28-05-2021,649.78,651.099,620.04,620.04,16113390,16.2086358881,15.4667773648,15.4667773648,644535600,0.0,1.0
01-06-2021,650.58,655.525,636.13,650.8,11820075,16.2285917327,15.8681392895,16.23407959,472803000,0.0,1.0
02-06-2021,671.13,676.7547,649.42,650.09,14854189,16.7412074912,16.1996557581,16.2163687779,594167560,0.0,1.0
03-06-2021,678.79,690.36,663.32,668.03,14500170,16.9322847033,16.5463885582,16.6638785933,580006800,0.0,1.0
04-06-2021,703.13,706.44,683.82,684.5,15428007,17.5394412755,17.0577570763,17.0747195442,617120280,0.0,1.0
07-06-2021,704.76,712.5,687.71,702.8456,14393873,17.5801013089,17.1547923707,17.5323469728,575754920,0.0,1.0
08-06-2021,698.28,704.8635,690.04,701.09,8096169,17.4184589676,17.2129137681,17.4885538718,323846760,0.0,1.0
09-06-2021,694.33,703.0,690.23,700.63,9541437,17.3239181538,17.2216208824,17.4811066439,381657480,0.16,1.0
10-06-2021,697.0,699.68,687.0401,694.0,7194261,17.3905361329,17.1420311102,17.3156844709,287770440,0.0,1.0
11-06-2021,713.01,717.569,697.75,699.18,10407691,17.7899945023,17.4092490484,17.4449283406,416307640,0.0,1.0
14-06-2021,720.75,721.58,706.5101,716.24,8034357,17.9831117902,17.6278183964,17.8705847917,321374280,0.0,1.0
15-06-2021,711.54,720.65,709.118,716.6,6075761,17.753317188,17.6928869462,17.8795669912,243030440,0.0,1.0
16-06-2021,712.41,718.1871,703.377,711.63,7594711,17.7750241699,17.5496458157,17.7555627378,303788440,0.0,1.0
17-06-2021,746.29,753.4,710.2501,710.9827,20241372,18.6203489392,17.7211334684,17.7394122442,809654880,0.0,1.0
18-06-2021,745.55,775.0,743.36,751.36,24221357,18.6018855293,18.547243816,18.746848248,968854280,0.0,1.0
21-06-2021,737.09,741.46,712.906,737.41,16809554,18.3908038425,17.7873996447,18.3987880198,672382160,0.0,1.0
22-06-2021,755.47,758.55,735.435,738.86,14503639,18.8493950249,18.3495106756,18.4349663231,580145560,0.0,1.0
23-06-2021,762.29,766.11,756.31,760.31,8308926,19.0195578031,18.8703534902,18.9701557062,332357040,0.0,1.0
24-06-2021,768.22,776.8,763.53,769.11,8023060,19.1675145883,19.0504964901,19.1897205813,320922400,0.0,1.0
25-06-2021,761.24,773.82,755.775,771.22,6959148,18.9933597214,18.8570049438,19.2423662503,278365920,0.0,1.0
28-06-2021,799.4,803.15,772.76,774.45,12385914,19.9454728618,19.2807901034,19.3229565397,495436560,0.0,1.0
29-06-2021,801.07,803.95,786.275,795.3,9190846,19.9871402869,19.6179968406,19.8431755904,367633840,0.0,1.0
30-06-2021,800.1,806.5,794.55,799.965,8164154,19.9629382496,19.8244626749,19.9595699248,326566160,0.0,1.0
01-07-2021,808.48,818.24,800.76,805.0,12003374,20.172023892,19.9794056152,20.0851959641,480134960,0.0,1.0
02-07-2021,819.48,820.21,811.51,817.605,8584917,20.4464799859,20.2476240706,20.3996976972,343396680,0.0,1.0
06-07-2021,827.94,833.68,814.01,829.5,11167687,20.6575616727,20.3100004556,20.696484537,446707480,0.0,1.0
07-07-2021,814.87,835.0,813.282,834.14,10460682,20.331457932,20.2918364523,20.8122551075,418427280,0.0,1.0
08-07-2021,796.11,805.32,788.03,794.26,12582492,19.8633855391,19.6617850629,19.8172270143,503299680,0.0,1.0
09-07-2021,802.01,803.205,790.17,798.5,7415567,20.0105938077,19.7151792484,19.9230173632,296622680,0.0,1.0
12-07-2021,820.5,821.31,807.51,809.6,8049619,20.471929551,20.1478218547,20.1999685125,321984760,0.0,1.0
13-07-2021,810.0,818.45,804.5601,816.02,7267658,20.2099487341,20.0742202154,20.3601510691,290706320,0.0,1.0
14-07-2021,793.66,816.71,790.11,814.31,9502480,19.8022566819,19.7136822152,20.3174856218,380099200,0.0,1.0
15-07-2021,758.65,793.88,754.3401,792.47,13764113,18.9287377866,18.8212033939,19.7725655226,550564520,0.0,1.0
16-07-2021,726.44,766.2844,722.92,761.22,17205566,18.1250804425,18.0372544924,18.9928607103,688222640,0.0,1.0
19-07-2021,751.19,761.68,714.62,716.61,18726469,18.7426066538,17.8301648943,17.8798164967,749058760,0.0,1.0
20-07-2021,186.12,188.38,181.64,187.3,43366188,18.5751884365,18.1280745089,18.6929550513,433661880,0.0,4.0
21-07-2021,194.1,195.27,187.42,188.82,37101736,19.3716101199,18.7049313173,18.8446544196,371017360,0.0,1.0
22-07-2021,195.94,198.87,192.76,196.42,32382595,19.5552461973,19.2378751505,19.603151261,323825950,0.0,1.0
23-07-2021,195.58,197.0,192.5,196.5635,19567198,19.5193173996,19.2119265744,19.617472879,195671980,0.0,1.0
26-07-2021,192.94,194.42,189.14,193.11,20394316,19.2558395494,18.8765911287,19.2728059261,203943160,0.0,1.0
27-07-2021,192.08,196.22,187.41,192.65,24886258,19.1700096437,18.7039332951,19.2268969068,248862580,0.0,1.0
28-07-2021,195.03,196.46,189.95,193.192,20219115,19.4644261808,18.9574309237,19.2809897078,202191150,0.0,1.0
29-07-2021,196.62,198.53,193.2803,195.19,18373399,19.6231117042,19.2898022435,19.4803945354,183733990,0.0,1.0
30-07-2021,194.99,196.3,192.63,194.18,18349746,19.4604340922,19.2249008625,19.3795942972,183497460,0.0,1.0
02-08-2021,197.5,199.61,193.61,197.0,21744397,19.7109376542,19.3227070341,19.6610365463,217443970,0.0,1.0
03-08-2021,198.15,202.22,192.2,197.4,30181074,19.7758090946,19.1819859096,19.7009574326,301810740,0.0,1.0
04-08-2021,202.74,203.18,198.28,199.9,23130940,20.2339012659,19.7887833827,19.9504629726,231309400,0.0,1.0
05-08-2021,206.37,207.33,203.42,205.0,21143537,20.5961833099,20.3017667728,20.459454274,211435370,0.0,1.0
06-08-2021,203.66,205.7,202.1,205.24,17849661,20.3257193046,20.1700278477,20.4834068059,178496610,0.0,1.0
09-08-2021,202.95,205.0799,201.43,204.46,14644310,20.2548597313,20.103160363,20.4055610774,146443100,0.0,1.0
10-08-2021,199.36,204.3,198.3454,203.22,17923778,19.8965697759,19.7953104476,20.2818063296,179237780,0.0,1.0
11-08-2021,196.99,200.49,194.3,200.43,18592484,19.6600385241,19.3915705631,20.003358147,185924840,0.0,1.0
12-08-2021,199.05,200.2899,196.2,198.7,15186155,19.865631089,19.5811947735,19.8307003134,151861550,0.0,1.0
13-08-2021,201.88,202.1381,198.51,199.05,18059898,20.1480713602,19.8117378924,19.865631089,180598980,0.0,1.0
16-08-2021,199.5,202.87,194.53,201.35,21115280,19.9105420862,19.4145250728,20.0951761857,211152800,0.0,1.0
17-08-2021,194.58,197.7,192.67,196.85,20458485,19.4195151836,19.2288929511,19.6460662139,204584850,0.0,1.0
18-08-2021,190.4,196.3365,190.0,195.0,28591348,19.0023419209,18.9624210345,19.4614321143,285913480,0.0,1.0
19-08-2021,197.98,204.95,187.62,194.94,76655477,19.7588427179,18.7248917605,19.4554439814,766554770,0.0,1.0
20-08-2021,208.16,208.6506,199.33,199.91,67574131,20.7748292765,19.8935757095,19.9514609947,675741310,0.0,1.0
23-08-2021,219.58,219.97,209.5,209.71,57580658,21.9145705829,20.9085642459,20.9295227112,575806580,0.0,1.0
24-08-2021,217.93,219.59,215.35,217.53,29729892,21.7498969265,21.4924072093,21.7099760401,297298920,0.0,1.0
25-08-2021,222.13,224.7,217.22,217.37,34770104,22.1690662336,21.6790373532,21.6940076856,347701040,0.0,1.0
26-08-2021,220.68,223.4,217.9,222.0,23794042,22.0243530204,21.74690286,22.1560919455,237940420,0.0,1.0
27-08-2021,226.36,227.22,221.67,221.84,30472219,22.5912296072,22.1231572143,22.140123591,304722190,0.0,1.0
30-08-2021,226.88,230.43,225.51,228.2997,26257990,22.6431267595,22.5063977236,22.7848159655,262579900,0.0,1.0
31-08-2021,223.85,226.95,221.2,226.95,25984968,22.3447181337,22.0801950019,22.6541602879,259849680,0.04,1.0
01-09-2021,224.41,226.97,223.565,224.85,20176695,22.4006173616,22.3162694195,22.4445381835,201766950,0.0,1.0
02-09-2021,223.96,225.9299,222.945,225.18,18810957,22.3556983392,22.2543809887,22.4774787999,188109570,0.0,1.0
03-09-2021,228.43,229.86,222.0,223.25,28083198,22.8018939615,22.1600510417,22.2848261039,280831980,0.0,1.0
07-09-2021,226.62,228.99,225.224,228.33,19810716,22.6212196715,22.4818708821,22.7919119565,198107160,0.0,1.0
08-09-2021,223.39,226.1,219.77,225.13,25443421,22.2988009108,21.9374523308,22.4724877974,254434210,0.0,1.0
09-09-2021,221.77,225.38,221.31,223.12,19685601,22.1370924303,22.0911752074,22.2718494974,196856010,0.0,1.0
10-09-2021,224.78,226.26,222.7,223.4831,24837574,22.43755078,22.2299250765,22.3080941575,248375740,0.0,1.0
13-09-2021,221.52,229.64,218.58,226.84,29749990,22.1121374178,21.8186664716,22.6431800824,297499900,0.0,1.0
14-09-2021,222.42,224.1,220.86,222.75,19975460,22.2019754626,22.046256185,22.234916079,199754600,0.0,1.0
15-09-2021,223.41,223.6699,219.66,223.09,16653801,22.3007973118,21.9264721253,22.2688548959,166538010,0.0,1.0
16-09-2021,222.42,222.77,219.27,221.8345,15603344,22.2019754626,21.8875423059,22.1435308235,156033440,0.0,1.0
17-09-2021,219.0,223.21,218.3,223.0,29450284,21.8605908925,21.7907168577,22.2598710914,294502840,0.0,1.0
20-09-2021,211.13,214.33,206.62,211.46,34944045,21.0750071011,20.6248186767,21.1079477175,349440450,0.0,1.0
21-09-2021,212.46,214.25,209.5,214.165,20468810,21.2077677672,20.91230042,21.377960952,204688100,0.0,1.0
22-09-2021,219.41,219.6,211.96,213.655,26872556,21.9015171129,21.1578577423,21.3270527266,268725560,0.0,1.0
23-09-2021,224.82,225.345,218.9,221.4,24855491,22.441543582,21.8506088875,22.1001590119,248554910,0.0,1.0
24-09-2021,220.81,221.49,218.61,220.7,21765545,22.0412651825,21.8216610731,22.030284977,217655450,0.0,1.0
27-09-2021,216.6,217.99,213.25,217.1035,24521514,21.6210227731,21.2866256065,21.6712821682,245215140,0.0,1.0
28-09-2021,206.99,214.19,206.51,212.135,34306895,20.6617520951,20.6138384713,21.175326251,343068950,0.0,1.0
29-09-2021,205.17,210.17,204.67,209.395,21839363,20.4800796046,20.4301695798,20.9018193148,218393630,0.0,1.0
30-09-2021,207.16,210.66,206.88,207.684,22100912,20.6787215036,20.6507718897,20.7310272097,221009120,0.0,1.0
01-10-2021,207.42,208.59,202.03,207.5,24097796,20.7046747165,20.1666446484,20.7126603205,240977960,0.0,1.0
04-10-2021,197.32,205.4179,195.55,205.04,34563497,19.6964922142,19.5198107261,20.4671029982,345634970,0.0,1.0
05-10-2021,204.51,206.48,198.54,199.5,27928165,20.4141983718,19.8182726749,19.9140999226,279281650,0.0,1.0
06-10-2021,207.0,207.2,200.8,201.2,29720175,20.6627502956,20.0438659873,20.0837940072,297201750,0.0,1.0
07-10-2021,210.75,213.22,209.72,210.92,25691893,21.0370754822,20.9342608309,21.0540448906,256918930,0.0,1.0
08-10-2021,208.31,212.06,207.75,211.01,15125791,20.7935145608,20.7376153329,21.0630286951,151257910,0.0,1.0
11-10-2021,206.95,210.63,205.11,205.75,16338754,20.6577592932,20.4740904016,20.5379752335,163387540,0.0,1.0
12-10-2021,206.71,210.57,205.28,208.275,16213354,20.6338024812,20.4910598101,20.7900208591,162133540,0.0,1.0
13-10-2021,209.39,209.9,207.13,209.18,18065188,20.9013202145,20.6757269021,20.8803580041,180651880,0.0,1.0
14-10-2021,217.46,217.55,211.2201,212.88,24358881,21.7068680159,21.0840008875,21.2496921881,243588810,0.0,1.0
15-10-2021,218.62,219.31,216.62,218.1,22699401,21.8226592736,21.6230191741,21.7707528477,226994010,0.0,1.0
18-10-2021,222.22,222.91,216.44,217.49,18949356,22.1820114526,21.6050515652,21.7098626174,189493560,0.0,1.0
19-10-2021,222.9,223.79,220.37,222.76,16147329,22.2498890865,21.9973443606,22.2359142795,161473290,0.0,1.0
20-10-2021,221.03,224.33,219.82,223.045,14627594,22.0632255935,21.9424433333,22.2643629937,146275940,0.0,1.0
21-10-2021,226.92,227.11,220.83,220.97,18759032,22.6511656864,22.0432615835,22.0572363905,187590320,0.0,1.0
22-10-2021,227.26,231.3,225.61,228.23,24938379,22.6851045033,22.5204014213,22.7819299516,249383790,0.0,1.0
25-10-2021,231.66,233.5499,227.7,229.73,23023483,23.1243127222,22.7290253252,22.9316600262,230234830,0.0,1.0
26-10-2021,247.17,252.59,239.24,239.89,48589830,24.6725216936,23.8809486992,23.9458317315,485898300,0.0,1.0
27-10-2021,244.51,250.9,242.8201,244.74,24598989,24.4070003613,24.2383144592,24.4299589727,245989890,0.0,1.0
28-10-2021,249.41,249.5,245.23,248.78,23420431,24.896118605,24.4788707971,24.8332319737,234204310,0.0,1.0
29-10-2021,255.67,257.09,250.0,250.005,29250284,25.5209921164,24.9550124343,24.9555115346,292502840,0.0,1.0
01-11-2021,258.27,258.94,252.27,256.49,26074158,25.7805242457,25.1816039473,25.6028445571,260741580,0.0,1.0
02-11-2021,264.01,266.78,258.0,258.22,28744823,26.3534913312,25.7535728322,25.7755332432,287448230,0.0,1.0
03-11-2021,265.98,267.84,262.35,266.7,23991033,26.5501368292,26.1877900486,26.622007265,239910330,0.0,1.0
04-11-2021,298.01,313.65,271.18,272.29,115363115,29.7473730222,27.0692010878,27.180001343,1153631150,0.0,1.0
05-11-2021,297.52,314.0,294.1,301.87,85126015,29.6984611979,29.3570766278,30.1326784142,851260150,0.0,1.0
08-11-2021,308.04,311.0,299.07,301.49,50310093,30.7485681211,29.853182275,30.0947467953,503100930,0.0,1.0
09-11-2021,306.57,323.1,299.64,322.82,64216853,30.601832648,29.9100797033,32.2239084562,642168530,0.0,1.0
10-11-2021,294.59,308.5,287.78,293.56,63620572,29.4059884521,28.7262139134,29.3031738009,636205720,0.0,1.0
11-11-2021,303.9,305.9,297.7701,304.68,33217211,30.3353131152,29.7234261923,30.413172754,332172110,0.0,1.0
12-11-2021,303.9,306.8,296.3,300.1,41026129,30.3353131152,29.5766807372,29.9559969262,410261290,0.0,1.0
15-11-2021,300.25,306.44,292.47,305.52,38490900,29.9709699337,29.1943699467,30.4970215958,384909000,0.0,1.0
16-11-2021,302.03,303.9,297.0587,297.59,26448367,30.1486496222,29.6524142089,29.7054486013,264483670,0.0,1.0
17-11-2021,292.61,305.09,288.0,304.18,42850799,29.2083447537,28.7481743244,30.3632627291,428507990,0.0,1.0
18-11-2021,316.75,327.6,313.21,323.67,78171075,31.6180007543,31.2646377782,32.3087554985,781710750,0.0,1.0
19-11-2021,329.85,330.88,319.05,322.43,53386665,32.9256434059,31.8475868687,32.1849786368,533866650,0.0,1.0
22-11-2021,319.56,346.47,319.0,335.17,75433524,31.8984950941,31.8425958662,33.4566860705,754335240,0.0,1.0
23-11-2021,317.46,323.6,308.8,315.35,53216270,31.6888729896,30.8244313589,31.4782526847,532162700,0.0,1.0
24-11-2021,326.74,328.55,309.28,314.61,43516226,32.6152030512,30.8723449828,31.4043858479,435162260,0.0,1.0
26-11-2021,315.03,327.1,313.5,326.0,28306886,31.4463102688,31.2935855927,32.5413362144,283068860,0.0,1.0
29-11-2021,333.76,334.12,320.36,323.66,45496398,33.3159398004,31.9783511339,32.307757298,454963980,0.0,1.0
30-11-2021,326.76,333.53,318.6401,331.69,62206647,32.6171994522,31.8066706303,33.1093122974,622066470,0.0,1.0
01-12-2021,314.35,332.8934,313.8,332.1947,48580204,31.3824254369,31.3275174236,33.1639109378,485802040,0.04,1.0
02-12-2021,321.26,324.7799,310.25,312.14,47289033,32.0722697499,30.9731111557,31.1617950561,472890330,0.0,1.0
03-12-2021,306.93,321.29,301.3,320.0,54432505,30.6416664207,30.0796080297,31.946480483,544325050,0.0,1.0
06-12-2021,300.37,302.41,280.38,298.8,65893845,29.9867635708,27.9911068682,29.830026151,658938450,0.0,1.0
07-12-2021,324.27,324.49,306.51,309.57,59305348,32.3727663319,30.5997366651,30.9052248847,593053480,0.0,1.0
08-12-2021,318.26,322.9,314.2101,319.99,47555145,31.7727714953,31.368458835,31.9454821555,475551450,0.0,1.0
09-12-2021,304.9,322.05,304.28,317.34,48850716,30.4390059352,30.3771096292,31.680925364,488507160,0.0,1.0
10-12-2021,301.98,313.05,298.61,311.5,48882509,30.1474943008,29.8110579282,31.0979020951,488825090,0.0,1.0
13-12-2021,281.61,302.94,281.16,302.49,59834366,28.1139011525,28.0689764143,30.198409004,598343660,0.0,1.0
14-12-2021,283.37,286.78,272.5,276.99,66703537,28.2896067952,27.2044247863,27.6526738406,667035370,0.0,1.0
15-12-2021,304.59,305.0,278.38,284.0,69829688,30.4080577822,27.7914413651,28.3525014286,698296880,0.0,1.0
16-12-2021,283.87,311.6,280.93,311.52,70736595,28.3395231709,28.0460148815,31.0998987502,707365950,0.0,1.0
17-12-2021,278.01,289.22,277.6,279.85,71662239,27.7545032471,27.713571819,27.9381955099,716622390,0.0,1.0
20-12-2021,277.19,281.44,271.45,273.05,46184676,27.6726403909,27.0996003972,27.2593327996,461846760,0.0,1.0
21-12-2021,290.75,291.2,274.01,283.74,52438494,29.0263725013,27.3551722411,28.3265449132,524384940,0.0,1.0
22-12-2021,294.0,295.55,284.49,288.91,39518438,29.3508289437,28.4014194769,28.8426802385,395184380,0.0,1.0
23-12-2021,296.4,300.59,294.3101,297.55,34302174,29.5904275473,29.38178708,29.7052352116,343021740,0.0,1.0
27-12-2021,309.45,310.865,296.4,296.6,40368587,30.8932449545,29.5904275473,29.6103940976,403685870,0.0,1.0
28-12-2021,303.22,313.3,300.1181,313.12,42059121,30.2712869126,29.9616157007,31.2596311526,420591210,0.0,1.0
29-12-2021,300.01,305.48,293.66,302.725,34313928,29.9508237803,29.3168858082,30.2218697006,343139280,0.0,1.0
30-12-2021,295.86,304.57,295.4,298.27,30886422,29.5365178615,29.4905947958,29.7771147927,308864220,0.0,1.0
31-12-2021,294.11,300.3,293.3057,296.74,26347792,29.3618105464,29.2815150644,29.6243706829,263477920,0.0,1.0
03-01-2022,301.21,307.11,297.85,298.15,39240294,30.0706230821,29.735185037,29.7651348625,392402940,0.0,1.0
04-01-2022,292.9,304.68,283.49,302.77,52715440,29.2410129171,28.3015867254,30.2263621745,527154400,0.0,1.0
05-01-2022,276.04,294.16,275.33,289.49,49806388,27.5578327266,27.486951473,28.9005832344,498063880,0.0,1.0
06-01-2022,281.78,284.3799,270.65,276.4,45418637,28.1308727203,27.019734196,27.5937725172,454186370,0.0,1.0
07-01-2022,272.47,284.22,270.57,281.41,40993851,27.2014298037,27.0117475759,28.0939346022,409938510,0.0,1.0
10-01-2022,274.0,274.69,256.4384,265.81,59468095,27.3541739135,25.6009510646,26.5365436787,594680950,0.0,1.0
11-01-2022,278.17,280.65,268.39,273.225,40276508,27.7704764873,26.7941121776,27.2768035311,402765080,0.0,1.0
12-01-2022,279.99,285.95,276.08,280.665,38341348,27.9521720951,27.5618260367,28.0195592023,383413480,0.0,1.0
13-01-2022,265.75,284.8,264.98,283.79,53886809,26.5305537136,26.4536824949,28.3315365508,538868090,0.0,1.0
14-01-2022,269.42,271.969,262.1001,263.0,39583235,26.8969399116,26.1661741539,26.2560136469,395832350,0.0,1.0
18-01-2022,259.03,266.38,257.7,262.6,42267538,25.8596776234,25.7269000639,26.2160805463,422675380,0.0,1.0
19-01-2022,250.67,265.4317,250.52,260.79,48360408,25.0250758208,25.0101009081,26.0353832661,483604080,0.0,1.0
20-01-2022,241.5,255.7904,240.78,253.04,43518073,24.1096094895,24.0377299084,25.2616794419,435180730,0.0,1.0
21-01-2022,233.74,248.23,232.63,235.07,71895784,23.3349073378,23.2240929836,23.4676848973,718957840,0.0,1.0
24-01-2022,233.72,233.8,208.88,223.3,91581063,23.3329106827,20.8530651353,22.292653412,915810630,0.0,1.0
25-01-2022,223.24,229.43,220.0,225.46,66461636,22.2866634469,21.963205332,22.5082921553,664616360,0.0,1.0
26-01-2022,227.72,240.57,223.0,232.4,75595873,22.7339141737,22.2627035866,23.2011314508,755958730,0.0,1.0
27-01-2022,219.44,239.95,216.75,235.68,57335272,21.9072989912,21.6387488896,23.5285828757,573352720,0.0,1.0
28-01-2022,228.4,228.58,212.96,220.1215,54377425,22.8018004447,21.2603827614,21.9753350113,543774250,0.0,1.0
31-01-2022,244.86,245.09,230.52,231.82,56467968,24.4450475346,23.0134458779,23.1432284549,564679680,0.0,1.0
01-02-2022,246.38,251.45,238.9001,251.04,51892517,24.5967933169,23.8500543188,25.0620139389,518925170,0.0,1.0
02-02-2022,252.42,258.17,245.5301,257.94,54341941,25.199783136,24.5119454613,25.7508599243,543419410,0.0,1.0
03-02-2022,239.48,250.77,237.8,244.58,41017778,23.9079473314,23.7402283089,24.4170943641,410177780,0.0,1.0
04-02-2022,243.19,246.35,236.32,239.72,35482850,24.2783268395,23.5924758367,23.9319071918,354828500,0.0,1.0
07-02-2022,247.28,251.82,242.02,243.72,37686750,24.6866427932,24.1615225203,24.3312381978,376867500,0.0,1.0
08-02-2022,251.08,252.3,239.8,243.59,41035864,25.0660072489,23.9398938119,24.3182599401,410358640,0.0,1.0
09-02-2022,267.05,267.25,253.53,256.22,52428166,26.6603362905,25.3105974901,25.5791475917,524281660,0.0,1.0
10-02-2022,258.24,269.2499,256.0,259.95,51319972,25.7808097498,25.5571843864,25.9515237548,513199720,0.0,1.0
11-02-2022,239.49,261.52,237.73,259.16,60547198,23.908945659,23.7332400163,25.8726558811,605471980,0.0,1.0
14-02-2022,242.67,248.75,237.55,239.34,44042443,24.2264138088,23.715270121,23.8939707462,440424430,0.0,1.0
15-02-2022,264.95,265.45,247.84,249.49,70175280,26.4506875124,24.7425491341,24.907273174,701752800,0.0,1.0
16-02-2022,265.11,265.82,255.52,262.59,73267633,26.4666607526,25.5092646656,26.2150822188,732676330,0.0,1.0
17-02-2022,245.07,257.85,241.65,256.3,81059508,24.4660124124,24.1245844022,25.5871342118,810595080,0.0,1.0
18-02-2022,236.42,249.86,231.0,246.675,76125491,23.6024591118,23.0613655986,24.6262439785,761254910,0.0,1.0
22-02-2022,233.9,240.6399,230.0,230.35,62919566,23.350880578,22.9615328471,22.9964743102,629195660,0.0,1.0
23-02-2022,223.87,241.5499,223.01,238.02,56651077,22.3495580804,22.2637019141,23.7621915142,566510770,0.0,1.0
24-02-2022,237.48,238.0,208.9,210.15,73580063,23.7082818284,20.8550617903,20.9798527297,735800630,0.0,1.0
25-02-2022,241.57,242.17,233.81,237.21,52886551,24.1165977821,23.3418956304,23.6813269855,528865510,0.0,1.0
28-02-2022,243.85,246.65,237.0701,239.92,47731861,24.3442164555,23.6673603836,23.9518737421,477318610,0.0,1.0
01-03-2022,234.77,243.77,231.32,242.91,41205598,23.4377350718,23.0933120791,24.2503736691,412055980,0.0,1.0
02-03-2022,242.2,244.09,234.15,237.56,38964185,24.1834857256,23.3796993503,23.7201852559,389641850,0.04,1.0
03-03-2022,237.14,243.2599,234.69,242.615,36509504,23.6782485754,23.4336179395,24.2249231599,365095040,0.0,1.0
04-03-2022,229.36,236.8,224.82,233.84,43201070,22.9014214947,22.4481059489,23.3487460862,432010700,0.0,1.0
07-03-2022,213.52,230.33,213.3,228.17,45082089,21.3198095464,21.2978427138,22.7826009001,450820890,0.0,1.0
08-03-2022,215.14,223.7299,206.5,213.09,55746719,21.4815653138,20.6188678874,21.2768743735,557467190,0.0,1.0
09-03-2022,230.14,232.2,222.47,223.87,49274195,22.9793039013,22.2134602369,22.3532491717,492741950,0.0,1.0
10-03-2022,226.58,227.88,218.82,225.31,42806565,22.6238406099,21.8490105139,22.4970320761,428065650,0.0,1.0
11-03-2022,221.0,231.45,220.46,230.22,36720857,22.0666818553,22.0127632662,22.9872918404,367208570,0.0,1.0
14-03-2022,213.3,222.62,211.5901,218.69,38535424,21.2978427138,21.1271104997,21.8360301129,385354240,0.0,1.0
15-03-2022,229.73,230.38,213.2201,215.18,49199569,22.9383657132,21.2898647595,21.4855592834,491995690,0.0,1.0
16-03-2022,244.96,245.97,231.72,235.0,67142174,24.4590696257,23.1370656992,23.4645712036,671421740,0.0,1.0
17-03-2022,247.66,248.42,239.06,241.2,47194119,24.7286625714,23.8699591146,24.0836364864,471941190,0.0,1.0
18-03-2022,264.53,265.6899,246.24,247.99,72788748,26.4131192361,24.5868766518,24.7616128204,727887480,0.0,1.0
21-03-2022,267.34,271.5199,259.67,265.07,58807971,26.6936955982,25.9278519338,26.4670378253,588079710,0.0,1.0
22-03-2022,265.24,272.38,260.72,267.27,54265223,26.484012196,26.0326936349,26.6867061515,542652230,0.0,1.0
23-03-2022,256.34,266.115,255.7501,261.26,50211986,25.5953539674,25.5364529012,26.0866122241,502119860,0.0,1.0
24-03-2022,281.5,283.1999,259.07,261.66,87737914,28.1075608248,25.8679423903,26.1265519197,877379140,0.0,1.0
25-03-2022,276.92,283.58,272.71,278.86,57776944,27.6502513094,27.2298860125,27.8439588334,577769440,0.0,1.0
28-03-2022,282.19,282.5,272.06,277.555,42549392,28.1764567998,27.1649840071,27.7136555763,425493920,0.0,1.0
29-03-2022,286.56,289.46,279.8,286.945,48898440,28.6127979749,27.9378171182,28.651239932,488984400,0.0,1.0
30-03-2022,276.9,284.955,275.03,283.04,46348713,27.6482543246,27.4615362474,28.2613286531,463487130,0.0,1.0
31-03-2022,272.86,282.48,272.7,277.82,52344022,27.2448633984,27.2288875201,27.7401156246,523440220,0.0,1.0
01-04-2022,267.12,274.96,262.67,273.75,51723511,26.6717287656,26.2273996513,27.3337292212,517235110,0.0,1.0
04-04-2022,273.6,275.58,266.13,267.28,39770782,27.3187518354,26.5728780188,26.6877046438,397707820,0.0,1.0
05-04-2022,259.31,273.19,258.2,272.54,43093087,25.8919062077,25.7810735522,27.2129116419,430930870,0.0,1.0
06-04-2022,244.07,253.0,240.03,249.34,70383256,24.3702038028,23.9668128766,24.8964092932,703832560,0.0,1.0
07-04-2022,242.08,247.22,234.78,244.41,55799236,24.1715038169,23.442604371,24.4041525442,557992360,0.0,1.0
08-04-2022,231.19,239.23,230.6201,239.17,52478064,23.0841456024,23.027241521,23.8809425309,524780640,0.0,1.0
11-04-2022,219.17,223.1994,216.6,222.14,57520684,21.8839577476,21.627345203,22.180509988,575206840,0.0,1.0
12-04-2022,215.04,227.25,212.8204,225.37,66225807,21.4715803899,21.2499550187,22.5030230305,662258070,0.0,1.0
13-04-2022,222.03,225.0,214.55,217.28,51694344,22.1695265717,21.4226542627,21.6952426856,516943440,0.0,1.0
14-04-2022,212.58,227.77,211.63,225.05,56909685,21.2259512616,21.1310944844,22.4710712739,569096850,0.0,1.0
18-04-2022,217.83,220.88,210.79,212.0,52570061,21.7501597672,21.0472211235,21.1680387028,525700610,0.0,1.0
19-04-2022,221.98,223.73,213.14,217.2,51278058,22.1645341097,21.2818668355,21.6872547465,512780580,0.0,1.0
20-04-2022,214.82,226.7037,212.0,225.171,46697126,21.4496135573,21.1680387028,22.4831530319,466971260,0.0,1.0
21-04-2022,201.83,223.92,200.0,217.0915,65620944,20.1525719405,19.9698478329,21.676421104,656209440,0.0,1.0
22-04-2022,195.15,204.86,195.0,203.03,62471343,19.4855790229,19.470601637,20.2723910275,624713430,0.0,1.0
25-04-2022,199.02,199.45,190.96,192.02,64156561,19.8719955785,19.0672107108,19.1730509043,641565610,0.0,1.0
26-04-2022,187.88,197.88,186.7,197.18,64496017,18.7596750542,18.641852952,19.6882729784,644960170,0.0,1.0
27-04-2022,184.15,191.67,182.9,185.98,49946017,18.3872373921,18.2624258432,18.5699614998,499460170,0.0,1.0
28-04-2022,197.82,200.37,184.8957,189.67,57032671,19.7521764915,18.4616949698,18.9384051923,570326710,0.0,1.0
29-04-2022,185.47,201.2848,185.17,194.02,50043491,18.5190383878,18.4890836161,19.3727493827,500434910,0.0,1.0
02-05-2022,195.33,195.74,183.91,185.405,57204868,19.503551886,18.3632735747,18.5125481873,572048680,0.0,1.0
03-05-2022,196.02,198.25,191.33,194.0,47575084,19.572447861,19.1041549293,19.3707523979,475750840,0.0,1.0
04-05-2022,203.34,204.0,187.51,199.23,64630503,20.3033442917,18.7227308357,19.8929639187,646305030,0.0,1.0
05-05-2022,188.44,199.25,185.0,198.67,62633141,18.8155906281,18.4721092454,19.8370483448,626331410,0.0,1.0
06-05-2022,186.75,195.12,179.9,187.36,63329672,18.6468454139,17.9628781257,18.7077534498,633296720,0.0,1.0
09-05-2022,169.5,182.55,168.27,180.34,64445451,16.9244460384,16.8016314742,18.0068117909,644454510,0.0,1.0
10-05-2022,175.95,181.98,170.25,176.89,76147429,17.568473631,16.9993329677,17.6623319158,761474290,0.0,1.0
11-05-2022,166.3,177.53,165.68,173.47,67016703,16.604928473,16.5430219447,17.3208475178,670167030,0.0,1.0
12-05-2022,161.75,167.88,155.67,162.191,70872837,16.1506144348,15.5435310607,16.1946479493,708728370,0.0,1.0
13-05-2022,177.06,179.2843,165.925,167.88,67043651,17.6793062864,16.5674850083,16.7626902709,670436510,0.0,1.0
16-05-2022,172.64,177.88,171.06,175.09,52144598,17.2379726493,17.0802108515,17.4826032853,521445980,0.0,1.0
17-05-2022,181.77,183.71,176.34,180.74,58582971,18.1495962029,17.6074148342,18.0467514866,585829710,0.0,1.0
18-05-2022,169.38,181.18,168.64,177.05,54516106,16.9124641297,16.8385756927,17.678307794,545161060,0.0,1.0
19-05-2022,171.24,176.87,167.3405,169.37,62130959,17.0981837145,16.7088216064,16.9114656373,621309590,0.0,1.0
20-05-2022,166.94,174.1,157.55,173.32,73910526,16.6688319861,15.7312476303,17.305870132,739105260,0.0,1.0
23-05-2022,168.98,169.15,161.7901,162.74,63988869,16.872524434,16.1546183893,16.2494651816,639888690,0.0,1.0
24-05-2022,161.54,165.97,157.8,165.1,58855002,16.1296460946,15.7562099401,16.485109386,588550020,0.0,1.0
25-05-2022,169.75,171.1099,160.0,160.2,78113190,16.9494083481,15.9758782663,15.9958481141,781131900,0.0,1.0
26-05-2022,178.51,180.92,160.22,160.36,99657452,17.8240876832,15.9978450989,16.0118239924,996574520,0.0,1.0
27-05-2022,188.11,188.81,181.0,181.86,73837935,18.7826403792,18.0727122887,18.1585826344,738379350,0.0,1.0
31-05-2022,186.72,192.0,183.5,189.8,66409951,18.6438499368,18.3223353867,18.9513855934,664099510,0.0,1.0
01-06-2022,183.2,190.5318,181.22,187.24,54451390,18.2923806149,18.0946791214,18.6957715411,544513900,0.0,1.0
02-06-2022,195.92,196.19,181.98,182.92,64865580,19.5624629371,18.1705645431,18.2644228279,648655800,0.0,1.0
03-06-2022,187.2,193.323,185.2156,190.815,59877870,18.6917775716,18.4936367414,19.0527325711,598778700,0.0,1.0
06-06-2022,187.86,193.37,185.642,191.39,42240615,18.7576780694,18.5362124569,19.1101458837,422406150,0.0,1.0
07-06-2022,189.26,190.0,181.88,184.72,38891411,18.8974670042,18.1605796192,18.4441514584,388914110,0.0,1.0
08-06-2022,186.48,191.8,185.35,187.99,36325246,18.6238800889,18.5110262467,18.7746847808,363252460,0.04,1.0
09-06-2022,180.48,189.33,180.41,184.81,39557379,18.0246561478,18.0176652019,18.457096092,395573790,0.0,1.0
10-06-2022,169.74,176.97,168.69,176.0,46564966,16.9520452933,16.8471811036,17.5772356052,465649660,0.0,1.0
13-06-2022,156.47,163.12,156.06,160.0,60415338,15.6267616769,15.5858147076,15.9793050956,604153380,0.0,1.0
14-06-2022,158.36,160.66,154.12,157.31,46967952,15.8155172184,15.3920656333,15.7106530287,469679520,0.0,1.0
15-06-2022,165.27,168.68,159.26,160.95,56393565,16.5056234572,15.9054008095,16.0741822196,563935650,0.0,1.0
16-06-2022,156.01,159.4232,154.01,158.6,54574867,15.5808211748,15.3810798611,15.839486176,545748670,0.0,1.0
17-06-2022,158.8,159.95,153.28,156.48,63033397,15.8594603074,15.3081742816,15.6277603835,630333970,0.0,1.0
21-06-2022,165.66,170.08,164.07,164.745,48308888,16.5445730134,16.385778669,16.4531913624,483088880,0.0,1.0
22-06-2022,163.6,166.62,161.8,162.26,43799744,16.3388394603,16.1590722779,16.2050127801,437997440,0.0,1.0
23-06-2022,162.25,165.85,158.53,165.185,46367959,16.2040140735,15.83249523,16.4971344514,463679590,0.0,1.0
24-06-2022,171.26,171.4,163.1,165.0,47215283,17.1038486917,16.2889041318,16.4786583798,472152830,0.0,1.0
27-06-2022,168.69,173.3,166.255,173.12,42796788,16.8471811036,16.6039960542,17.2896081135,427967880,0.0,1.0
28-06-2022,159.82,172.0199,159.45,169.0,46185936,15.9613283774,15.9243762343,16.8781410072,461859360,0.0,1.0
29-06-2022,155.42,158.2,151.7,158.14,48235228,15.5218974872,15.1503786438,15.7935456739,482352280,0.0,1.0
30-06-2022,151.59,155.67,148.62,153.61,68607003,15.1393928715,14.8427770207,15.3411315984,686070030,0.0,1.0
01-07-2022,145.23,150.6291,143.92,148.99,57761008,14.504215494,14.3733849335,14.8797291637,577610080,0.0,1.0
05-07-2022,149.64,149.71,140.55,141.75,65220761,14.9446450907,14.0368208199,14.1566656081,652207610,0.0,1.0
06-07-2022,151.3,153.1899,147.89,150.1,52906586,15.110430381,14.7698714412,14.9905855928,529065860,0.0,1.0
07-07-2022,158.58,159.45,153.89,154.555,49290276,15.8374887629,15.3690953823,15.4355093691,492902760,0.0,1.0
08-07-2022,158.38,160.3699,153.89,154.3,46797176,15.8175146315,15.3690953823,15.4100423516,467971760,0.0,1.0
11-07-2022,151.52,155.2699,150.3801,155.26,43838873,15.1324019255,15.0185593638,15.5059181822,438388730,0.0,1.0
12-07-2022,150.82,154.31,148.77,152.68,45848310,15.0624924657,14.8577576192,15.2482518875,458483100,0.0,1.0
13-07-2022,151.64,153.75,144.65,145.9,52191834,15.1443864044,14.446290513,14.5711288341,521918340,0.0,1.0
14-07-2022,153.72,154.7299,147.28,151.08,45623484,15.3521173706,14.7089503405,15.0884588365,456234840,0.0,1.0
15-07-2022,157.62,157.82,154.45,156.59,38593547,15.7416129323,15.4250229501,15.6387461558,385935470,0.0,1.0
18-07-2022,161.01,168.97,160.02,163.02,67051745,16.080174459,15.9813025087,16.2809144793,670517450,0.0,1.0
19-07-2022,169.92,171.1,161.7201,164.86,70236608,16.9700220115,16.1510926125,16.4646764879,702366080,0.0,1.0
20-07-2022,178.07,179.325,168.01,169.47,76053779,17.7839678648,16.779269057,16.925080216,760537790,0.0,1.0
21-07-2022,180.5,181.44,175.4456,178.85,55704928,18.026653561,17.521867313,17.8618669772,557049280,0.0,1.0
22-07-2022,173.19,179.67,171.365,178.93,53667088,17.2965990594,17.1143351107,17.8698566297,536670880,0.0,1.0
25-07-2022,170.24,171.24,166.49,170.19,48074751,17.0019806217,16.6274656586,16.9969870889,480747510,0.0,1.0
26-07-2022,165.33,169.19,164.78,168.89,39786491,16.5116156966,16.4566868353,16.867155235,397864910,0.0,1.0
27-07-2022,177.9,179.36,169.1301,170.32,56977623,17.7669898532,16.8911341797,17.0099702743,569776230,0.0,1.0
28-07-2022,179.84,181.4,174.4,179.75,47464628,17.9607389275,17.4174425542,17.9517505683,474646280,0.0,1.0
29-07-2022,181.63,182.44,176.92,178.13,43546042,18.1395074032,17.6691166095,17.7899601043,435460420,0.0,1.0
01-08-2022,184.41,188.46,179.9,181.82,47646904,18.4171478293,17.9667311669,18.158482828,476469040,0.0,1.0
02-08-2022,185.26,189.3753,180.92,181.22,48952692,18.5020378876,18.0685992369,18.0985604339,489526920,0.0,1.0
03-08-2022,188.93,189.68,181.37,181.84,41814557,18.8685631982,18.1135410324,18.1604802412,418145570,0.0,1.0
04-08-2022,192.15,192.74,187.6,188.49,40965227,19.1901467133,18.7357352246,18.8246201092,409652270,0.0,1.0
05-08-2022,189.89,192.2892,186.66,188.1,38606829,18.9644390288,18.6418568072,18.785670553,386068290,0.0,1.0
08-08-2022,177.93,182.39,172.42,175.02,98378318,17.7699859729,17.2196986537,17.4793623615,983783180,0.0,1.0
09-08-2022,170.86,174.4719,167.24,172.52,66826265,17.063900429,16.7023686512,17.2296857193,668262650,0.0,1.0
10-08-2022,180.97,181.18,173.1701,176.98,59742246,18.0735927697,17.2946116334,17.6751088489,597422460,0.0,1.0
11-08-2022,179.42,187.07,178.76,181.31,50932655,17.9187932516,17.8528786181,18.107548793,509326550,0.0,1.0
12-08-2022,187.09,187.18,179.53,181.6,47809415,18.6848011896,17.9297790238,18.1365112835,478094150,0.0,1.0
15-08-2022,190.32,191.64,186.13,187.01,45766556,19.0073834112,18.588925359,18.6768115371,457665560,0.0,1.0
16-08-2022,188.79,191.42,185.01,189.195,45123964,18.8545813063,18.4770702234,18.8950289223,451239640,0.0,1.0
17-08-2022,183.35,186.88,181.45,185.23,44679911,18.311284933,18.121530685,18.4990417679,446799110,0.0,1.0
18-08-2022,187.73,188.6499,181.83,183.01,41544656,18.74871841,18.1594815346,18.2773289097,415446560,0.0,1.0
19-08-2022,178.49,185.2,177.7,184.06,44158833,17.8259135407,17.7470157218,18.3821930994,441588330,0.0,1.0
22-08-2022,170.34,175.58,169.66,174.9,40959271,17.0119676874,16.9440556408,17.4673778826,409592710,0.0,1.0
23-08-2022,171.81,174.65,169.7,169.885,36998577,17.158777553,16.948050467,16.9665265385,369985770,0.0,1.0
24-08-2022,172.22,174.06,168.95,170.12,52266071,17.1997245223,16.8731474744,16.9899961429,522660710,0.0,1.0
25-08-2022,179.13,179.47,168.33,168.44,77069133,17.8898307611,16.8112276672,16.8222134394,770691330,0.0,1.0
26-08-2022,162.6,179.24,162.37,178.57,76912743,16.2389688034,16.2159985523,17.8339031933,769127430,0.0,1.0
29-08-2022,158.01,163.38,157.67,160.2,49371295,15.7805624885,15.7466064652,15.999279227,493712950,0.0,1.0
30-08-2022,154.68,160.39,151.82,159.6,53018069,15.4479932012,15.1623631226,15.9393568329,530180690,0.0,1.0
31-08-2022,150.94,155.4,149.5851,153.84,57370986,15.0744769446,14.9391621916,15.3641018494,573709860,0.0,1.0
01-09-2022,139.37,143.8,132.7021,142.09,117886514,13.9189734448,13.2530458921,14.1906216315,1178865140,0.0,1.0
02-09-2022,136.47,141.71,135.91,141.0,74315746,13.62934854,13.5734209722,14.0817626155,743157460,0.0,1.0
06-09-2022,134.65,137.79,133.51,137.31,53326958,13.4475839445,13.3337313957,13.7132398917,533269580,0.0,1.0
07-09-2022,137.14,138.38,133.46,135.63,51265746,13.7002567063,13.3326254924,13.5494080289,512657460,0.04,1.0
08-09-2022,139.9,140.08,133.69,134.59,62487312,13.9759801168,13.3556024433,13.445512251,624873120,0.0,1.0
09-09-2022,143.87,144.74,141.26,141.57,48712842,14.3725822688,14.1118438263,14.1428127601,487128420,0.0,1.0
12-09-2022,145.05,145.47,141.98,143.69,48415924,14.4904640167,14.1837716725,14.3546003072,484159240,0.0,1.0
13-09-2022,131.31,139.22,130.99,138.02,71495563,13.1178409517,13.08587302,13.7881685184,714955630,0.0,1.0
14-09-2022,131.28,132.8999,129.13,132.54,58850654,13.1148439581,12.9000594173,13.2407176889,588506540,0.0,1.0
15-09-2022,129.29,132.3299,127.9,130.152,52362516,12.9160433831,12.77718268,13.002156999,523625160,0.0,1.0
16-09-2022,131.98,132.12,126.17,127.415,67075140,13.1847738085,12.6043560496,12.7287312836,670751400,0.0,1.0
19-09-2022,133.82,134.63,130.1,130.12,56968528,13.3685894155,12.9969622101,12.9989602058,569685280,0.0,1.0
20-09-2022,131.76,134.8276,130.57,132.145,52481775,13.1627958555,13.0439151097,13.2012572733,524817750,0.0,1.0
21-09-2022,132.61,140.31,131.1,132.13,80767940,13.247710674,13.0968619965,13.1997587765,807679400,0.0,1.0
22-09-2022,125.61,131.4897,124.28,130.7,75671089,12.5484121692,12.4155454533,13.056902082,756710890,0.0,1.0
23-09-2022,125.16,126.11,122.57,124.2,66330931,12.5034572653,12.2447168186,12.4075534704,663309310,0.0,1.0
26-09-2022,122.28,126.59,122.14,124.91,54734269,12.2157458805,12.2017599104,12.4784823187,547342690,0.0,1.0
27-09-2022,124.13,127.36,122.58,125.07,55385406,12.4005604853,12.2457158164,12.4944662845,553854060,0.0,1.0
28-09-2022,127.36,128.23,123.5386,124.1,54241388,12.7232367954,12.3414797517,12.3975634917,542413880,0.0,1.0
29-09-2022,122.2,125.0,119.4601,124.48,53276312,12.2077538976,11.9340384728,12.4355254106,532763120,0.0,1.0
30-09-2022,121.39,126.33,120.75,120.87,56563842,12.1268350706,12.0628992073,12.0748871817,565638420,0.0,1.0
03-10-2022,125.12,126.78,121.05,123.47,54747847,12.4994612739,12.0928691432,12.3346266263,547478470,0.0,1.0
04-10-2022,131.67,132.2,128.79,128.79,58418167,13.1538048748,12.8660934899,12.8660934899,584181670,0.0,1.0
05-10-2022,132.09,133.21,126.21,129.107,50713073,13.195762785,12.608352041,12.8977617222,507130730,0.0,1.0
06-10-2022,131.3,136.56,131.03,132.2,64415689,13.1168419538,13.0898690115,13.2067517616,644156890,0.0,1.0
07-10-2022,120.76,126.7,120.22,125.05,67247816,12.0638982052,12.0099523205,12.4924682888,672478160,0.0,1.0
10-10-2022,116.7,121.2432,114.0812,120.37,69869925,11.6583050724,11.3966875118,12.0249372885,698699250,0.0,1.0
11-10-2022,115.86,118.46,112.83,115.61,66748163,11.5743892518,11.2716928991,11.5494143052,667481630,0.0,1.0
12-10-2022,115.0,117.35,113.45,115.79,49259019,11.4884754355,11.3336307666,11.5673962668,492590190,0.0,1.0
13-10-2022,119.6,120.7799,108.13,109.71,85010301,11.948014453,10.802163903,10.9600055655,850103010,0.0,1.0
14-10-2022,112.27,121.11,112.04,120.57,71343199,11.2157490187,11.1927720678,12.0449172458,713431990,0.0,1.0
17-10-2022,118.88,119.48,115.17,115.18,58077417,11.8760866068,11.5054583992,11.5064573971,580774170,0.0,1.0
18-10-2022,119.67,124.92,116.18,123.44,65936206,11.955007438,11.6063571835,12.3316296327,659362060,0.0,1.0
19-10-2022,120.51,123.5,118.34,118.79,52313061,12.0389232586,11.8221407221,11.867095626,523130610,0.0,1.0
20-10-2022,121.94,127.69,121.05,121.13,65239761,12.1817799531,12.0928691432,12.1008611261,652397610,0.0,1.0
21-10-2022,124.66,124.98,118.87,120.982,60949441,12.4535073721,11.8750876089,12.0860759578,609494410,0.0,1.0
24-10-2022,125.99,127.1,120.64,125.08,51745740,12.586374088,12.0519102308,12.4954652824,517457400,0.0,1.0
25-10-2022,132.61,133.0,126.64,126.935,50548233,13.247710674,12.6513089492,12.6807793862,505482330,0.0,1.0
26-10-2022,128.96,133.88,127.08,128.69,53553329,12.8830764536,12.6952648552,12.8561035113,535533290,0.0,1.0
27-10-2022,131.76,138.38,131.22,136.3,58311308,13.1627958555,13.1088499709,13.6163408858,583113080,0.0,1.0
28-10-2022,138.34,138.5,130.61,131.04,52103993,13.82013645,13.0479111012,13.0908680093,521039930,0.0,1.0
31-10-2022,134.97,138.38,132.97,137.78,48634099,13.4834741699,13.2836745971,13.7641925696,486340990,0.0,1.0
01-11-2022,135.43,139.25,135.19,138.11,43281690,13.5294280716,13.5054521229,13.7971594992,432816900,0.0,1.0
02-11-2022,132.19,142.1,132.1124,138.5,67262784,13.2057527637,13.1980005403,13.8361204158,672627840,0.0,1.0
03-11-2022,134.21,137.81,129.56,130.43,50006486,13.4075503322,12.9430163255,13.0299291396,500064860,0.0,1.0
04-11-2022,141.56,142.29,136.97,139.86,61257591,14.1418137622,13.6832737427,13.9719841253,612575910,0.0,1.0
07-11-2022,143.01,144.12,139.54,142.28,41006095,14.2866684525,13.9400161937,14.2137416084,410060950,0.0,1.0
08-11-2022,146.02,148.9101,142.16,148.01,59529199,14.5873668095,14.2017536341,14.7861673845,595291990,0.0,1.0
09-11-2022,137.76,142.11,137.5901,141.615,45441366,13.7621945739,13.7452216002,14.1473082505,454413660,0.0,1.0
10-11-2022,157.5,157.73,145.47,148.0,70081925,15.7342163574,14.532421927,14.7851683866,700819250,0.0,1.0
11-11-2022,163.27,163.89,154.82,158.075,65548747,16.3106381249,15.4664849298,15.7916587345,655487470,0.0,1.0
14-11-2022,162.95,165.4,159.22,162.18,52785245,16.2786701932,15.90604399,16.2017473577,527852450,0.0,1.0
15-11-2022,166.66,169.98,163.82,167.215,54587550,16.6492984008,16.3655830074,16.7047427822,545875500,0.0,1.0
16-11-2022,159.1,163.62,158.73,161.615,64954684,15.8940560156,15.8570930946,16.1453039784,649546840,0.0,1.0
17-11-2022,156.77,162.66,155.35,157.15,71089356,15.6612895133,15.5194318166,15.6992514321,710893560,0.0,1.0
18-11-2022,154.09,160.02,151.2001,159.66,49207165,15.3935580858,15.1048576931,15.949999896,492071650,0.0,1.0
21-11-2022,153.17,154.77,150.8,151.47,40473931,15.3016502823,15.0648877885,15.1318206454,404739310,0.0,1.0
22-11-2022,160.38,160.5757,151.216,153.28,47286607,16.0219277422,15.1064460997,15.3126392588,472866070,0.0,1.0
23-11-2022,165.19,165.27,160.4801,160.98,42724093,16.5024457148,16.0319277108,16.081867614,427240930,0.0,1.0
25-11-2022,162.7,164.87,161.72,163.18,16793430,16.2536952466,16.155793456,16.3016471441,167934300,0.0,1.0
28-11-2022,158.27,163.57,157.25,160.26,30415201,15.8111391929,15.7092414108,16.0099397678,304152010,0.0,1.0
29-11-2022,156.39,159.32,155.2,158.27,29838449,15.6233275945,15.5044468487,15.8111391929,298384490,0.0,1.0
30-11-2022,169.23,169.3,155.97,156.97,56529822,16.9100368433,15.5850525701,15.6849759693,565298220,0.04,1.0
01-12-2022,171.35,172.65,166.35,169.99,47097657,17.1218744495,16.6222574536,16.9859786266,470976570,0.0,1.0
02-12-2022,168.76,169.3257,164.45,166.59,37138858,16.8630728456,16.4324029952,16.6462390694,371388580,0.0,1.0
05-12-2022,166.1,169.95,164.7201,166.79,35225517,16.5972766038,16.4593923053,16.6662237493,352255170,0.0,1.0
06-12-2022,159.87,165.73,158.19,165.3,35269427,15.9747538269,15.8068825163,16.5173378845,352694270,0.0,1.0
07-12-2022,161.2,161.86,156.67,157.72,37238758,16.1076519478,15.6549989496,15.7599185187,372387580,0.0,1.0
08-12-2022,171.69,171.79,159.59,162.73,51545554,17.1558484052,15.9467752752,16.2605347486,515455540,0.0,1.0
09-12-2022,170.01,175.83,169.75,171.6,46533819,16.9879770946,16.9619970108,17.1468552993,465338190,0.0,1.0
12-12-2022,175.35,175.38,167.97,170.37,45732780,17.5215680462,16.7841333603,17.0239495183,457327800,0.0,1.0
13-12-2022,180.72,187.9,177.11,185.31,65658876,18.0581566998,17.6974332288,18.5168051021,656588760,0.0,1.0
14-12-2022,176.74,182.52,174.2,179.87,49688810,17.6604615711,17.4066561372,17.9732218105,496888100,0.0,1.0
15-12-2022,169.52,173.2,167.0,171.46,47854210,16.939014629,16.6872076631,17.1328660234,478542100,0.0,1.0
16-12-2022,165.71,170.41,164.1,168.642,47823193,16.5583064781,16.3974298055,16.8512818845,478231930,0.0,1.0
19-12-2022,162.54,166.09,161.45,165.72,35403877,16.2415493027,16.1326327976,16.5593057121,354038770,0.0,1.0
20-12-2022,160.85,163.1,158.52,160.64,40325979,16.0726787581,15.839857238,16.0516948443,403259790,0.0,1.0
21-12-2022,165.01,166.27,161.02,161.14,32502538,16.4883600987,16.089665736,16.1016565439,325025380,0.0,1.0
22-12-2022,153.39,161.38,148.82,160.935,56504527,15.3272502002,14.870600266,16.0811722471,565045270,0.0,1.0
23-12-2022,152.06,153.39,148.83,151.96,34932563,15.1943520793,14.8715995,15.1843597394,349325630,0.0,1.0
27-12-2022,141.21,151.0,140.56,150.74,46490226,14.1101831982,14.0452329888,15.0624531924,464902260,0.0,1.0
28-12-2022,140.36,142.62,138.84,139.27,35106645,14.0252483089,13.8733647422,13.9163318038,351066450,0.0,1.0
29-12-2022,146.03,146.83,142.27,144.02,35492324,14.5918139823,14.2161020014,14.3909679499,354923240,0.0,1.0
30-12-2022,146.14,146.2899,142.33,143.34,31048983,14.6028055562,14.2220974053,14.3230200385,310489830,0.0,1.0
03-01-2023,143.15,149.96,140.96,148.51,40127658,14.3040345926,14.0852023484,14.8396240122,401276580,0.0,1.0
04-01-2023,147.49,148.53,142.41,145.67,43132360,14.7377021451,14.2300912772,14.5558415586,431323600,0.0,1.0
05-01-2023,142.65,145.64,141.4795,144.91,38916811,14.254072893,14.1371125543,14.4798997752,389168110,0.0,1.0
06-01-2023,148.59,150.1,140.34,144.74,40504362,14.8476178842,14.0232498409,14.4629127973,405043620,0.0,1.0
09-01-2023,156.28,160.56,151.41,152.84,50423056,15.6160288239,15.1294018699,15.2722923307,504230560,0.0,1.0
10-01-2023,159.09,159.6199,154.72,155.07,38410126,15.8968135756,15.4601483211,15.4951215109,384101260,0.0,1.0
11-01-2023,160.01,160.28,155.63,158.3951,35328493,15.9887431028,15.5510786144,15.8273768055,353284930,0.0,1.0
12-01-2023,165.11,166.37,154.92,161.0,55140906,16.4983524386,15.480133001,16.087667268,551409060,0.0,1.0
13-01-2023,168.99,169.22,161.65,162.78,44728706,16.8860552274,16.1526174775,16.2655309185,447287060,0.0,1.0
17-01-2023,177.02,177.28,168.99,168.99,51110216,17.6884401229,16.8860552274,16.8860552274,511102160,0.0,1.0
18-01-2023,173.77,178.73,172.82,176.67,43962355,17.3636890755,17.2687618463,17.6534669332,439623550,0.0,1.0
19-01-2023,167.65,171.97,167.31,170.36,45293160,16.7521578725,16.7181839168,17.0229502843,452931600,0.0,1.0
20-01-2023,178.39,178.56,168.25,170.11,56496712,17.8253351797,16.8121119121,16.9979694345,564967120,0.0,1.0
23-01-2023,191.93,192.45,178.175,180.64,65516259,19.1782980046,17.8038516489,18.0501628279,655162590,0.0,1.0
24-01-2023,192.65,194.95,188.2,188.27,49620410,19.2502428521,18.8055837257,18.8125783636,496204100,0.0,1.0
25-01-2023,193.23,193.7,185.8,189.125,44953711,19.3081984236,18.5657675677,18.8980128699,449537110,0.0,1.0
26-01-2023,198.02,201.66,192.78,197.01,48953542,19.7868315056,19.2632328939,19.6859088725,489535420,0.0,1.0
27-01-2023,203.65,206.28,194.05,194.62,54214198,20.349400243,19.3901356109,19.4470919484,542141980,0.0,1.0
30-01-2023,191.62,201.4,191.5,199.5,48861115,19.1473217509,19.135330943,19.9347181364,488611150,0.0,1.0
31-01-2023,195.37,196.87,189.5,191.695,49801658,19.5220344978,18.9354841446,19.1548160058,498016580,0.0,1.0
01-02-2023,209.43,211.92,196.11,196.91,66047704,20.9269574903,19.5959778132,19.6759165326,660477040,0.0,1.0
02-02-2023,217.09,219.49,207.0,210.0,56427580,21.692370728,20.6841436303,20.9839138278,564275800,0.0,1.0
03-02-2023,211.0,217.4499,207.89,210.0,42936595,21.083837227,20.7730754556,20.9839138278,429365950,0.0,1.0
06-02-2023,210.89,215.7,207.86,208.06,45219709,21.0728456531,20.7700777536,20.7900624334,452197090,0.0,1.0
07-02-2023,221.73,222.59,211.5,213.82,66414961,22.1560153002,21.1337989266,21.3656212127,664149610,0.0,1.0
08-02-2023,222.05,228.78,220.0801,223.87,55965122,22.1879907879,21.9911516839,22.3698513745,559651220,0.0,1.0
09-02-2023,223.37,230.2,221.2,226.06,52387578,22.3198896749,22.1030558986,22.5886836187,523875780,0.0,1.0
10-02-2023,212.65,220.7764,208.11,216.9,55073675,21.2487108357,20.7950586034,21.6733852822,550736750,0.0,1.0
13-02-2023,217.88,220.48,209.62,215.38,47491862,21.7713102134,20.9459429361,21.5215017154,474918620,0.0,1.0
14-02-2023,229.71,230.488,213.66,215.78,67547350,22.9534040257,21.3496334688,21.5614710751,675473500,0.0,1.0
15-02-2023,227.64,228.55,221.06,225.49,42118826,22.7465625894,22.0890666228,22.5317272811,421188260,0.0,1.0
16-02-2023,220.02,225.5,219.268,221.33,41202628,21.9851462876,21.9100038914,22.1160459405,412026280,0.0,1.0
17-02-2023,213.88,217.4,209.75,216.31,46588764,21.3716166166,20.958932978,21.6144304767,465887640,0.0,1.0
21-02-2023,206.55,214.938,206.18,210.0,41001455,20.6391781007,20.602206443,20.9839138278,410014550,0.0,1.0
22-02-2023,207.54,211.04,204.21,207.07,51318432,20.7381022658,20.4053573466,20.6911382682,513184320,0.0,1.0
23-02-2023,236.64,238.88,230.25,234.4,111799541,23.645873182,23.0073626612,23.4220447678,1117995410,0.0,1.0
24-02-2023,232.86,234.74,229.47,232.25,58971591,23.2681627331,22.9294224099,23.2072094596,589715910,0.0,1.0
27-02-2023,235.01,238.7994,234.54,236.7,45299367,23.4829980413,23.4360340437,23.6518685859,452993670,0.0,1.0
28-02-2023,232.16,238.25,232.06,233.72,45596280,23.1982163537,23.1882240137,23.3540968564,455962800,0.0,1.0
01-03-2023,226.98,232.5557,225.08,231.92,46002562,22.6806131459,22.4907586875,23.1742347379,460025620,0.0,1.0
02-03-2023,233.14,233.804,224.32,224.88,39007465,23.2961412849,22.4148169041,22.4707740076,390074650,0.0,1.0
03-03-2023,238.9,239.0,231.3,233.2,41239330,23.8717000641,23.1122822304,23.3021366888,412393300,0.0,1.0
06-03-2023,235.54,242.48,234.87,238.91,43742923,23.5359574429,23.4690087654,23.8726992981,437429230,0.0,1.0
07-03-2023,232.88,241.25,232.41,236.0,51515388,23.274158137,23.2271860728,23.5859726913,515153880,0.04,1.0
08-03-2023,241.81,242.0,234.235,234.87,51357339,24.1666273579,23.4095775989,23.4730398559,513573390,0.0,1.0
09-03-2023,234.36,244.54,233.8284,241.75,50125699,23.4220701692,23.3689417663,24.1606309242,501256990,0.0,1.0
10-03-2023,229.65,236.27,227.26,234.09,47486565,22.951350121,22.7124921772,23.3950862174,474865650,0.0,1.0
13-03-2023,229.66,232.98,222.97,227.52,42189032,22.9523495266,22.2837471651,22.7384767234,421890320,0.0,1.0
14-03-2023,240.63,242.19,234.6,234.96,47491013,24.0486974945,23.4460559041,23.4820345065,474910130,0.0,1.0
15-03-2023,242.28,242.86,233.6,237.61,52448574,24.2135994222,23.3461153419,23.7468769965,524485740,0.0,1.0
16-03-2023,255.41,255.88,238.94,240.27,58494626,25.5258190046,23.8797979443,24.0127188921,584946260,0.0,1.0
17-03-2023,257.25,263.99,256.68,259.82,84854656,25.7097096391,25.6527435186,25.9665568841,848546560,0.0,1.0
20-03-2023,259.0,260.24,251.2983,256.15,43274719,25.884605623,25.1148933947,25.5997750206,432747190,0.0,1.0
21-03-2023,261.99,263.92,253.81,261.8,54740776,26.1834279042,25.365914105,26.1644391973,547407760,0.0,1.0
22-03-2023,264.68,275.89,262.37,264.25,79729511,26.4522680166,26.2214053178,26.4092935749,797295110,0.0,1.0
23-03-2023,271.91,274.99,266.9,271.155,56488876,27.1748382817,26.6741360648,27.0993831572,564888760,0.0,1.0
24-03-2023,267.79,271.67,263.55,270.31,45541407,26.7630831652,26.3393351813,27.0149333821,455414070,0.0,1.0
27-03-2023,265.31,270.0,263.65,268.37,36102574,26.5152305708,26.3493292375,26.8210486913,361025740,0.0,1.0
28-03-2023,264.1,265.13,258.5,264.47,35610378,26.3943024905,25.8346353419,26.4312804985,356103780,0.0,1.0
29-03-2023,269.84,270.78,265.97,268.25,39369387,26.9679613178,26.5811913419,26.8090558239,393693870,0.0,1.0
30-03-2023,273.83,274.99,271.02,272.29,36451574,27.3667241612,27.0858911813,27.2128156954,364515740,0.0,1.0
31-03-2023,277.77,278.3431,271.05,271.4,43393277,27.7604899765,27.0888893982,27.1238685949,433932770,0.0,1.0
03-04-2023,279.65,280.0,273.36,275.09,39871560,27.9483782335,27.319752097,27.4926492697,398715600,0.0,1.0
04-04-2023,274.53,280.0,273.07,279.66,36859153,27.4366825548,27.2907693339,27.9493776391,368591530,0.0,1.0
05-04-2023,268.81,269.98,263.95,268.29,51501474,26.8650225387,26.3793114062,26.8130534463,515014740,0.0,1.0
06-04-2023,270.37,270.8,264.27,265.84,39765434,27.0209298158,26.4112923861,26.5681990688,397654340,0.0,1.0
10-04-2023,275.79,276.2099,266.69,268.23,39527855,27.5626076632,26.6531485467,26.8070570126,395278550,0.0,1.0
11-04-2023,271.69,277.9,271.26,277.235,31437817,27.152851358,27.1098769162,27.7070217757,314378170,0.0,1.0
12-04-2023,264.95,274.6799,264.475,273.7,44625895,26.4792519684,26.4317802014,27.3537318881,446258950,0.0,1.0
13-04-2023,264.63,268.869,263.29,267.34,35361528,26.4472709885,26.3133506351,26.7181099122,353615280,0.0,1.0
14-04-2023,267.58,268.83,262.2,265.04,39566013,26.7420956471,26.2044154222,26.488246619,395660130,0.0,1.0
17-04-2023,270.02,270.06,264.3318,265.655,31348982,26.985950619,26.4174687128,26.5497100648,313489820,0.0,1.0
18-04-2023,276.67,281.1,273.57,275.335,60481154,27.650555358,27.340739615,27.5171347074,604811540,0.0,1.0
19-04-2023,279.31,280.0,272.32,273.61,35866041,27.9143984424,27.2158139122,27.3447372375,358660410,0.0,1.0
20-04-2023,271.04,280.3,270.0,276.71,42771326,27.0878899925,26.9839518078,27.6545529805,427713260,0.0,1.0
21-04-2023,271.19,271.83,267.22,269.52,34510277,27.1028810769,26.7061170447,26.9359803379,345102770,0.0,1.0
24-04-2023,270.42,273.6599,266.7101,270.13,33928186,27.0259268439,26.655157352,26.9969440809,339281860,0.0,1.0
25-04-2023,262.41,272.47,262.25,270.78,37852716,26.2254029403,26.2094124503,27.0619054464,378527160,0.0,1.0
26-04-2023,269.56,273.3,267.051,270.02,40449391,26.9399779604,26.6892270897,26.985950619,404493910,0.0,1.0
27-04-2023,272.26,274.95,266.2501,273.63,37716119,27.2098174785,26.6091846934,27.3467360488,377161190,0.0,1.0
28-04-2023,277.49,277.58,270.7148,272.25,29221614,27.7325066191,27.0553893217,27.2088180729,292216140,0.0,1.0
01-05-2023,289.1,290.5844,277.8,278.4,57032853,28.8928165468,27.7634881934,27.8234525307,570328530,0.0,1.0
02-05-2023,282.1,288.3599,280.83,286.8,40272957,28.193232611,28.066308097,28.6629532536,402729570,0.0,1.0
03-05-2023,278.02,283.67,274.72,278.4,38338740,27.785475117,27.4556712616,27.8234525307,383387400,0.0,1.0
04-05-2023,275.62,278.59,272.4,276.51,32185041,27.5456177676,27.2238091572,27.6345648681,321850410,0.0,1.0
05-05-2023,286.8,287.55,277.31,278.255,36149408,28.6629532536,27.7145173179,27.8089611492,361494080,0.0,1.0
08-05-2023,291.51,292.2,283.5,285.22,34497890,29.1336733018,28.3331493982,28.5050471653,344978900,0.0,1.0
09-05-2023,285.71,289.73,284.5,288.99,31486946,28.5540180408,28.4330899604,28.8818230849,314869460,0.0,1.0
10-05-2023,288.85,291.13,284.6128,290.05,36934998,28.8678314062,28.4443632559,28.9877600809,369349980,0.0,1.0
11-05-2023,285.78,289.5,282.46,288.96,32214903,28.5610138801,28.2292112134,28.8788248681,322149030,0.0,1.0
12-05-2023,283.4,287.8,280.46,285.29,27422225,28.323155342,28.0293300889,28.5120430046,274222250,0.0,1.0
15-05-2023,289.53,289.69,281.52,285.085,29392587,28.9357909886,28.1352670849,28.4915551894,293925870,0.0,1.0
16-05-2023,292.13,298.7,288.32,288.41,44940494,29.1956364504,28.8148629082,28.8238575588,449404940,0.0,1.0
17-05-2023,301.78,301.99,294.3001,295.84,43253541,30.1600628761,29.4125174646,29.5664159364,432535410,0.0,1.0
18-05-2023,316.78,318.28,303.2,304.1,74872501,31.6591713099,30.3019784745,30.3919249806,748725010,0.0,1.0
19-05-2023,312.64,315.8,309.16,315.36,47390765,31.2454173822,30.8976242255,31.5172557115,473907650,0.0,1.0
22-05-2023,311.76,315.2,306.8,309.01,37199967,31.1574696874,30.6617644986,30.8826331412,371999670,0.0,1.0
23-05-2023,306.88,312.88,306.31,310.0,35625326,30.6697597436,30.6127936231,30.9815742978,356253260,0.0,1.0
24-05-2023,305.38,306.07,298.06,302.1,72141851,30.5198489002,29.7882839846,30.1920438561,721418510,0.0,1.0
25-05-2023,379.8,394.8,366.35,385.23,154391067,37.957425543,36.6132249807,38.500102796,1543910670,0.0,1.0
26-05-2023,389.46,391.7,375.5,378.9,71439676,38.9228513743,37.5276811253,37.8674790369,714396760,0.0,1.0
30-05-2023,401.11,419.38,399.49,405.95,92340110,40.0871589245,39.9252552137,40.5708712458,923401100,0.0,1.0
31-05-2023,378.34,402.95,378.22,394.88,99882681,37.8115123221,37.7995194546,39.4645292217,998826810,0.0,1.0
01-06-2023,397.7,400.5,383.4,384.89,63587295,39.7463616073,38.3172115671,38.4661230048,635872950,0.0,1.0
02-06-2023,393.27,405.0,390.5801,400.97,48273121,39.3036249165,39.0347947981,40.0731672458,482731210,0.0,1.0
05-06-2023,391.71,395.6503,387.07,389.09,39609381,39.1477176394,38.6839934305,38.8858733663,396093810,0.0,1.0
06-06-2023,386.54,391.6,381.48,388.3,38872914,38.6310249325,38.1253256875,38.8069203221,388729140,0.0,1.0
07-06-2023,374.75,394.99,373.56,389.15,51199789,37.4567233261,37.3377813628,38.8960210336,511997890,0.04,1.0
08-06-2023,385.1,388.64,375.05,377.24,41777240,38.4912185534,37.486708695,37.705601888,417772400,0.0,1.0
09-06-2023,387.7,397.11,385.67,390.37,42771747,38.7510917506,38.5481907543,39.0179615338,427717470,0.0,1.0
12-06-2023,394.82,395.2999,386.18,392.0,38967335,39.462744506,38.5991658814,39.1808820382,389673350,0.0,1.0
13-06-2023,410.22,411.01,397.4,401.86,61320816,41.0019934432,39.7206186786,40.166401163,613208160,0.0,1.0
14-06-2023,429.97,430.0,405.52,408.24,74046502,42.9760302295,40.5322226636,40.8040900084,740465020,0.0,1.0
15-06-2023,426.53,432.89,421.47,426.02,56862204,42.6321979994,42.1264447772,42.5812228723,568622040,0.0,1.0
16-06-2023,426.92,437.21,426.605,434.5,65570941,42.671178979,42.6396943416,43.4288093,655709410,0.0,1.0
20-06-2023,438.08,439.9,426.74,429.98,45115311,43.7866347023,42.6531877576,42.9770297418,451153110,0.0,1.0
21-06-2023,430.45,436.15,420.8,435.01,55160291,43.0240068198,42.0594774533,43.4797844272,551602910,0.0,1.0
22-06-2023,430.25,434.255,422.34,422.53,41773743,43.0040165738,42.213402347,42.2323930806,417737430,0.0,1.0
23-06-2023,422.09,428.09,420.15,424.64,35813984,42.1884145396,41.994509154,42.4432901753,358139840,0.0,1.0
26-06-2023,406.32,427.64,401.0,424.61,59432192,40.6121836474,40.0804431054,42.4402916384,594321920,0.0,1.0
27-06-2023,418.76,419.4,404.48,407.99,46217470,41.8555769447,40.4282733848,40.779102201,462174700,0.0,1.0
28-06-2023,411.17,418.45,405.18,406.6,58263927,41.0969471114,40.4982392455,40.6401699917,582639270,0.0,1.0
29-06-2023,408.22,416.0,406.0,415.58,38051430,40.8020909838,40.5801992539,41.5377320343,380514300,0.0,1.0
30-06-2023,423.02,425.5,415.01,416.8,50114775,42.2813691832,41.4807598334,41.6596725345,501147750,0.0,1.0
03-07-2023,424.13,428.98,422.02,425.17,19820919,42.3923150481,42.1814179535,42.496264327,198209190,0.0,1.0
05-07-2023,423.17,431.77,420.85,421.35,32361756,42.2963618676,42.0644750148,42.1144506296,323617560,0.0,1.0
06-07-2023,421.03,421.79,413.46,418.44,30413879,42.0824662361,41.3258354274,41.8235925512,304138790,0.0,1.0
07-07-2023,425.03,432.14,421.8,423.22,35588147,42.4822711549,42.159428683,42.3013594291,355881470,0.0,1.0
10-07-2023,421.8,428.11,416.49,426.57,35390811,42.159428683,41.6286876533,42.6361960486,353908110,0.0,1.0
11-07-2023,424.05,427.58,420.67,424.81,29824406,42.3843189498,42.0464837934,42.4602818843,298244060,0.0,1.0
12-07-2023,439.02,439.35,427.7728,430.33,48127702,43.8805888582,42.7564173877,43.0120126722,481277020,0.0,1.0
13-07-2023,459.77,461.55,444.92,445.18,47820369,45.9545768743,44.4703011134,44.4962884331,478203690,0.0,1.0
14-07-2023,454.69,480.88,450.6,465.8281,77207533,45.4468246275,45.038024098,46.5600914189,772075330,0.0,1.0
17-07-2023,464.61,464.96,452.6241,462.89,51048822,46.438340826,45.240335382,46.2664247109,510488220,0.0,1.0
18-07-2023,474.94,478.9599,457.34,467.01,57019042,47.4708370287,45.7116953861,46.6782237772,570190420,0.0,1.0
19-07-2023,470.77,478.18,467.42,474.64,42750179,47.0540404009,46.7192037814,47.4408516598,427501790,0.0,1.0
20-07-2023,455.2,470.87,450.62,465.07,53786451,45.4977997546,45.0400231226,46.4843183916,537864510,0.0,1.0
21-07-2023,443.09,458.66,441.0,457.88,96376863,44.2873903631,44.078492293,45.7656690502,963768630,0.0,1.0
24-07-2023,446.12,451.09,440.4,447.31,38309974,44.590242589,44.0185215552,44.7091845523,383099740,0.0,1.0
25-07-2023,456.79,461.825,449.23,449.41,34808091,45.6567222098,44.9010909134,44.9190821347,348080910,0.0,1.0
26-07-2023,454.52,460.53,446.3,460.21,36423726,45.4298329184,44.6082338104,45.9985554153,364237260,0.0,1.0
27-07-2023,459.0,473.95,457.5,465.19,45597552,45.8776144274,45.7276875829,46.4963125392,455975520,0.0,1.0
28-07-2023,467.5,470.27,463.81,466.68,33119424,46.7271998798,46.3583798422,46.6452398714,331194240,0.0,1.0
31-07-2023,467.29,471.3,465.0601,467.54,25105528,46.7062101215,46.4833288745,46.731197929,251055280,0.0,1.0
01-08-2023,465.07,469.0,460.27,464.595,23927597,46.4843183916,46.0045524891,46.4368415575,239275970,0.0,1.0
02-08-2023,442.69,458.4,433.87,458.31,53014157,44.2474098712,43.3658400253,45.8086480789,530141570,0.0,1.0
03-08-2023,445.15,451.18,438.0,438.0,32507660,44.4932898962,43.7786386039,43.7786386039,325076600,0.0,1.0
04-08-2023,446.8,456.42,443.93,449.85,36266618,44.6582094252,44.371349396,44.9630606758,362666180,0.0,1.0
07-08-2023,454.165,455.4,445.6345,451.11,32215354,45.3943502319,44.541716267,45.0889992252,322153540,0.0,1.0
08-08-2023,446.64,452.42,440.5601,448.53,35384343,44.6422172285,44.0345237471,44.8311250526,353843430,0.0,1.0
09-08-2023,425.54,443.12,421.34,442.74,58644907,42.533246282,42.1134511173,44.2524074327,586449070,0.0,1.0
10-08-2023,423.88,435.74,418.35,421.6,49270530,42.3673272407,41.8145969405,42.139438437,492705300,0.0,1.0
11-08-2023,408.55,420.18,406.39,417.51,53308526,40.8350748896,40.6191802335,41.7306379076,533085260,0.0,1.0
14-08-2023,437.53,438.0,403.11,404.86,69028583,43.731661526,40.2913402001,40.466254852,690285830,0.0,1.0
15-08-2023,439.4,452.68,437.1,445.6,67651151,43.9185703255,43.6886824972,44.5382679496,676511510,0.0,1.0
16-08-2023,434.86,446.75,434.06,445.2,52745068,43.4647917427,43.384830759,44.4982874577,527450680,0.0,1.0
17-08-2023,433.435,440.62,430.01,439.7,45239482,43.3223612404,42.9800282787,43.9485556944,452394820,0.0,1.0
18-08-2023,432.99,435.7799,416.6,426.35,58376787,43.2778829432,41.6396822886,42.6142067781,583767870,0.0,1.0
21-08-2023,469.67,470.65,442.22,444.94,69257337,46.9440940482,44.2004327932,44.472300138,692573370,0.0,1.0
22-08-2023,456.68,481.87,453.331,481.35,75720691,45.6457275745,45.3109909063,48.111524411,757206910,0.0,1.0
23-08-2023,471.16,472.0,452.08,458.66,77904608,47.0930213804,45.185951918,45.8436310093,779046080,0.0,1.0
24-08-2023,471.63,502.66,471.59,502.16,115604409,47.1399984584,47.1360004092,50.1915095008,1156044090,0.0,1.0
25-08-2023,460.18,478.05,450.24,470.12,92534052,45.9955568784,45.0020416553,46.9890721016,925340520,0.0,1.0
28-08-2023,468.35,469.8,448.88,464.82,68519223,46.812158425,44.866107983,46.4593305842,685192230,0.0,1.0
29-08-2023,487.84,490.81,463.9101,466.66,70139699,48.7602078917,46.3683849603,46.6432408468,701396990,0.0,1.0
30-08-2023,492.64,499.27,484.25,490.44,73520598,49.2399737942,48.4013829771,49.0200810888,735205980,0.0,1.0
31-08-2023,493.55,497.44,489.58,493.8,52856977,49.3309294132,48.9341230313,49.3559172206,528569770,0.0,1.0
01-09-2023,485.09,498.0,481.416,497.62,46383030,48.48534201,48.1181211921,49.737730918,463830300,0.0,1.0
05-09-2023,485.48,488.5081,478.6,482.23,38265258,48.5243229896,47.8366585293,48.1994814931,382652580,0.0,1.0
06-09-2023,470.61,485.49,465.8,484.41,46866957,47.0420462533,46.5612399753,48.4214904604,468669570,0.04,1.0
07-09-2023,462.41,463.44,451.52,455.25,43332989,46.2223765071,45.1338151002,45.506664875,433329890,0.0,1.0
08-09-2023,455.72,466.06,452.71,459.42,47389994,45.5536459458,45.2527671731,45.9234969289,473899940,0.0,1.0
11-09-2023,451.78,461.63,443.12,461.48,47396555,45.1598046287,44.2941534089,46.1294139627,473965550,0.0,1.0
12-09-2023,448.7,456.73,445.31,447.38,34925634,44.8519286752,44.513065207,44.719981838,349256340,0.0,1.0
13-09-2023,454.85,459.3,445.03,446.0,39835535,45.4666809849,44.4850764839,44.5820374173,398355350,0.0,1.0
14-09-2023,455.81,459.8699,451.31,459.5,37009720,45.5626423211,45.1128235579,45.9314937069,370097200,0.0,1.0
15-09-2023,439.0,455.99,438.08,453.41,50683051,43.8823193413,43.7903563941,45.3227389807,506830510,0.0,1.0
18-09-2023,439.66,442.42,420.0,427.48,50027079,43.9482927599,41.9830845634,42.7307833075,500270790,0.0,1.0
19-09-2023,435.2,439.66,430.02,438.33,37306424,43.5024723857,42.9846810094,43.8153463254,373064240,0.0,1.0
20-09-2023,422.39,439.03,422.23,436.0,36710769,42.2219883065,42.2059947505,43.5824401658,367107690,0.0,1.0
21-09-2023,410.17,421.0,409.8,415.83,45073596,41.0004804652,40.9634953669,41.5662525095,450735960,0.0,1.0
22-09-2023,416.1,421.15,412.31,415.72,47923631,41.5932416353,41.214394277,41.5552569398,479236310,0.0,1.0
25-09-2023,422.22,425.36,411.77,415.91,41909096,42.2049951532,41.1604160254,41.5742492875,419090960,0.0,1.0
26-09-2023,419.11,428.2,416.55,420.01,40228209,41.894120408,41.6382235116,41.9840841607,402282090,0.0,1.0
27-09-2023,424.68,428.72,416.2901,423.3,44493520,42.4508960771,41.6122439791,42.3129516564,444935200,0.0,1.0
28-09-2023,430.89,434.4631,421.15,424.6,42466279,43.0716459703,42.0980382473,42.4428992991,424662790,0.0,1.0
29-09-2023,434.99,441.44,433.0694,438.27,39782993,43.4814808434,43.2894981953,43.8093487419,397829930,0.0,1.0
02-10-2023,447.82,451.75,438.61,440.3,43329821,44.7639641171,43.8433350485,44.012266984,433298210,0.0,1.0
03-10-2023,435.17,451.3,432.46,448.08,47084954,43.4994735939,43.2285827388,44.7899536456,470849540,0.0,1.0
04-10-2023,440.41,441.43,432.9201,437.42,36182086,44.0232625537,43.2745742083,43.7243829755,361820860,0.0,1.0
05-10-2023,446.88,449.0,438.88,440.5,39348309,44.6700019755,43.8703241743,44.032258929,393483090,0.0,1.0
06-10-2023,457.62,457.89,440.26,441.93,43443602,45.7435694236,44.008268595,44.175201336,434436020,0.0,1.0
09-10-2023,452.73,456.05,443.68,448.42,40967472,45.2547663676,44.350130855,44.8239399522,409674720,0.0,1.0
10-10-2023,457.98,462.59,450.88,453.1,36858208,45.7795549246,45.0698408761,45.2917514659,368582080,0.0,1.0
11-10-2023,468.06,468.59,460.5,461.96,37813689,46.7871489542,46.031453432,46.1773946307,378136890,0.0,1.0
12-10-2023,469.45,476.09,463.3,467.77,48132500,46.9260929721,46.3113406624,46.7581606339,481325000,0.0,1.0
13-10-2023,454.61,471.16,452.8,469.6,47542599,45.4426906509,45.2617635484,46.9410869309,475425990,0.0,1.0
16-10-2023,460.95,462.25,449.12,450.63,37509924,46.0764353083,44.8939117598,45.0448509448,375099240,0.0,1.0
17-10-2023,439.38,447.54,424.8,440.0,81233267,43.9203040368,42.4628912441,43.9822790664,812332670,0.0,1.0
18-10-2023,421.96,432.19,418.25,425.91,62729434,42.1790056247,41.8081550444,42.573846539,627294340,0.0,1.0
19-10-2023,421.01,432.97,418.82,428.11,50123308,42.0840438858,41.8651320877,42.7937579344,501233080,0.0,1.0
20-10-2023,413.87,424.7,410.78,418.9,47726605,41.3703314482,41.0614558975,41.8731288657,477266050,0.0,1.0
23-10-2023,429.75,432.4799,409.45,412.29,47853049,42.9576918836,40.9285094631,41.2123950825,478530490,0.0,1.0
24-10-2023,436.63,436.97,426.91,430.77,40146337,43.6454147927,42.6738062642,43.0596508033,401463370,0.0,1.0
25-10-2023,417.79,436.5,415.55,433.98,39837922,41.7621735708,41.5382637865,43.380521521,398379220,0.0,1.0
26-10-2023,403.26,422.5555,398.8019,418.53,54100132,40.3097587644,39.8641283137,41.8361437674,541001320,0.0,1.0
27-10-2023,405.0,412.06,400.15,411.3,41678441,40.4836886861,39.9988840192,41.1134349546,416784410,0.0,1.0
30-10-2023,411.61,417.66,404.81,410.87,38802814,41.1444224694,40.4646963384,41.0704522728,388028140,0.0,1.0
31-10-2023,407.8,408.79,392.3001,404.5,51796870,40.7635759166,39.2142101727,40.4337088236,517968700,0.0,1.0
01-11-2023,423.25,423.81,408.69,408.84,43759290,42.3079536701,40.8525400719,40.8675340307,437592900,0.0,1.0
02-11-2023,435.06,438.84,428.94,433.28,40917187,43.4884780242,42.8767245063,43.3105497134,409171870,0.0,1.0
03-11-2023,450.05,453.0899,437.23,440.2,42460959,44.9868743042,43.7053906278,44.0022710115,424609590,0.0,1.0
06-11-2023,457.51,459.35,448.99,452.845,40073335,45.7325738538,44.8809169955,45.266261736,400733350,0.0,1.0
07-11-2023,459.55,462.18,451.575,457.19,34316547,45.9364916931,45.139312885,45.7005867418,343165470,0.0,1.0
08-11-2023,465.74,468.67,459.68,461.0,34671894,46.5552423918,45.9494864574,46.0814332946,346718940,0.0,1.0
09-11-2023,469.5,482.3,467.5,474.67,54049597,46.9310909584,46.7311715081,47.4478827374,540495970,0.0,1.0
10-11-2023,483.35,484.72,472.8301,475.0,42244156,48.3155331517,47.2639668391,47.4808694467,422441560,0.0,1.0
13-11-2023,486.2,491.16,480.9901,483.2,38413570,48.6004183684,48.0796381963,48.3005391929,384135700,0.0,1.0
14-11-2023,496.56,498.34,490.4001,496.8,41695387,49.636001121,49.02025921,49.659991455,416953870,0.0,1.0
15-11-2023,488.88,499.6,482.0,499.35,47549735,48.8683104318,48.1805875228,49.9148887541,475497350,0.0,1.0
16-11-2023,494.8,495.2469,483.3,486.79,33975624,49.4600720047,48.3105351655,48.6593946062,339756240,0.0,1.0
17-11-2023,492.98,497.17,490.07,495.24,32589691,49.2781453049,48.9872625047,49.5040542838,325896910,0.0,1.0
20-11-2023,504.09,505.48,491.8101,493.12,41614260,50.3886978514,49.1612024225,49.2921396664,416142600,0.0,1.0
21-11-2023,499.44,505.17,492.22,501.26,56574687,49.9238851294,49.2021759138,50.1058118292,565746870,0.0,1.0
22-11-2023,487.16,503.3494,476.9,498.52,90064233,48.6963797045,47.6707929245,49.8319221823,900642330,0.0,1.0
24-11-2023,477.76,489.21,477.45,484.7001,29464464,47.7567582881,47.7257707733,48.4504887766,294644640,0.0,1.0
27-11-2023,482.42,485.3,476.52,478.0,39566190,48.2225706073,47.6328082289,47.7807486222,395661900,0.0,1.0
28-11-2023,478.21,483.229,474.73,482.36,40149085,47.8017401644,47.4538803209,48.2165730238,401490850,0.0,1.0
29-11-2023,481.4,487.62,478.6,483.79,38200465,48.1206116877,47.8407244573,48.3595154308,382004650,0.0,1.0
30-11-2023,467.7,481.1,464.22,480.24,52624663,46.7511634531,46.4033036096,48.0046584065,526246630,0.0,1.0
01-12-2023,467.65,472.0,461.87,465.25,36931701,46.7461654669,46.1683982555,46.5062621265,369317010,0.0,1.0
04-12-2023,455.1,460.77,450.1,460.77,43754344,45.4916709162,44.9918722905,46.0584425578,437543440,0.0,1.0
05-12-2023,465.66,466.0,452.71,454.66,37171762,46.5512440028,45.2566543669,45.4515925747,371717620,0.04,1.0
06-12-2023,455.03,473.87,454.12,472.145,36778599,45.48858085,45.3976096864,47.1995385039,367785990,0.0,1.0
07-12-2023,465.96,466.29,456.04,457.0,35082255,46.5812344963,45.5895488447,45.6855184239,350822550,0.0,1.0
08-12-2023,475.06,477.4085,465.5,465.95,35922370,47.4909461323,46.5352490729,46.5802348132,359223700,0.0,1.0
11-12-2023,466.27,475.31,458.3,474.91,50972809,46.6122246729,45.8154772291,47.4759508856,509728090,0.0,1.0
12-12-2023,476.57,476.66,460.46,460.46,37238686,47.6418982829,46.0314087822,46.0314087822,372386860,0.0,1.0
13-12-2023,480.88,485.94,476.08,476.29,44779186,48.0727617061,47.5929138102,47.6139071556,447791860,0.0,1.0
14-12-2023,483.5,486.7,474.22,483.9,39123174,48.3346786826,47.4069727505,48.3746660073,391231740,0.0,1.0
15-12-2023,488.9,494.04,481.2,481.94,47994758,48.8745075655,48.1047515658,48.1787281165,479947580,0.0,1.0
18-12-2023,500.77,504.3299,491.5,494.0,41258717,50.0611314248,49.1344251758,49.384345955,412587170,0.0,1.0
19-12-2023,496.04,497.0,488.95,494.24,46313248,49.5882813107,48.8795059811,49.4083383498,463132480,0.0,1.0
20-12-2023,481.11,499.99,480.98,496.55,39789439,48.0957544178,48.0827585373,49.6392651497,397894390,0.0,1.0
21-12-2023,489.9,490.95,484.19,488.11,30042535,48.9744758772,48.4036568177,48.7955325993,300425350,0.0,1.0
22-12-2023,488.3,493.83,484.67,491.95,25250676,48.8145265786,48.4516416073,49.1794109161,252506760,0.0,1.0
26-12-2023,492.79,496.0,489.6,489.68,24419952,49.2633842979,48.9444853837,48.9524828486,244199520,0.0,1.0
27-12-2023,494.17,496.8,490.85,495.11,23215431,49.4013405679,49.0694457733,49.4953107809,232154310,0.0,1.0
28-12-2023,495.22,498.8399,494.12,496.43,24658748,49.5063072952,49.3963421524,49.6272689523,246587480,0.0,1.0
29-12-2023,495.22,499.97,487.51,498.13,38929330,49.5063072952,48.7355516124,49.7972150821,389293300,0.0,1.0
02-01-2024,481.68,492.95,475.95,492.44,41125422,48.1527363554,47.5799179297,49.2283953888,411254220,0.0,1.0
03-01-2024,475.69,481.841,473.2,474.85,32089617,47.5539261687,47.3050050726,47.4699527869,320896170,0.0,1.0
04-01-2024,479.98,485.0,475.08,477.67,30653489,47.9827902256,47.4929454985,47.7518634257,306534890,0.0,1.0
05-01-2024,490.97,495.47,483.0601,484.62,41080455,49.0814419707,48.2907026223,48.4466431917,410804550,0.0,1.0
08-01-2024,522.53,522.75,494.79,495.12,64250990,52.2364418863,49.4633209212,49.496310464,642509900,0.0,1.0
09-01-2024,531.4,543.25,516.9,524.01,77310006,53.1231608107,51.6736202917,52.3843949876,773100060,0.0,1.0
10-01-2024,543.5,546.0,534.89,536.16,53379576,54.3327773816,53.4720502183,53.5990099741,533795760,0.0,1.0
11-01-2024,548.22,553.46,535.6,549.99,59675877,54.8046278126,53.5430277196,54.9815717242,596758770,0.0,1.0
12-01-2024,547.1,549.7,543.3008,546.2,35299360,54.6926633036,54.3128636939,54.6026918231,352993600,0.0,1.0
16-01-2024,563.82,568.3499,549.0,550.18,44957973,56.3641334743,54.8826030957,55.0005657034,449579730,0.0,1.0
17-01-2024,560.53,564.7068,547.4,563.47,47439444,56.035237729,54.7226537971,56.3291445653,474394440,0.0,1.0
18-01-2024,571.07,576.0,561.07,572.6,49165036,57.0889037338,56.0892206173,57.2418552506,491650360,0.0,1.0
19-01-2024,594.91,595.0,572.25,579.89,54350148,59.4721482835,57.2068663415,57.9706242426,543501480,0.0,1.0
22-01-2024,596.54,603.31,590.7,600.49,45295463,59.6350966315,59.0512816915,60.0299714625,452954630,0.0,1.0
23-01-2024,598.73,599.1,585.85,595.7,29465445,59.854027234,58.56643538,59.5511232497,294654450,0.0,1.0
24-01-2024,613.62,628.49,599.38,603.04,55706870,61.3425553945,59.9190066366,60.2848906572,557068700,0.0,1.0
25-01-2024,616.17,627.19,608.5,623.5,48277684,61.5974745892,60.8307176389,62.3302423136,482776840,0.0,1.0
26-01-2024,610.31,617.83,605.73,609.6,39030859,61.0116602829,60.5538054156,60.9406827817,390308590,0.0,1.0
29-01-2024,624.65,624.89,609.07,612.32,34873298,62.445205872,60.8876995765,61.2125965894,348732980,0.0,1.0
30-01-2024,627.74,634.93,622.6,629.0,41073530,62.754107955,62.2402708331,62.8800680277,410735300,0.0,1.0
31-01-2024,615.27,622.6902,607.0,614.4,45379487,61.5075031087,60.6807651714,61.4205306776,453794870,0.0,1.0
01-02-2024,630.27,631.91,616.5,621.0,36914579,63.0070277835,61.630464132,62.0803215345,369145790,0.0,1.0
02-02-2024,661.6,666.0,636.9,639.74,47657765,66.1390349875,63.6698176897,63.9537276948,476577650,0.0,1.0
05-02-2024,693.32,694.97,672.05,682.25,68007801,69.310029833,67.1837038442,68.203380623,680078010,0.0,1.0
06-02-2024,682.23,697.5399,663.0,696.3,68311136,68.2013812568,66.2789906238,69.6079354017,683111360,0.0,1.0
07-02-2024,700.99,702.2,676.0,683.19,49557455,70.0767867833,67.5785786752,68.297350836,495574550,0.0,1.0
08-02-2024,696.41,707.94,694.55,700.74,41442211,69.618931916,69.4329908563,70.0517947054,414422110,0.0,1.0
09-02-2024,721.33,721.85,702.12,705.33,43663689,72.1101422423,70.1897509755,70.5106492559,436636890,0.0,1.0
12-02-2024,722.48,746.11,712.5,726.0,61371018,72.2251058007,71.2274220504,72.5769942577,613710180,0.0,1.0
13-02-2024,721.28,734.5,696.2,704.0,60258015,72.1051438267,69.5979385705,70.3776914014,602580150,0.0,1.0
14-02-2024,739.0,742.36,719.38,732.02,50491742,73.8765823091,71.9152040346,73.1788034938,504917420,0.0,1.0
15-02-2024,726.58,739.75,724.0,738.69,42012181,72.6349758784,72.3770576344,73.8455921325,420121810,0.0,1.0
16-02-2024,726.13,744.02,725.01,741.0,49532662,72.5899901382,72.4780256292,74.0765189324,495326620,0.0,1.0
20-02-2024,694.52,719.56,677.34,719.47,70483310,69.429991807,67.7125362128,71.9242011826,704833100,0.0,1.0
21-02-2024,674.72,688.88,662.48,680.06,69029813,67.4506192363,66.2270071017,67.9844500205,690298130,0.0,1.0
22-02-2024,785.38,785.75,742.2,750.25,86509974,78.5131126035,74.1964809064,75.0012258152,865099740,0.0,1.0
23-02-2024,788.17,823.94,775.7,807.9,82938837,78.792024193,77.5454193467,80.7643989818,829388370,0.0,1.0
26-02-2024,790.92,806.4599,785.05,797.0,50397273,79.06693705,78.4801230606,79.6747443848,503972730,0.0,1.0
27-02-2024,787.01,794.8,771.62,793.81,39170524,78.6760609514,77.1375486352,79.3558454707,391705240,0.0,1.0
28-02-2024,776.63,789.33,771.25,776.2,39311040,77.6383898765,77.1005603598,77.5954035025,393110400,0.0,1.0
29-02-2024,791.12,799.9,783.5,790.94,50728898,79.0869307123,78.3251721776,79.0689364162,507288980,0.0,1.0
01-03-2024,822.79,823.0,794.3503,800.0,47913510,82.2529271423,79.4098583494,79.9746493198,479135100,0.0,1.0
04-03-2024,852.37,876.95,837.19,841.3,61561645,85.2099898009,83.69247083,84.1033405909,615616450,0.0,1.0
05-03-2024,859.64,860.97,834.1701,852.7,52063930,85.940758159,83.3944567814,85.2469457938,520639300,0.04,1.0
06-03-2024,887.0,897.24,870.3001,880.22,58252030,88.6760184345,87.006479945,87.9982017434,582520300,0.0,1.0
07-03-2024,926.69,927.67,896.0201,901.58,60811916,92.6439453473,89.5777845607,90.1336242392,608119160,0.0,1.0
08-03-2024,875.28,974.0,865.06,951.379,114226906,87.5043353048,86.48261162,95.1121778379,1142269060,0.0,1.0
11-03-2024,857.74,887.97,841.66,864.29,66611510,85.7508095288,84.1432442791,86.4056324383,666115100,0.0,1.0
12-03-2024,919.13,919.6,861.501,880.49,65437480,91.8881497449,86.1268078437,88.0251944435,654374800,0.0,1.0
13-03-2024,908.88,915.04,884.35,910.55,62726626,90.8634268712,88.4110900818,91.0303817199,627266260,0.0,1.0
14-03-2024,879.44,906.46,866.0,895.77,59711081,87.9202228321,86.5765862055,89.5527813225,597110810,0.0,1.0
15-03-2024,878.365,895.46,862.57,869.3,64208616,87.8127518966,86.2336789415,86.9064969844,642086160,0.0,1.0
18-03-2024,884.55,924.05,870.85,903.88,66897593,88.4310846745,87.0614550775,90.3635620548,668975930,0.0,1.0
19-03-2024,893.98,905.44,850.1,867.0,67217127,89.3738297183,84.9870160893,86.6765591688,672171270,0.0,1.0
20-03-2024,903.72,904.1,882.23,897.97,47906279,90.3475663807,88.1991473997,89.7727218418,479062790,0.0,1.0
21-03-2024,914.35,926.48,904.05,923.0,48037231,91.4102789804,90.3805574586,92.2750451128,480372310,0.0,1.0
22-03-2024,942.89,947.7799,908.3401,911.41,58671936,94.2635073526,90.8094514683,91.1163584683,586719360,0.0,1.0
25-03-2024,950.02,967.6599,935.1,939.41,55213608,94.9763145808,93.4847179686,93.9156014403,552136080,0.0,1.0
26-03-2024,925.61,963.75,925.02,958.51,51364758,92.535974547,92.4769904987,95.8250850391,513647580,0.0,1.0
27-03-2024,902.5,932.4,891.23,931.12,58606723,90.2255993655,89.0989040692,93.0868255747,586067230,0.0,1.0
28-03-2024,903.56,913.0,891.93,900.0,43521227,90.3315707065,89.1688851435,89.9756669572,435212270,0.0,1.0
01-04-2024,903.63,922.25,892.04,902.99,44811733,90.338568814,89.1798821695,90.2745861175,448117330,0.0,1.0
02-04-2024,894.52,900.94,876.2,884.48,43137935,89.4278151184,87.596310431,88.424086567,431379350,0.0,1.0
03-04-2024,889.64,903.74,884.0,884.84,36759126,88.9399470576,88.3760995447,88.4600768338,367591260,0.0,1.0
04-04-2024,859.05,906.3399,858.8,904.06,42886990,85.8817741107,85.8567808699,90.3815571882,428869900,0.0,1.0
05-04-2024,880.08,884.81,859.26,868.66,39772878,87.9842055286,85.902768433,86.8425142879,397728780,0.0,1.0
08-04-2024,871.33,888.3,867.32,887.0,27907532,87.1094420998,86.7085505171,88.6760184345,279075320,0.0,1.0
09-04-2024,853.54,876.35,830.22,874.42,49977974,85.330923083,82.9995535792,87.4183585564,499779740,0.0,1.0
10-04-2024,870.39,874.0,837.09,839.26,43192853,87.0154675143,83.6863678369,83.9033091673,431928530,0.0,1.0
11-04-2024,906.16,907.3899,869.26,874.2,43163727,90.5915004111,86.9024980658,87.3963645045,431637270,0.0,1.0
12-04-2024,881.86,901.7499,875.3,896.99,42680479,88.1621574032,87.5063347641,89.6747483378,426804790,0.0,1.0
15-04-2024,860.01,906.13,859.2901,890.98,44307695,85.9777481554,85.9057776192,89.0739108284,443076950,0.0,1.0
16-04-2024,874.15,881.18,860.639,864.325,37045302,87.3913658563,86.0406311493,86.409131492,370453020,0.0,1.0
17-04-2024,840.35,887.75,839.5,883.4,49539951,84.0122796972,83.9273026785,88.3161157667,495399510,0.0,1.0
18-04-2024,846.71,861.8999,824.02,849.7,44726034,84.6481077437,82.3797212068,84.947026904,447260340,0.0,1.0
19-04-2024,762.0,843.24,756.06,831.5,87519800,76.1793980238,75.5855586219,83.1275189722,875198000,0.0,1.0
22-04-2024,795.18,800.73,764.0,781.04,59634051,79.4965009456,76.3793439504,78.0828832448,596340510,0.0,1.0
23-04-2024,824.23,827.69,802.64,807.69,43855937,82.4007155291,80.2422992517,80.7471627163,438559370,0.0,1.0
24-04-2024,796.77,840.82,791.83,839.5,51220753,79.6554579572,79.1615915186,83.9273026785,512207530,0.0,1.0
25-04-2024,826.32,833.2299,782.23,788.6801,42464073,82.6096590223,78.2018510711,78.8466866816,424640730,0.0,1.0
26-04-2024,877.35,883.3093,833.87,838.18,55101078,87.7112793388,83.3644548952,83.7953383669,551010780,0.0,1.0
29-04-2024,877.57,879.92,852.66,875.95,38897076,87.7332733907,85.2429468753,87.5713171902,388970760,0.0,1.0
30-04-2024,864.02,888.19,863.0,872.4,36370870,86.3786397382,86.2766673157,87.2164131706,363708700,0.0,1.0
01-05-2024,830.41,860.0,812.5456,850.77,55986317,83.0185484422,81.2325914369,85.0539979747,559863170,0.0,1.0
02-05-2024,858.17,862.37,832.0,844.49,37789754,85.793797903,83.1775054538,84.4261677652,377897540,0.0,1.0
03-05-2024,887.89,892.81,870.4,877.89,39834072,88.7649943719,87.016467244,87.765264739,398340720,0.0,1.0
06-05-2024,921.4,922.2,890.55,893.9,37620255,92.1150883716,89.0309224542,89.3658318812,376202550,0.0,1.0
07-05-2024,905.54,917.8099,890.11,910.98,43734161,90.5295171738,88.9869343503,91.0733700941,437341610,0.0,1.0
08-05-2024,904.12,911.94,894.2,894.825,32572102,90.387555566,89.3958237702,89.4583068722,325721020,0.0,1.0
09-05-2024,887.47,910.72,882.31,905.29,37801268,88.7230057273,88.2071452367,90.504523933,378012680,0.0,1.0
10-05-2024,898.78,914.01,892.27,903.045,33532541,89.853699942,89.202875951,90.2800846304,335325410,0.0,1.0
13-05-2024,903.99,909.98,885.29,904.78,28968017,90.3745590808,88.5050646673,90.4535377217,289680170,0.0,1.0
14-05-2024,913.56,916.51,889.34,895.99,29650708,91.3313003394,88.9099551686,89.5747753745,296507080,0.0,1.0
15-05-2024,946.3,948.62,915.99,924.72,41773545,94.6044151574,91.5742346402,92.4469986097,417735450,0.0,1.0
16-05-2024,943.59,958.1899,941.03,949.1,32395182,94.3334884269,94.0775576409,94.8843394546,323951820,0.0,1.0
17-05-2024,924.79,947.4,918.06,943.69,35969103,92.4539967171,91.7811786742,94.3434857232,359691030,0.0,1.0
20-05-2024,947.8,952.0,934.4,937.5,31876446,94.7543746023,93.4147368943,93.7246530805,318764460,0.0,1.0
21-05-2024,953.86,954.0,931.8,935.99,32894646,95.3602107598,93.1548071897,93.5736939059,328946460,0.0,1.0
22-05-2024,949.5,960.2,932.49,954.59,54864799,94.9243286399,93.2237885344,95.433191023,548647990,0.0,1.0
23-05-2024,1037.99,1063.2,1015.2,1020.28,83506528,103.7709361611,101.4925523278,102.0004149813,835065280,0.0,1.0
24-05-2024,1064.69,1064.75,1030.0,1044.49,42949367,106.4402142808,102.9721521844,104.4207604224,429493670,0.0,1.0
28-05-2024,1139.01,1149.39,1098.83,1102.44,65272789,113.8702049122,109.8532912474,110.2141936448,652727890,0.0,1.0
29-05-2024,1148.25,1154.92,1109.01,1130.5,55744193,114.7979540115,110.8748782741,113.0233720966,557441930,0.04,1.0
30-05-2024,1105.0,1158.1915,1096.63,1146.5,48735033,110.473972726,109.6371698738,114.6229952311,487350330,0.0,1.0
31-05-2024,1096.33,1127.17,1069.4,1125.2,61326250,109.60717694,106.9148112518,112.4934969333,613262500,0.0,1.0
03-06-2024,1150.0,1150.0,1120.03,1136.21,43839176,114.9729127918,111.976618708,113.5942376028,438391760,0.0,1.0
04-06-2024,1164.37,1166.0,1140.45,1157.16,40332401,116.4095743195,114.0181377334,115.6887441445,403324010,0.0,1.0
05-06-2024,1224.4,1224.495,1174.68,1183.71,52840178,122.4111603672,117.4403314768,118.3431187833,528401780,0.0,1.0
06-06-2024,1209.98,1255.87,1183.2,1240.48,66469619,120.9695000173,118.2921307959,124.0187816174,664696190,0.0,1.0
07-06-2024,1208.88,1216.9171,1180.22,1197.7,41238580,120.8595259268,117.9942009871,119.7417892615,412385800,0.0,1.0
10-06-2024,121.79,123.1,117.01,120.37,308134791,121.7613134688,116.9824393545,120.341647937,308134791,0.0,10.0
11-06-2024,120.91,122.87,118.74,121.77,222551158,120.8915183894,118.7218500832,121.7513869348,222551158,0.01,1.0
12-06-2024,125.2,126.88,122.57,123.06,299595001,125.1808626446,122.5512646513,123.0411897528,299595001,0.0,1.0
13-06-2024,129.61,129.8,127.16,129.39,260704537,129.5901885572,127.1405630502,129.3702221852,260704537,0.0,1.0
14-06-2024,131.88,132.84,128.32,129.96,309320376,131.859841578,128.3003857393,129.9401350582,309320376,0.0,1.0
17-06-2024,130.98,133.73,129.58,132.99,288504444,130.9599791469,129.5601931429,132.9696719098,288504444,0.0,1.0
18-06-2024,135.58,136.33,130.69,131.14,294335054,135.5592760172,130.6700234746,131.1199546902,294335054,0.0,1.0
20-06-2024,130.78,140.76,129.52,139.8,517768425,130.7600097177,129.5002023141,139.7786309722,517768425,0.0,1.0
21-06-2024,126.57,130.63,124.3,127.12,655484664,126.5506532342,124.2810002134,127.1005691644,655484664,0.0,1.0
24-06-2024,118.11,124.46,118.04,123.24,476060866,118.0919463814,118.0219570812,123.221162239,476060866,0.0,1.0
25-06-2024,126.09,126.5,119.32,121.2,425787456,126.0707266043,119.3017614277,121.1814740617,425787456,0.0,1.0
26-06-2024,126.4,128.12,122.6,126.13,362975918,126.3806792195,122.5812600657,126.1107204901,362975918,0.0,1.0
27-06-2024,123.99,126.41,122.92,124.1,252571693,123.9710475983,122.9012111524,124.0810307843,252571693,0.0,1.0
28-06-2024,123.54,127.71,122.75,124.58,315516740,123.5211163827,122.7312371376,124.5609574143,315516740,0.0,1.0
01-07-2024,124.3,124.84,118.83,123.47,284885534,124.2810002134,118.8118363263,123.4511270825,284885534,0.0,1.0
02-07-2024,122.67,123.41,121.03,121.13,218373969,122.6512493659,121.0115000469,121.1114847615,218373969,0.0,1.0
03-07-2024,128.28,128.28,121.36,121.66,215748955,128.2603918534,121.341449605,121.6414037487,215748955,0.0,1.0
05-07-2024,125.83,128.85,125.68,127.38,214176689,125.8107663464,125.6607892745,127.3605294223,214176689,0.0,1.0
08-07-2024,128.2,130.77,127.04,127.49,237677322,128.1804040818,127.0205813927,127.4705126083,237677322,0.0,1.0
09-07-2024,131.38,133.82,128.65,130.35,287020820,131.3599180052,128.6303352973,130.3300754451,287020820,0.0,1.0
10-07-2024,134.91,135.1,132.42,134.03,248978569,134.8893784296,132.3997590367,134.0095129413,248978569,0.0,1.0
11-07-2024,127.4,136.15,127.05,135.75,374782738,127.3805263652,127.0305798642,135.729250032,374782738,0.0,1.0
12-07-2024,129.24,131.92,127.22,128.26,252680535,129.2202451133,127.200553879,128.2403949105,252680535,0.0,1.0
15-07-2024,128.44,131.39,127.18,130.56,208326164,128.4203673967,127.1605599931,130.5400433457,208326164,0.0,1.0
16-07-2024,126.36,129.04,124.58,128.44,214769515,126.3406853336,124.5609574143,128.4203673967,214769515,0.0,1.0
17-07-2024,117.99,121.85,116.72,121.35,390086189,117.9719647239,116.7021588489,121.3314511336,390086189,0.0,1.0
18-07-2024,121.09,122.4,116.56,121.85,320979530,121.0714908757,116.5421833055,121.8313747064,320979530,0.0,1.0
19-07-2024,117.93,121.6,117.37,120.35,217223800,117.9119738952,117.3520594936,120.3316039878,217223800,0.0,1.0
22-07-2024,123.54,124.07,119.86,120.35,258068943,123.5211163827,119.8416788864,120.3316039878,258068943,0.0,1.0
23-07-2024,122.59,124.69,122.1,122.78,173910983,122.5712615943,122.0813364929,122.761232552,173910983,0.0,1.0
24-07-2024,114.25,119.95,113.44,119.17,327776884,114.2325363989,113.4226602109,119.1517843559,327776884,0.0,1.0
25-07-2024,112.28,116.63,106.3,113.04,460067019,112.2628375219,106.2837515904,113.0227213526,460067019,0.0,1.0
26-07-2024,113.06,116.2,111.58,116.19,293399073,113.0427182955,111.5629445198,116.1722398616,293399073,0.0,1.0
29-07-2024,111.59,116.28,111.3,113.69,248152068,111.5729429913,111.282987319,113.6726219973,248152068,0.0,1.0
30-07-2024,103.73,111.99,102.54,111.52,486833274,103.7141444259,102.5243263225,111.5029536911,486833274,0.0,1.0
31-07-2024,117.02,118.34,110.88,112.9,473174182,117.0021129926,110.8630515178,112.8827427522,473174182,0.0,1.0
01-08-2024,109.21,120.16,106.8104,117.53,523462326,109.1933067845,106.7940735736,117.5120350369,523462326,0.0,1.0
02-08-2024,107.27,108.72,101.37,103.76,482027464,107.2536033218,101.354505162,103.7441398403,482027464,0.0,1.0
05-08-2024,100.45,103.41,90.69,92.06,552842375,100.4346457879,90.6761376457,92.0459282353,552842375,0.0,1.0
06-08-2024,104.25,107.71,100.55,103.84,409012089,104.2340649417,100.5346305025,103.8241276119,409012089,0.0,1.0
07-08-2024,98.91,108.8,98.69,107.81,411440423,98.8948811835,98.6749148115,107.7935207805,411440423,0.0,1.0
08-08-2024,104.97,105.5,97.52,102.0,391910023,104.9539548866,97.505093651,101.9844088638,391910023,0.0,1.0
09-08-2024,104.75,106.6,103.43,105.64,290844157,104.7339885146,103.4141902822,105.6238524742,290844157,0.0,1.0
12-08-2024,109.02,111.07,106.26,106.32,325559870,109.0033358268,106.2437577046,106.3037485333,325559870,0.0,1.0
13-08-2024,116.14,116.23,111.58,112.44,312646660,116.1222475043,111.5629445198,112.4228130652,312646660,0.0,1.0
14-08-2024,118.08,118.6,114.07,118.53,339246407,118.061950967,114.0525639127,118.5118821826,339246407,0.0,1.0
15-08-2024,122.86,123.24,117.47,118.76,318086673,122.8412203236,117.4520442082,118.7418470261,318086673,0.0,1.0
16-08-2024,124.58,125.0,121.18,121.94,302589872,124.5609574143,121.1614771188,121.9213609495,302589872,0.0,1.0
19-08-2024,130.0,130.0,123.42,124.28,318333577,129.9801289441,123.4011347252,124.2610032705,318333577,0.0,1.0
20-08-2024,127.25,129.88,125.89,128.4,300087415,127.2305492933,125.8707571752,128.3803735109,300087415,0.0,1.0
21-08-2024,128.5,129.35,126.66,127.315,257883572,128.4803582255,126.6406394774,127.2955393578,257883572,0.0,1.0
22-08-2024,123.74,130.75,123.1,130.02,376189076,123.7210858118,123.0811836386,130.000125887,376189076,0.0,1.0
23-08-2024,129.37,129.6,125.22,125.86,323230332,129.3502252423,125.2008595875,125.8407617608,323230332,0.0,1.0
26-08-2024,126.46,131.26,124.37,129.57,331964672,126.4406700482,124.3509895137,129.5501946714,331964672,0.0,1.0
27-08-2024,128.3,129.2,123.88,125.05,303134573,128.2803887963,123.8610644122,125.0308855727,303134573,0.0,1.0
28-08-2024,125.61,128.33,122.64,128.12,448101115,125.5907999743,122.6212539515,128.1004163101,448101115,0.0,1.0
29-08-2024,117.59,124.43,116.71,121.355,453023305,117.5720258656,116.6921603774,121.3364503693,453023305,0.0,1.0
30-08-2024,119.37,121.75,117.22,119.53,333751583,119.351753785,117.2020824217,119.5117293283,333751583,0.0,1.0
03-09-2024,108.0,116.21,107.29,116.01,477155100,107.9834917382,107.2736002647,115.9922673754,477155100,0.0,1.0
04-09-2024,106.21,113.27,104.12,105.41,368378810,106.1937653473,104.1040848127,105.3938876307,368378810,0.0,1.0
05-09-2024,107.21,109.65,104.76,104.985,306850696,107.193612493,104.743986986,104.9689525938,306850696,0.0,1.0
06-09-2024,102.83,108.15,100.95,108.04,413638098,102.8142819948,100.9345693608,108.023485624,413638098,0.0,1.0
09-09-2024,106.47,106.55,103.69,104.88,273912015,106.4537256052,103.6741505401,104.8639686435,273912015,0.0,1.0
10-09-2024,108.1,109.4,104.95,107.81,268283736,108.0834764527,104.9339579437,107.7935207805,268283736,0.0,1.0
11-09-2024,116.91,117.19,107.42,109.39,441422370,116.8921298066,107.4035803936,109.3732792707,441422370,0.0,1.0
12-09-2024,119.14,120.79,115.38,116.84,367100496,119.131787413,115.3720465982,116.8319459571,367100496,0.01,1.0
13-09-2024,119.1,119.955,117.6,119.08,238358328,119.0917901703,117.5918935686,119.0717915489,238358328,0.0,1.0
16-09-2024,116.78,118.18,114.36,116.79,248772308,116.7719500931,114.3521169091,116.7819494037,248772308,0.0,1.0
17-09-2024,115.59,118.8,114.83,118.17,231925876,115.5820321224,114.8220845109,118.1618542772,231925876,0.0,1.0
18-09-2024,113.37,117.7,113.22,115.89,310318937,113.362185152,113.2121954918,115.8820114428,310318937,0.0,1.0
19-09-2024,117.87,119.66,117.25,117.35,293506438,117.8618749569,117.2419176949,117.3419108017,293506438,0.0,1.0
20-09-2024,116.0,118.6181,115.3901,117.06,382462428,115.9920038602,115.382145902,117.051930792,382462428,0.0,1.0
23-09-2024,116.26,116.99,114.86,116.55,206228490,116.2519859378,114.852082443,116.5419659475,206228490,0.0,1.0
24-09-2024,120.87,121.8,115.38,116.515,354966772,120.8616681602,115.3720465982,116.5069683601,354966772,0.0,1.0
25-09-2024,123.51,124.94,121.61,122.02,284692948,123.5014861791,121.6016171503,122.0115888881,284692948,0.0,1.0
26-09-2024,124.04,127.665,121.8,126.8,302582868,124.031449645,121.7916040532,126.791259392,302582868,0.0,1.0
27-09-2024,121.4,124.03,119.26,123.97,271009175,121.3916316261,119.2517791411,123.9614544703,271009175,0.0,1.0
30-09-2024,121.44,121.5,118.15,118.31,227053651,121.4316288688,118.1418556559,118.3018446267,227053651,0.0,1.0
01-10-2024,117.0,122.4351,115.79,121.765,302094485,116.991934928,115.782018336,121.7566064658,302094485,0.0,1.0
02-10-2024,118.85,119.38,115.14,116.44,221845887,118.8418074033,115.1320631419,116.43197353,221845887,0.0,1.0
03-10-2024,122.85,124.36,120.3401,120.92,277117973,122.8415316744,120.3318046874,120.9116647136,277117973,0.0,1.0
04-10-2024,124.92,125.04,121.83,124.94,244465552,124.9113889846,121.8216019852,124.931387606,244465552,0.0,1.0
07-10-2024,127.72,130.64,124.95,124.99,346250233,127.7111959744,124.9413869167,124.9813841594,346250233,0.0,1.0
08-10-2024,132.89,133.48,129.42,130.26,285722485,132.8808395947,129.4110787896,130.2510208865,285722485,0.0,1.0
09-10-2024,132.65,134.52,131.38,134.11,246191612,132.6408561384,131.3709436824,134.1007554973,246191612,0.0,1.0
10-10-2024,134.81,135.0,131.0,131.91,242311337,134.8007072448,130.9909698766,131.9009071483,242311337,0.0,1.0
11-10-2024,134.8,135.78,133.66,134.01,170209474,134.7907079341,133.6507865169,134.0007623906,170209474,0.0,1.0
14-10-2024,138.07,139.6,136.3,136.47,232347668,138.0604825257,136.2906045357,136.4605928173,232347668,0.0,1.0
15-10-2024,131.6,138.57,128.74,137.87,377831021,131.5909285173,128.7311256635,137.8604963121,377831021,0.0,1.0
16-10-2024,135.72,136.62,131.58,133.98,264879720,135.7106445164,131.5709298959,133.9707644585,264879720,0.0,1.0
17-10-2024,136.93,140.89,136.87,139.34,306435921,136.9205611084,136.8605652444,139.3303949817,306435921,0.0,1.0
18-10-2024,138.0,138.9,137.28,138.665,176090184,137.9904873509,137.2705369821,138.655441511,176090184,0.0,1.0
21-10-2024,143.71,143.71,138.0,138.13,264554514,143.7000937478,137.9904873509,138.1204783897,264554514,0.0,1.0
22-10-2024,143.59,144.42,141.78,142.91,226311589,143.5801020197,141.7702267871,142.9001488936,226311589,0.0,1.0
23-10-2024,139.56,142.43,137.46,142.03,285930038,139.5503798166,137.4505245743,142.020209554,285930038,0.0,1.0
24-10-2024,140.41,141.35,138.46,140.82,172354888,140.4003212242,138.4504556421,140.810292962,172354888,0.0,1.0
25-10-2024,141.54,144.13,140.8,140.93,205122109,141.5302433308,140.7902943407,140.9202853795,205122109,0.0,1.0
28-10-2024,140.52,143.14,140.05,143.0,173586745,140.5103136417,140.0403460398,142.9901426897,173586745,0.0,1.0
29-10-2024,141.25,142.2598,138.9,140.285,157593634,141.2402633212,138.8904253119,140.2753298408,157593634,0.0,1.0
30-10-2024,139.335,140.33,136.81,139.54,179418082,139.3253953264,136.8005693803,139.5303811953,179418082,0.0,1.0
31-10-2024,132.76,137.61,132.1106,137.6,270039641,132.7508485559,132.1014933205,137.5905149238,270039641,0.0,1.0
01-11-2024,135.4,137.31,134.57,134.7,207127838,135.3906665748,134.5607237885,134.6907148273,207127838,0.0,1.0
04-11-2024,136.05,138.96,135.57,137.21,187528173,136.0406217688,135.5606548563,137.2005418074,187528173,0.0,1.0
05-11-2024,139.91,140.3701,137.33,137.45,160537373,139.9003556904,137.3205335355,137.4405252637,160537373,0.0,1.0
06-11-2024,145.61,146.49,141.96,142.96,242043945,145.5999627766,141.9502143793,142.950145447,242043945,0.0,1.0
07-11-2024,148.88,148.93,146.17,146.39,207323303,148.8697373682,146.1599241745,146.3799090094,207323303,0.0,1.0
08-11-2024,147.63,149.77,146.26,148.77,175665830,147.6198235335,146.2499179706,148.7597449507,175665830,0.0,1.0
11-11-2024,145.26,148.85,143.57,148.68,182325620,145.2499869029,143.5601033984,148.6697511546,182325620,0.0,1.0
12-11-2024,148.29,149.65,146.01,146.78,198634738,148.2797780382,145.9999352037,146.7698821259,198634738,0.0,1.0
13-11-2024,146.27,149.33,145.9,149.07,191903267,146.2599172813,145.8899427862,149.059724271,191903267,0.0,1.0
14-11-2024,146.76,149.0,145.55,147.64,194463301,146.7498835045,145.5399669125,147.6298228441,194463301,0.0,1.0
15-11-2024,141.98,145.24,140.08,144.87,250132869,141.9702130006,140.0703439719,144.8600137864,250132869,0.0,1.0
18-11-2024,140.15,141.55,137.15,139.5,221865993,140.1403391466,137.1405459433,139.4903839526,221865993,0.0,1.0
19-11-2024,147.01,147.13,140.99,141.32,227834912,146.9998662715,140.9802812435,141.3102584959,227834912,0.0,1.0
20-11-2024,145.89,147.56,142.73,147.41,309871654,145.8799434756,142.7201613014,147.3998386986,309871654,0.0,1.0
21-11-2024,146.67,152.89,140.7,149.35,400946570,146.6598897084,140.6903012339,149.33970497,400946570,0.0,1.0
22-11-2024,141.95,147.16,141.1,145.93,236406154,141.9402150686,141.090273661,145.9199407183,236406154,0.0,1.0
25-11-2024,136.02,142.05,135.82,141.99,344941875,136.0106238368,135.8106376232,141.9802123113,344941875,0.0,1.0
26-11-2024,136.92,139.3,135.67,137.7,190287654,136.9105617978,135.6606479631,137.6905080306,190287654,0.0,1.0
27-11-2024,135.34,137.22,131.8,135.01,226370912,135.3306707107,131.7909147308,135.0006934583,226370912,0.0,1.0
29-11-2024,138.25,139.35,136.05,136.78,141863156,138.2404701179,136.0406217688,136.7705714483,141863156,0.0,1.0
02-12-2024,138.63,140.45,137.825,138.83,171682777,138.6204439236,137.8154994141,138.8204301372,171682777,0.0,1.0
03-12-2024,140.26,140.54,137.95,138.26,164413965,140.2503315641,137.9404907975,138.2504694286,164413965,0.0,1.0
04-12-2024,145.14,145.79,140.29,141.995,231224295,145.1299951747,140.2803294961,141.9852119666,231224295,0.0,1.0
05-12-2024,145.06,146.54,143.95,145.11,172621180,145.06,143.95,145.11,172621180,0.01,1.0
06-12-2024,142.44,145.7,141.31,144.6,188505573,142.44,141.31,144.6,188505573,0.0,1.0
09-12-2024,138.81,139.95,137.13,138.97,189308625,138.81,137.13,138.97,189308625,0.0,1.0
10-12-2024,135.07,141.82,133.79,139.01,210020888,135.07,133.79,139.01,210020888,0.0,1.0
11-12-2024,139.31,140.17,135.21,137.36,184905192,139.31,135.21,137.36,184905192,0.0,1.0
12-12-2024,137.34,138.44,135.8,137.08,159211393,137.34,135.8,137.08,159211393,0.0,1.0
13-12-2024,134.25,139.6,132.54,138.94,231514881,134.25,132.54,138.94,231514881,0.0,1.0
16-12-2024,132.0,134.4,130.42,134.18,237951130,132.0,130.42,134.18,237951130,0.0,1.0
17-12-2024,130.39,131.59,126.86,129.09,259410263,130.39,126.86,129.09,259410263,0.0,1.0
18-12-2024,128.91,136.7,128.28,133.86,277444533,128.91,128.28,133.86,277444533,0.0,1.0
19-12-2024,130.68,134.03,129.55,131.76,209719210,130.68,129.55,131.76,209719210,0.0,1.0
20-12-2024,134.7,135.28,128.22,129.81,306528553,134.7,128.22,129.81,306528553,0.0,1.0
23-12-2024,139.67,139.79,135.1201,136.28,176053506,139.67,135.1201,136.28,176053506,0.0,1.0
24-12-2024,140.22,141.9,138.65,140.0,105156989,140.22,138.65,140.0,105156989,0.0,1.0
26-12-2024,139.93,140.85,137.73,139.7,116519090,139.93,137.73,139.7,116519090,0.0,1.0
27-12-2024,137.01,139.02,134.71,138.55,170582603,137.01,134.71,138.55,170582603,0.0,1.0
30-12-2024,137.49,140.27,134.02,134.83,167734700,137.49,134.02,134.83,167734700,0.0,1.0
31-12-2024,134.29,138.07,133.83,138.03,155659211,134.29,133.83,138.03,155659211,0.0,1.0
02-01-2025,138.31,138.88,134.63,136.0,198247166,138.31,134.63,136.0,198247166,0.0,1.0
03-01-2025,144.47,144.9,139.73,140.01,229322478,144.47,139.73,140.01,229322478,0.0,1.0
06-01-2025,149.43,152.156,147.8201,148.59,265377359,149.43,147.8201,148.59,265377359,0.0,1.0
07-01-2025,140.14,153.13,140.01,153.03,351782174,140.14,140.01,153.03,351782174,0.0,1.0
08-01-2025,140.11,143.95,137.56,142.58,227349948,140.11,137.56,142.58,227349948,0.0,1.0
10-01-2025,135.91,139.92,134.22,137.45,207602514,135.91,134.22,137.45,207602514,0.0,1.0
13-01-2025,133.23,133.49,129.51,129.99,204808914,133.23,129.51,129.99,204808914,0.0,1.0
14-01-2025,131.76,136.38,130.05,136.05,195590485,131.76,130.05,136.05,195590485,0.0,1.0
15-01-2025,136.24,136.45,131.29,133.65,185217338,136.24,131.29,133.65,185217338,0.0,1.0
16-01-2025,133.57,138.75,133.49,138.64,209235583,133.57,133.49,138.64,209235583,0.0,1.0
17-01-2025,137.71,138.5,135.4649,136.69,201188760,137.71,135.4649,136.69,201188760,0.0,1.0
21-01-2025,140.83,141.83,137.09,139.16,197748985,140.83,137.09,139.16,197748985,0.0,1.0
22-01-2025,147.07,147.79,143.67,144.66,237651395,147.07,143.67,144.66,237651395,0.0,1.0
23-01-2025,147.22,147.23,143.72,145.05,155915549,147.22,143.72,145.05,155915549,0.0,1.0
24-01-2025,142.62,148.97,141.88,148.37,234657635,142.62,141.88,148.37,234657635,0.0,1.0
27-01-2025,118.42,128.4,116.7,124.8,818830895,118.42,116.7,124.8,818830895,0.0,1.0
28-01-2025,128.99,129.0,116.25,121.81,579666350,128.99,116.25,121.81,579666350,0.0,1.0
29-01-2025,123.7,126.89,120.05,126.5,467120640,123.7,120.05,126.5,467120640,0.0,1.0
30-01-2025,124.65,125.0,118.1,123.1,392925469,124.65,118.1,123.1,392925469,0.0,1.0
31-01-2025,120.07,127.85,119.19,123.78,390372899,120.07,119.19,123.78,390372899,0.0,1.0
03-02-2025,116.66,118.57,113.01,114.75,371235677,116.66,113.01,114.75,371235677,0.0,1.0
04-02-2025,118.65,121.2,116.7,116.96,256550040,118.65,116.7,116.96,256550040,0.0,1.0
05-02-2025,124.83,125.0,120.76,121.76,263110629,124.83,120.76,121.76,263110629,0.0,1.0
06-02-2025,128.68,128.77,125.21,127.42,251483574,128.68,125.21,127.42,251483574,0.0,1.0
07-02-2025,129.84,130.37,125.0,129.22,228186298,129.84,125.0,129.22,228186298,0.0,1.0
10-02-2025,133.57,135.0,129.96,130.09,216989086,133.57,129.96,130.09,216989086,0.0,1.0
11-02-2025,132.8,134.48,131.02,132.58,178902379,132.8,131.02,132.58,178902379,0.0,1.0
12-02-2025,131.14,132.24,129.08,130.02,160278552,131.14,129.08,130.02,160278552,0.0,1.0
13-02-2025,135.29,136.5,131.17,131.555,197429975,135.29,131.17,131.555,197429975,0.0,1.0
14-02-2025,138.85,139.25,135.5,136.48,195479557,138.85,135.5,136.48,195479557,0.0,1.0
18-02-2025,139.4,143.44,137.925,141.27,219176627,139.4,137.925,141.27,219176627,0.0,1.0
19-02-2025,139.23,141.36,137.22,139.51,167536006,139.23,137.22,139.51,167536006,0.0,1.0
20-02-2025,140.11,140.66,136.7901,140.03,143903583,140.11,136.7901,140.03,143903583,0.0,1.0
21-02-2025,134.43,141.46,134.03,140.04,228217585,134.43,134.03,140.04,228217585,0.0,1.0
24-02-2025,130.28,138.59,130.08,136.56,251381137,130.28,130.08,136.56,251381137,0.0,1.0
25-02-2025,126.63,130.2,124.44,129.98,271428711,126.63,124.44,129.98,271428711,0.0,1.0
26-02-2025,131.28,133.73,128.49,129.985,322553814,131.28,128.49,129.985,322553814,0.0,1.0
27-02-2025,120.15,135.01,120.01,135.0,443175846,120.15,120.01,135.0,443175846,0.0,1.0
28-02-2025,124.92,125.09,116.4,118.02,389091145,124.92,116.4,118.02,389091145,0.0,1.0
03-03-2025,114.06,123.7,112.28,123.51,411381373,114.06,112.28,123.51,411381373,0.0,1.0
04-03-2025,115.99,119.31,110.11,110.645,393946410,115.99,110.11,110.645,393946410,0.0,1.0
