published_date,twitter_posts,twitter_likes,twitter_sentiment,stock_twitter_posts,stock_twitter_likes,sentiment_score,weighted_daily_sentiment_x,weighted_daily_sentiment_y
04-03-2025,19,106,0.5603,7,5,0.5,strongly_positive,strongly_positive
04-03-2025,60,2992,0.48989,25,51,0.49885,strongly_positive,strongly_positive
04-03-2025,88,2611,0.54475,39,32,0.52351,strongly_positive,strongly_positive
04-03-2025,28,562,0.50746,18,34,0.50989,strongly_positive,strongly_positive
04-03-2025,31,486,0.57443,23,36,0.52135,strongly_positive,strongly_positive
04-03-2025,59,1061,0.49107,48,49,0.50783,strongly_positive,strongly_positive
04-03-2025,153,8036,0.51372,51,43,0.53233,strongly_positive,strongly_positive
04-03-2025,178,22113,0.60237,62,106,0.54589,strongly_positive,strongly_positive
04-03-2025,229,23697,0.53915,90,99,0.54537,strongly_positive,strongly_positive
04-03-2025,43,560,0.50864,40,61,0.52265,strongly_positive,strongly_positive
04-03-2025,26,996,0.59617,26,27,0.48612,strongly_positive,strongly_positive
04-03-2025,34,556,0.65205,13,15,0.57485,strongly_positive,strongly_positive
04-03-2025,13,232,0.50726,5,17,0.521,strongly_positive,strongly_positive
04-03-2025,18,148,0.51503,8,9,0.49038,strongly_positive,strongly_positive
04-03-2025,6,14,0.46347,4,4,0.46275,strongly_positive,strongly_positive
04-03-2025,6,15,0.48859,4,5,0.5,strongly_positive,strongly_positive
04-03-2025,5,25,0.58473,4,15,0.60325,strongly_positive,strongly_positive
04-03-2025,13,323,0.53429,4,19,0.533,strongly_positive,strongly_positive
04-03-2025,23,134,0.61502,8,5,0.55088,strongly_positive,strongly_positive
03-03-2025,10,438,0.49176,4,42,0.5,weakly_positive,weakly_positive
03-03-2025,12,245,0.55439,6,26,0.57517,weakly_positive,weakly_positive
03-03-2025,25,972,0.54708,15,60,0.55073,weakly_positive,weakly_positive
03-03-2025,21,659,0.50014,13,53,0.50885,weakly_positive,weakly_positive
03-03-2025,35,888,0.62932,10,18,0.5239,weakly_positive,weakly_positive
03-03-2025,31,874,0.49443,10,22,0.5121,weakly_positive,weakly_positive
03-03-2025,35,943,0.5847,14,26,0.60329,weakly_positive,weakly_positive
03-03-2025,115,9578,0.54562,52,92,0.52663,weakly_positive,weakly_positive
03-03-2025,4,7,0.24132,2,2,0.25,weakly_positive,weakly_positive
03-03-2025,37,901,0.5092,26,48,0.51762,weakly_positive,weakly_positive
03-03-2025,35,433,0.55456,29,37,0.57403,weakly_positive,weakly_positive
03-03-2025,12,44,0.6811,11,15,0.57718,weakly_positive,weakly_positive
03-03-2025,28,130,0.59675,10,4,0.5438,weakly_positive,weakly_positive
03-03-2025,118,6113,0.51527,44,47,0.53323,weakly_positive,weakly_positive
03-03-2025,59,1037,0.53016,25,18,0.51744,weakly_positive,weakly_positive
03-03-2025,13,134,0.46851,8,16,0.4755,weakly_positive,weakly_positive
03-03-2025,11,45,0.53348,7,7,0.53857,weakly_positive,weakly_positive
03-03-2025,14,253,0.51685,4,13,0.50275,weakly_positive,weakly_positive
03-03-2025,10,94,0.51984,3,7,0.53767,weakly_positive,weakly_positive
03-03-2025,12,261,0.48231,4,18,0.49125,weakly_positive,weakly_positive
03-03-2025,0,0,0.0,0,0,0.0,weakly_positive,weakly_positive
03-03-2025,4,23,0.57484,2,7,0.493,weakly_positive,weakly_positive
03-03-2025,3,6,0.29109,2,3,0.3,weakly_positive,weakly_positive
03-03-2025,3,10,0.50803,2,9,0.5265,weakly_positive,weakly_positive
02-03-2025,2,1,0.54677,2,3,0.5375,strongly_positive,strongly_positive
02-03-2025,10,54,0.55971,3,4,0.489,strongly_positive,strongly_positive
02-03-2025,10,65,0.60148,4,6,0.604,strongly_positive,strongly_positive
02-03-2025,9,102,0.53506,4,12,0.55525,strongly_positive,strongly_positive
02-03-2025,7,25,0.71198,3,4,0.621,strongly_positive,strongly_positive
02-03-2025,10,98,0.56917,7,18,0.53129,strongly_positive,strongly_positive
02-03-2025,6,18,0.62742,5,8,0.5076,strongly_positive,strongly_positive
02-03-2025,6,16,0.48521,2,2,0.5,strongly_positive,strongly_positive
02-03-2025,75,5855,0.49171,26,66,0.504,strongly_positive,strongly_positive
02-03-2025,14,161,0.63331,5,10,0.5114,strongly_positive,strongly_positive
02-03-2025,14,114,0.55663,7,10,0.48657,strongly_positive,strongly_positive
02-03-2025,9,49,0.50783,5,8,0.5208,strongly_positive,strongly_positive
02-03-2025,3,0,0.54869,2,0,0.519,strongly_positive,strongly_positive
02-03-2025,5,11,0.54777,5,16,0.5444,strongly_positive,strongly_positive
02-03-2025,7,10,0.41421,2,1,0.425,strongly_positive,strongly_positive
02-03-2025,3,4,0.742,1,1,0.764,strongly_positive,strongly_positive
02-03-2025,5,19,0.48179,2,4,0.5,strongly_positive,strongly_positive
02-03-2025,2,0,0.72489,1,0,0.644,strongly_positive,strongly_positive
02-03-2025,7,26,0.58448,5,7,0.5538,strongly_positive,strongly_positive
02-03-2025,1,2,0.19271,1,5,0.2,strongly_positive,strongly_positive
02-03-2025,1,0,0.55661,1,0,0.558,strongly_positive,strongly_positive
02-03-2025,2,0,0.73923,1,0,0.638,strongly_positive,strongly_positive
02-03-2025,0,0,0.0,0,0,0.0,strongly_positive,strongly_positive
02-03-2025,3,2,0.60281,2,1,0.5645,strongly_positive,strongly_positive
01-03-2025,0,0,0.5,0,0,0.5,weakly_positive,weakly_positive
01-03-2025,1,1,0.79271,1,2,0.683,weakly_positive,weakly_positive
01-03-2025,7,50,0.49683,2,5,0.5115,weakly_positive,weakly_positive
01-03-2025,18,45,0.48025,6,2,0.49283,weakly_positive,weakly_positive
01-03-2025,7,14,0.57521,3,2,0.567,weakly_positive,weakly_positive
01-03-2025,6,5,0.56976,3,1,0.5,weakly_positive,weakly_positive
01-03-2025,12,29,0.45189,6,3,0.4635,weakly_positive,weakly_positive
01-03-2025,12,82,0.46324,9,15,0.48078,weakly_positive,weakly_positive
01-03-2025,10,24,0.57464,9,9,0.57233,weakly_positive,weakly_positive
01-03-2025,6,31,0.60468,2,4,0.5665,weakly_positive,weakly_positive
01-03-2025,30,201,0.58796,11,6,0.47809,weakly_positive,weakly_positive
01-03-2025,26,83,0.53232,10,3,0.5297,weakly_positive,weakly_positive
01-03-2025,24,71,0.47689,13,4,0.48946,weakly_positive,weakly_positive
01-03-2025,13,16,0.54426,8,2,0.51725,weakly_positive,weakly_positive
01-03-2025,3,2,0.5782,2,1,0.6,weakly_positive,weakly_positive
01-03-2025,17,70,0.55207,5,3,0.5654,weakly_positive,weakly_positive
01-03-2025,16,212,0.53731,5,10,0.51,weakly_positive,weakly_positive
01-03-2025,3,8,0.60369,1,2,0.5,weakly_positive,weakly_positive
01-03-2025,4,4,0.61547,2,1,0.55,weakly_positive,weakly_positive
01-03-2025,0,0,0.0,0,0,0.0,weakly_positive,weakly_positive
01-03-2025,4,7,0.36333,3,4,0.377,weakly_positive,weakly_positive
01-03-2025,0,0,0.0,0,0,0.0,weakly_positive,weakly_positive
01-03-2025,2,0,0.67118,2,1,0.6835,weakly_positive,weakly_positive
01-03-2025,14,31,0.63307,5,2,0.5256,weakly_positive,weakly_positive
01-03-2025,3,3,0.51359,1,1,0.516,weakly_positive,weakly_positive
28-02-2025,9,93,0.67966,4,11,0.61675,strongly_positive,strongly_positive
28-02-2025,1,0,0.70954,1,0,0.725,strongly_positive,strongly_positive
28-02-2025,22,344,0.53808,7,12,0.50571,strongly_positive,strongly_positive
28-02-2025,23,162,0.6803,8,6,0.55563,strongly_positive,strongly_positive
28-02-2025,11,112,0.4127,5,11,0.4244,strongly_positive,strongly_positive
28-02-2025,16,203,0.532,8,16,0.54663,strongly_positive,strongly_positive
28-02-2025,11,310,0.65483,6,38,0.53383,strongly_positive,strongly_positive
28-02-2025,36,258,0.58466,29,20,0.51534,strongly_positive,strongly_positive
28-02-2025,33,65,0.49771,33,39,0.50909,strongly_positive,strongly_positive
28-02-2025,94,6256,0.50155,33,57,0.52058,strongly_positive,strongly_positive
28-02-2025,142,9451,0.50451,56,64,0.50368,strongly_positive,strongly_positive
28-02-2025,87,1207,0.50224,36,14,0.514,strongly_positive,strongly_positive
28-02-2025,90,3094,0.63202,53,52,0.51651,strongly_positive,strongly_positive
28-02-2025,65,1039,0.52536,45,31,0.545,strongly_positive,strongly_positive
28-02-2025,23,271,0.61481,17,26,0.55059,strongly_positive,strongly_positive
28-02-2025,32,414,0.60278,10,10,0.5748,strongly_positive,strongly_positive
28-02-2025,24,359,0.4829,8,12,0.501,strongly_positive,strongly_positive
28-02-2025,14,456,0.46713,5,29,0.4702,strongly_positive,strongly_positive
28-02-2025,6,43,0.50189,3,9,0.518,strongly_positive,strongly_positive
28-02-2025,11,146,0.70947,6,18,0.5905,strongly_positive,strongly_positive
28-02-2025,2,18,0.67862,2,26,0.609,strongly_positive,strongly_positive
28-02-2025,5,9,0.53211,4,7,0.549,strongly_positive,strongly_positive
28-02-2025,13,144,0.56421,4,8,0.5445,strongly_positive,strongly_positive
28-02-2025,18,56,0.58313,7,3,0.58757,strongly_positive,strongly_positive
27-02-2025,12,48,0.52625,5,4,0.535,strongly_positive,strongly_positive
27-02-2025,15,181,0.49989,7,14,0.51743,strongly_positive,strongly_positive
27-02-2025,11,199,0.52924,7,30,0.53286,strongly_positive,strongly_positive
27-02-2025,16,230,0.54082,12,32,0.49275,strongly_positive,strongly_positive
27-02-2025,7,0,0.50385,6,0,0.50833,strongly_positive,strongly_positive
27-02-2025,33,730,0.59903,16,26,0.565,strongly_positive,strongly_positive
27-02-2025,25,197,0.64455,14,11,0.52907,strongly_positive,strongly_positive
27-02-2025,73,2420,0.52217,43,50,0.52193,strongly_positive,strongly_positive
27-02-2025,51,685,0.49967,46,57,0.51402,strongly_positive,strongly_positive
27-02-2025,116,4650,0.55131,35,30,0.52726,strongly_positive,strongly_positive
27-02-2025,83,4280,0.63107,31,47,0.55868,strongly_positive,strongly_positive
27-02-2025,83,3300,0.51443,35,41,0.5254,strongly_positive,strongly_positive
27-02-2025,74,2858,0.56244,33,42,0.53724,strongly_positive,strongly_positive
27-02-2025,51,861,0.50554,33,29,0.50588,strongly_positive,strongly_positive
27-02-2025,42,715,0.61674,32,40,0.5555,strongly_positive,strongly_positive
27-02-2025,49,1515,0.44867,40,87,0.46328,strongly_positive,strongly_positive
27-02-2025,21,798,0.57898,7,31,0.60043,strongly_positive,strongly_positive
27-02-2025,20,235,0.65638,7,10,0.59029,strongly_positive,strongly_positive
27-02-2025,8,59,0.61869,3,7,0.628,strongly_positive,strongly_positive
27-02-2025,2,6,0.58242,1,4,0.488,strongly_positive,strongly_positive
27-02-2025,3,2,0.48579,2,1,0.49,strongly_positive,strongly_positive
27-02-2025,1,0,0.57018,1,0,0.589,strongly_positive,strongly_positive
27-02-2025,1,0,0.59782,1,4,0.5,strongly_positive,strongly_positive
27-02-2025,6,16,0.48302,2,2,0.5,strongly_positive,strongly_positive
26-02-2025,19,812,0.61382,8,44,0.6225,strongly_positive,strongly_positive
26-02-2025,11,51,0.51133,5,5,0.495,strongly_positive,strongly_positive
26-02-2025,12,227,0.62132,6,24,0.52983,strongly_positive,strongly_positive
26-02-2025,19,345,0.56251,13,35,0.57085,strongly_positive,strongly_positive
26-02-2025,22,169,0.46104,18,22,0.4775,strongly_positive,strongly_positive
26-02-2025,59,4231,0.56288,17,51,0.55147,strongly_positive,strongly_positive
26-02-2025,54,2138,0.58267,19,34,0.533,strongly_positive,strongly_positive
26-02-2025,66,2393,0.51335,26,35,0.51685,strongly_positive,strongly_positive
26-02-2025,77,2429,0.52098,32,32,0.50988,strongly_positive,strongly_positive
26-02-2025,253,23919,0.64305,73,68,0.53047,strongly_positive,strongly_positive
26-02-2025,137,8146,0.49462,44,47,0.51277,strongly_positive,strongly_positive
26-02-2025,77,1660,0.51949,31,21,0.535,strongly_positive,strongly_positive
26-02-2025,103,5178,0.58113,47,56,0.5576,strongly_positive,strongly_positive
26-02-2025,179,8338,0.51613,86,55,0.53515,strongly_positive,strongly_positive
26-02-2025,43,985,0.52067,30,46,0.53093,strongly_positive,strongly_positive
26-02-2025,21,155,0.51941,18,23,0.53694,strongly_positive,strongly_positive
26-02-2025,18,146,0.66509,16,35,0.55863,strongly_positive,strongly_positive
26-02-2025,25,633,0.63662,9,22,0.57578,strongly_positive,strongly_positive
26-02-2025,13,259,0.50627,5,18,0.5232,strongly_positive,strongly_positive
26-02-2025,17,166,0.56059,7,10,0.54414,strongly_positive,strongly_positive
26-02-2025,2,0,0.49436,1,0,0.5,strongly_positive,strongly_positive
26-02-2025,8,46,0.61884,5,10,0.627,strongly_positive,strongly_positive
26-02-2025,31,347,0.66765,9,8,0.56211,strongly_positive,strongly_positive
26-02-2025,43,868,0.56215,13,15,0.56815,strongly_positive,strongly_positive
25-02-2025,18,66,0.57067,6,3,0.52383,strongly_positive,strongly_positive
25-02-2025,22,493,0.58647,10,25,0.5701,strongly_positive,strongly_positive
25-02-2025,10,195,0.54637,5,23,0.5652,strongly_positive,strongly_positive
25-02-2025,16,250,0.5655,9,22,0.57578,strongly_positive,strongly_positive
25-02-2025,25,419,0.58046,19,39,0.56363,strongly_positive,strongly_positive
25-02-2025,24,97,0.66175,22,18,0.56695,strongly_positive,strongly_positive
25-02-2025,36,1253,0.47154,11,26,0.48609,strongly_positive,strongly_positive
25-02-2025,93,3452,0.48184,35,34,0.49931,strongly_positive,strongly_positive
25-02-2025,92,2838,0.54317,39,32,0.53364,strongly_positive,strongly_positive
25-02-2025,123,5620,0.51272,55,50,0.52873,strongly_positive,strongly_positive
25-02-2025,77,2217,0.54306,50,50,0.5456,strongly_positive,strongly_positive
25-02-2025,85,2740,0.5114,65,77,0.53068,strongly_positive,strongly_positive
25-02-2025,121,4042,0.66405,52,35,0.5505,strongly_positive,strongly_positive
25-02-2025,230,10435,0.51385,113,55,0.53246,strongly_positive,strongly_positive
25-02-2025,39,1208,0.57066,20,40,0.5172,strongly_positive,strongly_positive
25-02-2025,30,462,0.56068,23,38,0.5397,strongly_positive,strongly_positive
25-02-2025,11,46,0.64958,10,23,0.5492,strongly_positive,strongly_positive
25-02-2025,28,472,0.53821,8,12,0.54488,strongly_positive,strongly_positive
25-02-2025,21,522,0.53262,8,23,0.551,strongly_positive,strongly_positive
25-02-2025,20,165,0.61969,8,8,0.523,strongly_positive,strongly_positive
25-02-2025,7,6,0.58361,3,1,0.60333,strongly_positive,strongly_positive
25-02-2025,14,78,0.52723,9,10,0.53278,strongly_positive,strongly_positive
25-02-2025,10,20,0.56141,7,4,0.54657,strongly_positive,strongly_positive
25-02-2025,42,1335,0.51286,13,24,0.51969,strongly_positive,strongly_positive
24-02-2025,34,694,0.52662,11,16,0.53255,strongly_positive,strongly_positive
24-02-2025,28,579,0.619,10,18,0.6417,strongly_positive,strongly_positive
24-02-2025,18,267,0.45633,9,18,0.47156,strongly_positive,strongly_positive
24-02-2025,29,470,0.56524,15,21,0.52087,strongly_positive,strongly_positive
24-02-2025,31,746,0.51065,19,38,0.51205,strongly_positive,strongly_positive
24-02-2025,26,187,0.53106,22,22,0.54895,strongly_positive,strongly_positive
24-02-2025,66,2019,0.51845,19,22,0.52874,strongly_positive,strongly_positive
24-02-2025,124,9531,0.56896,40,61,0.53238,strongly_positive,strongly_positive
24-02-2025,109,5895,0.59313,44,53,0.51052,strongly_positive,strongly_positive
24-02-2025,131,5960,0.5161,60,51,0.53147,strongly_positive,strongly_positive
24-02-2025,91,4596,0.54306,44,60,0.50745,strongly_positive,strongly_positive
24-02-2025,93,2286,0.54289,66,50,0.53482,strongly_positive,strongly_positive
24-02-2025,71,1625,0.63817,60,73,0.55948,strongly_positive,strongly_positive
24-02-2025,387,26399,0.50134,124,54,0.50258,strongly_positive,strongly_positive
24-02-2025,125,5835,0.54298,45,41,0.56353,strongly_positive,strongly_positive
24-02-2025,90,5003,0.63323,34,51,0.55424,strongly_positive,strongly_positive
24-02-2025,42,976,0.50964,36,78,0.52781,strongly_positive,strongly_positive
24-02-2025,92,6304,0.53062,27,50,0.53856,strongly_positive,strongly_positive
24-02-2025,26,658,0.56798,8,19,0.57338,strongly_positive,strongly_positive
24-02-2025,12,158,0.6126,5,13,0.5204,strongly_positive,strongly_positive
24-02-2025,0,0,0.0,0,0,0.0,strongly_positive,strongly_positive
24-02-2025,10,190,0.64026,5,23,0.592,strongly_positive,strongly_positive
24-02-2025,6,17,0.56013,4,6,0.5475,strongly_positive,strongly_positive
24-02-2025,4,13,0.41951,3,8,0.43333,strongly_positive,strongly_positive
23-02-2025,6,39,0.39663,2,5,0.4,strongly_positive,strongly_positive
23-02-2025,12,439,0.52488,4,30,0.5125,strongly_positive,strongly_positive
23-02-2025,18,370,0.53146,7,19,0.45929,strongly_positive,strongly_positive
23-02-2025,28,629,0.59451,15,30,0.55073,strongly_positive,strongly_positive
23-02-2025,18,551,0.53892,10,44,0.5589,strongly_positive,strongly_positive
23-02-2025,9,84,0.51952,6,17,0.513,strongly_positive,strongly_positive
23-02-2025,7,23,0.53495,7,17,0.49486,strongly_positive,strongly_positive
23-02-2025,23,122,0.52431,7,4,0.52457,strongly_positive,strongly_positive
23-02-2025,15,489,0.49175,5,27,0.5104,strongly_positive,strongly_positive
23-02-2025,25,834,0.46459,11,35,0.47455,strongly_positive,strongly_positive
23-02-2025,12,69,0.63057,6,7,0.59217,strongly_positive,strongly_positive
23-02-2025,19,526,0.55738,10,36,0.5785,strongly_positive,strongly_positive
23-02-2025,6,24,0.40384,5,10,0.4154,strongly_positive,strongly_positive
23-02-2025,11,11,0.49162,10,6,0.505,strongly_positive,strongly_positive
23-02-2025,3,0,0.68336,1,0,0.675,strongly_positive,strongly_positive
23-02-2025,5,11,0.61209,2,2,0.539,strongly_positive,strongly_positive
23-02-2025,7,15,0.55418,3,2,0.569,strongly_positive,strongly_positive
23-02-2025,0,0,0.0,0,0,0.0,strongly_positive,strongly_positive
23-02-2025,2,1,0.83046,1,1,0.888,strongly_positive,strongly_positive
23-02-2025,11,16,0.5596,8,3,0.57288,strongly_positive,strongly_positive
23-02-2025,7,40,0.61699,3,6,0.62733,strongly_positive,strongly_positive
23-02-2025,4,0,0.59904,2,0,0.6035,strongly_positive,strongly_positive
23-02-2025,0,0,0.0,0,0,0.0,strongly_positive,strongly_positive
23-02-2025,2,9,0.56946,2,13,0.5875,strongly_positive,strongly_positive
22-02-2025,5,22,0.59016,4,15,0.54775,strongly_positive,strongly_positive
22-02-2025,14,368,0.59618,5,22,0.5844,strongly_positive,strongly_positive
22-02-2025,8,194,0.58073,3,21,0.59933,strongly_positive,strongly_positive
22-02-2025,7,0,0.68864,3,0,0.70433,strongly_positive,strongly_positive
22-02-2025,9,48,0.52877,5,8,0.5486,strongly_positive,strongly_positive
22-02-2025,3,0,0.38415,2,0,0.3335,strongly_positive,strongly_positive
22-02-2025,7,68,0.47239,5,21,0.4854,strongly_positive,strongly_positive
22-02-2025,38,840,0.48644,11,16,0.50464,strongly_positive,strongly_positive
22-02-2025,21,238,0.50417,7,9,0.49914,strongly_positive,strongly_positive
22-02-2025,41,783,0.60191,15,17,0.53207,strongly_positive,strongly_positive
22-02-2025,19,100,0.6583,9,6,0.52878,strongly_positive,strongly_positive
22-02-2025,13,58,0.53417,7,6,0.55443,strongly_positive,strongly_positive
22-02-2025,12,250,0.59001,7,30,0.52071,strongly_positive,strongly_positive
22-02-2025,14,32,0.54282,12,8,0.51158,strongly_positive,strongly_positive
22-02-2025,27,297,0.67231,8,8,0.55125,strongly_positive,strongly_positive
22-02-2025,14,175,0.48316,5,11,0.4964,strongly_positive,strongly_positive
22-02-2025,5,5,0.54305,2,1,0.5585,strongly_positive,strongly_positive
22-02-2025,7,34,0.76733,3,5,0.628,strongly_positive,strongly_positive
22-02-2025,2,0,0.56533,1,0,0.5,strongly_positive,strongly_positive
22-02-2025,3,8,0.58336,2,6,0.596,strongly_positive,strongly_positive
22-02-2025,3,12,0.60398,2,10,0.5765,strongly_positive,strongly_positive
22-02-2025,3,4,0.49992,1,1,0.5,strongly_positive,strongly_positive
22-02-2025,12,146,0.55075,4,10,0.563,strongly_positive,strongly_positive
22-02-2025,5,17,0.3739,2,3,0.386,strongly_positive,strongly_positive
21-02-2025,4,3,0.67156,4,3,0.6265,strongly_positive,strongly_positive
21-02-2025,7,3,0.50335,7,3,0.52229,strongly_positive,strongly_positive
21-02-2025,11,717,0.57463,4,58,0.59225,strongly_positive,strongly_positive
21-02-2025,8,138,0.59609,3,16,0.55533,strongly_positive,strongly_positive
21-02-2025,0,0,0.5,0,0,0.5,strongly_positive,strongly_positive
21-02-2025,23,0,0.74387,10,0,0.6002,strongly_positive,strongly_positive
21-02-2025,6,50,0.6511,4,14,0.56875,strongly_positive,strongly_positive
21-02-2025,15,128,0.50768,10,16,0.52,strongly_positive,strongly_positive
21-02-2025,42,373,0.5349,34,24,0.50568,strongly_positive,strongly_positive
21-02-2025,203,17952,0.56563,63,68,0.49327,strongly_positive,strongly_positive
21-02-2025,158,7238,0.50726,55,39,0.52058,strongly_positive,strongly_positive
21-02-2025,220,13138,0.52815,86,57,0.54372,strongly_positive,strongly_positive
21-02-2025,161,9067,0.54667,81,70,0.54259,strongly_positive,strongly_positive
21-02-2025,139,4098,0.58406,81,44,0.51854,strongly_positive,strongly_positive
21-02-2025,104,2048,0.5033,64,32,0.51792,strongly_positive,strongly_positive
21-02-2025,27,46,0.51344,26,14,0.53288,strongly_positive,strongly_positive
21-02-2025,38,1284,0.5321,12,26,0.53325,strongly_positive,strongly_positive
21-02-2025,8,86,0.65414,3,10,0.61867,strongly_positive,strongly_positive
21-02-2025,5,28,0.66078,2,6,0.5445,strongly_positive,strongly_positive
21-02-2025,17,508,0.50821,8,34,0.50888,strongly_positive,strongly_positive
21-02-2025,0,0,0.0,0,0,0.0,strongly_positive,strongly_positive
21-02-2025,1,4,0.52148,1,11,0.5,strongly_positive,strongly_positive
21-02-2025,2,5,0.41372,2,9,0.429,strongly_positive,strongly_positive
21-02-2025,3,11,0.42938,1,3,0.438,strongly_positive,strongly_positive
21-02-2025,8,64,0.62862,3,7,0.602,strongly_positive,strongly_positive
20-02-2025,7,71,0.66028,3,10,0.554,strongly_positive,strongly_positive
20-02-2025,5,3,0.61678,3,1,0.55733,strongly_positive,strongly_positive
20-02-2025,10,86,0.54875,6,14,0.567,strongly_positive,strongly_positive
20-02-2025,33,720,0.55716,13,21,0.52169,strongly_positive,strongly_positive
20-02-2025,19,264,0.52201,8,14,0.54175,strongly_positive,strongly_positive
20-02-2025,25,580,0.47602,12,27,0.4735,strongly_positive,strongly_positive
20-02-2025,13,66,0.50264,9,10,0.51578,strongly_positive,strongly_positive
20-02-2025,17,175,0.64557,13,23,0.52354,strongly_positive,strongly_positive
20-02-2025,31,344,0.50253,28,44,0.5215,strongly_positive,strongly_positive
20-02-2025,64,1579,0.50342,21,20,0.51633,strongly_positive,strongly_positive
20-02-2025,84,2135,0.56446,31,23,0.53548,strongly_positive,strongly_positive
20-02-2025,102,5683,0.63484,43,57,0.5254,strongly_positive,strongly_positive
20-02-2025,171,11366,0.50033,93,91,0.51278,strongly_positive,strongly_positive
20-02-2025,74,1707,0.51834,47,39,0.53419,strongly_positive,strongly_positive
20-02-2025,38,750,0.64157,26,37,0.53,strongly_positive,strongly_positive
20-02-2025,60,3085,0.61834,18,38,0.55133,strongly_positive,strongly_positive
20-02-2025,33,1014,0.54218,11,25,0.55227,strongly_positive,strongly_positive
20-02-2025,10,50,0.60397,4,5,0.62675,strongly_positive,strongly_positive
20-02-2025,15,129,0.51717,7,10,0.51943,strongly_positive,strongly_positive
20-02-2025,2,3,0.49056,1,2,0.5,strongly_positive,strongly_positive
20-02-2025,3,3,0.54945,2,2,0.455,strongly_positive,strongly_positive
20-02-2025,3,1,0.52075,3,2,0.53967,strongly_positive,strongly_positive
20-02-2025,3,2,0.61366,3,5,0.55567,strongly_positive,strongly_positive
20-02-2025,27,359,0.61856,10,12,0.595,strongly_positive,strongly_positive
19-02-2025,8,103,0.57887,3,12,0.6,strongly_positive,strongly_positive
19-02-2025,11,72,0.535,5,7,0.5414,strongly_positive,strongly_positive
19-02-2025,17,180,0.50361,11,18,0.52091,strongly_positive,strongly_positive
19-02-2025,13,76,0.65763,9,11,0.55444,strongly_positive,strongly_positive
19-02-2025,80,6469,0.57974,24,60,0.526,strongly_positive,strongly_positive
19-02-2025,42,711,0.48293,13,13,0.49938,strongly_positive,strongly_positive
19-02-2025,52,1220,0.55086,18,20,0.53594,strongly_positive,strongly_positive
19-02-2025,34,427,0.49669,26,29,0.50604,strongly_positive,strongly_positive
19-02-2025,32,478,0.57837,26,41,0.55523,strongly_positive,strongly_positive
19-02-2025,26,81,0.60523,26,39,0.50965,strongly_positive,strongly_positive
19-02-2025,20,213,0.5367,7,9,0.54714,strongly_positive,strongly_positive
19-02-2025,51,587,0.53948,20,11,0.55775,strongly_positive,strongly_positive
19-02-2025,43,355,0.54585,19,9,0.53068,strongly_positive,strongly_positive
19-02-2025,34,407,0.55507,20,18,0.50235,strongly_positive,strongly_positive
19-02-2025,26,379,0.56523,18,28,0.57211,strongly_positive,strongly_positive
19-02-2025,3,14,0.35886,2,10,0.3485,strongly_positive,strongly_positive
19-02-2025,10,40,0.49355,3,3,0.49933,strongly_positive,strongly_positive
19-02-2025,3,19,0.61968,1,5,0.57,strongly_positive,strongly_positive
19-02-2025,5,19,0.48839,2,4,0.4115,strongly_positive,strongly_positive
19-02-2025,0,0,0.0,0,0,0.0,strongly_positive,strongly_positive
19-02-2025,4,24,0.54436,2,8,0.5,strongly_positive,strongly_positive
19-02-2025,0,0,0.5,0,0,0.5,strongly_positive,strongly_positive
19-02-2025,6,0,0.71605,5,0,0.6964,strongly_positive,strongly_positive
19-02-2025,2,1,0.65028,2,6,0.5585,strongly_positive,strongly_positive
19-02-2025,14,252,0.48186,4,13,0.49075,strongly_positive,strongly_positive
18-02-2025,5,48,0.60347,2,9,0.6255,strongly_positive,strongly_positive
18-02-2025,2,0,0.6998,1,0,0.6,strongly_positive,strongly_positive
18-02-2025,2,2,0.38809,1,1,0.4,strongly_positive,strongly_positive
18-02-2025,1,1,0.64772,1,3,0.65,strongly_positive,strongly_positive
18-02-2025,11,135,0.53872,8,27,0.5295,strongly_positive,strongly_positive
18-02-2025,6,24,0.63771,2,3,0.65,strongly_positive,strongly_positive
18-02-2025,12,151,0.54788,4,10,0.55025,strongly_positive,strongly_positive
18-02-2025,5,23,0.70539,2,4,0.732,strongly_positive,strongly_positive
18-02-2025,20,205,0.51934,10,13,0.535,strongly_positive,strongly_positive
18-02-2025,6,22,0.53577,3,5,0.5,strongly_positive,strongly_positive
18-02-2025,10,60,0.7227,6,10,0.5845,strongly_positive,strongly_positive
18-02-2025,11,61,0.63105,4,5,0.60775,strongly_positive,strongly_positive
18-02-2025,14,82,0.56159,6,6,0.47517,strongly_positive,strongly_positive
18-02-2025,4,10,0.60531,2,3,0.6255,strongly_positive,strongly_positive
18-02-2025,24,267,0.52727,15,19,0.54553,strongly_positive,strongly_positive
18-02-2025,7,36,0.62559,5,12,0.61,strongly_positive,strongly_positive
18-02-2025,4,4,0.52145,3,3,0.539,strongly_positive,strongly_positive
18-02-2025,6,30,0.53405,2,4,0.5395,strongly_positive,strongly_positive
18-02-2025,8,54,0.56257,3,6,0.58333,strongly_positive,strongly_positive
18-02-2025,4,10,0.6166,2,3,0.625,strongly_positive,strongly_positive
18-02-2025,11,103,0.62343,6,13,0.57567,strongly_positive,strongly_positive
18-02-2025,5,30,0.51765,3,9,0.53667,strongly_positive,strongly_positive
18-02-2025,2,0,0.62522,2,1,0.646,strongly_positive,strongly_positive
18-02-2025,3,0,0.48986,1,0,0.5,strongly_positive,strongly_positive
17-02-2025,3,63,0.87292,1,15,0.875,strongly_positive,strongly_positive
17-02-2025,5,30,0.57949,2,6,0.5,strongly_positive,strongly_positive
17-02-2025,2,2,0.58818,1,1,0.6,strongly_positive,strongly_positive
17-02-2025,6,38,0.47352,3,8,0.44333,strongly_positive,strongly_positive
17-02-2025,8,27,0.54365,6,8,0.53633,strongly_positive,strongly_positive
17-02-2025,2,6,0.69445,2,9,0.715,strongly_positive,strongly_positive
17-02-2025,3,32,0.61222,1,8,0.613,strongly_positive,strongly_positive
17-02-2025,9,11,0.50732,3,1,0.5,strongly_positive,strongly_positive
17-02-2025,10,116,0.41604,4,11,0.365,strongly_positive,strongly_positive
17-02-2025,4,34,0.69409,2,12,0.651,strongly_positive,strongly_positive
17-02-2025,3,4,0.41142,2,2,0.427,strongly_positive,strongly_positive
17-02-2025,4,6,0.56067,3,3,0.55833,strongly_positive,strongly_positive
17-02-2025,9,18,0.55374,9,25,0.51867,strongly_positive,strongly_positive
17-02-2025,13,306,0.60433,4,18,0.49125,strongly_positive,strongly_positive
17-02-2025,25,379,0.55414,9,13,0.575,strongly_positive,strongly_positive
17-02-2025,10,115,0.65234,7,23,0.55457,strongly_positive,strongly_positive
17-02-2025,5,39,0.61721,4,24,0.63725,strongly_positive,strongly_positive
17-02-2025,2,1,0.61555,2,3,0.5695,strongly_positive,strongly_positive
17-02-2025,0,0,0.0,0,0,0.0,strongly_positive,strongly_positive
17-02-2025,0,0,0.0,0,0,0.0,strongly_positive,strongly_positive
17-02-2025,2,5,0.49595,1,3,0.5,strongly_positive,strongly_positive
17-02-2025,8,20,0.53931,5,4,0.5594,strongly_positive,strongly_positive
17-02-2025,5,47,0.80516,3,16,0.69633,strongly_positive,strongly_positive
17-02-2025,17,72,0.57243,5,3,0.5306,strongly_positive,strongly_positive
16-02-2025,12,31,0.75439,4,2,0.6045,weakly_positive,weakly_positive
16-02-2025,12,387,0.59927,4,26,0.592,weakly_positive,weakly_positive
16-02-2025,9,122,0.61799,4,15,0.63175,weakly_positive,weakly_positive
16-02-2025,4,0,0.49794,2,0,0.498,weakly_positive,weakly_positive
16-02-2025,11,150,0.50678,6,19,0.526,weakly_positive,weakly_positive
16-02-2025,5,16,0.55303,4,10,0.5685,weakly_positive,weakly_positive
16-02-2025,6,22,0.59129,5,16,0.5556,weakly_positive,weakly_positive
16-02-2025,14,211,0.55928,5,13,0.5532,weakly_positive,weakly_positive
16-02-2025,16,35,0.52767,6,2,0.54267,weakly_positive,weakly_positive
16-02-2025,24,373,0.4886,10,16,0.502,weakly_positive,weakly_positive
16-02-2025,10,57,0.53761,6,9,0.558,weakly_positive,weakly_positive
16-02-2025,9,83,0.63455,6,16,0.55917,weakly_positive,weakly_positive
16-02-2025,3,9,0.49807,2,7,0.5095,weakly_positive,weakly_positive
16-02-2025,10,152,0.57326,3,11,0.595,weakly_positive,weakly_positive
16-02-2025,12,134,0.57829,4,9,0.57725,weakly_positive,weakly_positive
16-02-2025,0,0,0.0,0,0,0.0,weakly_positive,weakly_positive
16-02-2025,0,0,0.5,0,0,0.5,weakly_positive,weakly_positive
16-02-2025,2,17,0.612,1,10,0.5,weakly_positive,weakly_positive
16-02-2025,0,0,0.0,0,0,0.0,weakly_positive,weakly_positive
16-02-2025,5,26,0.52793,3,8,0.47267,weakly_positive,weakly_positive
16-02-2025,8,62,0.56034,3,7,0.578,weakly_positive,weakly_positive
16-02-2025,21,421,0.53071,9,21,0.54322,weakly_positive,weakly_positive
16-02-2025,2,0,0.56696,1,0,0.556,weakly_positive,weakly_positive
16-02-2025,5,14,0.50446,3,5,0.439,weakly_positive,weakly_positive
16-02-2025,0,0,0.0,0,0,0.0,weakly_positive,weakly_positive
15-02-2025,13,70,0.55732,4,4,0.57825,strongly_positive,strongly_positive
15-02-2025,9,44,0.61867,3,4,0.61333,strongly_positive,strongly_positive
15-02-2025,20,162,0.58042,7,7,0.59629,strongly_positive,strongly_positive
15-02-2025,20,364,0.62911,10,22,0.5067,strongly_positive,strongly_positive
15-02-2025,8,0,0.57904,4,0,0.5735,strongly_positive,strongly_positive
15-02-2025,10,26,0.62251,6,4,0.55067,strongly_positive,strongly_positive
15-02-2025,6,25,0.54842,6,23,0.51783,strongly_positive,strongly_positive
15-02-2025,17,48,0.55823,5,2,0.5794,strongly_positive,strongly_positive
15-02-2025,29,375,0.52861,11,12,0.54273,strongly_positive,strongly_positive
15-02-2025,25,438,0.56766,10,17,0.5353,strongly_positive,strongly_positive
15-02-2025,31,641,0.717,14,23,0.58836,strongly_positive,strongly_positive
15-02-2025,21,140,0.70093,14,12,0.62136,strongly_positive,strongly_positive
15-02-2025,10,45,0.53052,7,9,0.54571,strongly_positive,strongly_positive
15-02-2025,7,29,0.53146,6,13,0.50817,strongly_positive,strongly_positive
15-02-2025,19,147,0.5461,6,6,0.48333,strongly_positive,strongly_positive
15-02-2025,0,0,0.0,0,0,0.0,strongly_positive,strongly_positive
15-02-2025,5,47,0.3195,2,9,0.33,strongly_positive,strongly_positive
15-02-2025,6,28,0.5777,3,6,0.578,strongly_positive,strongly_positive
15-02-2025,3,11,0.59247,2,6,0.5335,strongly_positive,strongly_positive
15-02-2025,8,60,0.55224,5,13,0.5702,strongly_positive,strongly_positive
15-02-2025,0,0,0.0,0,0,0.0,strongly_positive,strongly_positive
15-02-2025,16,102,0.5701,5,5,0.5754,strongly_positive,strongly_positive
15-02-2025,5,9,0.5774,3,3,0.595,strongly_positive,strongly_positive
15-02-2025,8,23,0.55236,6,6,0.56617,strongly_positive,strongly_positive
14-02-2025,14,74,0.6024,11,13,0.48645,strongly_positive,strongly_positive
14-02-2025,15,57,0.57198,5,3,0.5,strongly_positive,strongly_positive
14-02-2025,19,151,0.5207,7,7,0.534,strongly_positive,strongly_positive
14-02-2025,26,1659,0.59763,10,59,0.5653,strongly_positive,strongly_positive
14-02-2025,4,12,0.63843,2,4,0.6345,strongly_positive,strongly_positive
14-02-2025,11,108,0.50112,6,14,0.51417,strongly_positive,strongly_positive
14-02-2025,15,142,0.51007,10,17,0.5252,strongly_positive,strongly_positive
14-02-2025,143,11357,0.55363,42,58,0.57455,strongly_positive,strongly_positive
14-02-2025,88,4885,0.62365,27,42,0.55407,strongly_positive,strongly_positive
14-02-2025,68,1161,0.60078,28,17,0.56925,strongly_positive,strongly_positive
14-02-2025,79,2939,0.51507,34,39,0.53456,strongly_positive,strongly_positive
14-02-2025,55,1632,0.5037,27,36,0.50496,strongly_positive,strongly_positive
14-02-2025,48,1375,0.5429,35,61,0.55929,strongly_positive,strongly_positive
14-02-2025,93,2257,0.64623,72,60,0.53293,strongly_positive,strongly_positive
14-02-2025,24,206,0.5267,23,48,0.54604,strongly_positive,strongly_positive
14-02-2025,41,1283,0.50898,14,26,0.52414,strongly_positive,strongly_positive
14-02-2025,29,531,0.59218,11,17,0.56809,strongly_positive,strongly_positive
14-02-2025,14,306,0.7325,6,23,0.61617,strongly_positive,strongly_positive
14-02-2025,5,42,0.52264,3,12,0.533,strongly_positive,strongly_positive
14-02-2025,15,191,0.52124,10,23,0.5388,strongly_positive,strongly_positive
14-02-2025,13,103,0.60829,9,16,0.51078,strongly_positive,strongly_positive
14-02-2025,16,193,0.68901,5,9,0.623,strongly_positive,strongly_positive
14-02-2025,23,166,0.55786,8,6,0.56488,strongly_positive,strongly_positive
14-02-2025,14,40,0.41334,6,3,0.4285,strongly_positive,strongly_positive
13-02-2025,16,158,0.5184,8,12,0.52425,strongly_positive,strongly_positive
13-02-2025,25,520,0.55372,13,27,0.56108,strongly_positive,strongly_positive
13-02-2025,35,831,0.58459,12,20,0.6,strongly_positive,strongly_positive
13-02-2025,62,4974,0.57819,24,76,0.5495,strongly_positive,strongly_positive
13-02-2025,42,1184,0.52939,17,28,0.54935,strongly_positive,strongly_positive
13-02-2025,21,142,0.57788,12,10,0.59183,strongly_positive,strongly_positive
13-02-2025,16,139,0.68828,10,14,0.6533,strongly_positive,strongly_positive
13-02-2025,39,515,0.61311,28,28,0.50782,strongly_positive,strongly_positive
13-02-2025,100,4549,0.61384,31,35,0.54855,strongly_positive,strongly_positive
13-02-2025,182,13182,0.53233,59,58,0.54869,strongly_positive,strongly_positive
13-02-2025,123,5959,0.49374,54,52,0.51231,strongly_positive,strongly_positive
13-02-2025,0,0,0.5,0,0,0.5,strongly_positive,strongly_positive
13-02-2025,119,0,0.63364,55,0,0.56536,strongly_positive,strongly_positive
13-02-2025,165,9407,0.53339,88,76,0.54318,strongly_positive,strongly_positive
13-02-2025,67,1704,0.6158,54,68,0.51128,strongly_positive,strongly_positive
13-02-2025,34,312,0.57124,29,31,0.57393,strongly_positive,strongly_positive
13-02-2025,78,3847,0.63125,23,36,0.57283,strongly_positive,strongly_positive
13-02-2025,39,927,0.66795,14,21,0.55357,strongly_positive,strongly_positive
13-02-2025,7,36,0.54427,3,5,0.564,strongly_positive,strongly_positive
13-02-2025,13,160,0.55381,6,14,0.561,strongly_positive,strongly_positive
13-02-2025,3,9,0.57149,2,5,0.55,strongly_positive,strongly_positive
13-02-2025,10,163,0.65596,7,35,0.55443,strongly_positive,strongly_positive
13-02-2025,8,22,0.57906,6,7,0.58617,strongly_positive,strongly_positive
13-02-2025,28,246,0.53081,9,7,0.54911,strongly_positive,strongly_positive
13-02-2025,16,127,0.57742,6,7,0.56267,strongly_positive,strongly_positive
12-02-2025,30,343,0.57345,14,13,0.52064,strongly_positive,strongly_positive
12-02-2025,11,132,0.50414,6,16,0.5095,strongly_positive,strongly_positive
12-02-2025,16,156,0.53342,9,14,0.51922,strongly_positive,strongly_positive
12-02-2025,8,92,0.50687,7,40,0.51357,strongly_positive,strongly_positive
12-02-2025,48,2828,0.62858,14,43,0.57993,strongly_positive,strongly_positive
12-02-2025,62,817,0.50796,19,10,0.52658,strongly_positive,strongly_positive
12-02-2025,21,238,0.64251,13,19,0.61269,strongly_positive,strongly_positive
12-02-2025,67,1739,0.52885,45,48,0.54867,strongly_positive,strongly_positive
12-02-2025,39,411,0.55537,31,28,0.55903,strongly_positive,strongly_positive
12-02-2025,97,7630,0.5136,32,64,0.53009,strongly_positive,strongly_positive
12-02-2025,121,7990,0.65046,42,56,0.5414,strongly_positive,strongly_positive
12-02-2025,99,4427,0.61057,47,52,0.54794,strongly_positive,strongly_positive
12-02-2025,80,2395,0.51156,40,37,0.5278,strongly_positive,strongly_positive
12-02-2025,119,5378,0.55858,69,67,0.53907,strongly_positive,strongly_positive
12-02-2025,35,378,0.54446,31,42,0.54861,strongly_positive,strongly_positive
12-02-2025,13,25,0.53163,13,14,0.54046,strongly_positive,strongly_positive
12-02-2025,13,241,0.46397,4,14,0.48025,strongly_positive,strongly_positive
12-02-2025,21,402,0.54266,8,18,0.54638,strongly_positive,strongly_positive
12-02-2025,7,112,0.55609,3,17,0.50667,strongly_positive,strongly_positive
12-02-2025,10,209,0.51424,5,26,0.5188,strongly_positive,strongly_positive
12-02-2025,4,38,0.56194,3,18,0.582,strongly_positive,strongly_positive
12-02-2025,7,83,0.58991,6,32,0.59867,strongly_positive,strongly_positive
12-02-2025,8,49,0.56542,7,21,0.57086,strongly_positive,strongly_positive
12-02-2025,23,245,0.65132,8,9,0.55313,strongly_positive,strongly_positive
11-02-2025,26,658,0.51778,10,24,0.5347,strongly_positive,strongly_positive
11-02-2025,22,337,0.5098,11,19,0.52773,strongly_positive,strongly_positive
11-02-2025,22,295,0.63929,13,20,0.62477,strongly_positive,strongly_positive
11-02-2025,18,89,0.48359,11,8,0.49955,strongly_positive,strongly_positive
11-02-2025,8,19,0.51233,8,19,0.51675,strongly_positive,strongly_positive
11-02-2025,26,373,0.48424,8,11,0.50225,strongly_positive,strongly_positive
11-02-2025,46,1034,0.62633,15,18,0.54113,strongly_positive,strongly_positive
11-02-2025,95,4225,0.55326,42,48,0.5124,strongly_positive,strongly_positive
11-02-2025,86,3241,0.51071,40,43,0.52963,strongly_positive,strongly_positive
11-02-2025,56,792,0.50441,30,19,0.498,strongly_positive,strongly_positive
11-02-2025,119,5374,0.60151,42,39,0.504,strongly_positive,strongly_positive
11-02-2025,246,17985,0.52751,91,66,0.53208,strongly_positive,strongly_positive
11-02-2025,199,12053,0.54628,102,77,0.56431,strongly_positive,strongly_positive
11-02-2025,194,12687,0.65442,105,89,0.54735,strongly_positive,strongly_positive
11-02-2025,133,8641,0.54908,84,109,0.56838,strongly_positive,strongly_positive
11-02-2025,9,209,0.56337,9,16,0.57133,strongly_positive,strongly_positive
11-02-2025,34,973,0.51639,10,21,0.4999,strongly_positive,strongly_positive
11-02-2025,12,120,0.58222,4,8,0.4965,strongly_positive,strongly_positive
11-02-2025,10,130,0.60553,4,13,0.6145,strongly_positive,strongly_positive
11-02-2025,0,0,0.0,0,0,0.0,strongly_positive,strongly_positive
11-02-2025,7,20,0.52106,4,4,0.5105,strongly_positive,strongly_positive
11-02-2025,4,14,0.60343,3,8,0.552,strongly_positive,strongly_positive
11-02-2025,7,19,0.53089,6,11,0.5345,strongly_positive,strongly_positive
11-02-2025,5,6,0.56851,5,10,0.5564,strongly_positive,strongly_positive
10-02-2025,8,36,0.54657,3,4,0.55567,strongly_positive,strongly_positive
10-02-2025,14,304,0.5345,6,22,0.49667,strongly_positive,strongly_positive
10-02-2025,0,0,0.5,0,0,0.5,strongly_positive,strongly_positive
10-02-2025,11,137,0.53345,6,17,0.45517,strongly_positive,strongly_positive
10-02-2025,8,19,0.52029,5,4,0.5368,strongly_positive,strongly_positive
10-02-2025,18,144,0.55707,12,15,0.51692,strongly_positive,strongly_positive
10-02-2025,34,324,0.58343,10,7,0.5718,strongly_positive,strongly_positive
10-02-2025,57,3984,0.62205,19,57,0.54079,strongly_positive,strongly_positive
10-02-2025,75,1322,0.51982,26,15,0.53162,strongly_positive,strongly_positive
10-02-2025,73,2995,0.47262,35,48,0.49034,strongly_positive,strongly_positive
10-02-2025,32,849,0.5146,16,33,0.44663,strongly_positive,strongly_positive
10-02-2025,2,7,0.88262,1,5,0.907,strongly_positive,strongly_positive
10-02-2025,1,0,0.62149,1,1,0.5,strongly_positive,strongly_positive
10-02-2025,19,58,0.52779,18,26,0.52244,strongly_positive,strongly_positive
10-02-2025,76,2219,0.5944,42,41,0.50045,strongly_positive,strongly_positive
10-02-2025,19,75,0.48536,11,6,0.49055,strongly_positive,strongly_positive
10-02-2025,6,6,0.5082,4,2,0.4665,strongly_positive,strongly_positive
10-02-2025,17,253,0.59644,5,11,0.5798,strongly_positive,strongly_positive
10-02-2025,9,83,0.52363,3,7,0.54167,strongly_positive,strongly_positive
10-02-2025,17,298,0.5284,6,15,0.538,strongly_positive,strongly_positive
10-02-2025,7,45,0.55886,3,7,0.54267,strongly_positive,strongly_positive
10-02-2025,6,57,0.54157,3,12,0.464,strongly_positive,strongly_positive
10-02-2025,3,18,0.49037,2,9,0.5055,strongly_positive,strongly_positive
10-02-2025,2,7,0.48251,2,11,0.5,strongly_positive,strongly_positive
10-02-2025,3,28,0.5873,1,6,0.577,strongly_positive,strongly_positive
09-02-2025,34,926,0.51861,10,20,0.5348,strongly_positive,strongly_positive
09-02-2025,15,219,0.61762,6,14,0.6205,strongly_positive,strongly_positive
09-02-2025,27,442,0.37463,12,18,0.38875,strongly_positive,strongly_positive
09-02-2025,14,128,0.54069,8,14,0.55063,strongly_positive,strongly_positive
09-02-2025,7,18,0.59848,5,5,0.5582,strongly_positive,strongly_positive
09-02-2025,7,6,0.53931,5,2,0.5596,strongly_positive,strongly_positive
09-02-2025,41,1686,0.51801,13,32,0.53392,strongly_positive,strongly_positive
09-02-2025,14,229,0.5063,5,14,0.5188,strongly_positive,strongly_positive
09-02-2025,13,58,0.74831,5,4,0.6036,strongly_positive,strongly_positive
09-02-2025,17,293,0.64494,9,22,0.56322,strongly_positive,strongly_positive
09-02-2025,7,36,0.40691,4,7,0.41675,strongly_positive,strongly_positive
09-02-2025,6,4,0.69564,4,1,0.6575,strongly_positive,strongly_positive
09-02-2025,14,140,0.54464,4,7,0.541,strongly_positive,strongly_positive
09-02-2025,27,441,0.50252,8,12,0.51575,strongly_positive,strongly_positive
09-02-2025,5,27,0.52372,2,5,0.4235,strongly_positive,strongly_positive
09-02-2025,14,457,0.52668,6,33,0.52267,strongly_positive,strongly_positive
09-02-2025,4,0,0.63205,2,0,0.561,strongly_positive,strongly_positive
09-02-2025,6,79,0.48385,2,10,0.5,strongly_positive,strongly_positive
09-02-2025,3,20,0.6511,1,5,0.6,strongly_positive,strongly_positive
09-02-2025,5,45,0.63078,2,8,0.6325,strongly_positive,strongly_positive
09-02-2025,4,3,0.52676,2,1,0.5445,strongly_positive,strongly_positive
09-02-2025,4,3,0.49027,2,1,0.5,strongly_positive,strongly_positive
09-02-2025,3,7,0.50657,2,4,0.474,strongly_positive,strongly_positive
09-02-2025,2,1,0.69417,2,3,0.5975,strongly_positive,strongly_positive
08-02-2025,13,106,0.59941,4,6,0.61725,weakly_positive,weakly_positive
08-02-2025,9,24,0.58466,3,2,0.54633,weakly_positive,weakly_positive
08-02-2025,9,18,0.48698,4,2,0.47975,weakly_positive,weakly_positive
08-02-2025,0,0,0.0,0,0,0.0,weakly_positive,weakly_positive
08-02-2025,9,129,0.59121,6,25,0.59267,weakly_positive,weakly_positive
08-02-2025,4,18,0.49783,3,11,0.51667,weakly_positive,weakly_positive
08-02-2025,2,1,0.53297,2,2,0.4665,weakly_positive,weakly_positive
08-02-2025,18,242,0.61014,6,11,0.57117,weakly_positive,weakly_positive
08-02-2025,16,350,0.65026,6,20,0.52817,weakly_positive,weakly_positive
08-02-2025,18,562,0.57298,7,30,0.56986,weakly_positive,weakly_positive
08-02-2025,9,25,0.46761,5,4,0.4798,weakly_positive,weakly_positive
08-02-2025,12,125,0.6414,7,16,0.52,weakly_positive,weakly_positive
08-02-2025,4,26,0.52325,3,13,0.543,weakly_positive,weakly_positive
08-02-2025,20,296,0.50075,6,11,0.513,weakly_positive,weakly_positive
08-02-2025,3,4,0.55353,1,1,0.525,weakly_positive,weakly_positive
08-02-2025,16,124,0.64345,7,8,0.64071,weakly_positive,weakly_positive
08-02-2025,0,0,0.0,0,0,0.0,weakly_positive,weakly_positive
08-02-2025,4,6,0.54585,2,2,0.5625,weakly_positive,weakly_positive
08-02-2025,1,1,0.48185,1,2,0.5,weakly_positive,weakly_positive
08-02-2025,0,0,0.5,0,0,0.5,weakly_positive,weakly_positive
08-02-2025,6,26,0.57213,5,13,0.51,weakly_positive,weakly_positive
08-02-2025,3,5,0.57818,1,1,0.589,weakly_positive,weakly_positive
08-02-2025,8,37,0.48711,3,4,0.4,weakly_positive,weakly_positive
08-02-2025,7,21,0.51041,3,3,0.52933,weakly_positive,weakly_positive
08-02-2025,4,14,0.54491,2,4,0.55,weakly_positive,weakly_positive
07-02-2025,3,2,0.52267,2,1,0.5,strongly_positive,strongly_positive
07-02-2025,5,18,0.72876,4,8,0.6105,strongly_positive,strongly_positive
07-02-2025,5,29,0.49327,4,15,0.4975,strongly_positive,strongly_positive
07-02-2025,21,289,0.55471,7,11,0.573,strongly_positive,strongly_positive
07-02-2025,35,664,0.55503,13,17,0.53785,strongly_positive,strongly_positive
07-02-2025,23,80,0.49308,11,4,0.44427,strongly_positive,strongly_positive
07-02-2025,20,384,0.55897,11,26,0.56691,strongly_positive,strongly_positive
07-02-2025,40,796,0.49787,23,29,0.48191,strongly_positive,strongly_positive
07-02-2025,27,291,0.50908,24,39,0.51396,strongly_positive,strongly_positive
07-02-2025,91,3708,0.53961,27,30,0.49426,strongly_positive,strongly_positive
07-02-2025,65,2385,0.49571,20,28,0.5134,strongly_positive,strongly_positive
07-02-2025,77,4501,0.46728,32,59,0.48356,strongly_positive,strongly_positive
07-02-2025,87,2046,0.55137,38,25,0.50429,strongly_positive,strongly_positive
07-02-2025,116,3573,0.49915,58,38,0.50259,strongly_positive,strongly_positive
07-02-2025,24,456,0.64745,18,42,0.55328,strongly_positive,strongly_positive
07-02-2025,20,316,0.55788,16,41,0.56713,strongly_positive,strongly_positive
07-02-2025,27,235,0.5708,9,7,0.59133,strongly_positive,strongly_positive
07-02-2025,6,74,0.62655,2,10,0.5345,strongly_positive,strongly_positive
07-02-2025,18,250,0.52268,7,13,0.53929,strongly_positive,strongly_positive
07-02-2025,6,75,0.59883,3,17,0.60233,strongly_positive,strongly_positive
07-02-2025,9,98,0.46553,5,16,0.4562,strongly_positive,strongly_positive
07-02-2025,7,19,0.58537,5,5,0.5088,strongly_positive,strongly_positive
07-02-2025,3,1,0.51326,3,2,0.51667,strongly_positive,strongly_positive
07-02-2025,26,308,0.55459,8,9,0.57538,strongly_positive,strongly_positive
06-02-2025,12,115,0.54684,4,8,0.54175,strongly_positive,strongly_positive
06-02-2025,16,135,0.58168,11,16,0.603,strongly_positive,strongly_positive
06-02-2025,7,40,0.57713,6,16,0.58367,strongly_positive,strongly_positive
06-02-2025,10,64,0.59215,9,23,0.6,strongly_positive,strongly_positive
06-02-2025,34,958,0.66458,12,24,0.55942,strongly_positive,strongly_positive
06-02-2025,25,445,0.4852,10,17,0.5018,strongly_positive,strongly_positive
06-02-2025,16,179,0.45064,8,14,0.46588,strongly_positive,strongly_positive
06-02-2025,22,583,0.52692,13,40,0.51215,strongly_positive,strongly_positive
06-02-2025,37,742,0.46824,23,33,0.48439,strongly_positive,strongly_positive
06-02-2025,34,143,0.52128,33,46,0.5277,strongly_positive,strongly_positive
06-02-2025,83,2031,0.51687,26,19,0.53569,strongly_positive,strongly_positive
06-02-2025,70,2168,0.64314,23,25,0.55091,strongly_positive,strongly_positive
06-02-2025,83,2212,0.56714,37,29,0.52151,strongly_positive,strongly_positive
06-02-2025,130,7564,0.49732,61,67,0.51534,strongly_positive,strongly_positive
06-02-2025,44,1265,0.54385,24,39,0.53425,strongly_positive,strongly_positive
06-02-2025,17,223,0.51665,14,37,0.52643,strongly_positive,strongly_positive
06-02-2025,19,145,0.52731,17,28,0.52982,strongly_positive,strongly_positive
06-02-2025,37,1428,0.65504,13,33,0.56238,strongly_positive,strongly_positive
06-02-2025,14,174,0.55288,5,11,0.563,strongly_positive,strongly_positive
06-02-2025,17,423,0.57691,7,25,0.538,strongly_positive,strongly_positive
06-02-2025,5,23,0.67773,3,7,0.66667,strongly_positive,strongly_positive
06-02-2025,21,152,0.52328,13,12,0.53938,strongly_positive,strongly_positive
06-02-2025,14,94,0.51316,10,15,0.5258,strongly_positive,strongly_positive
06-02-2025,24,627,0.57496,7,19,0.565,strongly_positive,strongly_positive
05-02-2025,30,819,0.63199,10,22,0.5518,strongly_positive,strongly_positive
05-02-2025,11,12,0.56316,4,1,0.57775,strongly_positive,strongly_positive
05-02-2025,15,182,0.54213,7,14,0.56257,strongly_positive,strongly_positive
05-02-2025,13,124,0.63532,7,13,0.631,strongly_positive,strongly_positive
05-02-2025,14,171,0.53781,8,18,0.552,strongly_positive,strongly_positive
05-02-2025,27,387,0.50886,10,13,0.5156,strongly_positive,strongly_positive
05-02-2025,14,370,0.59031,6,27,0.54467,strongly_positive,strongly_positive
05-02-2025,64,3888,0.64822,35,84,0.54826,strongly_positive,strongly_positive
05-02-2025,55,866,0.55746,35,27,0.57609,strongly_positive,strongly_positive
05-02-2025,0,0,0.5,0,0,0.5,strongly_positive,strongly_positive
05-02-2025,53,780,0.54116,36,28,0.49861,strongly_positive,strongly_positive
05-02-2025,77,2588,0.55509,23,25,0.54113,strongly_positive,strongly_positive
05-02-2025,152,9974,0.66639,51,54,0.57445,strongly_positive,strongly_positive
05-02-2025,151,13908,0.53535,53,79,0.54594,strongly_positive,strongly_positive
05-02-2025,100,3810,0.49725,48,45,0.51558,strongly_positive,strongly_positive
05-02-2025,77,3676,0.57031,39,60,0.49079,strongly_positive,strongly_positive
05-02-2025,100,5615,0.51833,59,85,0.53378,strongly_positive,strongly_positive
05-02-2025,47,847,0.51943,43,78,0.52033,strongly_positive,strongly_positive
05-02-2025,24,92,0.50683,24,47,0.49925,strongly_positive,strongly_positive
05-02-2025,83,3362,0.5122,31,37,0.52274,strongly_positive,strongly_positive
05-02-2025,66,2485,0.47632,26,36,0.47754,strongly_positive,strongly_positive
05-02-2025,9,33,0.54319,4,4,0.56375,strongly_positive,strongly_positive
05-02-2025,6,24,0.50376,4,7,0.5185,strongly_positive,strongly_positive
05-02-2025,12,231,0.58228,8,37,0.545,strongly_positive,strongly_positive
05-02-2025,7,15,0.57467,6,6,0.46667,strongly_positive,strongly_positive
04-02-2025,10,119,0.43703,3,9,0.45,strongly_positive,strongly_positive
04-02-2025,28,393,0.52826,10,12,0.542,strongly_positive,strongly_positive
04-02-2025,25,286,0.59472,10,11,0.5647,strongly_positive,strongly_positive
04-02-2025,26,763,0.58028,13,37,0.50892,strongly_positive,strongly_positive
04-02-2025,19,324,0.508,11,26,0.52045,strongly_positive,strongly_positive
04-02-2025,19,366,0.57971,12,32,0.54975,strongly_positive,strongly_positive
04-02-2025,20,37,0.52494,20,31,0.52265,strongly_positive,strongly_positive
04-02-2025,85,3924,0.6215,27,36,0.55478,strongly_positive,strongly_positive
04-02-2025,39,782,0.5855,23,31,0.59435,strongly_positive,strongly_positive
04-02-2025,28,783,0.58004,20,56,0.53725,strongly_positive,strongly_positive
04-02-2025,39,732,0.51312,29,43,0.53214,strongly_positive,strongly_positive
04-02-2025,169,17182,0.54391,54,80,0.56161,strongly_positive,strongly_positive
04-02-2025,151,10198,0.53822,54,59,0.55004,strongly_positive,strongly_positive
04-02-2025,160,10340,0.51828,60,59,0.51858,strongly_positive,strongly_positive
04-02-2025,90,4385,0.62064,47,63,0.53747,strongly_positive,strongly_positive
04-02-2025,60,2813,0.52368,33,65,0.53488,strongly_positive,strongly_positive
04-02-2025,34,474,0.53318,22,24,0.50064,strongly_positive,strongly_positive
04-02-2025,52,2903,0.54932,15,40,0.54307,strongly_positive,strongly_positive
04-02-2025,63,5588,0.54818,19,66,0.56389,strongly_positive,strongly_positive
04-02-2025,55,4171,0.6904,22,74,0.553,strongly_positive,strongly_positive
04-02-2025,26,610,0.54306,11,24,0.53636,strongly_positive,strongly_positive
04-02-2025,17,389,0.58295,8,27,0.51325,strongly_positive,strongly_positive
04-02-2025,20,356,0.53369,14,36,0.502,strongly_positive,strongly_positive
04-02-2025,17,227,0.52613,13,31,0.54608,strongly_positive,strongly_positive
03-02-2025,12,71,0.55298,11,26,0.55173,strongly_positive,strongly_positive
03-02-2025,27,1160,0.49892,9,35,0.46867,strongly_positive,strongly_positive
03-02-2025,21,832,0.67894,8,36,0.55413,strongly_positive,strongly_positive
03-02-2025,40,2940,0.4934,17,76,0.51188,strongly_positive,strongly_positive
03-02-2025,25,933,0.50944,14,52,0.52336,strongly_positive,strongly_positive
03-02-2025,50,1530,0.5759,32,53,0.54869,strongly_positive,strongly_positive
03-02-2025,35,872,0.51917,24,48,0.53867,strongly_positive,strongly_positive
03-02-2025,83,8556,0.53268,25,77,0.54496,strongly_positive,strongly_positive
03-02-2025,143,11593,0.56651,48,67,0.58456,strongly_positive,strongly_positive
03-02-2025,106,3291,0.50337,45,32,0.50238,strongly_positive,strongly_positive
03-02-2025,25,274,0.59291,12,13,0.5315,strongly_positive,strongly_positive
03-02-2025,169,8411,0.51789,86,63,0.5342,strongly_positive,strongly_positive
03-02-2025,371,34712,0.55064,126,78,0.51194,strongly_positive,strongly_positive
03-02-2025,320,31947,0.65659,122,93,0.5283,strongly_positive,strongly_positive
03-02-2025,97,5271,0.52602,39,53,0.52072,strongly_positive,strongly_positive
03-02-2025,62,3161,0.57519,35,73,0.58869,strongly_positive,strongly_positive
03-02-2025,30,851,0.63865,18,44,0.51289,strongly_positive,strongly_positive
03-02-2025,11,207,0.50257,8,38,0.52163,strongly_positive,strongly_positive
03-02-2025,3,13,0.60274,1,3,0.619,strongly_positive,strongly_positive
03-02-2025,28,1218,0.5253,9,34,0.495,strongly_positive,strongly_positive
03-02-2025,19,655,0.50067,8,36,0.49625,strongly_positive,strongly_positive
03-02-2025,20,489,0.45571,9,27,0.46822,strongly_positive,strongly_positive
03-02-2025,46,2095,0.53643,24,59,0.55167,strongly_positive,strongly_positive
03-02-2025,28,394,0.47933,22,35,0.4975,strongly_positive,strongly_positive
02-02-2025,14,83,0.59689,12,18,0.52783,strongly_positive,strongly_positive
02-02-2025,76,3594,0.47112,22,34,0.48136,strongly_positive,strongly_positive
02-02-2025,95,7531,0.49281,34,69,0.5115,strongly_positive,strongly_positive
02-02-2025,65,3589,0.53615,26,54,0.53619,strongly_positive,strongly_positive
02-02-2025,55,3148,0.6004,25,64,0.5402,strongly_positive,strongly_positive
02-02-2025,50,2114,0.62711,30,66,0.5144,strongly_positive,strongly_positive
02-02-2025,24,425,0.55072,17,36,0.57118,strongly_positive,strongly_positive
02-02-2025,24,473,0.58465,18,46,0.52522,strongly_positive,strongly_positive
02-02-2025,34,390,0.58249,11,9,0.55682,strongly_positive,strongly_positive
02-02-2025,39,892,0.68448,14,20,0.57279,strongly_positive,strongly_positive
02-02-2025,31,419,0.44317,14,15,0.45271,strongly_positive,strongly_positive
02-02-2025,13,140,0.51415,7,14,0.531,strongly_positive,strongly_positive
02-02-2025,23,494,0.59645,13,30,0.49823,strongly_positive,strongly_positive
02-02-2025,14,118,0.61237,12,26,0.55125,strongly_positive,strongly_positive
02-02-2025,48,1736,0.50153,14,26,0.50886,strongly_positive,strongly_positive
02-02-2025,53,781,0.48939,16,11,0.47338,strongly_positive,strongly_positive
02-02-2025,10,62,0.69946,6,10,0.56567,strongly_positive,strongly_positive
02-02-2025,9,51,0.59231,6,10,0.58783,strongly_positive,strongly_positive
02-02-2025,4,2,0.59031,3,1,0.524,strongly_positive,strongly_positive
02-02-2025,28,881,0.55446,9,25,0.525,strongly_positive,strongly_positive
02-02-2025,24,319,0.48549,8,11,0.50387,strongly_positive,strongly_positive
02-02-2025,9,104,0.57086,4,13,0.5855,strongly_positive,strongly_positive
02-02-2025,6,121,0.64435,3,24,0.60933,strongly_positive,strongly_positive
02-02-2025,12,75,0.60811,7,9,0.501,strongly_positive,strongly_positive
01-02-2025,10,61,0.53823,9,21,0.47878,strongly_positive,strongly_positive
01-02-2025,7,28,0.4035,7,21,0.41543,strongly_positive,strongly_positive
01-02-2025,23,551,0.52289,7,18,0.50129,strongly_positive,strongly_positive
01-02-2025,45,778,0.60351,17,16,0.536,strongly_positive,strongly_positive
01-02-2025,30,572,0.5543,13,20,0.56546,strongly_positive,strongly_positive
01-02-2025,28,253,0.47997,14,11,0.49607,strongly_positive,strongly_positive
01-02-2025,21,329,0.54558,14,28,0.54686,strongly_positive,strongly_positive
01-02-2025,15,174,0.51718,12,29,0.46725,strongly_positive,strongly_positive
01-02-2025,8,23,0.55416,7,9,0.57257,strongly_positive,strongly_positive
01-02-2025,23,194,0.58765,8,7,0.60925,strongly_positive,strongly_positive
01-02-2025,29,125,0.47591,11,4,0.48109,strongly_positive,strongly_positive
01-02-2025,12,110,0.58233,6,11,0.5585,strongly_positive,strongly_positive
01-02-2025,12,183,0.66105,7,22,0.55586,strongly_positive,strongly_positive
01-02-2025,12,115,0.53273,7,15,0.53814,strongly_positive,strongly_positive
01-02-2025,12,91,0.50044,11,41,0.51727,strongly_positive,strongly_positive
01-02-2025,13,192,0.51604,4,11,0.50125,strongly_positive,strongly_positive
01-02-2025,12,155,0.4893,4,10,0.50625,strongly_positive,strongly_positive
01-02-2025,5,58,0.58505,2,12,0.5925,strongly_positive,strongly_positive
01-02-2025,11,199,0.56027,5,20,0.5436,strongly_positive,strongly_positive
01-02-2025,23,829,0.67517,12,47,0.57775,strongly_positive,strongly_positive
01-02-2025,32,379,0.54415,11,10,0.56464,strongly_positive,strongly_positive
01-02-2025,17,78,0.69584,6,4,0.62033,strongly_positive,strongly_positive
01-02-2025,18,204,0.56636,9,14,0.53811,strongly_positive,strongly_positive
01-02-2025,19,187,0.55255,10,13,0.5734,strongly_positive,strongly_positive
31-01-2025,13,56,0.43016,8,7,0.432,strongly_positive,strongly_positive
31-01-2025,9,15,0.48549,9,13,0.50056,strongly_positive,strongly_positive
31-01-2025,48,1788,0.62314,14,27,0.51593,strongly_positive,strongly_positive
31-01-2025,61,3430,0.4952,20,45,0.5132,strongly_positive,strongly_positive
31-01-2025,52,2465,0.48111,21,47,0.49586,strongly_positive,strongly_positive
31-01-2025,41,2056,0.52939,19,57,0.50916,strongly_positive,strongly_positive
31-01-2025,47,1089,0.6007,25,31,0.50724,strongly_positive,strongly_positive
31-01-2025,122,6953,0.52637,88,120,0.5361,strongly_positive,strongly_positive
31-01-2025,232,10397,0.48208,201,154,0.49863,strongly_positive,strongly_positive
31-01-2025,215,5947,0.6213,201,146,0.52371,strongly_positive,strongly_positive
31-01-2025,0,0,0.5,0,0,0.5,strongly_positive,strongly_positive
31-01-2025,478,0,0.5533,174,0,0.50194,strongly_positive,strongly_positive
31-01-2025,423,34176,0.51109,174,81,0.51673,strongly_positive,strongly_positive
31-01-2025,363,29496,0.50646,193,108,0.52484,strongly_positive,strongly_positive
31-01-2025,344,19886,0.53099,213,94,0.53781,strongly_positive,strongly_positive
31-01-2025,178,17695,0.5534,117,178,0.55991,strongly_positive,strongly_positive
31-01-2025,375,78470,0.63567,110,153,0.53708,strongly_positive,strongly_positive
31-01-2025,159,15807,0.48016,52,80,0.49629,strongly_positive,strongly_positive
31-01-2025,53,1332,0.57282,18,21,0.52733,strongly_positive,strongly_positive
31-01-2025,17,448,0.57084,8,30,0.55613,strongly_positive,strongly_positive
31-01-2025,24,615,0.47716,12,31,0.49333,strongly_positive,strongly_positive
31-01-2025,18,261,0.47655,10,21,0.4858,strongly_positive,strongly_positive
31-01-2025,8,52,0.44934,7,23,0.46586,strongly_positive,strongly_positive
31-01-2025,11,46,0.56311,10,23,0.4841,strongly_positive,strongly_positive
31-01-2025,46,1992,0.52342,25,59,0.543,strongly_positive,strongly_positive
30-01-2025,47,1312,0.59829,27,41,0.53563,strongly_positive,strongly_positive
30-01-2025,61,2360,0.54619,41,72,0.55546,strongly_positive,strongly_positive
30-01-2025,191,26321,0.64072,57,102,0.53405,strongly_positive,strongly_positive
30-01-2025,187,18989,0.52962,58,78,0.53302,strongly_positive,strongly_positive
30-01-2025,343,53192,0.60085,119,132,0.54701,strongly_positive,strongly_positive
30-01-2025,505,93966,0.67261,221,199,0.55962,strongly_positive,strongly_positive
30-01-2025,487,47472,0.49535,244,121,0.51309,strongly_positive,strongly_positive
30-01-2025,239,19095,0.52646,139,119,0.53409,strongly_positive,strongly_positive
30-01-2025,176,9158,0.56837,140,137,0.54839,strongly_positive,strongly_positive
30-01-2025,92,857,0.65823,89,74,0.55847,strongly_positive,strongly_positive
30-01-2025,256,23146,0.5137,75,66,0.52079,strongly_positive,strongly_positive
30-01-2025,157,13904,0.50115,61,84,0.5187,strongly_positive,strongly_positive
30-01-2025,161,10146,0.52922,71,68,0.5169,strongly_positive,strongly_positive
30-01-2025,107,3694,0.54556,62,51,0.49692,strongly_positive,strongly_positive
30-01-2025,34,544,0.48363,23,30,0.488,strongly_positive,strongly_positive
30-01-2025,22,374,0.56666,16,36,0.55288,strongly_positive,strongly_positive
30-01-2025,39,1223,0.5118,12,24,0.51933,strongly_positive,strongly_positive
30-01-2025,26,860,0.50631,9,28,0.46856,strongly_positive,strongly_positive
30-01-2025,8,64,0.46867,3,7,0.486,strongly_positive,strongly_positive
30-01-2025,10,193,0.53121,5,24,0.5486,strongly_positive,strongly_positive
30-01-2025,26,1016,0.597,14,52,0.55171,strongly_positive,strongly_positive
30-01-2025,3,7,0.59086,2,4,0.5915,strongly_positive,strongly_positive
30-01-2025,9,6,0.55702,9,6,0.48189,strongly_positive,strongly_positive
30-01-2025,14,254,0.53965,4,13,0.551,strongly_positive,strongly_positive
29-01-2025,15,223,0.46538,6,14,0.48267,strongly_positive,strongly_positive
29-01-2025,34,1640,0.6508,14,48,0.56207,strongly_positive,strongly_positive
29-01-2025,30,683,0.54578,14,26,0.56157,strongly_positive,strongly_positive
29-01-2025,13,153,0.64354,4,9,0.6495,strongly_positive,strongly_positive
29-01-2025,67,1820,0.56443,22,22,0.573,strongly_positive,strongly_positive
29-01-2025,40,1021,0.50271,15,23,0.5206,strongly_positive,strongly_positive
29-01-2025,68,2468,0.51118,32,42,0.51553,strongly_positive,strongly_positive
29-01-2025,66,2125,0.58242,36,44,0.53236,strongly_positive,strongly_positive
29-01-2025,68,3023,0.51885,43,75,0.5226,strongly_positive,strongly_positive
29-01-2025,35,462,0.48406,31,50,0.5011,strongly_positive,strongly_positive
29-01-2025,154,8523,0.49067,46,41,0.49867,strongly_positive,strongly_positive
29-01-2025,97,2905,0.54918,30,23,0.55357,strongly_positive,strongly_positive
29-01-2025,161,12033,0.67783,67,76,0.57782,strongly_positive,strongly_positive
29-01-2025,143,7824,0.52977,68,64,0.54668,strongly_positive,strongly_positive
29-01-2025,124,4082,0.51579,78,55,0.53418,strongly_positive,strongly_positive
29-01-2025,59,2126,0.55999,44,81,0.54852,strongly_positive,strongly_positive
29-01-2025,38,630,0.51224,30,44,0.52877,strongly_positive,strongly_positive
29-01-2025,27,234,0.48605,9,7,0.48944,strongly_positive,strongly_positive
29-01-2025,30,299,0.55451,11,9,0.57527,strongly_positive,strongly_positive
29-01-2025,23,97,0.63799,9,4,0.55322,strongly_positive,strongly_positive
29-01-2025,7,20,0.45993,4,4,0.42725,strongly_positive,strongly_positive
29-01-2025,9,91,0.54872,5,15,0.5692,strongly_positive,strongly_positive
29-01-2025,3,3,0.65699,2,2,0.65,strongly_positive,strongly_positive
29-01-2025,0,0,0.5,0,0,0.5,strongly_positive,strongly_positive
29-01-2025,23,376,0.52653,7,12,0.53871,strongly_positive,strongly_positive
28-01-2025,29,683,0.77262,9,18,0.61978,strongly_positive,strongly_positive
28-01-2025,43,1436,0.6509,18,34,0.56567,strongly_positive,strongly_positive
28-01-2025,45,1132,0.54944,20,27,0.56185,strongly_positive,strongly_positive
28-01-2025,16,257,0.57934,8,20,0.5455,strongly_positive,strongly_positive
28-01-2025,19,75,0.55255,14,9,0.54736,strongly_positive,strongly_positive
28-01-2025,26,261,0.51218,21,27,0.52638,strongly_positive,strongly_positive
28-01-2025,16,18,0.5076,16,11,0.52188,strongly_positive,strongly_positive
28-01-2025,45,1424,0.51531,23,40,0.52217,strongly_positive,strongly_positive
28-01-2025,59,1238,0.52805,35,32,0.54714,strongly_positive,strongly_positive
28-01-2025,70,2425,0.54994,49,68,0.54,strongly_positive,strongly_positive
28-01-2025,50,204,0.59867,50,81,0.54938,strongly_positive,strongly_positive
28-01-2025,461,52420,0.53586,146,89,0.53859,strongly_positive,strongly_positive
28-01-2025,354,32625,0.55845,117,75,0.54779,strongly_positive,strongly_positive
28-01-2025,297,16248,0.53687,133,60,0.54656,strongly_positive,strongly_positive
28-01-2025,37,608,0.59244,19,21,0.55216,strongly_positive,strongly_positive
28-01-2025,26,563,0.64523,18,42,0.55261,strongly_positive,strongly_positive
28-01-2025,21,166,0.50121,17,23,0.51671,strongly_positive,strongly_positive
28-01-2025,19,124,0.59094,17,25,0.55,strongly_positive,strongly_positive
28-01-2025,23,349,0.49529,8,13,0.4865,strongly_positive,strongly_positive
28-01-2025,20,851,0.60845,8,41,0.53088,strongly_positive,strongly_positive
28-01-2025,45,1240,0.58276,19,28,0.59668,strongly_positive,strongly_positive
28-01-2025,10,104,0.50755,6,16,0.52667,strongly_positive,strongly_positive
28-01-2025,29,398,0.6235,18,23,0.54311,strongly_positive,strongly_positive
28-01-2025,31,356,0.56332,23,26,0.5783,strongly_positive,strongly_positive
27-01-2025,41,1051,0.68199,13,20,0.55092,strongly_positive,strongly_positive
27-01-2025,27,868,0.57623,9,26,0.57156,strongly_positive,strongly_positive
27-01-2025,36,688,0.54973,16,21,0.56325,strongly_positive,strongly_positive
27-01-2025,25,258,0.68637,12,12,0.55342,strongly_positive,strongly_positive
27-01-2025,20,552,0.53281,11,38,0.553,strongly_positive,strongly_positive
27-01-2025,25,297,0.51678,21,35,0.53019,strongly_positive,strongly_positive
27-01-2025,36,384,0.56225,32,42,0.53128,strongly_positive,strongly_positive
27-01-2025,104,5179,0.61254,31,37,0.5041,strongly_positive,strongly_positive
27-01-2025,175,16050,0.50435,65,83,0.51768,strongly_positive,strongly_positive
27-01-2025,269,26302,0.55521,113,100,0.57149,strongly_positive,strongly_positive
27-01-2025,253,26213,0.56997,121,122,0.54603,strongly_positive,strongly_positive
27-01-2025,178,9232,0.54418,118,94,0.54313,strongly_positive,strongly_positive
27-01-2025,117,3237,0.63656,92,71,0.57068,strongly_positive,strongly_positive
27-01-2025,39,429,0.50255,33,35,0.51839,strongly_positive,strongly_positive
27-01-2025,221,18630,0.54483,76,71,0.56521,strongly_positive,strongly_positive
27-01-2025,181,12868,0.53238,70,67,0.53617,strongly_positive,strongly_positive
27-01-2025,83,7270,0.55361,41,107,0.52771,strongly_positive,strongly_positive
27-01-2025,45,1479,0.65653,26,48,0.54712,strongly_positive,strongly_positive
27-01-2025,39,1180,0.55991,24,48,0.56346,strongly_positive,strongly_positive
27-01-2025,13,41,0.54587,12,19,0.56333,strongly_positive,strongly_positive
27-01-2025,23,395,0.55407,7,13,0.53514,strongly_positive,strongly_positive
27-01-2025,31,1569,0.44804,10,40,0.4641,strongly_positive,strongly_positive
27-01-2025,23,412,0.52875,10,19,0.5373,strongly_positive,strongly_positive
27-01-2025,52,1064,0.59047,24,23,0.56963,strongly_positive,strongly_positive
26-01-2025,45,1297,0.63162,24,38,0.53579,strongly_positive,strongly_positive
26-01-2025,23,327,0.62406,18,37,0.56917,strongly_positive,strongly_positive
26-01-2025,23,262,0.49039,20,37,0.50755,strongly_positive,strongly_positive
26-01-2025,58,1791,0.49718,20,26,0.51485,strongly_positive,strongly_positive
26-01-2025,42,1818,0.6169,15,38,0.5618,strongly_positive,strongly_positive
26-01-2025,32,1133,0.50173,13,35,0.50631,strongly_positive,strongly_positive
26-01-2025,16,185,0.63107,9,17,0.53656,strongly_positive,strongly_positive
26-01-2025,13,33,0.51608,8,4,0.52363,strongly_positive,strongly_positive
26-01-2025,14,140,0.57203,10,21,0.5293,strongly_positive,strongly_positive
26-01-2025,41,1081,0.63701,12,19,0.54067,strongly_positive,strongly_positive
26-01-2025,43,1407,0.50046,14,26,0.51686,strongly_positive,strongly_positive
26-01-2025,22,250,0.48945,8,10,0.5,strongly_positive,strongly_positive
26-01-2025,0,0,0.5,0,0,0.5,strongly_positive,strongly_positive
26-01-2025,9,72,0.57091,4,9,0.55775,strongly_positive,strongly_positive
26-01-2025,8,42,0.64252,4,7,0.55575,strongly_positive,strongly_positive
26-01-2025,12,59,0.38326,7,7,0.39129,strongly_positive,strongly_positive
26-01-2025,16,72,0.62852,6,4,0.56583,strongly_positive,strongly_positive
26-01-2025,7,127,0.52468,3,18,0.53233,strongly_positive,strongly_positive
26-01-2025,11,115,0.52712,6,14,0.54667,strongly_positive,strongly_positive
26-01-2025,2,0,0.59454,1,0,0.6,strongly_positive,strongly_positive
26-01-2025,3,2,0.3078,2,1,0.3125,strongly_positive,strongly_positive
26-01-2025,3,36,0.59708,1,8,0.5,strongly_positive,strongly_positive
26-01-2025,9,57,0.50757,3,5,0.52533,strongly_positive,strongly_positive
26-01-2025,12,145,0.56435,4,10,0.51575,strongly_positive,strongly_positive
26-01-2025,2,7,0.61931,1,4,0.6,strongly_positive,strongly_positive
25-01-2025,4,10,0.53756,2,3,0.5565,weakly_positive,weakly_positive
25-01-2025,12,107,0.52337,7,13,0.53186,weakly_positive,weakly_positive
25-01-2025,6,15,0.45972,5,9,0.4762,weakly_positive,weakly_positive
25-01-2025,1,0,0.60309,1,0,0.514,weakly_positive,weakly_positive
25-01-2025,19,320,0.55915,7,15,0.512,weakly_positive,weakly_positive
25-01-2025,8,26,0.53429,3,3,0.55333,weakly_positive,weakly_positive
25-01-2025,5,24,0.59118,2,5,0.579,weakly_positive,weakly_positive
25-01-2025,6,36,0.53609,4,10,0.54525,weakly_positive,weakly_positive
25-01-2025,21,286,0.50288,14,25,0.50643,weakly_positive,weakly_positive
25-01-2025,13,54,0.53209,10,11,0.552,weakly_positive,weakly_positive
25-01-2025,23,304,0.45214,7,10,0.45957,weakly_positive,weakly_positive
25-01-2025,26,744,0.51895,9,24,0.482,weakly_positive,weakly_positive
25-01-2025,13,236,0.67279,5,17,0.5406,weakly_positive,weakly_positive
25-01-2025,4,23,0.62897,2,7,0.649,weakly_positive,weakly_positive
25-01-2025,12,147,0.42799,7,18,0.43786,weakly_positive,weakly_positive
25-01-2025,8,5,0.71895,5,1,0.5766,weakly_positive,weakly_positive
25-01-2025,1,0,0.61918,1,3,0.538,weakly_positive,weakly_positive
25-01-2025,6,41,0.43804,2,5,0.45,weakly_positive,weakly_positive
25-01-2025,0,0,0.0,0,0,0.0,weakly_positive,weakly_positive
25-01-2025,4,21,0.45357,3,10,0.45933,weakly_positive,weakly_positive
25-01-2025,1,2,0.5153,1,4,0.5,weakly_positive,weakly_positive
25-01-2025,10,106,0.57886,3,8,0.58533,weakly_positive,weakly_positive
25-01-2025,11,52,0.50825,4,4,0.467,weakly_positive,weakly_positive
25-01-2025,19,214,0.47401,7,10,0.49114,weakly_positive,weakly_positive
24-01-2025,14,134,0.51686,7,12,0.53457,strongly_positive,strongly_positive
24-01-2025,7,26,0.58882,4,5,0.54025,strongly_positive,strongly_positive
24-01-2025,5,3,0.49742,3,1,0.5,strongly_positive,strongly_positive
24-01-2025,4,3,0.58758,4,11,0.504,strongly_positive,strongly_positive
24-01-2025,20,828,0.5303,6,30,0.53983,strongly_positive,strongly_positive
24-01-2025,36,754,0.46977,14,20,0.48686,strongly_positive,strongly_positive
24-01-2025,46,1054,0.62412,19,23,0.53442,strongly_positive,strongly_positive
24-01-2025,100,4241,0.50934,47,49,0.52511,strongly_positive,strongly_positive
24-01-2025,81,2527,0.5252,56,60,0.52736,strongly_positive,strongly_positive
24-01-2025,60,742,0.55951,44,27,0.54952,strongly_positive,strongly_positive
24-01-2025,81,1409,0.5567,72,65,0.48563,strongly_positive,strongly_positive
24-01-2025,201,8958,0.50944,66,36,0.51195,strongly_positive,strongly_positive
24-01-2025,171,10458,0.47735,63,55,0.49533,strongly_positive,strongly_positive
24-01-2025,363,22875,0.50886,151,64,0.50515,strongly_positive,strongly_positive
24-01-2025,111,3937,0.55517,60,48,0.51757,strongly_positive,strongly_positive
24-01-2025,27,405,0.67758,17,25,0.54724,strongly_positive,strongly_positive
24-01-2025,30,440,0.54997,20,27,0.54545,strongly_positive,strongly_positive
24-01-2025,20,165,0.54318,6,6,0.5565,strongly_positive,strongly_positive
24-01-2025,21,366,0.57174,7,14,0.54086,strongly_positive,strongly_positive
24-01-2025,14,238,0.64466,6,17,0.56267,strongly_positive,strongly_positive
24-01-2025,13,169,0.52193,6,15,0.5355,strongly_positive,strongly_positive
24-01-2025,8,52,0.6311,4,8,0.59625,strongly_positive,strongly_positive
24-01-2025,30,516,0.55978,10,14,0.5658,strongly_positive,strongly_positive
24-01-2025,37,325,0.49769,14,8,0.516,strongly_positive,strongly_positive
23-01-2025,18,95,0.55281,7,5,0.47529,strongly_positive,strongly_positive
23-01-2025,22,507,0.56447,12,32,0.52067,strongly_positive,strongly_positive
23-01-2025,15,190,0.58127,9,19,0.60256,strongly_positive,strongly_positive
23-01-2025,22,459,0.55934,15,40,0.55067,strongly_positive,strongly_positive
23-01-2025,0,0,0.5,0,0,0.5,strongly_positive,strongly_positive
23-01-2025,30,0,0.50739,9,0,0.51767,strongly_positive,strongly_positive
23-01-2025,48,2238,0.46707,15,36,0.46847,strongly_positive,strongly_positive
23-01-2025,45,1710,0.62396,19,39,0.53768,strongly_positive,strongly_positive
23-01-2025,38,1546,0.49959,17,44,0.50941,strongly_positive,strongly_positive
23-01-2025,128,8217,0.56571,65,81,0.52911,strongly_positive,strongly_positive
23-01-2025,181,7559,0.50616,137,97,0.49898,strongly_positive,strongly_positive
23-01-2025,101,1895,0.52562,82,52,0.54134,strongly_positive,strongly_positive
23-01-2025,149,872,0.50339,147,92,0.51635,strongly_positive,strongly_positive
23-01-2025,306,24645,0.51384,107,69,0.50604,strongly_positive,strongly_positive
23-01-2025,305,24129,0.60861,120,76,0.53329,strongly_positive,strongly_positive
23-01-2025,143,12676,0.55097,64,97,0.56463,strongly_positive,strongly_positive
23-01-2025,89,2714,0.5341,52,46,0.55431,strongly_positive,strongly_positive
23-01-2025,35,471,0.49029,24,26,0.48792,strongly_positive,strongly_positive
23-01-2025,26,355,0.55136,19,30,0.56532,strongly_positive,strongly_positive
23-01-2025,38,2703,0.63844,12,55,0.51825,strongly_positive,strongly_positive
23-01-2025,11,195,0.47846,4,15,0.4965,strongly_positive,strongly_positive
23-01-2025,20,277,0.57218,9,15,0.587,strongly_positive,strongly_positive
23-01-2025,14,144,0.63568,7,13,0.60343,strongly_positive,strongly_positive
23-01-2025,22,308,0.45739,12,19,0.47467,strongly_positive,strongly_positive
23-01-2025,11,55,0.57441,9,14,0.58856,strongly_positive,strongly_positive
22-01-2025,7,2,0.55521,7,10,0.57229,strongly_positive,strongly_positive
22-01-2025,44,1558,0.64302,13,26,0.53169,strongly_positive,strongly_positive
22-01-2025,18,197,0.50653,11,17,0.52536,strongly_positive,strongly_positive
22-01-2025,17,210,0.65477,11,21,0.56555,strongly_positive,strongly_positive
22-01-2025,42,1217,0.53828,32,67,0.55384,strongly_positive,strongly_positive
22-01-2025,81,3087,0.63987,26,30,0.512,strongly_positive,strongly_positive
22-01-2025,63,2463,0.54848,21,32,0.54143,strongly_positive,strongly_positive
22-01-2025,154,16787,0.53949,70,121,0.55127,strongly_positive,strongly_positive
22-01-2025,234,17112,0.5541,112,86,0.55452,strongly_positive,strongly_positive
22-01-2025,170,7812,0.52243,94,64,0.54224,strongly_positive,strongly_positive
22-01-2025,93,2561,0.50492,78,84,0.51922,strongly_positive,strongly_positive
22-01-2025,112,2599,0.54633,101,97,0.51284,strongly_positive,strongly_positive
22-01-2025,418,56370,0.65268,126,101,0.53217,strongly_positive,strongly_positive
22-01-2025,356,33581,0.5048,133,86,0.51932,strongly_positive,strongly_positive
22-01-2025,199,10620,0.47966,84,55,0.49264,strongly_positive,strongly_positive
22-01-2025,91,3371,0.60371,44,44,0.5748,strongly_positive,strongly_positive
22-01-2025,42,1079,0.62133,27,44,0.54685,strongly_positive,strongly_positive
22-01-2025,17,305,0.4916,13,42,0.50308,strongly_positive,strongly_positive
22-01-2025,25,420,0.54379,20,47,0.5171,strongly_positive,strongly_positive
22-01-2025,30,991,0.5738,10,27,0.5724,strongly_positive,strongly_positive
22-01-2025,27,946,0.64811,10,32,0.5805,strongly_positive,strongly_positive
22-01-2025,27,825,0.75514,13,36,0.61608,strongly_positive,strongly_positive
22-01-2025,56,2201,0.53523,31,55,0.55529,strongly_positive,strongly_positive
22-01-2025,41,732,0.63659,24,27,0.56929,strongly_positive,strongly_positive
21-01-2025,25,98,0.56277,23,17,0.53604,strongly_positive,strongly_positive
21-01-2025,79,4222,0.68002,24,40,0.56608,strongly_positive,strongly_positive
21-01-2025,57,3231,0.52293,18,44,0.526,strongly_positive,strongly_positive
21-01-2025,54,2615,0.48123,23,50,0.49652,strongly_positive,strongly_positive
21-01-2025,119,5131,0.64889,53,47,0.53919,strongly_positive,strongly_positive
21-01-2025,82,2646,0.51461,42,41,0.53312,strongly_positive,strongly_positive
21-01-2025,118,13575,0.54961,40,96,0.54448,strongly_positive,strongly_positive
21-01-2025,275,39141,0.49766,98,124,0.51144,strongly_positive,strongly_positive
21-01-2025,194,18162,0.665,95,113,0.53485,strongly_positive,strongly_positive
21-01-2025,222,21569,0.53199,115,125,0.52652,strongly_positive,strongly_positive
21-01-2025,270,29786,0.59446,162,172,0.52522,strongly_positive,strongly_positive
21-01-2025,241,6728,0.55683,225,146,0.52526,strongly_positive,strongly_positive
21-01-2025,751,124281,0.48532,216,119,0.50373,strongly_positive,strongly_positive
21-01-2025,697,89025,0.50713,223,101,0.50693,strongly_positive,strongly_positive
21-01-2025,210,22207,0.58291,84,103,0.54914,strongly_positive,strongly_positive
21-01-2025,130,7832,0.62971,59,67,0.51602,strongly_positive,strongly_positive
21-01-2025,90,0,0.48206,47,0,0.5,strongly_positive,strongly_positive
21-01-2025,0,0,0.5,0,0,0.5,strongly_positive,strongly_positive
21-01-2025,31,325,0.48062,22,21,0.49423,strongly_positive,strongly_positive
21-01-2025,17,281,0.54911,14,51,0.52457,strongly_positive,strongly_positive
21-01-2025,9,40,0.47213,8,19,0.48975,strongly_positive,strongly_positive
21-01-2025,22,1042,0.54889,8,41,0.56088,strongly_positive,strongly_positive
21-01-2025,17,244,0.58964,7,14,0.60886,strongly_positive,strongly_positive
21-01-2025,25,620,0.51714,13,32,0.51708,strongly_positive,strongly_positive
21-01-2025,25,319,0.56561,15,20,0.50873,strongly_positive,strongly_positive
20-01-2025,36,523,0.52131,23,25,0.53813,strongly_positive,strongly_positive
20-01-2025,49,890,0.48807,14,13,0.50621,strongly_positive,strongly_positive
20-01-2025,90,3301,0.47198,29,29,0.4761,strongly_positive,strongly_positive
20-01-2025,72,2189,0.50296,24,25,0.51083,strongly_positive,strongly_positive
20-01-2025,18,211,0.63209,8,13,0.52875,strongly_positive,strongly_positive
20-01-2025,23,546,0.53348,11,28,0.53773,strongly_positive,strongly_positive
20-01-2025,20,613,0.52539,11,43,0.47973,strongly_positive,strongly_positive
20-01-2025,12,137,0.52481,10,36,0.5081,strongly_positive,strongly_positive
20-01-2025,13,157,0.5292,12,53,0.54792,strongly_positive,strongly_positive
20-01-2025,21,381,0.49566,11,24,0.49227,strongly_positive,strongly_positive
20-01-2025,34,1864,0.53954,19,78,0.55379,strongly_positive,strongly_positive
20-01-2025,21,459,0.504,14,39,0.51879,strongly_positive,strongly_positive
20-01-2025,41,1698,0.52152,12,30,0.54125,strongly_positive,strongly_positive
20-01-2025,39,467,0.61953,12,9,0.54975,strongly_positive,strongly_positive
20-01-2025,12,132,0.57425,4,9,0.586,strongly_positive,strongly_positive
20-01-2025,19,731,0.44743,8,40,0.46438,strongly_positive,strongly_positive
20-01-2025,10,17,0.53619,5,2,0.5372,strongly_positive,strongly_positive
20-01-2025,11,84,0.56828,6,11,0.513,strongly_positive,strongly_positive
20-01-2025,1,0,0.60713,1,0,0.5,strongly_positive,strongly_positive
20-01-2025,3,2,0.48802,3,4,0.506,strongly_positive,strongly_positive
20-01-2025,0,0,0.0,0,0,0.0,strongly_positive,strongly_positive
20-01-2025,8,26,0.67435,3,3,0.64633,strongly_positive,strongly_positive
20-01-2025,9,129,0.5562,4,15,0.46725,strongly_positive,strongly_positive
20-01-2025,5,14,0.58024,3,4,0.592,strongly_positive,strongly_positive
19-01-2025,11,141,0.59854,7,23,0.61857,weakly_positive,weakly_positive
19-01-2025,11,60,0.6204,8,11,0.52025,weakly_positive,weakly_positive
19-01-2025,13,175,0.62142,4,10,0.56125,weakly_positive,weakly_positive
19-01-2025,32,1766,0.52224,11,46,0.52909,weakly_positive,weakly_positive
19-01-2025,34,1133,0.65504,12,29,0.63517,weakly_positive,weakly_positive
19-01-2025,8,153,0.3913,4,23,0.3955,weakly_positive,weakly_positive
19-01-2025,6,9,0.5596,3,2,0.56733,weakly_positive,weakly_positive
19-01-2025,10,13,0.48085,6,2,0.49817,weakly_positive,weakly_positive
19-01-2025,4,3,0.41835,4,4,0.43275,weakly_positive,weakly_positive
19-01-2025,21,887,0.46125,6,30,0.42283,weakly_positive,weakly_positive
19-01-2025,13,28,0.5433,5,2,0.5276,weakly_positive,weakly_positive
19-01-2025,10,62,0.5765,4,6,0.5965,weakly_positive,weakly_positive
19-01-2025,4,18,0.57145,2,5,0.5815,weakly_positive,weakly_positive
19-01-2025,39,1531,0.5244,12,30,0.46808,weakly_positive,weakly_positive
19-01-2025,46,983,0.42499,15,17,0.43793,weakly_positive,weakly_positive
19-01-2025,11,50,0.44997,4,4,0.4325,weakly_positive,weakly_positive
19-01-2025,9,24,0.71702,4,3,0.639,weakly_positive,weakly_positive
19-01-2025,0,0,0.0,0,0,0.0,weakly_positive,weakly_positive
19-01-2025,3,9,0.45109,2,5,0.4665,weakly_positive,weakly_positive
19-01-2025,1,0,0.43322,1,0,0.435,weakly_positive,weakly_positive
19-01-2025,7,0,0.33152,2,0,0.3005,weakly_positive,weakly_positive
19-01-2025,0,0,0.0,0,0,0.0,weakly_positive,weakly_positive
19-01-2025,10,173,0.59148,4,17,0.613,weakly_positive,weakly_positive
19-01-2025,6,16,0.47903,3,3,0.485,weakly_positive,weakly_positive
18-01-2025,8,25,0.56409,5,5,0.5424,weakly_positive,weakly_positive
18-01-2025,6,25,0.74546,4,9,0.62925,weakly_positive,weakly_positive
18-01-2025,8,16,0.57722,6,5,0.584,weakly_positive,weakly_positive
18-01-2025,9,35,0.50439,3,3,0.52167,weakly_positive,weakly_positive
18-01-2025,5,0,0.68505,2,0,0.667,weakly_positive,weakly_positive
18-01-2025,18,331,0.48837,7,17,0.505,weakly_positive,weakly_positive
18-01-2025,11,116,0.52216,6,14,0.528,weakly_positive,weakly_positive
18-01-2025,4,0,0.55573,2,0,0.5405,weakly_positive,weakly_positive
18-01-2025,11,61,0.68676,7,10,0.58986,weakly_positive,weakly_positive
18-01-2025,20,55,0.47489,6,2,0.43767,weakly_positive,weakly_positive
18-01-2025,16,172,0.48586,5,8,0.5036,weakly_positive,weakly_positive
18-01-2025,0,0,0.5,0,0,0.5,weakly_positive,weakly_positive
18-01-2025,15,0,0.48372,6,0,0.5,weakly_positive,weakly_positive
18-01-2025,2,4,0.5433,1,2,0.5,weakly_positive,weakly_positive
18-01-2025,10,149,0.49886,5,18,0.5006,weakly_positive,weakly_positive
18-01-2025,7,65,0.55526,5,20,0.478,weakly_positive,weakly_positive
18-01-2025,6,45,0.42304,5,19,0.4312,weakly_positive,weakly_positive
18-01-2025,0,0,0.0,0,0,0.0,weakly_positive,weakly_positive
18-01-2025,0,0,0.0,0,0,0.0,weakly_positive,weakly_positive
18-01-2025,0,0,0.0,0,0,0.0,weakly_positive,weakly_positive
18-01-2025,6,32,0.51437,4,10,0.436,weakly_positive,weakly_positive
18-01-2025,8,10,0.44305,8,9,0.45063,weakly_positive,weakly_positive
18-01-2025,32,586,0.47551,10,14,0.4921,weakly_positive,weakly_positive
18-01-2025,9,12,0.59091,3,1,0.5,weakly_positive,weakly_positive
18-01-2025,14,118,0.61256,6,9,0.5575,weakly_positive,weakly_positive
17-01-2025,6,24,0.49565,3,5,0.50033,strongly_positive,strongly_positive
17-01-2025,6,29,0.49355,4,9,0.51125,strongly_positive,strongly_positive
17-01-2025,9,37,0.51688,7,11,0.52429,strongly_positive,strongly_positive
17-01-2025,1,1,0.51971,1,2,0.525,strongly_positive,strongly_positive
17-01-2025,23,191,0.63596,8,7,0.53938,strongly_positive,strongly_positive
17-01-2025,26,467,0.49307,10,17,0.5093,strongly_positive,strongly_positive
17-01-2025,22,377,0.57058,9,17,0.52689,strongly_positive,strongly_positive
17-01-2025,60,1536,0.56599,35,38,0.55269,strongly_positive,strongly_positive
17-01-2025,84,1925,0.52916,52,37,0.54675,strongly_positive,strongly_positive
17-01-2025,44,454,0.49092,32,22,0.50109,strongly_positive,strongly_positive
17-01-2025,122,5536,0.4575,38,35,0.47447,strongly_positive,strongly_positive
17-01-2025,295,19475,0.5795,96,53,0.50003,strongly_positive,strongly_positive
17-01-2025,161,7030,0.59098,71,47,0.54676,strongly_positive,strongly_positive
17-01-2025,261,18576,0.47984,121,81,0.49757,strongly_positive,strongly_positive
17-01-2025,127,10348,0.53999,68,109,0.53274,strongly_positive,strongly_positive
17-01-2025,41,926,0.55904,33,61,0.57106,strongly_positive,strongly_positive
17-01-2025,39,409,0.51435,34,36,0.515,strongly_positive,strongly_positive
17-01-2025,34,514,0.50024,10,11,0.5192,strongly_positive,strongly_positive
17-01-2025,27,612,0.4878,10,20,0.498,strongly_positive,strongly_positive
17-01-2025,19,707,0.57346,8,37,0.53788,strongly_positive,strongly_positive
17-01-2025,19,614,0.57612,9,37,0.46922,strongly_positive,strongly_positive
17-01-2025,37,1717,0.51937,11,34,0.50236,strongly_positive,strongly_positive
17-01-2025,54,3595,0.612,18,54,0.52122,strongly_positive,strongly_positive
17-01-2025,43,1222,0.50627,15,24,0.514,strongly_positive,strongly_positive
16-01-2025,68,2167,0.53852,32,37,0.55766,strongly_positive,strongly_positive
16-01-2025,59,817,0.53874,32,19,0.52741,strongly_positive,strongly_positive
16-01-2025,45,896,0.57087,33,44,0.52164,strongly_positive,strongly_positive
16-01-2025,40,197,0.49325,36,19,0.49689,strongly_positive,strongly_positive
16-01-2025,45,257,0.55513,43,41,0.54288,strongly_positive,strongly_positive
16-01-2025,165,10416,0.50913,61,57,0.51736,strongly_positive,strongly_positive
16-01-2025,203,16518,0.57898,85,83,0.53744,strongly_positive,strongly_positive
16-01-2025,282,23090,0.48057,124,88,0.49848,strongly_positive,strongly_positive
16-01-2025,215,12031,0.50831,136,94,0.52457,strongly_positive,strongly_positive
16-01-2025,230,13364,0.55269,155,108,0.51232,strongly_positive,strongly_positive
16-01-2025,214,10297,0.64202,172,129,0.51449,strongly_positive,strongly_positive
16-01-2025,584,87916,0.60968,194,123,0.52937,strongly_positive,strongly_positive
16-01-2025,556,65327,0.50436,193,100,0.5156,strongly_positive,strongly_positive
16-01-2025,91,1092,0.42366,43,14,0.43951,strongly_positive,strongly_positive
16-01-2025,28,475,0.65395,14,21,0.56686,strongly_positive,strongly_positive
16-01-2025,26,611,0.48944,15,35,0.50313,strongly_positive,strongly_positive
16-01-2025,18,100,0.63303,16,22,0.50856,strongly_positive,strongly_positive
16-01-2025,7,7,0.55877,7,8,0.55271,strongly_positive,strongly_positive
16-01-2025,16,253,0.60226,5,12,0.5316,strongly_positive,strongly_positive
16-01-2025,18,96,0.62391,7,5,0.50029,strongly_positive,strongly_positive
16-01-2025,2,2,0.48173,1,1,0.5,strongly_positive,strongly_positive
16-01-2025,14,246,0.55807,7,22,0.55757,strongly_positive,strongly_positive
16-01-2025,6,51,0.55852,4,16,0.52575,strongly_positive,strongly_positive
16-01-2025,7,23,0.65014,6,9,0.53217,strongly_positive,strongly_positive
15-01-2025,6,24,0.61569,5,14,0.6146,strongly_positive,strongly_positive
15-01-2025,17,215,0.53159,6,11,0.54467,strongly_positive,strongly_positive
15-01-2025,15,306,0.5174,6,20,0.53333,strongly_positive,strongly_positive
15-01-2025,21,370,0.60215,11,23,0.59945,strongly_positive,strongly_positive
15-01-2025,15,0,0.56027,9,0,0.5,strongly_positive,strongly_positive
15-01-2025,0,0,0.5,0,0,0.5,strongly_positive,strongly_positive
15-01-2025,17,243,0.52275,11,25,0.53864,strongly_positive,strongly_positive
15-01-2025,24,772,0.49093,7,23,0.50943,strongly_positive,strongly_positive
15-01-2025,46,1334,0.51385,15,23,0.51633,strongly_positive,strongly_positive
15-01-2025,65,2593,0.51415,22,33,0.52386,strongly_positive,strongly_positive
15-01-2025,35,778,0.59518,16,25,0.49338,strongly_positive,strongly_positive
15-01-2025,35,910,0.51007,17,31,0.51212,strongly_positive,strongly_positive
15-01-2025,55,1550,0.56028,31,40,0.50777,strongly_positive,strongly_positive
15-01-2025,26,183,0.6197,22,23,0.5965,strongly_positive,strongly_positive
15-01-2025,57,470,0.52941,53,39,0.54868,strongly_positive,strongly_positive
15-01-2025,139,5833,0.51579,50,37,0.5251,strongly_positive,strongly_positive
15-01-2025,34,482,0.60607,13,13,0.58269,strongly_positive,strongly_positive
15-01-2025,16,62,0.61904,7,4,0.52243,strongly_positive,strongly_positive
15-01-2025,3,6,0.54896,2,3,0.4985,strongly_positive,strongly_positive
15-01-2025,3,5,0.5405,2,3,0.559,strongly_positive,strongly_positive
15-01-2025,1,1,0.55263,1,3,0.538,strongly_positive,strongly_positive
15-01-2025,10,41,0.68158,3,3,0.618,strongly_positive,strongly_positive
15-01-2025,12,206,0.50061,4,14,0.50625,strongly_positive,strongly_positive
15-01-2025,21,182,0.51355,8,8,0.53238,strongly_positive,strongly_positive
15-01-2025,14,12,0.60481,7,1,0.61243,strongly_positive,strongly_positive
14-01-2025,7,49,0.53474,4,10,0.49275,strongly_positive,strongly_positive
14-01-2025,22,327,0.48559,13,23,0.50331,strongly_positive,strongly_positive
14-01-2025,8,16,0.4808,7,10,0.497,strongly_positive,strongly_positive
14-01-2025,16,21,0.48695,5,1,0.4966,strongly_positive,strongly_positive
14-01-2025,9,124,0.49651,5,20,0.508,strongly_positive,strongly_positive
14-01-2025,23,328,0.53382,15,26,0.5508,strongly_positive,strongly_positive
14-01-2025,17,199,0.66764,12,24,0.55483,strongly_positive,strongly_positive
14-01-2025,84,3310,0.56524,26,30,0.50658,strongly_positive,strongly_positive
14-01-2025,84,2990,0.48386,29,30,0.49186,strongly_positive,strongly_positive
14-01-2025,92,3974,0.57927,33,38,0.55848,strongly_positive,strongly_positive
14-01-2025,83,2572,0.54817,41,38,0.55198,strongly_positive,strongly_positive
14-01-2025,112,3679,0.52354,59,43,0.53253,strongly_positive,strongly_positive
14-01-2025,102,2047,0.4965,62,32,0.51381,strongly_positive,strongly_positive
14-01-2025,61,390,0.49835,58,41,0.51612,strongly_positive,strongly_positive
14-01-2025,86,2616,0.66627,25,22,0.60628,strongly_positive,strongly_positive
14-01-2025,34,871,0.51957,13,24,0.50169,strongly_positive,strongly_positive
14-01-2025,27,688,0.48163,11,25,0.49891,strongly_positive,strongly_positive
14-01-2025,13,243,0.53816,6,21,0.54583,strongly_positive,strongly_positive
14-01-2025,7,38,0.52048,5,10,0.5388,strongly_positive,strongly_positive
14-01-2025,1,0,0.6781,1,0,0.575,strongly_positive,strongly_positive
14-01-2025,2,3,0.64427,2,5,0.6655,strongly_positive,strongly_positive
14-01-2025,6,47,0.58264,2,6,0.603,strongly_positive,strongly_positive
14-01-2025,6,49,0.46191,2,7,0.451,strongly_positive,strongly_positive
14-01-2025,15,304,0.65343,6,20,0.56467,strongly_positive,strongly_positive
13-01-2025,9,41,0.43714,5,6,0.4412,strongly_positive,strongly_positive
13-01-2025,7,74,0.46863,4,17,0.486,strongly_positive,strongly_positive
13-01-2025,9,56,0.62614,6,11,0.54017,strongly_positive,strongly_positive
13-01-2025,38,527,0.59153,11,10,0.54718,strongly_positive,strongly_positive
13-01-2025,55,3104,0.5128,18,45,0.51306,strongly_positive,strongly_positive
13-01-2025,57,1327,0.54506,23,23,0.56296,strongly_positive,strongly_positive
13-01-2025,30,610,0.53413,14,23,0.54557,strongly_positive,strongly_positive
13-01-2025,68,1698,0.54581,33,30,0.54655,strongly_positive,strongly_positive
13-01-2025,86,3420,0.52786,28,32,0.54514,strongly_positive,strongly_positive
13-01-2025,109,3160,0.55842,40,26,0.54068,strongly_positive,strongly_positive
13-01-2025,81,2332,0.53094,31,27,0.54971,strongly_positive,strongly_positive
13-01-2025,50,1632,0.518,27,44,0.52563,strongly_positive,strongly_positive
13-01-2025,67,1246,0.5638,38,27,0.54526,strongly_positive,strongly_positive
13-01-2025,28,275,0.55,19,18,0.46832,strongly_positive,strongly_positive
13-01-2025,105,1714,0.57264,31,12,0.52394,strongly_positive,strongly_positive
13-01-2025,39,668,0.46941,12,13,0.48608,strongly_positive,strongly_positive
13-01-2025,58,1384,0.52285,24,24,0.54117,strongly_positive,strongly_positive
13-01-2025,7,80,0.49401,3,12,0.45133,strongly_positive,strongly_positive
13-01-2025,0,0,0.5,0,0,0.5,strongly_positive,strongly_positive
13-01-2025,14,149,0.4953,7,13,0.499,strongly_positive,strongly_positive
13-01-2025,4,5,0.62804,3,3,0.536,strongly_positive,strongly_positive
13-01-2025,5,27,0.57845,4,14,0.58775,strongly_positive,strongly_positive
13-01-2025,8,20,0.56634,8,17,0.52563,strongly_positive,strongly_positive
13-01-2025,12,305,0.62091,4,21,0.529,strongly_positive,strongly_positive
13-01-2025,18,251,0.45444,7,13,0.469,strongly_positive,strongly_positive
12-01-2025,11,31,0.66114,5,3,0.6762,weakly_positive,weakly_positive
12-01-2025,10,41,0.5428,6,6,0.5315,weakly_positive,weakly_positive
12-01-2025,12,65,0.66596,8,10,0.57813,weakly_positive,weakly_positive
12-01-2025,13,69,0.51772,9,11,0.52922,weakly_positive,weakly_positive
12-01-2025,26,240,0.48354,8,7,0.50163,weakly_positive,weakly_positive
12-01-2025,23,575,0.51251,8,21,0.50738,weakly_positive,weakly_positive
12-01-2025,2,6,0.86157,1,3,0.8,weakly_positive,weakly_positive
12-01-2025,6,108,0.67894,3,22,0.54533,weakly_positive,weakly_positive
12-01-2025,19,260,0.53486,10,18,0.529,weakly_positive,weakly_positive
12-01-2025,5,6,0.56087,4,3,0.57375,weakly_positive,weakly_positive
12-01-2025,5,13,0.61544,5,19,0.58,weakly_positive,weakly_positive
12-01-2025,31,215,0.56822,9,5,0.58978,weakly_positive,weakly_positive
12-01-2025,14,103,0.50931,8,11,0.49463,weakly_positive,weakly_positive
12-01-2025,6,33,0.51538,4,9,0.53325,weakly_positive,weakly_positive
12-01-2025,5,7,0.57462,4,3,0.58475,weakly_positive,weakly_positive
12-01-2025,13,137,0.52592,4,8,0.545,weakly_positive,weakly_positive
12-01-2025,24,150,0.58855,8,5,0.5035,weakly_positive,weakly_positive
12-01-2025,0,0,0.0,0,0,0.0,weakly_positive,weakly_positive
12-01-2025,9,16,0.38341,4,2,0.39725,weakly_positive,weakly_positive
12-01-2025,4,3,0.60259,2,1,0.5915,weakly_positive,weakly_positive
12-01-2025,2,9,0.49093,2,13,0.5,weakly_positive,weakly_positive
12-01-2025,0,0,0.0,0,0,0.0,weakly_positive,weakly_positive
12-01-2025,7,89,0.43657,2,9,0.453,weakly_positive,weakly_positive
12-01-2025,11,150,0.44285,4,12,0.45075,weakly_positive,weakly_positive
11-01-2025,14,182,0.50111,6,13,0.46683,strongly_positive,strongly_positive
11-01-2025,6,21,0.7321,3,4,0.59067,strongly_positive,strongly_positive
11-01-2025,8,24,0.52122,5,5,0.5374,strongly_positive,strongly_positive
11-01-2025,9,45,0.52234,7,11,0.535,strongly_positive,strongly_positive
11-01-2025,8,6,0.66456,6,2,0.53517,strongly_positive,strongly_positive
11-01-2025,9,0,0.61351,3,0,0.535,strongly_positive,strongly_positive
11-01-2025,5,0,0.57344,2,0,0.5885,strongly_positive,strongly_positive
11-01-2025,6,69,0.50274,3,13,0.52167,strongly_positive,strongly_positive
11-01-2025,13,153,0.52392,7,16,0.52,strongly_positive,strongly_positive
11-01-2025,14,115,0.51997,8,12,0.53388,strongly_positive,strongly_positive
11-01-2025,3,2,0.69282,3,2,0.55933,strongly_positive,strongly_positive
11-01-2025,27,480,0.50693,8,13,0.52612,strongly_positive,strongly_positive
11-01-2025,16,318,0.55621,5,15,0.493,strongly_positive,strongly_positive
11-01-2025,10,170,0.51679,4,17,0.48875,strongly_positive,strongly_positive
11-01-2025,0,0,0.0,0,0,0.0,strongly_positive,strongly_positive
11-01-2025,8,46,0.53056,4,7,0.53125,strongly_positive,strongly_positive
11-01-2025,6,15,0.46461,2,2,0.4,strongly_positive,strongly_positive
11-01-2025,3,0,0.49052,1,0,0.5,strongly_positive,strongly_positive
11-01-2025,4,7,0.53292,2,2,0.5525,strongly_positive,strongly_positive
11-01-2025,2,0,0.58175,1,0,0.5,strongly_positive,strongly_positive
11-01-2025,3,4,0.60381,2,2,0.622,strongly_positive,strongly_positive
11-01-2025,7,10,0.53441,6,6,0.53567,strongly_positive,strongly_positive
11-01-2025,2,0,0.52728,2,1,0.519,strongly_positive,strongly_positive
11-01-2025,13,68,0.65022,4,4,0.56925,strongly_positive,strongly_positive
10-01-2025,23,24,0.44814,9,1,0.44956,strongly_positive,strongly_positive
10-01-2025,9,8,0.53141,4,1,0.5515,strongly_positive,strongly_positive
10-01-2025,10,32,0.54088,5,4,0.538,strongly_positive,strongly_positive
10-01-2025,9,24,0.57859,6,5,0.541,strongly_positive,strongly_positive
10-01-2025,5,12,0.6437,4,7,0.522,strongly_positive,strongly_positive
10-01-2025,8,7,0.53705,7,3,0.53371,strongly_positive,strongly_positive
10-01-2025,31,254,0.47695,11,7,0.48918,strongly_positive,strongly_positive
10-01-2025,58,1328,0.56164,23,22,0.53278,strongly_positive,strongly_positive
10-01-2025,61,1164,0.55248,31,24,0.48394,strongly_positive,strongly_positive
10-01-2025,48,317,0.54716,28,10,0.56079,strongly_positive,strongly_positive
10-01-2025,74,1969,0.53197,46,44,0.504,strongly_positive,strongly_positive
10-01-2025,122,1035,0.52797,120,109,0.52532,strongly_positive,strongly_positive
10-01-2025,295,12480,0.57175,93,33,0.50977,strongly_positive,strongly_positive
10-01-2025,0,0,0.5,0,0,0.5,strongly_positive,strongly_positive
10-01-2025,182,0,0.48536,60,0,0.5,strongly_positive,strongly_positive
10-01-2025,51,1170,0.48501,23,25,0.5033,strongly_positive,strongly_positive
10-01-2025,19,198,0.62996,9,12,0.56078,strongly_positive,strongly_positive
10-01-2025,18,265,0.5349,10,20,0.5452,strongly_positive,strongly_positive
10-01-2025,6,21,0.66444,5,10,0.5502,strongly_positive,strongly_positive
10-01-2025,6,10,0.58633,5,6,0.5884,strongly_positive,strongly_positive
10-01-2025,2,6,0.66135,1,4,0.572,strongly_positive,strongly_positive
10-01-2025,0,0,0.0,0,0,0.0,strongly_positive,strongly_positive
10-01-2025,13,258,0.51798,8,34,0.48588,strongly_positive,strongly_positive
10-01-2025,38,3196,0.52682,11,60,0.52045,strongly_positive,strongly_positive
10-01-2025,17,70,0.53062,5,3,0.546,strongly_positive,strongly_positive
09-01-2025,18,288,0.52363,6,13,0.53767,strongly_positive,strongly_positive
09-01-2025,24,541,0.5206,10,23,0.5138,strongly_positive,strongly_positive
09-01-2025,13,78,0.58641,6,7,0.51567,strongly_positive,strongly_positive
09-01-2025,4,29,0.53241,2,10,0.545,strongly_positive,strongly_positive
09-01-2025,11,24,0.42887,8,5,0.44513,strongly_positive,strongly_positive
09-01-2025,4,9,0.48892,4,10,0.4875,strongly_positive,strongly_positive
09-01-2025,2,1,0.43303,2,7,0.4435,strongly_positive,strongly_positive
09-01-2025,5,17,0.62083,2,3,0.506,strongly_positive,strongly_positive
09-01-2025,7,110,0.62263,3,16,0.646,strongly_positive,strongly_positive
09-01-2025,4,20,0.51949,2,7,0.5335,strongly_positive,strongly_positive
09-01-2025,11,293,0.48326,7,46,0.46,strongly_positive,strongly_positive
09-01-2025,15,86,0.50038,10,11,0.5192,strongly_positive,strongly_positive
09-01-2025,33,401,0.51667,10,9,0.5288,strongly_positive,strongly_positive
09-01-2025,24,352,0.554,8,12,0.5715,strongly_positive,strongly_positive
09-01-2025,6,58,0.66796,2,8,0.5545,strongly_positive,strongly_positive
09-01-2025,15,280,0.65703,7,22,0.58829,strongly_positive,strongly_positive
09-01-2025,6,43,0.54467,3,9,0.56167,strongly_positive,strongly_positive
09-01-2025,3,0,0.42193,2,0,0.4065,strongly_positive,strongly_positive
09-01-2025,8,11,0.53709,7,6,0.54057,strongly_positive,strongly_positive
09-01-2025,2,1,0.54542,2,5,0.555,strongly_positive,strongly_positive
09-01-2025,5,0,0.66095,2,0,0.55,strongly_positive,strongly_positive
09-01-2025,8,59,0.60323,3,7,0.60667,strongly_positive,strongly_positive
09-01-2025,0,0,0.0,0,0,0.0,strongly_positive,strongly_positive
09-01-2025,3,17,0.50714,1,4,0.521,strongly_positive,strongly_positive
08-01-2025,31,675,0.50223,10,17,0.4728,strongly_positive,strongly_positive
08-01-2025,17,197,0.72865,6,10,0.5965,strongly_positive,strongly_positive
08-01-2025,15,55,0.58822,7,4,0.60457,strongly_positive,strongly_positive
08-01-2025,21,440,0.50386,11,27,0.518,strongly_positive,strongly_positive
08-01-2025,13,91,0.53317,8,11,0.509,strongly_positive,strongly_positive
08-01-2025,6,8,0.69676,5,4,0.6154,strongly_positive,strongly_positive
08-01-2025,35,343,0.52526,10,7,0.5369,strongly_positive,strongly_positive
08-01-2025,53,1356,0.59806,16,19,0.57025,strongly_positive,strongly_positive
08-01-2025,42,733,0.55685,17,17,0.55653,strongly_positive,strongly_positive
08-01-2025,42,829,0.57516,19,22,0.51689,strongly_positive,strongly_positive
08-01-2025,38,954,0.69124,23,39,0.56622,strongly_positive,strongly_positive
08-01-2025,44,590,0.52472,31,27,0.54426,strongly_positive,strongly_positive
08-01-2025,52,878,0.60609,39,39,0.54385,strongly_positive,strongly_positive
08-01-2025,160,7713,0.54633,51,38,0.52178,strongly_positive,strongly_positive
08-01-2025,75,1458,0.66323,27,17,0.55426,strongly_positive,strongly_positive
08-01-2025,27,623,0.58161,10,21,0.586,strongly_positive,strongly_positive
08-01-2025,12,139,0.54768,6,15,0.5655,strongly_positive,strongly_positive
08-01-2025,5,47,0.53024,3,13,0.44233,strongly_positive,strongly_positive
08-01-2025,3,5,0.51473,2,3,0.533,strongly_positive,strongly_positive
08-01-2025,21,148,0.49288,6,5,0.50033,strongly_positive,strongly_positive
08-01-2025,7,98,0.49924,2,10,0.4825,strongly_positive,strongly_positive
08-01-2025,20,103,0.45399,8,5,0.45788,strongly_positive,strongly_positive
08-01-2025,12,47,0.58969,5,4,0.599,strongly_positive,strongly_positive
08-01-2025,2,2,0.5795,1,1,0.6,strongly_positive,strongly_positive
07-01-2025,10,59,0.55243,7,12,0.57186,strongly_positive,strongly_positive
07-01-2025,3,0,0.69182,2,0,0.6315,strongly_positive,strongly_positive
07-01-2025,8,32,0.54029,7,18,0.54457,strongly_positive,strongly_positive
07-01-2025,12,40,0.48514,6,4,0.45833,strongly_positive,strongly_positive
07-01-2025,12,42,0.53516,7,5,0.44029,strongly_positive,strongly_positive
07-01-2025,24,107,0.55314,16,8,0.57356,strongly_positive,strongly_positive
07-01-2025,9,20,0.54797,8,11,0.564,strongly_positive,strongly_positive
07-01-2025,56,1187,0.52201,17,16,0.5,strongly_positive,strongly_positive
07-01-2025,0,0,0.5,0,0,0.5,strongly_positive,strongly_positive
07-01-2025,88,3470,0.45434,28,31,0.47118,strongly_positive,strongly_positive
07-01-2025,79,2411,0.51141,34,32,0.52194,strongly_positive,strongly_positive
07-01-2025,89,3593,0.5442,44,49,0.56232,strongly_positive,strongly_positive
07-01-2025,69,2295,0.52672,45,59,0.52762,strongly_positive,strongly_positive
07-01-2025,22,169,0.57961,17,19,0.52306,strongly_positive,strongly_positive
07-01-2025,102,1520,0.51913,85,45,0.53625,strongly_positive,strongly_positive
07-01-2025,103,4570,0.49578,35,37,0.51406,strongly_positive,strongly_positive
07-01-2025,120,7204,0.5298,46,56,0.53528,strongly_positive,strongly_positive
07-01-2025,57,2393,0.49322,23,41,0.50022,strongly_positive,strongly_positive
07-01-2025,11,77,0.57318,6,10,0.48133,strongly_positive,strongly_positive
07-01-2025,3,23,0.63391,2,12,0.64,strongly_positive,strongly_positive
07-01-2025,7,38,0.5369,5,11,0.4918,strongly_positive,strongly_positive
07-01-2025,10,41,0.59246,3,3,0.575,strongly_positive,strongly_positive
07-01-2025,6,64,0.50443,2,8,0.522,strongly_positive,strongly_positive
07-01-2025,7,14,0.50102,3,2,0.50767,strongly_positive,strongly_positive
07-01-2025,22,576,0.59653,10,29,0.5783,strongly_positive,strongly_positive
06-01-2025,19,263,0.6465,10,18,0.5525,weakly_positive,weakly_positive
06-01-2025,6,52,0.57117,5,22,0.5242,weakly_positive,weakly_positive
06-01-2025,8,26,0.49643,7,10,0.51429,weakly_positive,weakly_positive
06-01-2025,28,1136,0.49694,8,29,0.4875,weakly_positive,weakly_positive
06-01-2025,20,231,0.5509,7,10,0.50486,weakly_positive,weakly_positive
06-01-2025,15,293,0.56637,6,19,0.56967,weakly_positive,weakly_positive
06-01-2025,24,558,0.48478,11,26,0.503,weakly_positive,weakly_positive
06-01-2025,86,4859,0.66007,25,41,0.54576,weakly_positive,weakly_positive
06-01-2025,92,4947,0.50819,30,43,0.52673,weakly_positive,weakly_positive
06-01-2025,53,2360,0.57201,18,37,0.51728,weakly_positive,weakly_positive
06-01-2025,82,2675,0.54823,38,37,0.52682,weakly_positive,weakly_positive
06-01-2025,54,2836,0.62125,29,70,0.5239,weakly_positive,weakly_positive
06-01-2025,64,1592,0.53336,46,52,0.54346,weakly_positive,weakly_positive
06-01-2025,38,472,0.46578,33,42,0.48167,weakly_positive,weakly_positive
06-01-2025,0,0,0.0,0,0,0.0,weakly_positive,weakly_positive
06-01-2025,0,0,0.0,0,0,0.0,weakly_positive,weakly_positive
06-01-2025,0,0,0.0,0,0,0.0,weakly_positive,weakly_positive
06-01-2025,0,0,0.0,0,0,0.0,weakly_positive,weakly_positive
06-01-2025,0,0,0.0,0,0,0.0,weakly_positive,weakly_positive
06-01-2025,0,0,0.0,0,0,0.0,weakly_positive,weakly_positive
06-01-2025,0,0,0.0,0,0,0.0,weakly_positive,weakly_positive
06-01-2025,12,31,0.48316,4,2,0.4995,weakly_positive,weakly_positive
06-01-2025,15,219,0.57678,5,12,0.5304,weakly_positive,weakly_positive
06-01-2025,9,72,0.54678,4,9,0.53225,weakly_positive,weakly_positive
05-01-2025,14,81,0.5541,7,7,0.573,weakly_positive,weakly_positive
05-01-2025,0,0,0.0,0,0,0.0,weakly_positive,weakly_positive
05-01-2025,13,26,0.55529,11,7,0.57564,weakly_positive,weakly_positive
05-01-2025,6,13,0.607,6,12,0.52117,weakly_positive,weakly_positive
05-01-2025,10,203,0.5985,3,15,0.61667,weakly_positive,weakly_positive
05-01-2025,0,0,0.0,0,0,0.0,weakly_positive,weakly_positive
05-01-2025,0,0,0.0,0,0,0.0,weakly_positive,weakly_positive
05-01-2025,4,0,0.72204,2,0,0.6315,weakly_positive,weakly_positive
05-01-2025,8,27,0.50595,5,6,0.5078,weakly_positive,weakly_positive
05-01-2025,1,3,0.64658,1,7,0.671,weakly_positive,weakly_positive
05-01-2025,4,11,0.59172,3,9,0.51667,weakly_positive,weakly_positive
05-01-2025,14,261,0.53449,7,23,0.55371,weakly_positive,weakly_positive
05-01-2025,3,4,0.4369,2,2,0.443,weakly_positive,weakly_positive
05-01-2025,0,0,0.0,0,0,0.0,weakly_positive,weakly_positive
05-01-2025,4,2,0.67004,4,3,0.56775,weakly_positive,weakly_positive
05-01-2025,3,9,0.57734,1,2,0.585,weakly_positive,weakly_positive
05-01-2025,0,0,0.0,0,0,0.0,weakly_positive,weakly_positive
05-01-2025,0,0,0.0,0,0,0.0,weakly_positive,weakly_positive
05-01-2025,11,19,0.63944,5,2,0.6608,weakly_positive,weakly_positive
05-01-2025,1,0,0.80527,1,0,0.813,weakly_positive,weakly_positive
05-01-2025,1,0,0.53032,1,0,0.517,weakly_positive,weakly_positive
05-01-2025,0,0,0.0,0,0,0.0,weakly_positive,weakly_positive
05-01-2025,3,0,0.46838,1,0,0.433,weakly_positive,weakly_positive
05-01-2025,11,38,0.56589,4,3,0.58675,weakly_positive,weakly_positive
04-01-2025,6,10,0.5489,3,2,0.567,strongly_positive,strongly_positive
04-01-2025,9,48,0.5804,5,7,0.5358,strongly_positive,strongly_positive
04-01-2025,11,27,0.54122,7,4,0.54214,strongly_positive,strongly_positive
04-01-2025,2,0,0.57869,2,0,0.5,strongly_positive,strongly_positive
04-01-2025,3,73,0.5634,1,16,0.575,strongly_positive,strongly_positive
04-01-2025,24,241,0.52892,8,8,0.49575,strongly_positive,strongly_positive
04-01-2025,7,50,0.6299,3,7,0.54333,strongly_positive,strongly_positive
04-01-2025,9,56,0.47681,4,7,0.49075,strongly_positive,strongly_positive
04-01-2025,4,9,0.58547,2,3,0.601,strongly_positive,strongly_positive
04-01-2025,1,0,0.50691,1,1,0.5,strongly_positive,strongly_positive
04-01-2025,3,1,0.61278,3,1,0.53833,strongly_positive,strongly_positive
04-01-2025,6,15,0.51185,6,14,0.52517,strongly_positive,strongly_positive
04-01-2025,27,1037,0.55892,10,34,0.5801,strongly_positive,strongly_positive
04-01-2025,12,0,0.50173,5,0,0.5,strongly_positive,strongly_positive
04-01-2025,0,0,0.5,0,0,0.5,strongly_positive,strongly_positive
04-01-2025,2,1,0.48807,1,1,0.5,strongly_positive,strongly_positive
04-01-2025,2,0,0.54662,1,0,0.517,strongly_positive,strongly_positive
04-01-2025,3,3,0.48993,2,2,0.5085,strongly_positive,strongly_positive
04-01-2025,0,0,0.0,0,0,0.0,strongly_positive,strongly_positive
04-01-2025,3,4,0.48561,1,1,0.5,strongly_positive,strongly_positive
04-01-2025,11,26,0.69661,4,2,0.573,strongly_positive,strongly_positive
04-01-2025,6,56,0.59813,3,11,0.53133,strongly_positive,strongly_positive
04-01-2025,2,3,0.48581,1,2,0.5,strongly_positive,strongly_positive
04-01-2025,12,39,0.56877,7,5,0.54471,strongly_positive,strongly_positive
04-01-2025,5,12,0.54866,5,12,0.55,strongly_positive,strongly_positive
03-01-2025,28,119,0.53825,8,3,0.54937,strongly_positive,strongly_positive
03-01-2025,16,140,0.7701,6,8,0.635,strongly_positive,strongly_positive
03-01-2025,10,21,0.50818,4,2,0.509,strongly_positive,strongly_positive
03-01-2025,13,119,0.62232,6,10,0.5615,strongly_positive,strongly_positive
03-01-2025,8,32,0.52,5,7,0.4988,strongly_positive,strongly_positive
03-01-2025,14,57,0.52879,10,8,0.5483,strongly_positive,strongly_positive
03-01-2025,30,373,0.56635,25,37,0.57216,strongly_positive,strongly_positive
03-01-2025,133,7656,0.58321,42,45,0.55876,strongly_positive,strongly_positive
03-01-2025,82,5015,0.60494,29,53,0.5079,strongly_positive,strongly_positive
03-01-2025,100,4618,0.49357,40,45,0.51065,strongly_positive,strongly_positive
03-01-2025,107,2425,0.48323,55,29,0.49936,strongly_positive,strongly_positive
03-01-2025,75,2470,0.55338,45,51,0.537,strongly_positive,strongly_positive
03-01-2025,69,1385,0.50742,44,34,0.52511,strongly_positive,strongly_positive
03-01-2025,251,18568,0.5135,72,53,0.52035,strongly_positive,strongly_positive
03-01-2025,128,12199,0.50701,41,75,0.52534,strongly_positive,strongly_positive
03-01-2025,146,11589,0.51514,58,77,0.52055,strongly_positive,strongly_positive
03-01-2025,40,1230,0.60647,18,34,0.5565,strongly_positive,strongly_positive
03-01-2025,17,407,0.56723,8,28,0.58762,strongly_positive,strongly_positive
03-01-2025,28,1282,0.61076,9,36,0.57967,strongly_positive,strongly_positive
03-01-2025,19,479,0.68776,7,22,0.56957,strongly_positive,strongly_positive
03-01-2025,5,17,0.60484,2,3,0.607,strongly_positive,strongly_positive
03-01-2025,17,117,0.55474,9,9,0.57178,strongly_positive,strongly_positive
03-01-2025,4,9,0.56857,2,3,0.47,strongly_positive,strongly_positive
03-01-2025,25,356,0.51242,16,25,0.53112,strongly_positive,strongly_positive
02-01-2025,10,142,0.57279,3,10,0.58333,strongly_positive,strongly_positive
02-01-2025,30,443,0.55347,9,11,0.53178,strongly_positive,strongly_positive
02-01-2025,30,824,0.58802,12,27,0.59075,strongly_positive,strongly_positive
02-01-2025,19,460,0.5141,8,25,0.52388,strongly_positive,strongly_positive
02-01-2025,43,1149,0.47814,21,32,0.49443,strongly_positive,strongly_positive
02-01-2025,11,58,0.51724,8,11,0.536,strongly_positive,strongly_positive
02-01-2025,17,255,0.61132,13,36,0.55385,strongly_positive,strongly_positive
02-01-2025,28,269,0.53005,26,47,0.53623,strongly_positive,strongly_positive
02-01-2025,134,12471,0.53892,45,77,0.55856,strongly_positive,strongly_positive
02-01-2025,198,24842,0.54486,75,116,0.55152,strongly_positive,strongly_positive
02-01-2025,221,28054,0.6056,95,133,0.55761,strongly_positive,strongly_positive
02-01-2025,57,846,0.61294,32,21,0.51709,strongly_positive,strongly_positive
02-01-2025,110,4605,0.54222,72,74,0.56057,strongly_positive,strongly_positive
02-01-2025,133,3506,0.57906,93,52,0.53241,strongly_positive,strongly_positive
02-01-2025,138,6408,0.558,42,35,0.5431,strongly_positive,strongly_positive
02-01-2025,38,367,0.63138,13,8,0.54292,strongly_positive,strongly_positive
02-01-2025,19,403,0.5323,8,22,0.53838,strongly_positive,strongly_positive
02-01-2025,8,94,0.5583,4,14,0.57875,strongly_positive,strongly_positive
02-01-2025,6,28,0.70556,3,6,0.60567,strongly_positive,strongly_positive
02-01-2025,3,9,0.49555,2,7,0.4565,strongly_positive,strongly_positive
02-01-2025,1,0,0.62317,1,1,0.625,strongly_positive,strongly_positive
02-01-2025,0,0,0.0,0,0,0.0,strongly_positive,strongly_positive
02-01-2025,2,1,0.65728,1,1,0.547,strongly_positive,strongly_positive
02-01-2025,5,6,0.54752,3,2,0.55067,strongly_positive,strongly_positive
01-01-2025,3,10,0.56367,2,7,0.5125,weakly_positive,weakly_positive
01-01-2025,6,74,0.6,2,9,0.579,weakly_positive,weakly_positive
01-01-2025,16,307,0.60811,5,15,0.63,weakly_positive,weakly_positive
01-01-2025,14,199,0.5682,6,15,0.57767,weakly_positive,weakly_positive
01-01-2025,13,210,0.56906,6,18,0.5485,weakly_positive,weakly_positive
01-01-2025,9,117,0.62444,5,17,0.529,weakly_positive,weakly_positive
01-01-2025,8,31,0.58725,6,10,0.535,weakly_positive,weakly_positive
01-01-2025,4,9,0.54986,3,7,0.569,weakly_positive,weakly_positive
01-01-2025,17,310,0.53412,5,13,0.5212,weakly_positive,weakly_positive
01-01-2025,11,484,0.77336,4,38,0.7035,weakly_positive,weakly_positive
01-01-2025,7,58,0.41268,3,8,0.41667,weakly_positive,weakly_positive
01-01-2025,9,48,0.57088,4,6,0.592,weakly_positive,weakly_positive
01-01-2025,5,6,0.50948,3,2,0.51667,weakly_positive,weakly_positive
01-01-2025,0,0,0.0,0,0,0.0,weakly_positive,weakly_positive
01-01-2025,0,0,0.0,0,0,0.0,weakly_positive,weakly_positive
01-01-2025,6,16,0.74587,2,2,0.7705,weakly_positive,weakly_positive
01-01-2025,3,4,0.48966,1,1,0.5,weakly_positive,weakly_positive
01-01-2025,4,0,0.63309,2,0,0.618,weakly_positive,weakly_positive
01-01-2025,0,0,0.0,0,0,0.0,weakly_positive,weakly_positive
01-01-2025,2,1,0.48994,1,1,0.5,weakly_positive,weakly_positive
01-01-2025,1,0,0.57278,1,0,0.594,weakly_positive,weakly_positive
01-01-2025,3,0,0.50647,1,0,0.5,weakly_positive,weakly_positive
01-01-2025,10,55,0.49808,3,4,0.51267,weakly_positive,weakly_positive
01-01-2025,5,36,0.60259,2,7,0.603,weakly_positive,weakly_positive
31-12-2024,7,61,0.5749,3,9,0.567,strongly_positive,strongly_positive
31-12-2024,4,0,0.67002,2,0,0.5885,strongly_positive,strongly_positive
31-12-2024,9,69,0.52617,3,6,0.54467,strongly_positive,strongly_positive
31-12-2024,17,225,0.64302,6,11,0.587,strongly_positive,strongly_positive
31-12-2024,9,16,0.6108,4,2,0.59125,strongly_positive,strongly_positive
31-12-2024,18,251,0.53753,9,17,0.55656,strongly_positive,strongly_positive
31-12-2024,12,181,0.57623,7,22,0.58529,strongly_positive,strongly_positive
31-12-2024,15,116,0.4853,13,28,0.50262,strongly_positive,strongly_positive
31-12-2024,28,145,0.60661,27,31,0.51633,strongly_positive,strongly_positive
31-12-2024,81,3181,0.48369,25,30,0.49928,strongly_positive,strongly_positive
31-12-2024,49,996,0.52222,19,19,0.54074,strongly_positive,strongly_positive
31-12-2024,34,641,0.56364,15,20,0.5516,strongly_positive,strongly_positive
31-12-2024,40,1233,0.60854,20,38,0.5278,strongly_positive,strongly_positive
31-12-2024,48,1080,0.51488,32,41,0.51881,strongly_positive,strongly_positive
31-12-2024,9,21,0.56449,7,6,0.58557,strongly_positive,strongly_positive
31-12-2024,6,35,0.59593,5,19,0.516,strongly_positive,strongly_positive
31-12-2024,17,61,0.59943,6,3,0.55617,strongly_positive,strongly_positive
31-12-2024,10,194,0.7001,4,18,0.56175,strongly_positive,strongly_positive
31-12-2024,2,0,0.48444,1,0,0.5,strongly_positive,strongly_positive
31-12-2024,5,3,0.54759,3,1,0.56,strongly_positive,strongly_positive
31-12-2024,8,5,0.80713,5,1,0.6464,strongly_positive,strongly_positive
31-12-2024,1,0,0.61996,1,0,0.538,strongly_positive,strongly_positive
31-12-2024,16,0,0.56867,5,0,0.5844,strongly_positive,strongly_positive
31-12-2024,25,95,0.50983,8,3,0.4795,strongly_positive,strongly_positive
30-12-2024,9,111,0.59861,4,13,0.5925,strongly_positive,strongly_positive
30-12-2024,11,138,0.48633,5,14,0.5,strongly_positive,strongly_positive
30-12-2024,17,129,0.53591,9,10,0.55078,strongly_positive,strongly_positive
30-12-2024,5,11,0.46414,4,6,0.48175,strongly_positive,strongly_positive
30-12-2024,7,17,0.55863,6,8,0.49283,strongly_positive,strongly_positive
30-12-2024,14,157,0.45034,7,14,0.46586,strongly_positive,strongly_positive
30-12-2024,17,292,0.52615,9,23,0.48222,strongly_positive,strongly_positive
30-12-2024,30,547,0.50885,19,30,0.51179,strongly_positive,strongly_positive
30-12-2024,17,35,0.59198,17,23,0.50712,strongly_positive,strongly_positive
30-12-2024,51,1466,0.55384,15,21,0.56353,strongly_positive,strongly_positive
30-12-2024,58,1366,0.57364,19,19,0.534,strongly_positive,strongly_positive
30-12-2024,58,1274,0.60022,24,22,0.51329,strongly_positive,strongly_positive
30-12-2024,66,3039,0.51763,31,53,0.53381,strongly_positive,strongly_positive
30-12-2024,74,2344,0.52356,40,43,0.5361,strongly_positive,strongly_positive
30-12-2024,25,196,0.4963,18,17,0.48706,strongly_positive,strongly_positive
30-12-2024,24,235,0.64226,21,36,0.55957,strongly_positive,strongly_positive
30-12-2024,12,27,0.53653,11,14,0.54909,strongly_positive,strongly_positive
30-12-2024,19,257,0.53626,7,12,0.55643,strongly_positive,strongly_positive
30-12-2024,19,227,0.53087,8,12,0.52663,strongly_positive,strongly_positive
30-12-2024,6,4,0.534,3,1,0.49733,strongly_positive,strongly_positive
30-12-2024,5,33,0.66129,3,11,0.53333,strongly_positive,strongly_positive
30-12-2024,4,9,0.51694,3,4,0.51233,strongly_positive,strongly_positive
30-12-2024,14,19,0.5014,4,1,0.5135,strongly_positive,strongly_positive
30-12-2024,18,382,0.6077,6,17,0.57433,strongly_positive,strongly_positive
29-12-2024,12,202,0.50317,4,14,0.52225,strongly_positive,strongly_positive
29-12-2024,19,330,0.51595,9,20,0.52956,strongly_positive,strongly_positive
29-12-2024,0,0,0.5,0,0,0.5,strongly_positive,strongly_positive
29-12-2024,22,0,0.52974,11,0,0.5,strongly_positive,strongly_positive
29-12-2024,28,286,0.57948,16,15,0.47613,strongly_positive,strongly_positive
29-12-2024,9,41,0.57917,8,17,0.514,strongly_positive,strongly_positive
29-12-2024,7,30,0.47038,7,28,0.484,strongly_positive,strongly_positive
29-12-2024,14,110,0.52241,5,7,0.5422,strongly_positive,strongly_positive
29-12-2024,10,194,0.5564,4,18,0.493,strongly_positive,strongly_positive
29-12-2024,18,271,0.50392,8,16,0.5145,strongly_positive,strongly_positive
29-12-2024,20,326,0.59587,6,12,0.60767,strongly_positive,strongly_positive
29-12-2024,32,2083,0.52949,10,50,0.5314,strongly_positive,strongly_positive
29-12-2024,23,919,0.5896,8,34,0.61187,strongly_positive,strongly_positive
29-12-2024,11,164,0.60577,5,16,0.6174,strongly_positive,strongly_positive
29-12-2024,6,24,0.51836,3,5,0.48433,strongly_positive,strongly_positive
29-12-2024,2,11,0.58634,1,8,0.475,strongly_positive,strongly_positive
29-12-2024,4,9,0.64033,3,6,0.65967,strongly_positive,strongly_positive
29-12-2024,1,0,0.58516,1,4,0.6,strongly_positive,strongly_positive
29-12-2024,10,28,0.70286,3,2,0.56833,strongly_positive,strongly_positive
29-12-2024,10,0,0.88926,4,0,0.77825,strongly_positive,strongly_positive
29-12-2024,0,0,0.0,0,0,0.0,strongly_positive,strongly_positive
29-12-2024,2,0,0.57815,1,0,0.6,strongly_positive,strongly_positive
29-12-2024,6,44,0.61313,4,14,0.60975,strongly_positive,strongly_positive
29-12-2024,1,0,0.66979,1,1,0.687,strongly_positive,strongly_positive
29-12-2024,13,34,0.73155,4,2,0.593,strongly_positive,strongly_positive
28-12-2024,0,0,0.0,0,0,0.0,strongly_positive,strongly_positive
28-12-2024,3,0,0.57678,1,0,0.513,strongly_positive,strongly_positive
28-12-2024,6,0,0.70471,3,0,0.66833,strongly_positive,strongly_positive
28-12-2024,4,30,0.53912,2,10,0.5595,strongly_positive,strongly_positive
28-12-2024,5,9,0.48483,3,3,0.48633,strongly_positive,strongly_positive
28-12-2024,1,0,0.5512,1,2,0.568,strongly_positive,strongly_positive
28-12-2024,10,154,0.62771,3,11,0.51833,strongly_positive,strongly_positive
28-12-2024,13,370,0.5814,5,27,0.5182,strongly_positive,strongly_positive
28-12-2024,24,383,0.53044,10,16,0.5464,strongly_positive,strongly_positive
28-12-2024,15,39,0.54368,7,3,0.522,strongly_positive,strongly_positive
28-12-2024,4,8,0.59352,3,4,0.596,strongly_positive,strongly_positive
28-12-2024,9,45,0.55495,7,11,0.56571,strongly_positive,strongly_positive
28-12-2024,7,38,0.49714,6,21,0.514,strongly_positive,strongly_positive
28-12-2024,15,296,0.61444,7,23,0.61529,strongly_positive,strongly_positive
28-12-2024,7,10,0.50029,4,2,0.51925,strongly_positive,strongly_positive
28-12-2024,3,7,0.5614,2,4,0.5595,strongly_positive,strongly_positive
28-12-2024,3,1,0.65936,3,2,0.61833,strongly_positive,strongly_positive
28-12-2024,3,0,0.75901,1,0,0.618,strongly_positive,strongly_positive
28-12-2024,0,0,0.0,0,0,0.0,strongly_positive,strongly_positive
28-12-2024,9,18,0.58269,4,2,0.59825,strongly_positive,strongly_positive
28-12-2024,4,17,0.5924,2,5,0.5635,strongly_positive,strongly_positive
28-12-2024,2,0,0.66435,1,0,0.584,strongly_positive,strongly_positive
28-12-2024,1,0,0.66129,1,0,0.677,strongly_positive,strongly_positive
28-12-2024,6,15,0.64251,5,7,0.6104,strongly_positive,strongly_positive
27-12-2024,12,15,0.61165,4,1,0.60975,strongly_positive,strongly_positive
27-12-2024,5,6,0.82716,2,1,0.74,strongly_positive,strongly_positive
27-12-2024,8,26,0.58033,3,3,0.59833,strongly_positive,strongly_positive
27-12-2024,7,81,0.53998,4,16,0.56025,strongly_positive,strongly_positive
27-12-2024,2,0,0.55977,1,0,0.5,strongly_positive,strongly_positive
27-12-2024,12,193,0.51135,8,31,0.5205,strongly_positive,strongly_positive
27-12-2024,56,2178,0.61242,17,29,0.50912,strongly_positive,strongly_positive
27-12-2024,95,2081,0.50096,30,17,0.5036,strongly_positive,strongly_positive
27-12-2024,90,2969,0.54509,38,34,0.56226,strongly_positive,strongly_positive
27-12-2024,121,7237,0.6547,54,65,0.54328,strongly_positive,strongly_positive
27-12-2024,141,9467,0.50039,72,85,0.51846,strongly_positive,strongly_positive
27-12-2024,90,1922,0.52917,68,50,0.53819,strongly_positive,strongly_positive
27-12-2024,78,1977,0.54319,64,71,0.5232,strongly_positive,strongly_positive
27-12-2024,113,300,0.65515,112,63,0.55444,strongly_positive,strongly_positive
27-12-2024,66,1696,0.50446,23,22,0.51339,strongly_positive,strongly_positive
27-12-2024,43,403,0.53647,17,9,0.55506,strongly_positive,strongly_positive
27-12-2024,22,81,0.58635,10,4,0.5718,strongly_positive,strongly_positive
27-12-2024,14,40,0.57109,4,2,0.59275,strongly_positive,strongly_positive
27-12-2024,16,41,0.56478,5,2,0.5642,strongly_positive,strongly_positive
27-12-2024,9,68,0.58357,3,6,0.597,strongly_positive,strongly_positive
27-12-2024,7,19,0.64767,3,3,0.53,strongly_positive,strongly_positive
27-12-2024,2,8,0.58614,1,5,0.608,strongly_positive,strongly_positive
27-12-2024,10,65,0.53921,7,13,0.55429,strongly_positive,strongly_positive
27-12-2024,0,0,0.5,0,0,0.5,strongly_positive,strongly_positive
27-12-2024,7,0,0.52388,6,0,0.5,strongly_positive,strongly_positive
26-12-2024,8,15,0.49877,7,8,0.51743,weakly_positive,weakly_positive
26-12-2024,8,57,0.58758,3,6,0.60067,weakly_positive,weakly_positive
26-12-2024,5,16,0.29932,2,3,0.309,weakly_positive,weakly_positive
26-12-2024,28,601,0.60046,12,22,0.50042,weakly_positive,weakly_positive
26-12-2024,15,307,0.65549,9,32,0.58889,weakly_positive,weakly_positive
26-12-2024,19,444,0.51485,12,40,0.53133,weakly_positive,weakly_positive
26-12-2024,33,354,0.57826,25,25,0.55852,weakly_positive,weakly_positive
26-12-2024,150,7595,0.5337,48,40,0.53806,weakly_positive,weakly_positive
26-12-2024,185,6300,0.54753,62,28,0.55637,weakly_positive,weakly_positive
26-12-2024,75,4585,0.69587,34,68,0.58132,weakly_positive,weakly_positive
26-12-2024,104,3616,0.52125,50,41,0.5251,weakly_positive,weakly_positive
26-12-2024,69,3160,0.5798,38,64,0.52882,weakly_positive,weakly_positive
26-12-2024,51,693,0.55087,43,42,0.53288,weakly_positive,weakly_positive
26-12-2024,11,72,0.45773,10,28,0.474,weakly_positive,weakly_positive
26-12-2024,63,1602,0.57777,19,19,0.58663,weakly_positive,weakly_positive
26-12-2024,11,24,0.48927,4,2,0.47275,weakly_positive,weakly_positive
26-12-2024,7,34,0.61077,3,5,0.51933,weakly_positive,weakly_positive
26-12-2024,12,142,0.46218,6,14,0.47717,weakly_positive,weakly_positive
26-12-2024,5,14,0.49518,3,5,0.51267,weakly_positive,weakly_positive
26-12-2024,0,0,0.0,0,0,0.0,weakly_positive,weakly_positive
26-12-2024,0,0,0.0,0,0,0.0,weakly_positive,weakly_positive
26-12-2024,2,3,0.60423,1,2,0.605,weakly_positive,weakly_positive
26-12-2024,7,49,0.66486,4,10,0.5995,weakly_positive,weakly_positive
26-12-2024,4,13,0.6408,3,8,0.527,weakly_positive,weakly_positive
25-12-2024,1,1,0.48218,1,6,0.5,strongly_positive,strongly_positive
25-12-2024,10,43,0.55537,3,3,0.5,strongly_positive,strongly_positive
25-12-2024,5,11,0.47463,2,2,0.4545,strongly_positive,strongly_positive
25-12-2024,7,14,0.63254,3,2,0.53067,strongly_positive,strongly_positive
25-12-2024,7,83,0.56844,3,13,0.57367,strongly_positive,strongly_positive
25-12-2024,2,2,0.72587,1,2,0.75,strongly_positive,strongly_positive
25-12-2024,1,4,0.64242,1,9,0.538,strongly_positive,strongly_positive
25-12-2024,2,6,0.49905,2,10,0.5165,strongly_positive,strongly_positive
25-12-2024,9,66,0.64125,3,6,0.65,strongly_positive,strongly_positive
25-12-2024,11,51,0.56975,4,4,0.552,strongly_positive,strongly_positive
25-12-2024,6,40,0.65136,3,8,0.658,strongly_positive,strongly_positive
25-12-2024,2,8,0.59152,1,5,0.6,strongly_positive,strongly_positive
25-12-2024,2,3,0.61109,1,2,0.633,strongly_positive,strongly_positive
25-12-2024,2,1,0.57798,2,3,0.598,strongly_positive,strongly_positive
25-12-2024,7,31,0.61045,2,3,0.559,strongly_positive,strongly_positive
25-12-2024,3,4,0.48497,1,1,0.488,strongly_positive,strongly_positive
25-12-2024,5,47,0.55465,2,9,0.574,strongly_positive,strongly_positive
25-12-2024,2,2,0.56139,1,1,0.571,strongly_positive,strongly_positive
25-12-2024,0,0,0.0,0,0,0.0,strongly_positive,strongly_positive
25-12-2024,1,10,0.63795,1,21,0.545,strongly_positive,strongly_positive
25-12-2024,1,0,0.33932,1,0,0.35,strongly_positive,strongly_positive
25-12-2024,0,0,0.0,0,0,0.0,strongly_positive,strongly_positive
25-12-2024,6,0,0.54803,2,0,0.5375,strongly_positive,strongly_positive
25-12-2024,2,0,0.56411,1,0,0.491,strongly_positive,strongly_positive
24-12-2024,1,0,0.49826,1,0,0.5,strongly_positive,strongly_positive
24-12-2024,17,48,0.56461,5,2,0.5112,strongly_positive,strongly_positive
24-12-2024,23,585,0.611,7,19,0.63157,strongly_positive,strongly_positive
24-12-2024,10,102,0.54244,4,10,0.56225,strongly_positive,strongly_positive
24-12-2024,2,2,0.44173,1,1,0.447,strongly_positive,strongly_positive
24-12-2024,4,20,0.68284,2,6,0.6915,strongly_positive,strongly_positive
24-12-2024,1,0,0.72599,1,0,0.612,strongly_positive,strongly_positive
24-12-2024,1,0,0.65665,1,1,0.664,strongly_positive,strongly_positive
24-12-2024,1,0,0.54414,1,2,0.5,strongly_positive,strongly_positive
24-12-2024,5,12,0.53965,2,2,0.525,strongly_positive,strongly_positive
24-12-2024,31,804,0.61808,12,24,0.63925,strongly_positive,strongly_positive
24-12-2024,4,6,0.51397,2,2,0.52,strongly_positive,strongly_positive
24-12-2024,4,11,0.56443,2,4,0.5485,strongly_positive,strongly_positive
24-12-2024,30,268,0.62561,20,16,0.53665,strongly_positive,strongly_positive
24-12-2024,61,587,0.62771,18,7,0.57789,strongly_positive,strongly_positive
24-12-2024,7,164,0.55867,2,17,0.579,strongly_positive,strongly_positive
24-12-2024,15,145,0.56002,5,8,0.5506,strongly_positive,strongly_positive
24-12-2024,9,43,0.5776,4,5,0.531,strongly_positive,strongly_positive
24-12-2024,14,116,0.53325,7,10,0.53543,strongly_positive,strongly_positive
24-12-2024,5,0,0.52197,3,0,0.54167,strongly_positive,strongly_positive
24-12-2024,0,0,0.5,0,0,0.5,strongly_positive,strongly_positive
24-12-2024,1,0,0.58891,1,1,0.6,strongly_positive,strongly_positive
24-12-2024,2,1,0.53556,2,3,0.5,strongly_positive,strongly_positive
24-12-2024,10,14,0.42306,3,1,0.439,strongly_positive,strongly_positive
24-12-2024,5,6,0.48523,2,1,0.5,strongly_positive,strongly_positive
23-12-2024,5,14,0.63947,2,3,0.6555,strongly_positive,strongly_positive
23-12-2024,4,6,0.50839,2,2,0.5,strongly_positive,strongly_positive
23-12-2024,5,19,0.64356,3,7,0.56267,strongly_positive,strongly_positive
23-12-2024,1,1,0.68323,1,2,0.7,strongly_positive,strongly_positive
23-12-2024,9,119,0.85059,3,10,0.683,strongly_positive,strongly_positive
23-12-2024,14,82,0.51063,5,5,0.53,strongly_positive,strongly_positive
23-12-2024,3,4,0.61204,1,1,0.54,strongly_positive,strongly_positive
23-12-2024,6,9,0.56603,3,2,0.53333,strongly_positive,strongly_positive
23-12-2024,7,21,0.65635,4,4,0.68125,strongly_positive,strongly_positive
23-12-2024,3,2,0.49306,2,1,0.4925,strongly_positive,strongly_positive
23-12-2024,24,170,0.47648,7,5,0.49,strongly_positive,strongly_positive
23-12-2024,47,893,0.71809,14,14,0.5875,strongly_positive,strongly_positive
23-12-2024,25,208,0.53835,10,8,0.476,strongly_positive,strongly_positive
23-12-2024,5,15,0.48107,2,3,0.4945,strongly_positive,strongly_positive
23-12-2024,42,575,0.55502,20,16,0.52965,strongly_positive,strongly_positive
23-12-2024,14,71,0.5494,10,10,0.5494,strongly_positive,strongly_positive
23-12-2024,11,29,0.59374,8,6,0.607,strongly_positive,strongly_positive
23-12-2024,4,2,0.58776,4,2,0.60675,strongly_positive,strongly_positive
23-12-2024,9,23,0.57148,3,2,0.571,strongly_positive,strongly_positive
23-12-2024,3,14,0.89063,1,4,0.8,strongly_positive,strongly_positive
23-12-2024,7,42,0.5826,3,6,0.59167,strongly_positive,strongly_positive
23-12-2024,5,11,0.53891,3,3,0.559,strongly_positive,strongly_positive
23-12-2024,3,2,0.62248,2,1,0.6275,strongly_positive,strongly_positive
23-12-2024,4,32,0.42641,3,15,0.43333,strongly_positive,strongly_positive
22-12-2024,10,97,0.81497,3,7,0.68067,strongly_positive,strongly_positive
22-12-2024,3,8,0.48294,1,2,0.5,strongly_positive,strongly_positive
22-12-2024,7,91,0.60053,3,13,0.62,strongly_positive,strongly_positive
22-12-2024,4,10,0.77853,2,3,0.753,strongly_positive,strongly_positive
22-12-2024,4,16,0.53787,2,5,0.557,strongly_positive,strongly_positive
22-12-2024,5,22,0.52051,4,10,0.5285,strongly_positive,strongly_positive
22-12-2024,1,0,0.48284,1,1,0.5,strongly_positive,strongly_positive
22-12-2024,2,2,0.65814,2,8,0.5595,strongly_positive,strongly_positive
22-12-2024,2,4,0.48176,1,3,0.5,strongly_positive,strongly_positive
22-12-2024,5,33,0.59133,3,10,0.524,strongly_positive,strongly_positive
22-12-2024,4,2,0.53674,3,1,0.548,strongly_positive,strongly_positive
22-12-2024,7,10,0.8346,2,1,0.6875,strongly_positive,strongly_positive
22-12-2024,3,17,0.49942,1,4,0.5,strongly_positive,strongly_positive
22-12-2024,2,16,0.40795,1,8,0.42,strongly_positive,strongly_positive
22-12-2024,2,11,0.72971,1,6,0.6,strongly_positive,strongly_positive
22-12-2024,8,50,0.52364,4,8,0.543,strongly_positive,strongly_positive
22-12-2024,1,1,0.60871,1,3,0.621,strongly_positive,strongly_positive
22-12-2024,0,0,0.0,0,0,0.0,strongly_positive,strongly_positive
22-12-2024,7,0,0.60564,2,0,0.508,strongly_positive,strongly_positive
22-12-2024,3,0,0.63677,1,0,0.65,strongly_positive,strongly_positive
22-12-2024,3,3,0.48684,1,1,0.503,strongly_positive,strongly_positive
22-12-2024,2,0,0.4537,1,0,0.44,strongly_positive,strongly_positive
22-12-2024,5,7,0.57909,3,2,0.52233,strongly_positive,strongly_positive
22-12-2024,1,1,0.74971,1,3,0.76,strongly_positive,strongly_positive
21-12-2024,4,7,0.62797,3,4,0.60833,strongly_positive,strongly_positive
21-12-2024,3,4,0.594,1,1,0.6,strongly_positive,strongly_positive
21-12-2024,8,9,0.4817,3,1,0.44167,strongly_positive,strongly_positive
21-12-2024,2,2,0.8293,1,1,0.696,strongly_positive,strongly_positive
21-12-2024,4,13,0.3866,2,4,0.4,strongly_positive,strongly_positive
21-12-2024,2,9,0.58216,1,6,0.533,strongly_positive,strongly_positive
21-12-2024,1,0,0.51537,1,1,0.5,strongly_positive,strongly_positive
21-12-2024,7,31,0.73048,2,3,0.625,strongly_positive,strongly_positive
21-12-2024,7,49,0.59831,2,5,0.6085,strongly_positive,strongly_positive
21-12-2024,3,10,0.48258,1,3,0.5,strongly_positive,strongly_positive
21-12-2024,7,21,0.69155,3,3,0.59067,strongly_positive,strongly_positive
21-12-2024,10,137,0.52079,5,16,0.5372,strongly_positive,strongly_positive
21-12-2024,6,0,0.54769,2,0,0.55,strongly_positive,strongly_positive
21-12-2024,0,0,0.5,0,0,0.5,strongly_positive,strongly_positive
21-12-2024,9,145,0.49051,3,13,0.5,strongly_positive,strongly_positive
21-12-2024,7,82,0.64587,3,13,0.53467,strongly_positive,strongly_positive
21-12-2024,4,24,0.587,2,7,0.589,strongly_positive,strongly_positive
21-12-2024,5,21,0.6628,3,6,0.6,strongly_positive,strongly_positive
21-12-2024,4,7,0.60032,3,6,0.57733,strongly_positive,strongly_positive
21-12-2024,2,2,0.54894,2,4,0.569,strongly_positive,strongly_positive
21-12-2024,3,0,0.43485,1,0,0.44,strongly_positive,strongly_positive
21-12-2024,0,0,0.0,0,0,0.0,strongly_positive,strongly_positive
21-12-2024,5,10,0.7119,2,2,0.6,strongly_positive,strongly_positive
21-12-2024,6,10,0.57221,3,2,0.59167,strongly_positive,strongly_positive
21-12-2024,6,14,0.48355,4,4,0.5,strongly_positive,strongly_positive
20-12-2024,1,0,0.20561,1,1,0.2,weakly_positive,weakly_positive
20-12-2024,4,5,0.50276,3,4,0.52,weakly_positive,weakly_positive
20-12-2024,6,8,0.48527,2,1,0.491,weakly_positive,weakly_positive
20-12-2024,3,31,0.47948,1,9,0.497,weakly_positive,weakly_positive
20-12-2024,2,2,0.34583,1,1,0.35,weakly_positive,weakly_positive
20-12-2024,2,6,0.38458,1,4,0.354,weakly_positive,weakly_positive
20-12-2024,13,42,0.61381,8,5,0.63613,weakly_positive,weakly_positive
20-12-2024,22,124,0.53409,20,27,0.5522,weakly_positive,weakly_positive
20-12-2024,66,2628,0.5474,20,30,0.558,weakly_positive,weakly_positive
20-12-2024,19,123,0.52861,6,5,0.53083,weakly_positive,weakly_positive
20-12-2024,5,5,0.62356,2,1,0.536,weakly_positive,weakly_positive
20-12-2024,44,440,0.46851,20,11,0.4773,weakly_positive,weakly_positive
20-12-2024,39,667,0.57818,20,22,0.5397,weakly_positive,weakly_positive
20-12-2024,26,191,0.54166,20,18,0.5332,weakly_positive,weakly_positive
20-12-2024,24,210,0.51534,20,26,0.53105,weakly_positive,weakly_positive
20-12-2024,4,30,0.58577,2,9,0.5895,weakly_positive,weakly_positive
20-12-2024,15,69,0.4788,8,6,0.48725,weakly_positive,weakly_positive
20-12-2024,12,91,0.52632,7,12,0.54457,weakly_positive,weakly_positive
20-12-2024,5,5,0.58118,5,6,0.602,weakly_positive,weakly_positive
20-12-2024,3,5,0.55669,1,1,0.506,weakly_positive,weakly_positive
20-12-2024,6,16,0.49897,2,2,0.504,weakly_positive,weakly_positive
20-12-2024,0,0,0.0,0,0,0.0,weakly_positive,weakly_positive
20-12-2024,7,25,0.62606,3,4,0.63467,weakly_positive,weakly_positive
20-12-2024,2,2,0.75789,1,1,0.7,weakly_positive,weakly_positive
19-12-2024,1,4,0.79825,1,8,0.676,weakly_positive,weakly_positive
19-12-2024,2,2,0.56863,2,4,0.5875,weakly_positive,weakly_positive
19-12-2024,3,3,0.53418,3,5,0.49267,weakly_positive,weakly_positive
19-12-2024,3,4,0.58836,1,1,0.574,weakly_positive,weakly_positive
19-12-2024,12,61,0.60181,5,5,0.5194,weakly_positive,weakly_positive
19-12-2024,11,135,0.55256,6,16,0.558,weakly_positive,weakly_positive
19-12-2024,5,6,0.46803,3,2,0.48533,weakly_positive,weakly_positive
19-12-2024,2,3,0.23213,1,3,0.2,weakly_positive,weakly_positive
19-12-2024,7,20,0.6174,2,2,0.5705,weakly_positive,weakly_positive
19-12-2024,25,379,0.53514,8,12,0.53575,weakly_positive,weakly_positive
19-12-2024,24,204,0.61757,8,7,0.60875,weakly_positive,weakly_positive
19-12-2024,0,0,0.0,0,0,0.0,weakly_positive,weakly_positive
19-12-2024,0,0,0.0,0,0,0.0,weakly_positive,weakly_positive
19-12-2024,0,0,0.0,0,0,0.0,weakly_positive,weakly_positive
19-12-2024,0,0,0.0,0,0,0.0,weakly_positive,weakly_positive
19-12-2024,0,0,0.0,0,0,0.0,weakly_positive,weakly_positive
19-12-2024,0,0,0.0,0,0,0.0,weakly_positive,weakly_positive
19-12-2024,3,0,0.48573,1,0,0.5,weakly_positive,weakly_positive
19-12-2024,16,123,0.48716,7,8,0.5,weakly_positive,weakly_positive
19-12-2024,14,97,0.54708,4,5,0.5,weakly_positive,weakly_positive
19-12-2024,26,620,0.48293,8,18,0.5,weakly_positive,weakly_positive
19-12-2024,6,199,0.51121,2,27,0.5,weakly_positive,weakly_positive
19-12-2024,14,160,0.54788,6,12,0.5,weakly_positive,weakly_positive
19-12-2024,14,367,0.49601,7,32,0.5,weakly_positive,weakly_positive
18-12-2024,0,0,0.0,0,0,0.0,neutral,neutral
18-12-2024,0,0,0.0,0,0,0.0,neutral,neutral
18-12-2024,0,0,0.0,0,0,0.0,neutral,neutral
18-12-2024,0,0,0.0,0,0,0.0,neutral,neutral
18-12-2024,0,0,0.0,0,0,0.0,neutral,neutral
18-12-2024,0,0,0.0,0,0,0.0,neutral,neutral
18-12-2024,0,0,0.0,0,0,0.0,neutral,neutral
18-12-2024,0,0,0.0,0,0,0.0,neutral,neutral
18-12-2024,0,0,0.0,0,0,0.0,neutral,neutral
18-12-2024,0,0,0.0,0,0,0.0,neutral,neutral
18-12-2024,52,740,0.50541,18,12,0.5,neutral,neutral
18-12-2024,6,7,0.48621,2,1,0.5,neutral,neutral
18-12-2024,0,0,0.0,0,0,0.0,neutral,neutral
18-12-2024,0,0,0.0,0,0,0.0,neutral,neutral
18-12-2024,0,0,0.0,0,0,0.0,neutral,neutral
18-12-2024,0,0,0.0,0,0,0.0,neutral,neutral
18-12-2024,0,0,0.0,0,0,0.0,neutral,neutral
18-12-2024,0,0,0.0,0,0,0.0,neutral,neutral
18-12-2024,0,0,0.0,0,0,0.0,neutral,neutral
18-12-2024,0,0,0.0,0,0,0.0,neutral,neutral
18-12-2024,0,0,0.0,0,0,0.0,neutral,neutral
18-12-2024,0,0,0.0,0,0,0.0,neutral,neutral
18-12-2024,0,0,0.0,0,0,0.0,neutral,neutral
18-12-2024,0,0,0.0,0,0,0.0,neutral,neutral
17-12-2024,0,0,0.0,0,0,0.0,weakly_positive,weakly_positive
17-12-2024,0,0,0.0,0,0,0.0,weakly_positive,weakly_positive
17-12-2024,0,0,0.0,0,0,0.0,weakly_positive,weakly_positive
17-12-2024,0,0,0.0,0,0,0.0,weakly_positive,weakly_positive
17-12-2024,0,0,0.0,0,0,0.0,weakly_positive,weakly_positive
17-12-2024,0,0,0.0,0,0,0.0,weakly_positive,weakly_positive
17-12-2024,0,0,0.0,0,0,0.0,weakly_positive,weakly_positive
17-12-2024,0,0,0.0,0,0,0.0,weakly_positive,weakly_positive
17-12-2024,0,0,0.0,0,0,0.0,weakly_positive,weakly_positive
17-12-2024,0,0,0.0,0,0,0.0,weakly_positive,weakly_positive
17-12-2024,0,0,0.0,0,0,0.0,weakly_positive,weakly_positive
17-12-2024,0,0,0.0,0,0,0.0,weakly_positive,weakly_positive
17-12-2024,0,0,0.0,0,0,0.0,weakly_positive,weakly_positive
17-12-2024,0,0,0.0,0,0,0.0,weakly_positive,weakly_positive
17-12-2024,10,21,0.50725,6,3,0.521,weakly_positive,weakly_positive
17-12-2024,19,52,0.59552,13,5,0.61262,weakly_positive,weakly_positive
17-12-2024,3,5,0.86714,1,1,0.9,weakly_positive,weakly_positive
17-12-2024,0,0,0.0,0,0,0.0,weakly_positive,weakly_positive
17-12-2024,0,0,0.0,0,0,0.0,weakly_positive,weakly_positive
17-12-2024,0,0,0.0,0,0,0.0,weakly_positive,weakly_positive
17-12-2024,0,0,0.0,0,0,0.0,weakly_positive,weakly_positive
17-12-2024,0,0,0.0,0,0,0.0,weakly_positive,weakly_positive
17-12-2024,0,0,0.0,0,0,0.0,weakly_positive,weakly_positive
17-12-2024,6,4,0.49467,6,5,0.513,weakly_positive,weakly_positive
16-12-2024,17,122,0.55256,6,6,0.5685,weakly_positive,weakly_positive
16-12-2024,8,26,0.51249,3,3,0.49033,weakly_positive,weakly_positive
16-12-2024,11,41,0.69628,5,4,0.5834,weakly_positive,weakly_positive
16-12-2024,0,0,0.0,0,0,0.0,weakly_positive,weakly_positive
16-12-2024,0,0,0.0,0,0,0.0,weakly_positive,weakly_positive
16-12-2024,0,0,0.0,0,0,0.0,weakly_positive,weakly_positive
16-12-2024,0,0,0.0,0,0,0.0,weakly_positive,weakly_positive
16-12-2024,0,0,0.0,0,0,0.0,weakly_positive,weakly_positive
16-12-2024,0,0,0.0,0,0,0.0,weakly_positive,weakly_positive
16-12-2024,0,0,0.0,0,0,0.0,weakly_positive,weakly_positive
16-12-2024,0,0,0.0,0,0,0.0,weakly_positive,weakly_positive
16-12-2024,0,0,0.0,0,0,0.0,weakly_positive,weakly_positive
16-12-2024,0,0,0.0,0,0,0.0,weakly_positive,weakly_positive
16-12-2024,0,0,0.0,0,0,0.0,weakly_positive,weakly_positive
16-12-2024,0,0,0.0,0,0,0.0,weakly_positive,weakly_positive
16-12-2024,0,0,0.0,0,0,0.0,weakly_positive,weakly_positive
16-12-2024,0,0,0.0,0,0,0.0,weakly_positive,weakly_positive
16-12-2024,0,0,0.0,0,0,0.0,weakly_positive,weakly_positive
16-12-2024,0,0,0.0,0,0,0.0,weakly_positive,weakly_positive
16-12-2024,0,0,0.0,0,0,0.0,weakly_positive,weakly_positive
16-12-2024,0,0,0.0,0,0,0.0,weakly_positive,weakly_positive
16-12-2024,0,0,0.0,0,0,0.0,weakly_positive,weakly_positive
16-12-2024,0,0,0.0,0,0,0.0,weakly_positive,weakly_positive
16-12-2024,0,0,0.0,0,0,0.0,weakly_positive,weakly_positive
15-12-2024,0,0,0.0,0,0,0.0,neutral,neutral
15-12-2024,0,0,0.0,0,0,0.0,neutral,neutral
15-12-2024,0,0,0.0,0,0,0.0,neutral,neutral
15-12-2024,0,0,0.0,0,0,0.0,neutral,neutral
15-12-2024,0,0,0.0,0,0,0.0,neutral,neutral
15-12-2024,0,0,0.0,0,0,0.0,neutral,neutral
15-12-2024,0,0,0.0,0,0,0.0,neutral,neutral
15-12-2024,0,0,0.0,0,0,0.0,neutral,neutral
15-12-2024,0,0,0.0,0,0,0.0,neutral,neutral
15-12-2024,0,0,0.0,0,0,0.0,neutral,neutral
15-12-2024,0,0,0.0,0,0,0.0,neutral,neutral
15-12-2024,0,0,0.0,0,0,0.0,neutral,neutral
15-12-2024,0,0,0.0,0,0,0.0,neutral,neutral
15-12-2024,0,0,0.0,0,0,0.0,neutral,neutral
15-12-2024,0,0,0.0,0,0,0.0,neutral,neutral
15-12-2024,0,0,0.0,0,0,0.0,neutral,neutral
15-12-2024,0,0,0.0,0,0,0.0,neutral,neutral
15-12-2024,0,0,0.0,0,0,0.0,neutral,neutral
15-12-2024,0,0,0.0,0,0,0.0,neutral,neutral
15-12-2024,0,0,0.0,0,0,0.0,neutral,neutral
15-12-2024,0,0,0.0,0,0,0.0,neutral,neutral
15-12-2024,0,0,0.0,0,0,0.0,neutral,neutral
15-12-2024,0,0,0.0,0,0,0.0,neutral,neutral
15-12-2024,0,0,0.0,0,0,0.0,neutral,neutral
14-12-2024,0,0,0.0,0,0,0.0,weakly_positive,weakly_positive
14-12-2024,0,0,0.0,0,0,0.0,weakly_positive,weakly_positive
14-12-2024,0,0,0.0,0,0,0.0,weakly_positive,weakly_positive
14-12-2024,0,0,0.0,0,0,0.0,weakly_positive,weakly_positive
14-12-2024,0,0,0.0,0,0,0.0,weakly_positive,weakly_positive
14-12-2024,10,52,0.48269,7,10,0.50014,weakly_positive,weakly_positive
14-12-2024,5,0,0.49342,4,0,0.5,weakly_positive,weakly_positive
14-12-2024,0,0,0.0,0,0,0.0,weakly_positive,weakly_positive
14-12-2024,9,11,0.59104,3,1,0.5,weakly_positive,weakly_positive
14-12-2024,13,68,0.5094,5,5,0.5264,weakly_positive,weakly_positive
14-12-2024,5,7,0.62715,4,4,0.55325,weakly_positive,weakly_positive
14-12-2024,21,148,0.60077,6,5,0.61433,weakly_positive,weakly_positive
14-12-2024,17,558,0.67058,5,24,0.6388,weakly_positive,weakly_positive
14-12-2024,25,568,0.54406,10,22,0.5434,weakly_positive,weakly_positive
14-12-2024,13,35,0.60268,6,3,0.541,weakly_positive,weakly_positive
14-12-2024,4,35,0.45551,2,10,0.47,weakly_positive,weakly_positive
14-12-2024,3,12,0.70229,2,8,0.7285,weakly_positive,weakly_positive
14-12-2024,0,0,0.0,0,0,0.0,weakly_positive,weakly_positive
14-12-2024,0,0,0.0,0,0,0.0,weakly_positive,weakly_positive
14-12-2024,11,64,0.58862,4,5,0.49125,weakly_positive,weakly_positive
14-12-2024,3,0,0.50249,1,0,0.506,weakly_positive,weakly_positive
14-12-2024,6,65,0.66874,3,14,0.69033,weakly_positive,weakly_positive
14-12-2024,13,103,0.63619,7,11,0.53,weakly_positive,weakly_positive
14-12-2024,6,0,0.60783,4,0,0.6295,weakly_positive,weakly_positive
13-12-2024,7,0,0.82461,2,0,0.8375,strongly_positive,strongly_positive
13-12-2024,13,53,0.60246,4,3,0.58175,strongly_positive,strongly_positive
13-12-2024,6,0,0.59977,2,0,0.5095,strongly_positive,strongly_positive
13-12-2024,7,69,0.56086,3,10,0.57,strongly_positive,strongly_positive
13-12-2024,12,112,0.483,6,11,0.5,strongly_positive,strongly_positive
13-12-2024,11,173,0.62747,6,22,0.61333,strongly_positive,strongly_positive
13-12-2024,8,162,0.60631,6,47,0.55283,strongly_positive,strongly_positive
13-12-2024,26,172,0.51215,24,29,0.5165,strongly_positive,strongly_positive
13-12-2024,23,60,0.56484,23,36,0.55152,strongly_positive,strongly_positive
13-12-2024,85,2230,0.55679,32,24,0.56525,strongly_positive,strongly_positive
13-12-2024,56,1840,0.60613,24,34,0.5615,strongly_positive,strongly_positive
13-12-2024,47,1215,0.65399,26,36,0.55588,strongly_positive,strongly_positive
13-12-2024,71,2215,0.51233,46,54,0.52898,strongly_positive,strongly_positive
13-12-2024,100,4364,0.56509,69,84,0.52274,strongly_positive,strongly_positive
13-12-2024,61,2452,0.54583,26,42,0.55731,strongly_positive,strongly_positive
13-12-2024,31,565,0.52975,15,22,0.54727,strongly_positive,strongly_positive
13-12-2024,6,19,0.60519,3,4,0.50633,strongly_positive,strongly_positive
13-12-2024,4,11,0.53842,3,7,0.48533,strongly_positive,strongly_positive
13-12-2024,6,28,0.48415,5,14,0.5,strongly_positive,strongly_positive
13-12-2024,14,179,0.60082,4,9,0.58175,strongly_positive,strongly_positive
13-12-2024,5,0,0.48376,2,0,0.4885,strongly_positive,strongly_positive
13-12-2024,12,37,0.54164,5,3,0.5496,strongly_positive,strongly_positive
13-12-2024,2,7,0.71545,1,5,0.6,strongly_positive,strongly_positive
13-12-2024,5,16,0.59198,3,5,0.59733,strongly_positive,strongly_positive
12-12-2024,7,21,0.62711,5,6,0.5738,strongly_positive,strongly_positive
12-12-2024,20,454,0.6679,6,17,0.64767,strongly_positive,strongly_positive
12-12-2024,6,0,0.61158,2,0,0.633,strongly_positive,strongly_positive
12-12-2024,11,154,0.54315,4,12,0.55225,strongly_positive,strongly_positive
12-12-2024,18,294,0.61131,8,18,0.59213,strongly_positive,strongly_positive
12-12-2024,23,587,0.69547,12,33,0.59358,strongly_positive,strongly_positive
12-12-2024,23,380,0.54959,14,26,0.567,strongly_positive,strongly_positive
12-12-2024,39,296,0.53765,33,23,0.55691,strongly_positive,strongly_positive
12-12-2024,145,8654,0.55567,42,43,0.54469,strongly_positive,strongly_positive
12-12-2024,143,9762,0.50801,43,51,0.52428,strongly_positive,strongly_positive
12-12-2024,60,2026,0.52769,24,33,0.53108,strongly_positive,strongly_positive
12-12-2024,90,3299,0.52649,41,41,0.54624,strongly_positive,strongly_positive
12-12-2024,112,4667,0.52592,67,65,0.53485,strongly_positive,strongly_positive
12-12-2024,130,4298,0.56385,92,67,0.5243,strongly_positive,strongly_positive
12-12-2024,58,1720,0.52544,44,69,0.54509,strongly_positive,strongly_positive
12-12-2024,44,951,0.55942,14,17,0.57707,strongly_positive,strongly_positive
12-12-2024,8,84,0.54095,3,9,0.55367,strongly_positive,strongly_positive
12-12-2024,8,36,0.62413,3,4,0.50133,strongly_positive,strongly_positive
12-12-2024,15,88,0.57595,8,8,0.5685,strongly_positive,strongly_positive
12-12-2024,5,7,0.48574,3,2,0.5,strongly_positive,strongly_positive
12-12-2024,4,6,0.55405,3,3,0.56867,strongly_positive,strongly_positive
12-12-2024,7,30,0.48174,2,3,0.5,strongly_positive,strongly_positive
12-12-2024,23,332,0.6496,7,11,0.57043,strongly_positive,strongly_positive
12-12-2024,12,203,0.65267,5,17,0.6126,strongly_positive,strongly_positive
11-12-2024,9,17,0.55497,4,2,0.576,strongly_positive,strongly_positive
11-12-2024,14,102,0.55317,7,9,0.55114,strongly_positive,strongly_positive
11-12-2024,19,109,0.59019,14,13,0.60614,strongly_positive,strongly_positive
11-12-2024,15,56,0.65276,12,10,0.53117,strongly_positive,strongly_positive
11-12-2024,0,0,0.5,0,0,0.5,strongly_positive,strongly_positive
11-12-2024,15,48,0.48188,15,28,0.5,strongly_positive,strongly_positive
11-12-2024,40,663,0.52137,14,14,0.53521,strongly_positive,strongly_positive
11-12-2024,74,1870,0.61964,29,24,0.58917,strongly_positive,strongly_positive
11-12-2024,205,13258,0.67259,91,70,0.55848,strongly_positive,strongly_positive
11-12-2024,138,7348,0.49962,80,79,0.51158,strongly_positive,strongly_positive
11-12-2024,93,3253,0.56307,63,66,0.58067,strongly_positive,strongly_positive
11-12-2024,65,1646,0.67904,47,54,0.56281,strongly_positive,strongly_positive
11-12-2024,128,9460,0.60028,40,57,0.53675,strongly_positive,strongly_positive
11-12-2024,264,38575,0.52803,92,125,0.53726,strongly_positive,strongly_positive
11-12-2024,288,26753,0.53685,127,100,0.55702,strongly_positive,strongly_positive
11-12-2024,186,18436,0.53898,94,124,0.54211,strongly_positive,strongly_positive
11-12-2024,41,1104,0.49258,22,36,0.5015,strongly_positive,strongly_positive
11-12-2024,5,22,0.72217,4,12,0.6,strongly_positive,strongly_positive
11-12-2024,4,1,0.50773,4,3,0.526,strongly_positive,strongly_positive
11-12-2024,3,0,0.13767,1,0,0.125,strongly_positive,strongly_positive
11-12-2024,5,49,0.51869,2,9,0.5,strongly_positive,strongly_positive
11-12-2024,5,21,0.4811,2,4,0.4985,strongly_positive,strongly_positive
11-12-2024,6,26,0.53294,3,5,0.54,strongly_positive,strongly_positive
11-12-2024,28,505,0.61881,9,14,0.54667,strongly_positive,strongly_positive
11-12-2024,12,181,0.53154,4,12,0.54625,strongly_positive,strongly_positive
10-12-2024,20,567,0.48975,9,31,0.50833,strongly_positive,strongly_positive
10-12-2024,17,309,0.62827,8,21,0.55413,strongly_positive,strongly_positive
10-12-2024,9,59,0.56442,5,9,0.5772,strongly_positive,strongly_positive
10-12-2024,7,29,0.82668,6,12,0.67733,strongly_positive,strongly_positive
10-12-2024,7,32,0.51184,6,18,0.51117,strongly_positive,strongly_positive
10-12-2024,37,1254,0.61161,11,25,0.54891,strongly_positive,strongly_positive
10-12-2024,43,1912,0.62957,16,40,0.51488,strongly_positive,strongly_positive
10-12-2024,167,17524,0.51305,70,107,0.53221,strongly_positive,strongly_positive
10-12-2024,170,13471,0.51933,81,93,0.52331,strongly_positive,strongly_positive
10-12-2024,95,4922,0.56855,60,87,0.54242,strongly_positive,strongly_positive
10-12-2024,52,367,0.61957,39,16,0.51697,strongly_positive,strongly_positive
10-12-2024,52,446,0.53749,42,23,0.54119,strongly_positive,strongly_positive
10-12-2024,253,14874,0.50065,84,48,0.51679,strongly_positive,strongly_positive
10-12-2024,161,8494,0.57634,60,48,0.5571,strongly_positive,strongly_positive
10-12-2024,46,1263,0.63852,22,32,0.57336,strongly_positive,strongly_positive
10-12-2024,26,472,0.57321,14,25,0.58221,strongly_positive,strongly_positive
10-12-2024,12,113,0.50381,7,14,0.48643,strongly_positive,strongly_positive
10-12-2024,2,1,0.54568,2,3,0.55,strongly_positive,strongly_positive
10-12-2024,3,18,0.60351,1,4,0.551,strongly_positive,strongly_positive
10-12-2024,6,8,0.53904,2,1,0.558,strongly_positive,strongly_positive
10-12-2024,10,40,0.50706,4,4,0.525,strongly_positive,strongly_positive
10-12-2024,7,7,0.58649,3,1,0.53467,strongly_positive,strongly_positive
10-12-2024,12,192,0.59754,6,20,0.60267,strongly_positive,strongly_positive
10-12-2024,12,172,0.63329,9,33,0.53911,strongly_positive,strongly_positive
09-12-2024,10,88,0.58183,8,24,0.59062,strongly_positive,strongly_positive
09-12-2024,19,208,0.60398,9,13,0.53589,strongly_positive,strongly_positive
09-12-2024,27,469,0.53588,14,22,0.55136,strongly_positive,strongly_positive
09-12-2024,20,339,0.54416,12,26,0.52067,strongly_positive,strongly_positive
09-12-2024,13,92,0.5717,12,33,0.57275,strongly_positive,strongly_positive
09-12-2024,23,4,0.53791,23,18,0.54926,strongly_positive,strongly_positive
09-12-2024,54,1868,0.51482,17,27,0.53182,strongly_positive,strongly_positive
09-12-2024,88,4019,0.56527,35,44,0.56583,strongly_positive,strongly_positive
09-12-2024,89,3563,0.57854,40,44,0.5214,strongly_positive,strongly_positive
09-12-2024,83,3880,0.54075,43,60,0.54837,strongly_positive,strongly_positive
09-12-2024,97,4872,0.53021,67,98,0.54982,strongly_positive,strongly_positive
09-12-2024,106,4085,0.52522,88,113,0.53032,strongly_positive,strongly_positive
09-12-2024,105,1827,0.53687,94,68,0.5448,strongly_positive,strongly_positive
09-12-2024,181,9198,0.60315,64,44,0.50572,strongly_positive,strongly_positive
09-12-2024,40,454,0.50595,16,11,0.52356,strongly_positive,strongly_positive
09-12-2024,23,343,0.50833,12,19,0.52517,strongly_positive,strongly_positive
09-12-2024,12,109,0.60512,7,14,0.58671,strongly_positive,strongly_positive
09-12-2024,8,0,0.48307,5,0,0.5,strongly_positive,strongly_positive
09-12-2024,0,0,0.5,0,0,0.5,strongly_positive,strongly_positive
09-12-2024,14,20,0.52645,4,1,0.53375,strongly_positive,strongly_positive
09-12-2024,3,8,0.48263,1,2,0.5,strongly_positive,strongly_positive
09-12-2024,9,11,0.6961,3,1,0.594,strongly_positive,strongly_positive
09-12-2024,9,33,0.65867,4,4,0.60375,strongly_positive,strongly_positive
09-12-2024,13,134,0.49511,6,12,0.51283,strongly_positive,strongly_positive
09-12-2024,11,40,0.52494,6,5,0.5145,strongly_positive,strongly_positive
08-12-2024,1,1,0.58966,1,2,0.6,strongly_positive,strongly_positive
08-12-2024,8,10,0.61231,7,5,0.61629,strongly_positive,strongly_positive
08-12-2024,17,238,0.62104,6,12,0.53117,strongly_positive,strongly_positive
08-12-2024,11,12,0.58167,4,1,0.5915,strongly_positive,strongly_positive
08-12-2024,10,109,0.5378,4,11,0.5,strongly_positive,strongly_positive
08-12-2024,24,201,0.59212,7,6,0.60329,strongly_positive,strongly_positive
08-12-2024,26,980,0.55147,8,28,0.52938,strongly_positive,strongly_positive
08-12-2024,0,0,0.0,0,0,0.0,strongly_positive,strongly_positive
08-12-2024,2,0,0.49045,1,0,0.5,strongly_positive,strongly_positive
08-12-2024,2,33,0.60453,1,19,0.625,strongly_positive,strongly_positive
08-12-2024,12,279,0.61234,7,33,0.59529,strongly_positive,strongly_positive
08-12-2024,4,13,0.62876,3,8,0.569,strongly_positive,strongly_positive
08-12-2024,3,4,0.57531,3,7,0.58233,strongly_positive,strongly_positive
08-12-2024,10,391,0.58348,10,27,0.5666,strongly_positive,strongly_positive
08-12-2024,5,118,0.52388,2,21,0.53,strongly_positive,strongly_positive
08-12-2024,7,14,0.62515,3,2,0.575,strongly_positive,strongly_positive
08-12-2024,7,15,0.7178,4,3,0.60475,strongly_positive,strongly_positive
08-12-2024,2,2,0.48933,1,2,0.506,strongly_positive,strongly_positive
08-12-2024,3,0,0.54984,2,0,0.505,strongly_positive,strongly_positive
08-12-2024,3,0,0.52031,1,0,0.506,strongly_positive,strongly_positive
08-12-2024,3,8,0.88031,1,2,0.756,strongly_positive,strongly_positive
08-12-2024,6,0,0.49587,2,0,0.505,strongly_positive,strongly_positive
08-12-2024,2,2,0.45248,1,1,0.469,strongly_positive,strongly_positive
08-12-2024,8,57,0.59254,4,9,0.508,strongly_positive,strongly_positive
07-12-2024,3,2,0.49578,2,1,0.511,strongly_positive,strongly_positive
07-12-2024,5,0,0.50301,5,0,0.5048,strongly_positive,strongly_positive
07-12-2024,3,0,0.67864,1,0,0.667,strongly_positive,strongly_positive
07-12-2024,13,43,0.45249,5,3,0.4612,strongly_positive,strongly_positive
07-12-2024,0,0,0.0,0,0,0.0,strongly_positive,strongly_positive
07-12-2024,13,142,0.50688,6,12,0.526,strongly_positive,strongly_positive
07-12-2024,6,14,0.59747,4,4,0.6155,strongly_positive,strongly_positive
07-12-2024,10,66,0.59964,7,13,0.55957,strongly_positive,strongly_positive
07-12-2024,7,14,0.70894,6,6,0.57333,strongly_positive,strongly_positive
07-12-2024,7,25,0.52577,3,4,0.50633,strongly_positive,strongly_positive
07-12-2024,8,43,0.59217,4,7,0.501,strongly_positive,strongly_positive
07-12-2024,8,65,0.61315,5,13,0.6336,strongly_positive,strongly_positive
07-12-2024,9,20,0.60602,8,7,0.627,strongly_positive,strongly_positive
07-12-2024,17,191,0.57721,5,8,0.5628,strongly_positive,strongly_positive
07-12-2024,17,138,0.51351,5,6,0.5308,strongly_positive,strongly_positive
07-12-2024,2,0,0.49493,1,0,0.5,strongly_positive,strongly_positive
07-12-2024,11,59,0.55763,5,6,0.5782,strongly_positive,strongly_positive
07-12-2024,5,47,0.52617,3,15,0.53333,strongly_positive,strongly_positive
07-12-2024,3,3,0.5805,2,2,0.536,strongly_positive,strongly_positive
07-12-2024,1,4,0.56331,1,10,0.584,strongly_positive,strongly_positive
07-12-2024,6,0,0.60779,2,0,0.628,strongly_positive,strongly_positive
07-12-2024,8,0,0.45918,3,0,0.46867,strongly_positive,strongly_positive
07-12-2024,3,0,0.57062,1,0,0.572,strongly_positive,strongly_positive
07-12-2024,6,14,0.61315,3,3,0.529,strongly_positive,strongly_positive
06-12-2024,7,30,0.59138,4,6,0.60325,weakly_positive,weakly_positive
06-12-2024,8,90,0.58257,5,20,0.5454,weakly_positive,weakly_positive
06-12-2024,10,43,0.51326,3,3,0.50633,weakly_positive,weakly_positive
06-12-2024,36,770,0.49365,11,16,0.50827,weakly_positive,weakly_positive
06-12-2024,22,447,0.54728,9,20,0.548,weakly_positive,weakly_positive
06-12-2024,23,533,0.56549,10,24,0.5573,weakly_positive,weakly_positive
06-12-2024,33,770,0.59845,16,28,0.525,weakly_positive,weakly_positive
06-12-2024,43,515,0.55397,31,25,0.51955,weakly_positive,weakly_positive
06-12-2024,34,536,0.53979,26,38,0.56023,weakly_positive,weakly_positive
06-12-2024,26,124,0.50734,24,24,0.50521,weakly_positive,weakly_positive
06-12-2024,62,1799,0.57838,21,24,0.54171,weakly_positive,weakly_positive
06-12-2024,97,629,0.67459,37,6,0.54832,weakly_positive,weakly_positive
06-12-2024,98,2427,0.51444,42,26,0.53381,weakly_positive,weakly_positive
06-12-2024,82,675,0.63663,77,47,0.54118,weakly_positive,weakly_positive
06-12-2024,58,2438,0.51983,18,32,0.53672,weakly_positive,weakly_positive
06-12-2024,22,392,0.60933,7,14,0.56371,weakly_positive,weakly_positive
06-12-2024,14,53,0.51132,6,4,0.5,weakly_positive,weakly_positive
06-12-2024,0,0,0.5,0,0,0.5,weakly_positive,weakly_positive
06-12-2024,2,0,0.49986,1,0,0.433,weakly_positive,weakly_positive
06-12-2024,6,79,0.48775,4,24,0.49175,weakly_positive,weakly_positive
06-12-2024,4,17,0.3837,3,11,0.398,weakly_positive,weakly_positive
06-12-2024,0,0,0.0,0,0,0.0,weakly_positive,weakly_positive
06-12-2024,0,0,0.0,0,0,0.0,weakly_positive,weakly_positive
06-12-2024,8,26,0.68684,3,3,0.55033,weakly_positive,weakly_positive
06-12-2024,10,62,0.59474,4,6,0.5875,weakly_positive,weakly_positive
05-12-2024,5,10,0.50412,3,3,0.51533,weakly_positive,weakly_positive
05-12-2024,12,98,0.53235,7,13,0.53243,weakly_positive,weakly_positive
05-12-2024,15,130,0.53323,11,18,0.55345,weakly_positive,weakly_positive
05-12-2024,32,1684,0.53716,10,40,0.5522,weakly_positive,weakly_positive
05-12-2024,15,115,0.63688,5,6,0.5984,weakly_positive,weakly_positive
05-12-2024,14,132,0.51209,6,10,0.5065,weakly_positive,weakly_positive
05-12-2024,17,197,0.47183,8,13,0.48525,weakly_positive,weakly_positive
05-12-2024,61,1619,0.52657,32,35,0.541,weakly_positive,weakly_positive
05-12-2024,34,301,0.50231,27,23,0.52137,weakly_positive,weakly_positive
05-12-2024,38,246,0.57252,32,21,0.50447,weakly_positive,weakly_positive
05-12-2024,72,2084,0.47718,21,21,0.48814,weakly_positive,weakly_positive
05-12-2024,72,1556,0.5419,26,19,0.56246,weakly_positive,weakly_positive
05-12-2024,113,2394,0.49036,46,21,0.48946,weakly_positive,weakly_positive
05-12-2024,69,973,0.58628,32,16,0.52569,weakly_positive,weakly_positive
05-12-2024,23,173,0.62735,14,12,0.5125,weakly_positive,weakly_positive
05-12-2024,13,31,0.53156,9,5,0.55144,weakly_positive,weakly_positive
05-12-2024,5,12,0.66796,4,6,0.598,weakly_positive,weakly_positive
05-12-2024,6,37,0.5432,3,7,0.56033,weakly_positive,weakly_positive
05-12-2024,6,27,0.48036,3,6,0.49167,weakly_positive,weakly_positive
05-12-2024,3,1,0.44206,2,1,0.4335,weakly_positive,weakly_positive
05-12-2024,0,0,0.0,0,0,0.0,weakly_positive,weakly_positive
05-12-2024,1,0,0.29325,1,1,0.3,weakly_positive,weakly_positive
05-12-2024,16,271,0.47837,6,15,0.49633,weakly_positive,weakly_positive
05-12-2024,12,36,0.58124,5,3,0.5762,weakly_positive,weakly_positive
04-12-2024,9,43,0.43436,4,5,0.44625,strongly_positive,strongly_positive
04-12-2024,18,218,0.71735,11,20,0.57773,strongly_positive,strongly_positive
04-12-2024,12,53,0.56922,8,8,0.56375,strongly_positive,strongly_positive
04-12-2024,6,69,0.65888,5,30,0.5828,strongly_positive,strongly_positive
04-12-2024,46,571,0.64628,15,10,0.6102,strongly_positive,strongly_positive
