published_date,twitter_posts,twitter_likes,twitter_sentiment,stock_twitter_posts,stock_twitter_likes,sentiment_score,weighted_daily_sentiment_x,weighted_daily_sentiment_y
04-03-2025,3,65,0.49685,1,14,0.5,strongly_positive,strongly_positive
04-03-2025,62,6334,0.48192,20,81,0.5,strongly_positive,strongly_positive
04-03-2025,65,3465,0.56541,22,44,0.49095,strongly_positive,strongly_positive
04-03-2025,65,2143,0.58126,30,37,0.54057,strongly_positive,strongly_positive
04-03-2025,57,2771,0.68552,30,64,0.5518,strongly_positive,strongly_positive
04-03-2025,48,883,0.54453,27,26,0.53915,strongly_positive,strongly_positive
04-03-2025,48,1432,0.55196,41,96,0.56498,strongly_positive,strongly_positive
04-03-2025,62,1467,0.68374,57,109,0.54933,strongly_positive,strongly_positive
04-03-2025,214,30077,0.51137,65,106,0.53077,strongly_positive,strongly_positive
04-03-2025,48,1028,0.53278,30,35,0.51807,strongly_positive,strongly_positive
04-03-2025,36,1059,0.47911,24,53,0.49558,strongly_positive,strongly_positive
04-03-2025,37,1426,0.48193,11,28,0.48773,strongly_positive,strongly_positive
04-03-2025,13,210,0.56624,4,12,0.55,strongly_positive,strongly_positive
04-03-2025,20,602,0.57648,7,25,0.49414,strongly_positive,strongly_positive
04-03-2025,6,74,0.48113,3,14,0.44267,strongly_positive,strongly_positive
04-03-2025,0,0,0.0,0,0,0.0,strongly_positive,strongly_positive
04-03-2025,4,30,0.69499,2,11,0.683,strongly_positive,strongly_positive
04-03-2025,10,92,0.5713,8,23,0.52488,strongly_positive,strongly_positive
04-03-2025,5,17,0.54757,5,20,0.55,strongly_positive,strongly_positive
03-03-2025,26,653,0.55025,8,19,0.571,strongly_positive,strongly_positive
03-03-2025,16,173,0.64012,6,10,0.652,strongly_positive,strongly_positive
03-03-2025,21,517,0.55767,9,26,0.52033,strongly_positive,strongly_positive
03-03-2025,28,651,0.54481,13,26,0.56531,strongly_positive,strongly_positive
03-03-2025,5,27,0.40623,3,10,0.41867,strongly_positive,strongly_positive
03-03-2025,11,111,0.50415,9,26,0.51667,strongly_positive,strongly_positive
03-03-2025,52,2195,0.56399,16,32,0.55444,strongly_positive,strongly_positive
03-03-2025,151,20083,0.60863,52,112,0.53175,strongly_positive,strongly_positive
03-03-2025,97,5857,0.49739,35,53,0.50949,strongly_positive,strongly_positive
03-03-2025,48,2161,0.56377,24,55,0.58504,strongly_positive,strongly_positive
03-03-2025,63,1465,0.55687,36,34,0.55328,strongly_positive,strongly_positive
03-03-2025,41,594,0.54586,25,23,0.56016,strongly_positive,strongly_positive
03-03-2025,17,103,0.67664,16,37,0.54744,strongly_positive,strongly_positive
03-03-2025,128,8146,0.51656,37,46,0.51276,strongly_positive,strongly_positive
03-03-2025,56,2681,0.60669,18,38,0.53872,strongly_positive,strongly_positive
03-03-2025,11,52,0.63645,5,5,0.6028,strongly_positive,strongly_positive
03-03-2025,9,105,0.5521,4,13,0.573,strongly_positive,strongly_positive
03-03-2025,6,6,0.53759,4,2,0.475,strongly_positive,strongly_positive
03-03-2025,0,0,0.0,0,0,0.0,strongly_positive,strongly_positive
03-03-2025,2,3,0.45241,2,7,0.4315,strongly_positive,strongly_positive
03-03-2025,6,7,0.48467,2,1,0.4845,strongly_positive,strongly_positive
03-03-2025,5,29,0.48211,2,5,0.493,strongly_positive,strongly_positive
03-03-2025,5,5,0.4602,2,1,0.475,strongly_positive,strongly_positive
03-03-2025,7,92,0.51538,4,18,0.51475,strongly_positive,strongly_positive
02-03-2025,3,24,0.552,2,14,0.4955,strongly_positive,strongly_positive
02-03-2025,5,23,0.54634,4,11,0.555,strongly_positive,strongly_positive
02-03-2025,20,872,0.45116,6,32,0.468,strongly_positive,strongly_positive
02-03-2025,9,259,0.38171,3,23,0.38467,strongly_positive,strongly_positive
02-03-2025,11,236,0.54082,4,18,0.54975,strongly_positive,strongly_positive
02-03-2025,19,405,0.68525,9,25,0.57189,strongly_positive,strongly_positive
02-03-2025,20,344,0.50274,11,24,0.52055,strongly_positive,strongly_positive
02-03-2025,13,74,0.4925,10,13,0.5084,strongly_positive,strongly_positive
02-03-2025,6,3,0.61196,5,2,0.5916,strongly_positive,strongly_positive
02-03-2025,3,3,0.56293,3,9,0.583,strongly_positive,strongly_positive
02-03-2025,13,260,0.52992,5,18,0.5382,strongly_positive,strongly_positive
02-03-2025,26,835,0.48815,11,33,0.50545,strongly_positive,strongly_positive
02-03-2025,9,100,0.5886,4,12,0.5,strongly_positive,strongly_positive
02-03-2025,8,46,0.55545,5,10,0.5072,strongly_positive,strongly_positive
02-03-2025,3,0,0.49266,2,0,0.51,strongly_positive,strongly_positive
02-03-2025,4,4,0.57121,3,3,0.55833,strongly_positive,strongly_positive
02-03-2025,9,34,0.51418,3,3,0.52233,strongly_positive,strongly_positive
02-03-2025,23,0,0.53731,8,0,0.54188,strongly_positive,strongly_positive
02-03-2025,6,10,0.5336,3,2,0.45433,strongly_positive,strongly_positive
02-03-2025,2,0,0.5201,1,0,0.528,strongly_positive,strongly_positive
02-03-2025,2,1,0.53975,1,1,0.5,strongly_positive,strongly_positive
02-03-2025,5,6,0.58847,2,1,0.6005,strongly_positive,strongly_positive
02-03-2025,0,0,0.5,0,0,0.5,strongly_positive,strongly_positive
02-03-2025,8,8,0.54409,3,1,0.52067,strongly_positive,strongly_positive
02-03-2025,4,4,0.67352,2,1,0.5645,strongly_positive,strongly_positive
01-03-2025,0,0,0.0,0,0,0.0,weakly_positive,weakly_positive
01-03-2025,0,0,0.0,0,0,0.0,weakly_positive,weakly_positive
01-03-2025,4,1,0.52613,3,1,0.51,weakly_positive,weakly_positive
01-03-2025,19,417,0.59112,6,17,0.53283,weakly_positive,weakly_positive
01-03-2025,11,128,0.51774,4,10,0.525,weakly_positive,weakly_positive
01-03-2025,16,249,0.5164,6,14,0.5,weakly_positive,weakly_positive
01-03-2025,4,69,0.49515,2,22,0.5,weakly_positive,weakly_positive
01-03-2025,13,17,0.60337,8,2,0.55288,weakly_positive,weakly_positive
01-03-2025,1,0,0.75481,1,0,0.633,weakly_positive,weakly_positive
01-03-2025,17,24,0.39042,5,1,0.404,weakly_positive,weakly_positive
01-03-2025,30,487,0.59358,9,12,0.54311,weakly_positive,weakly_positive
01-03-2025,30,216,0.53419,12,7,0.518,weakly_positive,weakly_positive
01-03-2025,15,41,0.61741,7,3,0.52786,weakly_positive,weakly_positive
01-03-2025,2,2,0.59011,1,1,0.6,weakly_positive,weakly_positive
01-03-2025,10,55,0.55818,7,11,0.57829,weakly_positive,weakly_positive
01-03-2025,7,18,0.56943,5,6,0.486,weakly_positive,weakly_positive
01-03-2025,1,1,0.48465,1,4,0.5,weakly_positive,weakly_positive
01-03-2025,11,64,0.58495,4,5,0.58825,weakly_positive,weakly_positive
01-03-2025,3,0,0.51009,1,0,0.5,weakly_positive,weakly_positive
01-03-2025,4,0,0.49135,2,0,0.5,weakly_positive,weakly_positive
01-03-2025,4,17,0.51718,2,6,0.5205,weakly_positive,weakly_positive
01-03-2025,0,0,0.0,0,0,0.0,weakly_positive,weakly_positive
01-03-2025,0,0,0.0,0,0,0.0,weakly_positive,weakly_positive
01-03-2025,3,0,0.53772,1,0,0.5,weakly_positive,weakly_positive
28-02-2025,3,8,0.6213,1,2,0.5,strongly_positive,strongly_positive
28-02-2025,5,68,0.61211,3,24,0.58767,strongly_positive,strongly_positive
28-02-2025,6,5,0.63526,5,2,0.535,strongly_positive,strongly_positive
28-02-2025,4,2,0.59736,4,3,0.61775,strongly_positive,strongly_positive
28-02-2025,12,265,0.44927,4,18,0.4645,strongly_positive,strongly_positive
28-02-2025,11,96,0.54563,4,8,0.5305,strongly_positive,strongly_positive
28-02-2025,15,435,0.46258,6,28,0.4785,strongly_positive,strongly_positive
28-02-2025,52,1604,0.51173,29,44,0.51793,strongly_positive,strongly_positive
28-02-2025,38,1105,0.51297,25,52,0.53168,strongly_positive,strongly_positive
28-02-2025,39,509,0.54171,36,64,0.54808,strongly_positive,strongly_positive
28-02-2025,79,2927,0.50467,24,28,0.46425,strongly_positive,strongly_positive
28-02-2025,50,1404,0.50016,16,22,0.51831,strongly_positive,strongly_positive
28-02-2025,65,1925,0.51805,28,31,0.53568,strongly_positive,strongly_positive
28-02-2025,55,2316,0.52326,27,51,0.53326,strongly_positive,strongly_positive
28-02-2025,37,1576,0.56072,19,55,0.56326,strongly_positive,strongly_positive
28-02-2025,22,98,0.66614,17,11,0.57218,strongly_positive,strongly_positive
28-02-2025,12,64,0.46952,10,16,0.4782,strongly_positive,strongly_positive
28-02-2025,17,361,0.57648,5,15,0.5378,strongly_positive,strongly_positive
28-02-2025,13,141,0.50592,5,10,0.4978,strongly_positive,strongly_positive
28-02-2025,15,186,0.5097,6,12,0.52533,strongly_positive,strongly_positive
28-02-2025,5,49,0.68595,3,14,0.68833,strongly_positive,strongly_positive
28-02-2025,2,1,0.50867,1,1,0.5,strongly_positive,strongly_positive
28-02-2025,11,82,0.62521,8,15,0.54613,strongly_positive,strongly_positive
28-02-2025,16,129,0.62595,5,6,0.585,strongly_positive,strongly_positive
27-02-2025,16,371,0.53598,5,18,0.5562,strongly_positive,strongly_positive
27-02-2025,36,950,0.5393,13,23,0.53577,strongly_positive,strongly_positive
27-02-2025,7,147,0.49037,3,23,0.45767,strongly_positive,strongly_positive
27-02-2025,25,964,0.69118,13,50,0.55908,strongly_positive,strongly_positive
27-02-2025,21,319,0.46918,13,24,0.48692,strongly_positive,strongly_positive
27-02-2025,58,2041,0.56932,21,31,0.48176,strongly_positive,strongly_positive
27-02-2025,39,826,0.50674,16,21,0.52363,strongly_positive,strongly_positive
27-02-2025,89,5108,0.56647,38,60,0.52213,strongly_positive,strongly_positive
27-02-2025,65,3080,0.48606,40,76,0.47398,strongly_positive,strongly_positive
27-02-2025,50,521,0.62762,36,22,0.54128,strongly_positive,strongly_positive
27-02-2025,75,2485,0.52022,22,24,0.5255,strongly_positive,strongly_positive
27-02-2025,80,4609,0.54471,26,46,0.56481,strongly_positive,strongly_positive
27-02-2025,94,4182,0.60571,32,37,0.5215,strongly_positive,strongly_positive
27-02-2025,125,4635,0.56841,58,42,0.52491,strongly_positive,strongly_positive
27-02-2025,53,1116,0.53299,28,28,0.53379,strongly_positive,strongly_positive
27-02-2025,46,1833,0.57565,26,57,0.56719,strongly_positive,strongly_positive
27-02-2025,17,263,0.52217,15,52,0.533,strongly_positive,strongly_positive
27-02-2025,9,41,0.51293,8,23,0.51413,strongly_positive,strongly_positive
27-02-2025,7,87,0.59305,2,9,0.6155,strongly_positive,strongly_positive
27-02-2025,0,0,0.5,0,0,0.5,strongly_positive,strongly_positive
27-02-2025,12,73,0.5523,5,6,0.5684,strongly_positive,strongly_positive
27-02-2025,5,5,0.76789,2,1,0.719,strongly_positive,strongly_positive
27-02-2025,7,117,0.62893,4,27,0.6205,strongly_positive,strongly_positive
27-02-2025,5,17,0.64785,3,6,0.667,strongly_positive,strongly_positive
27-02-2025,4,5,0.38981,3,3,0.4,strongly_positive,strongly_positive
26-02-2025,21,212,0.51065,7,8,0.53,strongly_positive,strongly_positive
26-02-2025,26,251,0.65128,9,8,0.57144,strongly_positive,strongly_positive
26-02-2025,10,185,0.53325,4,17,0.54625,strongly_positive,strongly_positive
26-02-2025,20,366,0.56211,10,22,0.5834,strongly_positive,strongly_positive
26-02-2025,14,390,0.49617,8,40,0.49413,strongly_positive,strongly_positive
26-02-2025,24,265,0.58614,16,20,0.52344,strongly_positive,strongly_positive
26-02-2025,22,122,0.59347,21,29,0.48248,strongly_positive,strongly_positive
26-02-2025,59,1713,0.50237,18,22,0.52128,strongly_positive,strongly_positive
26-02-2025,100,3296,0.58496,32,26,0.52156,strongly_positive,strongly_positive
26-02-2025,36,215,0.49753,24,11,0.51367,strongly_positive,strongly_positive
26-02-2025,23,252,0.462,18,29,0.47222,strongly_positive,strongly_positive
26-02-2025,107,5596,0.58061,33,40,0.56782,strongly_positive,strongly_positive
26-02-2025,93,3515,0.64549,32,32,0.55925,strongly_positive,strongly_positive
26-02-2025,138,6243,0.54412,50,40,0.55584,strongly_positive,strongly_positive
26-02-2025,46,932,0.52424,23,25,0.54378,strongly_positive,strongly_positive
26-02-2025,29,412,0.56713,17,21,0.56082,strongly_positive,strongly_positive
26-02-2025,8,50,0.56838,5,10,0.5846,strongly_positive,strongly_positive
26-02-2025,10,31,0.68941,10,22,0.5525,strongly_positive,strongly_positive
26-02-2025,7,81,0.50611,2,8,0.5,strongly_positive,strongly_positive
26-02-2025,22,555,0.62426,7,20,0.54986,strongly_positive,strongly_positive
26-02-2025,2,2,0.53137,1,1,0.5,strongly_positive,strongly_positive
26-02-2025,6,43,0.48173,3,8,0.5,strongly_positive,strongly_positive
26-02-2025,10,48,0.54046,7,9,0.55557,strongly_positive,strongly_positive
26-02-2025,8,49,0.52516,6,13,0.4935,strongly_positive,strongly_positive
25-02-2025,6,25,0.4776,5,14,0.39,strongly_positive,strongly_positive
25-02-2025,17,142,0.61307,6,7,0.54117,strongly_positive,strongly_positive
25-02-2025,11,139,0.54236,4,11,0.55725,strongly_positive,strongly_positive
25-02-2025,22,354,0.55901,9,16,0.53278,strongly_positive,strongly_positive
25-02-2025,23,278,0.64091,12,16,0.56483,strongly_positive,strongly_positive
25-02-2025,23,540,0.55703,14,38,0.56979,strongly_positive,strongly_positive
25-02-2025,25,525,0.58734,18,45,0.60611,strongly_positive,strongly_positive
25-02-2025,191,19904,0.57413,56,76,0.57313,strongly_positive,strongly_positive
25-02-2025,150,11580,0.64359,49,62,0.57718,strongly_positive,strongly_positive
25-02-2025,135,5006,0.51901,46,31,0.53541,strongly_positive,strongly_positive
25-02-2025,77,3582,0.51759,36,53,0.53694,strongly_positive,strongly_positive
25-02-2025,82,4527,0.52707,44,74,0.53091,strongly_positive,strongly_positive
25-02-2025,152,20289,0.51696,50,108,0.53324,strongly_positive,strongly_positive
25-02-2025,141,10482,0.47565,52,67,0.48688,strongly_positive,strongly_positive
25-02-2025,41,1090,0.65363,16,25,0.52519,strongly_positive,strongly_positive
25-02-2025,24,407,0.58404,13,23,0.50831,strongly_positive,strongly_positive
25-02-2025,24,344,0.47778,15,24,0.4906,strongly_positive,strongly_positive
25-02-2025,10,75,0.54147,7,14,0.51043,strongly_positive,strongly_positive
25-02-2025,20,220,0.58434,6,8,0.57933,strongly_positive,strongly_positive
25-02-2025,10,27,0.51915,3,2,0.53333,strongly_positive,strongly_positive
25-02-2025,12,29,0.53475,4,2,0.55,strongly_positive,strongly_positive
25-02-2025,13,45,0.47403,6,4,0.492,strongly_positive,strongly_positive
25-02-2025,6,34,0.70949,3,7,0.62767,strongly_positive,strongly_positive
25-02-2025,5,16,0.57635,4,7,0.54425,strongly_positive,strongly_positive
24-02-2025,14,59,0.54269,11,11,0.56327,strongly_positive,strongly_positive
24-02-2025,4,5,0.53784,4,9,0.538,strongly_positive,strongly_positive
24-02-2025,38,717,0.5452,14,17,0.56107,strongly_positive,strongly_positive
24-02-2025,21,89,0.66089,8,4,0.54238,strongly_positive,strongly_positive
24-02-2025,32,477,0.50326,14,16,0.52193,strongly_positive,strongly_positive
24-02-2025,23,266,0.53407,13,17,0.54938,strongly_positive,strongly_positive
24-02-2025,28,195,0.51561,19,13,0.49305,strongly_positive,strongly_positive
24-02-2025,47,574,0.62078,38,33,0.51974,strongly_positive,strongly_positive
24-02-2025,48,2133,0.52765,15,34,0.53893,strongly_positive,strongly_positive
24-02-2025,0,0,0.5,0,0,0.5,strongly_positive,strongly_positive
24-02-2025,43,811,0.51223,15,16,0.52907,strongly_positive,strongly_positive
24-02-2025,44,1838,0.61518,16,37,0.51413,strongly_positive,strongly_positive
24-02-2025,80,3735,0.56318,40,58,0.50718,strongly_positive,strongly_positive
24-02-2025,60,965,0.50088,35,24,0.50811,strongly_positive,strongly_positive
24-02-2025,41,790,0.46664,33,51,0.48394,strongly_positive,strongly_positive
24-02-2025,16,74,0.52311,16,38,0.528,strongly_positive,strongly_positive
24-02-2025,38,1205,0.53993,11,23,0.54809,strongly_positive,strongly_positive
24-02-2025,19,552,0.55492,11,44,0.56882,strongly_positive,strongly_positive
24-02-2025,1,0,0.70629,1,0,0.669,strongly_positive,strongly_positive
24-02-2025,4,21,0.39858,3,12,0.41367,strongly_positive,strongly_positive
24-02-2025,6,40,0.46465,2,5,0.4765,strongly_positive,strongly_positive
24-02-2025,0,0,0.0,0,0,0.0,strongly_positive,strongly_positive
24-02-2025,3,28,0.60659,1,8,0.5,strongly_positive,strongly_positive
24-02-2025,12,151,0.6244,6,16,0.55567,strongly_positive,strongly_positive
24-02-2025,6,27,0.53123,3,6,0.547,strongly_positive,strongly_positive
23-02-2025,2,4,0.48179,2,6,0.5,strongly_positive,strongly_positive
23-02-2025,12,225,0.6185,11,70,0.54955,strongly_positive,strongly_positive
23-02-2025,10,42,0.5193,3,3,0.52967,strongly_positive,strongly_positive
23-02-2025,8,110,0.7447,3,13,0.61533,strongly_positive,strongly_positive
23-02-2025,24,1236,0.54331,10,52,0.5447,strongly_positive,strongly_positive
23-02-2025,6,47,0.73096,3,9,0.66067,strongly_positive,strongly_positive
23-02-2025,6,50,0.63957,4,14,0.5275,strongly_positive,strongly_positive
23-02-2025,5,29,0.52329,4,13,0.5425,strongly_positive,strongly_positive
23-02-2025,4,0,0.53754,4,0,0.5435,strongly_positive,strongly_positive
23-02-2025,9,11,0.51942,3,1,0.49833,strongly_positive,strongly_positive
23-02-2025,16,196,0.65079,6,11,0.5475,strongly_positive,strongly_positive
23-02-2025,21,245,0.61166,8,11,0.618,strongly_positive,strongly_positive
23-02-2025,9,59,0.57714,5,9,0.5966,strongly_positive,strongly_positive
23-02-2025,5,41,0.5146,3,14,0.5,strongly_positive,strongly_positive
23-02-2025,5,4,0.58195,4,3,0.52625,strongly_positive,strongly_positive
23-02-2025,3,0,0.59257,1,0,0.6,strongly_positive,strongly_positive
23-02-2025,6,8,0.60121,2,1,0.5835,strongly_positive,strongly_positive
23-02-2025,17,0,0.55471,7,0,0.561,strongly_positive,strongly_positive
23-02-2025,2,2,0.85529,1,1,0.844,strongly_positive,strongly_positive
23-02-2025,2,0,0.64372,1,0,0.667,strongly_positive,strongly_positive
23-02-2025,6,8,0.59708,2,1,0.5675,strongly_positive,strongly_positive
23-02-2025,9,32,0.61257,3,3,0.63567,strongly_positive,strongly_positive
23-02-2025,0,0,0.0,0,0,0.0,strongly_positive,strongly_positive
23-02-2025,7,80,0.52732,4,16,0.54375,strongly_positive,strongly_positive
22-02-2025,14,212,0.71724,8,23,0.59413,strongly_positive,strongly_positive
22-02-2025,5,10,0.63755,5,9,0.5698,strongly_positive,strongly_positive
22-02-2025,4,2,0.55493,4,6,0.572,strongly_positive,strongly_positive
22-02-2025,6,24,0.51969,2,3,0.5,strongly_positive,strongly_positive
22-02-2025,9,97,0.5845,4,11,0.58775,strongly_positive,strongly_positive
22-02-2025,4,41,0.54257,2,11,0.5525,strongly_positive,strongly_positive
22-02-2025,4,6,0.49836,2,2,0.5155,strongly_positive,strongly_positive
22-02-2025,4,31,0.60545,3,15,0.60833,strongly_positive,strongly_positive
22-02-2025,2,2,0.66829,2,3,0.6065,strongly_positive,strongly_positive
22-02-2025,31,920,0.52092,9,21,0.52656,strongly_positive,strongly_positive
22-02-2025,28,392,0.52276,10,12,0.5417,strongly_positive,strongly_positive
22-02-2025,15,157,0.5523,6,10,0.5595,strongly_positive,strongly_positive
22-02-2025,22,239,0.56503,9,11,0.57156,strongly_positive,strongly_positive
22-02-2025,10,111,0.62284,6,17,0.5265,strongly_positive,strongly_positive
22-02-2025,9,68,0.57232,6,15,0.5915,strongly_positive,strongly_positive
22-02-2025,5,2,0.53399,5,12,0.5524,strongly_positive,strongly_positive
22-02-2025,9,36,0.63485,3,3,0.61867,strongly_positive,strongly_positive
22-02-2025,18,582,0.57989,6,26,0.5995,strongly_positive,strongly_positive
22-02-2025,4,45,0.50663,2,12,0.512,strongly_positive,strongly_positive
22-02-2025,2,0,0.46006,1,0,0.477,strongly_positive,strongly_positive
22-02-2025,2,0,0.58133,1,0,0.5,strongly_positive,strongly_positive
22-02-2025,2,2,0.5148,2,3,0.475,strongly_positive,strongly_positive
22-02-2025,3,8,0.47621,3,11,0.49367,strongly_positive,strongly_positive
22-02-2025,7,177,0.58392,2,18,0.575,strongly_positive,strongly_positive
21-02-2025,7,9,0.6979,4,2,0.582,strongly_positive,strongly_positive
21-02-2025,3,0,0.4967,2,0,0.5,strongly_positive,strongly_positive
21-02-2025,7,254,0.57938,2,25,0.598,strongly_positive,strongly_positive
21-02-2025,20,407,0.58404,6,15,0.48617,strongly_positive,strongly_positive
21-02-2025,18,309,0.57237,6,14,0.59283,strongly_positive,strongly_positive
21-02-2025,13,82,0.43655,6,7,0.4435,strongly_positive,strongly_positive
21-02-2025,29,1273,0.54381,14,52,0.52486,strongly_positive,strongly_positive
21-02-2025,41,1193,0.61689,23,41,0.52365,strongly_positive,strongly_positive
21-02-2025,74,2380,0.4752,56,75,0.48307,strongly_positive,strongly_positive
21-02-2025,93,972,0.4851,85,47,0.50213,strongly_positive,strongly_positive
21-02-2025,234,13674,0.49888,71,44,0.48741,strongly_positive,strongly_positive
21-02-2025,176,14382,0.5482,66,75,0.49953,strongly_positive,strongly_positive
21-02-2025,239,22079,0.52151,102,96,0.52611,strongly_positive,strongly_positive
21-02-2025,290,15346,0.50205,130,58,0.48998,strongly_positive,strongly_positive
21-02-2025,43,593,0.5295,28,24,0.53739,strongly_positive,strongly_positive
21-02-2025,13,173,0.57626,10,32,0.5335,strongly_positive,strongly_positive
21-02-2025,23,404,0.5823,7,13,0.49457,strongly_positive,strongly_positive
21-02-2025,24,877,0.54012,8,30,0.55775,strongly_positive,strongly_positive
21-02-2025,20,678,0.55088,7,29,0.50929,strongly_positive,strongly_positive
21-02-2025,4,17,0.67785,2,5,0.6625,strongly_positive,strongly_positive
21-02-2025,4,48,0.57769,2,17,0.5,strongly_positive,strongly_positive
21-02-2025,12,188,0.47997,7,24,0.49014,strongly_positive,strongly_positive
21-02-2025,3,1,0.44608,3,1,0.46267,strongly_positive,strongly_positive
21-02-2025,3,14,0.74725,3,3,0.64567,strongly_positive,strongly_positive
20-02-2025,9,130,0.51937,3,11,0.53433,weakly_positive,weakly_positive
20-02-2025,7,20,0.58297,3,3,0.46667,weakly_positive,weakly_positive
20-02-2025,13,286,0.56836,6,24,0.56117,weakly_positive,weakly_positive
20-02-2025,20,267,0.70386,6,10,0.58983,weakly_positive,weakly_positive
20-02-2025,44,2520,0.56401,14,45,0.56893,weakly_positive,weakly_positive
20-02-2025,17,137,0.55081,6,7,0.50367,weakly_positive,weakly_positive
20-02-2025,28,713,0.52014,14,31,0.50414,weakly_positive,weakly_positive
20-02-2025,33,381,0.47195,17,15,0.48853,weakly_positive,weakly_positive
20-02-2025,49,1116,0.50633,30,36,0.51467,weakly_positive,weakly_positive
20-02-2025,32,219,0.53042,27,21,0.51352,weakly_positive,weakly_positive
20-02-2025,66,1834,0.57978,19,20,0.49447,weakly_positive,weakly_positive
20-02-2025,105,4893,0.47406,34,37,0.48915,weakly_positive,weakly_positive
20-02-2025,99,4138,0.51793,40,41,0.53643,weakly_positive,weakly_positive
20-02-2025,92,2296,0.50399,42,28,0.49381,weakly_positive,weakly_positive
20-02-2025,62,2503,0.5003,30,48,0.5164,weakly_positive,weakly_positive
20-02-2025,21,123,0.51539,15,12,0.51887,weakly_positive,weakly_positive
20-02-2025,14,83,0.53681,12,19,0.55692,weakly_positive,weakly_positive
20-02-2025,16,62,0.42019,5,3,0.4272,weakly_positive,weakly_positive
20-02-2025,31,496,0.52883,11,14,0.49145,weakly_positive,weakly_positive
20-02-2025,0,0,0.0,0,0,0.0,weakly_positive,weakly_positive
20-02-2025,10,38,0.49355,5,5,0.5092,weakly_positive,weakly_positive
20-02-2025,3,0,0.48862,2,0,0.5,weakly_positive,weakly_positive
20-02-2025,3,22,0.71643,2,13,0.575,weakly_positive,weakly_positive
20-02-2025,7,20,0.56069,2,2,0.4875,weakly_positive,weakly_positive
19-02-2025,7,10,0.59742,2,1,0.611,strongly_positive,strongly_positive
19-02-2025,12,88,0.56613,4,6,0.53325,strongly_positive,strongly_positive
19-02-2025,17,273,0.53274,8,18,0.52788,strongly_positive,strongly_positive
19-02-2025,14,235,0.56971,7,20,0.58543,strongly_positive,strongly_positive
19-02-2025,24,571,0.66089,17,49,0.53176,strongly_positive,strongly_positive
19-02-2025,13,93,0.52216,10,17,0.5169,strongly_positive,strongly_positive
19-02-2025,12,35,0.64554,11,14,0.57055,strongly_positive,strongly_positive
19-02-2025,51,1894,0.53048,27,49,0.55033,strongly_positive,strongly_positive
19-02-2025,50,988,0.64783,28,28,0.56168,strongly_positive,strongly_positive
19-02-2025,29,245,0.52698,19,15,0.54168,strongly_positive,strongly_positive
19-02-2025,31,126,0.50518,29,19,0.52403,strongly_positive,strongly_positive
19-02-2025,59,1647,0.53299,18,21,0.52728,strongly_positive,strongly_positive
19-02-2025,76,2098,0.57487,26,23,0.50754,strongly_positive,strongly_positive
19-02-2025,82,3303,0.60273,35,42,0.48343,strongly_positive,strongly_positive
19-02-2025,55,1689,0.45992,27,37,0.47737,strongly_positive,strongly_positive
19-02-2025,21,426,0.68575,11,26,0.60445,strongly_positive,strongly_positive
19-02-2025,8,36,0.59674,6,11,0.56183,strongly_positive,strongly_positive
19-02-2025,3,7,0.65098,3,12,0.533,strongly_positive,strongly_positive
19-02-2025,6,15,0.59499,2,2,0.6115,strongly_positive,strongly_positive
19-02-2025,11,192,0.53715,4,16,0.55225,strongly_positive,strongly_positive
19-02-2025,3,0,0.73417,1,0,0.6,strongly_positive,strongly_positive
19-02-2025,12,118,0.61924,7,14,0.547,strongly_positive,strongly_positive
19-02-2025,2,1,0.6105,1,1,0.624,strongly_positive,strongly_positive
19-02-2025,7,10,0.67367,5,3,0.6424,strongly_positive,strongly_positive
18-02-2025,16,215,0.56128,5,10,0.561,strongly_positive,strongly_positive
18-02-2025,9,59,0.46447,3,5,0.475,strongly_positive,strongly_positive
18-02-2025,31,1072,0.50154,11,30,0.51764,strongly_positive,strongly_positive
18-02-2025,26,473,0.51965,13,22,0.539,strongly_positive,strongly_positive
18-02-2025,12,121,0.57666,6,13,0.5175,strongly_positive,strongly_positive
18-02-2025,13,53,0.5954,10,10,0.5687,strongly_positive,strongly_positive
18-02-2025,13,156,0.46412,11,36,0.48145,strongly_positive,strongly_positive
18-02-2025,87,7392,0.53651,25,61,0.5406,strongly_positive,strongly_positive
18-02-2025,37,877,0.52636,14,22,0.5435,strongly_positive,strongly_positive
18-02-2025,82,3026,0.59024,33,36,0.49245,strongly_positive,strongly_positive
18-02-2025,86,3007,0.50345,39,39,0.52131,strongly_positive,strongly_positive
18-02-2025,231,19767,0.59086,67,62,0.51461,strongly_positive,strongly_positive
18-02-2025,176,11920,0.50128,57,54,0.51463,strongly_positive,strongly_positive
18-02-2025,69,858,0.52117,25,11,0.53636,strongly_positive,strongly_positive
18-02-2025,26,463,0.64124,12,20,0.636,strongly_positive,strongly_positive
18-02-2025,15,352,0.62985,8,31,0.5585,strongly_positive,strongly_positive
18-02-2025,5,7,0.54275,3,2,0.55833,strongly_positive,strongly_positive
18-02-2025,6,24,0.47173,5,13,0.4896,strongly_positive,strongly_positive
18-02-2025,3,5,0.47428,1,1,0.475,strongly_positive,strongly_positive
18-02-2025,8,111,0.59058,3,12,0.558,strongly_positive,strongly_positive
18-02-2025,2,0,0.71945,1,0,0.592,strongly_positive,strongly_positive
18-02-2025,7,14,0.57195,3,2,0.57233,strongly_positive,strongly_positive
18-02-2025,2,11,0.54601,1,9,0.562,strongly_positive,strongly_positive
18-02-2025,1,0,0.52196,1,1,0.5,strongly_positive,strongly_positive
17-02-2025,3,1,0.52312,2,1,0.5425,weakly_positive,weakly_positive
17-02-2025,3,12,0.67318,1,3,0.687,weakly_positive,weakly_positive
17-02-2025,3,4,0.5226,1,1,0.5,weakly_positive,weakly_positive
17-02-2025,3,3,0.71609,1,1,0.6,weakly_positive,weakly_positive
17-02-2025,4,18,0.56452,2,6,0.5095,weakly_positive,weakly_positive
17-02-2025,4,14,0.53436,2,5,0.552,weakly_positive,weakly_positive
17-02-2025,2,3,0.56035,2,5,0.581,weakly_positive,weakly_positive
17-02-2025,3,1,0.48086,3,2,0.43333,weakly_positive,weakly_positive
17-02-2025,10,68,0.51243,3,5,0.51967,weakly_positive,weakly_positive
17-02-2025,2,2,0.48341,1,1,0.406,weakly_positive,weakly_positive
17-02-2025,2,4,0.59426,1,2,0.6,weakly_positive,weakly_positive
17-02-2025,10,240,0.53859,5,29,0.4934,weakly_positive,weakly_positive
17-02-2025,2,4,0.5952,1,4,0.499,weakly_positive,weakly_positive
17-02-2025,1,1,0.48318,1,2,0.5,weakly_positive,weakly_positive
17-02-2025,3,2,0.4915,3,4,0.5,weakly_positive,weakly_positive
17-02-2025,2,5,0.59495,1,3,0.61,weakly_positive,weakly_positive
17-02-2025,0,0,0.0,0,0,0.0,weakly_positive,weakly_positive
17-02-2025,5,6,0.64126,3,2,0.529,weakly_positive,weakly_positive
17-02-2025,0,0,0.0,0,0,0.0,weakly_positive,weakly_positive
17-02-2025,0,0,0.0,0,0,0.0,weakly_positive,weakly_positive
17-02-2025,0,0,0.0,0,0,0.0,weakly_positive,weakly_positive
17-02-2025,5,5,0.54247,2,1,0.5445,weakly_positive,weakly_positive
17-02-2025,2,7,0.49034,1,4,0.5,weakly_positive,weakly_positive
17-02-2025,3,6,0.63427,2,4,0.5245,weakly_positive,weakly_positive
16-02-2025,3,3,0.43224,2,3,0.448,weakly_positive,weakly_positive
16-02-2025,3,24,0.67777,3,27,0.613,weakly_positive,weakly_positive
16-02-2025,6,37,0.31216,2,5,0.3,weakly_positive,weakly_positive
16-02-2025,6,21,0.47799,2,3,0.4955,weakly_positive,weakly_positive
16-02-2025,2,9,0.52798,1,4,0.534,weakly_positive,weakly_positive
16-02-2025,2,16,0.54635,1,12,0.565,weakly_positive,weakly_positive
16-02-2025,3,4,0.64316,2,2,0.5415,weakly_positive,weakly_positive
16-02-2025,2,1,0.56938,2,3,0.516,weakly_positive,weakly_positive
16-02-2025,14,39,0.5482,4,2,0.56675,weakly_positive,weakly_positive
16-02-2025,3,0,0.51435,1,0,0.5,weakly_positive,weakly_positive
16-02-2025,7,53,0.63779,3,8,0.64567,weakly_positive,weakly_positive
16-02-2025,2,13,0.34577,1,7,0.35,weakly_positive,weakly_positive
16-02-2025,0,0,0.0,0,0,0.0,weakly_positive,weakly_positive
16-02-2025,6,43,0.55355,4,15,0.56,weakly_positive,weakly_positive
16-02-2025,6,23,0.63445,5,13,0.5835,weakly_positive,weakly_positive
16-02-2025,3,9,0.49708,1,2,0.499,weakly_positive,weakly_positive
16-02-2025,3,11,0.44967,1,3,0.465,weakly_positive,weakly_positive
16-02-2025,10,51,0.58219,4,5,0.59325,weakly_positive,weakly_positive
16-02-2025,2,0,0.49768,1,0,0.5,weakly_positive,weakly_positive
16-02-2025,3,18,0.44797,1,4,0.462,weakly_positive,weakly_positive
16-02-2025,9,23,0.55825,3,2,0.538,weakly_positive,weakly_positive
16-02-2025,2,0,0.55907,1,0,0.5,weakly_positive,weakly_positive
16-02-2025,0,0,0.0,0,0,0.0,weakly_positive,weakly_positive
16-02-2025,2,3,0.64929,1,2,0.625,weakly_positive,weakly_positive
15-02-2025,1,0,0.49707,1,1,0.5,weakly_positive,weakly_positive
15-02-2025,2,0,0.61408,2,0,0.5585,weakly_positive,weakly_positive
15-02-2025,4,4,0.53842,4,7,0.557,weakly_positive,weakly_positive
15-02-2025,5,12,0.48265,2,2,0.5,weakly_positive,weakly_positive
15-02-2025,3,10,0.39091,1,3,0.355,weakly_positive,weakly_positive
15-02-2025,7,20,0.62971,3,3,0.63633,weakly_positive,weakly_positive
15-02-2025,2,2,0.708,1,2,0.6,weakly_positive,weakly_positive
15-02-2025,1,1,0.54276,1,2,0.55,weakly_positive,weakly_positive
15-02-2025,7,10,0.53147,2,1,0.55,weakly_positive,weakly_positive
15-02-2025,3,9,0.59104,1,2,0.5,weakly_positive,weakly_positive
15-02-2025,3,8,0.54869,1,2,0.567,weakly_positive,weakly_positive
15-02-2025,6,94,0.61481,3,18,0.62067,weakly_positive,weakly_positive
15-02-2025,4,3,0.57437,2,1,0.56,weakly_positive,weakly_positive
15-02-2025,2,0,0.58571,1,0,0.505,weakly_positive,weakly_positive
15-02-2025,1,2,0.49392,1,6,0.499,weakly_positive,weakly_positive
15-02-2025,2,2,0.56467,2,7,0.5855,weakly_positive,weakly_positive
15-02-2025,6,16,0.50704,2,2,0.5,weakly_positive,weakly_positive
15-02-2025,8,35,0.5838,3,4,0.539,weakly_positive,weakly_positive
15-02-2025,0,0,0.0,0,0,0.0,weakly_positive,weakly_positive
15-02-2025,4,7,0.60956,2,2,0.6005,weakly_positive,weakly_positive
15-02-2025,0,0,0.0,0,0,0.0,weakly_positive,weakly_positive
15-02-2025,1,0,0.5334,1,0,0.5,weakly_positive,weakly_positive
15-02-2025,4,4,0.54152,2,1,0.559,weakly_positive,weakly_positive
15-02-2025,4,0,0.5172,2,0,0.5,weakly_positive,weakly_positive
14-02-2025,6,40,0.54233,3,9,0.56167,weakly_positive,weakly_positive
14-02-2025,2,5,0.39385,2,7,0.4,weakly_positive,weakly_positive
14-02-2025,1,0,0.58333,1,3,0.604,weakly_positive,weakly_positive
14-02-2025,10,112,0.6447,3,8,0.54767,weakly_positive,weakly_positive
14-02-2025,3,10,0.62093,1,3,0.567,weakly_positive,weakly_positive
14-02-2025,0,0,0.0,0,0,0.0,weakly_positive,weakly_positive
14-02-2025,4,53,0.50897,2,15,0.4975,weakly_positive,weakly_positive
14-02-2025,3,24,0.54141,2,16,0.55,weakly_positive,weakly_positive
14-02-2025,5,16,0.48067,4,7,0.48475,weakly_positive,weakly_positive
14-02-2025,10,264,0.74695,3,20,0.636,weakly_positive,weakly_positive
14-02-2025,27,34,0.50259,9,1,0.51022,weakly_positive,weakly_positive
14-02-2025,27,211,0.52722,10,7,0.4884,weakly_positive,weakly_positive
14-02-2025,12,114,0.48408,6,12,0.47383,weakly_positive,weakly_positive
14-02-2025,42,679,0.49947,23,22,0.5157,weakly_positive,weakly_positive
14-02-2025,25,179,0.51644,16,12,0.52781,weakly_positive,weakly_positive
14-02-2025,6,11,0.61301,5,7,0.5994,weakly_positive,weakly_positive
14-02-2025,30,287,0.69221,9,7,0.59956,weakly_positive,weakly_positive
14-02-2025,12,180,0.50283,4,12,0.517,weakly_positive,weakly_positive
14-02-2025,5,46,0.4994,2,9,0.518,weakly_positive,weakly_positive
14-02-2025,6,42,0.61258,3,8,0.60567,weakly_positive,weakly_positive
14-02-2025,10,32,0.61131,5,4,0.6288,weakly_positive,weakly_positive
14-02-2025,3,20,0.67902,2,15,0.544,weakly_positive,weakly_positive
14-02-2025,0,0,0.0,0,0,0.0,weakly_positive,weakly_positive
14-02-2025,15,169,0.54568,5,9,0.5578,weakly_positive,weakly_positive
13-02-2025,11,86,0.57347,4,7,0.5395,strongly_positive,strongly_positive
13-02-2025,5,38,0.55062,2,7,0.5715,strongly_positive,strongly_positive
13-02-2025,3,1,0.56684,3,2,0.54967,strongly_positive,strongly_positive
13-02-2025,20,244,0.6156,6,9,0.52633,strongly_positive,strongly_positive
13-02-2025,10,158,0.49176,3,12,0.5,strongly_positive,strongly_positive
13-02-2025,9,71,0.54029,4,8,0.55975,strongly_positive,strongly_positive
13-02-2025,18,382,0.60999,8,23,0.52063,strongly_positive,strongly_positive
13-02-2025,35,359,0.43737,18,13,0.45122,strongly_positive,strongly_positive
13-02-2025,24,275,0.54377,18,27,0.54683,strongly_positive,strongly_positive
13-02-2025,24,230,0.56808,20,27,0.55685,strongly_positive,strongly_positive
13-02-2025,45,1590,0.47883,15,29,0.48727,strongly_positive,strongly_positive
13-02-2025,63,1544,0.55657,22,21,0.56014,strongly_positive,strongly_positive
13-02-2025,56,1048,0.54616,22,18,0.56664,strongly_positive,strongly_positive
13-02-2025,45,1026,0.53096,25,32,0.54752,strongly_positive,strongly_positive
13-02-2025,24,206,0.58948,14,13,0.54814,strongly_positive,strongly_positive
13-02-2025,0,0,0.5,0,0,0.5,strongly_positive,strongly_positive
13-02-2025,6,9,0.6421,4,3,0.51675,strongly_positive,strongly_positive
13-02-2025,7,6,0.53082,7,12,0.54757,strongly_positive,strongly_positive
13-02-2025,13,102,0.52564,4,6,0.538,strongly_positive,strongly_positive
13-02-2025,3,11,0.52983,1,3,0.5,strongly_positive,strongly_positive
13-02-2025,2,0,0.57465,1,0,0.5,strongly_positive,strongly_positive
13-02-2025,8,133,0.55579,4,21,0.57075,strongly_positive,strongly_positive
13-02-2025,2,3,0.53052,1,2,0.5,strongly_positive,strongly_positive
13-02-2025,5,16,0.5672,4,9,0.56225,strongly_positive,strongly_positive
13-02-2025,10,29,0.56441,3,2,0.5,strongly_positive,strongly_positive
12-02-2025,14,132,0.68026,5,8,0.5478,strongly_positive,strongly_positive
12-02-2025,5,43,0.44898,2,8,0.466,strongly_positive,strongly_positive
12-02-2025,2,11,0.82763,1,5,0.732,strongly_positive,strongly_positive
12-02-2025,3,16,0.61063,2,8,0.5765,strongly_positive,strongly_positive
12-02-2025,7,25,0.72827,5,7,0.5986,strongly_positive,strongly_positive
12-02-2025,9,48,0.49935,7,12,0.49943,strongly_positive,strongly_positive
12-02-2025,9,163,0.66621,4,20,0.57225,strongly_positive,strongly_positive
12-02-2025,40,1255,0.54322,19,37,0.55326,strongly_positive,strongly_positive
12-02-2025,22,409,0.62894,12,26,0.58675,strongly_positive,strongly_positive
12-02-2025,25,281,0.54701,21,35,0.53824,strongly_positive,strongly_positive
12-02-2025,19,175,0.51932,17,40,0.53524,strongly_positive,strongly_positive
12-02-2025,39,582,0.5385,14,13,0.54036,strongly_positive,strongly_positive
12-02-2025,45,543,0.50926,17,11,0.50059,strongly_positive,strongly_positive
12-02-2025,73,3179,0.53989,31,45,0.47161,strongly_positive,strongly_positive
12-02-2025,33,293,0.565,20,14,0.52805,strongly_positive,strongly_positive
12-02-2025,9,57,0.4921,6,11,0.51067,strongly_positive,strongly_positive
12-02-2025,10,109,0.52984,8,26,0.52638,strongly_positive,strongly_positive
12-02-2025,20,271,0.5659,6,10,0.52817,strongly_positive,strongly_positive
12-02-2025,12,267,0.62431,4,18,0.505,strongly_positive,strongly_positive
12-02-2025,0,0,0.0,0,0,0.0,strongly_positive,strongly_positive
12-02-2025,4,24,0.49173,2,7,0.504,strongly_positive,strongly_positive
12-02-2025,7,20,0.69879,4,4,0.66175,strongly_positive,strongly_positive
12-02-2025,5,3,0.49525,3,1,0.514,strongly_positive,strongly_positive
12-02-2025,2,3,0.51872,2,8,0.532,strongly_positive,strongly_positive
11-02-2025,7,97,0.56552,2,10,0.5825,strongly_positive,strongly_positive
11-02-2025,13,201,0.52528,5,14,0.522,strongly_positive,strongly_positive
11-02-2025,9,26,0.65612,4,3,0.58375,strongly_positive,strongly_positive
11-02-2025,9,17,0.62305,4,2,0.6415,strongly_positive,strongly_positive
11-02-2025,3,3,0.46589,2,2,0.4835,strongly_positive,strongly_positive
11-02-2025,7,29,0.59028,5,10,0.5922,strongly_positive,strongly_positive
11-02-2025,10,62,0.59261,8,18,0.6045,strongly_positive,strongly_positive
11-02-2025,24,234,0.67416,8,8,0.55688,strongly_positive,strongly_positive
11-02-2025,23,242,0.51924,8,9,0.5205,strongly_positive,strongly_positive
11-02-2025,35,943,0.61729,14,26,0.55779,strongly_positive,strongly_positive
11-02-2025,13,59,0.54082,12,25,0.55658,strongly_positive,strongly_positive
11-02-2025,49,1026,0.57023,14,15,0.53393,strongly_positive,strongly_positive
11-02-2025,71,2211,0.50086,27,29,0.49415,strongly_positive,strongly_positive
11-02-2025,67,2265,0.53597,27,33,0.55181,strongly_positive,strongly_positive
11-02-2025,26,280,0.50374,12,12,0.51692,strongly_positive,strongly_positive
11-02-2025,12,7,0.50957,8,1,0.52888,strongly_positive,strongly_positive
11-02-2025,4,10,0.5744,3,5,0.504,strongly_positive,strongly_positive
11-02-2025,11,63,0.51099,9,18,0.52344,strongly_positive,strongly_positive
11-02-2025,3,21,0.48176,1,5,0.5,strongly_positive,strongly_positive
11-02-2025,0,0,0.0,0,0,0.0,strongly_positive,strongly_positive
11-02-2025,0,0,0.0,0,0,0.0,strongly_positive,strongly_positive
11-02-2025,6,46,0.67651,3,10,0.55,strongly_positive,strongly_positive
11-02-2025,3,9,0.52475,2,5,0.5445,strongly_positive,strongly_positive
11-02-2025,3,15,0.7189,2,9,0.641,strongly_positive,strongly_positive
10-02-2025,24,741,0.56736,7,22,0.53914,strongly_positive,strongly_positive
10-02-2025,25,826,0.72503,8,26,0.6015,strongly_positive,strongly_positive
10-02-2025,15,77,0.42131,6,5,0.4315,strongly_positive,strongly_positive
10-02-2025,11,89,0.53575,5,9,0.5524,strongly_positive,strongly_positive
10-02-2025,37,810,0.65765,18,26,0.54461,strongly_positive,strongly_positive
10-02-2025,13,83,0.66816,9,13,0.597,strongly_positive,strongly_positive
10-02-2025,7,4,0.50846,6,2,0.5175,strongly_positive,strongly_positive
10-02-2025,20,88,0.59372,18,20,0.57111,strongly_positive,strongly_positive
10-02-2025,67,3207,0.5302,24,42,0.53308,strongly_positive,strongly_positive
10-02-2025,40,1092,0.54215,15,25,0.55213,strongly_positive,strongly_positive
10-02-2025,30,289,0.5391,13,10,0.55762,strongly_positive,strongly_positive
10-02-2025,33,457,0.51985,20,22,0.5386,strongly_positive,strongly_positive
10-02-2025,51,1257,0.67555,33,43,0.61294,strongly_positive,strongly_positive
10-02-2025,117,4572,0.53694,48,39,0.55194,strongly_positive,strongly_positive
10-02-2025,56,2723,0.56696,24,51,0.53279,strongly_positive,strongly_positive
10-02-2025,28,969,0.6492,14,42,0.53014,strongly_positive,strongly_positive
10-02-2025,23,527,0.63966,17,49,0.56465,strongly_positive,strongly_positive
10-02-2025,3,11,0.4336,2,9,0.4455,strongly_positive,strongly_positive
10-02-2025,3,3,0.55574,3,6,0.52967,strongly_positive,strongly_positive
10-02-2025,12,161,0.72364,4,11,0.63775,strongly_positive,strongly_positive
10-02-2025,10,163,0.47854,4,15,0.4895,strongly_positive,strongly_positive
10-02-2025,7,114,0.51972,3,17,0.53633,strongly_positive,strongly_positive
10-02-2025,4,20,0.51389,2,7,0.513,strongly_positive,strongly_positive
10-02-2025,6,56,0.51933,4,17,0.46575,strongly_positive,strongly_positive
09-02-2025,6,15,0.60561,4,5,0.62475,strongly_positive,strongly_positive
09-02-2025,10,365,0.60665,3,27,0.62933,strongly_positive,strongly_positive
09-02-2025,17,471,0.51673,6,23,0.5205,strongly_positive,strongly_positive
09-02-2025,32,1918,0.56859,14,63,0.54214,strongly_positive,strongly_positive
09-02-2025,10,107,0.64389,5,13,0.5368,strongly_positive,strongly_positive
09-02-2025,8,12,0.54073,4,2,0.54425,strongly_positive,strongly_positive
09-02-2025,9,43,0.49373,7,12,0.50957,strongly_positive,strongly_positive
09-02-2025,6,12,0.64919,6,12,0.62717,strongly_positive,strongly_positive
09-02-2025,69,2681,0.47708,20,28,0.49415,strongly_positive,strongly_positive
09-02-2025,10,43,0.50024,4,4,0.50825,strongly_positive,strongly_positive
09-02-2025,35,465,0.53037,14,13,0.51179,strongly_positive,strongly_positive
09-02-2025,26,186,0.6327,12,8,0.53692,strongly_positive,strongly_positive
09-02-2025,8,35,0.53467,5,8,0.4878,strongly_positive,strongly_positive
09-02-2025,10,39,0.52102,7,8,0.53929,strongly_positive,strongly_positive
09-02-2025,29,192,0.46838,9,5,0.485,strongly_positive,strongly_positive
09-02-2025,9,234,0.56532,3,20,0.515,strongly_positive,strongly_positive
09-02-2025,3,0,0.64423,1,0,0.65,strongly_positive,strongly_positive
09-02-2025,1,0,0.55777,1,0,0.574,strongly_positive,strongly_positive
09-02-2025,0,0,0.0,0,0,0.0,strongly_positive,strongly_positive
09-02-2025,10,169,0.51521,3,12,0.53433,strongly_positive,strongly_positive
09-02-2025,6,14,0.52932,2,2,0.5445,strongly_positive,strongly_positive
09-02-2025,15,30,0.56208,6,2,0.5375,strongly_positive,strongly_positive
09-02-2025,4,11,0.59719,2,3,0.5,strongly_positive,strongly_positive
09-02-2025,2,22,0.58157,1,18,0.594,strongly_positive,strongly_positive
08-02-2025,12,61,0.48623,9,11,0.50222,weakly_positive,weakly_positive
08-02-2025,3,2,0.68142,2,2,0.5695,weakly_positive,weakly_positive
08-02-2025,25,440,0.60655,8,14,0.54625,weakly_positive,weakly_positive
08-02-2025,11,175,0.5858,4,14,0.59425,weakly_positive,weakly_positive
08-02-2025,0,0,0.0,0,0,0.0,weakly_positive,weakly_positive
08-02-2025,9,87,0.50448,5,13,0.5092,weakly_positive,weakly_positive
08-02-2025,12,158,0.53661,7,19,0.54471,weakly_positive,weakly_positive
08-02-2025,2,2,0.62668,2,4,0.525,weakly_positive,weakly_positive
08-02-2025,14,156,0.52902,4,8,0.5475,weakly_positive,weakly_positive
08-02-2025,16,534,0.59068,5,25,0.54,weakly_positive,weakly_positive
08-02-2025,12,48,0.49512,5,4,0.4798,weakly_positive,weakly_positive
08-02-2025,14,67,0.50185,6,5,0.5195,weakly_positive,weakly_positive
08-02-2025,18,192,0.54584,9,13,0.55478,weakly_positive,weakly_positive
08-02-2025,8,4,0.5216,6,1,0.54033,weakly_positive,weakly_positive
08-02-2025,8,44,0.75669,6,14,0.64517,weakly_positive,weakly_positive
08-02-2025,31,581,0.66181,10,15,0.6062,weakly_positive,weakly_positive
08-02-2025,0,0,0.0,0,0,0.0,weakly_positive,weakly_positive
08-02-2025,5,28,0.50172,2,5,0.4915,weakly_positive,weakly_positive
08-02-2025,2,2,0.49153,1,1,0.5,weakly_positive,weakly_positive
08-02-2025,4,19,0.49658,2,7,0.5,weakly_positive,weakly_positive
08-02-2025,4,13,0.51055,3,6,0.52967,weakly_positive,weakly_positive
08-02-2025,2,7,0.32035,2,2,0.331,weakly_positive,weakly_positive
08-02-2025,6,56,0.48987,2,7,0.5,weakly_positive,weakly_positive
08-02-2025,6,86,0.50776,2,12,0.476,weakly_positive,weakly_positive
07-02-2025,11,141,0.59321,5,14,0.5118,strongly_positive,strongly_positive
07-02-2025,19,311,0.56724,10,21,0.5838,strongly_positive,strongly_positive
07-02-2025,18,314,0.57873,10,24,0.5418,strongly_positive,strongly_positive
07-02-2025,24,251,0.53578,20,31,0.52855,strongly_positive,strongly_positive
07-02-2025,35,1228,0.53727,10,25,0.4721,strongly_positive,strongly_positive
07-02-2025,0,0,0.5,0,0,0.5,strongly_positive,strongly_positive
07-02-2025,31,971,0.56553,11,27,0.56627,strongly_positive,strongly_positive
07-02-2025,63,3239,0.54271,25,50,0.56328,strongly_positive,strongly_positive
07-02-2025,91,4626,0.58906,38,52,0.51676,strongly_positive,strongly_positive
07-02-2025,87,4050,0.55941,52,72,0.52465,strongly_positive,strongly_positive
07-02-2025,65,1688,0.629,46,52,0.51222,strongly_positive,strongly_positive
07-02-2025,96,3814,0.53916,72,91,0.53689,strongly_positive,strongly_positive
07-02-2025,254,22585,0.5065,81,70,0.52005,strongly_positive,strongly_positive
07-02-2025,363,48745,0.649,121,110,0.52752,strongly_positive,strongly_positive
07-02-2025,492,98547,0.50153,184,183,0.52041,strongly_positive,strongly_positive
07-02-2025,246,33858,0.52015,128,178,0.53249,strongly_positive,strongly_positive
07-02-2025,122,10823,0.59617,67,123,0.56643,strongly_positive,strongly_positive
07-02-2025,54,1759,0.54719,45,98,0.54553,strongly_positive,strongly_positive
07-02-2025,43,1275,0.49269,39,121,0.50464,strongly_positive,strongly_positive
07-02-2025,123,14676,0.54393,37,89,0.56081,strongly_positive,strongly_positive
07-02-2025,55,4397,0.52427,22,78,0.54395,strongly_positive,strongly_positive
07-02-2025,62,4533,0.58199,26,75,0.51992,strongly_positive,strongly_positive
07-02-2025,35,1421,0.5121,17,48,0.52124,strongly_positive,strongly_positive
07-02-2025,44,1343,0.50421,28,52,0.52318,strongly_positive,strongly_positive
07-02-2025,37,1134,0.5598,28,71,0.56279,strongly_positive,strongly_positive
06-02-2025,35,485,0.56899,32,61,0.51694,strongly_positive,strongly_positive
06-02-2025,84,5895,0.55221,41,84,0.56449,strongly_positive,strongly_positive
06-02-2025,107,10068,0.56192,60,134,0.52867,strongly_positive,strongly_positive
06-02-2025,126,12828,0.49723,75,157,0.51609,strongly_positive,strongly_positive
06-02-2025,134,4793,0.51076,124,173,0.52506,strongly_positive,strongly_positive
06-02-2025,727,190970,0.50968,222,199,0.52388,strongly_positive,strongly_positive
06-02-2025,623,114573,0.53284,236,170,0.52703,strongly_positive,strongly_positive
06-02-2025,539,90596,0.59444,231,176,0.52464,strongly_positive,strongly_positive
06-02-2025,341,56801,0.52884,154,184,0.54333,strongly_positive,strongly_positive
06-02-2025,213,27285,0.53936,139,226,0.55982,strongly_positive,strongly_positive
06-02-2025,139,8050,0.53004,108,142,0.52953,strongly_positive,strongly_positive
06-02-2025,118,5617,0.53992,98,142,0.55232,strongly_positive,strongly_positive
06-02-2025,183,14718,0.67448,62,67,0.55202,strongly_positive,strongly_positive
06-02-2025,149,14070,0.5328,53,82,0.53183,strongly_positive,strongly_positive
06-02-2025,132,8659,0.60779,53,64,0.54498,strongly_positive,strongly_positive
06-02-2025,44,1721,0.61095,25,56,0.58316,strongly_positive,strongly_positive
06-02-2025,23,326,0.50035,14,22,0.51907,strongly_positive,strongly_positive
06-02-2025,6,33,0.62836,6,28,0.64233,strongly_positive,strongly_positive
06-02-2025,38,2778,0.57501,11,52,0.54818,strongly_positive,strongly_positive
06-02-2025,13,135,0.63106,4,8,0.526,strongly_positive,strongly_positive
06-02-2025,2,2,0.66777,1,1,0.6,strongly_positive,strongly_positive
06-02-2025,11,30,0.56684,5,3,0.585,strongly_positive,strongly_positive
06-02-2025,12,139,0.62253,6,15,0.60133,strongly_positive,strongly_positive
06-02-2025,17,77,0.69175,12,9,0.62058,strongly_positive,strongly_positive
05-02-2025,6,31,0.56589,5,16,0.575,strongly_positive,strongly_positive
05-02-2025,45,3076,0.51276,13,49,0.53085,strongly_positive,strongly_positive
05-02-2025,20,1043,0.54408,7,45,0.54814,strongly_positive,strongly_positive
05-02-2025,45,1198,0.60562,18,26,0.55244,strongly_positive,strongly_positive
05-02-2025,43,1507,0.52914,18,36,0.54767,strongly_positive,strongly_positive
05-02-2025,58,1524,0.60245,17,19,0.56882,strongly_positive,strongly_positive
05-02-2025,40,704,0.62003,13,14,0.50969,strongly_positive,strongly_positive
05-02-2025,81,3200,0.54757,33,39,0.56221,strongly_positive,strongly_positive
05-02-2025,15,53,0.45576,7,4,0.469,strongly_positive,strongly_positive
05-02-2025,58,1790,0.68575,28,37,0.56268,strongly_positive,strongly_positive
05-02-2025,32,677,0.55921,23,44,0.4957,strongly_positive,strongly_positive
05-02-2025,40,528,0.52514,34,44,0.53609,strongly_positive,strongly_positive
05-02-2025,39,418,0.56701,36,53,0.54214,strongly_positive,strongly_positive
05-02-2025,113,6645,0.54664,41,52,0.54737,strongly_positive,strongly_positive
05-02-2025,47,2191,0.52126,18,43,0.53244,strongly_positive,strongly_positive
05-02-2025,49,1779,0.53643,21,38,0.55405,strongly_positive,strongly_positive
05-02-2025,10,31,0.50695,6,5,0.52567,strongly_positive,strongly_positive
05-02-2025,9,117,0.62027,6,23,0.5585,strongly_positive,strongly_positive
05-02-2025,0,0,0.5,0,0,0.5,strongly_positive,strongly_positive
05-02-2025,38,1630,0.58209,11,31,0.55745,strongly_positive,strongly_positive
05-02-2025,23,586,0.46972,7,19,0.48714,strongly_positive,strongly_positive
05-02-2025,9,11,0.49541,3,1,0.5,strongly_positive,strongly_positive
05-02-2025,9,120,0.55963,4,15,0.57825,strongly_positive,strongly_positive
05-02-2025,6,40,0.63955,3,8,0.53567,strongly_positive,strongly_positive
05-02-2025,19,146,0.48127,11,11,0.49809,strongly_positive,strongly_positive
04-02-2025,5,14,0.48405,4,7,0.5,strongly_positive,strongly_positive
04-02-2025,18,143,0.52089,17,41,0.50471,strongly_positive,strongly_positive
04-02-2025,59,1481,0.65865,18,19,0.56244,strongly_positive,strongly_positive
04-02-2025,42,1634,0.52063,16,36,0.52806,strongly_positive,strongly_positive
04-02-2025,32,1006,0.49089,14,33,0.5085,strongly_positive,strongly_positive
04-02-2025,46,2364,0.67279,21,57,0.57352,strongly_positive,strongly_positive
04-02-2025,52,1894,0.55187,34,65,0.50541,strongly_positive,strongly_positive
04-02-2025,54,1254,0.54463,42,58,0.548,strongly_positive,strongly_positive
04-02-2025,60,1526,0.61236,26,27,0.58019,strongly_positive,strongly_positive
04-02-2025,28,683,0.62788,14,30,0.51871,strongly_positive,strongly_positive
04-02-2025,38,1127,0.5648,20,39,0.5662,strongly_positive,strongly_positive
04-02-2025,29,449,0.55684,23,40,0.57365,strongly_positive,strongly_positive
04-02-2025,45,201,0.5924,43,31,0.56895,strongly_positive,strongly_positive
04-02-2025,123,9148,0.54064,36,54,0.5605,strongly_positive,strongly_positive
04-02-2025,44,1122,0.48999,17,24,0.49941,strongly_positive,strongly_positive
04-02-2025,47,1380,0.58465,19,29,0.56084,strongly_positive,strongly_positive
04-02-2025,13,46,0.68321,6,4,0.57467,strongly_positive,strongly_positive
04-02-2025,10,54,0.5741,7,10,0.51986,strongly_positive,strongly_positive
04-02-2025,4,6,0.48371,3,3,0.5,strongly_positive,strongly_positive
04-02-2025,16,912,0.51133,5,43,0.53,strongly_positive,strongly_positive
04-02-2025,3,4,0.82951,1,1,0.75,strongly_positive,strongly_positive
04-02-2025,6,21,0.49377,2,3,0.5,strongly_positive,strongly_positive
04-02-2025,2,20,0.59304,1,12,0.5,strongly_positive,strongly_positive
04-02-2025,8,61,0.59332,4,10,0.6,strongly_positive,strongly_positive
03-02-2025,13,113,0.60148,8,14,0.55275,strongly_positive,strongly_positive
03-02-2025,5,17,0.62796,4,11,0.5285,strongly_positive,strongly_positive
03-02-2025,21,1052,0.53776,6,36,0.55617,strongly_positive,strongly_positive
03-02-2025,18,296,0.47349,6,13,0.48233,strongly_positive,strongly_positive
03-02-2025,25,784,0.61016,10,31,0.593,strongly_positive,strongly_positive
03-02-2025,22,427,0.59644,10,22,0.5117,strongly_positive,strongly_positive
03-02-2025,16,199,0.51521,8,15,0.5245,strongly_positive,strongly_positive
03-02-2025,21,349,0.48758,15,35,0.50533,strongly_positive,strongly_positive
03-02-2025,12,80,0.53771,10,23,0.5287,strongly_positive,strongly_positive
03-02-2025,68,4947,0.53423,22,58,0.49118,strongly_positive,strongly_positive
03-02-2025,110,10400,0.56144,40,84,0.5637,strongly_positive,strongly_positive
03-02-2025,84,3075,0.54184,32,34,0.53222,strongly_positive,strongly_positive
03-02-2025,23,227,0.6169,20,36,0.51215,strongly_positive,strongly_positive
03-02-2025,94,5358,0.51031,28,42,0.52871,strongly_positive,strongly_positive
03-02-2025,45,1476,0.58196,14,25,0.52807,strongly_positive,strongly_positive
03-02-2025,39,1585,0.5519,16,41,0.53175,strongly_positive,strongly_positive
03-02-2025,9,145,0.56333,4,17,0.58375,strongly_positive,strongly_positive
03-02-2025,14,193,0.6029,7,17,0.61071,strongly_positive,strongly_positive
03-02-2025,4,13,0.58276,3,7,0.603,strongly_positive,strongly_positive
03-02-2025,3,10,0.59929,2,9,0.5065,strongly_positive,strongly_positive
03-02-2025,6,15,0.60877,2,2,0.5535,strongly_positive,strongly_positive
03-02-2025,9,76,0.64865,3,7,0.671,strongly_positive,strongly_positive
03-02-2025,18,403,0.63409,7,21,0.61786,strongly_positive,strongly_positive
03-02-2025,20,294,0.61572,11,20,0.62427,strongly_positive,strongly_positive
02-02-2025,23,266,0.53407,13,17,0.53977,strongly_positive,strongly_positive
02-02-2025,25,403,0.46558,17,30,0.48271,strongly_positive,strongly_positive
02-02-2025,17,84,0.48597,16,32,0.49238,strongly_positive,strongly_positive
02-02-2025,42,880,0.5639,13,16,0.52023,strongly_positive,strongly_positive
02-02-2025,20,166,0.50039,7,7,0.50143,strongly_positive,strongly_positive
02-02-2025,23,475,0.50743,10,22,0.5244,strongly_positive,strongly_positive
02-02-2025,14,181,0.55403,7,16,0.56529,strongly_positive,strongly_positive
02-02-2025,28,529,0.49855,15,25,0.5,strongly_positive,strongly_positive
02-02-2025,0,0,0.5,0,0,0.5,strongly_positive,strongly_positive
02-02-2025,9,7,0.58012,7,2,0.5,strongly_positive,strongly_positive
02-02-2025,7,8,0.53246,7,9,0.54814,strongly_positive,strongly_positive
02-02-2025,38,676,0.55374,13,15,0.57415,strongly_positive,strongly_positive
02-02-2025,26,606,0.52834,10,22,0.5209,strongly_positive,strongly_positive
02-02-2025,12,73,0.49774,5,6,0.5126,strongly_positive,strongly_positive
02-02-2025,7,9,0.54102,4,2,0.542,strongly_positive,strongly_positive
02-02-2025,7,11,0.46518,5,3,0.4828,strongly_positive,strongly_positive
02-02-2025,11,21,0.62614,8,4,0.54875,strongly_positive,strongly_positive
02-02-2025,11,51,0.54139,5,5,0.5606,strongly_positive,strongly_positive
02-02-2025,2,0,0.38416,1,0,0.35,strongly_positive,strongly_positive
02-02-2025,2,0,0.54515,1,0,0.55,strongly_positive,strongly_positive
02-02-2025,4,4,0.71708,3,3,0.61,strongly_positive,strongly_positive
02-02-2025,2,2,0.34489,2,3,0.35,strongly_positive,strongly_positive
02-02-2025,3,0,0.49547,1,0,0.513,strongly_positive,strongly_positive
02-02-2025,3,4,0.9308,1,1,0.828,strongly_positive,strongly_positive
02-02-2025,5,0,0.48418,2,0,0.5,strongly_positive,strongly_positive
01-02-2025,24,410,0.54208,14,26,0.54636,strongly_positive,strongly_positive
01-02-2025,2,6,0.30699,1,5,0.3,strongly_positive,strongly_positive
01-02-2025,1,0,0.57201,1,0,0.495,strongly_positive,strongly_positive
01-02-2025,17,94,0.6008,5,4,0.606,strongly_positive,strongly_positive
01-02-2025,12,60,0.51823,4,4,0.5375,strongly_positive,strongly_positive
01-02-2025,11,62,0.54315,4,5,0.53675,strongly_positive,strongly_positive
01-02-2025,6,26,0.66588,3,5,0.61667,strongly_positive,strongly_positive
01-02-2025,6,13,0.75302,3,3,0.60267,strongly_positive,strongly_positive
01-02-2025,9,18,0.57554,5,3,0.5682,strongly_positive,strongly_positive
01-02-2025,2,1,0.46482,2,1,0.475,strongly_positive,strongly_positive
01-02-2025,34,1202,0.55324,10,26,0.5201,strongly_positive,strongly_positive
01-02-2025,27,1388,0.62136,10,46,0.538,strongly_positive,strongly_positive
01-02-2025,12,60,0.48781,5,5,0.5016,strongly_positive,strongly_positive
01-02-2025,7,40,0.605,3,6,0.568,strongly_positive,strongly_positive
01-02-2025,10,42,0.54256,6,7,0.53633,strongly_positive,strongly_positive
01-02-2025,4,4,0.61357,3,2,0.541,strongly_positive,strongly_positive
01-02-2025,1,5,0.4868,1,13,0.5,strongly_positive,strongly_positive
01-02-2025,12,571,0.55904,4,38,0.58025,strongly_positive,strongly_positive
01-02-2025,3,0,0.56799,1,0,0.5,strongly_positive,strongly_positive
01-02-2025,5,49,0.46858,2,9,0.4795,strongly_positive,strongly_positive
01-02-2025,7,11,0.5287,6,7,0.53783,strongly_positive,strongly_positive
01-02-2025,3,0,0.50224,3,2,0.50567,strongly_positive,strongly_positive
01-02-2025,13,43,0.66552,5,3,0.5688,strongly_positive,strongly_positive
01-02-2025,5,11,0.49182,2,2,0.5,strongly_positive,strongly_positive
31-01-2025,13,72,0.53811,6,6,0.5,strongly_positive,strongly_positive
31-01-2025,11,57,0.53179,7,9,0.52171,strongly_positive,strongly_positive
31-01-2025,3,8,0.48462,2,5,0.5,strongly_positive,strongly_positive
31-01-2025,5,38,0.50404,4,22,0.51575,strongly_positive,strongly_positive
31-01-2025,10,13,0.60713,3,1,0.595,strongly_positive,strongly_positive
31-01-2025,17,459,0.64822,6,23,0.5635,strongly_positive,strongly_positive
31-01-2025,10,179,0.62063,4,17,0.6375,strongly_positive,strongly_positive
31-01-2025,16,178,0.55194,8,14,0.57263,strongly_positive,strongly_positive
31-01-2025,22,159,0.48098,13,11,0.47654,strongly_positive,strongly_positive
31-01-2025,40,360,0.55969,25,15,0.57516,strongly_positive,strongly_positive
31-01-2025,23,28,0.71861,23,24,0.57809,strongly_positive,strongly_positive
31-01-2025,76,4773,0.55355,24,49,0.57454,strongly_positive,strongly_positive
31-01-2025,41,1582,0.58603,16,37,0.59975,strongly_positive,strongly_positive
31-01-2025,51,2283,0.53749,23,49,0.50709,strongly_positive,strongly_positive
31-01-2025,49,1564,0.54578,23,37,0.56648,strongly_positive,strongly_positive
31-01-2025,16,214,0.51013,11,26,0.52391,strongly_positive,strongly_positive
31-01-2025,13,94,0.50279,11,21,0.51727,strongly_positive,strongly_positive
31-01-2025,7,42,0.66616,6,23,0.546,strongly_positive,strongly_positive
31-01-2025,17,358,0.61523,6,18,0.54483,strongly_positive,strongly_positive
31-01-2025,0,0,0.0,0,0,0.0,strongly_positive,strongly_positive
31-01-2025,2,10,0.54321,1,5,0.519,strongly_positive,strongly_positive
31-01-2025,3,57,0.63647,2,29,0.637,strongly_positive,strongly_positive
31-01-2025,5,9,0.48934,3,3,0.5,strongly_positive,strongly_positive
31-01-2025,7,37,0.56397,3,5,0.57467,strongly_positive,strongly_positive
30-01-2025,7,69,0.50264,3,10,0.505,strongly_positive,strongly_positive
30-01-2025,15,178,0.56003,7,14,0.58114,strongly_positive,strongly_positive
30-01-2025,0,0,0.5,0,0,0.5,strongly_positive,strongly_positive
30-01-2025,6,0,0.4399,4,0,0.45325,strongly_positive,strongly_positive
30-01-2025,7,12,0.59465,5,4,0.5546,strongly_positive,strongly_positive
30-01-2025,7,16,0.72559,6,10,0.58633,strongly_positive,strongly_positive
30-01-2025,21,310,0.5275,7,12,0.54371,strongly_positive,strongly_positive
30-01-2025,35,613,0.4743,13,16,0.486,strongly_positive,strongly_positive
30-01-2025,40,580,0.55563,17,15,0.52582,strongly_positive,strongly_positive
30-01-2025,42,1023,0.6389,23,34,0.55791,strongly_positive,strongly_positive
30-01-2025,20,81,0.55593,13,7,0.57031,strongly_positive,strongly_positive
30-01-2025,33,769,0.57435,23,45,0.54283,strongly_positive,strongly_positive
30-01-2025,53,1705,0.52107,16,24,0.51756,strongly_positive,strongly_positive
30-01-2025,15,110,0.3863,5,6,0.3434,strongly_positive,strongly_positive
30-01-2025,54,1834,0.62655,23,35,0.50661,strongly_positive,strongly_positive
30-01-2025,56,2118,0.47785,27,45,0.49593,strongly_positive,strongly_positive
30-01-2025,29,275,0.51116,15,12,0.45367,strongly_positive,strongly_positive
30-01-2025,12,66,0.59584,9,13,0.56411,strongly_positive,strongly_positive
30-01-2025,11,91,0.68939,10,38,0.5689,strongly_positive,strongly_positive
30-01-2025,3,0,0.49901,3,4,0.5,strongly_positive,strongly_positive
30-01-2025,8,98,0.5502,3,11,0.56667,strongly_positive,strongly_positive
30-01-2025,5,11,0.60701,2,2,0.5,strongly_positive,strongly_positive
30-01-2025,2,8,0.57869,1,4,0.6,strongly_positive,strongly_positive
30-01-2025,14,184,0.57964,9,23,0.591,strongly_positive,strongly_positive
30-01-2025,9,64,0.65461,6,14,0.6275,strongly_positive,strongly_positive
29-01-2025,20,216,0.48484,6,8,0.48633,weakly_positive,weakly_positive
29-01-2025,29,1012,0.47278,9,27,0.48233,weakly_positive,weakly_positive
29-01-2025,8,199,0.56442,3,21,0.58333,weakly_positive,weakly_positive
29-01-2025,14,219,0.54118,11,39,0.50727,weakly_positive,weakly_positive
29-01-2025,20,98,0.51453,17,15,0.534,weakly_positive,weakly_positive
29-01-2025,52,1738,0.51328,15,24,0.51093,weakly_positive,weakly_positive
29-01-2025,36,996,0.57383,13,24,0.53715,weakly_positive,weakly_positive
29-01-2025,55,2192,0.69297,22,39,0.56282,weakly_positive,weakly_positive
29-01-2025,48,1115,0.51334,22,26,0.53268,weakly_positive,weakly_positive
29-01-2025,27,363,0.52501,16,21,0.53869,weakly_positive,weakly_positive
29-01-2025,14,117,0.64373,10,17,0.6113,weakly_positive,weakly_positive
29-01-2025,29,434,0.50205,22,35,0.521,weakly_positive,weakly_positive
29-01-2025,62,1887,0.50099,20,24,0.51325,weakly_positive,weakly_positive
29-01-2025,75,2394,0.51804,27,28,0.53404,weakly_positive,weakly_positive
29-01-2025,48,1078,0.54209,22,25,0.53977,weakly_positive,weakly_positive
29-01-2025,42,644,0.57753,22,20,0.51559,weakly_positive,weakly_positive
29-01-2025,22,157,0.53753,12,10,0.55392,weakly_positive,weakly_positive
29-01-2025,4,20,0.42114,3,16,0.437,weakly_positive,weakly_positive
29-01-2025,0,0,0.0,0,0,0.0,weakly_positive,weakly_positive
29-01-2025,26,385,0.50884,8,11,0.51838,weakly_positive,weakly_positive
29-01-2025,0,0,0.0,0,0,0.0,weakly_positive,weakly_positive
29-01-2025,0,0,0.0,0,0,0.0,weakly_positive,weakly_positive
29-01-2025,8,135,0.70264,4,20,0.637,weakly_positive,weakly_positive
29-01-2025,7,10,0.53884,5,3,0.5188,weakly_positive,weakly_positive
28-01-2025,8,54,0.57299,6,16,0.59383,strongly_positive,strongly_positive
28-01-2025,22,84,0.50846,7,3,0.51757,strongly_positive,strongly_positive
28-01-2025,15,295,0.60103,5,16,0.578,strongly_positive,strongly_positive
28-01-2025,5,45,0.49688,2,8,0.4195,strongly_positive,strongly_positive
28-01-2025,6,37,0.65206,3,8,0.59233,strongly_positive,strongly_positive
28-01-2025,14,120,0.46252,8,12,0.47838,strongly_positive,strongly_positive
28-01-2025,17,136,0.63642,11,14,0.61973,strongly_positive,strongly_positive
28-01-2025,63,1902,0.56937,24,28,0.59096,strongly_positive,strongly_positive
28-01-2025,42,879,0.55004,18,22,0.54883,strongly_positive,strongly_positive
28-01-2025,6,10,0.39431,3,2,0.35333,strongly_positive,strongly_positive
28-01-2025,6,17,0.62907,4,5,0.5135,strongly_positive,strongly_positive
28-01-2025,12,33,0.57449,9,7,0.596,strongly_positive,strongly_positive
28-01-2025,11,68,0.56768,9,19,0.50789,strongly_positive,strongly_positive
28-01-2025,3,77,0.52475,1,20,0.5,strongly_positive,strongly_positive
28-01-2025,18,116,0.69123,7,6,0.57571,strongly_positive,strongly_positive
28-01-2025,6,45,0.5966,3,9,0.61033,strongly_positive,strongly_positive
28-01-2025,14,29,0.47535,8,3,0.4905,strongly_positive,strongly_positive
28-01-2025,10,140,0.68802,6,22,0.572,strongly_positive,strongly_positive
28-01-2025,4,9,0.62407,4,12,0.5595,strongly_positive,strongly_positive
28-01-2025,0,0,0.5,0,0,0.5,strongly_positive,strongly_positive
28-01-2025,3,9,0.49194,1,2,0.5,strongly_positive,strongly_positive
28-01-2025,3,4,0.51848,1,1,0.5,strongly_positive,strongly_positive
28-01-2025,12,126,0.59277,5,11,0.597,strongly_positive,strongly_positive
28-01-2025,2,4,0.65288,1,2,0.664,strongly_positive,strongly_positive
28-01-2025,2,5,0.58845,1,3,0.609,strongly_positive,strongly_positive
27-01-2025,9,35,0.49839,7,10,0.51614,strongly_positive,strongly_positive
27-01-2025,1,1,0.47239,1,2,0.43,strongly_positive,strongly_positive
27-01-2025,20,337,0.59503,7,14,0.57471,strongly_positive,strongly_positive
27-01-2025,3,26,0.4827,1,7,0.5,strongly_positive,strongly_positive
27-01-2025,10,144,0.51015,4,14,0.5175,strongly_positive,strongly_positive
27-01-2025,4,3,0.43468,2,1,0.45,strongly_positive,strongly_positive
27-01-2025,3,8,0.80927,2,4,0.6865,strongly_positive,strongly_positive
27-01-2025,6,9,0.49014,4,3,0.50625,strongly_positive,strongly_positive
27-01-2025,28,157,0.46268,8,4,0.47888,strongly_positive,strongly_positive
27-01-2025,43,1034,0.57669,14,19,0.56321,strongly_positive,strongly_positive
27-01-2025,33,639,0.60488,12,17,0.52292,strongly_positive,strongly_positive
27-01-2025,2,12,0.59815,1,7,0.55,strongly_positive,strongly_positive
27-01-2025,4,6,0.60608,2,2,0.6085,strongly_positive,strongly_positive
27-01-2025,33,487,0.59559,19,22,0.58505,strongly_positive,strongly_positive
27-01-2025,22,324,0.58087,20,59,0.59185,strongly_positive,strongly_positive
27-01-2025,30,894,0.58009,9,22,0.54167,strongly_positive,strongly_positive
27-01-2025,38,1473,0.75831,14,35,0.651,strongly_positive,strongly_positive
27-01-2025,29,1250,0.52779,12,44,0.54383,strongly_positive,strongly_positive
27-01-2025,7,26,0.5362,3,4,0.5,strongly_positive,strongly_positive
27-01-2025,8,28,0.57704,5,6,0.5676,strongly_positive,strongly_positive
27-01-2025,4,9,0.57175,3,5,0.5,strongly_positive,strongly_positive
27-01-2025,1,0,0.46359,1,1,0.475,strongly_positive,strongly_positive
27-01-2025,15,260,0.41936,5,14,0.4352,strongly_positive,strongly_positive
27-01-2025,23,598,0.4606,8,22,0.40213,strongly_positive,strongly_positive
26-01-2025,5,86,0.65795,2,16,0.675,strongly_positive,strongly_positive
26-01-2025,5,25,0.74205,3,7,0.601,strongly_positive,strongly_positive
26-01-2025,10,120,0.512,6,18,0.5085,strongly_positive,strongly_positive
26-01-2025,1,0,0.63396,1,1,0.65,strongly_positive,strongly_positive
26-01-2025,2,0,0.81148,2,1,0.656,strongly_positive,strongly_positive
26-01-2025,3,30,0.59547,1,7,0.618,strongly_positive,strongly_positive
26-01-2025,2,4,0.55499,1,2,0.569,strongly_positive,strongly_positive
26-01-2025,2,10,0.81238,1,5,0.769,strongly_positive,strongly_positive
26-01-2025,0,0,0.0,0,0,0.0,strongly_positive,strongly_positive
26-01-2025,4,4,0.54854,3,2,0.56267,strongly_positive,strongly_positive
26-01-2025,1,0,0.48549,1,1,0.5,strongly_positive,strongly_positive
26-01-2025,4,1,0.52574,4,3,0.5045,strongly_positive,strongly_positive
26-01-2025,14,166,0.71364,5,10,0.6346,strongly_positive,strongly_positive
26-01-2025,10,106,0.60363,4,10,0.6155,strongly_positive,strongly_positive
26-01-2025,7,42,0.52133,3,6,0.49967,strongly_positive,strongly_positive
26-01-2025,14,160,0.56999,4,8,0.571,strongly_positive,strongly_positive
26-01-2025,3,38,0.7708,1,9,0.8,strongly_positive,strongly_positive
26-01-2025,5,5,0.56489,2,1,0.5765,strongly_positive,strongly_positive
26-01-2025,0,0,0.0,0,0,0.0,strongly_positive,strongly_positive
26-01-2025,4,7,0.52995,2,2,0.55,strongly_positive,strongly_positive
26-01-2025,1,6,0.33227,1,12,0.342,strongly_positive,strongly_positive
26-01-2025,4,3,0.53062,3,2,0.54467,strongly_positive,strongly_positive
26-01-2025,2,6,0.69765,2,13,0.5665,strongly_positive,strongly_positive
26-01-2025,11,322,0.61561,4,25,0.54075,strongly_positive,strongly_positive
25-01-2025,3,7,0.42203,1,2,0.433,weakly_positive,weakly_positive
25-01-2025,2,4,0.58348,1,2,0.554,weakly_positive,weakly_positive
25-01-2025,2,3,0.60211,1,2,0.6,weakly_positive,weakly_positive
25-01-2025,0,0,0.0,0,0,0.0,weakly_positive,weakly_positive
25-01-2025,0,0,0.0,0,0,0.0,weakly_positive,weakly_positive
25-01-2025,3,0,0.50221,1,0,0.5,weakly_positive,weakly_positive
25-01-2025,6,30,0.58202,2,4,0.5195,weakly_positive,weakly_positive
25-01-2025,9,0,0.58093,4,0,0.5525,weakly_positive,weakly_positive
25-01-2025,4,7,0.53774,2,2,0.558,weakly_positive,weakly_positive
25-01-2025,4,23,0.6324,2,8,0.6355,weakly_positive,weakly_positive
25-01-2025,3,1,0.52639,2,1,0.5,weakly_positive,weakly_positive
25-01-2025,1,0,0.72365,1,2,0.6,weakly_positive,weakly_positive
25-01-2025,3,0,0.48253,1,0,0.5,weakly_positive,weakly_positive
25-01-2025,5,63,0.48498,2,11,0.5,weakly_positive,weakly_positive
25-01-2025,0,0,0.5,0,0,0.5,weakly_positive,weakly_positive
25-01-2025,7,14,0.5876,3,2,0.56567,weakly_positive,weakly_positive
25-01-2025,4,4,0.54082,2,1,0.5605,weakly_positive,weakly_positive
25-01-2025,3,9,0.65571,2,5,0.6675,weakly_positive,weakly_positive
25-01-2025,3,3,0.46736,2,2,0.4835,weakly_positive,weakly_positive
25-01-2025,2,22,0.66548,1,11,0.533,weakly_positive,weakly_positive
25-01-2025,0,0,0.0,0,0,0.0,weakly_positive,weakly_positive
25-01-2025,2,10,0.56794,1,6,0.5,weakly_positive,weakly_positive
25-01-2025,1,0,0.71977,1,1,0.677,weakly_positive,weakly_positive
25-01-2025,1,0,0.61153,1,0,0.5,weakly_positive,weakly_positive
25-01-2025,3,9,0.50115,1,2,0.5,weakly_positive,weakly_positive
24-01-2025,3,7,0.48649,1,2,0.5,strongly_positive,strongly_positive
24-01-2025,3,7,0.74009,1,2,0.604,strongly_positive,strongly_positive
24-01-2025,2,0,0.48195,1,0,0.5,strongly_positive,strongly_positive
24-01-2025,2,2,0.53788,1,2,0.55,strongly_positive,strongly_positive
24-01-2025,4,6,0.56296,3,3,0.53633,strongly_positive,strongly_positive
24-01-2025,3,22,0.50057,1,5,0.5,strongly_positive,strongly_positive
24-01-2025,3,50,0.48872,1,12,0.5,strongly_positive,strongly_positive
24-01-2025,6,7,0.48457,2,1,0.5,strongly_positive,strongly_positive
24-01-2025,6,30,0.51544,3,6,0.53467,strongly_positive,strongly_positive
24-01-2025,4,25,0.72515,2,8,0.65,strongly_positive,strongly_positive
24-01-2025,5,6,0.43944,3,2,0.44667,strongly_positive,strongly_positive
24-01-2025,4,8,0.57835,3,6,0.6,strongly_positive,strongly_positive
24-01-2025,35,1179,0.50256,10,24,0.5061,strongly_positive,strongly_positive
24-01-2025,28,286,0.57478,9,8,0.52389,strongly_positive,strongly_positive
24-01-2025,20,414,0.6079,8,20,0.5065,strongly_positive,strongly_positive
24-01-2025,13,118,0.54507,6,10,0.5645,strongly_positive,strongly_positive
24-01-2025,10,9,0.60674,5,1,0.5522,strongly_positive,strongly_positive
24-01-2025,4,10,0.50429,3,5,0.487,strongly_positive,strongly_positive
24-01-2025,0,0,0.0,0,0,0.0,strongly_positive,strongly_positive
24-01-2025,3,8,0.69472,1,2,0.706,strongly_positive,strongly_positive
24-01-2025,3,11,0.48299,1,3,0.5,strongly_positive,strongly_positive
24-01-2025,11,135,0.60044,4,11,0.50925,strongly_positive,strongly_positive
24-01-2025,8,49,0.50679,7,20,0.526,strongly_positive,strongly_positive
24-01-2025,10,128,0.49956,3,9,0.5,strongly_positive,strongly_positive
23-01-2025,7,29,0.46929,2,3,0.4795,strongly_positive,strongly_positive
23-01-2025,10,51,0.55797,4,5,0.4585,strongly_positive,strongly_positive
23-01-2025,19,238,0.50823,8,13,0.50825,strongly_positive,strongly_positive
23-01-2025,6,50,0.64357,3,10,0.579,strongly_positive,strongly_positive
23-01-2025,4,6,0.63528,3,3,0.608,strongly_positive,strongly_positive
23-01-2025,4,0,0.56694,3,0,0.588,strongly_positive,strongly_positive
23-01-2025,3,8,0.68562,1,2,0.7,strongly_positive,strongly_positive
23-01-2025,6,30,0.52307,2,4,0.5,strongly_positive,strongly_positive
23-01-2025,3,10,0.91185,1,3,0.763,strongly_positive,strongly_positive
23-01-2025,9,68,0.59633,5,10,0.5376,strongly_positive,strongly_positive
23-01-2025,7,10,0.53908,4,2,0.55675,strongly_positive,strongly_positive
23-01-2025,5,14,0.55731,3,5,0.53967,strongly_positive,strongly_positive
23-01-2025,10,17,0.59818,9,8,0.53844,strongly_positive,strongly_positive
23-01-2025,3,22,0.62584,1,5,0.635,strongly_positive,strongly_positive
23-01-2025,12,117,0.43446,4,8,0.45,strongly_positive,strongly_positive
23-01-2025,7,54,0.63093,3,8,0.63667,strongly_positive,strongly_positive
23-01-2025,10,33,0.57152,5,4,0.523,strongly_positive,strongly_positive
23-01-2025,2,0,0.57941,1,0,0.6,strongly_positive,strongly_positive
23-01-2025,3,2,0.5541,2,2,0.5735,strongly_positive,strongly_positive
23-01-2025,3,3,0.56549,3,6,0.575,strongly_positive,strongly_positive
23-01-2025,9,133,0.59358,3,12,0.575,strongly_positive,strongly_positive
23-01-2025,5,39,0.75971,2,7,0.6485,strongly_positive,strongly_positive
23-01-2025,5,84,0.52502,2,16,0.5335,strongly_positive,strongly_positive
23-01-2025,7,64,0.56525,4,13,0.5855,strongly_positive,strongly_positive
22-01-2025,5,6,0.65523,3,2,0.64233,strongly_positive,strongly_positive
22-01-2025,1,3,0.27326,1,6,0.282,strongly_positive,strongly_positive
22-01-2025,11,104,0.53592,5,10,0.5376,strongly_positive,strongly_positive
22-01-2025,2,0,0.49012,1,0,0.5,strongly_positive,strongly_positive
22-01-2025,4,12,0.48378,2,4,0.5,strongly_positive,strongly_positive
22-01-2025,3,6,0.54264,2,5,0.5625,strongly_positive,strongly_positive
22-01-2025,5,8,0.61351,4,5,0.55425,strongly_positive,strongly_positive
22-01-2025,6,15,0.4947,2,2,0.475,strongly_positive,strongly_positive
22-01-2025,3,4,0.59995,1,1,0.622,strongly_positive,strongly_positive
22-01-2025,10,10,0.63856,4,1,0.6455,strongly_positive,strongly_positive
22-01-2025,2,0,0.4836,1,0,0.5,strongly_positive,strongly_positive
22-01-2025,2,26,0.4836,1,19,0.5,strongly_positive,strongly_positive
22-01-2025,3,2,0.68386,2,1,0.575,strongly_positive,strongly_positive
22-01-2025,1,0,0.48338,1,1,0.5,strongly_positive,strongly_positive
22-01-2025,65,2787,0.54199,19,31,0.56021,strongly_positive,strongly_positive
22-01-2025,6,8,0.68878,2,1,0.669,strongly_positive,strongly_positive
22-01-2025,8,28,0.82602,3,3,0.708,strongly_positive,strongly_positive
22-01-2025,13,335,0.51411,6,29,0.52067,strongly_positive,strongly_positive
22-01-2025,2,6,0.60311,1,4,0.625,strongly_positive,strongly_positive
22-01-2025,2,1,0.79121,1,1,0.677,strongly_positive,strongly_positive
22-01-2025,8,110,0.69445,7,46,0.638,strongly_positive,strongly_positive
22-01-2025,7,181,0.54158,2,18,0.544,strongly_positive,strongly_positive
22-01-2025,14,369,0.46757,5,23,0.4836,strongly_positive,strongly_positive
22-01-2025,12,207,0.561,5,17,0.5714,strongly_positive,strongly_positive
22-01-2025,5,24,0.59835,2,5,0.6015,strongly_positive,strongly_positive
21-01-2025,3,2,0.69962,2,1,0.6,strongly_positive,strongly_positive
21-01-2025,1,0,0.48514,1,1,0.5,strongly_positive,strongly_positive
21-01-2025,8,77,0.64772,6,24,0.6035,strongly_positive,strongly_positive
21-01-2025,6,8,0.41199,2,1,0.405,strongly_positive,strongly_positive
21-01-2025,9,55,0.5118,3,5,0.52767,strongly_positive,strongly_positive
21-01-2025,13,155,0.48814,5,11,0.5,strongly_positive,strongly_positive
21-01-2025,1,1,0.60541,1,3,0.55,strongly_positive,strongly_positive
21-01-2025,1,1,0.5859,1,5,0.606,strongly_positive,strongly_positive
21-01-2025,5,17,0.48258,2,3,0.5,strongly_positive,strongly_positive
21-01-2025,5,27,0.80971,2,5,0.7345,strongly_positive,strongly_positive
21-01-2025,5,33,0.57019,2,7,0.5765,strongly_positive,strongly_positive
21-01-2025,2,42,0.59078,1,35,0.5,strongly_positive,strongly_positive
21-01-2025,7,15,0.5624,5,4,0.5696,strongly_positive,strongly_positive
21-01-2025,5,11,0.57656,4,6,0.5315,strongly_positive,strongly_positive
21-01-2025,6,99,0.59182,2,12,0.5,strongly_positive,strongly_positive
21-01-2025,23,768,0.47298,8,28,0.48888,strongly_positive,strongly_positive
21-01-2025,18,345,0.5507,7,18,0.56171,strongly_positive,strongly_positive
21-01-2025,12,157,0.55449,6,16,0.54017,strongly_positive,strongly_positive
21-01-2025,0,0,0.0,0,0,0.0,strongly_positive,strongly_positive
21-01-2025,3,13,0.61851,2,7,0.6305,strongly_positive,strongly_positive
21-01-2025,4,18,0.50252,4,31,0.521,strongly_positive,strongly_positive
21-01-2025,3,9,0.59164,1,2,0.583,strongly_positive,strongly_positive
21-01-2025,3,10,0.54213,1,3,0.5,strongly_positive,strongly_positive
21-01-2025,9,280,0.52082,4,33,0.522,strongly_positive,strongly_positive
20-01-2025,6,16,0.58784,3,3,0.57867,strongly_positive,strongly_positive
20-01-2025,4,43,0.54565,3,20,0.55667,strongly_positive,strongly_positive
20-01-2025,4,4,0.6514,3,3,0.61,strongly_positive,strongly_positive
20-01-2025,1,1,0.55405,1,4,0.575,strongly_positive,strongly_positive
20-01-2025,12,58,0.60513,4,4,0.623,strongly_positive,strongly_positive
20-01-2025,17,621,0.58189,6,32,0.54417,strongly_positive,strongly_positive
20-01-2025,5,129,0.6935,2,25,0.5625,strongly_positive,strongly_positive
20-01-2025,3,8,0.6598,2,4,0.579,strongly_positive,strongly_positive
20-01-2025,2,5,0.56352,1,4,0.578,strongly_positive,strongly_positive
20-01-2025,10,21,0.68657,4,2,0.62625,strongly_positive,strongly_positive
20-01-2025,2,11,0.54395,1,5,0.563,strongly_positive,strongly_positive
20-01-2025,4,14,0.51194,2,4,0.5,strongly_positive,strongly_positive
20-01-2025,7,36,0.55941,5,10,0.568,strongly_positive,strongly_positive
20-01-2025,7,99,0.51929,5,31,0.524,strongly_positive,strongly_positive
20-01-2025,3,1,0.53064,3,1,0.55033,strongly_positive,strongly_positive
20-01-2025,9,34,0.41392,3,3,0.42,strongly_positive,strongly_positive
20-01-2025,8,18,0.56733,3,2,0.525,strongly_positive,strongly_positive
20-01-2025,7,35,0.57418,3,5,0.57433,strongly_positive,strongly_positive
20-01-2025,6,4,0.46703,3,1,0.48233,strongly_positive,strongly_positive
20-01-2025,3,5,0.54719,2,3,0.559,strongly_positive,strongly_positive
20-01-2025,0,0,0.0,0,0,0.0,strongly_positive,strongly_positive
20-01-2025,7,30,0.7485,2,3,0.6475,strongly_positive,strongly_positive
20-01-2025,3,0,0.48614,1,0,0.5,strongly_positive,strongly_positive
20-01-2025,2,2,0.61514,1,1,0.638,strongly_positive,strongly_positive
19-01-2025,8,56,0.5711,4,8,0.56425,strongly_positive,strongly_positive
19-01-2025,4,33,0.42033,2,10,0.4325,strongly_positive,strongly_positive
19-01-2025,5,2,0.66186,4,1,0.5295,strongly_positive,strongly_positive
19-01-2025,2,0,0.52123,2,0,0.541,strongly_positive,strongly_positive
19-01-2025,1,0,0.62534,1,0,0.55,strongly_positive,strongly_positive
19-01-2025,5,23,0.68417,2,4,0.643,strongly_positive,strongly_positive
19-01-2025,3,3,0.7226,1,1,0.75,strongly_positive,strongly_positive
19-01-2025,5,43,0.50141,2,9,0.5,strongly_positive,strongly_positive
19-01-2025,2,17,0.48662,1,14,0.5,strongly_positive,strongly_positive
19-01-2025,4,56,0.55446,3,26,0.452,strongly_positive,strongly_positive
19-01-2025,7,69,0.5718,2,7,0.504,strongly_positive,strongly_positive
19-01-2025,10,13,0.57188,3,1,0.58733,strongly_positive,strongly_positive
19-01-2025,6,29,0.58666,2,4,0.5585,strongly_positive,strongly_positive
19-01-2025,3,13,0.50685,2,10,0.51,strongly_positive,strongly_positive
19-01-2025,4,3,0.60985,3,2,0.59733,strongly_positive,strongly_positive
19-01-2025,3,0,0.70848,3,2,0.61533,strongly_positive,strongly_positive
19-01-2025,9,54,0.58789,3,5,0.592,strongly_positive,strongly_positive
19-01-2025,3,3,0.48196,1,1,0.5,strongly_positive,strongly_positive
19-01-2025,4,34,0.53319,2,9,0.528,strongly_positive,strongly_positive
19-01-2025,3,0,0.53773,2,0,0.4995,strongly_positive,strongly_positive
19-01-2025,0,0,0.0,0,0,0.0,strongly_positive,strongly_positive
19-01-2025,0,0,0.0,0,0,0.0,strongly_positive,strongly_positive
19-01-2025,10,26,0.59785,3,2,0.61167,strongly_positive,strongly_positive
19-01-2025,9,0,0.53035,3,0,0.5,strongly_positive,strongly_positive
18-01-2025,2,23,0.57537,1,12,0.5,strongly_positive,strongly_positive
18-01-2025,2,2,0.68336,1,1,0.702,strongly_positive,strongly_positive
18-01-2025,4,0,0.64788,2,0,0.61,strongly_positive,strongly_positive
18-01-2025,1,0,0.67335,1,0,0.667,strongly_positive,strongly_positive
18-01-2025,1,4,0.60691,1,2,0.537,strongly_positive,strongly_positive
18-01-2025,7,40,0.48633,2,4,0.5,strongly_positive,strongly_positive
18-01-2025,3,7,0.73512,1,2,0.763,strongly_positive,strongly_positive
18-01-2025,2,2,0.566,1,1,0.5,strongly_positive,strongly_positive
18-01-2025,2,2,0.48919,1,1,0.5,strongly_positive,strongly_positive
18-01-2025,1,0,0.9393,1,1,0.771,strongly_positive,strongly_positive
18-01-2025,1,4,0.49623,1,9,0.496,strongly_positive,strongly_positive
18-01-2025,16,1375,0.48605,5,66,0.5,strongly_positive,strongly_positive
18-01-2025,6,15,0.73233,2,2,0.6,strongly_positive,strongly_positive
18-01-2025,3,11,0.57847,1,3,0.6,strongly_positive,strongly_positive
18-01-2025,4,0,0.55712,2,0,0.569,strongly_positive,strongly_positive
18-01-2025,6,57,0.63652,3,13,0.608,strongly_positive,strongly_positive
18-01-2025,2,0,0.61134,1,0,0.511,strongly_positive,strongly_positive
18-01-2025,5,11,0.5004,2,2,0.4915,strongly_positive,strongly_positive
18-01-2025,2,4,0.5731,1,2,0.5,strongly_positive,strongly_positive
18-01-2025,0,0,0.0,0,0,0.0,strongly_positive,strongly_positive
18-01-2025,3,7,0.53003,2,4,0.55,strongly_positive,strongly_positive
18-01-2025,1,0,0.5681,1,1,0.564,strongly_positive,strongly_positive
18-01-2025,1,0,0.48704,1,1,0.5,strongly_positive,strongly_positive
18-01-2025,3,28,0.619,1,7,0.5,strongly_positive,strongly_positive
17-01-2025,5,0,0.59112,2,0,0.6135,strongly_positive,strongly_positive
17-01-2025,6,62,0.55861,3,12,0.57233,strongly_positive,strongly_positive
17-01-2025,2,7,0.52849,1,5,0.5,strongly_positive,strongly_positive
17-01-2025,3,2,0.59255,2,1,0.615,strongly_positive,strongly_positive
17-01-2025,1,1,0.66376,1,4,0.681,strongly_positive,strongly_positive
17-01-2025,3,31,0.59045,1,7,0.608,strongly_positive,strongly_positive
17-01-2025,6,129,0.82938,2,16,0.6825,strongly_positive,strongly_positive
17-01-2025,9,79,0.82654,4,9,0.7345,strongly_positive,strongly_positive
17-01-2025,9,100,0.65287,4,12,0.672,strongly_positive,strongly_positive
17-01-2025,21,149,0.59843,11,9,0.57327,strongly_positive,strongly_positive
17-01-2025,1,0,0.49868,1,1,0.5,strongly_positive,strongly_positive
17-01-2025,1,8,0.48995,1,24,0.5,strongly_positive,strongly_positive
17-01-2025,6,30,0.67462,2,4,0.5565,strongly_positive,strongly_positive
17-01-2025,9,54,0.56664,3,5,0.56767,strongly_positive,strongly_positive
17-01-2025,33,754,0.65734,13,22,0.59331,strongly_positive,strongly_positive
17-01-2025,11,235,0.61699,6,30,0.592,strongly_positive,strongly_positive
17-01-2025,7,23,0.49428,4,5,0.5125,strongly_positive,strongly_positive
17-01-2025,1,0,0.59975,1,0,0.606,strongly_positive,strongly_positive
17-01-2025,2,1,0.57391,2,6,0.55,strongly_positive,strongly_positive
17-01-2025,6,32,0.72566,2,4,0.6095,strongly_positive,strongly_positive
17-01-2025,3,11,0.46397,1,3,0.48,strongly_positive,strongly_positive
17-01-2025,4,12,0.65156,3,6,0.571,strongly_positive,strongly_positive
17-01-2025,2,1,0.53281,2,2,0.546,strongly_positive,strongly_positive
17-01-2025,1,0,0.52756,1,1,0.5,strongly_positive,strongly_positive
16-01-2025,6,57,0.63905,2,8,0.636,strongly_positive,strongly_positive
16-01-2025,7,36,0.55494,3,5,0.495,strongly_positive,strongly_positive
16-01-2025,2,11,0.55428,1,7,0.45,strongly_positive,strongly_positive
16-01-2025,0,0,0.5,0,0,0.5,strongly_positive,strongly_positive
16-01-2025,3,2,0.48183,2,1,0.5,strongly_positive,strongly_positive
16-01-2025,8,5,0.62431,5,1,0.556,strongly_positive,strongly_positive
16-01-2025,7,20,0.54458,2,2,0.517,strongly_positive,strongly_positive
16-01-2025,3,4,0.76404,1,1,0.633,strongly_positive,strongly_positive
16-01-2025,9,34,0.67314,3,3,0.67567,strongly_positive,strongly_positive
16-01-2025,4,59,0.58838,2,16,0.6065,strongly_positive,strongly_positive
16-01-2025,2,9,0.60461,1,5,0.5,strongly_positive,strongly_positive
16-01-2025,5,4,0.38979,3,1,0.404,strongly_positive,strongly_positive
16-01-2025,2,1,0.54014,2,1,0.55,strongly_positive,strongly_positive
16-01-2025,2,3,0.56188,2,7,0.54,strongly_positive,strongly_positive
16-01-2025,11,89,0.59114,4,7,0.594,strongly_positive,strongly_positive
16-01-2025,8,18,0.55191,3,2,0.56233,strongly_positive,strongly_positive
16-01-2025,5,5,0.53426,2,1,0.5525,strongly_positive,strongly_positive
16-01-2025,8,71,0.42945,5,14,0.445,strongly_positive,strongly_positive
16-01-2025,8,28,0.74037,5,6,0.671,strongly_positive,strongly_positive
16-01-2025,1,0,0.64261,1,1,0.65,strongly_positive,strongly_positive
16-01-2025,3,40,0.48244,1,9,0.5,strongly_positive,strongly_positive
16-01-2025,9,134,0.53142,3,12,0.538,strongly_positive,strongly_positive
16-01-2025,11,254,0.65495,4,21,0.60325,strongly_positive,strongly_positive
16-01-2025,2,7,0.59244,1,4,0.5,strongly_positive,strongly_positive
16-01-2025,7,35,0.59659,4,7,0.61675,strongly_positive,strongly_positive
15-01-2025,3,6,0.62953,2,3,0.579,strongly_positive,strongly_positive
15-01-2025,4,11,0.59734,4,24,0.61875,strongly_positive,strongly_positive
15-01-2025,3,38,0.54163,1,9,0.531,strongly_positive,strongly_positive
15-01-2025,5,22,0.63236,2,4,0.579,strongly_positive,strongly_positive
15-01-2025,2,4,0.93212,1,2,0.938,strongly_positive,strongly_positive
15-01-2025,4,32,0.62337,2,9,0.6105,strongly_positive,strongly_positive
15-01-2025,4,23,0.54962,3,11,0.559,strongly_positive,strongly_positive
15-01-2025,1,0,0.53761,1,1,0.5,strongly_positive,strongly_positive
15-01-2025,3,13,0.53016,3,16,0.55,strongly_positive,strongly_positive
15-01-2025,17,342,0.54807,6,17,0.56533,strongly_positive,strongly_positive
15-01-2025,11,50,0.6821,4,4,0.6335,strongly_positive,strongly_positive
15-01-2025,22,440,0.62314,9,20,0.50067,strongly_positive,strongly_positive
15-01-2025,2,1,0.57452,1,1,0.5,strongly_positive,strongly_positive
15-01-2025,2,6,0.56986,1,5,0.583,strongly_positive,strongly_positive
15-01-2025,12,40,0.50351,12,32,0.52242,strongly_positive,strongly_positive
15-01-2025,17,189,0.68414,5,8,0.5944,strongly_positive,strongly_positive
15-01-2025,15,57,0.48281,5,3,0.496,strongly_positive,strongly_positive
15-01-2025,9,75,0.6524,4,9,0.5255,strongly_positive,strongly_positive
15-01-2025,2,2,0.62395,1,1,0.618,strongly_positive,strongly_positive
15-01-2025,0,0,0.0,0,0,0.0,strongly_positive,strongly_positive
15-01-2025,3,0,0.76869,2,0,0.618,strongly_positive,strongly_positive
15-01-2025,5,14,0.54291,4,10,0.5635,strongly_positive,strongly_positive
15-01-2025,14,718,0.51736,4,37,0.5175,strongly_positive,strongly_positive
15-01-2025,11,438,0.60602,4,35,0.5715,strongly_positive,strongly_positive
14-01-2025,2,6,0.45818,1,3,0.376,strongly_positive,strongly_positive
14-01-2025,5,14,0.57683,2,3,0.5765,strongly_positive,strongly_positive
14-01-2025,5,27,0.48607,3,9,0.5,strongly_positive,strongly_positive
14-01-2025,5,5,0.50433,4,2,0.48225,strongly_positive,strongly_positive
14-01-2025,2,4,0.45833,1,2,0.475,strongly_positive,strongly_positive
14-01-2025,2,2,0.50859,1,1,0.5,strongly_positive,strongly_positive
14-01-2025,2,5,0.52862,1,3,0.545,strongly_positive,strongly_positive
14-01-2025,3,10,0.48897,2,8,0.491,strongly_positive,strongly_positive
14-01-2025,1,0,0.43267,1,2,0.449,strongly_positive,strongly_positive
14-01-2025,14,9,0.69178,14,6,0.60343,strongly_positive,strongly_positive
14-01-2025,3,4,0.53562,1,1,0.5,strongly_positive,strongly_positive
14-01-2025,15,191,0.63154,6,12,0.65533,strongly_positive,strongly_positive
14-01-2025,7,7,0.55104,3,1,0.547,strongly_positive,strongly_positive
14-01-2025,5,3,0.48779,3,1,0.5,strongly_positive,strongly_positive
14-01-2025,10,79,0.65257,7,15,0.527,strongly_positive,strongly_positive
14-01-2025,20,218,0.60493,6,8,0.52883,strongly_positive,strongly_positive
14-01-2025,16,211,0.5509,5,10,0.5644,strongly_positive,strongly_positive
14-01-2025,11,118,0.52857,4,9,0.5,strongly_positive,strongly_positive
14-01-2025,10,145,0.55439,5,17,0.551,strongly_positive,strongly_positive
14-01-2025,0,0,0.5,0,0,0.5,strongly_positive,strongly_positive
14-01-2025,2,20,0.70271,1,12,0.721,strongly_positive,strongly_positive
14-01-2025,2,7,0.48559,1,5,0.5,strongly_positive,strongly_positive
14-01-2025,1,2,0.50354,1,5,0.5,strongly_positive,strongly_positive
14-01-2025,1,0,0.56276,1,0,0.5,strongly_positive,strongly_positive
14-01-2025,10,185,0.6219,3,14,0.63433,strongly_positive,strongly_positive
13-01-2025,3,33,0.63882,1,10,0.663,strongly_positive,strongly_positive
13-01-2025,4,23,0.55509,2,6,0.5565,strongly_positive,strongly_positive
13-01-2025,2,2,0.48991,1,1,0.5,strongly_positive,strongly_positive
13-01-2025,10,42,0.75435,7,8,0.62214,strongly_positive,strongly_positive
13-01-2025,2,1,0.7355,2,1,0.7625,strongly_positive,strongly_positive
13-01-2025,3,4,0.53408,1,1,0.55,strongly_positive,strongly_positive
13-01-2025,3,11,0.54724,1,3,0.525,strongly_positive,strongly_positive
13-01-2025,11,112,0.66161,4,9,0.686,strongly_positive,strongly_positive
13-01-2025,5,0,0.53993,4,0,0.53225,strongly_positive,strongly_positive
13-01-2025,14,120,0.56032,4,6,0.49175,strongly_positive,strongly_positive
13-01-2025,3,4,0.51183,1,1,0.525,strongly_positive,strongly_positive
13-01-2025,25,103,0.52839,10,4,0.5484,strongly_positive,strongly_positive
13-01-2025,19,187,0.63685,8,10,0.558,strongly_positive,strongly_positive
13-01-2025,4,7,0.4391,2,2,0.45,strongly_positive,strongly_positive
13-01-2025,3,1,0.61485,2,1,0.5,strongly_positive,strongly_positive
13-01-2025,11,92,0.55596,8,19,0.55325,strongly_positive,strongly_positive
13-01-2025,9,35,0.63816,3,3,0.655,strongly_positive,strongly_positive
13-01-2025,9,226,0.6431,3,20,0.522,strongly_positive,strongly_positive
13-01-2025,3,0,0.48183,1,0,0.5,strongly_positive,strongly_positive
13-01-2025,2,0,0.48822,1,0,0.5,strongly_positive,strongly_positive
13-01-2025,4,6,0.55624,2,2,0.528,strongly_positive,strongly_positive
13-01-2025,3,12,0.92839,2,7,0.769,strongly_positive,strongly_positive
13-01-2025,1,0,0.48797,1,1,0.5,strongly_positive,strongly_positive
13-01-2025,3,0,0.48508,1,0,0.5,strongly_positive,strongly_positive
12-01-2025,3,24,0.62365,1,6,0.6,strongly_positive,strongly_positive
12-01-2025,7,7,0.67878,3,1,0.60567,strongly_positive,strongly_positive
12-01-2025,2,2,0.6383,1,1,0.65,strongly_positive,strongly_positive
12-01-2025,2,3,0.72221,1,2,0.694,strongly_positive,strongly_positive
12-01-2025,4,7,0.50759,3,4,0.51,strongly_positive,strongly_positive
12-01-2025,2,3,0.4573,2,6,0.415,strongly_positive,strongly_positive
12-01-2025,9,260,0.85544,3,23,0.709,strongly_positive,strongly_positive
12-01-2025,3,21,0.48251,1,6,0.5,strongly_positive,strongly_positive
12-01-2025,3,3,0.4304,1,1,0.39,strongly_positive,strongly_positive
12-01-2025,4,0,0.60419,2,0,0.5815,strongly_positive,strongly_positive
12-01-2025,5,26,0.63095,3,9,0.53333,strongly_positive,strongly_positive
12-01-2025,3,12,0.59271,2,8,0.6,strongly_positive,strongly_positive
12-01-2025,2,4,0.82586,1,2,0.728,strongly_positive,strongly_positive
12-01-2025,4,19,0.5399,2,5,0.5545,strongly_positive,strongly_positive
12-01-2025,2,17,0.52517,1,11,0.5,strongly_positive,strongly_positive
12-01-2025,1,0,0.70113,1,1,0.7,strongly_positive,strongly_positive
12-01-2025,5,2,0.57115,4,1,0.5845,strongly_positive,strongly_positive
12-01-2025,3,4,0.80386,1,1,0.657,strongly_positive,strongly_positive
12-01-2025,6,14,0.53884,2,2,0.5375,strongly_positive,strongly_positive
12-01-2025,5,5,0.66044,2,1,0.5915,strongly_positive,strongly_positive
12-01-2025,0,0,0.0,0,0,0.0,strongly_positive,strongly_positive
12-01-2025,2,0,0.48194,1,0,0.5,strongly_positive,strongly_positive
12-01-2025,1,0,0.49671,1,1,0.5,strongly_positive,strongly_positive
12-01-2025,3,9,0.52496,1,2,0.5,strongly_positive,strongly_positive
11-01-2025,6,8,0.51238,2,1,0.4265,strongly_positive,strongly_positive
11-01-2025,3,63,0.31571,1,17,0.327,strongly_positive,strongly_positive
11-01-2025,7,6,0.55859,3,1,0.57633,strongly_positive,strongly_positive
11-01-2025,4,31,0.68644,2,10,0.6625,strongly_positive,strongly_positive
11-01-2025,4,3,0.44065,2,1,0.4565,strongly_positive,strongly_positive
11-01-2025,1,0,0.59021,1,1,0.6,strongly_positive,strongly_positive
11-01-2025,3,14,0.47919,1,3,0.496,strongly_positive,strongly_positive
11-01-2025,6,57,0.53333,2,8,0.537,strongly_positive,strongly_positive
11-01-2025,2,2,0.65849,1,1,0.6,strongly_positive,strongly_positive
11-01-2025,5,5,0.64938,2,1,0.672,strongly_positive,strongly_positive
11-01-2025,3,10,0.47119,2,5,0.488,strongly_positive,strongly_positive
11-01-2025,1,5,0.59121,1,10,0.6,strongly_positive,strongly_positive
11-01-2025,1,2,0.89144,1,5,0.9,strongly_positive,strongly_positive
11-01-2025,3,21,0.64288,1,5,0.546,strongly_positive,strongly_positive
11-01-2025,3,103,0.55216,1,26,0.56,strongly_positive,strongly_positive
11-01-2025,11,0,0.60711,4,0,0.56125,strongly_positive,strongly_positive
11-01-2025,1,1,0.53853,1,4,0.55,strongly_positive,strongly_positive
11-01-2025,2,0,0.51976,2,0,0.4965,strongly_positive,strongly_positive
11-01-2025,0,0,0.0,0,0,0.0,strongly_positive,strongly_positive
11-01-2025,0,0,0.0,0,0,0.0,strongly_positive,strongly_positive
11-01-2025,5,15,0.60188,2,3,0.6215,strongly_positive,strongly_positive
11-01-2025,2,0,0.48214,1,0,0.5,strongly_positive,strongly_positive
11-01-2025,2,1,0.61153,1,1,0.55,strongly_positive,strongly_positive
11-01-2025,3,2,0.41872,2,2,0.425,strongly_positive,strongly_positive
10-01-2025,3,18,0.55921,1,4,0.58,strongly_positive,strongly_positive
10-01-2025,3,27,0.49569,1,7,0.5,strongly_positive,strongly_positive
10-01-2025,5,0,0.61244,2,0,0.56,strongly_positive,strongly_positive
10-01-2025,2,0,0.59776,1,0,0.5,strongly_positive,strongly_positive
10-01-2025,2,11,0.65402,1,8,0.677,strongly_positive,strongly_positive
10-01-2025,2,15,0.89044,1,12,0.813,strongly_positive,strongly_positive
10-01-2025,2,0,0.45552,2,1,0.441,strongly_positive,strongly_positive
10-01-2025,3,4,0.60974,1,1,0.52,strongly_positive,strongly_positive
10-01-2025,3,10,0.44344,1,3,0.45,strongly_positive,strongly_positive
10-01-2025,2,12,0.48276,1,6,0.5,strongly_positive,strongly_positive
10-01-2025,2,15,0.64604,1,8,0.55,strongly_positive,strongly_positive
10-01-2025,11,68,0.54906,7,11,0.50229,strongly_positive,strongly_positive
10-01-2025,5,4,0.61583,4,2,0.62,strongly_positive,strongly_positive
10-01-2025,1,6,0.56399,1,18,0.552,strongly_positive,strongly_positive
10-01-2025,3,4,0.4918,1,1,0.5,strongly_positive,strongly_positive
10-01-2025,11,39,0.68483,4,3,0.69,strongly_positive,strongly_positive
10-01-2025,17,88,0.52193,7,5,0.54143,strongly_positive,strongly_positive
10-01-2025,14,97,0.53782,8,10,0.55488,strongly_positive,strongly_positive
10-01-2025,3,4,0.62878,2,2,0.5835,strongly_positive,strongly_positive
10-01-2025,8,69,0.50702,3,8,0.517,strongly_positive,strongly_positive
10-01-2025,2,2,0.5217,1,1,0.5,strongly_positive,strongly_positive
10-01-2025,2,4,0.69404,1,2,0.583,strongly_positive,strongly_positive
10-01-2025,4,28,0.534,3,13,0.483,strongly_positive,strongly_positive
10-01-2025,1,1,0.64541,1,2,0.667,strongly_positive,strongly_positive
09-01-2025,2,11,0.61347,2,18,0.5955,strongly_positive,strongly_positive
09-01-2025,12,339,0.58215,4,22,0.52575,strongly_positive,strongly_positive
09-01-2025,3,18,0.46094,1,5,0.467,strongly_positive,strongly_positive
09-01-2025,5,10,0.51969,2,2,0.5385,strongly_positive,strongly_positive
09-01-2025,2,2,0.71336,1,1,0.721,strongly_positive,strongly_positive
09-01-2025,2,2,0.54467,1,2,0.5,strongly_positive,strongly_positive
09-01-2025,2,4,0.57915,1,4,0.6,strongly_positive,strongly_positive
09-01-2025,3,55,0.53942,1,12,0.558,strongly_positive,strongly_positive
09-01-2025,3,16,0.50776,1,4,0.517,strongly_positive,strongly_positive
09-01-2025,5,47,0.55867,2,9,0.5425,strongly_positive,strongly_positive
09-01-2025,2,7,0.60923,1,4,0.522,strongly_positive,strongly_positive
09-01-2025,2,2,0.79897,1,1,0.813,strongly_positive,strongly_positive
09-01-2025,1,0,0.50663,1,0,0.525,strongly_positive,strongly_positive
09-01-2025,6,21,0.56631,5,12,0.5564,strongly_positive,strongly_positive
09-01-2025,3,2,0.53367,3,3,0.55033,strongly_positive,strongly_positive
09-01-2025,6,21,0.59275,2,3,0.5955,strongly_positive,strongly_positive
09-01-2025,5,6,0.59959,2,1,0.5885,strongly_positive,strongly_positive
09-01-2025,5,0,0.64837,2,0,0.565,strongly_positive,strongly_positive
09-01-2025,0,0,0.0,0,0,0.0,strongly_positive,strongly_positive
09-01-2025,2,1,0.48187,1,1,0.5,strongly_positive,strongly_positive
09-01-2025,0,0,0.0,0,0,0.0,strongly_positive,strongly_positive
09-01-2025,10,27,0.5665,3,2,0.52767,strongly_positive,strongly_positive
09-01-2025,3,23,0.61983,1,6,0.5,strongly_positive,strongly_positive
09-01-2025,1,0,0.48331,1,0,0.5,strongly_positive,strongly_positive
08-01-2025,1,1,0.59238,1,3,0.5,strongly_positive,strongly_positive
08-01-2025,2,0,0.5567,2,1,0.5755,strongly_positive,strongly_positive
08-01-2025,3,0,0.51245,1,0,0.53,strongly_positive,strongly_positive
08-01-2025,3,3,0.45706,1,1,0.445,strongly_positive,strongly_positive
08-01-2025,2,45,0.66487,1,23,0.572,strongly_positive,strongly_positive
08-01-2025,2,10,0.61312,1,7,0.62,strongly_positive,strongly_positive
08-01-2025,1,0,0.67523,1,0,0.7,strongly_positive,strongly_positive
08-01-2025,1,2,0.46574,1,4,0.4,strongly_positive,strongly_positive
08-01-2025,3,52,0.54255,1,12,0.5,strongly_positive,strongly_positive
08-01-2025,3,11,0.49865,1,3,0.5,strongly_positive,strongly_positive
08-01-2025,5,24,0.50548,2,5,0.5225,strongly_positive,strongly_positive
08-01-2025,18,409,0.48492,9,28,0.49456,strongly_positive,strongly_positive
08-01-2025,2,5,0.5102,1,3,0.512,strongly_positive,strongly_positive
08-01-2025,6,2,0.70307,5,1,0.6052,strongly_positive,strongly_positive
08-01-2025,5,5,0.5512,5,7,0.5676,strongly_positive,strongly_positive
08-01-2025,0,0,0.5,0,0,0.5,strongly_positive,strongly_positive
08-01-2025,27,225,0.53505,8,6,0.5,strongly_positive,strongly_positive
08-01-2025,10,204,0.6547,4,19,0.645,strongly_positive,strongly_positive
08-01-2025,7,7,0.55687,3,1,0.57367,strongly_positive,strongly_positive
08-01-2025,2,7,0.4876,1,4,0.5,strongly_positive,strongly_positive
08-01-2025,3,6,0.4466,2,4,0.4635,strongly_positive,strongly_positive
08-01-2025,3,4,0.59006,2,3,0.5165,strongly_positive,strongly_positive
08-01-2025,6,90,0.54744,2,11,0.5125,strongly_positive,strongly_positive
08-01-2025,0,0,0.0,0,0,0.0,strongly_positive,strongly_positive
08-01-2025,6,70,0.47256,2,10,0.47,strongly_positive,strongly_positive
07-01-2025,2,2,0.48729,1,1,0.5,strongly_positive,strongly_positive
07-01-2025,2,11,0.61669,1,7,0.5,strongly_positive,strongly_positive
07-01-2025,2,2,0.41147,1,2,0.427,strongly_positive,strongly_positive
07-01-2025,3,7,0.32426,1,2,0.275,strongly_positive,strongly_positive
07-01-2025,2,8,0.42404,1,4,0.438,strongly_positive,strongly_positive
07-01-2025,2,9,0.48958,1,5,0.5,strongly_positive,strongly_positive
07-01-2025,2,4,0.51205,1,3,0.5,strongly_positive,strongly_positive
07-01-2025,1,0,0.63521,1,1,0.549,strongly_positive,strongly_positive
07-01-2025,5,8,0.51877,4,4,0.5295,strongly_positive,strongly_positive
07-01-2025,6,8,0.56167,2,1,0.5825,strongly_positive,strongly_positive
07-01-2025,16,36,0.62937,6,2,0.6215,strongly_positive,strongly_positive
07-01-2025,4,28,0.54047,2,8,0.5,strongly_positive,strongly_positive
07-01-2025,2,7,0.49978,1,5,0.5,strongly_positive,strongly_positive
07-01-2025,9,61,0.51169,5,10,0.5048,strongly_positive,strongly_positive
07-01-2025,2,2,0.63095,2,3,0.6445,strongly_positive,strongly_positive
07-01-2025,27,480,0.70263,8,13,0.65988,strongly_positive,strongly_positive
07-01-2025,13,190,0.54196,4,11,0.5625,strongly_positive,strongly_positive
07-01-2025,12,60,0.48474,5,5,0.4986,strongly_positive,strongly_positive
07-01-2025,5,72,0.62906,2,15,0.59,strongly_positive,strongly_positive
07-01-2025,4,3,0.65325,2,1,0.532,strongly_positive,strongly_positive
07-01-2025,4,4,0.65293,3,2,0.575,strongly_positive,strongly_positive
07-01-2025,0,0,0.0,0,0,0.0,strongly_positive,strongly_positive
07-01-2025,12,60,0.51184,4,4,0.53125,strongly_positive,strongly_positive
07-01-2025,3,50,0.56869,1,13,0.5,strongly_positive,strongly_positive
06-01-2025,5,93,0.47914,2,17,0.4905,weakly_positive,weakly_positive
06-01-2025,2,1,0.97825,1,1,0.844,weakly_positive,weakly_positive
06-01-2025,9,55,0.57232,5,9,0.5706,weakly_positive,weakly_positive
06-01-2025,1,1,0.75437,1,2,0.675,weakly_positive,weakly_positive
06-01-2025,1,0,0.61358,1,1,0.5,weakly_positive,weakly_positive
06-01-2025,10,134,0.52753,3,10,0.54733,weakly_positive,weakly_positive
06-01-2025,6,44,0.53223,2,6,0.5355,weakly_positive,weakly_positive
06-01-2025,3,6,0.61385,2,4,0.6335,weakly_positive,weakly_positive
06-01-2025,1,0,0.39108,1,1,0.4,weakly_positive,weakly_positive
06-01-2025,3,6,0.69346,3,7,0.55567,weakly_positive,weakly_positive
06-01-2025,3,8,0.59547,1,2,0.517,weakly_positive,weakly_positive
06-01-2025,3,7,0.48661,1,2,0.5,weakly_positive,weakly_positive
06-01-2025,14,212,0.55192,7,19,0.57257,weakly_positive,weakly_positive
06-01-2025,17,347,0.58339,10,31,0.5776,weakly_positive,weakly_positive
06-01-2025,0,0,0.0,0,0,0.0,weakly_positive,weakly_positive
06-01-2025,0,0,0.0,0,0,0.0,weakly_positive,weakly_positive
06-01-2025,0,0,0.0,0,0,0.0,weakly_positive,weakly_positive
06-01-2025,0,0,0.0,0,0,0.0,weakly_positive,weakly_positive
06-01-2025,0,0,0.0,0,0,0.0,weakly_positive,weakly_positive
06-01-2025,0,0,0.0,0,0,0.0,weakly_positive,weakly_positive
06-01-2025,2,0,0.67163,1,0,0.671,weakly_positive,weakly_positive
06-01-2025,1,1,0.48616,1,2,0.5,weakly_positive,weakly_positive
06-01-2025,1,0,0.61088,1,0,0.5,weakly_positive,weakly_positive
06-01-2025,6,7,0.56528,2,1,0.5,weakly_positive,weakly_positive
05-01-2025,8,55,0.56743,3,6,0.58333,weakly_positive,weakly_positive
05-01-2025,5,10,0.5238,2,2,0.5,weakly_positive,weakly_positive
05-01-2025,3,8,0.66537,2,4,0.6655,weakly_positive,weakly_positive
05-01-2025,2,2,0.48914,1,2,0.5,weakly_positive,weakly_positive
05-01-2025,1,3,0.56277,1,6,0.581,weakly_positive,weakly_positive
05-01-2025,13,144,0.49032,4,8,0.49,weakly_positive,weakly_positive
05-01-2025,6,115,0.68332,2,15,0.614,weakly_positive,weakly_positive
05-01-2025,5,6,0.54855,2,1,0.557,weakly_positive,weakly_positive
05-01-2025,4,11,0.55435,2,3,0.575,weakly_positive,weakly_positive
05-01-2025,2,1,0.52071,1,1,0.525,weakly_positive,weakly_positive
05-01-2025,7,38,0.44977,4,8,0.457,weakly_positive,weakly_positive
05-01-2025,5,0,0.59505,2,0,0.6095,weakly_positive,weakly_positive
05-01-2025,12,35,0.4508,5,3,0.4262,weakly_positive,weakly_positive
05-01-2025,2,1,0.5733,1,1,0.5,weakly_positive,weakly_positive
05-01-2025,5,6,0.63338,3,2,0.65,weakly_positive,weakly_positive
05-01-2025,4,4,0.62097,3,2,0.58633,weakly_positive,weakly_positive
05-01-2025,3,0,0.62967,1,0,0.625,weakly_positive,weakly_positive
05-01-2025,3,0,0.72645,1,0,0.645,weakly_positive,weakly_positive
05-01-2025,0,0,0.0,0,0,0.0,weakly_positive,weakly_positive
05-01-2025,0,0,0.0,0,0,0.0,weakly_positive,weakly_positive
05-01-2025,4,16,0.56404,2,5,0.5,weakly_positive,weakly_positive
05-01-2025,2,0,0.53388,1,0,0.545,weakly_positive,weakly_positive
05-01-2025,0,0,0.0,0,0,0.0,weakly_positive,weakly_positive
05-01-2025,3,0,0.58254,3,1,0.58333,weakly_positive,weakly_positive
04-01-2025,11,85,0.49799,4,7,0.51275,weakly_positive,weakly_positive
04-01-2025,5,0,0.69172,2,0,0.569,weakly_positive,weakly_positive
04-01-2025,13,36,0.5018,6,3,0.52033,weakly_positive,weakly_positive
04-01-2025,3,7,0.49017,2,4,0.5,weakly_positive,weakly_positive
04-01-2025,3,5,0.61501,2,3,0.589,weakly_positive,weakly_positive
04-01-2025,6,21,0.54581,5,10,0.458,weakly_positive,weakly_positive
04-01-2025,6,32,0.48597,2,4,0.496,weakly_positive,weakly_positive
04-01-2025,23,188,0.5208,8,7,0.53813,weakly_positive,weakly_positive
04-01-2025,5,16,0.67006,2,3,0.65,weakly_positive,weakly_positive
04-01-2025,0,0,0.0,0,0,0.0,weakly_positive,weakly_positive
04-01-2025,2,0,0.49331,1,0,0.5,weakly_positive,weakly_positive
04-01-2025,3,9,0.53562,2,5,0.519,weakly_positive,weakly_positive
04-01-2025,2,0,0.51125,2,8,0.5165,weakly_positive,weakly_positive
04-01-2025,0,0,0.0,0,0,0.0,weakly_positive,weakly_positive
04-01-2025,2,0,0.67733,1,0,0.654,weakly_positive,weakly_positive
04-01-2025,4,0,0.7111,2,0,0.604,weakly_positive,weakly_positive
04-01-2025,4,0,0.63792,2,0,0.647,weakly_positive,weakly_positive
04-01-2025,1,0,0.57961,1,0,0.6,weakly_positive,weakly_positive
04-01-2025,1,0,0.51157,1,1,0.5,weakly_positive,weakly_positive
04-01-2025,0,0,0.0,0,0,0.0,weakly_positive,weakly_positive
04-01-2025,14,302,0.54018,5,19,0.5448,weakly_positive,weakly_positive
04-01-2025,0,0,0.0,0,0,0.0,weakly_positive,weakly_positive
04-01-2025,12,57,0.63326,5,5,0.5472,weakly_positive,weakly_positive
04-01-2025,11,80,0.59347,7,12,0.54971,weakly_positive,weakly_positive
03-01-2025,6,20,0.55011,4,6,0.5705,strongly_positive,strongly_positive
03-01-2025,7,10,0.52977,2,1,0.547,strongly_positive,strongly_positive
03-01-2025,7,19,0.64867,2,2,0.6,strongly_positive,strongly_positive
03-01-2025,15,362,0.49533,5,20,0.4956,strongly_positive,strongly_positive
03-01-2025,6,5,0.61582,3,1,0.53333,strongly_positive,strongly_positive
03-01-2025,12,109,0.49458,6,11,0.50517,strongly_positive,strongly_positive
03-01-2025,10,69,0.55324,6,10,0.5195,strongly_positive,strongly_positive
03-01-2025,13,150,0.71179,10,29,0.6154,strongly_positive,strongly_positive
03-01-2025,12,34,0.546,11,17,0.56164,strongly_positive,strongly_positive
03-01-2025,49,1736,0.5455,15,27,0.56033,strongly_positive,strongly_positive
03-01-2025,23,49,0.53244,9,2,0.52589,strongly_positive,strongly_positive
03-01-2025,34,513,0.6261,15,16,0.55127,strongly_positive,strongly_positive
03-01-2025,33,1030,0.50543,15,35,0.51893,strongly_positive,strongly_positive
03-01-2025,51,811,0.53716,34,29,0.55753,strongly_positive,strongly_positive
03-01-2025,10,54,0.54859,8,14,0.54737,strongly_positive,strongly_positive
03-01-2025,19,253,0.68446,6,10,0.643,strongly_positive,strongly_positive
03-01-2025,17,286,0.7696,6,14,0.62817,strongly_positive,strongly_positive
03-01-2025,14,210,0.57177,5,13,0.57,strongly_positive,strongly_positive
03-01-2025,2,14,0.59527,2,19,0.508,strongly_positive,strongly_positive
03-01-2025,4,13,0.55685,4,31,0.5745,strongly_positive,strongly_positive
03-01-2025,3,9,0.58725,1,2,0.545,strongly_positive,strongly_positive
03-01-2025,3,20,0.51012,1,6,0.5,strongly_positive,strongly_positive
03-01-2025,10,162,0.54624,4,16,0.56375,strongly_positive,strongly_positive
03-01-2025,9,32,0.52261,4,4,0.5345,strongly_positive,strongly_positive
02-01-2025,6,35,0.4159,4,11,0.4315,strongly_positive,strongly_positive
02-01-2025,3,1,0.576,2,1,0.5,strongly_positive,strongly_positive
02-01-2025,6,89,0.70286,2,11,0.6535,strongly_positive,strongly_positive
02-01-2025,9,127,0.5141,3,11,0.53333,strongly_positive,strongly_positive
02-01-2025,16,72,0.62343,6,4,0.61717,strongly_positive,strongly_positive
02-01-2025,10,8,0.56142,5,1,0.5746,strongly_positive,strongly_positive
02-01-2025,17,190,0.70528,9,15,0.56644,strongly_positive,strongly_positive
02-01-2025,16,87,0.49339,10,9,0.5121,strongly_positive,strongly_positive
02-01-2025,10,40,0.57547,9,14,0.58867,strongly_positive,strongly_positive
02-01-2025,54,1921,0.59624,16,26,0.56188,strongly_positive,strongly_positive
02-01-2025,76,2541,0.63208,25,27,0.5182,strongly_positive,strongly_positive
02-01-2025,56,1453,0.55203,23,26,0.56717,strongly_positive,strongly_positive
02-01-2025,30,574,0.54529,14,22,0.56079,strongly_positive,strongly_positive
02-01-2025,53,564,0.6505,26,13,0.53231,strongly_positive,strongly_positive
02-01-2025,16,74,0.65312,12,10,0.57758,strongly_positive,strongly_positive
02-01-2025,8,9,0.56432,7,4,0.57657,strongly_positive,strongly_positive
02-01-2025,6,39,0.69032,2,5,0.7165,strongly_positive,strongly_positive
02-01-2025,11,62,0.58369,4,5,0.58375,strongly_positive,strongly_positive
02-01-2025,5,6,0.56345,2,1,0.576,strongly_positive,strongly_positive
02-01-2025,4,12,0.70765,2,4,0.5805,strongly_positive,strongly_positive
02-01-2025,2,0,0.67493,1,0,0.7,strongly_positive,strongly_positive
02-01-2025,6,46,0.60886,4,14,0.547,strongly_positive,strongly_positive
02-01-2025,7,14,0.51616,3,2,0.532,strongly_positive,strongly_positive
02-01-2025,9,0,0.57486,4,0,0.5355,strongly_positive,strongly_positive
01-01-2025,2,7,0.92965,1,4,0.75,strongly_positive,strongly_positive
01-01-2025,8,10,0.71443,6,3,0.624,strongly_positive,strongly_positive
01-01-2025,15,105,0.56506,12,19,0.57875,strongly_positive,strongly_positive
01-01-2025,15,75,0.53752,5,4,0.5578,strongly_positive,strongly_positive
01-01-2025,3,8,0.65369,1,2,0.57,strongly_positive,strongly_positive
01-01-2025,8,60,0.53428,3,7,0.54833,strongly_positive,strongly_positive
01-01-2025,9,59,0.64146,5,9,0.5188,strongly_positive,strongly_positive
01-01-2025,3,2,0.50379,2,1,0.5,strongly_positive,strongly_positive
01-01-2025,6,19,0.62548,4,6,0.55525,strongly_positive,strongly_positive
01-01-2025,6,29,0.82461,6,40,0.66567,strongly_positive,strongly_positive
01-01-2025,6,16,0.62629,2,2,0.65,strongly_positive,strongly_positive
01-01-2025,11,39,0.61945,4,3,0.62075,strongly_positive,strongly_positive
01-01-2025,9,126,0.56625,4,15,0.5355,strongly_positive,strongly_positive
01-01-2025,6,14,0.63477,3,3,0.523,strongly_positive,strongly_positive
01-01-2025,7,5,0.46117,4,1,0.46175,strongly_positive,strongly_positive
01-01-2025,2,1,0.68571,2,1,0.706,strongly_positive,strongly_positive
01-01-2025,1,0,0.60496,1,0,0.58,strongly_positive,strongly_positive
01-01-2025,11,39,0.71354,4,3,0.63375,strongly_positive,strongly_positive
01-01-2025,0,0,0.0,0,0,0.0,strongly_positive,strongly_positive
01-01-2025,2,2,0.62658,1,1,0.6,strongly_positive,strongly_positive
01-01-2025,7,0,0.69535,4,0,0.697,strongly_positive,strongly_positive
01-01-2025,0,0,0.0,0,0,0.0,strongly_positive,strongly_positive
01-01-2025,4,9,0.57812,3,5,0.59733,strongly_positive,strongly_positive
01-01-2025,3,30,0.51411,1,7,0.533,strongly_positive,strongly_positive
31-12-2024,3,0,0.86794,1,0,0.783,strongly_positive,strongly_positive
31-12-2024,8,18,0.66263,3,2,0.67167,strongly_positive,strongly_positive
31-12-2024,4,4,0.58018,3,3,0.59533,strongly_positive,strongly_positive
31-12-2024,6,6,0.67212,5,4,0.545,strongly_positive,strongly_positive
31-12-2024,3,4,0.56991,1,1,0.5,strongly_positive,strongly_positive
31-12-2024,3,0,0.58794,1,0,0.603,strongly_positive,strongly_positive
31-12-2024,10,40,0.66284,4,4,0.62875,strongly_positive,strongly_positive
31-12-2024,13,34,0.55544,8,4,0.55313,strongly_positive,strongly_positive
31-12-2024,6,18,0.58809,4,5,0.60275,strongly_positive,strongly_positive
31-12-2024,15,65,0.51526,11,10,0.531,strongly_positive,strongly_positive
31-12-2024,23,126,0.5953,7,4,0.59229,strongly_positive,strongly_positive
31-12-2024,33,365,0.64782,11,9,0.57755,strongly_positive,strongly_positive
31-12-2024,19,231,0.50697,7,11,0.51643,strongly_positive,strongly_positive
31-12-2024,27,439,0.47389,13,19,0.49177,strongly_positive,strongly_positive
31-12-2024,16,173,0.57353,9,15,0.576,strongly_positive,strongly_positive
31-12-2024,2,0,0.60631,1,0,0.618,strongly_positive,strongly_positive
31-12-2024,6,3,0.68237,5,2,0.565,strongly_positive,strongly_positive
31-12-2024,7,0,0.52975,2,0,0.549,strongly_positive,strongly_positive
31-12-2024,11,111,0.57656,4,9,0.59425,strongly_positive,strongly_positive
31-12-2024,5,5,0.54531,2,1,0.5245,strongly_positive,strongly_positive
31-12-2024,5,9,0.57597,2,2,0.597,strongly_positive,strongly_positive
31-12-2024,2,20,0.55083,1,17,0.561,strongly_positive,strongly_positive
31-12-2024,3,9,0.61054,2,7,0.6315,strongly_positive,strongly_positive
31-12-2024,2,0,0.62279,2,0,0.525,strongly_positive,strongly_positive
30-12-2024,15,315,0.66709,5,17,0.6052,strongly_positive,strongly_positive
30-12-2024,6,0,0.48354,2,0,0.5,strongly_positive,strongly_positive
30-12-2024,8,0,0.64689,3,0,0.62933,strongly_positive,strongly_positive
30-12-2024,0,0,0.0,0,0,0.0,strongly_positive,strongly_positive
30-12-2024,14,232,0.56512,8,25,0.57175,strongly_positive,strongly_positive
30-12-2024,3,0,0.48666,1,0,0.5,strongly_positive,strongly_positive
30-12-2024,3,13,0.61351,1,4,0.5,strongly_positive,strongly_positive
30-12-2024,16,204,0.58876,7,14,0.61086,strongly_positive,strongly_positive
30-12-2024,17,202,0.58485,11,21,0.59827,strongly_positive,strongly_positive
30-12-2024,14,149,0.63542,10,21,0.6048,strongly_positive,strongly_positive
30-12-2024,17,114,0.71826,14,20,0.59729,strongly_positive,strongly_positive
30-12-2024,28,577,0.58927,9,16,0.60311,strongly_positive,strongly_positive
30-12-2024,28,324,0.56419,10,10,0.582,strongly_positive,strongly_positive
30-12-2024,52,854,0.54896,21,16,0.52948,strongly_positive,strongly_positive
30-12-2024,19,134,0.56583,10,9,0.5066,strongly_positive,strongly_positive
30-12-2024,2,12,0.42166,1,9,0.4288,strongly_positive,strongly_positive
30-12-2024,9,11,0.56865,6,2,0.54783,strongly_positive,strongly_positive
30-12-2024,10,144,0.57727,3,10,0.581,strongly_positive,strongly_positive
30-12-2024,9,24,0.52136,3,2,0.47467,strongly_positive,strongly_positive
30-12-2024,0,0,0.5,0,0,0.5,strongly_positive,strongly_positive
30-12-2024,5,27,0.60091,2,5,0.5,strongly_positive,strongly_positive
30-12-2024,7,90,0.40645,3,14,0.421,strongly_positive,strongly_positive
30-12-2024,0,0,0.0,0,0,0.0,strongly_positive,strongly_positive
30-12-2024,1,0,0.67366,1,0,0.65,strongly_positive,strongly_positive
30-12-2024,6,27,0.66588,5,14,0.565,strongly_positive,strongly_positive
29-12-2024,4,9,0.57431,4,9,0.58225,weakly_positive,weakly_positive
29-12-2024,17,533,0.45136,6,27,0.46717,weakly_positive,weakly_positive
29-12-2024,21,419,0.66085,8,18,0.55975,weakly_positive,weakly_positive
29-12-2024,12,94,0.52344,5,8,0.5408,weakly_positive,weakly_positive
29-12-2024,8,15,0.54846,5,3,0.5534,weakly_positive,weakly_positive
29-12-2024,0,0,0.0,0,0,0.0,weakly_positive,weakly_positive
29-12-2024,0,0,0.0,0,0,0.0,weakly_positive,weakly_positive
29-12-2024,7,0,0.49517,2,0,0.5,weakly_positive,weakly_positive
29-12-2024,6,8,0.51688,2,1,0.536,weakly_positive,weakly_positive
29-12-2024,3,0,0.73103,2,0,0.699,weakly_positive,weakly_positive
29-12-2024,8,172,0.52222,6,52,0.54167,weakly_positive,weakly_positive
29-12-2024,4,8,0.5735,4,10,0.57825,weakly_positive,weakly_positive
29-12-2024,3,0,0.59895,1,0,0.572,weakly_positive,weakly_positive
29-12-2024,3,0,0.62108,1,0,0.519,weakly_positive,weakly_positive
29-12-2024,2,6,0.35933,1,3,0.372,weakly_positive,weakly_positive
29-12-2024,5,11,0.5217,3,3,0.53867,weakly_positive,weakly_positive
29-12-2024,3,5,0.68526,2,3,0.663,weakly_positive,weakly_positive
29-12-2024,3,1,0.52535,2,1,0.544,weakly_positive,weakly_positive
29-12-2024,0,0,0.0,0,0,0.0,weakly_positive,weakly_positive
29-12-2024,15,128,0.51062,5,7,0.5288,weakly_positive,weakly_positive
29-12-2024,2,138,0.68912,1,68,0.695,weakly_positive,weakly_positive
29-12-2024,4,34,0.71273,2,10,0.6515,weakly_positive,weakly_positive
29-12-2024,2,3,0.52638,1,2,0.545,weakly_positive,weakly_positive
29-12-2024,3,0,0.59458,2,0,0.6155,weakly_positive,weakly_positive
28-12-2024,0,0,0.0,0,0,0.0,weakly_positive,weakly_positive
28-12-2024,3,5,0.5149,1,1,0.519,weakly_positive,weakly_positive
28-12-2024,18,117,0.65722,7,6,0.56029,weakly_positive,weakly_positive
28-12-2024,10,0,0.51691,4,0,0.525,weakly_positive,weakly_positive
28-12-2024,2,0,0.64705,1,0,0.6,weakly_positive,weakly_positive
28-12-2024,3,3,0.51044,2,2,0.5,weakly_positive,weakly_positive
28-12-2024,4,14,0.54347,3,7,0.561,weakly_positive,weakly_positive
28-12-2024,0,0,0.0,0,0,0.0,weakly_positive,weakly_positive
28-12-2024,9,165,0.58489,3,14,0.57233,weakly_positive,weakly_positive
28-12-2024,11,0,0.72563,4,0,0.62925,weakly_positive,weakly_positive
28-12-2024,4,10,0.56405,2,3,0.524,weakly_positive,weakly_positive
28-12-2024,4,3,0.52924,2,1,0.549,weakly_positive,weakly_positive
28-12-2024,2,0,0.50536,1,0,0.5,weakly_positive,weakly_positive
28-12-2024,3,0,0.71175,1,0,0.738,weakly_positive,weakly_positive
28-12-2024,10,51,0.53152,4,5,0.537,weakly_positive,weakly_positive
28-12-2024,6,21,0.54981,3,4,0.50433,weakly_positive,weakly_positive
28-12-2024,5,16,0.67525,3,5,0.567,weakly_positive,weakly_positive
28-12-2024,1,0,0.59734,1,0,0.618,weakly_positive,weakly_positive
28-12-2024,0,0,0.0,0,0,0.0,weakly_positive,weakly_positive
28-12-2024,6,8,0.56106,2,1,0.5445,weakly_positive,weakly_positive
28-12-2024,8,213,0.68534,3,23,0.58667,weakly_positive,weakly_positive
28-12-2024,2,20,0.57436,1,11,0.582,weakly_positive,weakly_positive
28-12-2024,2,0,0.48255,1,0,0.5,weakly_positive,weakly_positive
28-12-2024,7,5,0.69481,4,1,0.59375,weakly_positive,weakly_positive
27-12-2024,6,11,0.67799,5,6,0.6222,strongly_positive,strongly_positive
27-12-2024,21,468,0.55138,6,16,0.55417,strongly_positive,strongly_positive
27-12-2024,10,0,0.35203,3,0,0.34533,strongly_positive,strongly_positive
27-12-2024,2,4,0.53435,1,2,0.544,strongly_positive,strongly_positive
27-12-2024,7,41,0.55077,3,6,0.554,strongly_positive,strongly_positive
27-12-2024,4,13,0.5484,2,4,0.569,strongly_positive,strongly_positive
27-12-2024,6,8,0.57692,4,3,0.59475,strongly_positive,strongly_positive
27-12-2024,14,149,0.66035,11,26,0.61464,strongly_positive,strongly_positive
27-12-2024,12,123,0.42859,4,8,0.421,strongly_positive,strongly_positive
27-12-2024,32,464,0.55438,11,12,0.57173,strongly_positive,strongly_positive
27-12-2024,39,1052,0.53611,15,25,0.54893,strongly_positive,strongly_positive
27-12-2024,32,699,0.51801,17,29,0.53753,strongly_positive,strongly_positive
27-12-2024,32,448,0.66607,18,20,0.58022,strongly_positive,strongly_positive
27-12-2024,59,1449,0.47214,39,44,0.48469,strongly_positive,strongly_positive
27-12-2024,4,2,0.59922,4,2,0.62175,strongly_positive,strongly_positive
27-12-2024,33,790,0.56395,10,18,0.5594,strongly_positive,strongly_positive
27-12-2024,15,18,0.71081,5,1,0.6304,strongly_positive,strongly_positive
27-12-2024,3,3,0.60952,2,2,0.617,strongly_positive,strongly_positive
27-12-2024,5,6,0.6483,4,3,0.597,strongly_positive,strongly_positive
27-12-2024,0,0,0.0,0,0,0.0,strongly_positive,strongly_positive
27-12-2024,6,37,0.53345,2,5,0.5515,strongly_positive,strongly_positive
27-12-2024,3,3,0.39822,1,1,0.406,strongly_positive,strongly_positive
27-12-2024,6,10,0.56573,3,2,0.55067,strongly_positive,strongly_positive
27-12-2024,10,116,0.60619,6,17,0.52133,strongly_positive,strongly_positive
26-12-2024,7,9,0.47157,4,2,0.4805,strongly_positive,strongly_positive
26-12-2024,4,6,0.48377,4,9,0.5015,strongly_positive,strongly_positive
26-12-2024,10,0,0.50779,3,0,0.5,strongly_positive,strongly_positive
26-12-2024,0,0,0.5,0,0,0.5,strongly_positive,strongly_positive
26-12-2024,9,197,0.50855,3,17,0.524,strongly_positive,strongly_positive
26-12-2024,9,213,0.63418,4,25,0.636,strongly_positive,strongly_positive
26-12-2024,9,56,0.58302,4,7,0.5735,strongly_positive,strongly_positive
26-12-2024,9,82,0.58704,5,12,0.5134,strongly_positive,strongly_positive
26-12-2024,21,207,0.53121,17,26,0.49694,strongly_positive,strongly_positive
26-12-2024,9,19,0.54974,8,7,0.5705,strongly_positive,strongly_positive
26-12-2024,14,134,0.48357,5,8,0.498,strongly_positive,strongly_positive
26-12-2024,30,615,0.53432,11,18,0.49918,strongly_positive,strongly_positive
26-12-2024,42,1862,0.65405,17,44,0.52976,strongly_positive,strongly_positive
26-12-2024,21,142,0.59862,12,10,0.52467,strongly_positive,strongly_positive
26-12-2024,21,235,0.56913,13,18,0.58354,strongly_positive,strongly_positive
26-12-2024,11,78,0.56985,8,15,0.54013,strongly_positive,strongly_positive
26-12-2024,27,488,0.63398,8,13,0.55475,strongly_positive,strongly_positive
26-12-2024,12,153,0.59377,4,10,0.60875,strongly_positive,strongly_positive
26-12-2024,16,254,0.52994,6,14,0.546,strongly_positive,strongly_positive
26-12-2024,11,49,0.53922,5,5,0.5362,strongly_positive,strongly_positive
26-12-2024,6,5,0.41428,3,1,0.369,strongly_positive,strongly_positive
26-12-2024,4,3,0.4981,2,1,0.513,strongly_positive,strongly_positive
26-12-2024,3,7,0.63608,1,2,0.588,strongly_positive,strongly_positive
26-12-2024,5,10,0.49955,2,2,0.5,strongly_positive,strongly_positive
26-12-2024,2,0,0.51598,1,0,0.533,strongly_positive,strongly_positive
25-12-2024,5,33,0.54122,3,11,0.55267,weakly_positive,weakly_positive
25-12-2024,10,49,0.56331,7,9,0.56429,weakly_positive,weakly_positive
25-12-2024,20,386,0.63351,6,14,0.54733,weakly_positive,weakly_positive
25-12-2024,12,136,0.56034,4,9,0.5765,weakly_positive,weakly_positive
25-12-2024,9,65,0.61138,3,6,0.573,weakly_positive,weakly_positive
25-12-2024,4,25,0.60316,2,7,0.5955,weakly_positive,weakly_positive
25-12-2024,6,10,0.46052,3,2,0.474,weakly_positive,weakly_positive
25-12-2024,7,76,0.64053,4,16,0.6575,weakly_positive,weakly_positive
25-12-2024,2,0,0.40947,2,0,0.425,weakly_positive,weakly_positive
25-12-2024,5,1,0.59355,5,2,0.5214,weakly_positive,weakly_positive
25-12-2024,14,331,0.76004,5,21,0.7136,weakly_positive,weakly_positive
25-12-2024,8,104,0.55208,3,12,0.573,weakly_positive,weakly_positive
25-12-2024,2,0,0.66029,1,0,0.658,weakly_positive,weakly_positive
25-12-2024,3,0,0.54472,2,0,0.5595,weakly_positive,weakly_positive
25-12-2024,1,3,0.76283,1,5,0.621,weakly_positive,weakly_positive
25-12-2024,1,0,0.55995,1,0,0.581,weakly_positive,weakly_positive
25-12-2024,6,0,0.56543,2,0,0.5805,weakly_positive,weakly_positive
25-12-2024,6,44,0.53674,2,6,0.5105,weakly_positive,weakly_positive
25-12-2024,0,0,0.0,0,0,0.0,weakly_positive,weakly_positive
25-12-2024,2,0,0.48837,1,0,0.5,weakly_positive,weakly_positive
25-12-2024,0,0,0.0,0,0,0.0,weakly_positive,weakly_positive
25-12-2024,0,0,0.0,0,0,0.0,weakly_positive,weakly_positive
25-12-2024,3,1,0.62904,3,3,0.56267,weakly_positive,weakly_positive
25-12-2024,3,0,0.49148,1,0,0.5,weakly_positive,weakly_positive
24-12-2024,2,0,0.5453,1,0,0.506,strongly_positive,strongly_positive
24-12-2024,4,4,0.62264,3,2,0.49967,strongly_positive,strongly_positive
24-12-2024,8,22,0.57067,6,6,0.56417,strongly_positive,strongly_positive
24-12-2024,19,868,0.51775,6,35,0.5295,strongly_positive,strongly_positive
24-12-2024,3,4,0.3801,1,1,0.358,strongly_positive,strongly_positive
24-12-2024,14,32,0.49387,5,2,0.5126,strongly_positive,strongly_positive
24-12-2024,8,57,0.4581,4,9,0.47075,strongly_positive,strongly_positive
24-12-2024,4,0,0.69423,2,0,0.653,strongly_positive,strongly_positive
24-12-2024,8,29,0.66212,5,6,0.5414,strongly_positive,strongly_positive
24-12-2024,9,9,0.64737,9,21,0.57211,strongly_positive,strongly_positive
24-12-2024,34,418,0.54448,10,9,0.5596,strongly_positive,strongly_positive
24-12-2024,30,627,0.57976,12,20,0.60175,strongly_positive,strongly_positive
24-12-2024,36,679,0.61369,15,19,0.54147,strongly_positive,strongly_positive
24-12-2024,40,794,0.56692,19,23,0.57968,strongly_positive,strongly_positive
24-12-2024,20,165,0.62524,14,16,0.5125,strongly_positive,strongly_positive
24-12-2024,3,9,0.58715,2,7,0.5865,strongly_positive,strongly_positive
24-12-2024,1,0,0.68277,1,0,0.613,strongly_positive,strongly_positive
24-12-2024,18,495,0.61702,6,22,0.50483,strongly_positive,strongly_positive
24-12-2024,3,0,0.57263,1,0,0.594,strongly_positive,strongly_positive
24-12-2024,0,0,0.0,0,0,0.0,strongly_positive,strongly_positive
24-12-2024,2,0,0.75342,1,0,0.719,strongly_positive,strongly_positive
24-12-2024,8,52,0.59898,5,11,0.5,strongly_positive,strongly_positive
24-12-2024,4,13,0.67953,3,6,0.68433,strongly_positive,strongly_positive
24-12-2024,10,14,0.48435,3,1,0.5,strongly_positive,strongly_positive
23-12-2024,15,299,0.57071,5,16,0.5518,strongly_positive,strongly_positive
23-12-2024,10,140,0.64903,4,14,0.583,strongly_positive,strongly_positive
23-12-2024,4,3,0.54158,2,1,0.55,strongly_positive,strongly_positive
23-12-2024,2,5,0.51773,1,3,0.5,strongly_positive,strongly_positive
23-12-2024,0,0,0.5,0,0,0.5,strongly_positive,strongly_positive
23-12-2024,5,10,0.59999,4,5,0.62175,strongly_positive,strongly_positive
23-12-2024,8,46,0.42835,8,33,0.43388,strongly_positive,strongly_positive
23-12-2024,24,303,0.53602,7,9,0.54229,strongly_positive,strongly_positive
23-12-2024,31,833,0.66732,12,25,0.56392,strongly_positive,strongly_positive
23-12-2024,27,498,0.50188,11,18,0.508,strongly_positive,strongly_positive
23-12-2024,7,25,0.69693,3,4,0.64167,strongly_positive,strongly_positive
23-12-2024,20,55,0.55692,13,5,0.54262,strongly_positive,strongly_positive
23-12-2024,11,59,0.45557,8,11,0.471,strongly_positive,strongly_positive
23-12-2024,29,423,0.51207,9,11,0.51756,strongly_positive,strongly_positive
23-12-2024,47,537,0.52298,15,9,0.509,strongly_positive,strongly_positive
23-12-2024,39,1025,0.65885,14,23,0.5665,strongly_positive,strongly_positive
23-12-2024,8,33,0.5778,4,5,0.533,strongly_positive,strongly_positive
23-12-2024,11,59,0.55967,6,7,0.58017,strongly_positive,strongly_positive
23-12-2024,5,3,0.61179,3,1,0.60233,strongly_positive,strongly_positive
23-12-2024,4,1,0.56343,3,1,0.519,strongly_positive,strongly_positive
23-12-2024,0,0,0.0,0,0,0.0,strongly_positive,strongly_positive
23-12-2024,0,0,0.0,0,0,0.0,strongly_positive,strongly_positive
23-12-2024,7,36,0.60836,3,5,0.62033,strongly_positive,strongly_positive
23-12-2024,15,174,0.62162,7,13,0.58143,strongly_positive,strongly_positive
23-12-2024,4,3,0.5059,2,1,0.525,strongly_positive,strongly_positive
22-12-2024,4,4,0.57159,3,2,0.58867,strongly_positive,strongly_positive
22-12-2024,2,1,0.59565,2,1,0.611,strongly_positive,strongly_positive
22-12-2024,9,117,0.56353,3,10,0.555,strongly_positive,strongly_positive
22-12-2024,14,371,0.70204,5,23,0.6152,strongly_positive,strongly_positive
22-12-2024,11,97,0.57961,4,8,0.59425,strongly_positive,strongly_positive
22-12-2024,11,211,0.52111,6,25,0.54083,strongly_positive,strongly_positive
22-12-2024,7,39,0.50241,4,9,0.5,strongly_positive,strongly_positive
22-12-2024,6,10,0.59715,4,3,0.61225,strongly_positive,strongly_positive
22-12-2024,10,121,0.5957,4,12,0.6045,strongly_positive,strongly_positive
22-12-2024,16,183,0.59734,7,12,0.60314,strongly_positive,strongly_positive
22-12-2024,12,10,0.50531,6,1,0.524,strongly_positive,strongly_positive
22-12-2024,3,1,0.39169,2,1,0.4045,strongly_positive,strongly_positive
22-12-2024,6,7,0.54249,5,3,0.5014,strongly_positive,strongly_positive
22-12-2024,21,53,0.52601,7,2,0.514,strongly_positive,strongly_positive
22-12-2024,18,131,0.59501,6,6,0.61467,strongly_positive,strongly_positive
22-12-2024,13,70,0.52434,5,5,0.5354,strongly_positive,strongly_positive
22-12-2024,2,0,0.48208,1,0,0.5,strongly_positive,strongly_positive
22-12-2024,2,0,0.58694,1,0,0.507,strongly_positive,strongly_positive
22-12-2024,2,0,0.57732,1,0,0.594,strongly_positive,strongly_positive
22-12-2024,1,0,0.52553,1,0,0.545,strongly_positive,strongly_positive
22-12-2024,7,48,0.50649,2,5,0.5,strongly_positive,strongly_positive
22-12-2024,3,8,0.56837,1,2,0.5,strongly_positive,strongly_positive
22-12-2024,5,0,0.54461,2,0,0.545,strongly_positive,strongly_positive
22-12-2024,4,3,0.55592,2,1,0.577,strongly_positive,strongly_positive
21-12-2024,2,0,0.65469,1,0,0.575,strongly_positive,strongly_positive
21-12-2024,4,20,0.5415,3,13,0.50833,strongly_positive,strongly_positive
21-12-2024,1,0,0.62054,1,0,0.506,strongly_positive,strongly_positive
21-12-2024,6,30,0.53609,2,4,0.5515,strongly_positive,strongly_positive
21-12-2024,5,22,0.48682,2,4,0.5,strongly_positive,strongly_positive
21-12-2024,12,173,0.62244,5,14,0.5066,strongly_positive,strongly_positive
21-12-2024,7,43,0.62004,4,9,0.54575,strongly_positive,strongly_positive
21-12-2024,4,4,0.47426,3,2,0.48533,strongly_positive,strongly_positive
21-12-2024,4,17,0.58572,3,9,0.557,strongly_positive,strongly_positive
21-12-2024,6,41,0.61197,2,5,0.6105,strongly_positive,strongly_positive
21-12-2024,22,140,0.54987,7,5,0.563,strongly_positive,strongly_positive
21-12-2024,14,0,0.53175,5,0,0.5484,strongly_positive,strongly_positive
21-12-2024,2,0,0.55862,2,0,0.519,strongly_positive,strongly_positive
21-12-2024,5,1,0.60419,4,1,0.62675,strongly_positive,strongly_positive
21-12-2024,6,0,0.49866,2,0,0.5145,strongly_positive,strongly_positive
21-12-2024,5,12,0.62892,2,2,0.5835,strongly_positive,strongly_positive
21-12-2024,2,0,0.55713,1,0,0.447,strongly_positive,strongly_positive
21-12-2024,3,2,0.77715,2,1,0.6755,strongly_positive,strongly_positive
21-12-2024,2,0,0.50751,1,0,0.519,strongly_positive,strongly_positive
21-12-2024,0,0,0.0,0,0,0.0,strongly_positive,strongly_positive
21-12-2024,0,0,0.0,0,0,0.0,strongly_positive,strongly_positive
21-12-2024,6,16,0.58384,2,2,0.6,strongly_positive,strongly_positive
21-12-2024,14,32,0.59153,5,2,0.6082,strongly_positive,strongly_positive
21-12-2024,17,90,0.53523,8,6,0.52975,strongly_positive,strongly_positive
20-12-2024,6,18,0.66019,3,4,0.58333,strongly_positive,strongly_positive
20-12-2024,4,0,0.6023,2,0,0.619,strongly_positive,strongly_positive
20-12-2024,2,2,0.52701,2,3,0.547,strongly_positive,strongly_positive
20-12-2024,10,140,0.5612,3,10,0.561,strongly_positive,strongly_positive
20-12-2024,25,338,0.53072,9,12,0.5,strongly_positive,strongly_positive
20-12-2024,0,0,0.5,0,0,0.5,strongly_positive,strongly_positive
20-12-2024,10,121,0.70469,4,12,0.5775,strongly_positive,strongly_positive
20-12-2024,16,228,0.64207,7,15,0.64129,strongly_positive,strongly_positive
20-12-2024,23,393,0.54243,14,28,0.55779,strongly_positive,strongly_positive
20-12-2024,19,113,0.54086,14,13,0.51671,strongly_positive,strongly_positive
20-12-2024,3,2,0.60251,2,2,0.625,strongly_positive,strongly_positive
20-12-2024,6,15,0.53825,2,2,0.55,strongly_positive,strongly_positive
20-12-2024,17,164,0.54149,6,8,0.51667,strongly_positive,strongly_positive
20-12-2024,54,690,0.688,21,12,0.57419,strongly_positive,strongly_positive
20-12-2024,37,602,0.57155,20,22,0.5141,strongly_positive,strongly_positive
20-12-2024,17,303,0.51847,10,26,0.5352,strongly_positive,strongly_positive
20-12-2024,22,220,0.58576,8,9,0.54625,strongly_positive,strongly_positive
20-12-2024,8,34,0.56348,3,4,0.58467,strongly_positive,strongly_positive
20-12-2024,14,39,0.5279,6,3,0.52367,strongly_positive,strongly_positive
20-12-2024,2,8,0.61192,1,7,0.627,strongly_positive,strongly_positive
20-12-2024,4,4,0.62497,3,2,0.504,strongly_positive,strongly_positive
20-12-2024,5,2,0.56437,4,1,0.58575,strongly_positive,strongly_positive
20-12-2024,0,0,0.0,0,0,0.0,strongly_positive,strongly_positive
20-12-2024,6,7,0.52855,2,1,0.4995,strongly_positive,strongly_positive
20-12-2024,3,40,0.60745,1,12,0.5,strongly_positive,strongly_positive
19-12-2024,8,71,0.53001,4,11,0.544,weakly_positive,weakly_positive
19-12-2024,2,3,0.74124,1,2,0.763,weakly_positive,weakly_positive
19-12-2024,3,4,0.71751,2,2,0.5895,weakly_positive,weakly_positive
19-12-2024,3,1,0.5439,3,3,0.48267,weakly_positive,weakly_positive
19-12-2024,3,64,0.6458,1,15,0.659,weakly_positive,weakly_positive
19-12-2024,8,60,0.46923,3,7,0.487,weakly_positive,weakly_positive
19-12-2024,5,5,0.46411,2,1,0.465,weakly_positive,weakly_positive
19-12-2024,4,4,0.43926,2,1,0.4485,weakly_positive,weakly_positive
19-12-2024,3,14,0.25741,2,9,0.212,weakly_positive,weakly_positive
19-12-2024,7,3,0.47951,6,1,0.49717,weakly_positive,weakly_positive
19-12-2024,9,13,0.63041,8,5,0.56825,weakly_positive,weakly_positive
19-12-2024,0,0,0.0,0,0,0.0,weakly_positive,weakly_positive
19-12-2024,0,0,0.0,0,0,0.0,weakly_positive,weakly_positive
19-12-2024,0,0,0.0,0,0,0.0,weakly_positive,weakly_positive
19-12-2024,0,0,0.0,0,0,0.0,weakly_positive,weakly_positive
19-12-2024,0,0,0.0,0,0,0.0,weakly_positive,weakly_positive
19-12-2024,0,0,0.0,0,0,0.0,weakly_positive,weakly_positive
19-12-2024,7,10,0.48395,2,1,0.5,weakly_positive,weakly_positive
19-12-2024,12,30,0.51562,4,2,0.5,weakly_positive,weakly_positive
19-12-2024,6,3,0.61571,4,1,0.5,weakly_positive,weakly_positive
19-12-2024,3,8,0.50279,2,6,0.5,weakly_positive,weakly_positive
19-12-2024,2,7,0.56131,2,14,0.5,weakly_positive,weakly_positive
19-12-2024,18,470,0.61686,6,21,0.5,weakly_positive,weakly_positive
19-12-2024,19,1055,0.48181,7,50,0.5,weakly_positive,weakly_positive
18-12-2024,0,0,0.0,0,0,0.0,weakly_positive,weakly_positive
18-12-2024,0,0,0.0,0,0,0.0,weakly_positive,weakly_positive
18-12-2024,0,0,0.0,0,0,0.0,weakly_positive,weakly_positive
18-12-2024,0,0,0.0,0,0,0.0,weakly_positive,weakly_positive
18-12-2024,0,0,0.0,0,0,0.0,weakly_positive,weakly_positive
18-12-2024,0,0,0.0,0,0,0.0,weakly_positive,weakly_positive
18-12-2024,0,0,0.0,0,0,0.0,weakly_positive,weakly_positive
18-12-2024,0,0,0.0,0,0,0.0,weakly_positive,weakly_positive
18-12-2024,0,0,0.0,0,0,0.0,weakly_positive,weakly_positive
18-12-2024,0,0,0.0,0,0,0.0,weakly_positive,weakly_positive
18-12-2024,9,11,0.55158,8,5,0.5,weakly_positive,weakly_positive
18-12-2024,11,32,0.48361,11,29,0.5,weakly_positive,weakly_positive
18-12-2024,3,7,0.48245,1,2,0.5,weakly_positive,weakly_positive
18-12-2024,0,0,0.0,0,0,0.0,weakly_positive,weakly_positive
18-12-2024,0,0,0.0,0,0,0.0,weakly_positive,weakly_positive
18-12-2024,0,0,0.0,0,0,0.0,weakly_positive,weakly_positive
18-12-2024,0,0,0.0,0,0,0.0,weakly_positive,weakly_positive
18-12-2024,0,0,0.0,0,0,0.0,weakly_positive,weakly_positive
18-12-2024,0,0,0.0,0,0,0.0,weakly_positive,weakly_positive
18-12-2024,0,0,0.0,0,0,0.0,weakly_positive,weakly_positive
18-12-2024,0,0,0.0,0,0,0.0,weakly_positive,weakly_positive
18-12-2024,0,0,0.0,0,0,0.0,weakly_positive,weakly_positive
18-12-2024,0,0,0.0,0,0,0.0,weakly_positive,weakly_positive
18-12-2024,0,0,0.0,0,0,0.0,weakly_positive,weakly_positive
17-12-2024,0,0,0.0,0,0,0.0,weakly_positive,weakly_positive
17-12-2024,0,0,0.0,0,0,0.0,weakly_positive,weakly_positive
17-12-2024,0,0,0.0,0,0,0.0,weakly_positive,weakly_positive
17-12-2024,0,0,0.0,0,0,0.0,weakly_positive,weakly_positive
17-12-2024,0,0,0.0,0,0,0.0,weakly_positive,weakly_positive
17-12-2024,0,0,0.0,0,0,0.0,weakly_positive,weakly_positive
17-12-2024,0,0,0.0,0,0,0.0,weakly_positive,weakly_positive
17-12-2024,0,0,0.0,0,0,0.0,weakly_positive,weakly_positive
17-12-2024,0,0,0.0,0,0,0.0,weakly_positive,weakly_positive
17-12-2024,0,0,0.0,0,0,0.0,weakly_positive,weakly_positive
17-12-2024,0,0,0.0,0,0,0.0,weakly_positive,weakly_positive
17-12-2024,0,0,0.0,0,0,0.0,weakly_positive,weakly_positive
17-12-2024,0,0,0.0,0,0,0.0,weakly_positive,weakly_positive
17-12-2024,0,0,0.0,0,0,0.0,weakly_positive,weakly_positive
17-12-2024,10,20,0.48326,4,2,0.5,weakly_positive,weakly_positive
17-12-2024,21,232,0.51274,10,13,0.5,weakly_positive,weakly_positive
17-12-2024,9,63,0.5202,6,14,0.52767,weakly_positive,weakly_positive
17-12-2024,0,0,0.0,0,0,0.0,weakly_positive,weakly_positive
17-12-2024,0,0,0.0,0,0,0.0,weakly_positive,weakly_positive
17-12-2024,0,0,0.0,0,0,0.0,weakly_positive,weakly_positive
17-12-2024,0,0,0.0,0,0,0.0,weakly_positive,weakly_positive
17-12-2024,0,0,0.0,0,0,0.0,weakly_positive,weakly_positive
17-12-2024,0,0,0.0,0,0,0.0,weakly_positive,weakly_positive
17-12-2024,3,0,0.5207,2,0,0.5315,weakly_positive,weakly_positive
16-12-2024,9,35,0.61341,8,16,0.59838,weakly_positive,weakly_positive
16-12-2024,10,41,0.58754,3,3,0.507,weakly_positive,weakly_positive
16-12-2024,3,8,0.48584,1,2,0.5,weakly_positive,weakly_positive
16-12-2024,9,67,0.51948,6,13,0.46667,weakly_positive,weakly_positive
16-12-2024,0,0,0.0,0,0,0.0,weakly_positive,weakly_positive
16-12-2024,0,0,0.0,0,0,0.0,weakly_positive,weakly_positive
16-12-2024,0,0,0.0,0,0,0.0,weakly_positive,weakly_positive
16-12-2024,0,0,0.0,0,0,0.0,weakly_positive,weakly_positive
16-12-2024,0,0,0.0,0,0,0.0,weakly_positive,weakly_positive
16-12-2024,0,0,0.0,0,0,0.0,weakly_positive,weakly_positive
16-12-2024,0,0,0.0,0,0,0.0,weakly_positive,weakly_positive
16-12-2024,0,0,0.0,0,0,0.0,weakly_positive,weakly_positive
16-12-2024,0,0,0.0,0,0,0.0,weakly_positive,weakly_positive
16-12-2024,0,0,0.0,0,0,0.0,weakly_positive,weakly_positive
16-12-2024,0,0,0.0,0,0,0.0,weakly_positive,weakly_positive
16-12-2024,0,0,0.0,0,0,0.0,weakly_positive,weakly_positive
16-12-2024,0,0,0.0,0,0,0.0,weakly_positive,weakly_positive
16-12-2024,0,0,0.0,0,0,0.0,weakly_positive,weakly_positive
16-12-2024,0,0,0.0,0,0,0.0,weakly_positive,weakly_positive
16-12-2024,0,0,0.0,0,0,0.0,weakly_positive,weakly_positive
16-12-2024,0,0,0.0,0,0,0.0,weakly_positive,weakly_positive
16-12-2024,0,0,0.0,0,0,0.0,weakly_positive,weakly_positive
16-12-2024,0,0,0.0,0,0,0.0,weakly_positive,weakly_positive
16-12-2024,0,0,0.0,0,0,0.0,weakly_positive,weakly_positive
15-12-2024,0,0,0.0,0,0,0.0,neutral,neutral
15-12-2024,0,0,0.0,0,0,0.0,neutral,neutral
15-12-2024,0,0,0.0,0,0,0.0,neutral,neutral
15-12-2024,0,0,0.0,0,0,0.0,neutral,neutral
15-12-2024,0,0,0.0,0,0,0.0,neutral,neutral
15-12-2024,0,0,0.0,0,0,0.0,neutral,neutral
15-12-2024,0,0,0.0,0,0,0.0,neutral,neutral
15-12-2024,0,0,0.0,0,0,0.0,neutral,neutral
15-12-2024,0,0,0.0,0,0,0.0,neutral,neutral
15-12-2024,0,0,0.0,0,0,0.0,neutral,neutral
15-12-2024,0,0,0.0,0,0,0.0,neutral,neutral
15-12-2024,0,0,0.0,0,0,0.0,neutral,neutral
15-12-2024,0,0,0.0,0,0,0.0,neutral,neutral
15-12-2024,0,0,0.0,0,0,0.0,neutral,neutral
15-12-2024,0,0,0.0,0,0,0.0,neutral,neutral
15-12-2024,0,0,0.0,0,0,0.0,neutral,neutral
15-12-2024,0,0,0.0,0,0,0.0,neutral,neutral
15-12-2024,0,0,0.0,0,0,0.0,neutral,neutral
15-12-2024,0,0,0.0,0,0,0.0,neutral,neutral
15-12-2024,0,0,0.0,0,0,0.0,neutral,neutral
15-12-2024,0,0,0.0,0,0,0.0,neutral,neutral
15-12-2024,0,0,0.0,0,0,0.0,neutral,neutral
15-12-2024,0,0,0.0,0,0,0.0,neutral,neutral
15-12-2024,0,0,0.0,0,0,0.0,neutral,neutral
14-12-2024,0,0,0.0,0,0,0.0,weakly_positive,weakly_positive
14-12-2024,0,0,0.0,0,0,0.0,weakly_positive,weakly_positive
14-12-2024,0,0,0.0,0,0,0.0,weakly_positive,weakly_positive
14-12-2024,0,0,0.0,0,0,0.0,weakly_positive,weakly_positive
14-12-2024,0,0,0.0,0,0,0.0,weakly_positive,weakly_positive
14-12-2024,6,10,0.48838,3,2,0.5,weakly_positive,weakly_positive
14-12-2024,7,34,0.53611,4,7,0.50625,weakly_positive,weakly_positive
14-12-2024,2,0,0.48173,1,0,0.5,weakly_positive,weakly_positive
14-12-2024,3,2,0.48701,3,3,0.5,weakly_positive,weakly_positive
14-12-2024,10,81,0.61931,3,6,0.63733,weakly_positive,weakly_positive
14-12-2024,5,14,0.50045,3,4,0.50633,weakly_positive,weakly_positive
14-12-2024,6,0,0.58439,4,0,0.60575,weakly_positive,weakly_positive
14-12-2024,3,23,0.58293,2,16,0.5,weakly_positive,weakly_positive
14-12-2024,10,27,0.61048,3,2,0.562,weakly_positive,weakly_positive
14-12-2024,3,8,0.51928,1,2,0.521,weakly_positive,weakly_positive
14-12-2024,3,0,0.50858,1,0,0.5,weakly_positive,weakly_positive
14-12-2024,6,5,0.49669,3,1,0.50633,weakly_positive,weakly_positive
14-12-2024,2,0,0.66426,1,0,0.667,weakly_positive,weakly_positive
14-12-2024,0,0,0.0,0,0,0.0,weakly_positive,weakly_positive
14-12-2024,2,0,0.49463,2,1,0.5095,weakly_positive,weakly_positive
14-12-2024,7,20,0.55113,2,2,0.5145,weakly_positive,weakly_positive
14-12-2024,0,0,0.0,0,0,0.0,weakly_positive,weakly_positive
14-12-2024,2,2,0.48522,1,1,0.5,weakly_positive,weakly_positive
14-12-2024,2,2,0.48778,1,1,0.5,weakly_positive,weakly_positive
13-12-2024,1,1,0.48178,1,2,0.5,strongly_positive,strongly_positive
13-12-2024,1,2,0.57192,1,5,0.5,strongly_positive,strongly_positive
13-12-2024,0,0,0.5,0,0,0.5,strongly_positive,strongly_positive
13-12-2024,3,0,0.49569,3,0,0.50833,strongly_positive,strongly_positive
13-12-2024,9,12,0.54476,3,1,0.56533,strongly_positive,strongly_positive
13-12-2024,6,7,0.55739,2,1,0.554,strongly_positive,strongly_positive
13-12-2024,2,2,0.75848,1,1,0.675,strongly_positive,strongly_positive
13-12-2024,2,17,0.65584,1,11,0.531,strongly_positive,strongly_positive
13-12-2024,3,2,0.43988,2,1,0.4565,strongly_positive,strongly_positive
13-12-2024,2,1,0.56273,1,1,0.5,strongly_positive,strongly_positive
13-12-2024,14,59,0.69254,4,3,0.65625,strongly_positive,strongly_positive
13-12-2024,6,8,0.57728,2,1,0.477,strongly_positive,strongly_positive
13-12-2024,52,1417,0.52605,21,27,0.53938,strongly_positive,strongly_positive
13-12-2024,45,752,0.55013,21,19,0.56676,strongly_positive,strongly_positive
13-12-2024,39,647,0.68963,19,20,0.56879,strongly_positive,strongly_positive
13-12-2024,40,597,0.51681,13,12,0.53592,strongly_positive,strongly_positive
13-12-2024,16,126,0.5969,6,7,0.589,strongly_positive,strongly_positive
13-12-2024,16,103,0.4499,6,6,0.46317,strongly_positive,strongly_positive
13-12-2024,7,16,0.52718,4,3,0.52775,strongly_positive,strongly_positive
13-12-2024,5,41,0.61642,3,12,0.60767,strongly_positive,strongly_positive
13-12-2024,1,1,0.56969,1,1,0.5,strongly_positive,strongly_positive
13-12-2024,3,0,0.72158,1,0,0.677,strongly_positive,strongly_positive
13-12-2024,16,574,0.45458,5,27,0.4718,strongly_positive,strongly_positive
13-12-2024,7,42,0.39427,3,6,0.40567,strongly_positive,strongly_positive
13-12-2024,5,14,0.53684,2,3,0.503,strongly_positive,strongly_positive
12-12-2024,16,169,0.69459,8,13,0.56488,strongly_positive,strongly_positive
12-12-2024,7,3,0.69942,5,1,0.6152,strongly_positive,strongly_positive
12-12-2024,6,9,0.50994,5,4,0.5234,strongly_positive,strongly_positive
12-12-2024,3,2,0.5934,3,4,0.564,strongly_positive,strongly_positive
12-12-2024,20,215,0.59363,7,9,0.52129,strongly_positive,strongly_positive
12-12-2024,13,237,0.51967,5,17,0.5322,strongly_positive,strongly_positive
12-12-2024,14,157,0.53985,6,12,0.55667,strongly_positive,strongly_positive
12-12-2024,24,360,0.61468,14,22,0.61243,strongly_positive,strongly_positive
12-12-2024,24,193,0.57588,16,15,0.51469,strongly_positive,strongly_positive
12-12-2024,15,114,0.56075,11,16,0.578,strongly_positive,strongly_positive
12-12-2024,52,1496,0.52555,16,22,0.54531,strongly_positive,strongly_positive
12-12-2024,69,2277,0.55897,24,28,0.56208,strongly_positive,strongly_positive
12-12-2024,91,5027,0.57178,40,59,0.54368,strongly_positive,strongly_positive
12-12-2024,68,1536,0.66909,34,28,0.55559,strongly_positive,strongly_positive
12-12-2024,47,1526,0.56463,25,43,0.56732,strongly_positive,strongly_positive
12-12-2024,21,159,0.53532,17,20,0.55206,strongly_positive,strongly_positive
12-12-2024,12,43,0.53134,12,28,0.512,strongly_positive,strongly_positive
12-12-2024,31,815,0.51876,9,19,0.53756,strongly_positive,strongly_positive
12-12-2024,15,62,0.64707,6,4,0.5845,strongly_positive,strongly_positive
12-12-2024,2,2,0.63493,1,1,0.656,strongly_positive,strongly_positive
12-12-2024,6,5,0.57849,3,1,0.561,strongly_positive,strongly_positive
12-12-2024,8,4,0.49465,6,1,0.5,strongly_positive,strongly_positive
12-12-2024,3,0,0.55142,2,0,0.559,strongly_positive,strongly_positive
12-12-2024,25,638,0.63608,8,20,0.53475,strongly_positive,strongly_positive
11-12-2024,18,44,0.55986,6,2,0.5655,weakly_positive,weakly_positive
11-12-2024,16,229,0.6526,6,13,0.59833,weakly_positive,weakly_positive
11-12-2024,11,161,0.54657,6,19,0.53083,weakly_positive,weakly_positive
11-12-2024,7,20,0.59487,4,4,0.6155,weakly_positive,weakly_positive
11-12-2024,14,192,0.5302,9,24,0.53956,weakly_positive,weakly_positive
11-12-2024,3,2,0.66589,3,3,0.646,weakly_positive,weakly_positive
11-12-2024,26,140,0.51825,8,4,0.44338,weakly_positive,weakly_positive
11-12-2024,74,3755,0.53555,25,42,0.55224,weakly_positive,weakly_positive
11-12-2024,38,736,0.50846,16,20,0.52681,weakly_positive,weakly_positive
11-12-2024,45,1056,0.55177,22,28,0.54164,weakly_positive,weakly_positive
11-12-2024,61,2063,0.531,31,43,0.54774,weakly_positive,weakly_positive
11-12-2024,39,790,0.53064,30,48,0.53347,weakly_positive,weakly_positive
11-12-2024,30,323,0.52355,28,51,0.54325,weakly_positive,weakly_positive
11-12-2024,167,16584,0.54356,56,82,0.55327,weakly_positive,weakly_positive
11-12-2024,45,1518,0.67067,17,31,0.62482,weakly_positive,weakly_positive
11-12-2024,20,396,0.50239,8,19,0.52125,weakly_positive,weakly_positive
11-12-2024,4,103,0.64304,2,36,0.663,weakly_positive,weakly_positive
11-12-2024,3,10,0.51696,2,6,0.5295,weakly_positive,weakly_positive
11-12-2024,3,0,0.57552,2,0,0.4635,weakly_positive,weakly_positive
11-12-2024,7,146,0.6536,2,15,0.57,weakly_positive,weakly_positive
11-12-2024,0,0,0.0,0,0,0.0,weakly_positive,weakly_positive
11-12-2024,8,66,0.39506,3,7,0.373,weakly_positive,weakly_positive
11-12-2024,5,6,0.46656,4,3,0.47175,weakly_positive,weakly_positive
11-12-2024,0,0,0.0,0,0,0.0,weakly_positive,weakly_positive
10-12-2024,26,719,0.48262,9,23,0.48878,weakly_positive,weakly_positive
10-12-2024,14,179,0.54119,5,11,0.5476,weakly_positive,weakly_positive
10-12-2024,15,123,0.51453,6,8,0.53333,weakly_positive,weakly_positive
10-12-2024,7,58,0.48083,4,12,0.497,weakly_positive,weakly_positive
10-12-2024,12,53,0.58295,7,7,0.53657,weakly_positive,weakly_positive
10-12-2024,14,157,0.56089,10,23,0.5628,weakly_positive,weakly_positive
10-12-2024,31,434,0.48918,9,10,0.50578,weakly_positive,weakly_positive
10-12-2024,90,4436,0.5667,29,39,0.57766,weakly_positive,weakly_positive
10-12-2024,67,3888,0.59335,24,51,0.55458,weakly_positive,weakly_positive
10-12-2024,48,1462,0.58912,22,34,0.50636,weakly_positive,weakly_positive
10-12-2024,51,1247,0.54467,27,32,0.56107,weakly_positive,weakly_positive
10-12-2024,34,484,0.58389,19,20,0.545,weakly_positive,weakly_positive
10-12-2024,27,369,0.56392,23,43,0.55509,weakly_positive,weakly_positive
10-12-2024,172,17564,0.64238,50,74,0.56242,weakly_positive,weakly_positive
10-12-2024,67,4671,0.58006,24,61,0.58188,weakly_positive,weakly_positive
10-12-2024,25,459,0.50616,10,18,0.5253,weakly_positive,weakly_positive
10-12-2024,31,870,0.60292,13,29,0.527,weakly_positive,weakly_positive
10-12-2024,7,18,0.56813,4,4,0.53125,weakly_positive,weakly_positive
10-12-2024,0,0,0.0,0,0,0.0,weakly_positive,weakly_positive
10-12-2024,0,0,0.0,0,0,0.0,weakly_positive,weakly_positive
10-12-2024,16,286,0.52649,5,14,0.54,weakly_positive,weakly_positive
10-12-2024,9,134,0.68934,3,12,0.558,weakly_positive,weakly_positive
10-12-2024,5,34,0.60224,2,6,0.625,weakly_positive,weakly_positive
10-12-2024,9,82,0.53528,5,12,0.5486,weakly_positive,weakly_positive
09-12-2024,20,255,0.59662,11,18,0.56527,strongly_positive,strongly_positive
09-12-2024,16,200,0.54883,6,11,0.55383,strongly_positive,strongly_positive
09-12-2024,26,337,0.49777,10,12,0.4856,strongly_positive,strongly_positive
09-12-2024,12,103,0.70242,5,9,0.6062,strongly_positive,strongly_positive
09-12-2024,13,183,0.68587,8,23,0.63463,strongly_positive,strongly_positive
09-12-2024,14,78,0.51004,9,10,0.52889,strongly_positive,strongly_positive
09-12-2024,14,149,0.511,11,27,0.50418,strongly_positive,strongly_positive
09-12-2024,101,7863,0.63054,31,59,0.58261,strongly_positive,strongly_positive
09-12-2024,85,2536,0.50486,29,25,0.50545,strongly_positive,strongly_positive
09-12-2024,60,2241,0.55475,23,35,0.57578,strongly_positive,strongly_positive
09-12-2024,57,1454,0.52762,28,31,0.53868,strongly_positive,strongly_positive
09-12-2024,46,1584,0.55281,26,50,0.51858,strongly_positive,strongly_positive
09-12-2024,61,1665,0.51741,37,43,0.537,strongly_positive,strongly_positive
09-12-2024,53,437,0.51216,50,47,0.527,strongly_positive,strongly_positive
09-12-2024,78,3480,0.52301,24,34,0.53704,strongly_positive,strongly_positive
09-12-2024,37,715,0.57839,14,18,0.57086,strongly_positive,strongly_positive
09-12-2024,18,68,0.64603,8,4,0.56813,strongly_positive,strongly_positive
09-12-2024,22,118,0.59171,10,6,0.6073,strongly_positive,strongly_positive
09-12-2024,6,16,0.5776,4,5,0.5995,strongly_positive,strongly_positive
09-12-2024,6,14,0.51047,5,6,0.509,strongly_positive,strongly_positive
09-12-2024,8,48,0.51778,7,19,0.53029,strongly_positive,strongly_positive
09-12-2024,23,882,0.79363,8,32,0.64688,strongly_positive,strongly_positive
09-12-2024,39,1427,0.54534,14,32,0.54329,strongly_positive,strongly_positive
09-12-2024,35,711,0.60735,14,20,0.54271,strongly_positive,strongly_positive
08-12-2024,54,1590,0.56742,31,43,0.54013,strongly_positive,strongly_positive
08-12-2024,31,313,0.5116,19,16,0.53084,strongly_positive,strongly_positive
08-12-2024,16,77,0.5088,15,29,0.52073,strongly_positive,strongly_positive
08-12-2024,21,177,0.56221,6,6,0.5345,strongly_positive,strongly_positive
08-12-2024,12,277,0.64202,4,18,0.533,strongly_positive,strongly_positive
08-12-2024,13,131,0.5052,9,19,0.52411,strongly_positive,strongly_positive
08-12-2024,10,192,0.6517,7,41,0.565,strongly_positive,strongly_positive
08-12-2024,1,1,0.54479,1,5,0.56,strongly_positive,strongly_positive
08-12-2024,28,2430,0.50643,9,69,0.52533,strongly_positive,strongly_positive
08-12-2024,27,731,0.50018,10,24,0.4948,strongly_positive,strongly_positive
08-12-2024,19,152,0.59186,8,8,0.5225,strongly_positive,strongly_positive
08-12-2024,19,0,0.6293,10,0,0.5047,strongly_positive,strongly_positive
08-12-2024,0,0,0.5,0,0,0.5,strongly_positive,strongly_positive
08-12-2024,6,4,0.48173,4,1,0.5,strongly_positive,strongly_positive
08-12-2024,6,26,0.74826,4,8,0.6595,strongly_positive,strongly_positive
08-12-2024,20,582,0.61094,6,21,0.57517,strongly_positive,strongly_positive
08-12-2024,18,136,0.71109,6,6,0.58217,strongly_positive,strongly_positive
08-12-2024,10,51,0.54657,4,5,0.56175,strongly_positive,strongly_positive
08-12-2024,4,7,0.57923,2,2,0.5955,strongly_positive,strongly_positive
08-12-2024,8,20,0.64551,4,3,0.5275,strongly_positive,strongly_positive
08-12-2024,1,0,0.57287,1,0,0.506,strongly_positive,strongly_positive
08-12-2024,1,0,0.12229,1,1,0.125,strongly_positive,strongly_positive
08-12-2024,3,0,0.52786,3,0,0.50333,strongly_positive,strongly_positive
08-12-2024,3,18,0.54029,1,5,0.54,strongly_positive,strongly_positive
08-12-2024,16,104,0.49152,6,6,0.50267,strongly_positive,strongly_positive
07-12-2024,2,0,0.48445,1,0,0.5,weakly_positive,weakly_positive
07-12-2024,13,87,0.50531,8,11,0.52412,weakly_positive,weakly_positive
07-12-2024,3,0,0.63743,2,0,0.572,weakly_positive,weakly_positive
07-12-2024,10,225,0.51862,3,16,0.49533,weakly_positive,weakly_positive
07-12-2024,16,278,0.51574,5,13,0.535,weakly_positive,weakly_positive
07-12-2024,6,74,0.49624,2,10,0.5,weakly_positive,weakly_positive
07-12-2024,23,520,0.54191,11,26,0.55955,weakly_positive,weakly_positive
07-12-2024,12,295,0.6293,6,30,0.525,weakly_positive,weakly_positive
07-12-2024,16,142,0.49746,9,13,0.51511,weakly_positive,weakly_positive
07-12-2024,23,328,0.63369,8,12,0.55188,weakly_positive,weakly_positive
07-12-2024,28,680,0.52377,11,23,0.53773,weakly_positive,weakly_positive
07-12-2024,14,13,0.51435,6,1,0.52933,weakly_positive,weakly_positive
07-12-2024,17,195,0.57704,10,17,0.5723,weakly_positive,weakly_positive
07-12-2024,7,4,0.6264,5,1,0.5554,weakly_positive,weakly_positive
07-12-2024,8,19,0.48136,6,5,0.49517,weakly_positive,weakly_positive
07-12-2024,10,80,0.55914,3,6,0.58033,weakly_positive,weakly_positive
07-12-2024,6,22,0.50026,2,3,0.501,weakly_positive,weakly_positive
07-12-2024,0,0,0.0,0,0,0.0,weakly_positive,weakly_positive
07-12-2024,4,6,0.65144,2,2,0.536,weakly_positive,weakly_positive
07-12-2024,0,0,0.0,0,0,0.0,weakly_positive,weakly_positive
07-12-2024,2,2,0.48578,2,3,0.5,weakly_positive,weakly_positive
07-12-2024,6,3,0.65857,6,6,0.63083,weakly_positive,weakly_positive
07-12-2024,17,236,0.50875,5,10,0.5276,weakly_positive,weakly_positive
07-12-2024,18,228,0.49496,7,12,0.50514,weakly_positive,weakly_positive
06-12-2024,12,109,0.58158,5,9,0.5564,strongly_positive,strongly_positive
06-12-2024,23,40,0.62978,11,2,0.52764,strongly_positive,strongly_positive
06-12-2024,4,4,0.56585,3,2,0.51067,strongly_positive,strongly_positive
06-12-2024,8,44,0.52856,6,12,0.546,strongly_positive,strongly_positive
06-12-2024,42,2127,0.5205,13,39,0.53969,strongly_positive,strongly_positive
06-12-2024,28,596,0.57251,9,17,0.51589,strongly_positive,strongly_positive
06-12-2024,57,1530,0.51983,21,24,0.52719,strongly_positive,strongly_positive
06-12-2024,95,3172,0.67678,48,42,0.56837,strongly_positive,strongly_positive
06-12-2024,24,303,0.54361,13,17,0.54885,strongly_positive,strongly_positive
06-12-2024,45,925,0.60575,28,34,0.55489,strongly_positive,strongly_positive
06-12-2024,26,273,0.67517,23,37,0.566,strongly_positive,strongly_positive
06-12-2024,169,11723,0.50665,50,51,0.5243,strongly_positive,strongly_positive
06-12-2024,140,8120,0.53861,46,47,0.54791,strongly_positive,strongly_positive
06-12-2024,93,2377,0.55576,59,43,0.56983,strongly_positive,strongly_positive
06-12-2024,28,357,0.54702,21,29,0.56357,strongly_positive,strongly_positive
06-12-2024,14,156,0.72199,11,30,0.59555,strongly_positive,strongly_positive
06-12-2024,24,208,0.63842,8,7,0.5685,strongly_positive,strongly_positive
06-12-2024,5,23,0.58187,2,4,0.593,strongly_positive,strongly_positive
06-12-2024,0,0,0.0,0,0,0.0,strongly_positive,strongly_positive
06-12-2024,7,25,0.52381,4,5,0.52575,strongly_positive,strongly_positive
06-12-2024,2,0,0.49032,1,0,0.5,strongly_positive,strongly_positive
06-12-2024,2,2,0.58473,2,4,0.4835,strongly_positive,strongly_positive
06-12-2024,10,41,0.56506,3,3,0.58567,strongly_positive,strongly_positive
06-12-2024,13,51,0.71707,4,3,0.6485,strongly_positive,strongly_positive
05-12-2024,14,41,0.5203,6,3,0.5,strongly_positive,strongly_positive
05-12-2024,9,84,0.55419,4,10,0.5745,strongly_positive,strongly_positive
05-12-2024,4,3,0.54678,2,1,0.553,strongly_positive,strongly_positive
05-12-2024,7,24,0.57672,5,8,0.5964,strongly_positive,strongly_positive
05-12-2024,10,80,0.64529,8,22,0.54325,strongly_positive,strongly_positive
05-12-2024,24,355,0.56969,8,12,0.51625,strongly_positive,strongly_positive
05-12-2024,32,1018,0.59549,11,27,0.61564,strongly_positive,strongly_positive
05-12-2024,59,0,0.53688,23,0,0.52187,strongly_positive,strongly_positive
05-12-2024,0,0,0.5,0,0,0.5,strongly_positive,strongly_positive
05-12-2024,47,1016,0.56244,26,30,0.56938,strongly_positive,strongly_positive
05-12-2024,46,1197,0.55117,27,39,0.55793,strongly_positive,strongly_positive
05-12-2024,86,4089,0.52265,59,91,0.54169,strongly_positive,strongly_positive
05-12-2024,78,613,0.5341,76,71,0.5403,strongly_positive,strongly_positive
05-12-2024,105,5964,0.59351,33,44,0.54582,strongly_positive,strongly_positive
05-12-2024,91,4557,0.53218,32,43,0.53425,strongly_positive,strongly_positive
05-12-2024,43,636,0.5508,19,16,0.56958,strongly_positive,strongly_positive
05-12-2024,26,454,0.5347,13,22,0.54485,strongly_positive,strongly_positive
05-12-2024,13,241,0.5342,7,25,0.53671,strongly_positive,strongly_positive
05-12-2024,11,181,0.48119,4,14,0.49625,strongly_positive,strongly_positive
05-12-2024,3,13,0.51885,1,4,0.5,strongly_positive,strongly_positive
05-12-2024,2,2,0.55911,1,1,0.5,strongly_positive,strongly_positive
05-12-2024,2,1,0.49144,1,1,0.5,strongly_positive,strongly_positive
05-12-2024,5,15,0.73625,3,5,0.70867,strongly_positive,strongly_positive
05-12-2024,7,72,0.54679,2,7,0.55,strongly_positive,strongly_positive
05-12-2024,19,441,0.69073,6,18,0.62817,strongly_positive,strongly_positive
04-12-2024,15,522,0.53862,5,28,0.5572,strongly_positive,strongly_positive
04-12-2024,18,196,0.57254,8,12,0.59313,strongly_positive,strongly_positive
04-12-2024,27,370,0.58365,13,16,0.53,strongly_positive,strongly_positive
04-12-2024,11,111,0.51606,6,14,0.5215,strongly_positive,strongly_positive
04-12-2024,17,147,0.63894,14,26,0.54143,strongly_positive,strongly_positive
