published_date,twitter_posts,twitter_likes,twitter_sentiment,stock_twitter_posts,stock_twitter_likes,sentiment_score,weighted_daily_sentiment_x,weighted_daily_sentiment_y
04-03-2025,8,43,0.53746,6,12,0.5,weakly_positive,weakly_positive
04-03-2025,26,196,0.56678,21,20,0.588,weakly_positive,weakly_positive
04-03-2025,97,5009,0.51397,32,42,0.53012,weakly_positive,weakly_positive
04-03-2025,65,1578,0.54451,24,22,0.55742,weakly_positive,weakly_positive
04-03-2025,80,2192,0.65533,31,26,0.52674,weakly_positive,weakly_positive
04-03-2025,59,1117,0.63708,32,26,0.55463,weakly_positive,weakly_positive
04-03-2025,86,6444,0.53694,50,111,0.54938,weakly_positive,weakly_positive
04-03-2025,56,1993,0.55261,38,67,0.52105,weakly_positive,weakly_positive
04-03-2025,49,1896,0.5307,21,40,0.537,weakly_positive,weakly_positive
04-03-2025,18,33,0.52029,8,2,0.5055,weakly_positive,weakly_positive
04-03-2025,6,35,0.49406,4,10,0.5,weakly_positive,weakly_positive
04-03-2025,4,41,0.4951,3,20,0.50133,weakly_positive,weakly_positive
04-03-2025,1,2,0.74492,1,5,0.772,weakly_positive,weakly_positive
04-03-2025,6,0,0.59627,2,0,0.6165,weakly_positive,weakly_positive
04-03-2025,0,0,0.0,0,0,0.0,weakly_positive,weakly_positive
04-03-2025,0,0,0.0,0,0,0.0,weakly_positive,weakly_positive
04-03-2025,8,95,0.47886,4,15,0.49525,weakly_positive,weakly_positive
04-03-2025,2,0,0.49082,1,0,0.5,weakly_positive,weakly_positive
03-03-2025,6,27,0.64686,4,9,0.60375,strongly_positive,strongly_positive
03-03-2025,2,1,0.77448,2,10,0.6645,strongly_positive,strongly_positive
03-03-2025,25,581,0.56282,8,18,0.58,strongly_positive,strongly_positive
03-03-2025,21,444,0.54149,7,17,0.50471,strongly_positive,strongly_positive
03-03-2025,7,65,0.57052,3,10,0.561,strongly_positive,strongly_positive
03-03-2025,10,8,0.59266,5,1,0.518,strongly_positive,strongly_positive
03-03-2025,13,161,0.5196,9,24,0.52167,strongly_positive,strongly_positive
03-03-2025,33,592,0.50052,27,52,0.51941,strongly_positive,strongly_positive
03-03-2025,26,149,0.56968,23,22,0.49709,strongly_positive,strongly_positive
03-03-2025,26,515,0.55677,9,17,0.51989,strongly_positive,strongly_positive
03-03-2025,38,747,0.63371,15,19,0.51293,strongly_positive,strongly_positive
03-03-2025,41,565,0.49844,17,14,0.49488,strongly_positive,strongly_positive
03-03-2025,19,111,0.5508,11,9,0.56464,strongly_positive,strongly_positive
03-03-2025,38,453,0.67645,24,20,0.5465,strongly_positive,strongly_positive
03-03-2025,13,126,0.56395,10,22,0.5853,strongly_positive,strongly_positive
03-03-2025,28,1045,0.54764,9,29,0.56156,strongly_positive,strongly_positive
03-03-2025,24,356,0.59343,8,12,0.5615,strongly_positive,strongly_positive
03-03-2025,9,32,0.50196,4,4,0.521,strongly_positive,strongly_positive
03-03-2025,0,0,0.0,0,0,0.0,strongly_positive,strongly_positive
03-03-2025,4,22,0.58781,2,8,0.601,strongly_positive,strongly_positive
03-03-2025,2,1,0.62022,2,1,0.5085,strongly_positive,strongly_positive
03-03-2025,1,1,0.48649,1,5,0.486,strongly_positive,strongly_positive
03-03-2025,3,65,0.55681,1,15,0.5,strongly_positive,strongly_positive
03-03-2025,5,39,0.73379,2,7,0.6005,strongly_positive,strongly_positive
02-03-2025,2,0,0.52251,1,0,0.542,weakly_positive,weakly_positive
02-03-2025,6,49,0.50037,3,10,0.50433,weakly_positive,weakly_positive
02-03-2025,3,7,0.57625,2,4,0.55,weakly_positive,weakly_positive
02-03-2025,8,34,0.70686,6,11,0.59017,weakly_positive,weakly_positive
02-03-2025,5,8,0.57265,4,5,0.57675,weakly_positive,weakly_positive
02-03-2025,6,52,0.53373,2,7,0.551,weakly_positive,weakly_positive
02-03-2025,5,71,0.51707,2,13,0.5,weakly_positive,weakly_positive
02-03-2025,2,0,0.55653,1,0,0.5,weakly_positive,weakly_positive
02-03-2025,5,10,0.62663,3,3,0.63633,weakly_positive,weakly_positive
02-03-2025,5,9,0.55597,3,3,0.537,weakly_positive,weakly_positive
02-03-2025,4,10,0.52298,4,15,0.52725,weakly_positive,weakly_positive
02-03-2025,29,878,0.58107,9,23,0.53078,weakly_positive,weakly_positive
02-03-2025,6,39,0.54334,2,5,0.5625,weakly_positive,weakly_positive
02-03-2025,0,0,0.0,0,0,0.0,weakly_positive,weakly_positive
02-03-2025,0,0,0.0,0,0,0.0,weakly_positive,weakly_positive
02-03-2025,6,5,0.53323,3,1,0.53767,weakly_positive,weakly_positive
02-03-2025,3,0,0.55119,2,0,0.4695,weakly_positive,weakly_positive
02-03-2025,4,0,0.49245,3,0,0.5,weakly_positive,weakly_positive
02-03-2025,9,87,0.45258,3,8,0.46867,weakly_positive,weakly_positive
02-03-2025,0,0,0.0,0,0,0.0,weakly_positive,weakly_positive
02-03-2025,0,0,0.0,0,0,0.0,weakly_positive,weakly_positive
02-03-2025,0,0,0.0,0,0,0.0,weakly_positive,weakly_positive
02-03-2025,0,0,0.0,0,0,0.0,weakly_positive,weakly_positive
02-03-2025,3,4,0.48396,1,1,0.5,weakly_positive,weakly_positive
01-03-2025,0,0,0.0,0,0,0.0,weakly_positive,weakly_positive
01-03-2025,0,0,0.0,0,0,0.0,weakly_positive,weakly_positive
01-03-2025,7,5,0.50919,4,1,0.51625,weakly_positive,weakly_positive
01-03-2025,4,15,0.5124,3,8,0.53133,weakly_positive,weakly_positive
01-03-2025,2,4,0.6931,2,8,0.7,weakly_positive,weakly_positive
01-03-2025,0,0,0.0,0,0,0.0,weakly_positive,weakly_positive
01-03-2025,3,4,0.59596,1,1,0.5,weakly_positive,weakly_positive
01-03-2025,7,21,0.63077,3,3,0.65267,weakly_positive,weakly_positive
01-03-2025,11,66,0.51456,6,8,0.53167,weakly_positive,weakly_positive
01-03-2025,8,24,0.56394,5,5,0.547,weakly_positive,weakly_positive
01-03-2025,6,7,0.55267,4,2,0.572,weakly_positive,weakly_positive
01-03-2025,14,0,0.54261,4,0,0.55,weakly_positive,weakly_positive
01-03-2025,0,0,0.5,0,0,0.5,weakly_positive,weakly_positive
01-03-2025,18,180,0.53665,6,8,0.556,weakly_positive,weakly_positive
01-03-2025,6,7,0.66757,2,1,0.57,weakly_positive,weakly_positive
01-03-2025,17,15,0.57998,8,1,0.53188,weakly_positive,weakly_positive
01-03-2025,6,10,0.56314,3,2,0.58333,weakly_positive,weakly_positive
01-03-2025,0,0,0.0,0,0,0.0,weakly_positive,weakly_positive
01-03-2025,2,0,0.62686,2,0,0.638,weakly_positive,weakly_positive
01-03-2025,0,0,0.0,0,0,0.0,weakly_positive,weakly_positive
01-03-2025,3,0,0.58425,1,0,0.5,weakly_positive,weakly_positive
01-03-2025,3,7,0.51223,1,2,0.521,weakly_positive,weakly_positive
01-03-2025,2,8,0.53754,1,4,0.5,weakly_positive,weakly_positive
01-03-2025,2,0,0.50926,1,0,0.5,weakly_positive,weakly_positive
01-03-2025,1,1,0.5817,1,1,0.6,weakly_positive,weakly_positive
28-02-2025,0,0,0.0,0,0,0.0,strongly_positive,strongly_positive
28-02-2025,2,0,0.42972,1,0,0.438,strongly_positive,strongly_positive
28-02-2025,2,0,0.64509,1,0,0.667,strongly_positive,strongly_positive
28-02-2025,7,19,0.6059,4,4,0.58925,strongly_positive,strongly_positive
28-02-2025,6,37,0.47292,5,17,0.4282,strongly_positive,strongly_positive
28-02-2025,2,1,0.53807,2,4,0.5445,strongly_positive,strongly_positive
28-02-2025,14,215,0.52499,4,11,0.51,strongly_positive,strongly_positive
28-02-2025,46,917,0.57717,18,19,0.58406,strongly_positive,strongly_positive
28-02-2025,20,314,0.63366,9,17,0.58311,strongly_positive,strongly_positive
28-02-2025,29,485,0.63092,17,25,0.53188,strongly_positive,strongly_positive
28-02-2025,20,126,0.55059,14,12,0.56929,strongly_positive,strongly_positive
28-02-2025,12,28,0.59503,9,5,0.54678,strongly_positive,strongly_positive
28-02-2025,102,3955,0.54256,32,30,0.52784,strongly_positive,strongly_positive
28-02-2025,91,1167,0.63417,32,11,0.54494,strongly_positive,strongly_positive
28-02-2025,44,1034,0.55497,16,21,0.56531,strongly_positive,strongly_positive
28-02-2025,22,455,0.53814,11,26,0.55782,strongly_positive,strongly_positive
28-02-2025,24,375,0.60242,13,21,0.51677,strongly_positive,strongly_positive
28-02-2025,11,232,0.51678,7,35,0.53257,strongly_positive,strongly_positive
28-02-2025,4,4,0.51158,4,14,0.51325,strongly_positive,strongly_positive
28-02-2025,17,565,0.52035,5,24,0.5116,strongly_positive,strongly_positive
28-02-2025,5,161,0.55177,2,30,0.5625,strongly_positive,strongly_positive
28-02-2025,5,0,0.60005,2,0,0.6025,strongly_positive,strongly_positive
28-02-2025,6,26,0.52968,3,5,0.54967,strongly_positive,strongly_positive
28-02-2025,4,6,0.61098,3,3,0.62933,strongly_positive,strongly_positive
27-02-2025,1,0,0.53555,1,0,0.5,strongly_positive,strongly_positive
27-02-2025,7,17,0.54413,6,9,0.44033,strongly_positive,strongly_positive
27-02-2025,15,208,0.53861,5,11,0.555,strongly_positive,strongly_positive
27-02-2025,24,403,0.52018,9,15,0.53322,strongly_positive,strongly_positive
27-02-2025,10,90,0.61545,4,9,0.583,strongly_positive,strongly_positive
27-02-2025,10,22,0.50932,9,9,0.527,strongly_positive,strongly_positive
27-02-2025,57,1689,0.49977,17,22,0.48747,strongly_positive,strongly_positive
27-02-2025,96,3728,0.46954,30,30,0.4853,strongly_positive,strongly_positive
27-02-2025,81,4114,0.51303,34,52,0.51815,strongly_positive,strongly_positive
27-02-2025,38,548,0.47495,18,17,0.4925,strongly_positive,strongly_positive
27-02-2025,20,118,0.51693,13,10,0.52408,strongly_positive,strongly_positive
27-02-2025,13,96,0.53876,10,17,0.4977,strongly_positive,strongly_positive
27-02-2025,24,114,0.522,19,13,0.54121,strongly_positive,strongly_positive
27-02-2025,114,3064,0.46447,38,22,0.47987,strongly_positive,strongly_positive
27-02-2025,37,569,0.56569,14,14,0.5775,strongly_positive,strongly_positive
27-02-2025,28,294,0.54229,11,10,0.54345,strongly_positive,strongly_positive
27-02-2025,16,242,0.66762,9,21,0.57633,strongly_positive,strongly_positive
27-02-2025,5,50,0.5211,3,15,0.53167,strongly_positive,strongly_positive
27-02-2025,0,0,0.0,0,0,0.0,strongly_positive,strongly_positive
27-02-2025,7,98,0.61003,2,10,0.602,strongly_positive,strongly_positive
27-02-2025,3,8,0.27684,1,2,0.285,strongly_positive,strongly_positive
27-02-2025,7,48,0.51247,3,7,0.513,strongly_positive,strongly_positive
27-02-2025,2,4,0.73134,1,2,0.721,strongly_positive,strongly_positive
27-02-2025,4,6,0.55539,2,2,0.4875,strongly_positive,strongly_positive
26-02-2025,5,2,0.56699,4,1,0.532,strongly_positive,strongly_positive
26-02-2025,5,14,0.4938,4,8,0.5125,strongly_positive,strongly_positive
26-02-2025,1,0,0.50196,1,0,0.5,strongly_positive,strongly_positive
26-02-2025,6,7,0.51545,2,1,0.483,strongly_positive,strongly_positive
26-02-2025,15,237,0.64631,6,15,0.52567,strongly_positive,strongly_positive
26-02-2025,22,626,0.53266,10,31,0.5527,strongly_positive,strongly_positive
26-02-2025,36,1050,0.47743,21,44,0.49005,strongly_positive,strongly_positive
26-02-2025,28,565,0.55902,19,39,0.53137,strongly_positive,strongly_positive
26-02-2025,26,237,0.48366,19,20,0.50189,strongly_positive,strongly_positive
26-02-2025,49,888,0.55249,22,20,0.54045,strongly_positive,strongly_positive
26-02-2025,31,504,0.57688,16,21,0.5,strongly_positive,strongly_positive
26-02-2025,0,0,0.5,0,0,0.5,strongly_positive,strongly_positive
26-02-2025,53,725,0.51113,37,27,0.51519,strongly_positive,strongly_positive
26-02-2025,44,352,0.55159,37,24,0.57216,strongly_positive,strongly_positive
26-02-2025,83,1002,0.65127,75,49,0.56353,strongly_positive,strongly_positive
26-02-2025,68,1881,0.57195,24,24,0.53038,strongly_positive,strongly_positive
26-02-2025,17,175,0.70149,7,10,0.56243,strongly_positive,strongly_positive
26-02-2025,24,658,0.56287,10,28,0.5562,strongly_positive,strongly_positive
26-02-2025,5,35,0.60183,3,11,0.61533,strongly_positive,strongly_positive
26-02-2025,0,0,0.0,0,0,0.0,strongly_positive,strongly_positive
26-02-2025,4,14,0.48173,3,8,0.5,strongly_positive,strongly_positive
26-02-2025,3,4,0.58375,1,1,0.6,strongly_positive,strongly_positive
26-02-2025,9,124,0.69821,3,11,0.65633,strongly_positive,strongly_positive
26-02-2025,7,38,0.53534,3,6,0.52967,strongly_positive,strongly_positive
26-02-2025,10,120,0.48935,5,14,0.5032,strongly_positive,strongly_positive
25-02-2025,15,227,0.56068,8,21,0.57613,strongly_positive,strongly_positive
25-02-2025,7,5,0.5421,6,2,0.56267,strongly_positive,strongly_positive
25-02-2025,9,28,0.60923,8,13,0.53712,strongly_positive,strongly_positive
25-02-2025,20,271,0.47257,6,10,0.48333,strongly_positive,strongly_positive
25-02-2025,35,772,0.48432,13,20,0.50269,strongly_positive,strongly_positive
25-02-2025,14,41,0.56887,6,3,0.568,strongly_positive,strongly_positive
25-02-2025,12,61,0.62234,6,6,0.55833,strongly_positive,strongly_positive
25-02-2025,19,155,0.6238,12,14,0.50992,strongly_positive,strongly_positive
25-02-2025,18,85,0.51153,14,11,0.53064,strongly_positive,strongly_positive
25-02-2025,18,96,0.57643,15,15,0.51633,strongly_positive,strongly_positive
25-02-2025,96,4322,0.61416,32,37,0.58575,strongly_positive,strongly_positive
25-02-2025,157,8549,0.5986,59,50,0.49925,strongly_positive,strongly_positive
25-02-2025,75,1527,0.54407,58,49,0.53372,strongly_positive,strongly_positive
25-02-2025,68,598,0.61161,63,44,0.53251,strongly_positive,strongly_positive
25-02-2025,24,204,0.536,7,6,0.54843,strongly_positive,strongly_positive
25-02-2025,26,56,0.50493,10,2,0.5239,strongly_positive,strongly_positive
25-02-2025,19,255,0.46174,8,14,0.45788,strongly_positive,strongly_positive
25-02-2025,4,18,0.52716,2,5,0.5415,strongly_positive,strongly_positive
25-02-2025,3,7,0.64463,2,4,0.5195,strongly_positive,strongly_positive
25-02-2025,1,1,0.50469,1,2,0.5,strongly_positive,strongly_positive
25-02-2025,2,4,0.57626,2,6,0.51,strongly_positive,strongly_positive
25-02-2025,6,22,0.44623,2,3,0.4215,strongly_positive,strongly_positive
25-02-2025,8,0,0.48173,3,0,0.5,strongly_positive,strongly_positive
25-02-2025,10,75,0.54239,5,9,0.5568,strongly_positive,strongly_positive
24-02-2025,6,19,0.61941,3,4,0.58433,strongly_positive,strongly_positive
24-02-2025,10,58,0.69749,6,9,0.57267,strongly_positive,strongly_positive
24-02-2025,9,22,0.6589,8,13,0.58438,strongly_positive,strongly_positive
24-02-2025,17,48,0.47357,5,2,0.4872,strongly_positive,strongly_positive
24-02-2025,28,429,0.5729,9,12,0.548,strongly_positive,strongly_positive
24-02-2025,25,232,0.61435,10,9,0.544,strongly_positive,strongly_positive
24-02-2025,48,1426,0.501,22,33,0.51164,strongly_positive,strongly_positive
24-02-2025,33,736,0.56748,17,29,0.58618,strongly_positive,strongly_positive
24-02-2025,26,156,0.52009,18,12,0.5205,strongly_positive,strongly_positive
24-02-2025,10,19,0.50561,8,6,0.4555,strongly_positive,strongly_positive
24-02-2025,19,85,0.49964,17,19,0.51594,strongly_positive,strongly_positive
24-02-2025,76,1743,0.4995,27,20,0.518,strongly_positive,strongly_positive
24-02-2025,137,4186,0.53614,55,30,0.54124,strongly_positive,strongly_positive
24-02-2025,121,3558,0.52595,63,38,0.50329,strongly_positive,strongly_positive
24-02-2025,25,590,0.61068,15,37,0.5118,strongly_positive,strongly_positive
24-02-2025,8,60,0.55672,5,13,0.5616,strongly_positive,strongly_positive
24-02-2025,15,443,0.60143,6,29,0.526,strongly_positive,strongly_positive
24-02-2025,4,14,0.55589,2,4,0.57,strongly_positive,strongly_positive
24-02-2025,4,13,0.49299,2,4,0.4665,strongly_positive,strongly_positive
24-02-2025,3,8,0.5281,2,6,0.525,strongly_positive,strongly_positive
24-02-2025,1,2,0.75446,1,4,0.774,strongly_positive,strongly_positive
24-02-2025,3,6,0.59592,3,10,0.61367,strongly_positive,strongly_positive
24-02-2025,11,50,0.46927,4,4,0.487,strongly_positive,strongly_positive
24-02-2025,8,53,0.60002,3,6,0.53333,strongly_positive,strongly_positive
23-02-2025,8,49,0.57444,4,8,0.5445,weakly_positive,weakly_positive
23-02-2025,9,158,0.49083,5,25,0.5094,weakly_positive,weakly_positive
23-02-2025,9,91,0.50444,6,18,0.50583,weakly_positive,weakly_positive
23-02-2025,41,622,0.48529,12,11,0.5,weakly_positive,weakly_positive
23-02-2025,0,0,0.5,0,0,0.5,weakly_positive,weakly_positive
23-02-2025,20,268,0.64717,6,10,0.534,weakly_positive,weakly_positive
23-02-2025,18,370,0.50868,6,17,0.52733,weakly_positive,weakly_positive
23-02-2025,5,93,0.51315,2,19,0.5285,weakly_positive,weakly_positive
23-02-2025,12,140,0.56704,6,14,0.54417,weakly_positive,weakly_positive
23-02-2025,4,58,0.60596,2,21,0.51,weakly_positive,weakly_positive
23-02-2025,8,81,0.42614,6,25,0.4345,weakly_positive,weakly_positive
23-02-2025,3,3,0.55362,3,5,0.57233,weakly_positive,weakly_positive
23-02-2025,10,158,0.78716,3,11,0.66133,weakly_positive,weakly_positive
23-02-2025,10,131,0.68869,4,12,0.623,weakly_positive,weakly_positive
23-02-2025,7,34,0.52681,3,5,0.53333,weakly_positive,weakly_positive
23-02-2025,4,6,0.43893,2,2,0.455,weakly_positive,weakly_positive
23-02-2025,6,37,0.56278,4,11,0.56925,weakly_positive,weakly_positive
23-02-2025,0,0,0.0,0,0,0.0,weakly_positive,weakly_positive
23-02-2025,0,0,0.0,0,0,0.0,weakly_positive,weakly_positive
23-02-2025,0,0,0.0,0,0,0.0,weakly_positive,weakly_positive
23-02-2025,6,7,0.69,2,1,0.6335,weakly_positive,weakly_positive
23-02-2025,3,2,0.61866,2,2,0.6335,weakly_positive,weakly_positive
23-02-2025,2,1,0.62399,2,1,0.5925,weakly_positive,weakly_positive
23-02-2025,10,213,0.65161,3,15,0.54,weakly_positive,weakly_positive
23-02-2025,8,26,0.55924,3,3,0.5,weakly_positive,weakly_positive
22-02-2025,12,244,0.59407,5,20,0.6124,strongly_positive,strongly_positive
22-02-2025,7,52,0.64573,4,11,0.67,strongly_positive,strongly_positive
22-02-2025,10,212,0.63499,6,34,0.56683,strongly_positive,strongly_positive
22-02-2025,3,13,0.40514,2,9,0.4125,strongly_positive,strongly_positive
22-02-2025,23,666,0.62648,7,22,0.52043,strongly_positive,strongly_positive
22-02-2025,3,0,0.59704,1,0,0.6,strongly_positive,strongly_positive
22-02-2025,11,13,0.5714,4,1,0.51875,strongly_positive,strongly_positive
22-02-2025,0,0,0.0,0,0,0.0,strongly_positive,strongly_positive
22-02-2025,6,41,0.51632,3,9,0.535,strongly_positive,strongly_positive
22-02-2025,8,20,0.52626,5,4,0.5332,strongly_positive,strongly_positive
22-02-2025,2,1,0.60608,2,2,0.5835,strongly_positive,strongly_positive
22-02-2025,10,28,0.69491,3,2,0.58767,strongly_positive,strongly_positive
22-02-2025,10,41,0.57153,3,3,0.57867,strongly_positive,strongly_positive
22-02-2025,5,52,0.44512,2,10,0.4605,strongly_positive,strongly_positive
22-02-2025,13,298,0.58099,6,26,0.56633,strongly_positive,strongly_positive
22-02-2025,2,1,0.72662,1,1,0.66,strongly_positive,strongly_positive
22-02-2025,6,11,0.62251,4,4,0.629,strongly_positive,strongly_positive
22-02-2025,5,16,0.6293,4,8,0.61275,strongly_positive,strongly_positive
22-02-2025,6,102,0.49288,2,13,0.4995,strongly_positive,strongly_positive
22-02-2025,5,23,0.60509,2,4,0.5585,strongly_positive,strongly_positive
22-02-2025,3,0,0.4823,1,0,0.5,strongly_positive,strongly_positive
22-02-2025,2,0,0.49742,1,0,0.514,strongly_positive,strongly_positive
22-02-2025,4,22,0.62928,2,8,0.58,strongly_positive,strongly_positive
22-02-2025,3,13,0.52163,2,8,0.523,strongly_positive,strongly_positive
21-02-2025,5,10,0.42385,2,2,0.4375,strongly_positive,strongly_positive
21-02-2025,2,0,0.36024,1,0,0.3,strongly_positive,strongly_positive
21-02-2025,5,27,0.55689,3,9,0.5,strongly_positive,strongly_positive
21-02-2025,1,3,0.35567,1,6,0.367,strongly_positive,strongly_positive
21-02-2025,6,11,0.52288,5,5,0.5048,strongly_positive,strongly_positive
21-02-2025,18,67,0.52372,6,3,0.52783,strongly_positive,strongly_positive
21-02-2025,35,582,0.47356,12,14,0.48133,strongly_positive,strongly_positive
21-02-2025,51,917,0.60112,20,17,0.62225,strongly_positive,strongly_positive
21-02-2025,52,1605,0.53716,26,38,0.54096,strongly_positive,strongly_positive
21-02-2025,31,483,0.54176,18,23,0.49383,strongly_positive,strongly_positive
21-02-2025,41,219,0.54217,28,10,0.54686,strongly_positive,strongly_positive
21-02-2025,26,98,0.53622,25,26,0.55532,strongly_positive,strongly_positive
21-02-2025,77,2907,0.52896,24,29,0.53692,strongly_positive,strongly_positive
21-02-2025,129,6453,0.49822,42,40,0.5029,strongly_positive,strongly_positive
21-02-2025,50,1214,0.63782,22,26,0.54195,strongly_positive,strongly_positive
21-02-2025,24,309,0.54129,12,16,0.55892,strongly_positive,strongly_positive
21-02-2025,22,214,0.48518,15,18,0.50227,strongly_positive,strongly_positive
21-02-2025,9,74,0.66241,7,22,0.64757,strongly_positive,strongly_positive
21-02-2025,6,4,0.59193,5,2,0.6114,strongly_positive,strongly_positive
21-02-2025,3,19,0.81813,1,5,0.825,strongly_positive,strongly_positive
21-02-2025,10,182,0.55292,4,17,0.5735,strongly_positive,strongly_positive
21-02-2025,12,304,0.61753,5,25,0.5338,strongly_positive,strongly_positive
21-02-2025,7,24,0.54747,4,5,0.50725,strongly_positive,strongly_positive
21-02-2025,6,74,0.61542,4,20,0.63825,strongly_positive,strongly_positive
20-02-2025,0,0,0.5,0,0,0.5,strongly_positive,strongly_positive
20-02-2025,7,33,0.7167,5,10,0.7078,strongly_positive,strongly_positive
20-02-2025,29,379,0.54192,9,10,0.55389,strongly_positive,strongly_positive
20-02-2025,18,136,0.59811,6,6,0.59833,strongly_positive,strongly_positive
20-02-2025,16,116,0.51037,11,14,0.52727,strongly_positive,strongly_positive
20-02-2025,10,77,0.70315,7,17,0.58843,strongly_positive,strongly_positive
20-02-2025,9,14,0.48427,8,6,0.50125,strongly_positive,strongly_positive
20-02-2025,37,1380,0.44997,13,32,0.45623,strongly_positive,strongly_positive
20-02-2025,81,4415,0.5403,30,49,0.52323,strongly_positive,strongly_positive
20-02-2025,53,1097,0.64382,22,21,0.54932,strongly_positive,strongly_positive
20-02-2025,33,414,0.5589,18,17,0.56706,strongly_positive,strongly_positive
20-02-2025,41,418,0.49365,26,17,0.51131,strongly_positive,strongly_positive
20-02-2025,26,394,0.54117,19,34,0.53037,strongly_positive,strongly_positive
20-02-2025,67,3825,0.63201,20,42,0.5784,strongly_positive,strongly_positive
20-02-2025,82,2119,0.47801,27,21,0.48115,strongly_positive,strongly_positive
20-02-2025,61,3390,0.51207,21,47,0.50133,strongly_positive,strongly_positive
20-02-2025,34,586,0.5195,16,20,0.52825,strongly_positive,strongly_positive
20-02-2025,22,225,0.61415,12,14,0.57092,strongly_positive,strongly_positive
20-02-2025,8,101,0.72567,6,28,0.6195,strongly_positive,strongly_positive
20-02-2025,2,2,0.50309,2,3,0.519,strongly_positive,strongly_positive
20-02-2025,1,1,0.5386,1,4,0.5,strongly_positive,strongly_positive
20-02-2025,3,4,0.51001,1,1,0.5,strongly_positive,strongly_positive
20-02-2025,5,40,0.6467,2,8,0.5625,strongly_positive,strongly_positive
20-02-2025,7,53,0.5162,3,8,0.528,strongly_positive,strongly_positive
20-02-2025,5,30,0.55838,3,10,0.57933,strongly_positive,strongly_positive
19-02-2025,4,26,0.62379,3,12,0.54167,strongly_positive,strongly_positive
19-02-2025,9,60,0.55642,7,18,0.57171,strongly_positive,strongly_positive
19-02-2025,15,75,0.62958,5,4,0.5068,strongly_positive,strongly_positive
19-02-2025,14,201,0.43973,5,12,0.4354,strongly_positive,strongly_positive
19-02-2025,38,1174,0.50188,18,36,0.51372,strongly_positive,strongly_positive
19-02-2025,28,339,0.60836,14,15,0.48879,strongly_positive,strongly_positive
19-02-2025,22,148,0.53205,13,10,0.55223,strongly_positive,strongly_positive
19-02-2025,78,4898,0.5376,29,57,0.49952,strongly_positive,strongly_positive
19-02-2025,82,2674,0.52041,32,31,0.53984,strongly_positive,strongly_positive
19-02-2025,54,1148,0.53911,24,23,0.53346,strongly_positive,strongly_positive
19-02-2025,26,368,0.56847,15,21,0.52747,strongly_positive,strongly_positive
19-02-2025,44,1001,0.729,30,43,0.58497,strongly_positive,strongly_positive
19-02-2025,84,1825,0.49676,68,60,0.5156,strongly_positive,strongly_positive
19-02-2025,333,26718,0.54221,104,62,0.5545,strongly_positive,strongly_positive
19-02-2025,80,2341,0.55195,28,25,0.51982,strongly_positive,strongly_positive
19-02-2025,30,405,0.53367,11,12,0.55391,strongly_positive,strongly_positive
19-02-2025,8,96,0.48679,4,15,0.50025,strongly_positive,strongly_positive
19-02-2025,5,56,0.54204,3,17,0.55733,strongly_positive,strongly_positive
19-02-2025,5,4,0.44882,4,2,0.44425,strongly_positive,strongly_positive
19-02-2025,1,1,0.83062,1,9,0.734,strongly_positive,strongly_positive
19-02-2025,14,98,0.66261,4,5,0.681,strongly_positive,strongly_positive
19-02-2025,13,124,0.56535,5,9,0.5868,strongly_positive,strongly_positive
19-02-2025,9,75,0.56967,4,9,0.5695,strongly_positive,strongly_positive
19-02-2025,4,0,0.48898,2,0,0.5,strongly_positive,strongly_positive
18-02-2025,6,41,0.61797,4,13,0.5065,strongly_positive,strongly_positive
18-02-2025,5,41,0.47455,4,18,0.474,strongly_positive,strongly_positive
18-02-2025,7,40,0.71382,6,21,0.64083,strongly_positive,strongly_positive
18-02-2025,14,397,0.60517,5,24,0.5782,strongly_positive,strongly_positive
18-02-2025,25,871,0.52454,9,31,0.54411,strongly_positive,strongly_positive
18-02-2025,24,363,0.56331,12,19,0.57558,strongly_positive,strongly_positive
18-02-2025,24,446,0.50107,13,25,0.47815,strongly_positive,strongly_positive
18-02-2025,98,6108,0.67013,61,103,0.55934,strongly_positive,strongly_positive
18-02-2025,99,723,0.60251,98,92,0.54201,strongly_positive,strongly_positive
18-02-2025,565,114375,0.50871,167,149,0.52514,strongly_positive,strongly_positive
18-02-2025,234,23378,0.50921,77,81,0.49231,strongly_positive,strongly_positive
18-02-2025,81,2553,0.51024,51,53,0.52943,strongly_positive,strongly_positive
18-02-2025,89,2784,0.54901,67,71,0.54464,strongly_positive,strongly_positive
18-02-2025,71,547,0.60506,64,32,0.53672,strongly_positive,strongly_positive
18-02-2025,69,3303,0.65626,23,39,0.5293,strongly_positive,strongly_positive
18-02-2025,13,217,0.48657,5,15,0.505,strongly_positive,strongly_positive
18-02-2025,18,171,0.63925,7,9,0.56614,strongly_positive,strongly_positive
18-02-2025,9,85,0.57834,5,13,0.5466,strongly_positive,strongly_positive
18-02-2025,5,35,0.56689,3,12,0.46667,strongly_positive,strongly_positive
18-02-2025,6,27,0.48268,5,18,0.4954,strongly_positive,strongly_positive
18-02-2025,3,9,0.50224,1,2,0.517,strongly_positive,strongly_positive
18-02-2025,13,172,0.64561,4,10,0.5305,strongly_positive,strongly_positive
18-02-2025,7,49,0.46121,3,7,0.40933,strongly_positive,strongly_positive
18-02-2025,17,203,0.52125,8,14,0.53188,strongly_positive,strongly_positive
17-02-2025,10,64,0.57636,5,8,0.5516,weakly_positive,weakly_positive
17-02-2025,4,10,0.66535,3,6,0.66667,weakly_positive,weakly_positive
17-02-2025,6,37,0.57533,5,17,0.5874,weakly_positive,weakly_positive
17-02-2025,8,1,0.53916,8,2,0.557,weakly_positive,weakly_positive
17-02-2025,5,62,0.54252,2,11,0.5625,weakly_positive,weakly_positive
17-02-2025,13,110,0.61387,5,8,0.5534,weakly_positive,weakly_positive
17-02-2025,9,137,0.58337,5,21,0.5592,weakly_positive,weakly_positive
17-02-2025,5,53,0.53553,3,16,0.55533,weakly_positive,weakly_positive
17-02-2025,16,109,0.49135,11,13,0.49618,weakly_positive,weakly_positive
17-02-2025,27,548,0.52225,8,15,0.53975,weakly_positive,weakly_positive
17-02-2025,10,66,0.81472,3,5,0.68333,weakly_positive,weakly_positive
17-02-2025,26,914,0.46012,9,30,0.47611,weakly_positive,weakly_positive
17-02-2025,18,484,0.53609,8,29,0.55388,weakly_positive,weakly_positive
17-02-2025,8,57,0.53723,4,9,0.521,weakly_positive,weakly_positive
17-02-2025,10,72,0.60209,6,11,0.51483,weakly_positive,weakly_positive
17-02-2025,8,190,0.59358,3,20,0.59033,weakly_positive,weakly_positive
17-02-2025,5,11,0.70156,2,2,0.625,weakly_positive,weakly_positive
17-02-2025,12,12,0.50274,5,1,0.5178,weakly_positive,weakly_positive
17-02-2025,0,0,0.0,0,0,0.0,weakly_positive,weakly_positive
17-02-2025,0,0,0.0,0,0,0.0,weakly_positive,weakly_positive
17-02-2025,0,0,0.0,0,0,0.0,weakly_positive,weakly_positive
17-02-2025,9,59,0.6757,3,5,0.559,weakly_positive,weakly_positive
17-02-2025,3,16,0.49845,1,4,0.5,weakly_positive,weakly_positive
17-02-2025,7,58,0.52984,3,9,0.546,weakly_positive,weakly_positive
16-02-2025,12,131,0.59104,6,14,0.56817,weakly_positive,weakly_positive
16-02-2025,5,44,0.5309,3,12,0.55033,weakly_positive,weakly_positive
16-02-2025,2,1,0.64933,2,1,0.6615,weakly_positive,weakly_positive
16-02-2025,1,0,0.477,1,0,0.458,weakly_positive,weakly_positive
16-02-2025,7,39,0.61381,2,4,0.517,weakly_positive,weakly_positive
16-02-2025,5,16,0.80853,2,3,0.733,weakly_positive,weakly_positive
16-02-2025,5,0,0.4836,2,0,0.5,weakly_positive,weakly_positive
16-02-2025,3,21,0.55772,2,11,0.578,weakly_positive,weakly_positive
16-02-2025,5,15,0.61975,3,5,0.561,weakly_positive,weakly_positive
16-02-2025,8,69,0.49387,6,20,0.49983,weakly_positive,weakly_positive
16-02-2025,6,24,0.71956,2,3,0.6075,weakly_positive,weakly_positive
16-02-2025,12,104,0.52801,4,7,0.53425,weakly_positive,weakly_positive
16-02-2025,3,28,0.54347,1,8,0.5,weakly_positive,weakly_positive
16-02-2025,2,4,0.7416,1,2,0.625,weakly_positive,weakly_positive
16-02-2025,2,1,0.64506,1,1,0.667,weakly_positive,weakly_positive
16-02-2025,0,0,0.0,0,0,0.0,weakly_positive,weakly_positive
16-02-2025,2,8,0.46417,2,17,0.4515,weakly_positive,weakly_positive
16-02-2025,0,0,0.0,0,0,0.0,weakly_positive,weakly_positive
16-02-2025,0,0,0.0,0,0,0.0,weakly_positive,weakly_positive
16-02-2025,5,28,0.60469,3,10,0.541,weakly_positive,weakly_positive
16-02-2025,6,49,0.51217,5,20,0.521,weakly_positive,weakly_positive
16-02-2025,7,0,0.60142,2,0,0.624,weakly_positive,weakly_positive
16-02-2025,3,8,0.49697,1,2,0.5,weakly_positive,weakly_positive
16-02-2025,0,0,0.0,0,0,0.0,weakly_positive,weakly_positive
15-02-2025,4,7,0.75297,2,2,0.626,strongly_positive,strongly_positive
15-02-2025,4,6,0.61975,2,2,0.642,strongly_positive,strongly_positive
15-02-2025,7,27,0.55616,4,6,0.50525,strongly_positive,strongly_positive
15-02-2025,8,29,0.5647,7,18,0.54457,strongly_positive,strongly_positive
15-02-2025,14,100,0.53204,4,5,0.55125,strongly_positive,strongly_positive
15-02-2025,9,59,0.61404,3,5,0.62233,strongly_positive,strongly_positive
15-02-2025,9,52,0.59401,4,6,0.61475,strongly_positive,strongly_positive
15-02-2025,4,4,0.54649,2,1,0.4625,strongly_positive,strongly_positive
15-02-2025,11,118,0.63059,7,19,0.574,strongly_positive,strongly_positive
15-02-2025,4,2,0.54832,3,1,0.56733,strongly_positive,strongly_positive
15-02-2025,6,6,0.63739,5,3,0.6216,strongly_positive,strongly_positive
15-02-2025,21,102,0.54725,7,4,0.55514,strongly_positive,strongly_positive
15-02-2025,11,26,0.52792,4,2,0.53325,strongly_positive,strongly_positive
15-02-2025,5,32,0.42192,2,6,0.4375,strongly_positive,strongly_positive
15-02-2025,12,28,0.5465,6,3,0.554,strongly_positive,strongly_positive
15-02-2025,0,0,0.5,0,0,0.5,strongly_positive,strongly_positive
15-02-2025,7,0,0.63503,4,0,0.5865,strongly_positive,strongly_positive
15-02-2025,6,53,0.56818,4,18,0.569,strongly_positive,strongly_positive
15-02-2025,7,10,0.56475,2,1,0.5835,strongly_positive,strongly_positive
15-02-2025,6,0,0.52656,2,0,0.5375,strongly_positive,strongly_positive
15-02-2025,3,8,0.53678,1,2,0.538,strongly_positive,strongly_positive
15-02-2025,2,0,0.57936,1,0,0.5,strongly_positive,strongly_positive
15-02-2025,2,6,0.48586,1,4,0.5,strongly_positive,strongly_positive
15-02-2025,9,58,0.66448,3,5,0.597,strongly_positive,strongly_positive
15-02-2025,6,0,0.49238,2,0,0.5,strongly_positive,strongly_positive
14-02-2025,18,314,0.5221,7,16,0.50429,strongly_positive,strongly_positive
14-02-2025,17,129,0.50752,9,10,0.51167,strongly_positive,strongly_positive
14-02-2025,5,34,0.69333,3,11,0.63333,strongly_positive,strongly_positive
14-02-2025,8,59,0.51774,5,13,0.536,strongly_positive,strongly_positive
14-02-2025,45,1494,0.47337,13,24,0.49008,strongly_positive,strongly_positive
14-02-2025,36,1106,0.64545,11,23,0.58873,strongly_positive,strongly_positive
14-02-2025,77,2869,0.54432,26,31,0.54885,strongly_positive,strongly_positive
14-02-2025,52,597,0.61251,24,13,0.52175,strongly_positive,strongly_positive
14-02-2025,152,8463,0.5202,74,67,0.52818,strongly_positive,strongly_positive
14-02-2025,82,2277,0.51022,59,58,0.52837,strongly_positive,strongly_positive
14-02-2025,57,1062,0.64598,44,45,0.5493,strongly_positive,strongly_positive
14-02-2025,109,2513,0.50949,102,117,0.52601,strongly_positive,strongly_positive
14-02-2025,345,51719,0.53567,125,133,0.53958,strongly_positive,strongly_positive
14-02-2025,192,21949,0.54711,73,106,0.5351,strongly_positive,strongly_positive
14-02-2025,51,1312,0.61129,22,27,0.52968,strongly_positive,strongly_positive
14-02-2025,29,408,0.52607,16,20,0.53031,strongly_positive,strongly_positive
14-02-2025,8,31,0.53602,5,7,0.556,strongly_positive,strongly_positive
14-02-2025,5,8,0.56246,4,4,0.55625,strongly_positive,strongly_positive
14-02-2025,7,39,0.53931,2,4,0.5,strongly_positive,strongly_positive
14-02-2025,15,474,0.71913,5,26,0.5764,strongly_positive,strongly_positive
14-02-2025,6,29,0.60729,2,4,0.6,strongly_positive,strongly_positive
14-02-2025,8,107,0.52331,4,16,0.535,strongly_positive,strongly_positive
14-02-2025,5,28,0.5841,3,8,0.54967,strongly_positive,strongly_positive
14-02-2025,3,1,0.66611,2,1,0.5775,strongly_positive,strongly_positive
13-02-2025,4,4,0.54285,4,5,0.558,strongly_positive,strongly_positive
13-02-2025,56,3209,0.57066,16,41,0.53631,strongly_positive,strongly_positive
13-02-2025,17,186,0.53472,10,16,0.542,strongly_positive,strongly_positive
13-02-2025,19,370,0.52001,13,36,0.53877,strongly_positive,strongly_positive
13-02-2025,8,34,0.59202,6,9,0.5055,strongly_positive,strongly_positive
13-02-2025,39,1178,0.6049,12,23,0.55475,strongly_positive,strongly_positive
13-02-2025,28,425,0.53965,9,12,0.559,strongly_positive,strongly_positive
13-02-2025,88,4379,0.49695,32,44,0.48725,strongly_positive,strongly_positive
13-02-2025,102,4374,0.5483,51,53,0.55804,strongly_positive,strongly_positive
13-02-2025,79,3891,0.54723,42,65,0.55064,strongly_positive,strongly_positive
13-02-2025,42,580,0.60792,33,36,0.52027,strongly_positive,strongly_positive
13-02-2025,33,345,0.5017,28,34,0.51029,strongly_positive,strongly_positive
13-02-2025,106,3062,0.54839,31,21,0.5101,strongly_positive,strongly_positive
13-02-2025,101,3420,0.56389,39,32,0.55364,strongly_positive,strongly_positive
13-02-2025,57,1842,0.51152,23,32,0.52761,strongly_positive,strongly_positive
13-02-2025,28,346,0.50821,13,14,0.52023,strongly_positive,strongly_positive
13-02-2025,13,114,0.54801,8,14,0.5375,strongly_positive,strongly_positive
13-02-2025,14,120,0.5866,10,18,0.5106,strongly_positive,strongly_positive
13-02-2025,2,1,0.45091,2,2,0.463,strongly_positive,strongly_positive
13-02-2025,3,12,0.28914,1,3,0.3,strongly_positive,strongly_positive
13-02-2025,11,239,0.58624,4,19,0.58125,strongly_positive,strongly_positive
13-02-2025,5,0,0.43805,2,0,0.45,strongly_positive,strongly_positive
13-02-2025,8,18,0.68672,4,3,0.55325,strongly_positive,strongly_positive
13-02-2025,6,44,0.5593,4,12,0.5805,strongly_positive,strongly_positive
12-02-2025,12,40,0.47947,10,11,0.4909,strongly_positive,strongly_positive
12-02-2025,20,250,0.55626,6,9,0.52533,strongly_positive,strongly_positive
12-02-2025,46,1221,0.50768,14,20,0.52693,strongly_positive,strongly_positive
12-02-2025,20,303,0.57493,8,15,0.59025,strongly_positive,strongly_positive
12-02-2025,26,525,0.54342,12,23,0.55925,strongly_positive,strongly_positive
12-02-2025,33,300,0.62782,16,11,0.51531,strongly_positive,strongly_positive
12-02-2025,39,1016,0.48236,13,21,0.5,strongly_positive,strongly_positive
12-02-2025,0,0,0.5,0,0,0.5,strongly_positive,strongly_positive
12-02-2025,125,7710,0.59055,43,52,0.5066,strongly_positive,strongly_positive
12-02-2025,152,7566,0.49943,59,47,0.51469,strongly_positive,strongly_positive
12-02-2025,76,1900,0.5309,41,34,0.53263,strongly_positive,strongly_positive
12-02-2025,64,2576,0.50497,37,59,0.49649,strongly_positive,strongly_positive
12-02-2025,54,744,0.53169,48,51,0.54204,strongly_positive,strongly_positive
12-02-2025,27,124,0.52214,26,29,0.52427,strongly_positive,strongly_positive
12-02-2025,200,9642,0.46848,62,37,0.48616,strongly_positive,strongly_positive
12-02-2025,137,6759,0.52162,57,50,0.53728,strongly_positive,strongly_positive
12-02-2025,21,316,0.61766,9,16,0.57667,strongly_positive,strongly_positive
12-02-2025,12,126,0.69159,6,13,0.55967,strongly_positive,strongly_positive
12-02-2025,9,83,0.45644,6,17,0.47033,strongly_positive,strongly_positive
12-02-2025,8,33,0.55849,6,11,0.5725,strongly_positive,strongly_positive
12-02-2025,3,2,0.56583,3,5,0.536,strongly_positive,strongly_positive
12-02-2025,0,0,0.0,0,0,0.0,strongly_positive,strongly_positive
12-02-2025,10,43,0.66091,4,4,0.67775,strongly_positive,strongly_positive
12-02-2025,5,10,0.54858,2,2,0.519,strongly_positive,strongly_positive
12-02-2025,10,34,0.54914,6,5,0.54583,strongly_positive,strongly_positive
11-02-2025,9,38,0.68237,6,8,0.60733,strongly_positive,strongly_positive
11-02-2025,8,35,0.74776,8,30,0.6055,strongly_positive,strongly_positive
11-02-2025,45,2528,0.49205,14,43,0.51064,strongly_positive,strongly_positive
11-02-2025,22,306,0.60045,7,11,0.53357,strongly_positive,strongly_positive
11-02-2025,16,165,0.51132,7,11,0.48457,strongly_positive,strongly_positive
11-02-2025,32,541,0.65896,16,21,0.54456,strongly_positive,strongly_positive
11-02-2025,17,218,0.52828,9,17,0.52967,strongly_positive,strongly_positive
11-02-2025,47,849,0.52897,38,48,0.54497,strongly_positive,strongly_positive
11-02-2025,65,932,0.66489,56,48,0.54846,strongly_positive,strongly_positive
11-02-2025,177,17925,0.51835,52,74,0.53737,strongly_positive,strongly_positive
11-02-2025,63,2117,0.48452,37,51,0.47814,strongly_positive,strongly_positive
11-02-2025,59,1247,0.5167,37,35,0.53192,strongly_positive,strongly_positive
11-02-2025,10,5,0.4913,10,7,0.4918,strongly_positive,strongly_positive
11-02-2025,145,7690,0.54696,43,39,0.53923,strongly_positive,strongly_positive
11-02-2025,36,268,0.6469,12,6,0.56783,strongly_positive,strongly_positive
11-02-2025,18,199,0.543,8,12,0.5095,strongly_positive,strongly_positive
11-02-2025,6,26,0.41173,3,5,0.42733,strongly_positive,strongly_positive
11-02-2025,4,3,0.48187,2,1,0.48,strongly_positive,strongly_positive
11-02-2025,1,1,0.6403,1,3,0.6,strongly_positive,strongly_positive
11-02-2025,3,1,0.66105,3,1,0.53767,strongly_positive,strongly_positive
11-02-2025,0,0,0.0,0,0,0.0,strongly_positive,strongly_positive
11-02-2025,5,35,0.49541,2,6,0.5085,strongly_positive,strongly_positive
11-02-2025,5,20,0.6491,2,4,0.617,strongly_positive,strongly_positive
11-02-2025,11,125,0.54524,5,12,0.5658,strongly_positive,strongly_positive
10-02-2025,3,9,0.49655,2,5,0.5085,strongly_positive,strongly_positive
10-02-2025,3,4,0.48488,2,3,0.5,strongly_positive,strongly_positive
10-02-2025,7,30,0.50181,2,3,0.5,strongly_positive,strongly_positive
10-02-2025,15,169,0.62495,5,9,0.5586,strongly_positive,strongly_positive
10-02-2025,58,1716,0.51116,20,25,0.5269,strongly_positive,strongly_positive
10-02-2025,8,63,0.62982,4,9,0.6535,strongly_positive,strongly_positive
10-02-2025,15,110,0.56122,8,10,0.56437,strongly_positive,strongly_positive
10-02-2025,29,1001,0.47578,17,51,0.48447,strongly_positive,strongly_positive
10-02-2025,17,88,0.64846,15,20,0.53853,strongly_positive,strongly_positive
10-02-2025,16,50,0.54928,15,22,0.55193,strongly_positive,strongly_positive
10-02-2025,67,3401,0.5789,21,39,0.52543,strongly_positive,strongly_positive
10-02-2025,62,1401,0.51242,26,23,0.49381,strongly_positive,strongly_positive
10-02-2025,55,1334,0.52704,24,26,0.54613,strongly_positive,strongly_positive
10-02-2025,133,7657,0.5487,40,43,0.5429,strongly_positive,strongly_positive
10-02-2025,76,3141,0.49593,24,32,0.50996,strongly_positive,strongly_positive
10-02-2025,26,518,0.51503,9,17,0.52922,strongly_positive,strongly_positive
10-02-2025,4,7,0.50967,2,2,0.529,strongly_positive,strongly_positive
10-02-2025,14,367,0.63955,7,33,0.56386,strongly_positive,strongly_positive
10-02-2025,10,39,0.4918,6,6,0.503,strongly_positive,strongly_positive
10-02-2025,4,10,0.51063,3,7,0.53,strongly_positive,strongly_positive
10-02-2025,1,0,0.50076,1,2,0.5,strongly_positive,strongly_positive
10-02-2025,3,0,0.55732,1,0,0.5,strongly_positive,strongly_positive
10-02-2025,5,43,0.61165,2,8,0.5,strongly_positive,strongly_positive
10-02-2025,13,299,0.53677,6,25,0.55683,strongly_positive,strongly_positive
09-02-2025,0,0,0.5,0,0,0.5,weakly_positive,weakly_positive
09-02-2025,15,104,0.65228,7,8,0.58429,weakly_positive,weakly_positive
09-02-2025,3,8,0.58348,2,5,0.5565,weakly_positive,weakly_positive
09-02-2025,4,3,0.72338,3,2,0.60333,weakly_positive,weakly_positive
09-02-2025,16,314,0.611,5,15,0.6248,weakly_positive,weakly_positive
09-02-2025,11,234,0.54134,4,18,0.55875,weakly_positive,weakly_positive
09-02-2025,11,62,0.71648,4,5,0.5965,weakly_positive,weakly_positive
09-02-2025,14,100,0.60415,7,9,0.54229,weakly_positive,weakly_positive
09-02-2025,12,39,0.50443,7,5,0.51243,weakly_positive,weakly_positive
09-02-2025,10,30,0.50161,6,5,0.48417,weakly_positive,weakly_positive
09-02-2025,7,3,0.53019,7,16,0.53429,weakly_positive,weakly_positive
09-02-2025,10,112,0.44269,3,8,0.45,weakly_positive,weakly_positive
09-02-2025,3,40,0.58061,1,10,0.601,weakly_positive,weakly_positive
09-02-2025,7,39,0.52023,3,6,0.53867,weakly_positive,weakly_positive
09-02-2025,13,146,0.62108,6,13,0.566,weakly_positive,weakly_positive
09-02-2025,4,14,0.53446,3,7,0.51667,weakly_positive,weakly_positive
09-02-2025,0,0,0.0,0,0,0.0,weakly_positive,weakly_positive
09-02-2025,1,0,0.55865,1,0,0.567,weakly_positive,weakly_positive
09-02-2025,0,0,0.0,0,0,0.0,weakly_positive,weakly_positive
09-02-2025,4,12,0.48601,2,4,0.5,weakly_positive,weakly_positive
09-02-2025,5,29,0.50633,3,10,0.48433,weakly_positive,weakly_positive
09-02-2025,1,2,0.56465,1,7,0.5,weakly_positive,weakly_positive
09-02-2025,7,29,0.4896,2,3,0.5,weakly_positive,weakly_positive
09-02-2025,6,8,0.48405,2,1,0.5,weakly_positive,weakly_positive
09-02-2025,5,0,0.48711,2,0,0.4875,weakly_positive,weakly_positive
08-02-2025,2,0,0.68597,1,0,0.618,weakly_positive,weakly_positive
08-02-2025,6,43,0.44934,3,9,0.464,weakly_positive,weakly_positive
08-02-2025,5,4,0.52723,4,2,0.54675,weakly_positive,weakly_positive
08-02-2025,7,44,0.52748,6,29,0.5325,weakly_positive,weakly_positive
08-02-2025,12,30,0.58756,4,2,0.56225,weakly_positive,weakly_positive
08-02-2025,11,207,0.63536,4,17,0.5325,weakly_positive,weakly_positive
08-02-2025,8,102,0.41602,3,12,0.41967,weakly_positive,weakly_positive
08-02-2025,5,18,0.45174,3,5,0.46667,weakly_positive,weakly_positive
08-02-2025,6,48,0.53878,4,14,0.52225,weakly_positive,weakly_positive
08-02-2025,9,46,0.55356,6,10,0.573,weakly_positive,weakly_positive
08-02-2025,20,324,0.58644,6,12,0.59467,weakly_positive,weakly_positive
08-02-2025,19,74,0.53827,6,3,0.52117,weakly_positive,weakly_positive
08-02-2025,17,418,0.61218,6,21,0.52217,weakly_positive,weakly_positive
08-02-2025,10,17,0.5603,5,2,0.5134,weakly_positive,weakly_positive
08-02-2025,8,32,0.56361,4,5,0.58375,weakly_positive,weakly_positive
08-02-2025,9,45,0.57665,7,12,0.59671,weakly_positive,weakly_positive
08-02-2025,2,2,0.68309,2,3,0.625,weakly_positive,weakly_positive
08-02-2025,0,0,0.0,0,0,0.0,weakly_positive,weakly_positive
08-02-2025,8,53,0.58484,3,6,0.5,weakly_positive,weakly_positive
08-02-2025,3,20,0.56258,1,6,0.572,weakly_positive,weakly_positive
08-02-2025,4,22,0.53798,2,6,0.5,weakly_positive,weakly_positive
08-02-2025,2,0,0.16605,1,0,0.162,weakly_positive,weakly_positive
08-02-2025,3,43,0.58509,2,31,0.505,weakly_positive,weakly_positive
08-02-2025,3,7,0.48587,3,9,0.5,weakly_positive,weakly_positive
07-02-2025,9,58,0.43396,3,5,0.45,strongly_positive,strongly_positive
07-02-2025,16,18,0.50875,6,1,0.502,strongly_positive,strongly_positive
07-02-2025,3,44,0.48567,1,13,0.5,strongly_positive,strongly_positive
07-02-2025,22,263,0.49894,12,16,0.4995,strongly_positive,strongly_positive
07-02-2025,19,231,0.47877,12,20,0.49692,strongly_positive,strongly_positive
07-02-2025,7,6,0.49542,6,3,0.50583,strongly_positive,strongly_positive
07-02-2025,14,156,0.53296,4,8,0.5,strongly_positive,strongly_positive
07-02-2025,65,1713,0.42385,20,20,0.4399,strongly_positive,strongly_positive
07-02-2025,80,3512,0.47348,33,44,0.48718,strongly_positive,strongly_positive
07-02-2025,11,38,0.37844,5,4,0.3886,strongly_positive,strongly_positive
07-02-2025,125,7667,0.6544,62,75,0.53215,strongly_positive,strongly_positive
07-02-2025,57,1370,0.58872,42,52,0.51779,strongly_positive,strongly_positive
07-02-2025,69,1148,0.50408,54,42,0.51737,strongly_positive,strongly_positive
07-02-2025,104,1459,0.55141,99,86,0.52406,strongly_positive,strongly_positive
07-02-2025,52,2209,0.57647,19,38,0.57484,strongly_positive,strongly_positive
07-02-2025,47,1155,0.58858,18,23,0.60278,strongly_positive,strongly_positive
07-02-2025,11,147,0.86564,6,18,0.70567,strongly_positive,strongly_positive
07-02-2025,5,55,0.50186,3,16,0.5,strongly_positive,strongly_positive
07-02-2025,3,5,0.59474,2,3,0.5315,strongly_positive,strongly_positive
07-02-2025,3,0,0.50946,1,0,0.485,strongly_positive,strongly_positive
07-02-2025,10,135,0.55866,3,10,0.57967,strongly_positive,strongly_positive
07-02-2025,9,60,0.55506,4,7,0.52775,strongly_positive,strongly_positive
07-02-2025,10,74,0.62773,5,9,0.5212,strongly_positive,strongly_positive
06-02-2025,10,143,0.51783,6,21,0.5365,strongly_positive,strongly_positive
06-02-2025,23,681,0.5918,8,25,0.51313,strongly_positive,strongly_positive
06-02-2025,31,914,0.49438,12,28,0.50817,strongly_positive,strongly_positive
06-02-2025,32,802,0.54009,13,25,0.50762,strongly_positive,strongly_positive
06-02-2025,15,101,0.57088,9,10,0.56478,strongly_positive,strongly_positive
06-02-2025,28,309,0.5852,19,21,0.51668,strongly_positive,strongly_positive
06-02-2025,19,58,0.65024,18,25,0.52156,strongly_positive,strongly_positive
06-02-2025,93,5296,0.53804,29,44,0.55845,strongly_positive,strongly_positive
06-02-2025,80,4782,0.57552,26,48,0.50731,strongly_positive,strongly_positive
06-02-2025,59,2132,0.59469,26,39,0.55992,strongly_positive,strongly_positive
06-02-2025,59,1926,0.64183,30,41,0.52553,strongly_positive,strongly_positive
06-02-2025,93,4636,0.5455,50,67,0.54462,strongly_positive,strongly_positive
06-02-2025,80,1841,0.50345,65,63,0.5176,strongly_positive,strongly_positive
06-02-2025,98,2324,0.65933,85,83,0.53886,strongly_positive,strongly_positive
06-02-2025,54,2288,0.53795,16,31,0.55806,strongly_positive,strongly_positive
06-02-2025,23,532,0.51648,9,22,0.52789,strongly_positive,strongly_positive
06-02-2025,24,360,0.61901,10,15,0.5903,strongly_positive,strongly_positive
06-02-2025,15,340,0.5855,9,34,0.58522,strongly_positive,strongly_positive
06-02-2025,16,372,0.51278,10,38,0.5244,strongly_positive,strongly_positive
06-02-2025,8,146,0.48428,6,40,0.49983,strongly_positive,strongly_positive
06-02-2025,10,26,0.55983,3,2,0.58067,strongly_positive,strongly_positive
06-02-2025,21,132,0.56923,7,5,0.51086,strongly_positive,strongly_positive
06-02-2025,16,252,0.54268,6,14,0.55133,strongly_positive,strongly_positive
06-02-2025,19,283,0.55977,9,17,0.58067,strongly_positive,strongly_positive
05-02-2025,7,42,0.53343,4,8,0.5375,strongly_positive,strongly_positive
05-02-2025,5,30,0.57863,3,10,0.528,strongly_positive,strongly_positive
05-02-2025,9,45,0.66533,8,18,0.55513,strongly_positive,strongly_positive
05-02-2025,27,259,0.59418,8,7,0.61525,strongly_positive,strongly_positive
05-02-2025,16,405,0.55709,5,19,0.5076,strongly_positive,strongly_positive
05-02-2025,13,69,0.52612,8,9,0.54013,strongly_positive,strongly_positive
05-02-2025,13,85,0.54588,10,15,0.5618,strongly_positive,strongly_positive
05-02-2025,114,12770,0.51689,34,83,0.51268,strongly_positive,strongly_positive
05-02-2025,75,2846,0.64644,25,31,0.57324,strongly_positive,strongly_positive
05-02-2025,86,2323,0.46803,30,23,0.48147,strongly_positive,strongly_positive
05-02-2025,61,2606,0.52278,29,50,0.54259,strongly_positive,strongly_positive
05-02-2025,67,1353,0.54466,37,28,0.54549,strongly_positive,strongly_positive
05-02-2025,113,5663,0.53306,66,75,0.54441,strongly_positive,strongly_positive
05-02-2025,89,1114,0.67125,80,51,0.55237,strongly_positive,strongly_positive
05-02-2025,14,34,0.52784,14,21,0.52821,strongly_positive,strongly_positive
05-02-2025,26,644,0.62046,8,19,0.55888,strongly_positive,strongly_positive
05-02-2025,7,35,0.56545,3,5,0.54167,strongly_positive,strongly_positive
05-02-2025,9,84,0.53614,4,10,0.556,strongly_positive,strongly_positive
05-02-2025,8,19,0.58108,5,4,0.593,strongly_positive,strongly_positive
05-02-2025,7,52,0.48997,5,14,0.4688,strongly_positive,strongly_positive
05-02-2025,1,0,0.59671,1,0,0.5,strongly_positive,strongly_positive
05-02-2025,18,400,0.55951,6,18,0.505,strongly_positive,strongly_positive
05-02-2025,11,262,0.56533,4,20,0.584,strongly_positive,strongly_positive
05-02-2025,8,0,0.5496,3,0,0.53267,strongly_positive,strongly_positive
04-02-2025,12,164,0.57183,6,17,0.51533,strongly_positive,strongly_positive
04-02-2025,17,305,0.53633,10,27,0.5439,strongly_positive,strongly_positive
04-02-2025,6,15,0.51138,4,5,0.52975,strongly_positive,strongly_positive
04-02-2025,9,25,0.51458,9,28,0.51956,strongly_positive,strongly_positive
04-02-2025,25,487,0.60526,8,15,0.5545,strongly_positive,strongly_positive
04-02-2025,12,76,0.57786,4,5,0.5985,strongly_positive,strongly_positive
04-02-2025,47,1689,0.51622,21,39,0.53419,strongly_positive,strongly_positive
04-02-2025,43,1020,0.56409,22,30,0.57386,strongly_positive,strongly_positive
04-02-2025,69,1856,0.51542,22,21,0.52845,strongly_positive,strongly_positive
04-02-2025,73,4378,0.53204,26,52,0.54815,strongly_positive,strongly_positive
04-02-2025,51,3100,0.64021,19,55,0.52816,strongly_positive,strongly_positive
04-02-2025,62,2033,0.56143,32,42,0.5,strongly_positive,strongly_positive
04-02-2025,0,0,0.5,0,0,0.5,strongly_positive,strongly_positive
04-02-2025,67,1426,0.51172,40,33,0.52148,strongly_positive,strongly_positive
04-02-2025,77,2133,0.58445,49,47,0.5608,strongly_positive,strongly_positive
04-02-2025,70,4116,0.49604,20,42,0.4979,strongly_positive,strongly_positive
04-02-2025,50,1420,0.54965,15,21,0.56047,strongly_positive,strongly_positive
04-02-2025,15,149,0.3645,5,8,0.3768,strongly_positive,strongly_positive
04-02-2025,4,4,0.48241,2,1,0.5,strongly_positive,strongly_positive
04-02-2025,6,21,0.59335,3,4,0.53667,strongly_positive,strongly_positive
04-02-2025,17,222,0.60316,12,26,0.57967,strongly_positive,strongly_positive
04-02-2025,7,28,0.58015,5,9,0.6014,strongly_positive,strongly_positive
04-02-2025,1,3,0.56059,1,11,0.567,strongly_positive,strongly_positive
04-02-2025,3,4,0.48349,1,1,0.5,strongly_positive,strongly_positive
04-02-2025,21,698,0.70059,8,30,0.58988,strongly_positive,strongly_positive
03-02-2025,7,62,0.46866,3,9,0.48467,strongly_positive,strongly_positive
03-02-2025,7,25,0.53272,4,5,0.55075,strongly_positive,strongly_positive
03-02-2025,6,28,0.62826,4,8,0.61075,strongly_positive,strongly_positive
03-02-2025,8,10,0.67598,6,3,0.58017,strongly_positive,strongly_positive
03-02-2025,30,488,0.49649,9,12,0.50256,strongly_positive,strongly_positive
03-02-2025,42,2207,0.57829,14,43,0.59936,strongly_positive,strongly_positive
03-02-2025,43,1411,0.59796,15,28,0.51233,strongly_positive,strongly_positive
03-02-2025,54,1513,0.60686,26,33,0.55815,strongly_positive,strongly_positive
03-02-2025,96,3229,0.50847,53,47,0.51042,strongly_positive,strongly_positive
03-02-2025,45,805,0.50972,34,41,0.52709,strongly_positive,strongly_positive
03-02-2025,29,109,0.55529,26,16,0.56585,strongly_positive,strongly_positive
03-02-2025,40,192,0.54731,39,53,0.54985,strongly_positive,strongly_positive
03-02-2025,75,2012,0.51619,42,38,0.53236,strongly_positive,strongly_positive
03-02-2025,119,2957,0.5738,78,44,0.553,strongly_positive,strongly_positive
03-02-2025,21,340,0.48536,15,32,0.50293,strongly_positive,strongly_positive
03-02-2025,66,3597,0.52891,20,41,0.5381,strongly_positive,strongly_positive
03-02-2025,25,354,0.55629,8,11,0.5355,strongly_positive,strongly_positive
03-02-2025,14,82,0.67225,5,5,0.5684,strongly_positive,strongly_positive
03-02-2025,6,10,0.58968,3,2,0.53633,strongly_positive,strongly_positive
03-02-2025,4,16,0.57998,2,5,0.6,strongly_positive,strongly_positive
03-02-2025,1,1,0.48265,1,2,0.5,strongly_positive,strongly_positive
03-02-2025,1,1,0.55056,1,3,0.5,strongly_positive,strongly_positive
03-02-2025,35,1230,0.53855,10,25,0.5442,strongly_positive,strongly_positive
03-02-2025,47,1371,0.64628,18,27,0.54772,strongly_positive,strongly_positive
02-02-2025,43,1995,0.52029,17,45,0.52724,strongly_positive,strongly_positive
02-02-2025,35,916,0.54341,16,29,0.5015,strongly_positive,strongly_positive
02-02-2025,23,358,0.6426,14,24,0.54364,strongly_positive,strongly_positive
02-02-2025,17,153,0.58369,12,18,0.60317,strongly_positive,strongly_positive
02-02-2025,18,276,0.50624,15,47,0.5166,strongly_positive,strongly_positive
02-02-2025,38,1167,0.51179,12,24,0.499,strongly_positive,strongly_positive
02-02-2025,17,118,0.66049,6,6,0.5695,strongly_positive,strongly_positive
02-02-2025,48,1373,0.53858,18,26,0.54928,strongly_positive,strongly_positive
02-02-2025,10,0,0.48086,5,0,0.4986,strongly_positive,strongly_positive
02-02-2025,8,31,0.50276,5,6,0.4958,strongly_positive,strongly_positive
02-02-2025,8,3,0.53504,7,1,0.494,strongly_positive,strongly_positive
02-02-2025,17,409,0.62479,5,17,0.6258,strongly_positive,strongly_positive
02-02-2025,17,139,0.48601,5,6,0.4788,strongly_positive,strongly_positive
02-02-2025,10,166,0.47053,4,16,0.48025,strongly_positive,strongly_positive
02-02-2025,9,49,0.52005,4,6,0.4875,strongly_positive,strongly_positive
02-02-2025,2,0,0.48177,1,0,0.5,strongly_positive,strongly_positive
02-02-2025,6,16,0.45305,2,2,0.438,strongly_positive,strongly_positive
02-02-2025,3,8,0.48279,1,2,0.5,strongly_positive,strongly_positive
02-02-2025,5,173,0.65567,2,31,0.6655,strongly_positive,strongly_positive
02-02-2025,11,217,0.57914,6,26,0.59967,strongly_positive,strongly_positive
02-02-2025,5,21,0.47752,3,6,0.40567,strongly_positive,strongly_positive
02-02-2025,4,0,0.55228,3,0,0.50433,strongly_positive,strongly_positive
02-02-2025,1,0,0.3381,1,0,0.35,strongly_positive,strongly_positive
02-02-2025,7,39,0.51152,2,4,0.5,strongly_positive,strongly_positive
01-02-2025,20,324,0.51422,8,16,0.52238,weakly_positive,weakly_positive
01-02-2025,2,4,0.4958,1,2,0.5,weakly_positive,weakly_positive
01-02-2025,2,0,0.59968,1,0,0.622,weakly_positive,weakly_positive
01-02-2025,8,50,0.55102,5,11,0.5594,weakly_positive,weakly_positive
01-02-2025,0,0,0.5,0,0,0.5,weakly_positive,weakly_positive
01-02-2025,5,12,0.53001,4,6,0.491,weakly_positive,weakly_positive
01-02-2025,6,7,0.62716,6,6,0.50217,weakly_positive,weakly_positive
01-02-2025,12,59,0.49904,4,4,0.51525,weakly_positive,weakly_positive
01-02-2025,5,17,0.39676,2,3,0.4055,weakly_positive,weakly_positive
01-02-2025,10,21,0.60622,4,2,0.6065,weakly_positive,weakly_positive
01-02-2025,4,6,0.58994,2,2,0.511,weakly_positive,weakly_positive
01-02-2025,9,50,0.49409,6,10,0.508,weakly_positive,weakly_positive
01-02-2025,2,0,0.61075,2,1,0.6335,weakly_positive,weakly_positive
01-02-2025,0,0,0.0,0,0,0.0,weakly_positive,weakly_positive
01-02-2025,13,17,0.57432,4,1,0.59075,weakly_positive,weakly_positive
01-02-2025,12,162,0.68323,5,14,0.5474,weakly_positive,weakly_positive
01-02-2025,4,3,0.57807,2,1,0.6,weakly_positive,weakly_positive
01-02-2025,2,2,0.56778,1,1,0.5,weakly_positive,weakly_positive
01-02-2025,0,0,0.0,0,0,0.0,weakly_positive,weakly_positive
01-02-2025,1,1,0.48173,1,4,0.5,weakly_positive,weakly_positive
01-02-2025,21,503,0.58275,6,17,0.5815,weakly_positive,weakly_positive
01-02-2025,2,8,0.58478,1,6,0.5,weakly_positive,weakly_positive
01-02-2025,2,0,0.49175,1,0,0.5,weakly_positive,weakly_positive
01-02-2025,6,8,0.5682,6,9,0.58867,weakly_positive,weakly_positive
01-02-2025,17,191,0.51901,5,8,0.443,weakly_positive,weakly_positive
31-01-2025,9,70,0.51696,3,6,0.53333,strongly_positive,strongly_positive
31-01-2025,7,7,0.48627,3,1,0.489,strongly_positive,strongly_positive
31-01-2025,20,338,0.6496,9,19,0.63678,strongly_positive,strongly_positive
31-01-2025,4,9,0.61116,2,3,0.5315,strongly_positive,strongly_positive
31-01-2025,7,30,0.52445,5,9,0.5278,strongly_positive,strongly_positive
31-01-2025,10,78,0.52851,9,26,0.54833,strongly_positive,strongly_positive
31-01-2025,38,734,0.59628,11,14,0.59091,strongly_positive,strongly_positive
31-01-2025,69,3520,0.55571,25,45,0.51676,strongly_positive,strongly_positive
31-01-2025,61,1351,0.63254,25,22,0.50908,strongly_positive,strongly_positive
31-01-2025,77,1620,0.49685,33,22,0.49191,strongly_positive,strongly_positive
31-01-2025,33,226,0.51532,20,11,0.52745,strongly_positive,strongly_positive
31-01-2025,51,313,0.54428,37,13,0.51365,strongly_positive,strongly_positive
31-01-2025,123,1863,0.6536,36,11,0.56872,strongly_positive,strongly_positive
31-01-2025,237,13320,0.55557,77,45,0.57052,strongly_positive,strongly_positive
31-01-2025,47,2322,0.56472,16,41,0.53225,strongly_positive,strongly_positive
31-01-2025,24,446,0.55767,11,21,0.55282,strongly_positive,strongly_positive
31-01-2025,13,98,0.55713,7,10,0.49357,strongly_positive,strongly_positive
31-01-2025,14,137,0.56905,8,14,0.58525,strongly_positive,strongly_positive
31-01-2025,2,3,0.38539,2,6,0.4,strongly_positive,strongly_positive
31-01-2025,2,2,0.5653,2,6,0.5,strongly_positive,strongly_positive
31-01-2025,7,77,0.53247,2,8,0.544,strongly_positive,strongly_positive
31-01-2025,5,98,0.68431,2,19,0.5625,strongly_positive,strongly_positive
31-01-2025,2,8,0.66388,1,4,0.664,strongly_positive,strongly_positive
31-01-2025,17,376,0.61117,5,16,0.525,strongly_positive,strongly_positive
30-01-2025,19,151,0.5711,6,6,0.58167,strongly_positive,strongly_positive
30-01-2025,12,101,0.60588,4,7,0.56525,strongly_positive,strongly_positive
30-01-2025,15,260,0.55808,7,20,0.54914,strongly_positive,strongly_positive
30-01-2025,16,222,0.48295,8,17,0.49775,strongly_positive,strongly_positive
30-01-2025,19,155,0.50449,11,12,0.517,strongly_positive,strongly_positive
30-01-2025,22,188,0.5576,17,22,0.54812,strongly_positive,strongly_positive
30-01-2025,26,128,0.59109,25,33,0.51636,strongly_positive,strongly_positive
30-01-2025,93,2907,0.51872,29,24,0.53207,strongly_positive,strongly_positive
30-01-2025,78,4724,0.52072,30,57,0.54037,strongly_positive,strongly_positive
30-01-2025,75,2874,0.53747,33,41,0.53397,strongly_positive,strongly_positive
30-01-2025,87,4846,0.55189,40,63,0.56637,strongly_positive,strongly_positive
30-01-2025,101,6345,0.63282,68,116,0.51191,strongly_positive,strongly_positive
30-01-2025,189,6991,0.54467,151,98,0.56527,strongly_positive,strongly_positive
30-01-2025,533,76450,0.50761,165,110,0.52028,strongly_positive,strongly_positive
30-01-2025,257,35438,0.5727,89,117,0.54237,strongly_positive,strongly_positive
30-01-2025,141,13068,0.52895,51,82,0.54898,strongly_positive,strongly_positive
30-01-2025,98,5157,0.51856,49,65,0.53182,strongly_positive,strongly_positive
30-01-2025,31,1654,0.54523,18,79,0.56161,strongly_positive,strongly_positive
30-01-2025,16,427,0.65188,10,43,0.5372,strongly_positive,strongly_positive
30-01-2025,15,91,0.58982,14,44,0.52479,strongly_positive,strongly_positive
30-01-2025,0,0,0.5,0,0,0.5,strongly_positive,strongly_positive
30-01-2025,38,0,0.54724,11,0,0.56345,strongly_positive,strongly_positive
30-01-2025,52,3972,0.5544,17,61,0.53159,strongly_positive,strongly_positive
30-01-2025,25,467,0.58962,11,20,0.59155,strongly_positive,strongly_positive
30-01-2025,47,1533,0.53777,22,37,0.54855,strongly_positive,strongly_positive
29-01-2025,46,1137,0.61562,31,46,0.50855,strongly_positive,strongly_positive
29-01-2025,79,3240,0.51434,57,86,0.5156,strongly_positive,strongly_positive
29-01-2025,50,1322,0.59487,43,90,0.53756,strongly_positive,strongly_positive
29-01-2025,145,11354,0.51744,74,99,0.53251,strongly_positive,strongly_positive
29-01-2025,176,20943,0.56805,95,161,0.53191,strongly_positive,strongly_positive
29-01-2025,237,16942,0.64955,149,119,0.52779,strongly_positive,strongly_positive
29-01-2025,275,13663,0.5194,241,179,0.53475,strongly_positive,strongly_positive
29-01-2025,746,195016,0.52001,221,193,0.53362,strongly_positive,strongly_positive
29-01-2025,284,42590,0.56494,94,122,0.53664,strongly_positive,strongly_positive
29-01-2025,150,15006,0.59634,62,101,0.52327,strongly_positive,strongly_positive
29-01-2025,121,7719,0.50857,57,74,0.52096,strongly_positive,strongly_positive
29-01-2025,60,1704,0.54823,30,35,0.5201,strongly_positive,strongly_positive
29-01-2025,56,1373,0.54584,41,54,0.54361,strongly_positive,strongly_positive
29-01-2025,72,734,0.59516,64,39,0.53153,strongly_positive,strongly_positive
29-01-2025,112,6368,0.65437,37,46,0.53203,strongly_positive,strongly_positive
29-01-2025,68,4154,0.52912,25,55,0.54904,strongly_positive,strongly_positive
29-01-2025,52,2319,0.67272,20,42,0.59985,strongly_positive,strongly_positive
29-01-2025,15,232,0.53378,8,21,0.50725,strongly_positive,strongly_positive
29-01-2025,10,66,0.67618,6,11,0.561,strongly_positive,strongly_positive
29-01-2025,12,97,0.49844,8,15,0.50063,strongly_positive,strongly_positive
29-01-2025,30,1311,0.56423,9,32,0.58178,strongly_positive,strongly_positive
29-01-2025,26,377,0.66457,8,11,0.55037,strongly_positive,strongly_positive
29-01-2025,26,278,0.48505,9,9,0.50267,strongly_positive,strongly_positive
29-01-2025,21,145,0.59248,10,8,0.603,strongly_positive,strongly_positive
28-01-2025,14,57,0.54607,7,5,0.52529,strongly_positive,strongly_positive
28-01-2025,18,162,0.53784,13,20,0.54077,strongly_positive,strongly_positive
28-01-2025,25,534,0.48729,20,56,0.49625,strongly_positive,strongly_positive
28-01-2025,16,53,0.51923,15,25,0.53707,strongly_positive,strongly_positive
28-01-2025,67,2745,0.50761,25,37,0.52592,strongly_positive,strongly_positive
28-01-2025,49,2334,0.59531,19,45,0.54016,strongly_positive,strongly_positive
28-01-2025,34,855,0.53482,15,27,0.54067,strongly_positive,strongly_positive
28-01-2025,3,1,0.61646,3,2,0.57933,strongly_positive,strongly_positive
28-01-2025,13,154,0.61471,4,9,0.502,strongly_positive,strongly_positive
28-01-2025,60,1883,0.49619,21,27,0.51476,strongly_positive,strongly_positive
28-01-2025,40,810,0.50519,18,22,0.51906,strongly_positive,strongly_positive
28-01-2025,6,5,0.56586,3,1,0.53933,strongly_positive,strongly_positive
28-01-2025,37,901,0.5303,20,33,0.5502,strongly_positive,strongly_positive
28-01-2025,15,69,0.57468,12,13,0.58783,strongly_positive,strongly_positive
28-01-2025,20,10,0.49827,20,16,0.5142,strongly_positive,strongly_positive
28-01-2025,11,65,0.30327,4,5,0.30275,strongly_positive,strongly_positive
28-01-2025,30,219,0.63954,12,7,0.57358,strongly_positive,strongly_positive
28-01-2025,5,61,0.56126,2,12,0.579,strongly_positive,strongly_positive
28-01-2025,5,20,0.46591,3,6,0.48333,strongly_positive,strongly_positive
28-01-2025,4,59,0.4507,3,29,0.454,strongly_positive,strongly_positive
28-01-2025,1,0,0.4917,1,1,0.5,strongly_positive,strongly_positive
28-01-2025,6,113,0.56373,2,14,0.47,strongly_positive,strongly_positive
28-01-2025,3,8,0.65969,1,2,0.664,strongly_positive,strongly_positive
28-01-2025,11,173,0.57655,4,14,0.525,strongly_positive,strongly_positive
27-01-2025,2,3,0.39643,1,2,0.383,strongly_positive,strongly_positive
27-01-2025,9,46,0.59375,5,7,0.615,strongly_positive,strongly_positive
27-01-2025,12,134,0.4746,10,32,0.4822,strongly_positive,strongly_positive
27-01-2025,3,2,0.60656,3,3,0.58533,strongly_positive,strongly_positive
27-01-2025,40,1468,0.6695,12,27,0.56817,strongly_positive,strongly_positive
27-01-2025,3,3,0.54802,1,1,0.5,strongly_positive,strongly_positive
27-01-2025,5,66,0.48161,2,13,0.4985,strongly_positive,strongly_positive
27-01-2025,42,973,0.58636,20,27,0.5728,strongly_positive,strongly_positive
27-01-2025,0,0,0.5,0,0,0.5,strongly_positive,strongly_positive
27-01-2025,11,0,0.54883,7,0,0.5,strongly_positive,strongly_positive
27-01-2025,4,2,0.49987,3,1,0.50433,strongly_positive,strongly_positive
27-01-2025,22,66,0.50143,20,12,0.52005,strongly_positive,strongly_positive
27-01-2025,53,635,0.5277,18,10,0.54567,strongly_positive,strongly_positive
27-01-2025,52,1058,0.53304,20,19,0.5432,strongly_positive,strongly_positive
27-01-2025,47,480,0.56587,19,10,0.56847,strongly_positive,strongly_positive
27-01-2025,2,39,0.58218,1,28,0.5,strongly_positive,strongly_positive
27-01-2025,30,725,0.50791,20,44,0.5233,strongly_positive,strongly_positive
27-01-2025,21,181,0.50988,20,47,0.5285,strongly_positive,strongly_positive
27-01-2025,10,621,0.53225,3,46,0.52367,strongly_positive,strongly_positive
27-01-2025,31,789,0.49268,10,20,0.5078,strongly_positive,strongly_positive
27-01-2025,28,1010,0.49667,12,38,0.49842,strongly_positive,strongly_positive
27-01-2025,6,20,0.4818,3,4,0.5,strongly_positive,strongly_positive
27-01-2025,11,338,0.61235,6,40,0.53483,strongly_positive,strongly_positive
27-01-2025,4,31,0.46906,3,20,0.43833,strongly_positive,strongly_positive
27-01-2025,2,2,0.60903,2,4,0.632,strongly_positive,strongly_positive
26-01-2025,3,143,0.47011,1,31,0.467,strongly_positive,strongly_positive
26-01-2025,16,86,0.58627,6,5,0.60117,strongly_positive,strongly_positive
26-01-2025,15,353,0.67326,6,23,0.5445,strongly_positive,strongly_positive
26-01-2025,11,38,0.59426,6,5,0.52017,strongly_positive,strongly_positive
26-01-2025,5,22,0.55712,3,7,0.571,strongly_positive,strongly_positive
26-01-2025,3,6,0.59035,2,4,0.559,strongly_positive,strongly_positive
26-01-2025,23,609,0.54179,7,20,0.53886,strongly_positive,strongly_positive
26-01-2025,53,2546,0.51922,17,38,0.53253,strongly_positive,strongly_positive
26-01-2025,25,457,0.50389,9,16,0.519,strongly_positive,strongly_positive
26-01-2025,31,527,0.54666,14,19,0.54321,strongly_positive,strongly_positive
26-01-2025,29,553,0.57458,15,25,0.51113,strongly_positive,strongly_positive
26-01-2025,18,157,0.55044,11,14,0.56118,strongly_positive,strongly_positive
26-01-2025,8,77,0.60953,7,31,0.63257,strongly_positive,strongly_positive
26-01-2025,21,880,0.51619,6,30,0.51783,strongly_positive,strongly_positive
26-01-2025,10,0,0.64274,3,0,0.65567,strongly_positive,strongly_positive
26-01-2025,10,104,0.51354,6,17,0.52417,strongly_positive,strongly_positive
26-01-2025,8,66,0.58152,6,18,0.54517,strongly_positive,strongly_positive
26-01-2025,10,71,0.59689,3,5,0.515,strongly_positive,strongly_positive
26-01-2025,0,0,0.0,0,0,0.0,strongly_positive,strongly_positive
26-01-2025,9,66,0.45608,3,6,0.427,strongly_positive,strongly_positive
26-01-2025,6,37,0.49804,3,7,0.49133,strongly_positive,strongly_positive
26-01-2025,4,6,0.59574,2,2,0.5235,strongly_positive,strongly_positive
26-01-2025,4,19,0.50336,2,7,0.5165,strongly_positive,strongly_positive
26-01-2025,6,34,0.43665,5,20,0.4532,strongly_positive,strongly_positive
25-01-2025,4,8,0.5155,4,11,0.45225,weakly_positive,weakly_positive
25-01-2025,13,52,0.5181,4,3,0.53075,weakly_positive,weakly_positive
25-01-2025,19,418,0.6551,8,22,0.5335,weakly_positive,weakly_positive
25-01-2025,2,2,0.5021,1,1,0.5,weakly_positive,weakly_positive
25-01-2025,5,18,0.50872,3,6,0.52233,weakly_positive,weakly_positive
25-01-2025,3,18,0.57205,2,11,0.465,weakly_positive,weakly_positive
25-01-2025,3,2,0.46837,2,2,0.486,weakly_positive,weakly_positive
25-01-2025,12,46,0.49135,4,3,0.503,weakly_positive,weakly_positive
25-01-2025,6,15,0.52623,2,2,0.5,weakly_positive,weakly_positive
25-01-2025,18,289,0.65238,7,15,0.54114,weakly_positive,weakly_positive
25-01-2025,20,312,0.47977,10,19,0.4914,weakly_positive,weakly_positive
25-01-2025,18,136,0.54168,10,11,0.5585,weakly_positive,weakly_positive
25-01-2025,6,10,0.51742,4,3,0.49825,weakly_positive,weakly_positive
25-01-2025,6,10,0.54288,6,10,0.485,weakly_positive,weakly_positive
25-01-2025,10,148,0.48993,3,11,0.49867,weakly_positive,weakly_positive
25-01-2025,9,93,0.49836,3,8,0.47933,weakly_positive,weakly_positive
25-01-2025,7,60,0.559,3,9,0.562,weakly_positive,weakly_positive
25-01-2025,0,0,0.0,0,0,0.0,weakly_positive,weakly_positive
25-01-2025,0,0,0.0,0,0,0.0,weakly_positive,weakly_positive
25-01-2025,6,131,0.69085,2,18,0.65,weakly_positive,weakly_positive
25-01-2025,5,93,0.37141,2,16,0.3855,weakly_positive,weakly_positive
25-01-2025,2,0,0.48639,1,0,0.5,weakly_positive,weakly_positive
25-01-2025,12,216,0.53286,7,27,0.54771,weakly_positive,weakly_positive
25-01-2025,6,15,0.63015,4,4,0.5145,weakly_positive,weakly_positive
24-01-2025,4,5,0.61154,4,12,0.53975,strongly_positive,strongly_positive
24-01-2025,0,0,0.5,0,0,0.5,strongly_positive,strongly_positive
24-01-2025,0,0,0.5,0,0,0.5,strongly_positive,strongly_positive
24-01-2025,6,8,0.5509,2,1,0.525,strongly_positive,strongly_positive
24-01-2025,14,52,0.64377,6,4,0.64317,strongly_positive,strongly_positive
24-01-2025,15,329,0.50498,7,25,0.51657,strongly_positive,strongly_positive
24-01-2025,16,101,0.64265,11,12,0.526,strongly_positive,strongly_positive
24-01-2025,16,134,0.56268,12,18,0.56167,strongly_positive,strongly_positive
24-01-2025,31,191,0.59634,27,22,0.53474,strongly_positive,strongly_positive
24-01-2025,117,4103,0.58633,41,30,0.55968,strongly_positive,strongly_positive
24-01-2025,156,9252,0.52533,57,53,0.54498,strongly_positive,strongly_positive
24-01-2025,239,18727,0.54139,99,79,0.5453,strongly_positive,strongly_positive
24-01-2025,110,2709,0.55208,59,33,0.52634,strongly_positive,strongly_positive
24-01-2025,74,2296,0.63341,46,51,0.52798,strongly_positive,strongly_positive
24-01-2025,117,3684,0.55366,86,69,0.57336,strongly_positive,strongly_positive
24-01-2025,336,26542,0.51318,99,58,0.52962,strongly_positive,strongly_positive
24-01-2025,52,2452,0.54714,17,38,0.52853,strongly_positive,strongly_positive
24-01-2025,9,11,0.48272,3,1,0.5,strongly_positive,strongly_positive
24-01-2025,13,114,0.46716,6,10,0.47467,strongly_positive,strongly_positive
24-01-2025,6,22,0.57666,3,5,0.597,strongly_positive,strongly_positive
24-01-2025,3,5,0.65014,2,4,0.655,strongly_positive,strongly_positive
24-01-2025,0,0,0.0,0,0,0.0,strongly_positive,strongly_positive
24-01-2025,4,9,0.47293,4,14,0.4895,strongly_positive,strongly_positive
24-01-2025,7,26,0.51949,4,5,0.4905,strongly_positive,strongly_positive
24-01-2025,9,69,0.67917,6,13,0.55833,strongly_positive,strongly_positive
23-01-2025,21,356,0.54644,14,32,0.54657,strongly_positive,strongly_positive
23-01-2025,30,1792,0.45305,9,44,0.46622,strongly_positive,strongly_positive
23-01-2025,48,1500,0.67206,15,24,0.55147,strongly_positive,strongly_positive
23-01-2025,17,40,0.39967,6,2,0.4145,strongly_positive,strongly_positive
23-01-2025,13,67,0.62367,6,6,0.63667,strongly_positive,strongly_positive
23-01-2025,8,155,0.63614,4,24,0.60825,strongly_positive,strongly_positive
23-01-2025,16,154,0.57023,12,22,0.571,strongly_positive,strongly_positive
23-01-2025,42,732,0.55407,34,47,0.56594,strongly_positive,strongly_positive
23-01-2025,19,41,0.55192,19,21,0.57005,strongly_positive,strongly_positive
23-01-2025,83,3922,0.52839,31,43,0.5479,strongly_positive,strongly_positive
23-01-2025,77,3798,0.62416,30,47,0.56203,strongly_positive,strongly_positive
23-01-2025,41,605,0.52156,18,16,0.52911,strongly_positive,strongly_positive
23-01-2025,41,715,0.47996,24,26,0.49775,strongly_positive,strongly_positive
23-01-2025,51,1100,0.5112,35,41,0.51594,strongly_positive,strongly_positive
23-01-2025,27,338,0.55702,22,35,0.50991,strongly_positive,strongly_positive
23-01-2025,45,1812,0.6707,14,31,0.56179,strongly_positive,strongly_positive
23-01-2025,31,1455,0.50094,11,40,0.51845,strongly_positive,strongly_positive
23-01-2025,11,0,0.51965,4,0,0.475,strongly_positive,strongly_positive
23-01-2025,4,0,0.74203,2,0,0.719,strongly_positive,strongly_positive
23-01-2025,3,10,0.65518,2,5,0.5595,strongly_positive,strongly_positive
23-01-2025,6,33,0.53044,5,15,0.538,strongly_positive,strongly_positive
23-01-2025,7,21,0.4569,7,35,0.47329,strongly_positive,strongly_positive
23-01-2025,0,0,0.0,0,0,0.0,strongly_positive,strongly_positive
23-01-2025,15,63,0.616,6,4,0.56417,strongly_positive,strongly_positive
22-01-2025,13,12,0.48866,6,1,0.49167,strongly_positive,strongly_positive
22-01-2025,4,11,0.5181,2,3,0.5075,strongly_positive,strongly_positive
22-01-2025,13,169,0.62033,4,10,0.5125,strongly_positive,strongly_positive
22-01-2025,15,205,0.55461,5,11,0.556,strongly_positive,strongly_positive
22-01-2025,19,211,0.55847,7,10,0.50471,strongly_positive,strongly_positive
22-01-2025,10,55,0.49373,5,7,0.4742,strongly_positive,strongly_positive
22-01-2025,16,174,0.45603,9,15,0.47278,strongly_positive,strongly_positive
22-01-2025,25,254,0.46969,21,30,0.47871,strongly_positive,strongly_positive
22-01-2025,16,36,0.57677,14,9,0.55329,strongly_positive,strongly_positive
22-01-2025,70,1886,0.61337,21,20,0.51595,strongly_positive,strongly_positive
22-01-2025,35,794,0.62085,14,22,0.56221,strongly_positive,strongly_positive
22-01-2025,76,3049,0.55387,32,41,0.57253,strongly_positive,strongly_positive
22-01-2025,56,856,0.58452,27,18,0.56789,strongly_positive,strongly_positive
22-01-2025,44,807,0.63988,28,31,0.57857,strongly_positive,strongly_positive
22-01-2025,20,323,0.49088,15,37,0.49707,strongly_positive,strongly_positive
22-01-2025,10,31,0.54776,9,13,0.56767,strongly_positive,strongly_positive
22-01-2025,9,102,0.59529,3,9,0.602,strongly_positive,strongly_positive
22-01-2025,11,184,0.62594,4,15,0.57525,strongly_positive,strongly_positive
22-01-2025,0,0,0.5,0,0,0.5,strongly_positive,strongly_positive
22-01-2025,5,0,0.48255,2,0,0.5,strongly_positive,strongly_positive
22-01-2025,4,35,0.59223,2,12,0.6125,strongly_positive,strongly_positive
22-01-2025,9,220,0.45647,6,42,0.465,strongly_positive,strongly_positive
22-01-2025,4,25,0.63613,4,26,0.61825,strongly_positive,strongly_positive
22-01-2025,27,841,0.64645,8,23,0.55463,strongly_positive,strongly_positive
22-01-2025,26,949,0.49813,8,28,0.50713,strongly_positive,strongly_positive
21-01-2025,12,106,0.52991,5,9,0.5492,strongly_positive,strongly_positive
21-01-2025,12,122,0.53935,6,12,0.53033,strongly_positive,strongly_positive
21-01-2025,12,153,0.51944,6,16,0.5355,strongly_positive,strongly_positive
21-01-2025,5,9,0.52116,4,4,0.52325,strongly_positive,strongly_positive
21-01-2025,11,48,0.56173,9,12,0.55178,strongly_positive,strongly_positive
21-01-2025,12,30,0.55212,12,33,0.48175,strongly_positive,strongly_positive
21-01-2025,18,367,0.50345,10,29,0.5216,strongly_positive,strongly_positive
21-01-2025,27,350,0.63662,16,20,0.57769,strongly_positive,strongly_positive
21-01-2025,28,221,0.55677,26,38,0.53646,strongly_positive,strongly_positive
21-01-2025,31,526,0.52648,9,12,0.54556,strongly_positive,strongly_positive
21-01-2025,38,1411,0.49327,12,29,0.49967,strongly_positive,strongly_positive
21-01-2025,54,2120,0.51141,23,41,0.52917,strongly_positive,strongly_positive
21-01-2025,53,1635,0.58591,24,34,0.49521,strongly_positive,strongly_positive
21-01-2025,58,1485,0.50794,30,33,0.52497,strongly_positive,strongly_positive
21-01-2025,29,958,0.56938,20,65,0.589,strongly_positive,strongly_positive
21-01-2025,13,161,0.53831,11,37,0.52455,strongly_positive,strongly_positive
21-01-2025,45,2078,0.57935,13,33,0.49908,strongly_positive,strongly_positive
21-01-2025,25,551,0.51441,9,19,0.51989,strongly_positive,strongly_positive
21-01-2025,12,62,0.40509,5,5,0.42,strongly_positive,strongly_positive
21-01-2025,5,20,0.56571,2,4,0.4865,strongly_positive,strongly_positive
21-01-2025,10,200,0.54683,6,31,0.5045,strongly_positive,strongly_positive
21-01-2025,4,6,0.64933,3,3,0.65067,strongly_positive,strongly_positive
21-01-2025,14,360,0.58906,4,18,0.60875,strongly_positive,strongly_positive
21-01-2025,13,168,0.61548,4,10,0.628,strongly_positive,strongly_positive
20-01-2025,12,284,0.50679,4,19,0.50825,strongly_positive,strongly_positive
20-01-2025,11,230,0.57963,5,23,0.4996,strongly_positive,strongly_positive
20-01-2025,19,353,0.50096,10,24,0.5157,strongly_positive,strongly_positive
20-01-2025,29,668,0.58433,16,32,0.54663,strongly_positive,strongly_positive
20-01-2025,8,39,0.54176,7,15,0.53414,strongly_positive,strongly_positive
20-01-2025,11,72,0.57601,10,27,0.5932,strongly_positive,strongly_positive
20-01-2025,23,467,0.55468,7,15,0.569,strongly_positive,strongly_positive
20-01-2025,32,1937,0.52282,13,59,0.54262,strongly_positive,strongly_positive
20-01-2025,17,549,0.65883,7,33,0.57743,strongly_positive,strongly_positive
20-01-2025,45,3306,0.54386,13,53,0.56315,strongly_positive,strongly_positive
20-01-2025,30,1609,0.61158,9,40,0.55722,strongly_positive,strongly_positive
20-01-2025,41,1040,0.52781,14,21,0.5325,strongly_positive,strongly_positive
20-01-2025,20,284,0.63241,9,16,0.538,strongly_positive,strongly_positive
20-01-2025,12,141,0.53538,6,14,0.54333,strongly_positive,strongly_positive
20-01-2025,11,31,0.51078,6,4,0.47283,strongly_positive,strongly_positive
20-01-2025,4,2,0.72616,3,1,0.61667,strongly_positive,strongly_positive
20-01-2025,8,8,0.56746,7,5,0.586,strongly_positive,strongly_positive
20-01-2025,10,95,0.43847,3,7,0.448,strongly_positive,strongly_positive
20-01-2025,3,3,0.4574,1,1,0.447,strongly_positive,strongly_positive
20-01-2025,7,88,0.62321,3,13,0.53933,strongly_positive,strongly_positive
20-01-2025,7,6,0.49716,3,1,0.50767,strongly_positive,strongly_positive
20-01-2025,3,7,0.49268,2,4,0.511,strongly_positive,strongly_positive
20-01-2025,4,14,0.49381,3,9,0.488,strongly_positive,strongly_positive
20-01-2025,3,9,0.49237,1,2,0.456,strongly_positive,strongly_positive
19-01-2025,26,566,0.63554,9,18,0.50867,strongly_positive,strongly_positive
19-01-2025,37,770,0.53278,13,18,0.526,strongly_positive,strongly_positive
19-01-2025,10,17,0.47949,5,2,0.49,strongly_positive,strongly_positive
19-01-2025,4,3,0.16913,2,1,0.159,strongly_positive,strongly_positive
19-01-2025,8,36,0.57577,5,7,0.5976,strongly_positive,strongly_positive
19-01-2025,11,19,0.49706,10,9,0.5111,strongly_positive,strongly_positive
19-01-2025,28,355,0.60578,8,9,0.56875,strongly_positive,strongly_positive
19-01-2025,50,1082,0.66657,16,17,0.54363,strongly_positive,strongly_positive
19-01-2025,0,0,0.5,0,0,0.5,strongly_positive,strongly_positive
19-01-2025,65,0,0.5764,28,0,0.50825,strongly_positive,strongly_positive
19-01-2025,79,2777,0.51062,36,39,0.52447,strongly_positive,strongly_positive
19-01-2025,50,729,0.54412,33,26,0.56476,strongly_positive,strongly_positive
19-01-2025,21,337,0.52375,15,32,0.46107,strongly_positive,strongly_positive
19-01-2025,8,29,0.58006,7,11,0.59357,strongly_positive,strongly_positive
19-01-2025,58,2167,0.46812,29,46,0.47621,strongly_positive,strongly_positive
19-01-2025,38,839,0.51837,20,29,0.5219,strongly_positive,strongly_positive
19-01-2025,18,213,0.4873,11,19,0.50555,strongly_positive,strongly_positive
19-01-2025,4,1,0.5246,3,1,0.53333,strongly_positive,strongly_positive
19-01-2025,27,902,0.49734,8,24,0.46213,strongly_positive,strongly_positive
19-01-2025,15,267,0.61592,5,14,0.4952,strongly_positive,strongly_positive
19-01-2025,5,10,0.54132,2,2,0.5585,strongly_positive,strongly_positive
19-01-2025,11,254,0.44369,5,26,0.454,strongly_positive,strongly_positive
19-01-2025,23,633,0.68867,11,33,0.55264,strongly_positive,strongly_positive
19-01-2025,26,424,0.60928,19,34,0.52968,strongly_positive,strongly_positive
19-01-2025,58,1019,0.46682,50,59,0.4795,strongly_positive,strongly_positive
18-01-2025,114,9452,0.46148,37,66,0.47878,strongly_positive,strongly_positive
18-01-2025,30,204,0.53538,11,6,0.53045,strongly_positive,strongly_positive
18-01-2025,26,311,0.46894,10,11,0.4819,strongly_positive,strongly_positive
18-01-2025,9,89,0.65482,5,13,0.5268,strongly_positive,strongly_positive
18-01-2025,11,41,0.53225,7,6,0.55243,strongly_positive,strongly_positive
18-01-2025,2,0,0.56579,1,0,0.5,strongly_positive,strongly_positive
18-01-2025,7,101,0.53579,2,10,0.5055,strongly_positive,strongly_positive
18-01-2025,13,70,0.56338,4,4,0.58475,strongly_positive,strongly_positive
18-01-2025,24,841,0.53878,8,29,0.53863,strongly_positive,strongly_positive
18-01-2025,13,57,0.47871,6,5,0.4925,strongly_positive,strongly_positive
18-01-2025,10,83,0.69541,5,10,0.57,strongly_positive,strongly_positive
18-01-2025,7,17,0.5639,5,5,0.4994,strongly_positive,strongly_positive
18-01-2025,4,15,0.59869,3,9,0.61567,strongly_positive,strongly_positive
18-01-2025,3,6,0.60005,3,11,0.57333,strongly_positive,strongly_positive
18-01-2025,14,128,0.51496,5,8,0.5154,strongly_positive,strongly_positive
18-01-2025,13,241,0.54357,5,17,0.5554,strongly_positive,strongly_positive
18-01-2025,0,0,0.0,0,0,0.0,strongly_positive,strongly_positive
18-01-2025,2,1,0.64698,2,2,0.65,strongly_positive,strongly_positive
18-01-2025,6,8,0.70927,2,1,0.736,strongly_positive,strongly_positive
18-01-2025,6,7,0.40282,2,1,0.4,strongly_positive,strongly_positive
18-01-2025,7,13,0.57183,3,2,0.53333,strongly_positive,strongly_positive
18-01-2025,4,30,0.43311,2,9,0.35,strongly_positive,strongly_positive
18-01-2025,2,2,0.70559,1,1,0.7,strongly_positive,strongly_positive
18-01-2025,14,38,0.48618,11,7,0.49818,strongly_positive,strongly_positive
17-01-2025,2,0,0.45436,2,0,0.43,weakly_positive,weakly_positive
17-01-2025,15,198,0.62295,5,11,0.544,weakly_positive,weakly_positive
17-01-2025,8,0,0.51014,3,0,0.52333,weakly_positive,weakly_positive
17-01-2025,2,2,0.61365,1,1,0.58,weakly_positive,weakly_positive
17-01-2025,14,57,0.48349,8,6,0.48025,weakly_positive,weakly_positive
17-01-2025,9,101,0.58644,6,21,0.52133,weakly_positive,weakly_positive
17-01-2025,17,195,0.44888,12,24,0.46208,weakly_positive,weakly_positive
17-01-2025,35,230,0.54213,11,5,0.56264,weakly_positive,weakly_positive
17-01-2025,77,1934,0.56082,25,20,0.49776,weakly_positive,weakly_positive
17-01-2025,110,3101,0.49582,40,25,0.50592,weakly_positive,weakly_positive
17-01-2025,66,532,0.54403,33,10,0.44897,weakly_positive,weakly_positive
17-01-2025,70,4123,0.5406,37,78,0.54168,weakly_positive,weakly_positive
17-01-2025,137,5267,0.50318,109,101,0.51825,weakly_positive,weakly_positive
17-01-2025,120,1531,0.64514,103,42,0.53144,weakly_positive,weakly_positive
17-01-2025,130,6244,0.53445,38,35,0.55413,weakly_positive,weakly_positive
17-01-2025,23,562,0.5305,9,23,0.54089,weakly_positive,weakly_positive
17-01-2025,15,61,0.50072,6,4,0.48,weakly_positive,weakly_positive
17-01-2025,9,64,0.60546,4,8,0.50875,weakly_positive,weakly_positive
17-01-2025,3,0,0.44943,2,0,0.4585,weakly_positive,weakly_positive
17-01-2025,1,0,0.48379,1,1,0.5,weakly_positive,weakly_positive
17-01-2025,0,0,0.0,0,0,0.0,weakly_positive,weakly_positive
17-01-2025,9,87,0.50585,4,11,0.525,weakly_positive,weakly_positive
17-01-2025,0,0,0.0,0,0,0.0,weakly_positive,weakly_positive
17-01-2025,3,8,0.34141,2,4,0.35,weakly_positive,weakly_positive
16-01-2025,1,1,0.61559,1,2,0.5,strongly_positive,strongly_positive
16-01-2025,24,197,0.48184,7,6,0.5,strongly_positive,strongly_positive
16-01-2025,24,269,0.53376,9,10,0.54767,strongly_positive,strongly_positive
16-01-2025,0,0,0.5,0,0,0.5,strongly_positive,strongly_positive
16-01-2025,12,0,0.5739,5,0,0.545,strongly_positive,strongly_positive
16-01-2025,11,104,0.52922,5,10,0.5492,strongly_positive,strongly_positive
16-01-2025,22,119,0.46268,14,9,0.474,strongly_positive,strongly_positive
16-01-2025,19,85,0.44684,14,10,0.46064,strongly_positive,strongly_positive
16-01-2025,19,138,0.6377,15,19,0.5276,strongly_positive,strongly_positive
16-01-2025,73,2524,0.51548,24,28,0.46021,strongly_positive,strongly_positive
16-01-2025,46,983,0.48369,16,18,0.49844,strongly_positive,strongly_positive
16-01-2025,33,840,0.58164,13,24,0.55915,strongly_positive,strongly_positive
16-01-2025,61,1251,0.56224,33,28,0.56506,strongly_positive,strongly_positive
16-01-2025,35,666,0.5234,20,28,0.5332,strongly_positive,strongly_positive
16-01-2025,6,3,0.4811,5,2,0.399,strongly_positive,strongly_positive
16-01-2025,23,31,0.49849,22,9,0.50059,strongly_positive,strongly_positive
16-01-2025,55,1652,0.57446,17,23,0.52082,strongly_positive,strongly_positive
16-01-2025,17,84,0.54408,7,5,0.52386,strongly_positive,strongly_positive
16-01-2025,9,60,0.46991,4,7,0.487,strongly_positive,strongly_positive
16-01-2025,4,7,0.42467,2,2,0.43,strongly_positive,strongly_positive
16-01-2025,3,26,0.5719,2,16,0.55,strongly_positive,strongly_positive
16-01-2025,1,2,0.65142,1,5,0.55,strongly_positive,strongly_positive
16-01-2025,2,0,0.44161,2,0,0.4565,strongly_positive,strongly_positive
16-01-2025,32,721,0.53958,11,19,0.55809,strongly_positive,strongly_positive
16-01-2025,18,306,0.61584,7,16,0.59971,strongly_positive,strongly_positive
15-01-2025,17,103,0.38436,7,6,0.39743,weakly_positive,weakly_positive
15-01-2025,13,66,0.54726,8,8,0.50125,weakly_positive,weakly_positive
15-01-2025,17,207,0.53721,12,25,0.5405,weakly_positive,weakly_positive
15-01-2025,49,1163,0.5644,14,17,0.58407,weakly_positive,weakly_positive
15-01-2025,84,3717,0.51261,27,35,0.52144,weakly_positive,weakly_positive
15-01-2025,107,6495,0.5264,36,50,0.53003,weakly_positive,weakly_positive
15-01-2025,153,10269,0.5906,70,75,0.50469,weakly_positive,weakly_positive
15-01-2025,32,318,0.50274,17,13,0.51853,weakly_positive,weakly_positive
15-01-2025,45,1089,0.56965,25,34,0.52924,weakly_positive,weakly_positive
15-01-2025,37,635,0.53523,31,54,0.52503,weakly_positive,weakly_positive
15-01-2025,28,108,0.51085,26,17,0.52708,weakly_positive,weakly_positive
15-01-2025,69,2762,0.53363,21,30,0.546,weakly_positive,weakly_positive
15-01-2025,67,1361,0.52644,27,20,0.54622,weakly_positive,weakly_positive
15-01-2025,82,2929,0.62048,35,37,0.53931,weakly_positive,weakly_positive
15-01-2025,35,354,0.53473,21,16,0.49771,weakly_positive,weakly_positive
15-01-2025,3,5,0.34651,2,3,0.3595,weakly_positive,weakly_positive
15-01-2025,5,4,0.49082,4,2,0.48625,weakly_positive,weakly_positive
15-01-2025,12,46,0.46196,4,3,0.473,weakly_positive,weakly_positive
15-01-2025,12,192,0.72235,4,13,0.581,weakly_positive,weakly_positive
15-01-2025,0,0,0.0,0,0,0.0,weakly_positive,weakly_positive
15-01-2025,4,27,0.52132,2,8,0.5335,weakly_positive,weakly_positive
15-01-2025,5,7,0.67668,3,2,0.63833,weakly_positive,weakly_positive
15-01-2025,2,4,0.60901,1,4,0.5,weakly_positive,weakly_positive
15-01-2025,2,6,0.5876,2,13,0.6035,weakly_positive,weakly_positive
14-01-2025,3,4,0.55893,1,1,0.575,strongly_positive,strongly_positive
14-01-2025,6,144,0.71081,2,18,0.5825,strongly_positive,strongly_positive
14-01-2025,5,5,0.63527,2,1,0.5625,strongly_positive,strongly_positive
14-01-2025,6,30,0.46707,3,6,0.477,strongly_positive,strongly_positive
14-01-2025,10,95,0.65178,3,7,0.59933,strongly_positive,strongly_positive
14-01-2025,9,44,0.42598,3,4,0.42767,strongly_positive,strongly_positive
14-01-2025,8,38,0.55819,3,4,0.54833,strongly_positive,strongly_positive
14-01-2025,18,223,0.46951,9,15,0.4784,strongly_positive,strongly_positive
14-01-2025,35,603,0.52934,20,25,0.4943,strongly_positive,strongly_positive
14-01-2025,17,54,0.47134,10,5,0.4891,strongly_positive,strongly_positive
14-01-2025,3,4,0.52828,3,7,0.54433,strongly_positive,strongly_positive
14-01-2025,69,3168,0.63113,20,33,0.58855,strongly_positive,strongly_positive
14-01-2025,53,2682,0.63975,17,40,0.51688,strongly_positive,strongly_positive
14-01-2025,46,782,0.62924,20,18,0.5503,strongly_positive,strongly_positive
14-01-2025,39,1082,0.46131,18,31,0.47267,strongly_positive,strongly_positive
14-01-2025,33,820,0.51885,22,45,0.53845,strongly_positive,strongly_positive
14-01-2025,13,96,0.53475,9,15,0.46689,strongly_positive,strongly_positive
14-01-2025,0,0,0.5,0,0,0.5,strongly_positive,strongly_positive
14-01-2025,7,0,0.58209,6,0,0.59717,strongly_positive,strongly_positive
14-01-2025,15,235,0.67411,5,13,0.546,strongly_positive,strongly_positive
14-01-2025,8,56,0.61217,3,6,0.608,strongly_positive,strongly_positive
14-01-2025,7,101,0.61467,3,14,0.54633,strongly_positive,strongly_positive
14-01-2025,8,68,0.71249,4,11,0.576,strongly_positive,strongly_positive
14-01-2025,3,25,0.42541,2,13,0.4415,strongly_positive,strongly_positive
14-01-2025,4,19,0.58174,3,10,0.58333,strongly_positive,strongly_positive
13-01-2025,31,303,0.60847,9,7,0.576,weakly_positive,weakly_positive
13-01-2025,3,8,0.3636,1,2,0.3,weakly_positive,weakly_positive
13-01-2025,18,66,0.52617,6,3,0.52717,weakly_positive,weakly_positive
13-01-2025,41,584,0.49734,19,16,0.51221,weakly_positive,weakly_positive
13-01-2025,2,6,0.53458,1,4,0.513,weakly_positive,weakly_positive
13-01-2025,10,127,0.64595,7,26,0.57443,weakly_positive,weakly_positive
13-01-2025,1,6,0.34914,1,19,0.356,weakly_positive,weakly_positive
13-01-2025,4,3,0.59026,4,4,0.56575,weakly_positive,weakly_positive
13-01-2025,7,5,0.42775,4,1,0.4285,weakly_positive,weakly_positive
13-01-2025,8,39,0.4885,5,8,0.507,weakly_positive,weakly_positive
13-01-2025,6,7,0.68423,4,2,0.59975,weakly_positive,weakly_positive
13-01-2025,27,410,0.6558,8,11,0.61463,weakly_positive,weakly_positive
13-01-2025,10,27,0.48177,3,2,0.5,weakly_positive,weakly_positive
13-01-2025,12,58,0.56162,4,4,0.559,weakly_positive,weakly_positive
13-01-2025,2,33,0.48709,1,18,0.5,weakly_positive,weakly_positive
13-01-2025,8,40,0.71363,4,6,0.5795,weakly_positive,weakly_positive
13-01-2025,3,3,0.64375,2,2,0.5655,weakly_positive,weakly_positive
13-01-2025,6,10,0.52553,5,4,0.5392,weakly_positive,weakly_positive
13-01-2025,3,5,0.5645,3,9,0.536,weakly_positive,weakly_positive
13-01-2025,0,0,0.0,0,0,0.0,weakly_positive,weakly_positive
13-01-2025,8,131,0.52512,3,15,0.538,weakly_positive,weakly_positive
13-01-2025,2,12,0.58205,1,6,0.6,weakly_positive,weakly_positive
13-01-2025,0,0,0.0,0,0,0.0,weakly_positive,weakly_positive
13-01-2025,5,99,0.60272,3,36,0.538,weakly_positive,weakly_positive
12-01-2025,1,1,0.42527,1,2,0.433,strongly_positive,strongly_positive
12-01-2025,13,157,0.55172,4,9,0.5725,strongly_positive,strongly_positive
12-01-2025,9,109,0.58412,3,10,0.587,strongly_positive,strongly_positive
12-01-2025,6,56,0.58795,2,8,0.599,strongly_positive,strongly_positive
12-01-2025,2,3,0.44141,1,2,0.366,strongly_positive,strongly_positive
12-01-2025,5,34,0.56328,3,10,0.58367,strongly_positive,strongly_positive
12-01-2025,1,1,0.53445,1,2,0.551,strongly_positive,strongly_positive
12-01-2025,1,1,0.68141,1,4,0.656,strongly_positive,strongly_positive
12-01-2025,3,14,0.52587,1,3,0.545,strongly_positive,strongly_positive
12-01-2025,8,17,0.56518,3,2,0.57533,strongly_positive,strongly_positive
12-01-2025,2,10,0.74332,1,5,0.769,strongly_positive,strongly_positive
12-01-2025,9,8,0.56004,4,1,0.47275,strongly_positive,strongly_positive
12-01-2025,3,34,0.38538,1,8,0.4,strongly_positive,strongly_positive
12-01-2025,3,4,0.56792,1,1,0.5,strongly_positive,strongly_positive
12-01-2025,3,4,0.57659,1,1,0.59,strongly_positive,strongly_positive
12-01-2025,2,2,0.73379,1,1,0.6,strongly_positive,strongly_positive
12-01-2025,2,2,0.61941,1,1,0.618,strongly_positive,strongly_positive
12-01-2025,0,0,0.0,0,0,0.0,strongly_positive,strongly_positive
12-01-2025,1,1,0.67389,1,5,0.55,strongly_positive,strongly_positive
12-01-2025,7,10,0.57014,2,1,0.5915,strongly_positive,strongly_positive
12-01-2025,0,0,0.0,0,0,0.0,strongly_positive,strongly_positive
12-01-2025,2,19,0.57938,1,9,0.552,strongly_positive,strongly_positive
12-01-2025,2,0,0.60763,1,0,0.506,strongly_positive,strongly_positive
12-01-2025,6,44,0.48482,4,12,0.496,strongly_positive,strongly_positive
11-01-2025,3,29,0.50879,2,21,0.525,strongly_positive,strongly_positive
11-01-2025,1,0,0.77689,1,1,0.75,strongly_positive,strongly_positive
11-01-2025,6,0,0.56336,2,0,0.505,strongly_positive,strongly_positive
11-01-2025,3,7,0.46732,1,2,0.475,strongly_positive,strongly_positive
11-01-2025,3,10,0.66683,1,3,0.643,strongly_positive,strongly_positive
11-01-2025,9,54,0.55329,5,8,0.5572,strongly_positive,strongly_positive
11-01-2025,2,1,0.63302,1,1,0.577,strongly_positive,strongly_positive
11-01-2025,1,0,0.8413,1,1,0.701,strongly_positive,strongly_positive
11-01-2025,3,5,0.4828,1,1,0.5,strongly_positive,strongly_positive
11-01-2025,3,4,0.48124,1,1,0.438,strongly_positive,strongly_positive
11-01-2025,2,2,0.51773,1,1,0.5,strongly_positive,strongly_positive
11-01-2025,2,5,0.81327,1,3,0.691,strongly_positive,strongly_positive
11-01-2025,4,13,0.53285,2,4,0.5405,strongly_positive,strongly_positive
11-01-2025,0,0,0.5,0,0,0.5,strongly_positive,strongly_positive
11-01-2025,4,0,0.58603,3,0,0.60667,strongly_positive,strongly_positive
11-01-2025,5,2,0.6349,4,1,0.5385,strongly_positive,strongly_positive
11-01-2025,2,0,0.5804,2,0,0.5995,strongly_positive,strongly_positive
11-01-2025,2,1,0.64941,1,1,0.65,strongly_positive,strongly_positive
11-01-2025,2,3,0.52166,1,2,0.533,strongly_positive,strongly_positive
11-01-2025,0,0,0.0,0,0,0.0,strongly_positive,strongly_positive
11-01-2025,2,0,0.55647,2,0,0.5565,strongly_positive,strongly_positive
11-01-2025,6,16,0.6202,2,2,0.558,strongly_positive,strongly_positive
11-01-2025,10,109,0.55272,4,11,0.529,strongly_positive,strongly_positive
11-01-2025,2,6,0.48209,1,3,0.5,strongly_positive,strongly_positive
11-01-2025,6,14,0.42357,3,3,0.42733,strongly_positive,strongly_positive
10-01-2025,1,1,0.5921,1,2,0.566,weakly_positive,weakly_positive
10-01-2025,4,4,0.60746,3,3,0.50833,weakly_positive,weakly_positive
10-01-2025,1,0,0.48305,1,1,0.5,weakly_positive,weakly_positive
10-01-2025,11,39,0.52189,4,3,0.539,weakly_positive,weakly_positive
10-01-2025,8,9,0.57382,3,1,0.55567,weakly_positive,weakly_positive
10-01-2025,2,11,0.44431,1,5,0.46,weakly_positive,weakly_positive
10-01-2025,7,23,0.64827,4,5,0.65775,weakly_positive,weakly_positive
10-01-2025,3,2,0.3186,2,1,0.33,weakly_positive,weakly_positive
10-01-2025,2,0,0.49548,2,2,0.5,weakly_positive,weakly_positive
10-01-2025,64,1159,0.58275,20,14,0.5333,weakly_positive,weakly_positive
10-01-2025,55,616,0.57103,18,9,0.59133,weakly_positive,weakly_positive
10-01-2025,45,874,0.49672,20,21,0.5141,weakly_positive,weakly_positive
10-01-2025,37,1087,0.5086,19,37,0.51716,weakly_positive,weakly_positive
10-01-2025,32,214,0.57132,17,9,0.57553,weakly_positive,weakly_positive
10-01-2025,2,6,0.74151,2,8,0.633,weakly_positive,weakly_positive
10-01-2025,1,0,0.68886,1,1,0.7,weakly_positive,weakly_positive
10-01-2025,14,39,0.61323,4,2,0.56925,weakly_positive,weakly_positive
10-01-2025,5,27,0.59112,2,5,0.5795,weakly_positive,weakly_positive
10-01-2025,7,21,0.47384,3,3,0.489,weakly_positive,weakly_positive
10-01-2025,0,0,0.0,0,0,0.0,weakly_positive,weakly_positive
10-01-2025,0,0,0.0,0,0,0.0,weakly_positive,weakly_positive
10-01-2025,0,0,0.0,0,0,0.0,weakly_positive,weakly_positive
10-01-2025,7,45,0.49843,3,7,0.51667,weakly_positive,weakly_positive
10-01-2025,4,7,0.59716,2,2,0.5395,weakly_positive,weakly_positive
09-01-2025,7,36,0.64044,4,7,0.64875,strongly_positive,strongly_positive
09-01-2025,4,18,0.43533,3,10,0.45133,strongly_positive,strongly_positive
09-01-2025,1,0,0.49462,1,1,0.5,strongly_positive,strongly_positive
09-01-2025,7,29,0.45028,2,3,0.4135,strongly_positive,strongly_positive
09-01-2025,3,7,0.59463,1,2,0.5,strongly_positive,strongly_positive
09-01-2025,2,21,0.81595,1,10,0.844,strongly_positive,strongly_positive
09-01-2025,7,92,0.54055,3,14,0.49567,strongly_positive,strongly_positive
09-01-2025,6,60,0.52969,4,17,0.5145,strongly_positive,strongly_positive
09-01-2025,3,3,0.66907,2,2,0.5735,strongly_positive,strongly_positive
09-01-2025,10,42,0.61318,3,3,0.621,strongly_positive,strongly_positive
09-01-2025,6,152,0.51867,2,20,0.5375,strongly_positive,strongly_positive
09-01-2025,6,95,0.73449,2,13,0.6285,strongly_positive,strongly_positive
09-01-2025,2,4,0.67375,1,2,0.619,strongly_positive,strongly_positive
09-01-2025,5,4,0.53396,3,1,0.53633,strongly_positive,strongly_positive
09-01-2025,5,17,0.5643,3,5,0.554,strongly_positive,strongly_positive
09-01-2025,2,4,0.66025,2,8,0.6725,strongly_positive,strongly_positive
09-01-2025,3,1,0.52691,3,2,0.52967,strongly_positive,strongly_positive
09-01-2025,0,0,0.0,0,0,0.0,strongly_positive,strongly_positive
09-01-2025,2,4,0.58703,1,2,0.605,strongly_positive,strongly_positive
09-01-2025,2,10,0.59672,1,5,0.556,strongly_positive,strongly_positive
09-01-2025,2,0,0.50861,1,0,0.5,strongly_positive,strongly_positive
09-01-2025,1,1,0.48497,1,1,0.5,strongly_positive,strongly_positive
09-01-2025,0,0,0.0,0,0,0.0,strongly_positive,strongly_positive
09-01-2025,2,5,0.77049,1,3,0.7,strongly_positive,strongly_positive
08-01-2025,4,13,0.42443,2,4,0.439,strongly_positive,strongly_positive
08-01-2025,3,43,0.58222,2,22,0.567,strongly_positive,strongly_positive
08-01-2025,2,3,0.57433,2,5,0.521,strongly_positive,strongly_positive
08-01-2025,10,43,0.44145,3,3,0.44633,strongly_positive,strongly_positive
08-01-2025,3,4,0.45046,1,1,0.467,strongly_positive,strongly_positive
08-01-2025,5,16,0.53217,2,3,0.539,strongly_positive,strongly_positive
08-01-2025,4,18,0.59226,2,5,0.546,strongly_positive,strongly_positive
08-01-2025,8,62,0.52072,4,9,0.53975,strongly_positive,strongly_positive
08-01-2025,6,15,0.53744,4,5,0.5555,strongly_positive,strongly_positive
08-01-2025,1,2,0.49019,1,6,0.5,strongly_positive,strongly_positive
08-01-2025,9,35,0.54745,3,3,0.53333,strongly_positive,strongly_positive
08-01-2025,31,0,0.64872,11,0,0.55864,strongly_positive,strongly_positive
08-01-2025,0,0,0.5,0,0,0.5,strongly_positive,strongly_positive
08-01-2025,21,303,0.46437,8,13,0.47338,strongly_positive,strongly_positive
08-01-2025,39,213,0.50074,20,7,0.51915,strongly_positive,strongly_positive
08-01-2025,8,92,0.5145,5,18,0.507,strongly_positive,strongly_positive
08-01-2025,11,77,0.58984,7,12,0.60757,strongly_positive,strongly_positive
08-01-2025,3,9,0.62261,1,2,0.624,strongly_positive,strongly_positive
08-01-2025,7,29,0.5587,2,3,0.55,strongly_positive,strongly_positive
08-01-2025,6,8,0.75314,2,1,0.6595,strongly_positive,strongly_positive
08-01-2025,7,83,0.55776,3,13,0.52233,strongly_positive,strongly_positive
08-01-2025,2,2,0.59163,1,1,0.614,strongly_positive,strongly_positive
08-01-2025,4,4,0.66439,3,2,0.684,strongly_positive,strongly_positive
08-01-2025,3,1,0.59826,2,1,0.5595,strongly_positive,strongly_positive
08-01-2025,1,0,0.61641,1,1,0.5,strongly_positive,strongly_positive
07-01-2025,3,40,0.39882,1,11,0.35,strongly_positive,strongly_positive
07-01-2025,3,35,0.42995,1,10,0.441,strongly_positive,strongly_positive
07-01-2025,5,40,0.52699,2,8,0.5,strongly_positive,strongly_positive
07-01-2025,1,0,0.48308,1,2,0.5,strongly_positive,strongly_positive
07-01-2025,10,41,0.55185,3,3,0.539,strongly_positive,strongly_positive
07-01-2025,6,7,0.73038,2,1,0.6315,strongly_positive,strongly_positive
07-01-2025,7,14,0.46215,3,2,0.46633,strongly_positive,strongly_positive
07-01-2025,6,35,0.57467,3,7,0.596,strongly_positive,strongly_positive
07-01-2025,6,5,0.59124,3,1,0.51033,strongly_positive,strongly_positive
07-01-2025,16,152,0.67437,12,23,0.62408,strongly_positive,strongly_positive
07-01-2025,5,6,0.53607,5,6,0.5362,strongly_positive,strongly_positive
07-01-2025,9,100,0.56613,3,9,0.58467,strongly_positive,strongly_positive
07-01-2025,53,2406,0.5229,20,42,0.5342,strongly_positive,strongly_positive
07-01-2025,48,545,0.5556,19,11,0.55621,strongly_positive,strongly_positive
07-01-2025,36,1367,0.62484,20,54,0.54055,strongly_positive,strongly_positive
07-01-2025,9,76,0.62389,6,15,0.64167,strongly_positive,strongly_positive
07-01-2025,3,27,0.65977,2,18,0.619,strongly_positive,strongly_positive
07-01-2025,7,39,0.45545,2,4,0.45,strongly_positive,strongly_positive
07-01-2025,16,663,0.67565,5,32,0.6952,strongly_positive,strongly_positive
07-01-2025,17,316,0.56417,6,16,0.57933,strongly_positive,strongly_positive
07-01-2025,8,160,0.51786,4,24,0.5375,strongly_positive,strongly_positive
07-01-2025,4,154,0.63384,2,49,0.5575,strongly_positive,strongly_positive
07-01-2025,1,5,0.61711,1,12,0.58,strongly_positive,strongly_positive
07-01-2025,8,115,0.54023,7,43,0.56071,strongly_positive,strongly_positive
06-01-2025,14,60,0.5014,4,3,0.5,weakly_positive,weakly_positive
06-01-2025,3,10,0.53528,1,3,0.55,weakly_positive,weakly_positive
06-01-2025,7,37,0.75151,3,5,0.61267,weakly_positive,weakly_positive
06-01-2025,24,86,0.54483,11,4,0.56527,weakly_positive,weakly_positive
06-01-2025,10,58,0.59427,6,9,0.61033,weakly_positive,weakly_positive
06-01-2025,9,49,0.54883,6,11,0.5225,weakly_positive,weakly_positive
06-01-2025,7,16,0.66539,6,7,0.5535,weakly_positive,weakly_positive
06-01-2025,41,1204,0.51063,19,33,0.50016,weakly_positive,weakly_positive
06-01-2025,25,246,0.61481,13,13,0.534,weakly_positive,weakly_positive
06-01-2025,11,16,0.5536,6,2,0.566,weakly_positive,weakly_positive
06-01-2025,6,11,0.54693,5,6,0.5674,weakly_positive,weakly_positive
06-01-2025,10,28,0.57223,3,2,0.56667,weakly_positive,weakly_positive
06-01-2025,17,78,0.6807,6,4,0.63233,weakly_positive,weakly_positive
06-01-2025,29,880,0.65428,12,30,0.52583,weakly_positive,weakly_positive
06-01-2025,16,62,0.58971,7,4,0.58343,weakly_positive,weakly_positive
06-01-2025,0,0,0.0,0,0,0.0,weakly_positive,weakly_positive
06-01-2025,0,0,0.0,0,0,0.0,weakly_positive,weakly_positive
06-01-2025,0,0,0.0,0,0,0.0,weakly_positive,weakly_positive
06-01-2025,0,0,0.0,0,0,0.0,weakly_positive,weakly_positive
06-01-2025,0,0,0.0,0,0,0.0,weakly_positive,weakly_positive
06-01-2025,3,14,0.88539,1,4,0.725,weakly_positive,weakly_positive
06-01-2025,2,0,0.56507,1,0,0.5,weakly_positive,weakly_positive
06-01-2025,5,11,0.51939,3,3,0.534,weakly_positive,weakly_positive
06-01-2025,2,0,0.55014,2,0,0.571,weakly_positive,weakly_positive
05-01-2025,0,0,0.0,0,0,0.0,weakly_positive,weakly_positive
05-01-2025,3,17,0.40995,1,4,0.419,weakly_positive,weakly_positive
05-01-2025,7,7,0.55877,3,1,0.45867,weakly_positive,weakly_positive
05-01-2025,9,26,0.57351,4,3,0.57325,weakly_positive,weakly_positive
05-01-2025,0,0,0.0,0,0,0.0,weakly_positive,weakly_positive
05-01-2025,5,6,0.7563,3,2,0.61967,weakly_positive,weakly_positive
05-01-2025,3,2,0.4676,2,2,0.485,weakly_positive,weakly_positive
05-01-2025,2,0,0.48987,2,1,0.494,weakly_positive,weakly_positive
05-01-2025,12,73,0.53077,4,5,0.507,weakly_positive,weakly_positive
05-01-2025,5,39,0.49706,2,7,0.4155,weakly_positive,weakly_positive
05-01-2025,0,0,0.5,0,0,0.5,weakly_positive,weakly_positive
05-01-2025,12,0,0.4962,5,0,0.5,weakly_positive,weakly_positive
05-01-2025,4,3,0.58969,4,5,0.5145,weakly_positive,weakly_positive
05-01-2025,10,27,0.52171,3,2,0.53533,weakly_positive,weakly_positive
05-01-2025,0,0,0.0,0,0,0.0,weakly_positive,weakly_positive
05-01-2025,2,2,0.57917,1,1,0.575,weakly_positive,weakly_positive
05-01-2025,2,2,0.61465,1,1,0.631,weakly_positive,weakly_positive
05-01-2025,3,5,0.59854,2,3,0.4835,weakly_positive,weakly_positive
05-01-2025,0,0,0.0,0,0,0.0,weakly_positive,weakly_positive
05-01-2025,1,0,0.56382,1,0,0.5,weakly_positive,weakly_positive
05-01-2025,0,0,0.0,0,0,0.0,weakly_positive,weakly_positive
05-01-2025,0,0,0.0,0,0,0.0,weakly_positive,weakly_positive
05-01-2025,5,0,0.52169,2,0,0.5225,weakly_positive,weakly_positive
05-01-2025,5,27,0.57847,3,8,0.59567,weakly_positive,weakly_positive
05-01-2025,5,37,0.76838,3,12,0.63233,weakly_positive,weakly_positive
04-01-2025,1,0,0.56263,1,0,0.5,weakly_positive,weakly_positive
04-01-2025,7,10,0.52219,2,1,0.5375,weakly_positive,weakly_positive
04-01-2025,9,23,0.52506,3,2,0.503,weakly_positive,weakly_positive
04-01-2025,0,0,0.0,0,0,0.0,weakly_positive,weakly_positive
04-01-2025,2,6,0.48996,1,3,0.5,weakly_positive,weakly_positive
04-01-2025,2,3,0.56419,1,2,0.583,weakly_positive,weakly_positive
04-01-2025,0,0,0.0,0,0,0.0,weakly_positive,weakly_positive
04-01-2025,1,0,0.57277,1,0,0.517,weakly_positive,weakly_positive
04-01-2025,14,98,0.57061,4,5,0.57825,weakly_positive,weakly_positive
04-01-2025,0,0,0.0,0,0,0.0,weakly_positive,weakly_positive
04-01-2025,0,0,0.0,0,0,0.0,weakly_positive,weakly_positive
04-01-2025,2,2,0.55518,1,1,0.563,weakly_positive,weakly_positive
04-01-2025,2,19,0.63455,1,15,0.533,weakly_positive,weakly_positive
04-01-2025,4,11,0.51585,3,6,0.53367,weakly_positive,weakly_positive
04-01-2025,3,13,0.54124,1,3,0.55,weakly_positive,weakly_positive
04-01-2025,3,55,0.67134,1,14,0.695,weakly_positive,weakly_positive
04-01-2025,6,0,0.74683,2,0,0.6335,weakly_positive,weakly_positive
04-01-2025,0,0,0.0,0,0,0.0,weakly_positive,weakly_positive
04-01-2025,0,0,0.0,0,0,0.0,weakly_positive,weakly_positive
04-01-2025,5,85,0.46932,3,26,0.45833,weakly_positive,weakly_positive
04-01-2025,3,19,0.60869,3,29,0.618,weakly_positive,weakly_positive
04-01-2025,0,0,0.0,0,0,0.0,weakly_positive,weakly_positive
04-01-2025,6,16,0.50622,2,2,0.525,weakly_positive,weakly_positive
04-01-2025,2,2,0.48429,1,1,0.5,weakly_positive,weakly_positive
03-01-2025,4,4,0.6344,2,1,0.587,weakly_positive,weakly_positive
03-01-2025,0,0,0.0,0,0,0.0,weakly_positive,weakly_positive
03-01-2025,3,6,0.54997,2,4,0.568,weakly_positive,weakly_positive
03-01-2025,1,0,0.75083,1,1,0.767,weakly_positive,weakly_positive
03-01-2025,3,16,0.64496,1,4,0.669,weakly_positive,weakly_positive
03-01-2025,3,34,0.70526,1,9,0.61,weakly_positive,weakly_positive
03-01-2025,3,0,0.48612,1,0,0.5,weakly_positive,weakly_positive
03-01-2025,4,51,0.6272,2,16,0.6505,weakly_positive,weakly_positive
03-01-2025,2,3,0.50611,1,2,0.5,weakly_positive,weakly_positive
03-01-2025,4,2,0.5597,3,1,0.493,weakly_positive,weakly_positive
03-01-2025,1,0,0.49997,1,1,0.5,weakly_positive,weakly_positive
03-01-2025,16,145,0.52296,5,7,0.5428,weakly_positive,weakly_positive
03-01-2025,15,112,0.52787,5,6,0.4642,weakly_positive,weakly_positive
03-01-2025,9,33,0.62944,4,4,0.5915,weakly_positive,weakly_positive
03-01-2025,21,131,0.64469,11,8,0.52645,weakly_positive,weakly_positive
03-01-2025,0,0,0.0,0,0,0.0,weakly_positive,weakly_positive
03-01-2025,4,15,0.5538,3,11,0.569,weakly_positive,weakly_positive
03-01-2025,1,2,0.67479,1,10,0.55,weakly_positive,weakly_positive
03-01-2025,4,25,0.516,2,8,0.5345,weakly_positive,weakly_positive
03-01-2025,0,0,0.0,0,0,0.0,weakly_positive,weakly_positive
03-01-2025,0,0,0.0,0,0,0.0,weakly_positive,weakly_positive
03-01-2025,7,71,0.6201,2,7,0.624,weakly_positive,weakly_positive
03-01-2025,0,0,0.0,0,0,0.0,weakly_positive,weakly_positive
03-01-2025,12,178,0.6155,4,12,0.5345,weakly_positive,weakly_positive
02-01-2025,9,65,0.5091,4,8,0.4735,strongly_positive,strongly_positive
02-01-2025,8,81,0.54004,4,12,0.56025,strongly_positive,strongly_positive
02-01-2025,3,1,0.49685,2,1,0.5125,strongly_positive,strongly_positive
02-01-2025,4,5,0.55484,3,3,0.51533,strongly_positive,strongly_positive
02-01-2025,4,2,0.7794,4,2,0.62625,strongly_positive,strongly_positive
02-01-2025,11,51,0.60322,4,4,0.525,strongly_positive,strongly_positive
02-01-2025,21,138,0.52294,8,6,0.535,strongly_positive,strongly_positive
02-01-2025,21,365,0.57273,9,18,0.53989,strongly_positive,strongly_positive
02-01-2025,13,130,0.70946,7,14,0.61643,strongly_positive,strongly_positive
02-01-2025,12,96,0.47381,8,14,0.48675,strongly_positive,strongly_positive
02-01-2025,16,93,0.50371,12,14,0.51808,strongly_positive,strongly_positive
02-01-2025,69,3136,0.59316,21,34,0.58752,strongly_positive,strongly_positive
02-01-2025,59,2570,0.59564,20,36,0.52695,strongly_positive,strongly_positive
02-01-2025,102,4254,0.51126,36,36,0.52561,strongly_positive,strongly_positive
02-01-2025,19,208,0.52948,9,13,0.54956,strongly_positive,strongly_positive
02-01-2025,0,0,0.0,0,0,0.0,strongly_positive,strongly_positive
02-01-2025,7,50,0.60123,5,17,0.567,strongly_positive,strongly_positive
02-01-2025,3,1,0.61168,3,1,0.502,strongly_positive,strongly_positive
02-01-2025,5,82,0.59112,5,11,0.5908,strongly_positive,strongly_positive
02-01-2025,5,28,0.55168,2,5,0.5675,strongly_positive,strongly_positive
02-01-2025,2,0,0.53124,1,0,0.508,strongly_positive,strongly_positive
02-01-2025,2,0,0.48205,1,0,0.5,strongly_positive,strongly_positive
02-01-2025,0,0,0.5,0,0,0.5,strongly_positive,strongly_positive
02-01-2025,0,0,0.0,0,0,0.0,strongly_positive,strongly_positive
02-01-2025,3,0,0.65666,1,0,0.677,strongly_positive,strongly_positive
01-01-2025,0,0,0.0,0,0,0.0,weakly_positive,weakly_positive
01-01-2025,10,66,0.46968,5,8,0.4874,weakly_positive,weakly_positive
01-01-2025,8,12,0.70702,4,2,0.61675,weakly_positive,weakly_positive
01-01-2025,3,5,0.58916,2,4,0.55,weakly_positive,weakly_positive
01-01-2025,1,1,0.53004,1,4,0.55,weakly_positive,weakly_positive
01-01-2025,3,5,0.64874,1,1,0.644,weakly_positive,weakly_positive
01-01-2025,10,22,0.51413,4,2,0.527,weakly_positive,weakly_positive
01-01-2025,0,0,0.0,0,0,0.0,weakly_positive,weakly_positive
01-01-2025,2,2,0.48176,1,1,0.5,weakly_positive,weakly_positive
01-01-2025,0,0,0.0,0,0,0.0,weakly_positive,weakly_positive
01-01-2025,3,4,0.59462,2,3,0.5625,weakly_positive,weakly_positive
01-01-2025,2,7,0.60659,2,12,0.5,weakly_positive,weakly_positive
01-01-2025,3,0,0.37621,1,0,0.386,weakly_positive,weakly_positive
01-01-2025,3,0,0.48559,1,0,0.5,weakly_positive,weakly_positive
01-01-2025,8,116,0.50197,3,13,0.413,weakly_positive,weakly_positive
01-01-2025,2,0,0.63814,1,0,0.567,weakly_positive,weakly_positive
01-01-2025,0,0,0.0,0,0,0.0,weakly_positive,weakly_positive
01-01-2025,1,0,0.59547,1,0,0.618,weakly_positive,weakly_positive
01-01-2025,0,0,0.0,0,0,0.0,weakly_positive,weakly_positive
01-01-2025,0,0,0.0,0,0,0.0,weakly_positive,weakly_positive
01-01-2025,0,0,0.0,0,0,0.0,weakly_positive,weakly_positive
01-01-2025,0,0,0.0,0,0,0.0,weakly_positive,weakly_positive
01-01-2025,4,3,0.38783,2,1,0.35,weakly_positive,weakly_positive
01-01-2025,0,0,0.0,0,0,0.0,weakly_positive,weakly_positive
31-12-2024,0,0,0.0,0,0,0.0,weakly_positive,weakly_positive
31-12-2024,1,0,0.70866,1,0,0.716,weakly_positive,weakly_positive
31-12-2024,2,0,0.71553,1,0,0.628,weakly_positive,weakly_positive
31-12-2024,4,3,0.51183,2,1,0.525,weakly_positive,weakly_positive
31-12-2024,1,0,0.61472,1,0,0.638,weakly_positive,weakly_positive
31-12-2024,4,5,0.60915,4,7,0.53375,weakly_positive,weakly_positive
31-12-2024,3,0,0.60987,1,0,0.625,weakly_positive,weakly_positive
31-12-2024,19,267,0.65263,8,14,0.53075,weakly_positive,weakly_positive
31-12-2024,12,69,0.50465,5,6,0.5022,weakly_positive,weakly_positive
31-12-2024,8,13,0.57071,4,2,0.509,weakly_positive,weakly_positive
31-12-2024,20,67,0.65558,13,6,0.53215,weakly_positive,weakly_positive
31-12-2024,5,18,0.49243,4,9,0.511,weakly_positive,weakly_positive
31-12-2024,7,11,0.51455,7,10,0.51686,weakly_positive,weakly_positive
31-12-2024,32,499,0.53008,11,13,0.50318,weakly_positive,weakly_positive
31-12-2024,13,70,0.56908,5,5,0.4714,weakly_positive,weakly_positive
31-12-2024,15,46,0.58352,6,3,0.58567,weakly_positive,weakly_positive
31-12-2024,4,3,0.33955,2,1,0.35,weakly_positive,weakly_positive
31-12-2024,1,1,0.51969,1,1,0.5,weakly_positive,weakly_positive
31-12-2024,0,0,0.0,0,0,0.0,weakly_positive,weakly_positive
31-12-2024,10,94,0.45205,3,7,0.46033,weakly_positive,weakly_positive
31-12-2024,0,0,0.0,0,0,0.0,weakly_positive,weakly_positive
31-12-2024,2,0,0.74645,1,0,0.75,weakly_positive,weakly_positive
31-12-2024,2,2,0.55094,1,1,0.5,weakly_positive,weakly_positive
31-12-2024,6,18,0.44192,3,4,0.457,weakly_positive,weakly_positive
30-12-2024,4,20,0.55682,3,13,0.577,weakly_positive,weakly_positive
30-12-2024,1,0,0.55177,1,1,0.5,weakly_positive,weakly_positive
30-12-2024,0,0,0.0,0,0,0.0,weakly_positive,weakly_positive
30-12-2024,3,0,0.59149,1,0,0.5,weakly_positive,weakly_positive
30-12-2024,17,226,0.60314,7,13,0.61057,weakly_positive,weakly_positive
30-12-2024,2,0,0.60292,2,0,0.5315,weakly_positive,weakly_positive
30-12-2024,10,85,0.49235,3,6,0.50567,weakly_positive,weakly_positive
30-12-2024,15,190,0.50856,5,10,0.4842,weakly_positive,weakly_positive
30-12-2024,11,82,0.45532,5,8,0.4546,weakly_positive,weakly_positive
30-12-2024,9,143,0.53451,4,18,0.547,weakly_positive,weakly_positive
30-12-2024,7,31,0.6097,4,6,0.629,weakly_positive,weakly_positive
30-12-2024,3,3,0.64358,2,2,0.642,weakly_positive,weakly_positive
30-12-2024,7,20,0.57686,6,10,0.51667,weakly_positive,weakly_positive
30-12-2024,51,2510,0.51122,15,36,0.5198,weakly_positive,weakly_positive
30-12-2024,22,224,0.52314,8,9,0.54275,weakly_positive,weakly_positive
30-12-2024,5,5,0.60349,2,1,0.6075,weakly_positive,weakly_positive
30-12-2024,0,0,0.0,0,0,0.0,weakly_positive,weakly_positive
30-12-2024,2,1,0.72318,1,1,0.602,weakly_positive,weakly_positive
30-12-2024,3,3,0.47984,2,2,0.497,weakly_positive,weakly_positive
30-12-2024,0,0,0.0,0,0,0.0,weakly_positive,weakly_positive
30-12-2024,0,0,0.0,0,0,0.0,weakly_positive,weakly_positive
30-12-2024,0,0,0.0,0,0,0.0,weakly_positive,weakly_positive
30-12-2024,6,0,0.58628,3,0,0.596,weakly_positive,weakly_positive
30-12-2024,4,6,0.62651,2,2,0.6485,weakly_positive,weakly_positive
29-12-2024,5,7,0.60384,3,2,0.51167,weakly_positive,weakly_positive
29-12-2024,0,0,0.0,0,0,0.0,weakly_positive,weakly_positive
29-12-2024,3,4,0.51795,3,7,0.536,weakly_positive,weakly_positive
29-12-2024,10,40,0.50343,3,3,0.49133,weakly_positive,weakly_positive
29-12-2024,12,168,0.62686,5,14,0.6362,weakly_positive,weakly_positive
29-12-2024,5,10,0.61907,2,2,0.625,weakly_positive,weakly_positive
29-12-2024,0,0,0.0,0,0,0.0,weakly_positive,weakly_positive
29-12-2024,2,0,0.49299,1,0,0.5,weakly_positive,weakly_positive
29-12-2024,4,6,0.66198,3,4,0.612,weakly_positive,weakly_positive
29-12-2024,2,5,0.58456,1,3,0.597,weakly_positive,weakly_positive
29-12-2024,8,45,0.5658,4,7,0.5405,weakly_positive,weakly_positive
29-12-2024,3,0,0.59809,2,0,0.5,weakly_positive,weakly_positive
29-12-2024,0,0,0.0,0,0,0.0,weakly_positive,weakly_positive
29-12-2024,1,0,0.58977,1,2,0.609,weakly_positive,weakly_positive
29-12-2024,3,0,0.51664,1,0,0.5,weakly_positive,weakly_positive
29-12-2024,0,0,0.0,0,0,0.0,weakly_positive,weakly_positive
29-12-2024,2,0,0.60789,1,0,0.617,weakly_positive,weakly_positive
29-12-2024,0,0,0.0,0,0,0.0,weakly_positive,weakly_positive
29-12-2024,0,0,0.0,0,0,0.0,weakly_positive,weakly_positive
29-12-2024,2,1,0.65397,2,2,0.598,weakly_positive,weakly_positive
29-12-2024,0,0,0.0,0,0,0.0,weakly_positive,weakly_positive
29-12-2024,0,0,0.0,0,0,0.0,weakly_positive,weakly_positive
29-12-2024,5,29,0.51748,2,5,0.4725,weakly_positive,weakly_positive
29-12-2024,8,6,0.55983,4,1,0.542,weakly_positive,weakly_positive
28-12-2024,0,0,0.0,0,0,0.0,weakly_positive,weakly_positive
28-12-2024,3,0,0.50157,2,0,0.5095,weakly_positive,weakly_positive
28-12-2024,4,1,0.53876,4,2,0.558,weakly_positive,weakly_positive
28-12-2024,3,0,0.58728,1,0,0.5,weakly_positive,weakly_positive
28-12-2024,3,0,0.48441,1,0,0.5,weakly_positive,weakly_positive
28-12-2024,0,0,0.5,0,0,0.5,weakly_positive,weakly_positive
28-12-2024,2,4,0.56419,1,2,0.568,weakly_positive,weakly_positive
28-12-2024,4,14,0.62578,2,4,0.6125,weakly_positive,weakly_positive
28-12-2024,0,0,0.0,0,0,0.0,weakly_positive,weakly_positive
28-12-2024,0,0,0.0,0,0,0.0,weakly_positive,weakly_positive
28-12-2024,5,0,0.52345,4,0,0.543,weakly_positive,weakly_positive
28-12-2024,3,0,0.59804,1,0,0.617,weakly_positive,weakly_positive
28-12-2024,14,32,0.60839,5,2,0.5646,weakly_positive,weakly_positive
28-12-2024,0,0,0.0,0,0,0.0,weakly_positive,weakly_positive
28-12-2024,0,0,0.0,0,0,0.0,weakly_positive,weakly_positive
28-12-2024,13,54,0.58776,4,3,0.49375,weakly_positive,weakly_positive
28-12-2024,3,8,0.50168,1,2,0.519,weakly_positive,weakly_positive
28-12-2024,5,5,0.69427,2,1,0.7175,weakly_positive,weakly_positive
28-12-2024,0,0,0.0,0,0,0.0,weakly_positive,weakly_positive
28-12-2024,0,0,0.0,0,0,0.0,weakly_positive,weakly_positive
28-12-2024,1,20,0.36224,1,48,0.367,weakly_positive,weakly_positive
28-12-2024,1,2,0.48253,1,7,0.5,weakly_positive,weakly_positive
28-12-2024,3,4,0.6619,1,1,0.669,weakly_positive,weakly_positive
28-12-2024,8,36,0.59184,3,4,0.54333,weakly_positive,weakly_positive
28-12-2024,13,97,0.52297,5,7,0.5418,weakly_positive,weakly_positive
27-12-2024,4,3,0.54861,2,1,0.5675,strongly_positive,strongly_positive
27-12-2024,2,7,0.61284,1,6,0.624,strongly_positive,strongly_positive
27-12-2024,3,14,0.52403,2,9,0.527,strongly_positive,strongly_positive
27-12-2024,7,20,0.6092,2,2,0.522,strongly_positive,strongly_positive
27-12-2024,16,42,0.45205,5,2,0.46,strongly_positive,strongly_positive
27-12-2024,17,422,0.5857,6,21,0.54533,strongly_positive,strongly_positive
27-12-2024,4,7,0.56741,2,2,0.5575,strongly_positive,strongly_positive
27-12-2024,34,1031,0.54203,17,38,0.55894,strongly_positive,strongly_positive
27-12-2024,19,157,0.53325,14,19,0.53571,strongly_positive,strongly_positive
27-12-2024,11,80,0.59103,9,20,0.58011,strongly_positive,strongly_positive
27-12-2024,7,12,0.63358,7,19,0.55214,strongly_positive,strongly_positive
27-12-2024,37,692,0.59263,14,17,0.55279,strongly_positive,strongly_positive
27-12-2024,43,1082,0.44423,17,24,0.46094,strongly_positive,strongly_positive
27-12-2024,45,828,0.55375,20,20,0.5494,strongly_positive,strongly_positive
27-12-2024,10,33,0.6044,6,5,0.563,strongly_positive,strongly_positive
27-12-2024,0,0,0.0,0,0,0.0,strongly_positive,strongly_positive
27-12-2024,1,0,0.68987,1,0,0.716,strongly_positive,strongly_positive
27-12-2024,2,0,0.80205,1,0,0.677,strongly_positive,strongly_positive
27-12-2024,4,0,0.64715,2,0,0.669,strongly_positive,strongly_positive
27-12-2024,2,4,0.54356,1,3,0.5,strongly_positive,strongly_positive
27-12-2024,1,2,0.51354,1,7,0.5,strongly_positive,strongly_positive
27-12-2024,7,92,0.58581,2,9,0.504,strongly_positive,strongly_positive
27-12-2024,6,7,0.63291,2,1,0.64,strongly_positive,strongly_positive
27-12-2024,5,42,0.50063,2,8,0.519,strongly_positive,strongly_positive
26-12-2024,2,2,0.58215,1,1,0.5,strongly_positive,strongly_positive
26-12-2024,3,16,0.68142,2,8,0.628,strongly_positive,strongly_positive
26-12-2024,1,1,0.68616,1,2,0.688,strongly_positive,strongly_positive
26-12-2024,1,1,0.50818,1,2,0.5,strongly_positive,strongly_positive
26-12-2024,3,63,0.54908,1,15,0.56,strongly_positive,strongly_positive
26-12-2024,3,32,0.44943,1,8,0.451,strongly_positive,strongly_positive
26-12-2024,5,11,0.56707,2,2,0.5885,strongly_positive,strongly_positive
26-12-2024,2,3,0.63802,1,2,0.657,strongly_positive,strongly_positive
26-12-2024,2,4,0.53503,1,3,0.5,strongly_positive,strongly_positive
26-12-2024,2,10,0.60799,2,15,0.599,strongly_positive,strongly_positive
26-12-2024,1,3,0.34364,1,13,0.354,strongly_positive,strongly_positive
26-12-2024,17,93,0.56308,5,4,0.5774,strongly_positive,strongly_positive
26-12-2024,7,22,0.48786,3,3,0.50633,strongly_positive,strongly_positive
26-12-2024,12,83,0.57644,5,7,0.5046,strongly_positive,strongly_positive
26-12-2024,2,9,0.48775,1,5,0.5,strongly_positive,strongly_positive
26-12-2024,2,1,0.57814,1,1,0.6,strongly_positive,strongly_positive
26-12-2024,1,0,0.4836,1,1,0.481,strongly_positive,strongly_positive
26-12-2024,2,0,0.70087,2,0,0.6245,strongly_positive,strongly_positive
26-12-2024,3,12,0.61666,1,3,0.5,strongly_positive,strongly_positive
26-12-2024,0,0,0.0,0,0,0.0,strongly_positive,strongly_positive
26-12-2024,3,0,0.73065,1,0,0.65,strongly_positive,strongly_positive
26-12-2024,0,0,0.0,0,0,0.0,strongly_positive,strongly_positive
26-12-2024,7,19,0.58749,2,2,0.6,strongly_positive,strongly_positive
26-12-2024,8,18,0.6421,3,2,0.627,strongly_positive,strongly_positive
25-12-2024,2,2,0.69766,1,1,0.603,weakly_positive,weakly_positive
25-12-2024,2,0,0.48986,1,0,0.5,weakly_positive,weakly_positive
25-12-2024,6,24,0.4585,4,7,0.4755,weakly_positive,weakly_positive
25-12-2024,1,0,0.50632,1,1,0.5,weakly_positive,weakly_positive
25-12-2024,2,3,0.51935,2,4,0.5345,weakly_positive,weakly_positive
25-12-2024,0,0,0.0,0,0,0.0,weakly_positive,weakly_positive
25-12-2024,0,0,0.0,0,0,0.0,weakly_positive,weakly_positive
25-12-2024,3,10,0.74193,1,3,0.652,weakly_positive,weakly_positive
25-12-2024,0,0,0.0,0,0,0.0,weakly_positive,weakly_positive
25-12-2024,2,3,0.48174,1,2,0.5,weakly_positive,weakly_positive
25-12-2024,1,0,0.4861,1,0,0.5,weakly_positive,weakly_positive
25-12-2024,0,0,0.0,0,0,0.0,weakly_positive,weakly_positive
25-12-2024,3,0,0.61392,1,0,0.5,weakly_positive,weakly_positive
25-12-2024,2,2,0.56774,1,1,0.5,weakly_positive,weakly_positive
25-12-2024,0,0,0.5,0,0,0.5,weakly_positive,weakly_positive
25-12-2024,4,19,0.51618,2,5,0.53,weakly_positive,weakly_positive
25-12-2024,2,0,0.62015,1,0,0.59,weakly_positive,weakly_positive
25-12-2024,1,0,0.67557,1,0,0.594,weakly_positive,weakly_positive
25-12-2024,1,0,0.55388,1,0,0.567,weakly_positive,weakly_positive
25-12-2024,0,0,0.0,0,0,0.0,weakly_positive,weakly_positive
25-12-2024,0,0,0.0,0,0,0.0,weakly_positive,weakly_positive
25-12-2024,0,0,0.0,0,0,0.0,weakly_positive,weakly_positive
25-12-2024,0,0,0.0,0,0,0.0,weakly_positive,weakly_positive
25-12-2024,2,4,0.49251,1,3,0.511,weakly_positive,weakly_positive
25-12-2024,0,0,0.0,0,0,0.0,weakly_positive,weakly_positive
24-12-2024,0,0,0.0,0,0,0.0,strongly_positive,strongly_positive
24-12-2024,4,7,0.48835,2,2,0.4995,strongly_positive,strongly_positive
24-12-2024,2,3,0.62396,1,2,0.5,strongly_positive,strongly_positive
24-12-2024,3,0,0.58681,2,0,0.5095,strongly_positive,strongly_positive
24-12-2024,2,7,0.5669,2,12,0.5825,strongly_positive,strongly_positive
24-12-2024,1,0,0.58454,1,1,0.55,strongly_positive,strongly_positive
24-12-2024,3,0,0.505,1,0,0.5,strongly_positive,strongly_positive
24-12-2024,5,6,0.49855,2,1,0.5125,strongly_positive,strongly_positive
24-12-2024,2,4,0.50006,1,2,0.514,strongly_positive,strongly_positive
24-12-2024,2,7,0.78618,1,6,0.816,strongly_positive,strongly_positive
24-12-2024,2,2,0.71489,1,2,0.631,strongly_positive,strongly_positive
24-12-2024,3,5,0.60262,1,1,0.568,strongly_positive,strongly_positive
24-12-2024,7,19,0.56121,2,2,0.5825,strongly_positive,strongly_positive
24-12-2024,3,27,0.71065,1,7,0.71,strongly_positive,strongly_positive
24-12-2024,2,15,0.48615,1,8,0.5,strongly_positive,strongly_positive
24-12-2024,12,80,0.72223,6,8,0.59117,strongly_positive,strongly_positive
24-12-2024,2,0,0.50034,1,0,0.519,strongly_positive,strongly_positive
24-12-2024,0,0,0.0,0,0,0.0,strongly_positive,strongly_positive
24-12-2024,2,5,0.53845,2,13,0.514,strongly_positive,strongly_positive
24-12-2024,7,0,0.85738,2,0,0.716,strongly_positive,strongly_positive
24-12-2024,0,0,0.0,0,0,0.0,strongly_positive,strongly_positive
24-12-2024,2,0,0.77489,1,0,0.8,strongly_positive,strongly_positive
24-12-2024,4,22,0.76295,2,6,0.636,strongly_positive,strongly_positive
24-12-2024,2,0,0.3639,1,0,0.327,strongly_positive,strongly_positive
23-12-2024,4,2,0.62373,3,1,0.63333,weakly_positive,weakly_positive
23-12-2024,7,29,0.54809,2,3,0.5685,weakly_positive,weakly_positive
23-12-2024,3,12,0.4959,1,3,0.5,weakly_positive,weakly_positive
23-12-2024,3,4,0.48521,1,1,0.493,weakly_positive,weakly_positive
23-12-2024,2,6,0.62335,1,4,0.6,weakly_positive,weakly_positive
23-12-2024,3,35,0.77359,2,18,0.654,weakly_positive,weakly_positive
23-12-2024,2,2,0.49389,1,2,0.5,weakly_positive,weakly_positive
23-12-2024,3,0,0.41888,3,3,0.43333,weakly_positive,weakly_positive
23-12-2024,10,42,0.65804,3,3,0.55533,weakly_positive,weakly_positive
23-12-2024,9,68,0.61359,3,6,0.63433,weakly_positive,weakly_positive
23-12-2024,4,19,0.61649,2,5,0.623,weakly_positive,weakly_positive
23-12-2024,23,99,0.59176,11,5,0.57609,weakly_positive,weakly_positive
23-12-2024,13,74,0.46504,9,11,0.47122,weakly_positive,weakly_positive
23-12-2024,11,30,0.51036,8,6,0.51612,weakly_positive,weakly_positive
23-12-2024,2,1,0.64293,2,2,0.6665,weakly_positive,weakly_positive
23-12-2024,3,4,0.33869,1,1,0.35,weakly_positive,weakly_positive
23-12-2024,11,50,0.59091,4,4,0.5445,weakly_positive,weakly_positive
23-12-2024,0,0,0.0,0,0,0.0,weakly_positive,weakly_positive
23-12-2024,7,10,0.53933,4,2,0.5575,weakly_positive,weakly_positive
23-12-2024,0,0,0.0,0,0,0.0,weakly_positive,weakly_positive
23-12-2024,1,0,0.84287,1,1,0.85,weakly_positive,weakly_positive
23-12-2024,3,9,0.65066,1,2,0.56,weakly_positive,weakly_positive
23-12-2024,6,23,0.5574,2,3,0.574,weakly_positive,weakly_positive
23-12-2024,0,0,0.0,0,0,0.0,weakly_positive,weakly_positive
22-12-2024,2,2,0.50756,1,1,0.5,weakly_positive,weakly_positive
22-12-2024,7,0,0.55011,4,0,0.48225,weakly_positive,weakly_positive
22-12-2024,4,16,0.54596,3,9,0.54733,weakly_positive,weakly_positive
22-12-2024,2,2,0.48177,2,4,0.5,weakly_positive,weakly_positive
22-12-2024,1,1,0.5713,1,7,0.5,weakly_positive,weakly_positive
22-12-2024,3,0,0.62282,1,0,0.583,weakly_positive,weakly_positive
22-12-2024,5,15,0.6655,2,3,0.5405,weakly_positive,weakly_positive
22-12-2024,2,2,0.62845,1,1,0.625,weakly_positive,weakly_positive
22-12-2024,0,0,0.0,0,0,0.0,weakly_positive,weakly_positive
22-12-2024,3,0,0.50579,1,0,0.513,weakly_positive,weakly_positive
22-12-2024,3,0,0.59487,1,0,0.55,weakly_positive,weakly_positive
22-12-2024,0,0,0.0,0,0,0.0,weakly_positive,weakly_positive
22-12-2024,4,0,0.43758,2,0,0.452,weakly_positive,weakly_positive
22-12-2024,0,0,0.0,0,0,0.0,weakly_positive,weakly_positive
22-12-2024,0,0,0.0,0,0,0.0,weakly_positive,weakly_positive
22-12-2024,1,0,0.63647,1,1,0.55,weakly_positive,weakly_positive
22-12-2024,0,0,0.0,0,0,0.0,weakly_positive,weakly_positive
22-12-2024,0,0,0.0,0,0,0.0,weakly_positive,weakly_positive
22-12-2024,2,0,0.45574,1,0,0.45,weakly_positive,weakly_positive
22-12-2024,2,0,0.58919,1,0,0.545,weakly_positive,weakly_positive
22-12-2024,1,1,0.49974,1,2,0.5,weakly_positive,weakly_positive
22-12-2024,0,0,0.0,0,0,0.0,weakly_positive,weakly_positive
22-12-2024,3,0,0.58154,1,0,0.594,weakly_positive,weakly_positive
22-12-2024,3,0,0.59103,1,0,0.555,weakly_positive,weakly_positive
21-12-2024,8,36,0.54502,3,4,0.56567,weakly_positive,weakly_positive
21-12-2024,0,0,0.0,0,0,0.0,weakly_positive,weakly_positive
21-12-2024,2,0,0.48676,1,0,0.5,weakly_positive,weakly_positive
21-12-2024,4,1,0.51262,3,1,0.50633,weakly_positive,weakly_positive
21-12-2024,7,0,0.56784,2,0,0.5,weakly_positive,weakly_positive
21-12-2024,3,45,0.51913,1,10,0.533,weakly_positive,weakly_positive
21-12-2024,0,0,0.0,0,0,0.0,weakly_positive,weakly_positive
21-12-2024,2,6,0.86596,1,3,0.913,weakly_positive,weakly_positive
21-12-2024,2,0,0.58608,1,0,0.6,weakly_positive,weakly_positive
21-12-2024,3,0,0.66645,2,0,0.544,weakly_positive,weakly_positive
21-12-2024,1,0,0.50154,1,0,0.5,weakly_positive,weakly_positive
21-12-2024,1,1,0.58458,1,3,0.523,weakly_positive,weakly_positive
21-12-2024,0,0,0.0,0,0,0.0,weakly_positive,weakly_positive
21-12-2024,2,4,0.37712,1,3,0.35,weakly_positive,weakly_positive
21-12-2024,0,0,0.0,0,0,0.0,weakly_positive,weakly_positive
21-12-2024,1,0,0.35561,1,1,0.367,weakly_positive,weakly_positive
21-12-2024,0,0,0.0,0,0,0.0,weakly_positive,weakly_positive
21-12-2024,2,2,0.56482,1,1,0.586,weakly_positive,weakly_positive
21-12-2024,2,0,0.59786,1,0,0.519,weakly_positive,weakly_positive
21-12-2024,0,0,0.0,0,0,0.0,weakly_positive,weakly_positive
21-12-2024,0,0,0.0,0,0,0.0,weakly_positive,weakly_positive
21-12-2024,3,1,0.52728,2,1,0.522,weakly_positive,weakly_positive
21-12-2024,0,0,0.0,0,0,0.0,weakly_positive,weakly_positive
21-12-2024,3,35,0.62252,1,9,0.5,weakly_positive,weakly_positive
20-12-2024,3,7,0.48173,1,2,0.5,strongly_positive,strongly_positive
20-12-2024,0,0,0.0,0,0,0.0,strongly_positive,strongly_positive
20-12-2024,4,0,0.59369,2,0,0.5595,strongly_positive,strongly_positive
20-12-2024,2,0,0.60985,1,0,0.5,strongly_positive,strongly_positive
20-12-2024,2,5,0.62974,2,11,0.647,strongly_positive,strongly_positive
20-12-2024,3,18,0.48618,1,4,0.5,strongly_positive,strongly_positive
20-12-2024,3,8,0.61098,1,2,0.5,strongly_positive,strongly_positive
20-12-2024,2,2,0.39349,1,1,0.348,strongly_positive,strongly_positive
20-12-2024,12,91,0.55496,6,9,0.567,strongly_positive,strongly_positive
20-12-2024,10,55,0.53706,5,7,0.5126,strongly_positive,strongly_positive
20-12-2024,1,1,0.63292,1,3,0.633,strongly_positive,strongly_positive
20-12-2024,1,1,0.48911,1,2,0.5,strongly_positive,strongly_positive
20-12-2024,35,148,0.45866,10,3,0.4735,strongly_positive,strongly_positive
20-12-2024,11,48,0.39797,4,4,0.41275,strongly_positive,strongly_positive
20-12-2024,23,215,0.62541,9,9,0.56189,strongly_positive,strongly_positive
20-12-2024,10,7,0.53633,9,4,0.55278,strongly_positive,strongly_positive
20-12-2024,3,5,0.53673,1,1,0.5,strongly_positive,strongly_positive
20-12-2024,12,31,0.70618,4,2,0.56975,strongly_positive,strongly_positive
20-12-2024,7,0,0.72355,3,0,0.632,strongly_positive,strongly_positive
20-12-2024,2,15,0.82989,1,8,0.85,strongly_positive,strongly_positive
20-12-2024,2,6,0.62836,1,4,0.594,strongly_positive,strongly_positive
20-12-2024,0,0,0.0,0,0,0.0,strongly_positive,strongly_positive
20-12-2024,2,2,0.63433,2,3,0.651,strongly_positive,strongly_positive
20-12-2024,3,9,0.48569,1,2,0.5,strongly_positive,strongly_positive
19-12-2024,11,51,0.6267,4,4,0.622,weakly_positive,weakly_positive
19-12-2024,5,5,0.53787,2,1,0.4775,weakly_positive,weakly_positive
19-12-2024,2,4,0.48589,1,2,0.5,weakly_positive,weakly_positive
19-12-2024,5,3,0.68763,3,1,0.71367,weakly_positive,weakly_positive
19-12-2024,4,0,0.54884,3,0,0.55,weakly_positive,weakly_positive
19-12-2024,3,5,0.66298,1,1,0.627,weakly_positive,weakly_positive
19-12-2024,3,54,0.72819,1,13,0.6,weakly_positive,weakly_positive
19-12-2024,3,4,0.53731,1,1,0.538,weakly_positive,weakly_positive
19-12-2024,7,32,0.37879,3,5,0.39,weakly_positive,weakly_positive
19-12-2024,13,79,0.59094,7,8,0.56657,weakly_positive,weakly_positive
19-12-2024,9,19,0.6442,5,3,0.668,weakly_positive,weakly_positive
19-12-2024,2,1,0.46172,2,1,0.471,weakly_positive,weakly_positive
19-12-2024,0,0,0.0,0,0,0.0,weakly_positive,weakly_positive
19-12-2024,0,0,0.0,0,0,0.0,weakly_positive,weakly_positive
19-12-2024,0,0,0.0,0,0,0.0,weakly_positive,weakly_positive
19-12-2024,0,0,0.0,0,0,0.0,weakly_positive,weakly_positive
19-12-2024,0,0,0.0,0,0,0.0,weakly_positive,weakly_positive
19-12-2024,0,0,0.0,0,0,0.0,weakly_positive,weakly_positive
19-12-2024,4,3,0.49328,3,2,0.5,weakly_positive,weakly_positive
19-12-2024,4,0,0.48727,2,0,0.5,weakly_positive,weakly_positive
19-12-2024,2,2,0.61659,1,1,0.5,weakly_positive,weakly_positive
19-12-2024,0,0,0.0,0,0,0.0,weakly_positive,weakly_positive
19-12-2024,5,0,0.4875,4,0,0.5,weakly_positive,weakly_positive
19-12-2024,1,0,0.52709,1,0,0.5,weakly_positive,weakly_positive
18-12-2024,0,0,0.0,0,0,0.0,weakly_positive,weakly_positive
18-12-2024,0,0,0.0,0,0,0.0,weakly_positive,weakly_positive
18-12-2024,0,0,0.0,0,0,0.0,weakly_positive,weakly_positive
18-12-2024,0,0,0.0,0,0,0.0,weakly_positive,weakly_positive
18-12-2024,0,0,0.0,0,0,0.0,weakly_positive,weakly_positive
18-12-2024,0,0,0.0,0,0,0.0,weakly_positive,weakly_positive
18-12-2024,0,0,0.0,0,0,0.0,weakly_positive,weakly_positive
18-12-2024,0,0,0.0,0,0,0.0,weakly_positive,weakly_positive
18-12-2024,0,0,0.0,0,0,0.0,weakly_positive,weakly_positive
18-12-2024,0,0,0.0,0,0,0.0,weakly_positive,weakly_positive
18-12-2024,7,10,0.5657,4,2,0.58625,weakly_positive,weakly_positive
18-12-2024,21,385,0.56037,13,29,0.50738,weakly_positive,weakly_positive
18-12-2024,3,1,0.44047,3,1,0.42367,weakly_positive,weakly_positive
18-12-2024,0,0,0.0,0,0,0.0,weakly_positive,weakly_positive
18-12-2024,0,0,0.0,0,0,0.0,weakly_positive,weakly_positive
18-12-2024,0,0,0.0,0,0,0.0,weakly_positive,weakly_positive
18-12-2024,0,0,0.0,0,0,0.0,weakly_positive,weakly_positive
18-12-2024,0,0,0.0,0,0,0.0,weakly_positive,weakly_positive
18-12-2024,0,0,0.0,0,0,0.0,weakly_positive,weakly_positive
18-12-2024,0,0,0.0,0,0,0.0,weakly_positive,weakly_positive
18-12-2024,0,0,0.0,0,0,0.0,weakly_positive,weakly_positive
18-12-2024,0,0,0.0,0,0,0.0,weakly_positive,weakly_positive
18-12-2024,0,0,0.0,0,0,0.0,weakly_positive,weakly_positive
18-12-2024,0,0,0.0,0,0,0.0,weakly_positive,weakly_positive
17-12-2024,0,0,0.0,0,0,0.0,weakly_positive,weakly_positive
17-12-2024,0,0,0.0,0,0,0.0,weakly_positive,weakly_positive
17-12-2024,0,0,0.0,0,0,0.0,weakly_positive,weakly_positive
17-12-2024,0,0,0.0,0,0,0.0,weakly_positive,weakly_positive
17-12-2024,0,0,0.0,0,0,0.0,weakly_positive,weakly_positive
17-12-2024,0,0,0.0,0,0,0.0,weakly_positive,weakly_positive
17-12-2024,0,0,0.0,0,0,0.0,weakly_positive,weakly_positive
17-12-2024,0,0,0.0,0,0,0.0,weakly_positive,weakly_positive
17-12-2024,0,0,0.0,0,0,0.0,weakly_positive,weakly_positive
17-12-2024,0,0,0.0,0,0,0.0,weakly_positive,weakly_positive
17-12-2024,0,0,0.0,0,0,0.0,weakly_positive,weakly_positive
17-12-2024,0,0,0.0,0,0,0.0,weakly_positive,weakly_positive
17-12-2024,0,0,0.0,0,0,0.0,weakly_positive,weakly_positive
17-12-2024,0,0,0.0,0,0,0.0,weakly_positive,weakly_positive
17-12-2024,0,0,0.0,0,0,0.0,weakly_positive,weakly_positive
17-12-2024,17,225,0.57509,6,11,0.58083,weakly_positive,weakly_positive
17-12-2024,2,11,0.7071,1,6,0.6,weakly_positive,weakly_positive
17-12-2024,8,66,0.49317,4,10,0.5,weakly_positive,weakly_positive
17-12-2024,0,0,0.0,0,0,0.0,weakly_positive,weakly_positive
17-12-2024,0,0,0.0,0,0,0.0,weakly_positive,weakly_positive
17-12-2024,4,5,0.48396,4,7,0.5,weakly_positive,weakly_positive
17-12-2024,8,64,0.49555,3,7,0.5,weakly_positive,weakly_positive
17-12-2024,5,0,0.51243,2,0,0.5,weakly_positive,weakly_positive
17-12-2024,2,0,0.78538,1,0,0.678,weakly_positive,weakly_positive
16-12-2024,9,12,0.50112,5,2,0.506,weakly_positive,weakly_positive
16-12-2024,4,4,0.55321,3,2,0.57367,weakly_positive,weakly_positive
16-12-2024,5,2,0.40863,4,1,0.40325,weakly_positive,weakly_positive
16-12-2024,7,53,0.48205,3,8,0.5,weakly_positive,weakly_positive
16-12-2024,8,26,0.55836,4,4,0.563,weakly_positive,weakly_positive
16-12-2024,0,0,0.0,0,0,0.0,weakly_positive,weakly_positive
16-12-2024,0,0,0.0,0,0,0.0,weakly_positive,weakly_positive
16-12-2024,0,0,0.0,0,0,0.0,weakly_positive,weakly_positive
16-12-2024,0,0,0.0,0,0,0.0,weakly_positive,weakly_positive
16-12-2024,0,0,0.0,0,0,0.0,weakly_positive,weakly_positive
16-12-2024,0,0,0.0,0,0,0.0,weakly_positive,weakly_positive
16-12-2024,0,0,0.0,0,0,0.0,weakly_positive,weakly_positive
16-12-2024,0,0,0.0,0,0,0.0,weakly_positive,weakly_positive
16-12-2024,0,0,0.0,0,0,0.0,weakly_positive,weakly_positive
16-12-2024,0,0,0.0,0,0,0.0,weakly_positive,weakly_positive
16-12-2024,0,0,0.0,0,0,0.0,weakly_positive,weakly_positive
16-12-2024,0,0,0.0,0,0,0.0,weakly_positive,weakly_positive
16-12-2024,0,0,0.0,0,0,0.0,weakly_positive,weakly_positive
16-12-2024,0,0,0.0,0,0,0.0,weakly_positive,weakly_positive
16-12-2024,0,0,0.0,0,0,0.0,weakly_positive,weakly_positive
16-12-2024,0,0,0.0,0,0,0.0,weakly_positive,weakly_positive
16-12-2024,0,0,0.0,0,0,0.0,weakly_positive,weakly_positive
16-12-2024,0,0,0.0,0,0,0.0,weakly_positive,weakly_positive
16-12-2024,0,0,0.0,0,0,0.0,weakly_positive,weakly_positive
15-12-2024,0,0,0.0,0,0,0.0,neutral,neutral
15-12-2024,0,0,0.0,0,0,0.0,neutral,neutral
15-12-2024,0,0,0.0,0,0,0.0,neutral,neutral
15-12-2024,0,0,0.0,0,0,0.0,neutral,neutral
15-12-2024,0,0,0.0,0,0,0.0,neutral,neutral
15-12-2024,0,0,0.0,0,0,0.0,neutral,neutral
15-12-2024,0,0,0.0,0,0,0.0,neutral,neutral
15-12-2024,0,0,0.0,0,0,0.0,neutral,neutral
15-12-2024,0,0,0.0,0,0,0.0,neutral,neutral
15-12-2024,0,0,0.0,0,0,0.0,neutral,neutral
15-12-2024,0,0,0.0,0,0,0.0,neutral,neutral
15-12-2024,0,0,0.0,0,0,0.0,neutral,neutral
15-12-2024,0,0,0.0,0,0,0.0,neutral,neutral
15-12-2024,0,0,0.0,0,0,0.0,neutral,neutral
15-12-2024,0,0,0.0,0,0,0.0,neutral,neutral
15-12-2024,0,0,0.0,0,0,0.0,neutral,neutral
15-12-2024,0,0,0.0,0,0,0.0,neutral,neutral
15-12-2024,0,0,0.0,0,0,0.0,neutral,neutral
15-12-2024,0,0,0.0,0,0,0.0,neutral,neutral
15-12-2024,0,0,0.0,0,0,0.0,neutral,neutral
15-12-2024,0,0,0.0,0,0,0.0,neutral,neutral
15-12-2024,0,0,0.0,0,0,0.0,neutral,neutral
15-12-2024,0,0,0.0,0,0,0.0,neutral,neutral
15-12-2024,0,0,0.0,0,0,0.0,neutral,neutral
14-12-2024,0,0,0.0,0,0,0.0,weakly_positive,weakly_positive
14-12-2024,0,0,0.0,0,0,0.0,weakly_positive,weakly_positive
14-12-2024,0,0,0.0,0,0,0.0,weakly_positive,weakly_positive
14-12-2024,0,0,0.0,0,0,0.0,weakly_positive,weakly_positive
14-12-2024,0,0,0.0,0,0,0.0,weakly_positive,weakly_positive
14-12-2024,0,0,0.0,0,0,0.0,weakly_positive,weakly_positive
14-12-2024,13,55,0.4968,5,4,0.51,weakly_positive,weakly_positive
14-12-2024,5,5,0.53002,2,1,0.5,weakly_positive,weakly_positive
14-12-2024,2,4,0.50406,1,3,0.5,weakly_positive,weakly_positive
14-12-2024,3,29,0.62577,2,19,0.555,weakly_positive,weakly_positive
14-12-2024,0,0,0.0,0,0,0.0,weakly_positive,weakly_positive
14-12-2024,2,2,0.72103,1,1,0.664,weakly_positive,weakly_positive
14-12-2024,2,18,0.48243,1,10,0.5,weakly_positive,weakly_positive
14-12-2024,4,2,0.48977,3,1,0.50633,weakly_positive,weakly_positive
14-12-2024,4,1,0.49858,3,1,0.50833,weakly_positive,weakly_positive
14-12-2024,1,0,0.49804,1,1,0.5,weakly_positive,weakly_positive
14-12-2024,3,0,0.59648,1,0,0.513,weakly_positive,weakly_positive
14-12-2024,3,0,0.4907,1,0,0.5,weakly_positive,weakly_positive
14-12-2024,0,0,0.5,0,0,0.5,weakly_positive,weakly_positive
14-12-2024,0,0,0.0,0,0,0.0,weakly_positive,weakly_positive
14-12-2024,2,1,0.52098,1,1,0.513,weakly_positive,weakly_positive
14-12-2024,2,4,0.43674,1,3,0.45,weakly_positive,weakly_positive
14-12-2024,0,0,0.0,0,0,0.0,weakly_positive,weakly_positive
14-12-2024,10,28,0.63333,3,2,0.623,weakly_positive,weakly_positive
14-12-2024,9,45,0.62238,3,4,0.54433,weakly_positive,weakly_positive
13-12-2024,9,8,0.59031,4,1,0.55225,weakly_positive,weakly_positive
13-12-2024,4,0,0.56997,2,0,0.5915,weakly_positive,weakly_positive
13-12-2024,7,40,0.50446,4,8,0.5015,weakly_positive,weakly_positive
13-12-2024,4,7,0.50414,3,4,0.471,weakly_positive,weakly_positive
13-12-2024,1,1,0.68148,1,3,0.552,weakly_positive,weakly_positive
13-12-2024,3,4,0.41724,1,1,0.433,weakly_positive,weakly_positive
13-12-2024,8,180,0.5026,3,20,0.51533,weakly_positive,weakly_positive
13-12-2024,19,93,0.59026,8,5,0.5595,weakly_positive,weakly_positive
13-12-2024,25,208,0.47249,11,9,0.49036,weakly_positive,weakly_positive
13-12-2024,13,114,0.48477,8,15,0.497,weakly_positive,weakly_positive
13-12-2024,24,227,0.55711,18,22,0.574,weakly_positive,weakly_positive
13-12-2024,63,1019,0.54572,19,12,0.54268,weakly_positive,weakly_positive
13-12-2024,60,1025,0.60742,20,14,0.54105,weakly_positive,weakly_positive
13-12-2024,37,1172,0.48196,13,27,0.49638,weakly_positive,weakly_positive
13-12-2024,18,38,0.66595,14,5,0.61564,weakly_positive,weakly_positive
13-12-2024,2,0,0.46759,2,0,0.468,weakly_positive,weakly_positive
13-12-2024,14,40,0.54613,4,2,0.5385,weakly_positive,weakly_positive
13-12-2024,11,97,0.51803,4,8,0.529,weakly_positive,weakly_positive
13-12-2024,5,27,0.54556,2,5,0.5465,weakly_positive,weakly_positive
13-12-2024,2,2,0.48175,1,1,0.5,weakly_positive,weakly_positive
13-12-2024,0,0,0.0,0,0,0.0,weakly_positive,weakly_positive
13-12-2024,4,0,0.60602,3,0,0.568,weakly_positive,weakly_positive
13-12-2024,0,0,0.0,0,0,0.0,weakly_positive,weakly_positive
13-12-2024,3,8,0.29147,1,2,0.3,weakly_positive,weakly_positive
12-12-2024,3,7,0.41792,1,2,0.429,strongly_positive,strongly_positive
12-12-2024,12,150,0.58258,6,15,0.60467,strongly_positive,strongly_positive
12-12-2024,10,31,0.66159,5,4,0.5812,strongly_positive,strongly_positive
12-12-2024,5,3,0.57879,3,1,0.59267,strongly_positive,strongly_positive
12-12-2024,4,8,0.56236,3,6,0.58367,strongly_positive,strongly_positive
12-12-2024,7,82,0.48718,2,8,0.4855,strongly_positive,strongly_positive
12-12-2024,22,592,0.59791,7,21,0.53457,strongly_positive,strongly_positive
12-12-2024,15,156,0.53739,6,10,0.4375,strongly_positive,strongly_positive
12-12-2024,18,228,0.58044,8,14,0.60225,strongly_positive,strongly_positive
12-12-2024,21,179,0.60459,10,10,0.5397,strongly_positive,strongly_positive
12-12-2024,24,241,0.54492,17,20,0.51829,strongly_positive,strongly_positive
12-12-2024,8,34,0.69681,7,13,0.57886,strongly_positive,strongly_positive
12-12-2024,16,62,0.59621,5,3,0.6104,strongly_positive,strongly_positive
12-12-2024,14,114,0.4654,5,7,0.48,strongly_positive,strongly_positive
12-12-2024,16,160,0.70931,6,9,0.58817,strongly_positive,strongly_positive
12-12-2024,12,47,0.70372,6,5,0.6295,strongly_positive,strongly_positive
12-12-2024,3,11,0.58389,2,6,0.594,strongly_positive,strongly_positive
12-12-2024,5,32,0.349,3,11,0.336,strongly_positive,strongly_positive
12-12-2024,10,70,0.49482,3,5,0.513,strongly_positive,strongly_positive
12-12-2024,3,9,0.91881,1,2,0.829,strongly_positive,strongly_positive
12-12-2024,9,65,0.6186,3,6,0.627,strongly_positive,strongly_positive
12-12-2024,6,42,0.59607,3,8,0.50133,strongly_positive,strongly_positive
12-12-2024,0,0,0.0,0,0,0.0,strongly_positive,strongly_positive
12-12-2024,4,27,0.60496,3,15,0.62533,strongly_positive,strongly_positive
11-12-2024,5,2,0.76856,4,1,0.64525,strongly_positive,strongly_positive
11-12-2024,1,0,0.7858,1,3,0.813,strongly_positive,strongly_positive
11-12-2024,3,11,0.74063,1,3,0.75,strongly_positive,strongly_positive
11-12-2024,3,10,0.65026,1,3,0.631,strongly_positive,strongly_positive
11-12-2024,5,5,0.58419,2,1,0.5,strongly_positive,strongly_positive
11-12-2024,5,7,0.56907,3,2,0.57667,strongly_positive,strongly_positive
11-12-2024,6,6,0.46929,4,2,0.48625,strongly_positive,strongly_positive
11-12-2024,5,4,0.52833,4,2,0.51875,strongly_positive,strongly_positive
11-12-2024,13,52,0.6438,4,3,0.59075,strongly_positive,strongly_positive
11-12-2024,9,33,0.49943,3,3,0.502,strongly_positive,strongly_positive
11-12-2024,14,144,0.50017,5,9,0.4906,strongly_positive,strongly_positive
11-12-2024,22,267,0.55215,11,15,0.56209,strongly_positive,strongly_positive
11-12-2024,5,24,0.46283,3,7,0.43133,strongly_positive,strongly_positive
11-12-2024,9,14,0.72715,7,4,0.62271,strongly_positive,strongly_positive
11-12-2024,4,5,0.44183,4,9,0.4555,strongly_positive,strongly_positive
11-12-2024,7,30,0.60441,2,3,0.5625,strongly_positive,strongly_positive
11-12-2024,0,0,0.5,0,0,0.5,strongly_positive,strongly_positive
11-12-2024,8,17,0.52976,3,2,0.52033,strongly_positive,strongly_positive
11-12-2024,2,8,0.57311,1,4,0.5,strongly_positive,strongly_positive
11-12-2024,0,0,0.0,0,0,0.0,strongly_positive,strongly_positive
11-12-2024,1,5,0.6264,1,9,0.65,strongly_positive,strongly_positive
11-12-2024,0,0,0.0,0,0,0.0,strongly_positive,strongly_positive
11-12-2024,1,1,0.48703,1,3,0.5,strongly_positive,strongly_positive
11-12-2024,2,0,0.49362,1,0,0.5,strongly_positive,strongly_positive
11-12-2024,6,4,0.52915,3,1,0.53533,strongly_positive,strongly_positive
10-12-2024,4,10,0.75456,3,7,0.63767,weakly_positive,weakly_positive
10-12-2024,0,0,0.0,0,0,0.0,weakly_positive,weakly_positive
10-12-2024,3,18,0.54304,1,4,0.5,weakly_positive,weakly_positive
10-12-2024,8,17,0.57063,3,2,0.556,weakly_positive,weakly_positive
10-12-2024,5,15,0.45945,2,3,0.475,weakly_positive,weakly_positive
10-12-2024,2,0,0.55518,1,0,0.566,weakly_positive,weakly_positive
10-12-2024,2,0,0.43872,1,0,0.427,weakly_positive,weakly_positive
10-12-2024,1,1,0.58381,1,2,0.502,weakly_positive,weakly_positive
10-12-2024,3,2,0.51909,3,2,0.53467,weakly_positive,weakly_positive
10-12-2024,12,196,0.49101,4,13,0.509,weakly_positive,weakly_positive
10-12-2024,14,78,0.52388,5,5,0.5158,weakly_positive,weakly_positive
10-12-2024,21,246,0.5448,8,11,0.56137,weakly_positive,weakly_positive
10-12-2024,6,44,0.49853,3,10,0.5,weakly_positive,weakly_positive
10-12-2024,9,32,0.54586,6,6,0.5665,weakly_positive,weakly_positive
10-12-2024,7,20,0.61735,6,11,0.6295,weakly_positive,weakly_positive
10-12-2024,20,575,0.59869,6,21,0.56,weakly_positive,weakly_positive
10-12-2024,13,121,0.6037,4,7,0.6265,weakly_positive,weakly_positive
10-12-2024,2,2,0.50686,1,1,0.522,weakly_positive,weakly_positive
10-12-2024,2,2,0.68826,1,1,0.706,weakly_positive,weakly_positive
10-12-2024,0,0,0.0,0,0,0.0,weakly_positive,weakly_positive
10-12-2024,4,21,0.69075,3,12,0.60533,weakly_positive,weakly_positive
10-12-2024,1,0,0.29261,1,0,0.3,weakly_positive,weakly_positive
10-12-2024,1,1,0.52757,1,5,0.5,weakly_positive,weakly_positive
10-12-2024,8,9,0.59417,3,1,0.59133,weakly_positive,weakly_positive
09-12-2024,8,52,0.61349,3,6,0.629,strongly_positive,strongly_positive
09-12-2024,3,1,0.56038,3,2,0.56867,strongly_positive,strongly_positive
09-12-2024,3,1,0.49058,3,3,0.49533,strongly_positive,strongly_positive
09-12-2024,6,8,0.53906,2,1,0.559,strongly_positive,strongly_positive
09-12-2024,2,2,0.52484,1,1,0.542,strongly_positive,strongly_positive
09-12-2024,2,4,0.66645,1,2,0.616,strongly_positive,strongly_positive
09-12-2024,2,3,0.49951,1,2,0.5,strongly_positive,strongly_positive
09-12-2024,7,33,0.55797,5,9,0.5764,strongly_positive,strongly_positive
09-12-2024,1,3,0.48967,1,8,0.5,strongly_positive,strongly_positive
09-12-2024,1,6,0.86639,1,3,0.813,strongly_positive,strongly_positive
09-12-2024,14,33,0.58854,5,2,0.5084,strongly_positive,strongly_positive
09-12-2024,5,27,0.51853,2,5,0.5335,strongly_positive,strongly_positive
09-12-2024,2,27,0.13339,1,13,0.125,strongly_positive,strongly_positive
09-12-2024,10,92,0.53332,6,14,0.5265,strongly_positive,strongly_positive
09-12-2024,9,27,0.632,6,6,0.556,strongly_positive,strongly_positive
09-12-2024,6,1,0.51414,6,4,0.5145,strongly_positive,strongly_positive
09-12-2024,3,0,0.56267,1,0,0.584,strongly_positive,strongly_positive
09-12-2024,3,4,0.8539,1,1,0.75,strongly_positive,strongly_positive
09-12-2024,2,0,0.53686,1,0,0.504,strongly_positive,strongly_positive
09-12-2024,2,5,0.68551,1,3,0.559,strongly_positive,strongly_positive
09-12-2024,7,0,0.57504,4,0,0.573,strongly_positive,strongly_positive
09-12-2024,0,0,0.0,0,0,0.0,strongly_positive,strongly_positive
09-12-2024,0,0,0.0,0,0,0.0,strongly_positive,strongly_positive
09-12-2024,7,30,0.61055,2,3,0.6335,strongly_positive,strongly_positive
08-12-2024,5,21,0.5702,2,4,0.5835,weakly_positive,weakly_positive
08-12-2024,2,4,0.73817,1,2,0.702,weakly_positive,weakly_positive
08-12-2024,3,6,0.5012,2,3,0.5,weakly_positive,weakly_positive
08-12-2024,2,2,0.66024,1,2,0.676,weakly_positive,weakly_positive
08-12-2024,1,2,0.48482,1,5,0.5,weakly_positive,weakly_positive
08-12-2024,2,22,0.52308,1,12,0.486,weakly_positive,weakly_positive
08-12-2024,2,2,0.482,1,1,0.5,weakly_positive,weakly_positive
08-12-2024,0,0,0.0,0,0,0.0,weakly_positive,weakly_positive
08-12-2024,3,1,0.59279,2,1,0.55,weakly_positive,weakly_positive
08-12-2024,2,2,0.62316,2,4,0.5,weakly_positive,weakly_positive
08-12-2024,10,274,0.4737,3,20,0.49167,weakly_positive,weakly_positive
08-12-2024,3,17,0.48893,1,5,0.5,weakly_positive,weakly_positive
08-12-2024,7,55,0.65482,3,8,0.61667,weakly_positive,weakly_positive
08-12-2024,2,38,0.62624,1,20,0.65,weakly_positive,weakly_positive
08-12-2024,2,5,0.53811,1,4,0.553,weakly_positive,weakly_positive
08-12-2024,0,0,0.0,0,0,0.0,weakly_positive,weakly_positive
08-12-2024,3,0,0.52436,1,0,0.519,weakly_positive,weakly_positive
08-12-2024,0,0,0.0,0,0,0.0,weakly_positive,weakly_positive
08-12-2024,6,0,0.4904,2,0,0.504,weakly_positive,weakly_positive
08-12-2024,0,0,0.0,0,0,0.0,weakly_positive,weakly_positive
08-12-2024,0,0,0.0,0,0,0.0,weakly_positive,weakly_positive
08-12-2024,3,0,0.52613,2,0,0.538,weakly_positive,weakly_positive
08-12-2024,0,0,0.0,0,0,0.0,weakly_positive,weakly_positive
08-12-2024,3,0,0.50894,3,0,0.50833,weakly_positive,weakly_positive
07-12-2024,3,8,0.55699,1,2,0.5,weakly_positive,weakly_positive
07-12-2024,14,0,0.52719,6,0,0.50367,weakly_positive,weakly_positive
07-12-2024,2,2,0.5331,1,1,0.553,weakly_positive,weakly_positive
07-12-2024,2,0,0.55979,1,0,0.572,weakly_positive,weakly_positive
07-12-2024,0,0,0.0,0,0,0.0,weakly_positive,weakly_positive
07-12-2024,5,26,0.69733,4,15,0.582,weakly_positive,weakly_positive
07-12-2024,6,68,0.72427,2,9,0.6515,weakly_positive,weakly_positive
07-12-2024,11,78,0.49163,4,6,0.5075,weakly_positive,weakly_positive
07-12-2024,5,5,0.57253,2,1,0.5535,weakly_positive,weakly_positive
07-12-2024,1,2,0.48188,1,6,0.5,weakly_positive,weakly_positive
07-12-2024,3,51,0.54435,1,11,0.54,weakly_positive,weakly_positive
07-12-2024,6,16,0.66629,2,2,0.591,weakly_positive,weakly_positive
07-12-2024,5,11,0.6702,2,2,0.5405,weakly_positive,weakly_positive
07-12-2024,7,0,0.58805,3,0,0.61033,weakly_positive,weakly_positive
07-12-2024,10,8,0.58764,5,1,0.5204,weakly_positive,weakly_positive
07-12-2024,1,0,0.26453,1,0,0.25,weakly_positive,weakly_positive
07-12-2024,1,0,0.61471,1,0,0.506,weakly_positive,weakly_positive
07-12-2024,3,37,0.48715,1,9,0.5,weakly_positive,weakly_positive
07-12-2024,3,0,0.49156,1,0,0.506,weakly_positive,weakly_positive
07-12-2024,0,0,0.0,0,0,0.0,weakly_positive,weakly_positive
07-12-2024,0,0,0.0,0,0,0.0,weakly_positive,weakly_positive
07-12-2024,3,4,0.49293,2,2,0.503,weakly_positive,weakly_positive
07-12-2024,3,10,0.59301,2,6,0.5675,weakly_positive,weakly_positive
07-12-2024,3,0,0.50502,1,0,0.506,weakly_positive,weakly_positive
06-12-2024,13,18,0.50783,4,1,0.5185,weakly_positive,weakly_positive
06-12-2024,6,8,0.43704,2,1,0.4515,weakly_positive,weakly_positive
06-12-2024,2,0,0.68671,1,0,0.712,weakly_positive,weakly_positive
06-12-2024,4,10,0.61014,2,3,0.55,weakly_positive,weakly_positive
06-12-2024,3,1,0.50286,2,1,0.482,weakly_positive,weakly_positive
06-12-2024,4,10,0.55192,3,6,0.57233,weakly_positive,weakly_positive
06-12-2024,1,1,0.49514,1,4,0.5,weakly_positive,weakly_positive
06-12-2024,6,7,0.56604,2,1,0.585,weakly_positive,weakly_positive
06-12-2024,8,53,0.53815,3,6,0.45133,weakly_positive,weakly_positive
06-12-2024,33,444,0.50791,14,14,0.52557,weakly_positive,weakly_positive
06-12-2024,16,34,0.51954,9,3,0.53678,weakly_positive,weakly_positive
06-12-2024,31,265,0.53752,20,15,0.52125,weakly_positive,weakly_positive
06-12-2024,26,225,0.62643,20,21,0.5356,weakly_positive,weakly_positive
06-12-2024,46,525,0.49076,20,12,0.48805,weakly_positive,weakly_positive
06-12-2024,18,222,0.60619,9,15,0.54,weakly_positive,weakly_positive
06-12-2024,10,31,0.51673,5,4,0.5322,weakly_positive,weakly_positive
06-12-2024,4,5,0.48566,3,3,0.504,weakly_positive,weakly_positive
06-12-2024,0,0,0.0,0,0,0.0,weakly_positive,weakly_positive
06-12-2024,6,67,0.62951,2,9,0.597,weakly_positive,weakly_positive
06-12-2024,0,0,0.0,0,0,0.0,weakly_positive,weakly_positive
06-12-2024,0,0,0.0,0,0,0.0,weakly_positive,weakly_positive
06-12-2024,0,0,0.0,0,0,0.0,weakly_positive,weakly_positive
06-12-2024,0,0,0.0,0,0,0.0,weakly_positive,weakly_positive
06-12-2024,1,0,0.48234,1,1,0.5,weakly_positive,weakly_positive
05-12-2024,10,27,0.52907,3,2,0.539,weakly_positive,weakly_positive
05-12-2024,6,24,0.51869,2,3,0.498,weakly_positive,weakly_positive
05-12-2024,6,0,0.5996,2,0,0.505,weakly_positive,weakly_positive
05-12-2024,8,26,0.68531,4,4,0.62125,weakly_positive,weakly_positive
05-12-2024,0,0,0.0,0,0,0.0,weakly_positive,weakly_positive
05-12-2024,1,1,0.84429,1,4,0.875,weakly_positive,weakly_positive
05-12-2024,1,0,0.57118,1,1,0.517,weakly_positive,weakly_positive
05-12-2024,3,5,0.51082,1,1,0.517,weakly_positive,weakly_positive
05-12-2024,5,11,0.64439,2,2,0.544,weakly_positive,weakly_positive
05-12-2024,2,7,0.49418,1,3,0.5,weakly_positive,weakly_positive
05-12-2024,9,32,0.61008,4,4,0.56125,weakly_positive,weakly_positive
05-12-2024,2,15,0.74047,1,12,0.624,weakly_positive,weakly_positive
05-12-2024,4,29,0.57349,3,15,0.593,weakly_positive,weakly_positive
05-12-2024,1,0,0.49062,1,1,0.5,weakly_positive,weakly_positive
05-12-2024,22,112,0.62421,7,4,0.60714,weakly_positive,weakly_positive
05-12-2024,17,136,0.61642,6,7,0.5295,weakly_positive,weakly_positive
05-12-2024,16,105,0.51808,6,6,0.52767,weakly_positive,weakly_positive
05-12-2024,1,1,0.63491,1,4,0.568,weakly_positive,weakly_positive
05-12-2024,7,20,0.49151,2,2,0.5,weakly_positive,weakly_positive
05-12-2024,3,40,0.5966,1,11,0.619,weakly_positive,weakly_positive
05-12-2024,0,0,0.0,0,0,0.0,weakly_positive,weakly_positive
05-12-2024,0,0,0.0,0,0,0.0,weakly_positive,weakly_positive
05-12-2024,2,0,0.71334,1,0,0.593,weakly_positive,weakly_positive
05-12-2024,1,5,0.48267,1,11,0.5,weakly_positive,weakly_positive
04-12-2024,1,1,0.63298,1,2,0.575,strongly_positive,strongly_positive
04-12-2024,6,8,0.64917,2,1,0.626,strongly_positive,strongly_positive
04-12-2024,3,8,0.57909,1,2,0.6,strongly_positive,strongly_positive
04-12-2024,3,54,0.29601,1,16,0.3,strongly_positive,strongly_positive
04-12-2024,7,26,0.48289,4,5,0.49975,strongly_positive,strongly_positive
