published_date,twitter_posts,twitter_likes,twitter_sentiment,stock_twitter_posts,stock_twitter_likes,sentiment_score,weighted_daily_sentiment_x,weighted_daily_sentiment_y
04-03-2025,4,6,0.4838,2,2,0.5,weakly_positive,weakly_positive
04-03-2025,7,14,0.49009,4,3,0.5,weakly_positive,weakly_positive
04-03-2025,19,125,0.49849,12,11,0.5,weakly_positive,weakly_positive
04-03-2025,13,9,0.56132,13,15,0.48367,weakly_positive,weakly_positive
04-03-2025,60,2077,0.52059,19,27,0.53595,weakly_positive,weakly_positive
04-03-2025,63,2407,0.52774,21,31,0.49357,weakly_positive,weakly_positive
04-03-2025,45,945,0.54876,20,23,0.54095,weakly_positive,weakly_positive
04-03-2025,36,1056,0.47594,17,34,0.49018,weakly_positive,weakly_positive
04-03-2025,42,1287,0.53586,23,42,0.54965,weakly_positive,weakly_positive
04-03-2025,70,2244,0.56171,25,28,0.5124,weakly_positive,weakly_positive
04-03-2025,40,1098,0.47303,15,25,0.4896,weakly_positive,weakly_positive
04-03-2025,17,237,0.51526,9,18,0.53356,weakly_positive,weakly_positive
04-03-2025,7,91,0.56622,4,18,0.51575,weakly_positive,weakly_positive
04-03-2025,6,35,0.49553,4,10,0.5,weakly_positive,weakly_positive
04-03-2025,7,41,0.51444,2,4,0.4375,weakly_positive,weakly_positive
04-03-2025,0,0,0.0,0,0,0.0,weakly_positive,weakly_positive
04-03-2025,3,16,0.56404,1,4,0.522,weakly_positive,weakly_positive
04-03-2025,12,212,0.61228,5,18,0.5198,weakly_positive,weakly_positive
04-03-2025,2,0,0.55484,1,0,0.573,weakly_positive,weakly_positive
03-03-2025,5,32,0.47799,3,9,0.48833,weakly_positive,weakly_positive
03-03-2025,8,65,0.58268,6,19,0.56933,weakly_positive,weakly_positive
03-03-2025,8,66,0.54904,7,37,0.475,weakly_positive,weakly_positive
03-03-2025,5,2,0.54062,5,8,0.552,weakly_positive,weakly_positive
03-03-2025,11,0,0.47606,4,0,0.49375,weakly_positive,weakly_positive
03-03-2025,21,244,0.53022,9,12,0.52389,weakly_positive,weakly_positive
03-03-2025,14,311,0.71188,8,31,0.65913,weakly_positive,weakly_positive
03-03-2025,36,808,0.64214,23,39,0.51378,weakly_positive,weakly_positive
03-03-2025,23,368,0.48539,16,31,0.47913,weakly_positive,weakly_positive
03-03-2025,33,888,0.54159,10,20,0.5534,weakly_positive,weakly_positive
03-03-2025,59,2501,0.53628,20,35,0.50405,weakly_positive,weakly_positive
03-03-2025,60,2509,0.46935,21,36,0.48714,weakly_positive,weakly_positive
03-03-2025,19,160,0.62258,9,10,0.64022,weakly_positive,weakly_positive
03-03-2025,61,866,0.54344,31,18,0.5101,weakly_positive,weakly_positive
03-03-2025,22,172,0.60941,13,12,0.49685,weakly_positive,weakly_positive
03-03-2025,3,4,0.61335,3,7,0.54067,weakly_positive,weakly_positive
03-03-2025,4,0,0.46054,4,6,0.473,weakly_positive,weakly_positive
03-03-2025,3,7,0.61683,1,2,0.5,weakly_positive,weakly_positive
03-03-2025,5,5,0.60388,2,1,0.6,weakly_positive,weakly_positive
03-03-2025,0,0,0.0,0,0,0.0,weakly_positive,weakly_positive
03-03-2025,3,5,0.39542,2,3,0.375,weakly_positive,weakly_positive
03-03-2025,3,10,0.57814,2,7,0.6,weakly_positive,weakly_positive
03-03-2025,2,9,0.34892,2,16,0.35,weakly_positive,weakly_positive
03-03-2025,0,0,0.0,0,0,0.0,weakly_positive,weakly_positive
02-03-2025,3,0,0.60553,1,0,0.5,weakly_positive,weakly_positive
02-03-2025,5,0,0.48861,2,0,0.5065,weakly_positive,weakly_positive
02-03-2025,7,26,0.53394,4,5,0.55,weakly_positive,weakly_positive
02-03-2025,5,3,0.57355,3,1,0.55067,weakly_positive,weakly_positive
02-03-2025,2,5,0.60284,1,5,0.625,weakly_positive,weakly_positive
02-03-2025,3,0,0.59938,1,0,0.611,weakly_positive,weakly_positive
02-03-2025,6,101,0.49376,2,13,0.5105,weakly_positive,weakly_positive
02-03-2025,5,5,0.49833,2,1,0.5,weakly_positive,weakly_positive
02-03-2025,4,21,0.67005,2,6,0.6065,weakly_positive,weakly_positive
02-03-2025,12,148,0.59162,6,15,0.6115,weakly_positive,weakly_positive
02-03-2025,3,10,0.33766,2,7,0.35,weakly_positive,weakly_positive
02-03-2025,0,0,0.0,0,0,0.0,weakly_positive,weakly_positive
02-03-2025,1,0,0.64178,1,0,0.65,weakly_positive,weakly_positive
02-03-2025,3,7,0.59332,1,2,0.5,weakly_positive,weakly_positive
02-03-2025,5,0,0.34617,2,0,0.35,weakly_positive,weakly_positive
02-03-2025,5,10,0.58075,2,2,0.5335,weakly_positive,weakly_positive
02-03-2025,3,5,0.51406,2,3,0.5,weakly_positive,weakly_positive
02-03-2025,2,0,0.48341,1,0,0.5,weakly_positive,weakly_positive
02-03-2025,7,10,0.55838,2,1,0.565,weakly_positive,weakly_positive
02-03-2025,6,107,0.36024,2,13,0.35,weakly_positive,weakly_positive
02-03-2025,0,0,0.0,0,0,0.0,weakly_positive,weakly_positive
02-03-2025,0,0,0.0,0,0,0.0,weakly_positive,weakly_positive
02-03-2025,2,0,0.63703,2,0,0.569,weakly_positive,weakly_positive
02-03-2025,1,0,0.62677,1,0,0.638,weakly_positive,weakly_positive
01-03-2025,9,130,0.49471,3,12,0.51333,weakly_positive,weakly_positive
01-03-2025,3,7,0.48544,1,2,0.488,weakly_positive,weakly_positive
01-03-2025,5,9,0.56033,2,2,0.509,weakly_positive,weakly_positive
01-03-2025,0,0,0.0,0,0,0.0,weakly_positive,weakly_positive
01-03-2025,4,2,0.50413,3,1,0.52233,weakly_positive,weakly_positive
01-03-2025,7,26,0.46988,5,8,0.4262,weakly_positive,weakly_positive
01-03-2025,22,979,0.52296,7,34,0.50371,weakly_positive,weakly_positive
01-03-2025,14,33,0.7083,5,2,0.5994,weakly_positive,weakly_positive
01-03-2025,0,0,0.5,0,0,0.5,weakly_positive,weakly_positive
01-03-2025,5,24,0.53847,2,5,0.548,weakly_positive,weakly_positive
01-03-2025,8,19,0.5282,4,3,0.5465,weakly_positive,weakly_positive
01-03-2025,22,115,0.63755,12,7,0.53858,weakly_positive,weakly_positive
01-03-2025,15,66,0.5904,12,12,0.53658,weakly_positive,weakly_positive
01-03-2025,7,3,0.52143,7,5,0.52671,weakly_positive,weakly_positive
01-03-2025,7,20,0.58412,2,2,0.569,weakly_positive,weakly_positive
01-03-2025,18,171,0.6198,7,9,0.62829,weakly_positive,weakly_positive
01-03-2025,10,20,0.55645,4,2,0.5625,weakly_positive,weakly_positive
01-03-2025,2,7,0.48227,1,4,0.5,weakly_positive,weakly_positive
01-03-2025,3,0,0.57878,2,0,0.598,weakly_positive,weakly_positive
01-03-2025,0,0,0.0,0,0,0.0,weakly_positive,weakly_positive
01-03-2025,16,105,0.45042,5,5,0.4394,weakly_positive,weakly_positive
01-03-2025,0,0,0.0,0,0,0.0,weakly_positive,weakly_positive
01-03-2025,0,0,0.0,0,0,0.0,weakly_positive,weakly_positive
01-03-2025,0,0,0.0,0,0,0.0,weakly_positive,weakly_positive
01-03-2025,0,0,0.0,0,0,0.0,weakly_positive,weakly_positive
28-02-2025,3,0,0.59492,2,0,0.6125,weakly_positive,weakly_positive
28-02-2025,3,0,0.80826,1,0,0.725,weakly_positive,weakly_positive
28-02-2025,5,50,0.44875,2,10,0.456,weakly_positive,weakly_positive
28-02-2025,8,34,0.53345,4,5,0.55225,weakly_positive,weakly_positive
28-02-2025,3,28,0.4204,2,16,0.4235,weakly_positive,weakly_positive
28-02-2025,7,98,0.56509,5,32,0.5154,weakly_positive,weakly_positive
28-02-2025,4,9,0.42287,3,6,0.43767,weakly_positive,weakly_positive
28-02-2025,87,4370,0.52506,29,41,0.54372,weakly_positive,weakly_positive
28-02-2025,43,1089,0.50249,16,23,0.51019,weakly_positive,weakly_positive
28-02-2025,25,300,0.47272,12,14,0.45675,weakly_positive,weakly_positive
28-02-2025,24,347,0.60912,13,20,0.51792,weakly_positive,weakly_positive
28-02-2025,29,291,0.51035,17,15,0.51782,weakly_positive,weakly_positive
28-02-2025,53,777,0.48755,48,59,0.50477,weakly_positive,weakly_positive
28-02-2025,100,3895,0.53725,30,29,0.52543,weakly_positive,weakly_positive
28-02-2025,54,1541,0.51831,17,22,0.53529,weakly_positive,weakly_positive
28-02-2025,17,367,0.51299,7,22,0.51714,weakly_positive,weakly_positive
28-02-2025,20,502,0.574,9,27,0.56078,weakly_positive,weakly_positive
28-02-2025,0,0,0.0,0,0,0.0,weakly_positive,weakly_positive
28-02-2025,1,0,0.46707,1,1,0.433,weakly_positive,weakly_positive
28-02-2025,2,4,0.55055,2,5,0.571,weakly_positive,weakly_positive
28-02-2025,0,0,0.0,0,0,0.0,weakly_positive,weakly_positive
28-02-2025,3,8,0.63624,1,2,0.589,weakly_positive,weakly_positive
28-02-2025,10,95,0.55098,4,9,0.551,weakly_positive,weakly_positive
28-02-2025,2,0,0.77862,1,0,0.675,weakly_positive,weakly_positive
27-02-2025,3,6,0.58723,2,3,0.6,weakly_positive,weakly_positive
27-02-2025,4,10,0.49694,3,5,0.467,weakly_positive,weakly_positive
27-02-2025,6,18,0.59526,6,29,0.51517,weakly_positive,weakly_positive
27-02-2025,10,106,0.37275,3,8,0.38333,weakly_positive,weakly_positive
27-02-2025,28,491,0.46026,10,15,0.4729,weakly_positive,weakly_positive
27-02-2025,27,550,0.48961,19,40,0.49663,weakly_positive,weakly_positive
27-02-2025,18,200,0.47876,15,33,0.49593,weakly_positive,weakly_positive
27-02-2025,22,387,0.63269,20,70,0.53925,weakly_positive,weakly_positive
27-02-2025,99,6855,0.54744,35,60,0.50129,weakly_positive,weakly_positive
27-02-2025,75,1927,0.50583,30,25,0.509,weakly_positive,weakly_positive
27-02-2025,33,775,0.47223,17,30,0.48871,weakly_positive,weakly_positive
27-02-2025,30,272,0.52355,18,14,0.5325,weakly_positive,weakly_positive
27-02-2025,33,917,0.51585,21,47,0.51948,weakly_positive,weakly_positive
27-02-2025,129,10102,0.60937,37,56,0.52057,weakly_positive,weakly_positive
27-02-2025,41,1414,0.56185,13,27,0.57954,weakly_positive,weakly_positive
27-02-2025,48,3179,0.5838,16,54,0.54225,weakly_positive,weakly_positive
27-02-2025,13,130,0.51694,6,11,0.507,weakly_positive,weakly_positive
27-02-2025,4,7,0.48457,2,2,0.5,weakly_positive,weakly_positive
27-02-2025,2,4,0.57571,1,3,0.589,weakly_positive,weakly_positive
27-02-2025,4,7,0.57636,3,5,0.598,weakly_positive,weakly_positive
27-02-2025,2,4,0.57543,2,8,0.5,weakly_positive,weakly_positive
27-02-2025,6,79,0.60073,2,11,0.559,weakly_positive,weakly_positive
27-02-2025,3,14,0.48195,1,4,0.5,weakly_positive,weakly_positive
27-02-2025,0,0,0.0,0,0,0.0,weakly_positive,weakly_positive
26-02-2025,2,0,0.56944,1,0,0.583,strongly_positive,strongly_positive
26-02-2025,3,11,0.65294,2,6,0.525,strongly_positive,strongly_positive
26-02-2025,9,54,0.51559,7,14,0.53514,strongly_positive,strongly_positive
26-02-2025,33,939,0.54463,10,21,0.5573,strongly_positive,strongly_positive
26-02-2025,15,278,0.5923,5,15,0.5586,strongly_positive,strongly_positive
26-02-2025,40,833,0.61351,15,19,0.50353,strongly_positive,strongly_positive
26-02-2025,33,899,0.47797,16,32,0.49094,strongly_positive,strongly_positive
26-02-2025,45,1679,0.48929,25,52,0.50332,strongly_positive,strongly_positive
26-02-2025,36,335,0.62516,21,14,0.51214,strongly_positive,strongly_positive
26-02-2025,63,2323,0.48245,24,34,0.5,strongly_positive,strongly_positive
26-02-2025,0,0,0.5,0,0,0.5,strongly_positive,strongly_positive
26-02-2025,44,1095,0.54914,19,26,0.53989,strongly_positive,strongly_positive
26-02-2025,27,382,0.64506,15,20,0.593,strongly_positive,strongly_positive
26-02-2025,43,633,0.51955,28,26,0.52168,strongly_positive,strongly_positive
26-02-2025,89,1672,0.52404,62,37,0.51469,strongly_positive,strongly_positive
26-02-2025,92,4279,0.51011,28,35,0.51971,strongly_positive,strongly_positive
26-02-2025,29,701,0.57103,10,20,0.5331,strongly_positive,strongly_positive
26-02-2025,14,360,0.53851,5,22,0.5588,strongly_positive,strongly_positive
26-02-2025,20,417,0.5124,10,25,0.528,strongly_positive,strongly_positive
26-02-2025,0,0,0.0,0,0,0.0,strongly_positive,strongly_positive
26-02-2025,7,14,0.61907,4,3,0.5,strongly_positive,strongly_positive
26-02-2025,2,2,0.61936,2,6,0.5415,strongly_positive,strongly_positive
26-02-2025,3,0,0.54561,1,0,0.559,strongly_positive,strongly_positive
26-02-2025,16,262,0.57865,6,15,0.6005,strongly_positive,strongly_positive
26-02-2025,8,42,0.61103,3,5,0.53333,strongly_positive,strongly_positive
25-02-2025,13,177,0.53314,6,15,0.547,strongly_positive,strongly_positive
25-02-2025,14,220,0.65046,9,28,0.52667,strongly_positive,strongly_positive
25-02-2025,6,36,0.51987,4,12,0.51625,strongly_positive,strongly_positive
25-02-2025,7,18,0.61091,6,8,0.54283,strongly_positive,strongly_positive
25-02-2025,22,283,0.60667,7,10,0.49029,strongly_positive,strongly_positive
25-02-2025,37,1237,0.54655,13,29,0.56723,strongly_positive,strongly_positive
25-02-2025,22,136,0.4884,9,6,0.48967,strongly_positive,strongly_positive
25-02-2025,50,971,0.50702,26,25,0.47985,strongly_positive,strongly_positive
25-02-2025,42,565,0.67719,25,21,0.55856,strongly_positive,strongly_positive
25-02-2025,38,1311,0.49783,24,59,0.49871,strongly_positive,strongly_positive
25-02-2025,76,1803,0.50088,22,17,0.51582,strongly_positive,strongly_positive
25-02-2025,109,4833,0.54327,35,35,0.52123,strongly_positive,strongly_positive
25-02-2025,43,1491,0.49829,26,55,0.51665,strongly_positive,strongly_positive
25-02-2025,68,1604,0.51348,49,49,0.5062,strongly_positive,strongly_positive
25-02-2025,5,4,0.3964,4,2,0.40825,strongly_positive,strongly_positive
25-02-2025,40,1111,0.53798,13,22,0.539,strongly_positive,strongly_positive
25-02-2025,11,114,0.47597,4,9,0.494,strongly_positive,strongly_positive
25-02-2025,8,88,0.64668,3,10,0.56667,strongly_positive,strongly_positive
25-02-2025,4,12,0.41782,2,4,0.3915,strongly_positive,strongly_positive
25-02-2025,11,47,0.4935,6,6,0.51217,strongly_positive,strongly_positive
25-02-2025,6,61,0.49589,4,18,0.4935,strongly_positive,strongly_positive
25-02-2025,21,176,0.50061,6,6,0.51383,strongly_positive,strongly_positive
25-02-2025,10,27,0.61593,3,2,0.5,strongly_positive,strongly_positive
25-02-2025,15,168,0.56651,6,11,0.4975,strongly_positive,strongly_positive
24-02-2025,16,216,0.54543,7,14,0.55957,strongly_positive,strongly_positive
24-02-2025,0,0,0.0,0,0,0.0,strongly_positive,strongly_positive
24-02-2025,7,20,0.53314,5,6,0.5312,strongly_positive,strongly_positive
24-02-2025,4,20,0.42748,3,12,0.438,strongly_positive,strongly_positive
24-02-2025,6,24,0.48087,6,21,0.49567,strongly_positive,strongly_positive
24-02-2025,33,320,0.54154,11,8,0.53909,strongly_positive,strongly_positive
24-02-2025,34,809,0.60823,13,22,0.54277,strongly_positive,strongly_positive
24-02-2025,49,1166,0.52773,21,25,0.53738,strongly_positive,strongly_positive
24-02-2025,41,1353,0.49412,23,47,0.51274,strongly_positive,strongly_positive
24-02-2025,44,616,0.5166,29,25,0.51907,strongly_positive,strongly_positive
24-02-2025,46,1637,0.49642,32,71,0.50581,strongly_positive,strongly_positive
24-02-2025,102,5129,0.67381,31,38,0.55852,strongly_positive,strongly_positive
24-02-2025,100,5742,0.48056,34,48,0.49797,strongly_positive,strongly_positive
24-02-2025,121,4740,0.47501,52,41,0.48969,strongly_positive,strongly_positive
24-02-2025,53,2015,0.54325,26,46,0.52288,strongly_positive,strongly_positive
24-02-2025,25,369,0.48815,13,19,0.50592,strongly_positive,strongly_positive
24-02-2025,35,1920,0.47094,12,46,0.4655,strongly_positive,strongly_positive
24-02-2025,13,153,0.60708,5,11,0.5352,strongly_positive,strongly_positive
24-02-2025,5,5,0.63287,2,1,0.65,strongly_positive,strongly_positive
24-02-2025,9,80,0.4744,5,13,0.4924,strongly_positive,strongly_positive
24-02-2025,2,4,0.64647,1,3,0.569,strongly_positive,strongly_positive
24-02-2025,7,57,0.64807,5,17,0.6632,strongly_positive,strongly_positive
24-02-2025,10,67,0.62964,3,5,0.51467,strongly_positive,strongly_positive
24-02-2025,6,94,0.45109,2,12,0.45,strongly_positive,strongly_positive
23-02-2025,9,188,0.53615,4,22,0.551,strongly_positive,strongly_positive
23-02-2025,9,161,0.61283,4,20,0.5,strongly_positive,strongly_positive
23-02-2025,0,0,0.5,0,0,0.5,strongly_positive,strongly_positive
23-02-2025,9,61,0.50874,5,9,0.5278,strongly_positive,strongly_positive
23-02-2025,4,12,0.57043,3,8,0.58333,strongly_positive,strongly_positive
23-02-2025,7,30,0.59613,6,14,0.56783,strongly_positive,strongly_positive
23-02-2025,14,354,0.76428,4,18,0.63625,strongly_positive,strongly_positive
23-02-2025,8,214,0.48411,3,23,0.49533,strongly_positive,strongly_positive
23-02-2025,5,16,0.47684,2,3,0.492,strongly_positive,strongly_positive
23-02-2025,6,27,0.50076,3,5,0.48333,strongly_positive,strongly_positive
23-02-2025,13,146,0.60675,8,18,0.54375,strongly_positive,strongly_positive
23-02-2025,14,80,0.55501,10,12,0.5642,strongly_positive,strongly_positive
23-02-2025,8,16,0.56998,6,5,0.5495,strongly_positive,strongly_positive
23-02-2025,12,123,0.55764,4,8,0.5615,strongly_positive,strongly_positive
23-02-2025,16,164,0.54485,6,9,0.4965,strongly_positive,strongly_positive
23-02-2025,6,32,0.81795,3,6,0.68133,strongly_positive,strongly_positive
23-02-2025,9,163,0.60579,5,24,0.6274,strongly_positive,strongly_positive
23-02-2025,2,1,0.65941,1,1,0.6,strongly_positive,strongly_positive
23-02-2025,0,0,0.0,0,0,0.0,strongly_positive,strongly_positive
23-02-2025,7,10,0.58159,2,1,0.494,strongly_positive,strongly_positive
23-02-2025,3,0,0.65764,1,0,0.667,strongly_positive,strongly_positive
23-02-2025,5,18,0.5805,3,6,0.514,strongly_positive,strongly_positive
23-02-2025,0,0,0.0,0,0,0.0,strongly_positive,strongly_positive
23-02-2025,1,0,0.52338,1,1,0.5,strongly_positive,strongly_positive
23-02-2025,9,34,0.48763,3,3,0.488,strongly_positive,strongly_positive
22-02-2025,0,0,0.0,0,0,0.0,weakly_positive,weakly_positive
22-02-2025,6,42,0.5206,3,8,0.42767,weakly_positive,weakly_positive
22-02-2025,0,0,0.0,0,0,0.0,weakly_positive,weakly_positive
22-02-2025,5,14,0.59072,3,4,0.53133,weakly_positive,weakly_positive
22-02-2025,0,0,0.0,0,0,0.0,weakly_positive,weakly_positive
22-02-2025,1,1,0.53993,1,4,0.56,weakly_positive,weakly_positive
22-02-2025,6,8,0.59083,2,1,0.596,weakly_positive,weakly_positive
22-02-2025,5,11,0.71047,2,2,0.679,weakly_positive,weakly_positive
22-02-2025,11,156,0.64073,5,15,0.536,weakly_positive,weakly_positive
22-02-2025,14,181,0.52775,7,16,0.54629,weakly_positive,weakly_positive
22-02-2025,7,34,0.50101,5,9,0.5174,weakly_positive,weakly_positive
22-02-2025,5,23,0.70674,4,12,0.68425,weakly_positive,weakly_positive
22-02-2025,7,29,0.50482,6,14,0.52267,weakly_positive,weakly_positive
22-02-2025,26,557,0.51617,9,18,0.52378,weakly_positive,weakly_positive
22-02-2025,8,26,0.52588,3,3,0.54467,weakly_positive,weakly_positive
22-02-2025,4,7,0.52032,2,2,0.525,weakly_positive,weakly_positive
22-02-2025,5,14,0.65982,3,4,0.60367,weakly_positive,weakly_positive
22-02-2025,3,4,0.53114,2,2,0.55,weakly_positive,weakly_positive
22-02-2025,2,4,0.49467,2,14,0.512,weakly_positive,weakly_positive
22-02-2025,6,49,0.5862,2,6,0.596,weakly_positive,weakly_positive
22-02-2025,3,4,0.64119,1,1,0.646,weakly_positive,weakly_positive
22-02-2025,2,0,0.6023,1,0,0.514,weakly_positive,weakly_positive
22-02-2025,0,0,0.0,0,0,0.0,weakly_positive,weakly_positive
22-02-2025,4,6,0.65351,2,2,0.6065,weakly_positive,weakly_positive
21-02-2025,6,51,0.5242,2,7,0.5345,weakly_positive,weakly_positive
21-02-2025,5,12,0.39125,2,2,0.375,weakly_positive,weakly_positive
21-02-2025,0,0,0.0,0,0,0.0,weakly_positive,weakly_positive
21-02-2025,2,14,0.35972,1,9,0.367,weakly_positive,weakly_positive
21-02-2025,8,63,0.58269,5,13,0.6022,weakly_positive,weakly_positive
21-02-2025,2,0,0.54793,2,2,0.568,weakly_positive,weakly_positive
21-02-2025,24,396,0.46264,7,12,0.41786,weakly_positive,weakly_positive
21-02-2025,76,2813,0.52682,25,30,0.53372,weakly_positive,weakly_positive
21-02-2025,85,3376,0.52707,35,40,0.54646,weakly_positive,weakly_positive
21-02-2025,72,1618,0.49876,34,26,0.50412,weakly_positive,weakly_positive
21-02-2025,26,343,0.64817,14,18,0.59507,weakly_positive,weakly_positive
21-02-2025,26,166,0.56076,19,14,0.47137,weakly_positive,weakly_positive
21-02-2025,43,477,0.51473,38,42,0.53245,weakly_positive,weakly_positive
21-02-2025,52,518,0.576,50,67,0.52804,weakly_positive,weakly_positive
21-02-2025,49,2892,0.5358,18,53,0.52033,weakly_positive,weakly_positive
21-02-2025,46,1541,0.66709,19,34,0.57163,weakly_positive,weakly_positive
21-02-2025,20,339,0.55656,11,23,0.56373,weakly_positive,weakly_positive
21-02-2025,8,14,0.50045,5,3,0.5186,weakly_positive,weakly_positive
21-02-2025,7,79,0.61677,5,21,0.5276,weakly_positive,weakly_positive
21-02-2025,10,140,0.69569,3,10,0.639,weakly_positive,weakly_positive
21-02-2025,0,0,0.0,0,0,0.0,weakly_positive,weakly_positive
21-02-2025,14,385,0.57786,5,23,0.5672,weakly_positive,weakly_positive
21-02-2025,11,67,0.57146,5,7,0.582,weakly_positive,weakly_positive
21-02-2025,6,24,0.46085,3,5,0.46333,weakly_positive,weakly_positive
20-02-2025,2,0,0.66016,1,0,0.685,strongly_positive,strongly_positive
20-02-2025,1,0,0.53674,1,1,0.5,strongly_positive,strongly_positive
20-02-2025,16,311,0.51377,9,27,0.523,strongly_positive,strongly_positive
20-02-2025,10,100,0.5543,6,15,0.533,strongly_positive,strongly_positive
20-02-2025,7,62,0.5909,5,17,0.4988,strongly_positive,strongly_positive
20-02-2025,40,2367,0.58454,12,44,0.53092,strongly_positive,strongly_positive
20-02-2025,48,2173,0.48588,15,35,0.50253,strongly_positive,strongly_positive
20-02-2025,91,4655,0.52876,32,44,0.51484,strongly_positive,strongly_positive
20-02-2025,41,1286,0.59991,18,34,0.54406,strongly_positive,strongly_positive
20-02-2025,37,732,0.61492,19,25,0.62179,strongly_positive,strongly_positive
20-02-2025,20,459,0.47764,12,35,0.49517,strongly_positive,strongly_positive
20-02-2025,15,102,0.54779,12,19,0.55475,strongly_positive,strongly_positive
20-02-2025,41,57,0.56534,41,28,0.52105,strongly_positive,strongly_positive
20-02-2025,84,8904,0.48528,25,78,0.503,strongly_positive,strongly_positive
20-02-2025,63,3608,0.57176,25,55,0.591,strongly_positive,strongly_positive
20-02-2025,65,5518,0.54092,29,93,0.55169,strongly_positive,strongly_positive
20-02-2025,43,1706,0.59551,25,60,0.58004,strongly_positive,strongly_positive
20-02-2025,45,1183,0.60991,31,51,0.52506,strongly_positive,strongly_positive
20-02-2025,33,165,0.60687,24,11,0.61858,strongly_positive,strongly_positive
20-02-2025,16,104,0.47707,5,5,0.4946,strongly_positive,strongly_positive
20-02-2025,11,78,0.58843,4,6,0.57975,strongly_positive,strongly_positive
20-02-2025,16,215,0.50592,6,12,0.52117,strongly_positive,strongly_positive
20-02-2025,20,505,0.54071,10,32,0.542,strongly_positive,strongly_positive
19-02-2025,7,57,0.63499,4,11,0.625,weakly_positive,weakly_positive
19-02-2025,10,83,0.64578,6,14,0.56533,weakly_positive,weakly_positive
19-02-2025,18,925,0.59,18,36,0.55239,weakly_positive,weakly_positive
19-02-2025,87,8136,0.5469,26,69,0.56758,weakly_positive,weakly_positive
19-02-2025,58,2770,0.48255,23,46,0.49683,weakly_positive,weakly_positive
19-02-2025,38,1805,0.61165,16,48,0.57188,weakly_positive,weakly_positive
19-02-2025,51,2716,0.69529,24,62,0.56379,weakly_positive,weakly_positive
19-02-2025,120,18704,0.53295,38,122,0.54345,weakly_positive,weakly_positive
19-02-2025,257,61485,0.56288,85,195,0.56499,weakly_positive,weakly_positive
19-02-2025,156,15805,0.51982,58,92,0.53945,weakly_positive,weakly_positive
19-02-2025,70,2227,0.52736,33,37,0.53742,weakly_positive,weakly_positive
19-02-2025,115,9955,0.59622,63,119,0.55695,weakly_positive,weakly_positive
19-02-2025,135,6272,0.6789,86,79,0.54981,weakly_positive,weakly_positive
19-02-2025,39,220,0.5068,35,22,0.52214,weakly_positive,weakly_positive
19-02-2025,37,1153,0.4898,11,23,0.50218,weakly_positive,weakly_positive
19-02-2025,13,138,0.68042,4,8,0.55,weakly_positive,weakly_positive
19-02-2025,10,50,0.63092,4,5,0.552,weakly_positive,weakly_positive
19-02-2025,0,0,0.0,0,0,0.0,weakly_positive,weakly_positive
19-02-2025,2,4,0.57815,1,3,0.6,weakly_positive,weakly_positive
19-02-2025,0,0,0.0,0,0,0.0,weakly_positive,weakly_positive
19-02-2025,5,24,0.58906,4,13,0.60425,weakly_positive,weakly_positive
19-02-2025,12,90,0.84655,4,6,0.686,weakly_positive,weakly_positive
19-02-2025,0,0,0.0,0,0,0.0,weakly_positive,weakly_positive
19-02-2025,15,286,0.5565,6,18,0.49483,weakly_positive,weakly_positive
18-02-2025,4,3,0.59167,2,1,0.561,strongly_positive,strongly_positive
18-02-2025,3,36,0.54152,2,18,0.562,strongly_positive,strongly_positive
18-02-2025,12,63,0.49305,8,10,0.4945,strongly_positive,strongly_positive
18-02-2025,17,302,0.46467,5,13,0.4788,strongly_positive,strongly_positive
18-02-2025,16,294,0.683,5,14,0.5638,strongly_positive,strongly_positive
18-02-2025,10,59,0.56815,4,6,0.50625,strongly_positive,strongly_positive
18-02-2025,25,2114,0.49126,11,91,0.506,strongly_positive,strongly_positive
18-02-2025,51,1666,0.55052,26,41,0.52846,strongly_positive,strongly_positive
18-02-2025,21,146,0.49713,16,16,0.49913,strongly_positive,strongly_positive
18-02-2025,16,140,0.49572,13,24,0.50538,strongly_positive,strongly_positive
18-02-2025,21,68,0.51274,21,38,0.5301,strongly_positive,strongly_positive
18-02-2025,43,1286,0.51676,22,38,0.51755,strongly_positive,strongly_positive
18-02-2025,39,635,0.55296,23,25,0.57391,strongly_positive,strongly_positive
18-02-2025,52,866,0.53526,36,33,0.53336,strongly_positive,strongly_positive
18-02-2025,13,448,0.61453,13,24,0.57615,strongly_positive,strongly_positive
18-02-2025,41,1261,0.65634,13,24,0.53423,strongly_positive,strongly_positive
18-02-2025,18,112,0.59263,6,5,0.59,strongly_positive,strongly_positive
18-02-2025,2,8,0.5971,1,4,0.613,strongly_positive,strongly_positive
18-02-2025,0,0,0.5,0,0,0.5,strongly_positive,strongly_positive
18-02-2025,4,22,0.52576,2,7,0.5,strongly_positive,strongly_positive
18-02-2025,0,0,0.0,0,0,0.0,strongly_positive,strongly_positive
18-02-2025,2,5,0.45514,2,7,0.466,strongly_positive,strongly_positive
18-02-2025,3,4,0.52992,3,6,0.50333,strongly_positive,strongly_positive
18-02-2025,6,79,0.55781,2,11,0.556,strongly_positive,strongly_positive
18-02-2025,5,26,0.6429,2,5,0.575,strongly_positive,strongly_positive
17-02-2025,7,77,0.52573,3,11,0.542,weakly_positive,weakly_positive
17-02-2025,0,0,0.0,0,0,0.0,weakly_positive,weakly_positive
17-02-2025,3,5,0.59464,2,3,0.531,weakly_positive,weakly_positive
17-02-2025,3,4,0.57809,2,3,0.5885,weakly_positive,weakly_positive
17-02-2025,13,101,0.63052,4,6,0.524,weakly_positive,weakly_positive
17-02-2025,9,124,0.53757,3,11,0.54033,weakly_positive,weakly_positive
17-02-2025,7,51,0.53743,3,8,0.55433,weakly_positive,weakly_positive
17-02-2025,8,159,0.61599,4,23,0.511,weakly_positive,weakly_positive
17-02-2025,7,35,0.51151,4,7,0.53,weakly_positive,weakly_positive
17-02-2025,5,3,0.46698,4,2,0.475,weakly_positive,weakly_positive
17-02-2025,2,1,0.37227,2,2,0.3585,weakly_positive,weakly_positive
17-02-2025,17,232,0.67682,5,10,0.5726,weakly_positive,weakly_positive
17-02-2025,11,37,0.57943,4,3,0.58975,weakly_positive,weakly_positive
17-02-2025,7,28,0.47329,3,4,0.48967,weakly_positive,weakly_positive
17-02-2025,8,68,0.52743,4,10,0.51425,weakly_positive,weakly_positive
17-02-2025,7,78,0.44945,2,8,0.4665,weakly_positive,weakly_positive
17-02-2025,3,4,0.50059,1,1,0.5,weakly_positive,weakly_positive
17-02-2025,20,397,0.50323,7,17,0.51486,weakly_positive,weakly_positive
17-02-2025,2,0,0.6112,1,0,0.5,weakly_positive,weakly_positive
17-02-2025,0,0,0.0,0,0,0.0,weakly_positive,weakly_positive
17-02-2025,0,0,0.0,0,0,0.0,weakly_positive,weakly_positive
17-02-2025,4,12,0.55674,4,15,0.53125,weakly_positive,weakly_positive
17-02-2025,3,19,0.48196,1,4,0.5,weakly_positive,weakly_positive
17-02-2025,3,0,0.57611,1,0,0.589,weakly_positive,weakly_positive
16-02-2025,0,0,0.0,0,0,0.0,weakly_positive,weakly_positive
16-02-2025,7,90,0.64416,3,14,0.53667,weakly_positive,weakly_positive
16-02-2025,0,0,0.0,0,0,0.0,weakly_positive,weakly_positive
16-02-2025,1,0,0.48452,1,1,0.5,weakly_positive,weakly_positive
16-02-2025,2,3,0.54522,2,4,0.5265,weakly_positive,weakly_positive
16-02-2025,6,52,0.69294,2,7,0.6985,weakly_positive,weakly_positive
16-02-2025,11,207,0.56284,4,16,0.572,weakly_positive,weakly_positive
16-02-2025,6,66,0.6957,3,13,0.581,weakly_positive,weakly_positive
16-02-2025,10,118,0.4954,5,15,0.499,weakly_positive,weakly_positive
16-02-2025,0,0,0.0,0,0,0.0,weakly_positive,weakly_positive
16-02-2025,0,0,0.0,0,0,0.0,weakly_positive,weakly_positive
16-02-2025,10,72,0.62509,3,5,0.64733,weakly_positive,weakly_positive
16-02-2025,3,4,0.51122,1,1,0.519,weakly_positive,weakly_positive
16-02-2025,3,13,0.60557,1,4,0.585,weakly_positive,weakly_positive
16-02-2025,4,30,0.68644,2,8,0.5835,weakly_positive,weakly_positive
16-02-2025,0,0,0.0,0,0,0.0,weakly_positive,weakly_positive
16-02-2025,1,0,0.48296,1,0,0.5,weakly_positive,weakly_positive
16-02-2025,1,1,0.51133,1,2,0.5,weakly_positive,weakly_positive
16-02-2025,1,0,0.51509,1,2,0.532,weakly_positive,weakly_positive
16-02-2025,4,22,0.39955,2,7,0.4,weakly_positive,weakly_positive
16-02-2025,3,6,0.63065,2,3,0.5685,weakly_positive,weakly_positive
16-02-2025,0,0,0.0,0,0,0.0,weakly_positive,weakly_positive
16-02-2025,0,0,0.0,0,0,0.0,weakly_positive,weakly_positive
16-02-2025,3,9,0.62995,1,2,0.567,weakly_positive,weakly_positive
15-02-2025,5,47,0.58545,2,9,0.5605,weakly_positive,weakly_positive
15-02-2025,2,0,0.73567,1,0,0.617,weakly_positive,weakly_positive
15-02-2025,10,84,0.56686,5,10,0.572,weakly_positive,weakly_positive
15-02-2025,3,3,0.48394,2,2,0.5,weakly_positive,weakly_positive
15-02-2025,5,2,0.66293,4,1,0.555,weakly_positive,weakly_positive
15-02-2025,1,0,0.46279,1,1,0.479,weakly_positive,weakly_positive
15-02-2025,6,0,0.64068,2,0,0.6495,weakly_positive,weakly_positive
15-02-2025,11,48,0.48882,4,4,0.4735,weakly_positive,weakly_positive
15-02-2025,9,41,0.59581,5,6,0.6018,weakly_positive,weakly_positive
15-02-2025,7,5,0.50421,4,1,0.5115,weakly_positive,weakly_positive
15-02-2025,9,61,0.5136,6,12,0.532,weakly_positive,weakly_positive
15-02-2025,14,98,0.56201,4,5,0.5815,weakly_positive,weakly_positive
15-02-2025,13,18,0.48526,4,1,0.44425,weakly_positive,weakly_positive
15-02-2025,6,37,0.47596,2,5,0.479,weakly_positive,weakly_positive
15-02-2025,2,0,0.48312,1,0,0.5,weakly_positive,weakly_positive
15-02-2025,0,0,0.0,0,0,0.0,weakly_positive,weakly_positive
15-02-2025,2,10,0.47532,1,7,0.442,weakly_positive,weakly_positive
15-02-2025,3,10,0.68791,2,8,0.5875,weakly_positive,weakly_positive
15-02-2025,1,1,0.48471,1,4,0.5,weakly_positive,weakly_positive
15-02-2025,10,86,0.53951,3,6,0.501,weakly_positive,weakly_positive
15-02-2025,0,0,0.0,0,0,0.0,weakly_positive,weakly_positive
15-02-2025,5,0,0.68955,2,0,0.6,weakly_positive,weakly_positive
15-02-2025,3,1,0.59301,3,2,0.595,weakly_positive,weakly_positive
15-02-2025,0,0,0.0,0,0,0.0,weakly_positive,weakly_positive
14-02-2025,3,45,0.48374,1,11,0.5,strongly_positive,strongly_positive
14-02-2025,2,6,0.54315,1,3,0.563,strongly_positive,strongly_positive
14-02-2025,8,46,0.50875,4,7,0.51475,strongly_positive,strongly_positive
14-02-2025,4,6,0.50997,2,2,0.5165,strongly_positive,strongly_positive
14-02-2025,1,1,0.59331,1,3,0.5,strongly_positive,strongly_positive
14-02-2025,0,0,0.5,0,0,0.5,strongly_positive,strongly_positive
14-02-2025,4,0,0.51892,3,0,0.52467,strongly_positive,strongly_positive
14-02-2025,34,1180,0.52316,10,25,0.4806,strongly_positive,strongly_positive
14-02-2025,44,655,0.55995,17,14,0.54465,strongly_positive,strongly_positive
14-02-2025,62,2699,0.46037,25,43,0.47616,strongly_positive,strongly_positive
14-02-2025,24,607,0.55436,14,37,0.56093,strongly_positive,strongly_positive
14-02-2025,33,477,0.54447,20,23,0.529,strongly_positive,strongly_positive
14-02-2025,47,1015,0.61677,34,45,0.52891,strongly_positive,strongly_positive
14-02-2025,152,6743,0.54846,47,34,0.50481,strongly_positive,strongly_positive
14-02-2025,183,14699,0.50637,59,64,0.52478,strongly_positive,strongly_positive
14-02-2025,30,647,0.47184,11,19,0.46382,strongly_positive,strongly_positive
14-02-2025,20,624,0.54596,9,35,0.50178,strongly_positive,strongly_positive
14-02-2025,11,142,0.44827,6,17,0.45017,strongly_positive,strongly_positive
14-02-2025,3,4,0.39798,2,2,0.413,strongly_positive,strongly_positive
14-02-2025,1,0,0.49081,1,0,0.5,strongly_positive,strongly_positive
14-02-2025,3,5,0.86945,1,1,0.875,strongly_positive,strongly_positive
14-02-2025,20,215,0.44572,6,8,0.4625,strongly_positive,strongly_positive
14-02-2025,5,140,0.65162,2,27,0.6715,strongly_positive,strongly_positive
14-02-2025,2,4,0.48782,1,2,0.5,strongly_positive,strongly_positive
14-02-2025,8,30,0.45905,5,6,0.4514,strongly_positive,strongly_positive
13-02-2025,3,6,0.61381,2,4,0.5365,weakly_positive,weakly_positive
13-02-2025,3,13,0.54517,2,11,0.5585,weakly_positive,weakly_positive
13-02-2025,4,18,0.68987,2,5,0.627,weakly_positive,weakly_positive
13-02-2025,7,41,0.54449,4,8,0.55,weakly_positive,weakly_positive
13-02-2025,5,34,0.61593,3,10,0.6,weakly_positive,weakly_positive
13-02-2025,5,3,0.53739,4,2,0.54475,weakly_positive,weakly_positive
13-02-2025,5,6,0.4885,5,7,0.4938,weakly_positive,weakly_positive
13-02-2025,65,2299,0.47012,20,27,0.4874,weakly_positive,weakly_positive
13-02-2025,36,1179,0.51413,15,33,0.5312,weakly_positive,weakly_positive
13-02-2025,53,1297,0.58856,23,26,0.54278,weakly_positive,weakly_positive
13-02-2025,14,152,0.49067,9,18,0.47867,weakly_positive,weakly_positive
13-02-2025,39,641,0.47947,26,30,0.49554,weakly_positive,weakly_positive
13-02-2025,26,220,0.46985,21,22,0.47933,weakly_positive,weakly_positive
13-02-2025,103,5216,0.49926,34,41,0.51771,weakly_positive,weakly_positive
13-02-2025,41,732,0.62017,14,15,0.53429,weakly_positive,weakly_positive
13-02-2025,21,381,0.37845,8,17,0.38963,weakly_positive,weakly_positive
13-02-2025,8,46,0.48731,4,7,0.50525,weakly_positive,weakly_positive
13-02-2025,0,0,0.0,0,0,0.0,weakly_positive,weakly_positive
13-02-2025,1,2,0.56981,1,4,0.5,weakly_positive,weakly_positive
13-02-2025,5,16,0.47703,5,21,0.478,weakly_positive,weakly_positive
13-02-2025,3,17,0.4779,1,4,0.496,weakly_positive,weakly_positive
13-02-2025,6,31,0.53765,2,4,0.471,weakly_positive,weakly_positive
13-02-2025,11,52,0.62276,5,5,0.5834,weakly_positive,weakly_positive
13-02-2025,2,3,0.61497,1,2,0.5,weakly_positive,weakly_positive
12-02-2025,15,106,0.51447,10,13,0.5296,strongly_positive,strongly_positive
12-02-2025,1,3,0.51738,1,7,0.531,strongly_positive,strongly_positive
12-02-2025,1,1,0.65925,1,3,0.535,strongly_positive,strongly_positive
12-02-2025,6,59,0.64184,2,8,0.5635,strongly_positive,strongly_positive
12-02-2025,5,22,0.8026,2,4,0.822,strongly_positive,strongly_positive
12-02-2025,10,112,0.53683,4,11,0.5095,strongly_positive,strongly_positive
12-02-2025,7,1,0.4906,7,1,0.49457,strongly_positive,strongly_positive
12-02-2025,75,3585,0.51876,22,35,0.50682,strongly_positive,strongly_positive
12-02-2025,55,614,0.50938,18,9,0.44061,strongly_positive,strongly_positive
12-02-2025,27,249,0.56784,12,10,0.52642,strongly_positive,strongly_positive
12-02-2025,36,814,0.50285,17,26,0.52153,strongly_positive,strongly_positive
12-02-2025,18,132,0.49185,12,14,0.50775,strongly_positive,strongly_positive
12-02-2025,30,194,0.59474,22,14,0.55059,strongly_positive,strongly_positive
12-02-2025,33,269,0.5495,29,30,0.54952,strongly_positive,strongly_positive
12-02-2025,66,1462,0.61195,23,19,0.53052,strongly_positive,strongly_positive
12-02-2025,5,29,0.48935,2,5,0.5,strongly_positive,strongly_positive
12-02-2025,10,130,0.56397,4,13,0.53,strongly_positive,strongly_positive
12-02-2025,2,12,0.57772,1,8,0.5,strongly_positive,strongly_positive
12-02-2025,3,13,0.53482,2,7,0.55,strongly_positive,strongly_positive
12-02-2025,3,5,0.69394,2,4,0.713,strongly_positive,strongly_positive
12-02-2025,3,9,0.512,1,2,0.506,strongly_positive,strongly_positive
12-02-2025,9,0,0.61686,3,0,0.54367,strongly_positive,strongly_positive
12-02-2025,0,0,0.5,0,0,0.5,strongly_positive,strongly_positive
12-02-2025,12,159,0.46471,4,11,0.47725,strongly_positive,strongly_positive
12-02-2025,0,0,0.0,0,0,0.0,strongly_positive,strongly_positive
11-02-2025,7,67,0.57498,4,13,0.574,weakly_positive,weakly_positive
11-02-2025,1,0,0.72007,1,0,0.677,weakly_positive,weakly_positive
11-02-2025,1,4,0.61188,1,14,0.5,weakly_positive,weakly_positive
11-02-2025,7,16,0.50186,7,15,0.50057,weakly_positive,weakly_positive
11-02-2025,3,4,0.48656,1,1,0.5,weakly_positive,weakly_positive
11-02-2025,24,380,0.55951,10,16,0.5335,weakly_positive,weakly_positive
11-02-2025,25,844,0.54949,11,36,0.57009,weakly_positive,weakly_positive
11-02-2025,13,93,0.56383,8,12,0.57663,weakly_positive,weakly_positive
11-02-2025,25,257,0.55424,17,19,0.52782,weakly_positive,weakly_positive
11-02-2025,9,34,0.59994,7,10,0.49929,weakly_positive,weakly_positive
11-02-2025,46,974,0.5247,22,25,0.54441,weakly_positive,weakly_positive
11-02-2025,32,433,0.61346,16,17,0.53306,weakly_positive,weakly_positive
11-02-2025,19,181,0.51812,14,22,0.48214,weakly_positive,weakly_positive
11-02-2025,30,382,0.50287,24,35,0.52171,weakly_positive,weakly_positive
11-02-2025,11,11,0.56544,11,13,0.56009,weakly_positive,weakly_positive
11-02-2025,16,177,0.52988,6,10,0.5425,weakly_positive,weakly_positive
11-02-2025,10,106,0.63614,4,10,0.5115,weakly_positive,weakly_positive
11-02-2025,7,39,0.45379,3,6,0.471,weakly_positive,weakly_positive
11-02-2025,3,12,0.48716,2,6,0.4985,weakly_positive,weakly_positive
11-02-2025,1,2,0.53015,1,4,0.5,weakly_positive,weakly_positive
11-02-2025,0,0,0.0,0,0,0.0,weakly_positive,weakly_positive
11-02-2025,6,49,0.49506,2,6,0.5085,weakly_positive,weakly_positive
11-02-2025,6,36,0.52932,2,5,0.5445,weakly_positive,weakly_positive
11-02-2025,0,0,0.0,0,0,0.0,weakly_positive,weakly_positive
10-02-2025,10,103,0.60189,5,13,0.5328,strongly_positive,strongly_positive
10-02-2025,7,46,0.53826,4,10,0.54975,strongly_positive,strongly_positive
10-02-2025,7,62,0.49779,6,25,0.51667,strongly_positive,strongly_positive
10-02-2025,5,2,0.56885,5,7,0.5692,strongly_positive,strongly_positive
10-02-2025,17,141,0.46853,5,6,0.4788,strongly_positive,strongly_positive
10-02-2025,13,68,0.70892,5,5,0.5822,strongly_positive,strongly_positive
10-02-2025,42,2150,0.53791,19,56,0.55784,strongly_positive,strongly_positive
10-02-2025,44,1102,0.58055,21,29,0.52205,strongly_positive,strongly_positive
10-02-2025,29,509,0.57197,20,34,0.5472,strongly_positive,strongly_positive
10-02-2025,16,145,0.4754,12,20,0.49308,strongly_positive,strongly_positive
10-02-2025,17,71,0.55296,15,16,0.55773,strongly_positive,strongly_positive
10-02-2025,31,253,0.52196,11,7,0.53918,strongly_positive,strongly_positive
10-02-2025,57,5386,0.68597,21,85,0.57367,strongly_positive,strongly_positive
10-02-2025,20,146,0.53203,17,22,0.55212,strongly_positive,strongly_positive
10-02-2025,10,58,0.56125,9,24,0.48989,strongly_positive,strongly_positive
10-02-2025,37,2444,0.55769,11,49,0.57218,strongly_positive,strongly_positive
10-02-2025,5,68,0.71878,2,13,0.582,strongly_positive,strongly_positive
10-02-2025,12,189,0.59736,5,16,0.5932,strongly_positive,strongly_positive
10-02-2025,2,0,0.66285,1,0,0.589,strongly_positive,strongly_positive
10-02-2025,0,0,0.0,0,0,0.0,strongly_positive,strongly_positive
10-02-2025,3,8,0.58198,2,6,0.604,strongly_positive,strongly_positive
10-02-2025,0,0,0.0,0,0,0.0,strongly_positive,strongly_positive
10-02-2025,9,191,0.58887,3,17,0.55733,strongly_positive,strongly_positive
10-02-2025,16,529,0.65851,6,30,0.54317,strongly_positive,strongly_positive
09-02-2025,5,11,0.60792,2,2,0.609,weakly_positive,weakly_positive
09-02-2025,4,3,0.44327,2,1,0.4565,weakly_positive,weakly_positive
09-02-2025,0,0,0.0,0,0,0.0,weakly_positive,weakly_positive
09-02-2025,3,8,0.67638,3,12,0.60133,weakly_positive,weakly_positive
09-02-2025,3,35,0.4962,1,8,0.506,weakly_positive,weakly_positive
09-02-2025,13,102,0.56429,4,6,0.54075,weakly_positive,weakly_positive
09-02-2025,12,188,0.54105,5,16,0.5426,weakly_positive,weakly_positive
09-02-2025,14,95,0.55509,7,8,0.502,weakly_positive,weakly_positive
09-02-2025,8,114,0.52882,4,18,0.5465,weakly_positive,weakly_positive
09-02-2025,5,23,0.48618,4,11,0.504,weakly_positive,weakly_positive
09-02-2025,10,50,0.53047,8,14,0.479,weakly_positive,weakly_positive
09-02-2025,1,0,0.49348,1,0,0.5,weakly_positive,weakly_positive
09-02-2025,13,272,0.70156,5,19,0.5906,weakly_positive,weakly_positive
09-02-2025,20,230,0.54582,8,11,0.55163,weakly_positive,weakly_positive
09-02-2025,4,14,0.43528,2,5,0.45,weakly_positive,weakly_positive
09-02-2025,3,8,0.72768,2,4,0.6115,weakly_positive,weakly_positive
09-02-2025,4,4,0.60159,3,2,0.62233,weakly_positive,weakly_positive
09-02-2025,0,0,0.0,0,0,0.0,weakly_positive,weakly_positive
09-02-2025,4,33,0.57973,2,9,0.594,weakly_positive,weakly_positive
09-02-2025,4,12,0.50932,2,4,0.525,weakly_positive,weakly_positive
09-02-2025,4,2,0.53207,3,1,0.52967,weakly_positive,weakly_positive
09-02-2025,2,1,0.56029,2,1,0.5,weakly_positive,weakly_positive
09-02-2025,0,0,0.0,0,0,0.0,weakly_positive,weakly_positive
09-02-2025,0,0,0.0,0,0,0.0,weakly_positive,weakly_positive
08-02-2025,0,0,0.5,0,0,0.5,weakly_positive,weakly_positive
08-02-2025,17,105,0.52207,7,6,0.52457,weakly_positive,weakly_positive
08-02-2025,0,0,0.0,0,0,0.0,weakly_positive,weakly_positive
08-02-2025,7,13,0.73499,4,3,0.60925,weakly_positive,weakly_positive
08-02-2025,1,2,0.59157,1,5,0.613,weakly_positive,weakly_positive
08-02-2025,10,115,0.50376,3,8,0.51933,weakly_positive,weakly_positive
08-02-2025,6,32,0.51947,2,4,0.5,weakly_positive,weakly_positive
08-02-2025,6,23,0.54563,2,3,0.5655,weakly_positive,weakly_positive
08-02-2025,7,70,0.48556,3,11,0.49433,weakly_positive,weakly_positive
08-02-2025,6,46,0.52683,3,10,0.545,weakly_positive,weakly_positive
08-02-2025,5,72,0.67149,3,20,0.56667,weakly_positive,weakly_positive
08-02-2025,6,4,0.55482,5,2,0.5038,weakly_positive,weakly_positive
08-02-2025,7,8,0.52245,6,5,0.54033,weakly_positive,weakly_positive
08-02-2025,10,316,0.55915,3,23,0.54433,weakly_positive,weakly_positive
08-02-2025,10,62,0.45372,4,6,0.45975,weakly_positive,weakly_positive
08-02-2025,5,25,0.46129,2,5,0.4665,weakly_positive,weakly_positive
08-02-2025,13,124,0.64387,8,15,0.54463,weakly_positive,weakly_positive
08-02-2025,0,0,0.0,0,0,0.0,weakly_positive,weakly_positive
08-02-2025,1,0,0.70542,1,0,0.65,weakly_positive,weakly_positive
08-02-2025,6,40,0.51287,2,5,0.5,weakly_positive,weakly_positive
08-02-2025,6,68,0.47693,2,9,0.493,weakly_positive,weakly_positive
08-02-2025,0,0,0.0,0,0,0.0,weakly_positive,weakly_positive
08-02-2025,4,16,0.29539,2,5,0.306,weakly_positive,weakly_positive
08-02-2025,2,8,0.50986,1,6,0.5,weakly_positive,weakly_positive
08-02-2025,3,22,0.68948,2,14,0.6,weakly_positive,weakly_positive
07-02-2025,1,0,0.49698,1,0,0.5,strongly_positive,strongly_positive
07-02-2025,13,206,0.60889,4,12,0.63175,strongly_positive,strongly_positive
07-02-2025,6,109,0.57553,2,14,0.5,strongly_positive,strongly_positive
07-02-2025,2,6,0.66208,1,3,0.616,strongly_positive,strongly_positive
07-02-2025,8,19,0.6208,4,3,0.5,strongly_positive,strongly_positive
07-02-2025,3,3,0.4363,2,2,0.45,strongly_positive,strongly_positive
07-02-2025,9,136,0.42086,7,41,0.43086,strongly_positive,strongly_positive
07-02-2025,29,236,0.66526,25,28,0.5348,strongly_positive,strongly_positive
07-02-2025,112,4604,0.62396,39,35,0.54328,strongly_positive,strongly_positive
07-02-2025,107,4036,0.46554,42,36,0.47798,strongly_positive,strongly_positive
07-02-2025,51,1734,0.59906,21,34,0.5649,strongly_positive,strongly_positive
07-02-2025,53,1348,0.51777,31,38,0.51345,strongly_positive,strongly_positive
07-02-2025,66,1907,0.47188,41,47,0.48471,strongly_positive,strongly_positive
07-02-2025,56,1609,0.50052,41,62,0.51485,strongly_positive,strongly_positive
07-02-2025,54,2240,0.52685,17,32,0.54682,strongly_positive,strongly_positive
07-02-2025,37,1387,0.60797,12,30,0.53808,strongly_positive,strongly_positive
07-02-2025,9,160,0.61798,4,19,0.58375,strongly_positive,strongly_positive
07-02-2025,4,25,0.57808,2,7,0.6,strongly_positive,strongly_positive
07-02-2025,2,6,0.49974,1,4,0.5,strongly_positive,strongly_positive
07-02-2025,0,0,0.0,0,0,0.0,strongly_positive,strongly_positive
07-02-2025,2,4,0.77033,2,8,0.6325,strongly_positive,strongly_positive
07-02-2025,3,45,0.72319,1,10,0.75,strongly_positive,strongly_positive
07-02-2025,8,92,0.6315,3,10,0.64967,strongly_positive,strongly_positive
07-02-2025,22,572,0.61552,9,26,0.58878,strongly_positive,strongly_positive
06-02-2025,2,13,0.59693,1,7,0.5,strongly_positive,strongly_positive
06-02-2025,27,1179,0.62451,8,32,0.61413,strongly_positive,strongly_positive
06-02-2025,12,240,0.55226,4,16,0.48275,strongly_positive,strongly_positive
06-02-2025,32,454,0.5444,11,12,0.55773,strongly_positive,strongly_positive
06-02-2025,17,161,0.50711,8,11,0.52625,strongly_positive,strongly_positive
06-02-2025,2,4,0.5031,1,3,0.5,strongly_positive,strongly_positive
06-02-2025,13,99,0.53434,10,17,0.499,strongly_positive,strongly_positive
06-02-2025,31,420,0.65695,28,54,0.53182,strongly_positive,strongly_positive
06-02-2025,11,7,0.5465,11,5,0.54264,strongly_positive,strongly_positive
06-02-2025,78,3016,0.52056,29,35,0.53366,strongly_positive,strongly_positive
06-02-2025,45,1013,0.56003,19,23,0.53063,strongly_positive,strongly_positive
06-02-2025,18,319,0.43492,8,19,0.45138,strongly_positive,strongly_positive
06-02-2025,36,1063,0.51701,23,50,0.53013,strongly_positive,strongly_positive
06-02-2025,92,2452,0.56847,62,50,0.53794,strongly_positive,strongly_positive
06-02-2025,24,457,0.7252,19,52,0.59805,strongly_positive,strongly_positive
06-02-2025,33,689,0.6194,11,17,0.55145,strongly_positive,strongly_positive
06-02-2025,9,32,0.58459,3,3,0.602,strongly_positive,strongly_positive
06-02-2025,6,31,0.5287,3,6,0.54867,strongly_positive,strongly_positive
06-02-2025,2,12,0.58726,1,7,0.522,strongly_positive,strongly_positive
06-02-2025,0,0,0.0,0,0,0.0,strongly_positive,strongly_positive
06-02-2025,2,3,0.57943,2,7,0.479,strongly_positive,strongly_positive
06-02-2025,0,0,0.5,0,0,0.5,strongly_positive,strongly_positive
06-02-2025,3,0,0.50759,3,0,0.509,strongly_positive,strongly_positive
06-02-2025,22,488,0.64714,7,17,0.58514,strongly_positive,strongly_positive
06-02-2025,33,1323,0.6782,13,38,0.55962,strongly_positive,strongly_positive
05-02-2025,7,39,0.56913,3,6,0.59,strongly_positive,strongly_positive
05-02-2025,4,10,0.61803,2,3,0.625,strongly_positive,strongly_positive
05-02-2025,4,6,0.56859,3,3,0.54567,strongly_positive,strongly_positive
05-02-2025,6,9,0.54891,5,4,0.462,strongly_positive,strongly_positive
05-02-2025,5,6,0.6588,4,4,0.66575,strongly_positive,strongly_positive
05-02-2025,21,280,0.62019,11,17,0.54455,strongly_positive,strongly_positive
05-02-2025,15,243,0.50666,9,25,0.51889,strongly_positive,strongly_positive
05-02-2025,35,596,0.50225,29,49,0.52128,strongly_positive,strongly_positive
05-02-2025,59,1988,0.51344,17,24,0.51153,strongly_positive,strongly_positive
05-02-2025,47,1147,0.53118,14,18,0.54429,strongly_positive,strongly_positive
05-02-2025,20,166,0.54678,8,8,0.44488,strongly_positive,strongly_positive
05-02-2025,77,2371,0.55782,35,34,0.5788,strongly_positive,strongly_positive
05-02-2025,71,2004,0.58106,34,33,0.51844,strongly_positive,strongly_positive
05-02-2025,59,1346,0.54777,41,45,0.5208,strongly_positive,strongly_positive
05-02-2025,27,324,0.52766,20,27,0.54755,strongly_positive,strongly_positive
05-02-2025,14,124,0.49276,13,36,0.49508,strongly_positive,strongly_positive
05-02-2025,17,79,0.5217,6,4,0.538,strongly_positive,strongly_positive
05-02-2025,8,63,0.70308,3,7,0.58267,strongly_positive,strongly_positive
05-02-2025,17,199,0.53238,9,15,0.476,strongly_positive,strongly_positive
05-02-2025,13,114,0.46314,7,12,0.47743,strongly_positive,strongly_positive
05-02-2025,0,0,0.0,0,0,0.0,strongly_positive,strongly_positive
05-02-2025,14,500,0.49614,4,25,0.499,strongly_positive,strongly_positive
05-02-2025,13,161,0.4847,4,9,0.4935,strongly_positive,strongly_positive
05-02-2025,6,69,0.68876,2,9,0.7125,strongly_positive,strongly_positive
04-02-2025,10,198,0.52763,4,20,0.53025,strongly_positive,strongly_positive
04-02-2025,8,165,0.66528,4,24,0.604,strongly_positive,strongly_positive
04-02-2025,16,127,0.51078,9,11,0.51622,strongly_positive,strongly_positive
04-02-2025,16,218,0.49597,12,31,0.51392,strongly_positive,strongly_positive
04-02-2025,8,23,0.49066,7,12,0.49714,strongly_positive,strongly_positive
04-02-2025,10,17,0.50812,10,16,0.5139,strongly_positive,strongly_positive
04-02-2025,48,2537,0.61599,18,48,0.52094,strongly_positive,strongly_positive
04-02-2025,76,1994,0.49359,32,27,0.51009,strongly_positive,strongly_positive
04-02-2025,16,102,0.59915,15,29,0.5284,strongly_positive,strongly_positive
04-02-2025,102,6646,0.50564,31,49,0.5171,strongly_positive,strongly_positive
04-02-2025,92,5538,0.53809,29,47,0.51248,strongly_positive,strongly_positive
04-02-2025,63,2609,0.50068,27,43,0.5,strongly_positive,strongly_positive
04-02-2025,105,5947,0.56151,51,68,0.5039,strongly_positive,strongly_positive
04-02-2025,74,1909,0.45694,38,33,0.47145,strongly_positive,strongly_positive
04-02-2025,22,439,0.53111,17,48,0.55094,strongly_positive,strongly_positive
04-02-2025,24,421,0.61271,20,51,0.549,strongly_positive,strongly_positive
04-02-2025,17,242,0.46487,5,10,0.4726,strongly_positive,strongly_positive
04-02-2025,13,100,0.65059,5,7,0.5428,strongly_positive,strongly_positive
04-02-2025,23,835,0.54141,9,35,0.54511,strongly_positive,strongly_positive
04-02-2025,13,184,0.58252,7,20,0.60129,strongly_positive,strongly_positive
04-02-2025,8,21,0.73414,5,4,0.6114,strongly_positive,strongly_positive
04-02-2025,6,21,0.49918,4,7,0.517,strongly_positive,strongly_positive
04-02-2025,13,53,0.47231,4,3,0.47975,strongly_positive,strongly_positive
04-02-2025,16,228,0.65836,5,11,0.6356,strongly_positive,strongly_positive
03-02-2025,8,123,0.54323,3,13,0.46133,strongly_positive,strongly_positive
03-02-2025,18,427,0.42073,8,26,0.42763,strongly_positive,strongly_positive
03-02-2025,8,63,0.5789,4,10,0.59925,strongly_positive,strongly_positive
03-02-2025,15,298,0.52971,9,31,0.51767,strongly_positive,strongly_positive
03-02-2025,14,147,0.49695,12,31,0.453,strongly_positive,strongly_positive
03-02-2025,31,1351,0.5118,9,31,0.51622,strongly_positive,strongly_positive
03-02-2025,80,7435,0.5353,24,69,0.52258,strongly_positive,strongly_positive
03-02-2025,33,851,0.4972,13,25,0.50469,strongly_positive,strongly_positive
03-02-2025,33,922,0.56997,15,31,0.52787,strongly_positive,strongly_positive
03-02-2025,50,2008,0.64754,30,62,0.55023,strongly_positive,strongly_positive
03-02-2025,27,365,0.52155,19,27,0.53853,strongly_positive,strongly_positive
03-02-2025,0,0,0.5,0,0,0.5,strongly_positive,strongly_positive
03-02-2025,37,502,0.56177,28,31,0.51954,strongly_positive,strongly_positive
03-02-2025,78,4516,0.53103,36,65,0.54225,strongly_positive,strongly_positive
03-02-2025,91,4353,0.51766,48,63,0.53475,strongly_positive,strongly_positive
03-02-2025,43,2037,0.60414,24,67,0.50529,strongly_positive,strongly_positive
03-02-2025,26,331,0.58541,22,41,0.52755,strongly_positive,strongly_positive
03-02-2025,14,91,0.56037,13,30,0.57869,strongly_positive,strongly_positive
03-02-2025,16,648,0.57682,5,30,0.5584,strongly_positive,strongly_positive
03-02-2025,2,0,0.49522,1,0,0.5,strongly_positive,strongly_positive
03-02-2025,14,217,0.55101,6,16,0.55917,strongly_positive,strongly_positive
03-02-2025,5,38,0.55664,3,12,0.46667,strongly_positive,strongly_positive
03-02-2025,8,37,0.51937,5,8,0.524,strongly_positive,strongly_positive
03-02-2025,14,139,0.62361,11,24,0.57045,strongly_positive,strongly_positive
03-02-2025,34,815,0.57123,11,19,0.55382,strongly_positive,strongly_positive
02-02-2025,27,820,0.50474,9,25,0.52244,strongly_positive,strongly_positive
02-02-2025,21,342,0.4585,8,15,0.46613,strongly_positive,strongly_positive
02-02-2025,16,215,0.58123,8,16,0.56288,strongly_positive,strongly_positive
02-02-2025,21,222,0.64021,12,15,0.54625,strongly_positive,strongly_positive
02-02-2025,20,337,0.48038,13,30,0.49562,strongly_positive,strongly_positive
02-02-2025,3,2,0.4837,3,4,0.501,strongly_positive,strongly_positive
02-02-2025,7,68,0.62088,2,7,0.6085,strongly_positive,strongly_positive
02-02-2025,28,324,0.50061,9,9,0.51667,strongly_positive,strongly_positive
02-02-2025,21,363,0.53262,9,18,0.53611,strongly_positive,strongly_positive
02-02-2025,16,252,0.49374,8,19,0.51225,strongly_positive,strongly_positive
02-02-2025,17,96,0.48242,11,10,0.49055,strongly_positive,strongly_positive
02-02-2025,5,14,0.5685,4,7,0.5285,strongly_positive,strongly_positive
02-02-2025,8,78,0.51186,7,29,0.531,strongly_positive,strongly_positive
02-02-2025,18,832,0.50277,6,38,0.51867,strongly_positive,strongly_positive
02-02-2025,10,109,0.4971,4,10,0.50875,strongly_positive,strongly_positive
02-02-2025,10,52,0.62237,4,5,0.49975,strongly_positive,strongly_positive
02-02-2025,3,5,0.55424,3,10,0.573,strongly_positive,strongly_positive
02-02-2025,3,23,0.77103,1,5,0.648,strongly_positive,strongly_positive
02-02-2025,6,0,0.51041,2,0,0.528,strongly_positive,strongly_positive
02-02-2025,2,4,0.49395,1,2,0.5,strongly_positive,strongly_positive
02-02-2025,15,94,0.56068,7,7,0.54443,strongly_positive,strongly_positive
02-02-2025,3,5,0.58914,2,3,0.596,strongly_positive,strongly_positive
02-02-2025,1,0,0.81742,1,1,0.828,strongly_positive,strongly_positive
02-02-2025,0,0,0.0,0,0,0.0,strongly_positive,strongly_positive
01-02-2025,15,126,0.41873,5,7,0.433,weakly_positive,weakly_positive
01-02-2025,14,177,0.50655,5,11,0.4652,weakly_positive,weakly_positive
01-02-2025,10,92,0.50464,4,9,0.507,weakly_positive,weakly_positive
01-02-2025,13,129,0.56128,7,13,0.58057,weakly_positive,weakly_positive
01-02-2025,8,65,0.54459,5,13,0.5546,weakly_positive,weakly_positive
01-02-2025,7,20,0.53437,5,6,0.4984,weakly_positive,weakly_positive
01-02-2025,10,85,0.65248,3,6,0.55933,weakly_positive,weakly_positive
01-02-2025,15,76,0.6023,5,4,0.6208,weakly_positive,weakly_positive
01-02-2025,18,438,0.61216,6,20,0.57017,weakly_positive,weakly_positive
01-02-2025,11,98,0.5578,5,10,0.5482,weakly_positive,weakly_positive
01-02-2025,17,398,0.66213,9,31,0.57822,weakly_positive,weakly_positive
01-02-2025,4,25,0.51772,3,13,0.52,weakly_positive,weakly_positive
01-02-2025,5,9,0.50977,4,6,0.529,weakly_positive,weakly_positive
01-02-2025,2,2,0.45307,2,4,0.395,weakly_positive,weakly_positive
01-02-2025,8,93,0.61587,3,10,0.57467,weakly_positive,weakly_positive
01-02-2025,5,15,0.50147,2,3,0.4055,weakly_positive,weakly_positive
01-02-2025,0,0,0.0,0,0,0.0,weakly_positive,weakly_positive
01-02-2025,3,7,0.51031,2,4,0.523,weakly_positive,weakly_positive
01-02-2025,2,1,0.6195,1,1,0.5,weakly_positive,weakly_positive
01-02-2025,9,33,0.5002,7,9,0.51914,weakly_positive,weakly_positive
01-02-2025,23,320,0.58407,11,16,0.56945,weakly_positive,weakly_positive
01-02-2025,2,2,0.72556,1,1,0.75,weakly_positive,weakly_positive
01-02-2025,7,6,0.51392,5,2,0.5192,weakly_positive,weakly_positive
01-02-2025,0,0,0.0,0,0,0.0,weakly_positive,weakly_positive
31-01-2025,6,2,0.62932,6,2,0.54167,strongly_positive,strongly_positive
31-01-2025,11,50,0.62469,4,4,0.57675,strongly_positive,strongly_positive
31-01-2025,10,162,0.5486,4,15,0.56875,strongly_positive,strongly_positive
31-01-2025,18,339,0.48267,8,20,0.4755,strongly_positive,strongly_positive
31-01-2025,12,182,0.64259,7,22,0.59243,strongly_positive,strongly_positive
31-01-2025,18,137,0.54,12,14,0.54133,strongly_positive,strongly_positive
31-01-2025,18,260,0.48783,14,38,0.50629,strongly_positive,strongly_positive
31-01-2025,104,7901,0.49573,32,58,0.50566,strongly_positive,strongly_positive
31-01-2025,84,4573,0.54565,29,46,0.51079,strongly_positive,strongly_positive
31-01-2025,78,2920,0.50756,28,33,0.52675,strongly_positive,strongly_positive
31-01-2025,64,3121,0.49954,32,60,0.51434,strongly_positive,strongly_positive
31-01-2025,106,4529,0.51724,61,63,0.53072,strongly_positive,strongly_positive
31-01-2025,90,3078,0.54264,71,88,0.53475,strongly_positive,strongly_positive
31-01-2025,72,911,0.60829,69,86,0.53358,strongly_positive,strongly_positive
31-01-2025,130,9315,0.54632,38,52,0.56029,strongly_positive,strongly_positive
31-01-2025,36,2146,0.51472,14,56,0.53421,strongly_positive,strongly_positive
31-01-2025,27,910,0.49779,12,36,0.49567,strongly_positive,strongly_positive
31-01-2025,17,332,0.54526,8,22,0.55888,strongly_positive,strongly_positive
31-01-2025,12,136,0.61921,8,21,0.50325,strongly_positive,strongly_positive
31-01-2025,6,43,0.54456,4,15,0.54175,strongly_positive,strongly_positive
31-01-2025,6,20,0.73099,5,11,0.6516,strongly_positive,strongly_positive
31-01-2025,9,163,0.63681,3,15,0.605,strongly_positive,strongly_positive
31-01-2025,14,112,0.47238,5,7,0.4902,strongly_positive,strongly_positive
31-01-2025,6,56,0.6034,5,26,0.59,strongly_positive,strongly_positive
30-01-2025,5,20,0.51363,4,14,0.5305,strongly_positive,strongly_positive
30-01-2025,30,1193,0.51746,9,29,0.52856,strongly_positive,strongly_positive
30-01-2025,38,1550,0.49689,15,39,0.5154,strongly_positive,strongly_positive
30-01-2025,44,1139,0.6191,18,26,0.53533,strongly_positive,strongly_positive
30-01-2025,38,2041,0.57472,18,62,0.59117,strongly_positive,strongly_positive
30-01-2025,61,2677,0.52232,38,72,0.54171,strongly_positive,strongly_positive
30-01-2025,56,2153,0.53965,41,84,0.53305,strongly_positive,strongly_positive
30-01-2025,73,2238,0.61775,65,115,0.54398,strongly_positive,strongly_positive
30-01-2025,326,77421,0.51809,107,192,0.5182,strongly_positive,strongly_positive
30-01-2025,233,35726,0.51536,86,138,0.53491,strongly_positive,strongly_positive
30-01-2025,236,27316,0.62982,91,109,0.55371,strongly_positive,strongly_positive
30-01-2025,224,27619,0.57796,121,167,0.543,strongly_positive,strongly_positive
30-01-2025,237,24455,0.64178,149,172,0.52391,strongly_positive,strongly_positive
30-01-2025,220,9480,0.50467,193,156,0.51904,strongly_positive,strongly_positive
30-01-2025,223,22061,0.51731,66,73,0.53147,strongly_positive,strongly_positive
30-01-2025,49,2186,0.59661,15,34,0.48613,strongly_positive,strongly_positive
30-01-2025,43,2858,0.63333,18,67,0.558,strongly_positive,strongly_positive
30-01-2025,27,1562,0.52289,13,67,0.53492,strongly_positive,strongly_positive
30-01-2025,30,1485,0.5672,15,61,0.5398,strongly_positive,strongly_positive
30-01-2025,12,244,0.57931,9,45,0.57822,strongly_positive,strongly_positive
30-01-2025,15,485,0.52887,12,84,0.54133,strongly_positive,strongly_positive
30-01-2025,16,97,0.49836,15,43,0.51407,strongly_positive,strongly_positive
30-01-2025,32,998,0.49539,12,28,0.51392,strongly_positive,strongly_positive
30-01-2025,54,1891,0.58052,21,33,0.51967,strongly_positive,strongly_positive
29-01-2025,65,1146,0.52985,35,24,0.50509,strongly_positive,strongly_positive
29-01-2025,77,2468,0.5106,44,47,0.52975,strongly_positive,strongly_positive
29-01-2025,76,1883,0.55887,51,46,0.56243,strongly_positive,strongly_positive
29-01-2025,159,15915,0.57654,67,103,0.50164,strongly_positive,strongly_positive
29-01-2025,345,53736,0.49881,153,169,0.51027,strongly_positive,strongly_positive
29-01-2025,356,47356,0.56999,181,168,0.53719,strongly_positive,strongly_positive
29-01-2025,59,1183,0.5747,40,38,0.4992,strongly_positive,strongly_positive
29-01-2025,234,13316,0.52073,190,158,0.53499,strongly_positive,strongly_positive
29-01-2025,16,25,0.5072,16,26,0.52163,strongly_positive,strongly_positive
29-01-2025,17,281,0.46331,6,14,0.45883,strongly_positive,strongly_positive
29-01-2025,51,2341,0.5807,20,44,0.5136,strongly_positive,strongly_positive
29-01-2025,51,1570,0.58097,21,31,0.59724,strongly_positive,strongly_positive
29-01-2025,10,73,0.55014,6,11,0.571,strongly_positive,strongly_positive
29-01-2025,29,465,0.55066,20,31,0.55075,strongly_positive,strongly_positive
29-01-2025,5,5,0.55236,5,10,0.5208,strongly_positive,strongly_positive
29-01-2025,6,210,0.63869,2,26,0.524,strongly_positive,strongly_positive
29-01-2025,27,538,0.51936,9,16,0.519,strongly_positive,strongly_positive
29-01-2025,16,118,0.57291,7,8,0.58929,strongly_positive,strongly_positive
29-01-2025,0,0,0.5,0,0,0.5,strongly_positive,strongly_positive
29-01-2025,8,0,0.57188,4,0,0.54675,strongly_positive,strongly_positive
29-01-2025,15,188,0.50663,8,17,0.5255,strongly_positive,strongly_positive
29-01-2025,4,22,0.59228,3,16,0.605,strongly_positive,strongly_positive
29-01-2025,2,2,0.55766,2,3,0.5325,strongly_positive,strongly_positive
29-01-2025,20,522,0.63217,6,19,0.52817,strongly_positive,strongly_positive
29-01-2025,13,82,0.59978,5,6,0.54,strongly_positive,strongly_positive
28-01-2025,2,2,0.50848,1,1,0.525,strongly_positive,strongly_positive
28-01-2025,2,12,0.48212,1,9,0.5,strongly_positive,strongly_positive
28-01-2025,2,1,0.66077,1,1,0.594,strongly_positive,strongly_positive
28-01-2025,7,22,0.4992,5,7,0.5068,strongly_positive,strongly_positive
28-01-2025,13,17,0.62539,4,1,0.52375,strongly_positive,strongly_positive
28-01-2025,3,16,0.39664,1,4,0.4,strongly_positive,strongly_positive
28-01-2025,32,569,0.58409,12,16,0.53383,strongly_positive,strongly_positive
28-01-2025,47,1278,0.52204,35,62,0.5348,strongly_positive,strongly_positive
28-01-2025,57,1235,0.58269,52,91,0.5511,strongly_positive,strongly_positive
28-01-2025,66,2123,0.67874,20,24,0.5593,strongly_positive,strongly_positive
28-01-2025,70,2923,0.53485,26,38,0.54881,strongly_positive,strongly_positive
28-01-2025,78,3180,0.5099,33,42,0.525,strongly_positive,strongly_positive
28-01-2025,92,2880,0.64772,41,34,0.53276,strongly_positive,strongly_positive
28-01-2025,66,2156,0.6063,42,56,0.53857,strongly_positive,strongly_positive
28-01-2025,63,1157,0.53141,48,43,0.54208,strongly_positive,strongly_positive
28-01-2025,50,1752,0.46731,15,26,0.485,strongly_positive,strongly_positive
28-01-2025,45,1372,0.55073,15,25,0.55207,strongly_positive,strongly_positive
28-01-2025,43,2415,0.55657,15,48,0.56807,strongly_positive,strongly_positive
28-01-2025,25,445,0.6716,12,21,0.55375,strongly_positive,strongly_positive
28-01-2025,23,1134,0.49008,13,69,0.50808,strongly_positive,strongly_positive
28-01-2025,22,567,0.59775,13,39,0.53931,strongly_positive,strongly_positive
28-01-2025,12,75,0.51492,11,27,0.49391,strongly_positive,strongly_positive
28-01-2025,15,65,0.56824,15,53,0.5892,strongly_positive,strongly_positive
28-01-2025,70,3332,0.50632,22,37,0.5115,strongly_positive,strongly_positive
27-01-2025,54,1045,0.50984,23,20,0.527,strongly_positive,strongly_positive
27-01-2025,63,2428,0.65712,28,42,0.55168,strongly_positive,strongly_positive
27-01-2025,37,814,0.57582,24,38,0.52058,strongly_positive,strongly_positive
27-01-2025,13,270,0.54095,9,40,0.559,strongly_positive,strongly_positive
27-01-2025,16,320,0.53913,13,57,0.52315,strongly_positive,strongly_positive
27-01-2025,71,4999,0.52553,24,58,0.53142,strongly_positive,strongly_positive
27-01-2025,48,2015,0.52411,17,36,0.53112,strongly_positive,strongly_positive
27-01-2025,63,3071,0.52337,25,47,0.54228,strongly_positive,strongly_positive
27-01-2025,53,2645,0.50434,27,63,0.50963,strongly_positive,strongly_positive
27-01-2025,59,2596,0.61089,35,67,0.56054,strongly_positive,strongly_positive
27-01-2025,48,1299,0.52497,33,53,0.52767,strongly_positive,strongly_positive
27-01-2025,198,21173,0.63937,58,78,0.54334,strongly_positive,strongly_positive
27-01-2025,172,19054,0.50235,56,89,0.5187,strongly_positive,strongly_positive
27-01-2025,117,10778,0.57881,40,77,0.53535,strongly_positive,strongly_positive
27-01-2025,157,25476,0.57078,73,185,0.55804,strongly_positive,strongly_positive
27-01-2025,123,13117,0.60964,66,143,0.52794,strongly_positive,strongly_positive
27-01-2025,54,1737,0.53289,39,68,0.53733,strongly_positive,strongly_positive
27-01-2025,36,789,0.50771,31,76,0.52661,strongly_positive,strongly_positive
27-01-2025,30,446,0.6031,28,80,0.52139,strongly_positive,strongly_positive
27-01-2025,44,2183,0.56083,16,44,0.51969,strongly_positive,strongly_positive
27-01-2025,34,884,0.63272,14,26,0.50679,strongly_positive,strongly_positive
27-01-2025,30,1254,0.47611,13,44,0.47023,strongly_positive,strongly_positive
27-01-2025,29,1121,0.44998,18,63,0.45994,strongly_positive,strongly_positive
27-01-2025,27,391,0.50557,18,26,0.50572,strongly_positive,strongly_positive
26-01-2025,22,330,0.51081,17,38,0.53018,weakly_positive,weakly_positive
26-01-2025,46,2466,0.53673,15,43,0.5518,weakly_positive,weakly_positive
26-01-2025,47,1856,0.58337,16,33,0.548,weakly_positive,weakly_positive
26-01-2025,26,342,0.48993,12,15,0.4845,weakly_positive,weakly_positive
26-01-2025,32,897,0.54046,16,34,0.55588,weakly_positive,weakly_positive
26-01-2025,40,1600,0.47257,23,58,0.48548,weakly_positive,weakly_positive
26-01-2025,13,80,0.48173,11,22,0.5,weakly_positive,weakly_positive
26-01-2025,0,0,0.5,0,0,0.5,weakly_positive,weakly_positive
26-01-2025,10,25,0.68883,9,14,0.60678,weakly_positive,weakly_positive
26-01-2025,19,505,0.50991,6,20,0.52167,weakly_positive,weakly_positive
26-01-2025,24,724,0.5132,9,28,0.53267,weakly_positive,weakly_positive
26-01-2025,25,426,0.55273,11,18,0.55164,weakly_positive,weakly_positive
26-01-2025,8,20,0.60547,4,3,0.54275,weakly_positive,weakly_positive
26-01-2025,5,63,0.71103,3,23,0.58067,weakly_positive,weakly_positive
26-01-2025,11,124,0.50424,9,29,0.52311,weakly_positive,weakly_positive
26-01-2025,7,29,0.64505,6,13,0.57733,weakly_positive,weakly_positive
26-01-2025,10,146,0.49962,5,18,0.5154,weakly_positive,weakly_positive
26-01-2025,5,40,0.5641,3,12,0.57733,weakly_positive,weakly_positive
26-01-2025,0,0,0.0,0,0,0.0,weakly_positive,weakly_positive
26-01-2025,0,0,0.0,0,0,0.0,weakly_positive,weakly_positive
26-01-2025,10,28,0.48261,3,2,0.49367,weakly_positive,weakly_positive
26-01-2025,8,172,0.46264,3,20,0.48,weakly_positive,weakly_positive
26-01-2025,2,6,0.30268,1,3,0.3,weakly_positive,weakly_positive
26-01-2025,9,111,0.52776,4,14,0.54225,weakly_positive,weakly_positive
26-01-2025,10,106,0.61501,7,20,0.49514,weakly_positive,weakly_positive
25-01-2025,10,75,0.49729,7,16,0.49243,weakly_positive,weakly_positive
25-01-2025,1,0,0.74411,1,1,0.658,weakly_positive,weakly_positive
25-01-2025,17,343,0.60843,6,17,0.57433,weakly_positive,weakly_positive
25-01-2025,11,88,0.52292,4,7,0.54275,weakly_positive,weakly_positive
25-01-2025,6,10,0.49246,3,2,0.50567,weakly_positive,weakly_positive
25-01-2025,6,77,0.51977,3,17,0.49,weakly_positive,weakly_positive
25-01-2025,5,3,0.67052,3,1,0.55,weakly_positive,weakly_positive
25-01-2025,4,0,0.67764,4,1,0.6005,weakly_positive,weakly_positive
25-01-2025,3,5,0.48612,1,1,0.5,weakly_positive,weakly_positive
25-01-2025,6,0,0.52305,2,0,0.5,weakly_positive,weakly_positive
25-01-2025,15,15,0.577,6,1,0.5105,weakly_positive,weakly_positive
25-01-2025,15,210,0.56693,7,16,0.57914,weakly_positive,weakly_positive
25-01-2025,2,5,0.39699,1,3,0.41,weakly_positive,weakly_positive
25-01-2025,4,26,0.53749,3,14,0.53767,weakly_positive,weakly_positive
25-01-2025,6,20,0.60188,5,12,0.5418,weakly_positive,weakly_positive
25-01-2025,3,5,0.48848,3,10,0.50433,weakly_positive,weakly_positive
25-01-2025,5,58,0.45126,2,10,0.468,weakly_positive,weakly_positive
25-01-2025,2,4,0.49548,1,2,0.5,weakly_positive,weakly_positive
25-01-2025,0,0,0.0,0,0,0.0,weakly_positive,weakly_positive
25-01-2025,10,83,0.45924,3,6,0.47067,weakly_positive,weakly_positive
25-01-2025,3,17,0.61943,1,4,0.5,weakly_positive,weakly_positive
25-01-2025,0,0,0.0,0,0,0.0,weakly_positive,weakly_positive
25-01-2025,4,0,0.48749,2,0,0.5,weakly_positive,weakly_positive
25-01-2025,4,13,0.76456,2,4,0.723,weakly_positive,weakly_positive
24-01-2025,5,46,0.50445,4,21,0.50125,strongly_positive,strongly_positive
24-01-2025,5,11,0.54134,4,6,0.5555,strongly_positive,strongly_positive
24-01-2025,2,2,0.51527,2,10,0.5305,strongly_positive,strongly_positive
24-01-2025,19,253,0.48991,7,12,0.50843,strongly_positive,strongly_positive
24-01-2025,5,5,0.58157,2,1,0.5165,strongly_positive,strongly_positive
24-01-2025,18,301,0.5347,10,23,0.5065,strongly_positive,strongly_positive
24-01-2025,16,108,0.54075,9,10,0.56122,strongly_positive,strongly_positive
24-01-2025,15,182,0.55151,10,23,0.5528,strongly_positive,strongly_positive
24-01-2025,40,379,0.55269,12,7,0.56933,strongly_positive,strongly_positive
24-01-2025,48,437,0.66711,15,7,0.54993,strongly_positive,strongly_positive
24-01-2025,34,759,0.57817,12,19,0.59942,strongly_positive,strongly_positive
24-01-2025,43,960,0.55939,19,24,0.576,strongly_positive,strongly_positive
24-01-2025,36,288,0.56658,18,10,0.54339,strongly_positive,strongly_positive
24-01-2025,44,935,0.61155,26,32,0.51423,strongly_positive,strongly_positive
24-01-2025,22,325,0.54627,18,40,0.55717,strongly_positive,strongly_positive
24-01-2025,3,5,0.53469,3,17,0.55267,strongly_positive,strongly_positive
24-01-2025,14,39,0.60254,4,2,0.50575,strongly_positive,strongly_positive
24-01-2025,5,16,0.46244,2,3,0.418,strongly_positive,strongly_positive
24-01-2025,2,2,0.60627,1,1,0.614,strongly_positive,strongly_positive
24-01-2025,2,4,0.4823,1,3,0.5,strongly_positive,strongly_positive
24-01-2025,1,1,0.83471,1,1,0.844,strongly_positive,strongly_positive
24-01-2025,7,65,0.55435,5,20,0.5618,strongly_positive,strongly_positive
24-01-2025,9,75,0.45676,4,9,0.46875,strongly_positive,strongly_positive
24-01-2025,10,118,0.5713,5,15,0.5428,strongly_positive,strongly_positive
23-01-2025,22,642,0.51483,12,40,0.53425,strongly_positive,strongly_positive
23-01-2025,5,20,0.64535,4,12,0.661,strongly_positive,strongly_positive
23-01-2025,3,5,0.61509,3,7,0.58367,strongly_positive,strongly_positive
23-01-2025,7,0,0.60391,2,0,0.5,strongly_positive,strongly_positive
23-01-2025,0,0,0.5,0,0,0.5,strongly_positive,strongly_positive
23-01-2025,10,115,0.59608,4,11,0.5325,strongly_positive,strongly_positive
23-01-2025,7,210,0.53623,3,30,0.55267,strongly_positive,strongly_positive
23-01-2025,17,122,0.48303,10,11,0.5012,strongly_positive,strongly_positive
23-01-2025,19,463,0.65018,12,41,0.57992,strongly_positive,strongly_positive
23-01-2025,37,717,0.54689,28,44,0.557,strongly_positive,strongly_positive
23-01-2025,69,2380,0.67322,22,27,0.55873,strongly_positive,strongly_positive
23-01-2025,42,930,0.56082,14,18,0.56336,strongly_positive,strongly_positive
23-01-2025,24,212,0.55043,9,8,0.49933,strongly_positive,strongly_positive
23-01-2025,34,1051,0.66579,16,36,0.55156,strongly_positive,strongly_positive
23-01-2025,33,1053,0.45048,18,44,0.46683,strongly_positive,strongly_positive
23-01-2025,33,753,0.56659,21,39,0.57386,strongly_positive,strongly_positive
23-01-2025,25,371,0.57031,22,59,0.54873,strongly_positive,strongly_positive
23-01-2025,37,1201,0.64623,11,24,0.546,strongly_positive,strongly_positive
23-01-2025,6,24,0.61999,2,3,0.6275,strongly_positive,strongly_positive
23-01-2025,14,648,0.47725,6,47,0.49367,strongly_positive,strongly_positive
23-01-2025,6,41,0.52726,3,8,0.51367,strongly_positive,strongly_positive
23-01-2025,6,35,0.59993,4,10,0.5445,strongly_positive,strongly_positive
23-01-2025,5,30,0.48699,4,14,0.49225,strongly_positive,strongly_positive
23-01-2025,2,1,0.53948,2,1,0.525,strongly_positive,strongly_positive
23-01-2025,24,325,0.56068,8,11,0.568,strongly_positive,strongly_positive
22-01-2025,19,189,0.60406,7,9,0.55714,strongly_positive,strongly_positive
22-01-2025,15,269,0.46932,6,17,0.4865,strongly_positive,strongly_positive
22-01-2025,7,18,0.64597,6,12,0.61583,strongly_positive,strongly_positive
22-01-2025,18,642,0.55497,18,25,0.57578,strongly_positive,strongly_positive
22-01-2025,28,937,0.55565,9,26,0.55922,strongly_positive,strongly_positive
22-01-2025,9,96,0.50265,4,11,0.51875,strongly_positive,strongly_positive
22-01-2025,22,442,0.69819,10,22,0.5809,strongly_positive,strongly_positive
22-01-2025,28,639,0.56255,18,40,0.50467,strongly_positive,strongly_positive
22-01-2025,26,253,0.51259,18,19,0.52883,strongly_positive,strongly_positive
22-01-2025,21,278,0.57273,17,39,0.55259,strongly_positive,strongly_positive
22-01-2025,103,4840,0.55639,35,39,0.56054,strongly_positive,strongly_positive
22-01-2025,93,6880,0.53948,33,64,0.54852,strongly_positive,strongly_positive
22-01-2025,55,1303,0.52506,22,23,0.54345,strongly_positive,strongly_positive
22-01-2025,84,3030,0.52288,43,46,0.52637,strongly_positive,strongly_positive
22-01-2025,64,2821,0.60055,38,68,0.547,strongly_positive,strongly_positive
22-01-2025,17,187,0.55308,12,22,0.55808,strongly_positive,strongly_positive
22-01-2025,38,1446,0.51504,11,27,0.53345,strongly_positive,strongly_positive
22-01-2025,16,910,0.54538,5,44,0.5534,strongly_positive,strongly_positive
22-01-2025,6,23,0.64122,2,3,0.6475,strongly_positive,strongly_positive
22-01-2025,11,412,0.7023,5,41,0.5962,strongly_positive,strongly_positive
22-01-2025,14,566,0.54183,7,52,0.55957,strongly_positive,strongly_positive
22-01-2025,13,230,0.58759,9,35,0.60822,strongly_positive,strongly_positive
22-01-2025,8,40,0.63968,7,15,0.625,strongly_positive,strongly_positive
22-01-2025,11,65,0.61022,10,24,0.6304,strongly_positive,strongly_positive
21-01-2025,39,721,0.55356,14,16,0.55843,weakly_positive,weakly_positive
21-01-2025,17,211,0.56845,7,12,0.58957,weakly_positive,weakly_positive
21-01-2025,43,1471,0.62384,18,35,0.53878,weakly_positive,weakly_positive
21-01-2025,23,326,0.53502,14,22,0.49536,weakly_positive,weakly_positive
21-01-2025,3,5,0.24107,2,3,0.25,weakly_positive,weakly_positive
21-01-2025,68,2921,0.51922,51,99,0.51251,weakly_positive,weakly_positive
21-01-2025,30,507,0.52789,14,19,0.44214,weakly_positive,weakly_positive
21-01-2025,31,546,0.49995,15,21,0.5042,weakly_positive,weakly_positive
21-01-2025,20,330,0.50106,14,34,0.51757,weakly_positive,weakly_positive
21-01-2025,33,250,0.55723,25,18,0.46588,weakly_positive,weakly_positive
21-01-2025,22,120,0.50135,20,26,0.519,weakly_positive,weakly_positive
21-01-2025,30,616,0.62624,11,18,0.63518,weakly_positive,weakly_positive
21-01-2025,53,1901,0.53026,20,33,0.5132,weakly_positive,weakly_positive
21-01-2025,30,288,0.64638,13,10,0.551,weakly_positive,weakly_positive
21-01-2025,16,454,0.49132,9,40,0.49867,weakly_positive,weakly_positive
21-01-2025,14,286,0.48868,9,36,0.50611,weakly_positive,weakly_positive
21-01-2025,9,187,0.56879,7,51,0.55714,weakly_positive,weakly_positive
21-01-2025,7,223,0.54403,2,23,0.4975,weakly_positive,weakly_positive
21-01-2025,3,0,0.511,1,0,0.5,weakly_positive,weakly_positive
21-01-2025,2,28,0.42597,1,16,0.433,weakly_positive,weakly_positive
21-01-2025,0,0,0.0,0,0,0.0,weakly_positive,weakly_positive
21-01-2025,8,93,0.66262,6,28,0.56517,weakly_positive,weakly_positive
21-01-2025,5,47,0.58635,5,47,0.605,weakly_positive,weakly_positive
20-01-2025,10,87,0.48114,3,6,0.44633,weakly_positive,weakly_positive
20-01-2025,16,577,0.51794,6,33,0.5075,weakly_positive,weakly_positive
20-01-2025,2,0,0.57534,1,0,0.5,weakly_positive,weakly_positive
20-01-2025,13,331,0.54502,6,28,0.55733,weakly_positive,weakly_positive
20-01-2025,5,8,0.47777,3,3,0.49567,weakly_positive,weakly_positive
20-01-2025,6,12,0.61232,4,4,0.53125,weakly_positive,weakly_positive
20-01-2025,1,0,0.52349,1,1,0.538,weakly_positive,weakly_positive
20-01-2025,18,459,0.68827,6,21,0.5535,weakly_positive,weakly_positive
20-01-2025,17,435,0.59128,6,22,0.58517,weakly_positive,weakly_positive
20-01-2025,3,2,0.65945,2,2,0.555,weakly_positive,weakly_positive
20-01-2025,5,14,0.48663,4,9,0.49175,weakly_positive,weakly_positive
20-01-2025,21,235,0.66292,6,8,0.60833,weakly_positive,weakly_positive
20-01-2025,5,16,0.61068,2,3,0.5935,weakly_positive,weakly_positive
20-01-2025,7,94,0.46399,3,13,0.48,weakly_positive,weakly_positive
20-01-2025,4,4,0.67188,2,1,0.684,weakly_positive,weakly_positive
20-01-2025,5,3,0.40174,3,1,0.39,weakly_positive,weakly_positive
20-01-2025,3,1,0.68189,2,1,0.584,weakly_positive,weakly_positive
20-01-2025,1,1,0.45299,1,4,0.467,weakly_positive,weakly_positive
20-01-2025,0,0,0.0,0,0,0.0,weakly_positive,weakly_positive
20-01-2025,6,21,0.5691,2,3,0.559,weakly_positive,weakly_positive
20-01-2025,0,0,0.0,0,0,0.0,weakly_positive,weakly_positive
20-01-2025,2,2,0.58616,1,1,0.589,weakly_positive,weakly_positive
20-01-2025,2,12,0.12046,1,10,0.125,weakly_positive,weakly_positive
20-01-2025,0,0,0.0,0,0,0.0,weakly_positive,weakly_positive
19-01-2025,7,282,0.63705,2,28,0.594,weakly_positive,weakly_positive
19-01-2025,16,281,0.54858,5,13,0.5692,weakly_positive,weakly_positive
19-01-2025,2,0,0.84885,1,0,0.875,weakly_positive,weakly_positive
19-01-2025,0,0,0.0,0,0,0.0,weakly_positive,weakly_positive
19-01-2025,8,141,0.71191,4,21,0.574,weakly_positive,weakly_positive
19-01-2025,1,0,0.14319,1,1,0.125,weakly_positive,weakly_positive
19-01-2025,4,25,0.6266,3,15,0.64167,weakly_positive,weakly_positive
19-01-2025,1,0,0.52915,1,0,0.5,weakly_positive,weakly_positive
19-01-2025,3,0,0.67163,1,0,0.667,weakly_positive,weakly_positive
19-01-2025,8,212,0.44652,3,24,0.45833,weakly_positive,weakly_positive
19-01-2025,11,175,0.71611,6,21,0.57883,weakly_positive,weakly_positive
19-01-2025,2,1,0.62992,1,1,0.625,weakly_positive,weakly_positive
19-01-2025,2,1,0.56352,1,1,0.5,weakly_positive,weakly_positive
19-01-2025,5,61,0.48479,2,12,0.501,weakly_positive,weakly_positive
19-01-2025,2,0,0.54275,1,0,0.5,weakly_positive,weakly_positive
19-01-2025,4,13,0.34898,2,4,0.35,weakly_positive,weakly_positive
19-01-2025,0,0,0.0,0,0,0.0,weakly_positive,weakly_positive
19-01-2025,1,2,0.68647,1,6,0.7,weakly_positive,weakly_positive
19-01-2025,1,0,0.53451,1,0,0.5,weakly_positive,weakly_positive
19-01-2025,9,77,0.58073,3,7,0.49967,weakly_positive,weakly_positive
19-01-2025,8,9,0.42887,3,1,0.44167,weakly_positive,weakly_positive
19-01-2025,0,0,0.0,0,0,0.0,weakly_positive,weakly_positive
19-01-2025,0,0,0.0,0,0,0.0,weakly_positive,weakly_positive
19-01-2025,1,2,0.6424,1,3,0.563,weakly_positive,weakly_positive
18-01-2025,2,0,0.56451,2,1,0.566,weakly_positive,weakly_positive
18-01-2025,6,16,0.60366,2,2,0.6265,weakly_positive,weakly_positive
18-01-2025,3,0,0.59088,1,0,0.517,weakly_positive,weakly_positive
18-01-2025,0,0,0.0,0,0,0.0,weakly_positive,weakly_positive
18-01-2025,2,3,0.55425,1,2,0.45,weakly_positive,weakly_positive
18-01-2025,2,26,0.50284,1,17,0.5,weakly_positive,weakly_positive
18-01-2025,1,2,0.52439,1,6,0.538,weakly_positive,weakly_positive
18-01-2025,2,0,0.88846,2,0,0.72,weakly_positive,weakly_positive
18-01-2025,10,28,0.60226,3,2,0.625,weakly_positive,weakly_positive
18-01-2025,10,97,0.33868,4,9,0.347,weakly_positive,weakly_positive
18-01-2025,7,22,0.5449,3,3,0.51667,weakly_positive,weakly_positive
18-01-2025,5,20,0.54409,3,6,0.54167,weakly_positive,weakly_positive
18-01-2025,3,6,0.53654,2,3,0.55,weakly_positive,weakly_positive
18-01-2025,1,0,0.5949,1,1,0.613,weakly_positive,weakly_positive
18-01-2025,3,0,0.48185,1,0,0.5,weakly_positive,weakly_positive
18-01-2025,12,230,0.51061,4,15,0.455,weakly_positive,weakly_positive
18-01-2025,0,0,0.0,0,0,0.0,weakly_positive,weakly_positive
18-01-2025,1,2,0.54066,1,4,0.5,weakly_positive,weakly_positive
18-01-2025,0,0,0.0,0,0,0.0,weakly_positive,weakly_positive
18-01-2025,3,9,0.12043,1,2,0.125,weakly_positive,weakly_positive
18-01-2025,5,6,0.55076,2,1,0.5625,weakly_positive,weakly_positive
18-01-2025,14,70,0.74081,6,5,0.6955,weakly_positive,weakly_positive
18-01-2025,7,20,0.48175,3,3,0.5,weakly_positive,weakly_positive
18-01-2025,0,0,0.0,0,0,0.0,weakly_positive,weakly_positive
17-01-2025,4,0,0.46117,3,0,0.47367,weakly_positive,weakly_positive
17-01-2025,7,70,0.5063,2,7,0.5,weakly_positive,weakly_positive
17-01-2025,12,166,0.60832,4,11,0.5355,weakly_positive,weakly_positive
17-01-2025,6,37,0.58589,2,5,0.6015,weakly_positive,weakly_positive
17-01-2025,6,5,0.48527,3,1,0.50367,weakly_positive,weakly_positive
17-01-2025,4,0,0.60141,2,0,0.6,weakly_positive,weakly_positive
17-01-2025,5,82,0.48836,3,24,0.5,weakly_positive,weakly_positive
17-01-2025,0,0,0.5,0,0,0.5,weakly_positive,weakly_positive
17-01-2025,14,23,0.65736,12,6,0.53642,weakly_positive,weakly_positive
17-01-2025,5,6,0.62963,5,8,0.6276,weakly_positive,weakly_positive
17-01-2025,52,2314,0.59997,16,34,0.53663,weakly_positive,weakly_positive
17-01-2025,34,404,0.56146,14,12,0.53486,weakly_positive,weakly_positive
17-01-2025,23,498,0.51698,10,23,0.5364,weakly_positive,weakly_positive
17-01-2025,10,24,0.55028,6,4,0.563,weakly_positive,weakly_positive
17-01-2025,22,372,0.59769,15,31,0.56867,weakly_positive,weakly_positive
17-01-2025,19,210,0.63225,15,29,0.52547,weakly_positive,weakly_positive
17-01-2025,21,392,0.60073,7,15,0.53843,weakly_positive,weakly_positive
17-01-2025,0,0,0.0,0,0,0.0,weakly_positive,weakly_positive
17-01-2025,5,55,0.56889,2,10,0.5485,weakly_positive,weakly_positive
17-01-2025,2,8,0.67047,1,5,0.6,weakly_positive,weakly_positive
17-01-2025,2,0,0.63904,1,0,0.65,weakly_positive,weakly_positive
17-01-2025,3,3,0.48315,2,2,0.5,weakly_positive,weakly_positive
17-01-2025,0,0,0.0,0,0,0.0,weakly_positive,weakly_positive
17-01-2025,0,0,0.0,0,0,0.0,weakly_positive,weakly_positive
17-01-2025,2,11,0.56673,1,6,0.5,weakly_positive,weakly_positive
16-01-2025,4,15,0.63681,3,7,0.6,strongly_positive,strongly_positive
16-01-2025,5,16,0.65427,4,9,0.53625,strongly_positive,strongly_positive
16-01-2025,6,57,0.52117,2,7,0.5355,strongly_positive,strongly_positive
16-01-2025,3,11,0.45315,1,3,0.466,strongly_positive,strongly_positive
16-01-2025,14,63,0.63562,5,4,0.52,strongly_positive,strongly_positive
16-01-2025,6,10,0.5248,3,2,0.464,strongly_positive,strongly_positive
16-01-2025,7,32,0.46708,4,7,0.47725,strongly_positive,strongly_positive
16-01-2025,14,135,0.48333,9,16,0.46122,strongly_positive,strongly_positive
16-01-2025,1,1,0.60001,1,13,0.6,strongly_positive,strongly_positive
16-01-2025,17,188,0.50667,5,8,0.518,strongly_positive,strongly_positive
16-01-2025,6,23,0.6781,2,3,0.7,strongly_positive,strongly_positive
16-01-2025,9,8,0.49776,4,1,0.51625,strongly_positive,strongly_positive
16-01-2025,4,14,0.61233,2,4,0.55,strongly_positive,strongly_positive
16-01-2025,3,8,0.52311,2,5,0.5,strongly_positive,strongly_positive
16-01-2025,7,29,0.59213,5,9,0.6142,strongly_positive,strongly_positive
16-01-2025,2,1,0.58529,2,1,0.59,strongly_positive,strongly_positive
16-01-2025,9,53,0.48414,3,5,0.5,strongly_positive,strongly_positive
16-01-2025,3,11,0.76152,1,3,0.636,strongly_positive,strongly_positive
16-01-2025,5,10,0.47086,2,2,0.4875,strongly_positive,strongly_positive
16-01-2025,2,3,0.49205,1,2,0.508,strongly_positive,strongly_positive
16-01-2025,5,33,0.66345,3,11,0.64167,strongly_positive,strongly_positive
16-01-2025,1,0,0.66936,1,1,0.57,strongly_positive,strongly_positive
16-01-2025,7,79,0.63032,2,8,0.64,strongly_positive,strongly_positive
16-01-2025,3,4,0.48285,1,1,0.5,strongly_positive,strongly_positive
15-01-2025,3,8,0.77405,1,2,0.658,strongly_positive,strongly_positive
15-01-2025,2,3,0.60507,1,2,0.613,strongly_positive,strongly_positive
15-01-2025,4,42,0.59627,2,15,0.55,strongly_positive,strongly_positive
15-01-2025,4,19,0.65368,3,12,0.55267,strongly_positive,strongly_positive
15-01-2025,1,0,0.50606,1,1,0.523,strongly_positive,strongly_positive
15-01-2025,3,19,0.59169,1,4,0.545,strongly_positive,strongly_positive
15-01-2025,5,17,0.66384,2,3,0.647,strongly_positive,strongly_positive
15-01-2025,2,14,0.75431,1,7,0.65,strongly_positive,strongly_positive
15-01-2025,9,130,0.58697,4,16,0.5985,strongly_positive,strongly_positive
15-01-2025,3,17,0.57869,2,10,0.6,strongly_positive,strongly_positive
15-01-2025,7,35,0.61331,5,10,0.5276,strongly_positive,strongly_positive
15-01-2025,2,1,0.50976,2,2,0.525,strongly_positive,strongly_positive
15-01-2025,6,30,0.7331,2,4,0.7345,strongly_positive,strongly_positive
15-01-2025,39,1923,0.54586,14,43,0.53757,strongly_positive,strongly_positive
15-01-2025,12,69,0.53212,6,7,0.543,strongly_positive,strongly_positive
15-01-2025,8,68,0.53553,4,11,0.537,strongly_positive,strongly_positive
15-01-2025,3,6,0.44901,2,3,0.466,strongly_positive,strongly_positive
15-01-2025,5,4,0.4634,5,5,0.477,strongly_positive,strongly_positive
15-01-2025,3,5,0.72352,1,1,0.677,strongly_positive,strongly_positive
15-01-2025,3,0,0.61596,1,0,0.5,strongly_positive,strongly_positive
15-01-2025,5,0,0.60013,2,0,0.618,strongly_positive,strongly_positive
15-01-2025,7,139,0.51435,3,22,0.52767,strongly_positive,strongly_positive
15-01-2025,2,2,0.52673,1,1,0.5,strongly_positive,strongly_positive
15-01-2025,8,59,0.63553,6,15,0.55717,strongly_positive,strongly_positive
14-01-2025,2,2,0.51287,2,3,0.5255,weakly_positive,weakly_positive
14-01-2025,2,5,0.65924,2,12,0.625,weakly_positive,weakly_positive
14-01-2025,3,15,0.62786,1,4,0.625,weakly_positive,weakly_positive
14-01-2025,2,2,0.56033,1,1,0.5,weakly_positive,weakly_positive
14-01-2025,0,0,0.5,0,0,0.5,weakly_positive,weakly_positive
14-01-2025,1,0,0.44336,1,1,0.45,weakly_positive,weakly_positive
14-01-2025,3,78,0.64151,1,17,0.594,weakly_positive,weakly_positive
14-01-2025,7,39,0.5887,2,4,0.6105,weakly_positive,weakly_positive
14-01-2025,10,122,0.51931,4,12,0.53625,weakly_positive,weakly_positive
14-01-2025,43,828,0.46025,20,22,0.4703,weakly_positive,weakly_positive
14-01-2025,26,193,0.5326,13,9,0.533,weakly_positive,weakly_positive
14-01-2025,8,56,0.54524,6,15,0.472,weakly_positive,weakly_positive
14-01-2025,4,21,0.57544,3,13,0.58767,weakly_positive,weakly_positive
14-01-2025,10,5,0.63741,9,3,0.59833,weakly_positive,weakly_positive
14-01-2025,52,584,0.50363,19,10,0.49779,weakly_positive,weakly_positive
14-01-2025,5,50,0.46852,2,9,0.482,weakly_positive,weakly_positive
14-01-2025,7,37,0.66602,4,7,0.53325,weakly_positive,weakly_positive
14-01-2025,0,0,0.0,0,0,0.0,weakly_positive,weakly_positive
14-01-2025,3,7,0.5681,2,4,0.5,weakly_positive,weakly_positive
14-01-2025,14,117,0.56096,4,6,0.5275,weakly_positive,weakly_positive
14-01-2025,0,0,0.0,0,0,0.0,weakly_positive,weakly_positive
14-01-2025,0,0,0.0,0,0,0.0,weakly_positive,weakly_positive
14-01-2025,2,0,0.81035,1,0,0.761,weakly_positive,weakly_positive
14-01-2025,2,2,0.65944,1,1,0.538,weakly_positive,weakly_positive
14-01-2025,2,0,0.53013,1,0,0.55,weakly_positive,weakly_positive
13-01-2025,4,11,0.52894,3,7,0.54333,strongly_positive,strongly_positive
13-01-2025,4,6,0.55853,4,9,0.532,strongly_positive,strongly_positive
13-01-2025,17,623,0.57133,5,26,0.5928,strongly_positive,strongly_positive
13-01-2025,13,183,0.49336,5,13,0.5048,strongly_positive,strongly_positive
13-01-2025,14,159,0.50415,6,12,0.52017,strongly_positive,strongly_positive
13-01-2025,5,7,0.47335,3,2,0.47233,strongly_positive,strongly_positive
13-01-2025,8,61,0.6334,5,14,0.5676,strongly_positive,strongly_positive
13-01-2025,21,195,0.51509,15,19,0.53127,strongly_positive,strongly_positive
13-01-2025,20,225,0.55122,9,12,0.51233,strongly_positive,strongly_positive
13-01-2025,12,97,0.69296,6,10,0.55733,strongly_positive,strongly_positive
13-01-2025,9,54,0.52015,5,8,0.5148,strongly_positive,strongly_positive
13-01-2025,21,164,0.49274,17,21,0.50424,strongly_positive,strongly_positive
13-01-2025,19,50,0.68265,16,9,0.548,strongly_positive,strongly_positive
13-01-2025,58,1512,0.45713,17,19,0.47447,strongly_positive,strongly_positive
13-01-2025,28,59,0.5016,11,2,0.51518,strongly_positive,strongly_positive
13-01-2025,5,26,0.59444,2,5,0.56,strongly_positive,strongly_positive
13-01-2025,12,81,0.59797,7,10,0.59257,strongly_positive,strongly_positive
13-01-2025,6,11,0.48295,4,3,0.49625,strongly_positive,strongly_positive
13-01-2025,3,22,0.65496,2,16,0.6735,strongly_positive,strongly_positive
13-01-2025,3,9,0.43356,1,2,0.45,strongly_positive,strongly_positive
13-01-2025,3,12,0.905,1,3,0.8,strongly_positive,strongly_positive
13-01-2025,0,0,0.0,0,0,0.0,strongly_positive,strongly_positive
13-01-2025,2,11,0.48173,1,6,0.5,strongly_positive,strongly_positive
13-01-2025,4,12,0.47555,2,4,0.4755,strongly_positive,strongly_positive
12-01-2025,5,6,0.57444,3,2,0.51667,weakly_positive,weakly_positive
12-01-2025,6,26,0.66956,5,15,0.549,weakly_positive,weakly_positive
12-01-2025,14,98,0.52065,4,5,0.54,weakly_positive,weakly_positive
12-01-2025,20,772,0.57979,6,29,0.52067,weakly_positive,weakly_positive
12-01-2025,7,85,0.50888,3,12,0.48633,weakly_positive,weakly_positive
12-01-2025,2,0,0.67424,1,0,0.564,weakly_positive,weakly_positive
12-01-2025,3,20,0.62349,2,11,0.637,weakly_positive,weakly_positive
12-01-2025,0,0,0.0,0,0,0.0,weakly_positive,weakly_positive
12-01-2025,3,11,0.65809,2,9,0.5495,weakly_positive,weakly_positive
12-01-2025,3,0,0.55563,1,0,0.5,weakly_positive,weakly_positive
12-01-2025,14,380,0.54121,5,24,0.5492,weakly_positive,weakly_positive
12-01-2025,5,17,0.51704,2,3,0.5,weakly_positive,weakly_positive
12-01-2025,2,4,0.80097,2,8,0.6475,weakly_positive,weakly_positive
12-01-2025,2,2,0.54473,2,7,0.5405,weakly_positive,weakly_positive
12-01-2025,13,0,0.63306,4,0,0.56175,weakly_positive,weakly_positive
12-01-2025,10,30,0.45848,4,3,0.434,weakly_positive,weakly_positive
12-01-2025,5,14,0.56702,2,3,0.5885,weakly_positive,weakly_positive
12-01-2025,0,0,0.0,0,0,0.0,weakly_positive,weakly_positive
12-01-2025,1,0,0.52889,1,0,0.5,weakly_positive,weakly_positive
12-01-2025,2,1,0.68242,2,1,0.562,weakly_positive,weakly_positive
12-01-2025,3,24,0.56228,1,6,0.5,weakly_positive,weakly_positive
12-01-2025,3,46,0.4614,1,12,0.475,weakly_positive,weakly_positive
12-01-2025,5,0,0.53837,2,0,0.516,weakly_positive,weakly_positive
12-01-2025,0,0,0.0,0,0,0.0,weakly_positive,weakly_positive
11-01-2025,5,10,0.52241,3,3,0.533,weakly_positive,weakly_positive
11-01-2025,0,0,0.0,0,0,0.0,weakly_positive,weakly_positive
11-01-2025,5,4,0.4648,5,6,0.4658,weakly_positive,weakly_positive
11-01-2025,0,0,0.0,0,0,0.0,weakly_positive,weakly_positive
11-01-2025,9,35,0.50718,3,3,0.524,weakly_positive,weakly_positive
11-01-2025,7,66,0.53981,3,10,0.55967,weakly_positive,weakly_positive
11-01-2025,6,39,0.63782,3,8,0.64467,weakly_positive,weakly_positive
11-01-2025,6,0,0.5439,4,0,0.5215,weakly_positive,weakly_positive
11-01-2025,0,0,0.5,0,0,0.5,weakly_positive,weakly_positive
11-01-2025,7,38,0.68071,6,15,0.57217,weakly_positive,weakly_positive
11-01-2025,5,10,0.55693,4,7,0.5625,weakly_positive,weakly_positive
11-01-2025,3,4,0.51085,1,1,0.528,weakly_positive,weakly_positive
11-01-2025,13,151,0.54413,5,11,0.5284,weakly_positive,weakly_positive
11-01-2025,5,36,0.53156,2,7,0.55,weakly_positive,weakly_positive
11-01-2025,3,56,0.6131,2,28,0.621,weakly_positive,weakly_positive
11-01-2025,2,32,0.57731,1,26,0.56,weakly_positive,weakly_positive
11-01-2025,5,21,0.58453,4,9,0.5,weakly_positive,weakly_positive
11-01-2025,7,84,0.53582,3,13,0.556,weakly_positive,weakly_positive
11-01-2025,4,7,0.57957,2,2,0.5165,weakly_positive,weakly_positive
11-01-2025,1,0,0.52639,1,0,0.5,weakly_positive,weakly_positive
11-01-2025,1,0,0.48182,1,0,0.5,weakly_positive,weakly_positive
11-01-2025,2,0,0.47206,2,1,0.474,weakly_positive,weakly_positive
11-01-2025,0,0,0.0,0,0,0.0,weakly_positive,weakly_positive
11-01-2025,3,4,0.66456,1,1,0.55,weakly_positive,weakly_positive
11-01-2025,7,7,0.50657,3,1,0.525,weakly_positive,weakly_positive
10-01-2025,4,0,0.80683,2,0,0.8315,strongly_positive,strongly_positive
10-01-2025,3,0,0.572,2,0,0.55,strongly_positive,strongly_positive
10-01-2025,3,6,0.56273,2,5,0.475,strongly_positive,strongly_positive
10-01-2025,7,49,0.52375,2,5,0.5335,strongly_positive,strongly_positive
10-01-2025,6,0,0.53178,2,0,0.55,strongly_positive,strongly_positive
10-01-2025,6,44,0.66757,2,6,0.5625,strongly_positive,strongly_positive
10-01-2025,2,4,0.57561,1,2,0.522,strongly_positive,strongly_positive
10-01-2025,16,289,0.5572,9,25,0.56344,strongly_positive,strongly_positive
10-01-2025,4,11,0.45867,3,6,0.47533,strongly_positive,strongly_positive
10-01-2025,10,39,0.49835,9,16,0.50467,strongly_positive,strongly_positive
10-01-2025,16,50,0.5187,16,27,0.52488,strongly_positive,strongly_positive
10-01-2025,35,310,0.60402,13,8,0.51015,strongly_positive,strongly_positive
10-01-2025,43,588,0.53752,18,14,0.55561,strongly_positive,strongly_positive
10-01-2025,41,797,0.60132,18,21,0.55339,strongly_positive,strongly_positive
10-01-2025,11,45,0.52171,7,7,0.50814,strongly_positive,strongly_positive
10-01-2025,6,6,0.46472,4,2,0.4805,strongly_positive,strongly_positive
10-01-2025,2,1,0.53616,2,1,0.5465,strongly_positive,strongly_positive
10-01-2025,12,45,0.5756,4,3,0.59675,strongly_positive,strongly_positive
10-01-2025,6,0,0.58182,2,0,0.5,strongly_positive,strongly_positive
10-01-2025,5,29,0.53016,4,14,0.55,strongly_positive,strongly_positive
10-01-2025,0,0,0.0,0,0,0.0,strongly_positive,strongly_positive
10-01-2025,3,0,0.49749,1,0,0.506,strongly_positive,strongly_positive
10-01-2025,5,22,0.6235,2,4,0.5195,strongly_positive,strongly_positive
10-01-2025,5,5,0.58385,2,1,0.5875,strongly_positive,strongly_positive
09-01-2025,16,452,0.67873,7,31,0.61771,strongly_positive,strongly_positive
09-01-2025,7,14,0.69978,4,3,0.582,strongly_positive,strongly_positive
09-01-2025,7,53,0.52652,5,15,0.5454,strongly_positive,strongly_positive
09-01-2025,1,2,0.49293,1,6,0.5,strongly_positive,strongly_positive
09-01-2025,3,8,0.55982,1,2,0.54,strongly_positive,strongly_positive
09-01-2025,11,168,0.67738,4,13,0.5745,strongly_positive,strongly_positive
09-01-2025,8,18,0.52122,3,2,0.52833,strongly_positive,strongly_positive
09-01-2025,10,141,0.53972,5,18,0.5586,strongly_positive,strongly_positive
09-01-2025,5,58,0.73119,3,18,0.714,strongly_positive,strongly_positive
09-01-2025,1,0,0.54912,1,0,0.5,strongly_positive,strongly_positive
09-01-2025,17,97,0.54261,5,4,0.5476,strongly_positive,strongly_positive
09-01-2025,7,79,0.70378,2,8,0.6865,strongly_positive,strongly_positive
09-01-2025,10,251,0.59558,4,24,0.60425,strongly_positive,strongly_positive
09-01-2025,4,4,0.51018,2,1,0.472,strongly_positive,strongly_positive
09-01-2025,6,41,0.61751,3,8,0.64033,strongly_positive,strongly_positive
09-01-2025,3,18,0.49235,2,12,0.5085,strongly_positive,strongly_positive
09-01-2025,1,0,0.66894,1,1,0.618,strongly_positive,strongly_positive
09-01-2025,0,0,0.0,0,0,0.0,strongly_positive,strongly_positive
09-01-2025,8,28,0.59282,3,3,0.51267,strongly_positive,strongly_positive
09-01-2025,8,27,0.57955,3,3,0.59167,strongly_positive,strongly_positive
09-01-2025,4,0,0.59877,2,0,0.621,strongly_positive,strongly_positive
09-01-2025,7,92,0.63359,4,18,0.547,strongly_positive,strongly_positive
09-01-2025,0,0,0.0,0,0,0.0,strongly_positive,strongly_positive
09-01-2025,0,0,0.0,0,0,0.0,strongly_positive,strongly_positive
08-01-2025,16,357,0.53438,7,23,0.54257,weakly_positive,weakly_positive
08-01-2025,4,7,0.4756,2,2,0.4925,weakly_positive,weakly_positive
08-01-2025,3,0,0.6114,2,0,0.6165,weakly_positive,weakly_positive
08-01-2025,5,2,0.54719,4,1,0.5,weakly_positive,weakly_positive
08-01-2025,5,15,0.53604,5,15,0.54,weakly_positive,weakly_positive
08-01-2025,15,92,0.58266,5,5,0.6032,weakly_positive,weakly_positive
08-01-2025,21,458,0.55565,8,20,0.56463,weakly_positive,weakly_positive
08-01-2025,28,290,0.53356,11,10,0.53791,weakly_positive,weakly_positive
08-01-2025,14,208,0.63767,8,21,0.54338,weakly_positive,weakly_positive
08-01-2025,5,34,0.521,3,12,0.53767,weakly_positive,weakly_positive
08-01-2025,12,0,0.48281,11,0,0.5,weakly_positive,weakly_positive
08-01-2025,0,0,0.5,0,0,0.5,weakly_positive,weakly_positive
08-01-2025,36,673,0.61166,11,14,0.599,weakly_positive,weakly_positive
08-01-2025,50,961,0.4824,16,15,0.498,weakly_positive,weakly_positive
08-01-2025,30,664,0.59896,13,23,0.60323,weakly_positive,weakly_positive
08-01-2025,18,270,0.61413,9,18,0.63711,weakly_positive,weakly_positive
08-01-2025,6,5,0.51914,3,1,0.45,weakly_positive,weakly_positive
08-01-2025,4,0,0.64608,3,0,0.6,weakly_positive,weakly_positive
08-01-2025,0,0,0.0,0,0,0.0,weakly_positive,weakly_positive
08-01-2025,3,5,0.37507,1,1,0.371,weakly_positive,weakly_positive
08-01-2025,3,3,0.48875,1,1,0.5,weakly_positive,weakly_positive
08-01-2025,3,0,0.62356,1,0,0.5,weakly_positive,weakly_positive
08-01-2025,2,4,0.40288,1,3,0.35,weakly_positive,weakly_positive
08-01-2025,0,0,0.0,0,0,0.0,weakly_positive,weakly_positive
08-01-2025,4,26,0.50992,3,13,0.48,weakly_positive,weakly_positive
07-01-2025,13,141,0.5422,4,8,0.537,strongly_positive,strongly_positive
07-01-2025,6,64,0.52052,2,8,0.535,strongly_positive,strongly_positive
07-01-2025,3,0,0.54765,1,0,0.563,strongly_positive,strongly_positive
07-01-2025,8,23,0.51967,6,6,0.52667,strongly_positive,strongly_positive
07-01-2025,4,9,0.4755,3,7,0.49267,strongly_positive,strongly_positive
07-01-2025,24,301,0.54599,7,9,0.536,strongly_positive,strongly_positive
07-01-2025,6,7,0.58809,2,1,0.5395,strongly_positive,strongly_positive
07-01-2025,30,548,0.51197,12,18,0.51467,strongly_positive,strongly_positive
07-01-2025,12,70,0.66544,5,6,0.6526,strongly_positive,strongly_positive
07-01-2025,25,173,0.53136,15,11,0.54087,strongly_positive,strongly_positive
07-01-2025,15,79,0.46746,11,11,0.43555,strongly_positive,strongly_positive
07-01-2025,48,1400,0.6234,14,21,0.53371,strongly_positive,strongly_positive
07-01-2025,53,3204,0.52164,17,48,0.53782,strongly_positive,strongly_positive
07-01-2025,33,360,0.61994,11,9,0.57682,strongly_positive,strongly_positive
07-01-2025,17,91,0.58755,8,6,0.577,strongly_positive,strongly_positive
07-01-2025,17,271,0.71888,9,21,0.627,strongly_positive,strongly_positive
07-01-2025,5,25,0.56035,3,7,0.57367,strongly_positive,strongly_positive
07-01-2025,4,10,0.52201,3,8,0.54167,strongly_positive,strongly_positive
07-01-2025,2,2,0.60293,2,4,0.525,strongly_positive,strongly_positive
07-01-2025,10,68,0.59251,3,5,0.60833,strongly_positive,strongly_positive
07-01-2025,7,122,0.70177,3,17,0.56667,strongly_positive,strongly_positive
07-01-2025,2,0,0.46688,1,0,0.463,strongly_positive,strongly_positive
07-01-2025,3,11,0.51148,2,6,0.524,strongly_positive,strongly_positive
07-01-2025,5,14,0.72915,3,5,0.58767,strongly_positive,strongly_positive
06-01-2025,13,181,0.48839,10,34,0.5069,weakly_positive,weakly_positive
06-01-2025,28,1449,0.48167,9,41,0.49422,weakly_positive,weakly_positive
06-01-2025,12,191,0.59996,4,13,0.56675,weakly_positive,weakly_positive
06-01-2025,13,326,0.71818,5,23,0.5908,weakly_positive,weakly_positive
06-01-2025,6,20,0.51987,3,4,0.53367,weakly_positive,weakly_positive
06-01-2025,9,76,0.49766,5,12,0.5122,weakly_positive,weakly_positive
06-01-2025,11,49,0.62781,7,8,0.60129,weakly_positive,weakly_positive
06-01-2025,23,395,0.51418,9,16,0.533,weakly_positive,weakly_positive
06-01-2025,16,363,0.48121,7,24,0.47371,weakly_positive,weakly_positive
06-01-2025,65,1620,0.49902,30,28,0.51423,weakly_positive,weakly_positive
06-01-2025,32,421,0.58339,21,24,0.58519,weakly_positive,weakly_positive
06-01-2025,33,648,0.52081,26,51,0.5405,weakly_positive,weakly_positive
06-01-2025,58,2213,0.54979,18,29,0.56056,weakly_positive,weakly_positive
06-01-2025,76,3517,0.61889,26,39,0.57877,weakly_positive,weakly_positive
06-01-2025,6,28,0.59359,2,4,0.616,weakly_positive,weakly_positive
06-01-2025,0,0,0.0,0,0,0.0,weakly_positive,weakly_positive
06-01-2025,0,0,0.0,0,0,0.0,weakly_positive,weakly_positive
06-01-2025,0,0,0.0,0,0,0.0,weakly_positive,weakly_positive
06-01-2025,0,0,0.0,0,0,0.0,weakly_positive,weakly_positive
06-01-2025,0,0,0.0,0,0,0.0,weakly_positive,weakly_positive
06-01-2025,0,0,0.0,0,0,0.0,weakly_positive,weakly_positive
06-01-2025,7,27,0.51286,3,4,0.51033,weakly_positive,weakly_positive
06-01-2025,4,7,0.51201,2,2,0.525,weakly_positive,weakly_positive
06-01-2025,9,34,0.7323,6,7,0.59433,weakly_positive,weakly_positive
05-01-2025,4,2,0.5445,3,1,0.54133,weakly_positive,weakly_positive
05-01-2025,6,18,0.6164,5,10,0.5488,weakly_positive,weakly_positive
05-01-2025,12,29,0.62056,4,2,0.589,weakly_positive,weakly_positive
05-01-2025,6,0,0.62345,2,0,0.647,weakly_positive,weakly_positive
05-01-2025,0,0,0.0,0,0,0.0,weakly_positive,weakly_positive
05-01-2025,2,0,0.52746,1,0,0.5,weakly_positive,weakly_positive
05-01-2025,3,4,0.66044,2,2,0.546,weakly_positive,weakly_positive
05-01-2025,3,0,0.53064,2,0,0.55,weakly_positive,weakly_positive
05-01-2025,10,227,0.5736,3,16,0.591,weakly_positive,weakly_positive
05-01-2025,9,231,0.61195,3,20,0.588,weakly_positive,weakly_positive
05-01-2025,6,0,0.60917,2,0,0.6315,weakly_positive,weakly_positive
05-01-2025,0,0,0.0,0,0,0.0,weakly_positive,weakly_positive
05-01-2025,1,0,0.56849,1,0,0.5,weakly_positive,weakly_positive
05-01-2025,9,69,0.51857,3,6,0.519,weakly_positive,weakly_positive
05-01-2025,11,62,0.54436,4,5,0.565,weakly_positive,weakly_positive
05-01-2025,10,76,0.60672,4,7,0.53275,weakly_positive,weakly_positive
05-01-2025,2,0,0.53272,1,0,0.5,weakly_positive,weakly_positive
05-01-2025,0,0,0.5,0,0,0.5,weakly_positive,weakly_positive
05-01-2025,0,0,0.0,0,0,0.0,weakly_positive,weakly_positive
05-01-2025,0,0,0.0,0,0,0.0,weakly_positive,weakly_positive
05-01-2025,0,0,0.0,0,0,0.0,weakly_positive,weakly_positive
05-01-2025,3,0,0.63538,1,0,0.517,weakly_positive,weakly_positive
05-01-2025,3,4,0.54549,1,1,0.566,weakly_positive,weakly_positive
05-01-2025,2,0,0.48856,1,0,0.5,weakly_positive,weakly_positive
05-01-2025,14,183,0.71834,7,16,0.683,weakly_positive,weakly_positive
04-01-2025,1,0,0.60553,1,1,0.604,strongly_positive,strongly_positive
04-01-2025,0,0,0.0,0,0,0.0,strongly_positive,strongly_positive
04-01-2025,2,0,0.5406,2,0,0.5575,strongly_positive,strongly_positive
04-01-2025,3,43,0.48386,1,12,0.502,strongly_positive,strongly_positive
04-01-2025,3,0,0.52229,1,0,0.467,strongly_positive,strongly_positive
04-01-2025,9,51,0.486,4,6,0.4945,strongly_positive,strongly_positive
04-01-2025,3,2,0.48189,2,1,0.5,strongly_positive,strongly_positive
04-01-2025,10,32,0.51473,7,6,0.51771,strongly_positive,strongly_positive
04-01-2025,8,42,0.61916,6,14,0.563,strongly_positive,strongly_positive
04-01-2025,0,0,0.0,0,0,0.0,strongly_positive,strongly_positive
04-01-2025,9,87,0.55824,3,8,0.57833,strongly_positive,strongly_positive
04-01-2025,8,9,0.59366,3,1,0.539,strongly_positive,strongly_positive
04-01-2025,8,39,0.59211,4,6,0.57075,strongly_positive,strongly_positive
04-01-2025,10,122,0.67219,6,18,0.5695,strongly_positive,strongly_positive
04-01-2025,1,0,0.60861,1,0,0.55,strongly_positive,strongly_positive
04-01-2025,14,60,0.55956,4,3,0.56675,strongly_positive,strongly_positive
04-01-2025,7,20,0.67881,2,2,0.6585,strongly_positive,strongly_positive
04-01-2025,2,0,0.51928,1,0,0.525,strongly_positive,strongly_positive
04-01-2025,4,51,0.54434,2,14,0.5,strongly_positive,strongly_positive
04-01-2025,2,0,0.49899,1,0,0.517,strongly_positive,strongly_positive
04-01-2025,1,0,0.58009,1,0,0.6,strongly_positive,strongly_positive
04-01-2025,1,1,0.79043,1,3,0.725,strongly_positive,strongly_positive
04-01-2025,1,0,0.53513,1,0,0.538,strongly_positive,strongly_positive
04-01-2025,8,37,0.64728,3,4,0.555,strongly_positive,strongly_positive
03-01-2025,5,0,0.61896,2,0,0.63,strongly_positive,strongly_positive
03-01-2025,4,3,0.49549,2,1,0.5135,strongly_positive,strongly_positive
03-01-2025,5,11,0.76911,3,3,0.65833,strongly_positive,strongly_positive
03-01-2025,8,41,0.55652,5,9,0.5738,strongly_positive,strongly_positive
03-01-2025,24,976,0.59331,7,29,0.59586,strongly_positive,strongly_positive
03-01-2025,20,163,0.59,6,6,0.57933,strongly_positive,strongly_positive
03-01-2025,39,1232,0.63213,13,26,0.55123,strongly_positive,strongly_positive
03-01-2025,45,1181,0.56847,19,27,0.57137,strongly_positive,strongly_positive
03-01-2025,50,2230,0.53306,24,53,0.55313,strongly_positive,strongly_positive
03-01-2025,48,952,0.54688,27,28,0.54278,strongly_positive,strongly_positive
03-01-2025,8,3,0.56259,6,1,0.52433,strongly_positive,strongly_positive
03-01-2025,11,38,0.69267,10,16,0.5592,strongly_positive,strongly_positive
03-01-2025,12,4,0.53316,12,8,0.52867,strongly_positive,strongly_positive
03-01-2025,50,818,0.49286,19,15,0.50489,strongly_positive,strongly_positive
03-01-2025,16,217,0.53443,7,14,0.50543,strongly_positive,strongly_positive
03-01-2025,7,25,0.64241,4,5,0.5605,strongly_positive,strongly_positive
03-01-2025,2,5,0.48728,1,4,0.5,strongly_positive,strongly_positive
03-01-2025,3,11,0.52938,2,7,0.5,strongly_positive,strongly_positive
03-01-2025,2,22,0.4857,1,11,0.491,strongly_positive,strongly_positive
03-01-2025,2,2,0.57873,1,1,0.6,strongly_positive,strongly_positive
03-01-2025,2,8,0.65972,1,5,0.567,strongly_positive,strongly_positive
03-01-2025,0,0,0.0,0,0,0.0,strongly_positive,strongly_positive
03-01-2025,0,0,0.0,0,0,0.0,strongly_positive,strongly_positive
03-01-2025,14,377,0.55065,4,19,0.542,strongly_positive,strongly_positive
02-01-2025,10,54,0.57444,4,5,0.586,weakly_positive,weakly_positive
02-01-2025,5,11,0.57318,2,2,0.575,weakly_positive,weakly_positive
02-01-2025,5,14,0.69421,3,4,0.598,weakly_positive,weakly_positive
02-01-2025,0,0,0.0,0,0,0.0,weakly_positive,weakly_positive
02-01-2025,11,70,0.59852,8,13,0.55963,weakly_positive,weakly_positive
02-01-2025,7,0,0.50629,2,0,0.499,weakly_positive,weakly_positive
02-01-2025,16,82,0.49476,5,4,0.5096,weakly_positive,weakly_positive
02-01-2025,19,328,0.50784,7,15,0.52086,weakly_positive,weakly_positive
02-01-2025,37,666,0.53631,17,20,0.52806,weakly_positive,weakly_positive
02-01-2025,33,634,0.63664,17,25,0.55765,weakly_positive,weakly_positive
02-01-2025,58,1463,0.47115,35,40,0.48289,weakly_positive,weakly_positive
02-01-2025,37,311,0.48678,31,26,0.50519,weakly_positive,weakly_positive
02-01-2025,86,3934,0.49682,25,33,0.49432,weakly_positive,weakly_positive
02-01-2025,60,643,0.53252,18,8,0.54606,weakly_positive,weakly_positive
02-01-2025,22,113,0.71932,9,5,0.58367,weakly_positive,weakly_positive
02-01-2025,13,23,0.51924,6,2,0.53883,weakly_positive,weakly_positive
02-01-2025,3,8,0.48742,2,4,0.5,weakly_positive,weakly_positive
02-01-2025,6,67,0.66227,4,23,0.6285,weakly_positive,weakly_positive
02-01-2025,1,0,0.5001,1,1,0.519,weakly_positive,weakly_positive
02-01-2025,3,0,0.48793,1,0,0.5,weakly_positive,weakly_positive
02-01-2025,0,0,0.0,0,0,0.0,weakly_positive,weakly_positive
02-01-2025,0,0,0.0,0,0,0.0,weakly_positive,weakly_positive
02-01-2025,0,0,0.0,0,0,0.0,weakly_positive,weakly_positive
02-01-2025,1,0,0.71575,1,0,0.618,weakly_positive,weakly_positive
01-01-2025,3,26,0.51021,1,6,0.525,weakly_positive,weakly_positive
01-01-2025,2,11,0.54195,1,5,0.542,weakly_positive,weakly_positive
01-01-2025,14,0,0.50662,6,0,0.5,weakly_positive,weakly_positive
01-01-2025,0,0,0.5,0,0,0.5,weakly_positive,weakly_positive
01-01-2025,2,0,0.46295,1,0,0.473,weakly_positive,weakly_positive
01-01-2025,6,13,0.49878,4,4,0.49925,weakly_positive,weakly_positive
01-01-2025,4,9,0.5177,3,6,0.53733,weakly_positive,weakly_positive
01-01-2025,6,16,0.41034,2,2,0.422,weakly_positive,weakly_positive
01-01-2025,3,0,0.5328,1,0,0.5,weakly_positive,weakly_positive
01-01-2025,3,7,0.85887,1,2,0.7,weakly_positive,weakly_positive
01-01-2025,4,30,0.49521,2,9,0.5095,weakly_positive,weakly_positive
01-01-2025,2,0,0.48687,1,0,0.5,weakly_positive,weakly_positive
01-01-2025,5,11,0.59533,3,4,0.56667,weakly_positive,weakly_positive
01-01-2025,1,0,0.5683,1,0,0.5,weakly_positive,weakly_positive
01-01-2025,0,0,0.0,0,0,0.0,weakly_positive,weakly_positive
01-01-2025,6,8,0.42812,2,1,0.407,weakly_positive,weakly_positive
01-01-2025,0,0,0.0,0,0,0.0,weakly_positive,weakly_positive
01-01-2025,0,0,0.0,0,0,0.0,weakly_positive,weakly_positive
01-01-2025,2,0,0.83014,1,0,0.677,weakly_positive,weakly_positive
01-01-2025,0,0,0.0,0,0,0.0,weakly_positive,weakly_positive
01-01-2025,0,0,0.0,0,0,0.0,weakly_positive,weakly_positive
01-01-2025,3,0,0.63009,1,0,0.6,weakly_positive,weakly_positive
01-01-2025,0,0,0.0,0,0,0.0,weakly_positive,weakly_positive
01-01-2025,2,2,0.19887,1,1,0.2,weakly_positive,weakly_positive
01-01-2025,4,28,0.50063,2,10,0.5165,weakly_positive,weakly_positive
31-12-2024,2,1,0.66216,1,1,0.55,strongly_positive,strongly_positive
31-12-2024,1,0,0.65347,1,0,0.677,strongly_positive,strongly_positive
31-12-2024,5,0,0.62294,2,0,0.617,strongly_positive,strongly_positive
31-12-2024,9,56,0.58961,4,7,0.606,strongly_positive,strongly_positive
31-12-2024,1,0,0.70526,1,0,0.567,strongly_positive,strongly_positive
31-12-2024,4,6,0.39683,3,3,0.39267,strongly_positive,strongly_positive
31-12-2024,2,1,0.55649,2,1,0.4915,strongly_positive,strongly_positive
31-12-2024,9,43,0.32732,3,4,0.30867,strongly_positive,strongly_positive
31-12-2024,3,7,0.48173,1,2,0.5,strongly_positive,strongly_positive
31-12-2024,5,10,0.43375,2,2,0.4335,strongly_positive,strongly_positive
31-12-2024,2,8,0.5309,1,5,0.5,strongly_positive,strongly_positive
31-12-2024,13,112,0.64596,8,14,0.52912,strongly_positive,strongly_positive
31-12-2024,1,2,0.48205,1,5,0.5,strongly_positive,strongly_positive
31-12-2024,10,141,0.47007,3,10,0.48333,strongly_positive,strongly_positive
31-12-2024,15,303,0.64122,5,16,0.6124,strongly_positive,strongly_positive
31-12-2024,15,890,0.61676,5,49,0.6398,strongly_positive,strongly_positive
31-12-2024,6,16,0.52448,3,3,0.536,strongly_positive,strongly_positive
31-12-2024,4,0,0.5317,2,0,0.549,strongly_positive,strongly_positive
31-12-2024,1,0,0.50015,1,0,0.5,strongly_positive,strongly_positive
31-12-2024,2,3,0.58278,2,6,0.524,strongly_positive,strongly_positive
31-12-2024,1,0,0.67236,1,0,0.694,strongly_positive,strongly_positive
31-12-2024,0,0,0.0,0,0,0.0,strongly_positive,strongly_positive
31-12-2024,5,36,0.62614,2,7,0.6315,strongly_positive,strongly_positive
31-12-2024,2,6,0.53554,1,3,0.544,strongly_positive,strongly_positive
30-12-2024,2,28,0.54773,1,23,0.458,weakly_positive,weakly_positive
30-12-2024,5,0,0.49613,3,0,0.5,weakly_positive,weakly_positive
30-12-2024,0,0,0.0,0,0,0.0,weakly_positive,weakly_positive
30-12-2024,0,0,0.0,0,0,0.0,weakly_positive,weakly_positive
30-12-2024,3,4,0.51091,1,1,0.529,weakly_positive,weakly_positive
30-12-2024,0,0,0.0,0,0,0.0,weakly_positive,weakly_positive
30-12-2024,4,6,0.40396,3,4,0.41467,weakly_positive,weakly_positive
30-12-2024,1,0,0.58295,1,1,0.6,weakly_positive,weakly_positive
30-12-2024,5,11,0.67737,2,2,0.703,weakly_positive,weakly_positive
30-12-2024,5,5,0.63299,2,1,0.5615,weakly_positive,weakly_positive
30-12-2024,7,53,0.5389,3,8,0.55,weakly_positive,weakly_positive
30-12-2024,5,34,0.51868,3,10,0.53833,weakly_positive,weakly_positive
30-12-2024,4,19,0.47918,3,9,0.48,weakly_positive,weakly_positive
30-12-2024,12,22,0.64848,10,5,0.5852,weakly_positive,weakly_positive
30-12-2024,10,27,0.64827,3,2,0.53367,weakly_positive,weakly_positive
30-12-2024,11,53,0.53647,4,4,0.55625,weakly_positive,weakly_positive
30-12-2024,3,0,0.53272,1,0,0.48,weakly_positive,weakly_positive
30-12-2024,8,71,0.62539,4,11,0.59925,weakly_positive,weakly_positive
30-12-2024,2,5,0.64663,1,4,0.543,weakly_positive,weakly_positive
30-12-2024,1,0,0.50275,1,0,0.513,weakly_positive,weakly_positive
30-12-2024,1,0,0.58061,1,0,0.6,weakly_positive,weakly_positive
30-12-2024,0,0,0.0,0,0,0.0,weakly_positive,weakly_positive
30-12-2024,3,0,0.71992,1,0,0.65,weakly_positive,weakly_positive
30-12-2024,5,5,0.49987,2,1,0.5065,weakly_positive,weakly_positive
29-12-2024,4,0,0.42654,2,0,0.4135,weakly_positive,weakly_positive
29-12-2024,4,15,0.60097,3,7,0.60733,weakly_positive,weakly_positive
29-12-2024,1,0,0.5513,1,0,0.559,weakly_positive,weakly_positive
29-12-2024,2,1,0.48264,2,1,0.5,weakly_positive,weakly_positive
29-12-2024,3,0,0.48333,1,0,0.5,weakly_positive,weakly_positive
29-12-2024,0,0,0.0,0,0,0.0,weakly_positive,weakly_positive
29-12-2024,4,10,0.5665,2,3,0.55,weakly_positive,weakly_positive
29-12-2024,2,6,0.48321,1,4,0.5,weakly_positive,weakly_positive
29-12-2024,3,4,0.52681,2,2,0.536,weakly_positive,weakly_positive
29-12-2024,3,10,0.65338,1,3,0.583,weakly_positive,weakly_positive
29-12-2024,2,6,0.50953,1,3,0.525,weakly_positive,weakly_positive
29-12-2024,2,0,0.70244,1,0,0.675,weakly_positive,weakly_positive
29-12-2024,2,0,0.64206,1,0,0.572,weakly_positive,weakly_positive
29-12-2024,4,5,0.5028,3,3,0.51233,weakly_positive,weakly_positive
29-12-2024,1,1,0.65274,1,4,0.675,weakly_positive,weakly_positive
29-12-2024,3,8,0.509,1,2,0.511,weakly_positive,weakly_positive
29-12-2024,3,14,0.66215,1,4,0.6,weakly_positive,weakly_positive
29-12-2024,3,0,0.59682,1,0,0.617,weakly_positive,weakly_positive
29-12-2024,2,2,0.31512,1,2,0.319,weakly_positive,weakly_positive
29-12-2024,2,35,0.67356,2,69,0.6475,weakly_positive,weakly_positive
29-12-2024,3,0,0.59257,1,0,0.5,weakly_positive,weakly_positive
29-12-2024,0,0,0.0,0,0,0.0,weakly_positive,weakly_positive
29-12-2024,2,0,0.54922,1,0,0.568,weakly_positive,weakly_positive
28-12-2024,0,0,0.0,0,0,0.0,weakly_positive,weakly_positive
28-12-2024,4,29,0.48979,2,9,0.5065,weakly_positive,weakly_positive
28-12-2024,3,3,0.58734,2,2,0.594,weakly_positive,weakly_positive
28-12-2024,0,0,0.0,0,0,0.0,weakly_positive,weakly_positive
28-12-2024,0,0,0.0,0,0,0.0,weakly_positive,weakly_positive
28-12-2024,0,0,0.0,0,0,0.0,weakly_positive,weakly_positive
28-12-2024,3,7,0.31935,1,2,0.331,weakly_positive,weakly_positive
28-12-2024,2,3,0.48369,1,2,0.5,weakly_positive,weakly_positive
28-12-2024,2,0,0.65216,1,0,0.6,weakly_positive,weakly_positive
28-12-2024,1,0,0.59781,1,0,0.6,weakly_positive,weakly_positive
28-12-2024,0,0,0.0,0,0,0.0,weakly_positive,weakly_positive
28-12-2024,3,21,0.4906,1,5,0.5,weakly_positive,weakly_positive
28-12-2024,6,80,0.54428,2,11,0.5085,weakly_positive,weakly_positive
28-12-2024,1,1,0.48478,1,2,0.5,weakly_positive,weakly_positive
28-12-2024,2,1,0.54098,2,1,0.5215,weakly_positive,weakly_positive
28-12-2024,7,51,0.66032,2,5,0.5595,weakly_positive,weakly_positive
28-12-2024,6,0,0.54953,2,0,0.559,weakly_positive,weakly_positive
28-12-2024,0,0,0.0,0,0,0.0,weakly_positive,weakly_positive
28-12-2024,0,0,0.0,0,0,0.0,weakly_positive,weakly_positive
28-12-2024,3,2,0.60452,2,1,0.55,weakly_positive,weakly_positive
28-12-2024,0,0,0.0,0,0,0.0,weakly_positive,weakly_positive
28-12-2024,0,0,0.0,0,0,0.0,weakly_positive,weakly_positive
28-12-2024,3,8,0.62118,1,2,0.63,weakly_positive,weakly_positive
28-12-2024,6,38,0.49488,2,5,0.5,weakly_positive,weakly_positive
27-12-2024,2,27,0.88463,1,14,0.75,strongly_positive,strongly_positive
27-12-2024,6,47,0.5789,3,10,0.598,strongly_positive,strongly_positive
27-12-2024,2,1,0.48855,1,1,0.451,strongly_positive,strongly_positive
27-12-2024,2,1,0.52034,2,2,0.508,strongly_positive,strongly_positive
27-12-2024,1,0,0.48389,1,0,0.5,strongly_positive,strongly_positive
27-12-2024,7,69,0.6555,2,7,0.669,strongly_positive,strongly_positive
27-12-2024,3,26,0.48213,1,8,0.5,strongly_positive,strongly_positive
27-12-2024,7,7,0.54528,3,1,0.47033,strongly_positive,strongly_positive
27-12-2024,2,1,0.64873,1,1,0.6,strongly_positive,strongly_positive
27-12-2024,2,11,0.66061,1,9,0.685,strongly_positive,strongly_positive
27-12-2024,4,17,0.54037,3,10,0.533,strongly_positive,strongly_positive
27-12-2024,19,73,0.40387,6,3,0.4125,strongly_positive,strongly_positive
27-12-2024,48,1119,0.52805,16,19,0.52881,strongly_positive,strongly_positive
27-12-2024,56,923,0.48239,21,15,0.50067,strongly_positive,strongly_positive
27-12-2024,25,128,0.54199,12,6,0.55325,strongly_positive,strongly_positive
27-12-2024,13,9,0.59006,7,1,0.55329,strongly_positive,strongly_positive
27-12-2024,3,2,0.68356,2,1,0.5565,strongly_positive,strongly_positive
27-12-2024,0,0,0.0,0,0,0.0,strongly_positive,strongly_positive
27-12-2024,7,7,0.73335,3,1,0.62433,strongly_positive,strongly_positive
27-12-2024,7,19,0.53589,3,3,0.544,strongly_positive,strongly_positive
27-12-2024,3,3,0.48286,2,2,0.5,strongly_positive,strongly_positive
27-12-2024,1,0,0.56195,1,0,0.55,strongly_positive,strongly_positive
27-12-2024,13,106,0.51753,4,6,0.47275,strongly_positive,strongly_positive
27-12-2024,9,111,0.51445,3,10,0.51833,strongly_positive,strongly_positive
26-12-2024,11,26,0.62723,4,2,0.61325,weakly_positive,weakly_positive
26-12-2024,0,0,0.0,0,0,0.0,weakly_positive,weakly_positive
26-12-2024,5,14,0.63364,3,4,0.588,weakly_positive,weakly_positive
26-12-2024,7,27,0.41577,4,6,0.43125,weakly_positive,weakly_positive
26-12-2024,2,0,0.40356,2,1,0.4165,weakly_positive,weakly_positive
26-12-2024,0,0,0.0,0,0,0.0,weakly_positive,weakly_positive
26-12-2024,9,35,0.57926,3,3,0.464,weakly_positive,weakly_positive
26-12-2024,9,122,0.52076,4,14,0.452,weakly_positive,weakly_positive
26-12-2024,18,0,0.49197,8,0,0.50287,weakly_positive,weakly_positive
26-12-2024,8,109,0.50203,5,24,0.5208,weakly_positive,weakly_positive
26-12-2024,10,157,0.63902,7,31,0.55371,weakly_positive,weakly_positive
26-12-2024,8,51,0.5154,7,19,0.52986,weakly_positive,weakly_positive
26-12-2024,35,846,0.69651,12,20,0.55933,weakly_positive,weakly_positive
26-12-2024,17,119,0.54434,6,6,0.53833,weakly_positive,weakly_positive
26-12-2024,10,73,0.57516,4,7,0.5075,weakly_positive,weakly_positive
26-12-2024,8,19,0.62693,4,3,0.5025,weakly_positive,weakly_positive
26-12-2024,0,0,0.0,0,0,0.0,weakly_positive,weakly_positive
26-12-2024,1,0,0.59465,1,0,0.594,weakly_positive,weakly_positive
26-12-2024,3,9,0.56638,1,2,0.533,weakly_positive,weakly_positive
26-12-2024,0,0,0.0,0,0,0.0,weakly_positive,weakly_positive
26-12-2024,0,0,0.0,0,0,0.0,weakly_positive,weakly_positive
26-12-2024,0,0,0.0,0,0,0.0,weakly_positive,weakly_positive
26-12-2024,2,1,0.5896,2,1,0.608,weakly_positive,weakly_positive
26-12-2024,3,0,0.48259,1,0,0.5,weakly_positive,weakly_positive
25-12-2024,6,28,0.57616,2,4,0.5655,weakly_positive,weakly_positive
25-12-2024,8,62,0.51991,3,7,0.53633,weakly_positive,weakly_positive
25-12-2024,2,0,0.43066,1,0,0.433,weakly_positive,weakly_positive
25-12-2024,0,0,0.0,0,0,0.0,weakly_positive,weakly_positive
25-12-2024,2,0,0.74716,1,0,0.65,weakly_positive,weakly_positive
25-12-2024,3,14,0.58081,1,3,0.541,weakly_positive,weakly_positive
25-12-2024,3,4,0.66311,1,1,0.688,weakly_positive,weakly_positive
25-12-2024,6,8,0.53421,2,1,0.5295,weakly_positive,weakly_positive
25-12-2024,2,0,0.48819,1,0,0.5,weakly_positive,weakly_positive
25-12-2024,0,0,0.5,0,0,0.5,weakly_positive,weakly_positive
25-12-2024,8,34,0.73714,4,5,0.5935,weakly_positive,weakly_positive
25-12-2024,4,6,0.61169,3,3,0.53333,weakly_positive,weakly_positive
25-12-2024,1,0,0.42788,1,1,0.438,weakly_positive,weakly_positive
25-12-2024,2,4,0.55456,2,11,0.5235,weakly_positive,weakly_positive
25-12-2024,3,15,0.50382,1,4,0.5,weakly_positive,weakly_positive
25-12-2024,0,0,0.0,0,0,0.0,weakly_positive,weakly_positive
25-12-2024,7,68,0.45352,3,10,0.46667,weakly_positive,weakly_positive
25-12-2024,2,0,0.59909,1,0,0.594,weakly_positive,weakly_positive
25-12-2024,0,0,0.0,0,0,0.0,weakly_positive,weakly_positive
25-12-2024,0,0,0.0,0,0,0.0,weakly_positive,weakly_positive
25-12-2024,3,97,0.5251,1,22,0.545,weakly_positive,weakly_positive
25-12-2024,0,0,0.0,0,0,0.0,weakly_positive,weakly_positive
25-12-2024,0,0,0.0,0,0,0.0,weakly_positive,weakly_positive
25-12-2024,6,25,0.66641,3,5,0.548,weakly_positive,weakly_positive
25-12-2024,2,1,0.48218,1,1,0.5,weakly_positive,weakly_positive
24-12-2024,6,45,0.62957,2,6,0.541,weakly_positive,weakly_positive
24-12-2024,0,0,0.0,0,0,0.0,weakly_positive,weakly_positive
24-12-2024,10,0,0.60704,4,0,0.5665,weakly_positive,weakly_positive
24-12-2024,0,0,0.0,0,0,0.0,weakly_positive,weakly_positive
24-12-2024,0,0,0.0,0,0,0.0,weakly_positive,weakly_positive
24-12-2024,0,0,0.0,0,0,0.0,weakly_positive,weakly_positive
24-12-2024,0,0,0.0,0,0,0.0,weakly_positive,weakly_positive
24-12-2024,6,0,0.73694,2,0,0.644,weakly_positive,weakly_positive
24-12-2024,11,89,0.53357,4,7,0.54725,weakly_positive,weakly_positive
24-12-2024,8,33,0.75853,4,5,0.615,weakly_positive,weakly_positive
24-12-2024,15,57,0.63363,8,5,0.62963,weakly_positive,weakly_positive
24-12-2024,15,134,0.53904,12,23,0.55283,weakly_positive,weakly_positive
24-12-2024,12,7,0.70435,10,2,0.57,weakly_positive,weakly_positive
24-12-2024,69,2096,0.52539,20,22,0.54525,weakly_positive,weakly_positive
24-12-2024,18,116,0.56379,7,6,0.57786,weakly_positive,weakly_positive
24-12-2024,17,502,0.53506,7,29,0.50686,weakly_positive,weakly_positive
24-12-2024,6,32,0.63324,3,6,0.523,weakly_positive,weakly_positive
24-12-2024,3,4,0.39006,2,2,0.4,weakly_positive,weakly_positive
24-12-2024,3,18,0.5446,2,13,0.561,weakly_positive,weakly_positive
24-12-2024,3,1,0.5207,3,1,0.5,weakly_positive,weakly_positive
24-12-2024,0,0,0.0,0,0,0.0,weakly_positive,weakly_positive
24-12-2024,6,21,0.51407,2,3,0.524,weakly_positive,weakly_positive
24-12-2024,5,34,0.72985,2,6,0.7,weakly_positive,weakly_positive
24-12-2024,4,9,0.53017,2,3,0.532,weakly_positive,weakly_positive
23-12-2024,5,12,0.50516,3,4,0.45733,weakly_positive,weakly_positive
23-12-2024,4,5,0.66554,3,4,0.55,weakly_positive,weakly_positive
23-12-2024,17,48,0.542,5,2,0.5618,weakly_positive,weakly_positive
23-12-2024,3,18,0.66376,1,4,0.6,weakly_positive,weakly_positive
23-12-2024,9,142,0.55681,4,16,0.575,weakly_positive,weakly_positive
23-12-2024,2,0,0.82646,1,0,0.8,weakly_positive,weakly_positive
23-12-2024,10,40,0.51265,5,5,0.5308,weakly_positive,weakly_positive
23-12-2024,29,299,0.55354,22,24,0.56177,weakly_positive,weakly_positive
23-12-2024,22,142,0.58717,18,18,0.56772,weakly_positive,weakly_positive
23-12-2024,12,8,0.65137,12,11,0.55442,weakly_positive,weakly_positive
23-12-2024,24,211,0.64614,9,8,0.591,weakly_positive,weakly_positive
23-12-2024,63,2628,0.54032,25,40,0.55948,weakly_positive,weakly_positive
23-12-2024,31,422,0.44151,17,19,0.457,weakly_positive,weakly_positive
23-12-2024,31,205,0.57026,18,10,0.52083,weakly_positive,weakly_positive
23-12-2024,13,81,0.59545,9,12,0.6,weakly_positive,weakly_positive
23-12-2024,20,81,0.58745,6,3,0.50117,weakly_positive,weakly_positive
23-12-2024,13,136,0.58025,4,8,0.5895,weakly_positive,weakly_positive
23-12-2024,6,86,0.57608,2,12,0.5345,weakly_positive,weakly_positive
23-12-2024,7,26,0.59218,3,4,0.50433,weakly_positive,weakly_positive
23-12-2024,0,0,0.0,0,0,0.0,weakly_positive,weakly_positive
23-12-2024,0,0,0.0,0,0,0.0,weakly_positive,weakly_positive
23-12-2024,2,0,0.49185,2,0,0.4815,weakly_positive,weakly_positive
23-12-2024,6,0,0.64263,6,1,0.55767,weakly_positive,weakly_positive
23-12-2024,0,0,0.0,0,0,0.0,weakly_positive,weakly_positive
22-12-2024,3,20,0.48198,1,6,0.5,weakly_positive,weakly_positive
22-12-2024,9,66,0.51097,4,8,0.50575,weakly_positive,weakly_positive
22-12-2024,2,1,0.65823,1,1,0.611,weakly_positive,weakly_positive
22-12-2024,3,9,0.62277,2,6,0.5,weakly_positive,weakly_positive
22-12-2024,3,4,0.55317,2,3,0.547,weakly_positive,weakly_positive
22-12-2024,3,4,0.52501,1,1,0.537,weakly_positive,weakly_positive
22-12-2024,8,85,0.69415,3,9,0.654,weakly_positive,weakly_positive
22-12-2024,3,7,0.48173,1,2,0.5,weakly_positive,weakly_positive
22-12-2024,1,0,0.78584,1,0,0.763,weakly_positive,weakly_positive
22-12-2024,3,4,0.46517,3,5,0.48133,weakly_positive,weakly_positive
22-12-2024,20,976,0.51499,6,36,0.524,weakly_positive,weakly_positive
22-12-2024,0,0,0.0,0,0,0.0,weakly_positive,weakly_positive
22-12-2024,7,28,0.62289,3,4,0.53267,weakly_positive,weakly_positive
22-12-2024,2,1,0.5445,1,1,0.5,weakly_positive,weakly_positive
22-12-2024,3,0,0.65779,2,0,0.6815,weakly_positive,weakly_positive
22-12-2024,11,47,0.49904,8,10,0.48975,weakly_positive,weakly_positive
22-12-2024,0,0,0.0,0,0,0.0,weakly_positive,weakly_positive
22-12-2024,0,0,0.0,0,0,0.0,weakly_positive,weakly_positive
22-12-2024,3,0,0.57247,1,0,0.594,weakly_positive,weakly_positive
22-12-2024,0,0,0.0,0,0,0.0,weakly_positive,weakly_positive
22-12-2024,2,3,0.53688,1,2,0.5,weakly_positive,weakly_positive
22-12-2024,3,22,0.64477,2,13,0.52,weakly_positive,weakly_positive
22-12-2024,2,0,0.5397,2,1,0.5565,weakly_positive,weakly_positive
22-12-2024,13,35,0.58196,4,2,0.596,weakly_positive,weakly_positive
21-12-2024,3,0,0.68326,1,0,0.55,weakly_positive,weakly_positive
21-12-2024,0,0,0.0,0,0,0.0,weakly_positive,weakly_positive
21-12-2024,4,0,0.49836,2,0,0.5115,weakly_positive,weakly_positive
21-12-2024,6,24,0.51825,4,7,0.53775,weakly_positive,weakly_positive
21-12-2024,4,2,0.57072,3,1,0.56633,weakly_positive,weakly_positive
21-12-2024,1,4,0.51906,1,11,0.533,weakly_positive,weakly_positive
21-12-2024,6,38,0.74351,2,5,0.6,weakly_positive,weakly_positive
21-12-2024,5,22,0.36806,2,4,0.382,weakly_positive,weakly_positive
21-12-2024,10,95,0.59647,4,9,0.5285,weakly_positive,weakly_positive
21-12-2024,5,11,0.59053,3,3,0.55833,weakly_positive,weakly_positive
21-12-2024,7,9,0.51402,4,2,0.5335,weakly_positive,weakly_positive
21-12-2024,3,3,0.46948,2,2,0.47,weakly_positive,weakly_positive
21-12-2024,2,4,0.66812,1,2,0.575,weakly_positive,weakly_positive
21-12-2024,2,0,0.50923,1,0,0.519,weakly_positive,weakly_positive
21-12-2024,2,0,0.48229,1,0,0.5,weakly_positive,weakly_positive
21-12-2024,0,0,0.0,0,0,0.0,weakly_positive,weakly_positive
21-12-2024,1,2,0.48534,1,5,0.5,weakly_positive,weakly_positive
21-12-2024,6,22,0.58103,2,3,0.5825,weakly_positive,weakly_positive
21-12-2024,3,0,0.52739,1,0,0.519,weakly_positive,weakly_positive
21-12-2024,2,0,0.50277,1,0,0.44,weakly_positive,weakly_positive
21-12-2024,2,0,0.57408,1,0,0.576,weakly_positive,weakly_positive
21-12-2024,2,1,0.48179,1,1,0.5,weakly_positive,weakly_positive
21-12-2024,6,6,0.55305,4,2,0.55,weakly_positive,weakly_positive
21-12-2024,7,31,0.5349,2,3,0.5,weakly_positive,weakly_positive
20-12-2024,0,0,0.0,0,0,0.0,weakly_positive,weakly_positive
20-12-2024,3,4,0.50323,1,1,0.5,weakly_positive,weakly_positive
20-12-2024,4,0,0.50901,2,0,0.522,weakly_positive,weakly_positive
20-12-2024,6,9,0.62389,3,2,0.59167,weakly_positive,weakly_positive
20-12-2024,6,9,0.59957,4,3,0.525,weakly_positive,weakly_positive
20-12-2024,1,1,0.4878,1,2,0.5,weakly_positive,weakly_positive
20-12-2024,7,25,0.67941,6,16,0.6435,weakly_positive,weakly_positive
20-12-2024,25,259,0.58092,9,9,0.57789,weakly_positive,weakly_positive
20-12-2024,25,178,0.62494,10,7,0.557,weakly_positive,weakly_positive
20-12-2024,12,105,0.42016,5,9,0.4328,weakly_positive,weakly_positive
20-12-2024,13,99,0.47978,8,12,0.49788,weakly_positive,weakly_positive
20-12-2024,5,9,0.70422,3,3,0.62667,weakly_positive,weakly_positive
20-12-2024,5,2,0.54444,4,1,0.555,weakly_positive,weakly_positive
20-12-2024,19,218,0.72749,6,9,0.60217,weakly_positive,weakly_positive
20-12-2024,3,8,0.51328,1,2,0.515,weakly_positive,weakly_positive
20-12-2024,10,66,0.6373,7,14,0.551,weakly_positive,weakly_positive
20-12-2024,1,2,0.57111,1,4,0.583,weakly_positive,weakly_positive
20-12-2024,3,1,0.52004,3,2,0.48767,weakly_positive,weakly_positive
20-12-2024,3,0,0.60747,1,0,0.6,weakly_positive,weakly_positive
20-12-2024,10,44,0.54757,4,4,0.5635,weakly_positive,weakly_positive
20-12-2024,5,0,0.5357,2,0,0.55,weakly_positive,weakly_positive
20-12-2024,0,0,0.0,0,0,0.0,weakly_positive,weakly_positive
20-12-2024,0,0,0.0,0,0,0.0,weakly_positive,weakly_positive
20-12-2024,1,1,0.48839,1,3,0.5,weakly_positive,weakly_positive
19-12-2024,7,87,0.55593,2,9,0.577,weakly_positive,weakly_positive
19-12-2024,3,42,0.60187,1,11,0.6,weakly_positive,weakly_positive
19-12-2024,6,14,0.47252,2,2,0.484,weakly_positive,weakly_positive
19-12-2024,4,20,0.72603,2,6,0.5915,weakly_positive,weakly_positive
19-12-2024,4,3,0.48721,2,1,0.5055,weakly_positive,weakly_positive
19-12-2024,3,1,0.54487,2,1,0.5595,weakly_positive,weakly_positive
19-12-2024,2,1,0.44661,2,2,0.425,weakly_positive,weakly_positive
19-12-2024,7,10,0.46211,2,1,0.4795,weakly_positive,weakly_positive
19-12-2024,5,28,0.60131,2,5,0.6155,weakly_positive,weakly_positive
19-12-2024,2,22,0.29084,1,11,0.3,weakly_positive,weakly_positive
19-12-2024,2,6,0.61942,1,3,0.514,weakly_positive,weakly_positive
19-12-2024,2,1,0.55861,1,1,0.5,weakly_positive,weakly_positive
19-12-2024,1,1,0.64686,1,3,0.667,weakly_positive,weakly_positive
19-12-2024,0,0,0.0,0,0,0.0,weakly_positive,weakly_positive
19-12-2024,0,0,0.0,0,0,0.0,weakly_positive,weakly_positive
19-12-2024,0,0,0.0,0,0,0.0,weakly_positive,weakly_positive
19-12-2024,0,0,0.0,0,0,0.0,weakly_positive,weakly_positive
19-12-2024,2,3,0.49725,1,2,0.5,weakly_positive,weakly_positive
19-12-2024,2,3,0.55015,1,2,0.5,weakly_positive,weakly_positive
19-12-2024,3,3,0.48665,1,1,0.5,weakly_positive,weakly_positive
19-12-2024,7,21,0.53128,3,3,0.5,weakly_positive,weakly_positive
19-12-2024,2,0,0.61101,1,0,0.5,weakly_positive,weakly_positive
19-12-2024,5,6,0.48643,3,2,0.5,weakly_positive,weakly_positive
19-12-2024,1,0,0.4864,1,0,0.5,weakly_positive,weakly_positive
18-12-2024,0,0,0.0,0,0,0.0,neutral,neutral
18-12-2024,0,0,0.0,0,0,0.0,neutral,neutral
18-12-2024,0,0,0.0,0,0,0.0,neutral,neutral
18-12-2024,0,0,0.0,0,0,0.0,neutral,neutral
18-12-2024,0,0,0.0,0,0,0.0,neutral,neutral
18-12-2024,0,0,0.0,0,0,0.0,neutral,neutral
18-12-2024,0,0,0.0,0,0,0.0,neutral,neutral
18-12-2024,0,0,0.0,0,0,0.0,neutral,neutral
18-12-2024,0,0,0.0,0,0,0.0,neutral,neutral
18-12-2024,0,0,0.0,0,0,0.0,neutral,neutral
18-12-2024,11,29,0.59853,5,3,0.5,neutral,neutral
18-12-2024,30,469,0.50547,15,19,0.5092,neutral,neutral
18-12-2024,0,0,0.0,0,0,0.0,neutral,neutral
18-12-2024,0,0,0.0,0,0,0.0,neutral,neutral
18-12-2024,0,0,0.0,0,0,0.0,neutral,neutral
18-12-2024,0,0,0.0,0,0,0.0,neutral,neutral
18-12-2024,0,0,0.0,0,0,0.0,neutral,neutral
18-12-2024,0,0,0.0,0,0,0.0,neutral,neutral
18-12-2024,0,0,0.0,0,0,0.0,neutral,neutral
18-12-2024,0,0,0.0,0,0,0.0,neutral,neutral
18-12-2024,0,0,0.0,0,0,0.0,neutral,neutral
18-12-2024,0,0,0.0,0,0,0.0,neutral,neutral
18-12-2024,0,0,0.0,0,0,0.0,neutral,neutral
18-12-2024,0,0,0.0,0,0,0.0,neutral,neutral
17-12-2024,0,0,0.0,0,0,0.0,weakly_positive,weakly_positive
17-12-2024,0,0,0.0,0,0,0.0,weakly_positive,weakly_positive
17-12-2024,0,0,0.0,0,0,0.0,weakly_positive,weakly_positive
17-12-2024,0,0,0.0,0,0,0.0,weakly_positive,weakly_positive
17-12-2024,0,0,0.0,0,0,0.0,weakly_positive,weakly_positive
17-12-2024,0,0,0.0,0,0,0.0,weakly_positive,weakly_positive
17-12-2024,0,0,0.0,0,0,0.0,weakly_positive,weakly_positive
17-12-2024,0,0,0.0,0,0,0.0,weakly_positive,weakly_positive
17-12-2024,0,0,0.0,0,0,0.0,weakly_positive,weakly_positive
17-12-2024,0,0,0.0,0,0,0.0,weakly_positive,weakly_positive
17-12-2024,0,0,0.0,0,0,0.0,weakly_positive,weakly_positive
17-12-2024,0,0,0.0,0,0,0.0,weakly_positive,weakly_positive
17-12-2024,0,0,0.0,0,0,0.0,weakly_positive,weakly_positive
17-12-2024,0,0,0.0,0,0,0.0,weakly_positive,weakly_positive
17-12-2024,6,5,0.53752,5,3,0.5426,weakly_positive,weakly_positive
17-12-2024,3,5,0.54603,1,1,0.5,weakly_positive,weakly_positive
17-12-2024,3,0,0.57509,1,0,0.558,weakly_positive,weakly_positive
17-12-2024,12,170,0.50131,5,14,0.5188,weakly_positive,weakly_positive
17-12-2024,2,1,0.49338,1,1,0.5,weakly_positive,weakly_positive
17-12-2024,5,6,0.55888,3,2,0.54167,weakly_positive,weakly_positive
17-12-2024,5,7,0.61718,4,3,0.52725,weakly_positive,weakly_positive
17-12-2024,0,0,0.0,0,0,0.0,weakly_positive,weakly_positive
17-12-2024,0,0,0.0,0,0,0.0,weakly_positive,weakly_positive
17-12-2024,5,0,0.60054,2,0,0.589,weakly_positive,weakly_positive
16-12-2024,6,0,0.72333,3,0,0.66267,weakly_positive,weakly_positive
16-12-2024,2,0,0.69583,1,0,0.7,weakly_positive,weakly_positive
16-12-2024,8,19,0.51101,5,4,0.5302,weakly_positive,weakly_positive
16-12-2024,0,0,0.0,0,0,0.0,weakly_positive,weakly_positive
16-12-2024,12,95,0.52001,5,8,0.539,weakly_positive,weakly_positive
16-12-2024,9,25,0.66038,4,3,0.597,weakly_positive,weakly_positive
16-12-2024,0,0,0.0,0,0,0.0,weakly_positive,weakly_positive
16-12-2024,0,0,0.0,0,0,0.0,weakly_positive,weakly_positive
16-12-2024,0,0,0.0,0,0,0.0,weakly_positive,weakly_positive
16-12-2024,0,0,0.0,0,0,0.0,weakly_positive,weakly_positive
16-12-2024,0,0,0.0,0,0,0.0,weakly_positive,weakly_positive
16-12-2024,0,0,0.0,0,0,0.0,weakly_positive,weakly_positive
16-12-2024,0,0,0.0,0,0,0.0,weakly_positive,weakly_positive
16-12-2024,0,0,0.0,0,0,0.0,weakly_positive,weakly_positive
16-12-2024,0,0,0.0,0,0,0.0,weakly_positive,weakly_positive
16-12-2024,0,0,0.0,0,0,0.0,weakly_positive,weakly_positive
16-12-2024,0,0,0.0,0,0,0.0,weakly_positive,weakly_positive
16-12-2024,0,0,0.0,0,0,0.0,weakly_positive,weakly_positive
16-12-2024,0,0,0.0,0,0,0.0,weakly_positive,weakly_positive
16-12-2024,0,0,0.0,0,0,0.0,weakly_positive,weakly_positive
16-12-2024,0,0,0.0,0,0,0.0,weakly_positive,weakly_positive
16-12-2024,0,0,0.0,0,0,0.0,weakly_positive,weakly_positive
16-12-2024,0,0,0.0,0,0,0.0,weakly_positive,weakly_positive
16-12-2024,0,0,0.0,0,0,0.0,weakly_positive,weakly_positive
15-12-2024,0,0,0.0,0,0,0.0,neutral,neutral
15-12-2024,0,0,0.0,0,0,0.0,neutral,neutral
15-12-2024,0,0,0.0,0,0,0.0,neutral,neutral
15-12-2024,0,0,0.0,0,0,0.0,neutral,neutral
15-12-2024,0,0,0.0,0,0,0.0,neutral,neutral
15-12-2024,0,0,0.0,0,0,0.0,neutral,neutral
15-12-2024,0,0,0.0,0,0,0.0,neutral,neutral
15-12-2024,0,0,0.0,0,0,0.0,neutral,neutral
15-12-2024,0,0,0.0,0,0,0.0,neutral,neutral
15-12-2024,0,0,0.0,0,0,0.0,neutral,neutral
15-12-2024,0,0,0.0,0,0,0.0,neutral,neutral
15-12-2024,0,0,0.0,0,0,0.0,neutral,neutral
15-12-2024,0,0,0.0,0,0,0.0,neutral,neutral
15-12-2024,0,0,0.0,0,0,0.0,neutral,neutral
15-12-2024,0,0,0.0,0,0,0.0,neutral,neutral
15-12-2024,0,0,0.0,0,0,0.0,neutral,neutral
15-12-2024,0,0,0.0,0,0,0.0,neutral,neutral
15-12-2024,0,0,0.0,0,0,0.0,neutral,neutral
15-12-2024,0,0,0.0,0,0,0.0,neutral,neutral
15-12-2024,0,0,0.0,0,0,0.0,neutral,neutral
15-12-2024,0,0,0.0,0,0,0.0,neutral,neutral
15-12-2024,0,0,0.0,0,0,0.0,neutral,neutral
15-12-2024,0,0,0.0,0,0,0.0,neutral,neutral
15-12-2024,0,0,0.0,0,0,0.0,neutral,neutral
14-12-2024,0,0,0.0,0,0,0.0,weakly_positive,weakly_positive
14-12-2024,0,0,0.0,0,0,0.0,weakly_positive,weakly_positive
14-12-2024,0,0,0.0,0,0,0.0,weakly_positive,weakly_positive
14-12-2024,0,0,0.0,0,0,0.0,weakly_positive,weakly_positive
14-12-2024,0,0,0.0,0,0,0.0,weakly_positive,weakly_positive
14-12-2024,7,30,0.50702,2,3,0.5,weakly_positive,weakly_positive
14-12-2024,6,0,0.58359,2,0,0.5125,weakly_positive,weakly_positive
14-12-2024,9,65,0.48737,3,6,0.5,weakly_positive,weakly_positive
14-12-2024,2,5,0.48175,1,3,0.5,weakly_positive,weakly_positive
14-12-2024,7,20,0.47999,4,4,0.47825,weakly_positive,weakly_positive
14-12-2024,12,59,0.48386,4,4,0.501,weakly_positive,weakly_positive
14-12-2024,5,6,0.49229,2,1,0.5,weakly_positive,weakly_positive
14-12-2024,0,0,0.0,0,0,0.0,weakly_positive,weakly_positive
14-12-2024,4,31,0.58753,2,11,0.5,weakly_positive,weakly_positive
14-12-2024,6,3,0.52724,4,1,0.54425,weakly_positive,weakly_positive
14-12-2024,4,44,0.60657,3,22,0.56167,weakly_positive,weakly_positive
14-12-2024,0,0,0.0,0,0,0.0,weakly_positive,weakly_positive
14-12-2024,0,0,0.0,0,0,0.0,weakly_positive,weakly_positive
14-12-2024,0,0,0.0,0,0,0.0,weakly_positive,weakly_positive
14-12-2024,8,34,0.4943,4,5,0.51275,weakly_positive,weakly_positive
14-12-2024,2,8,0.44703,1,5,0.387,weakly_positive,weakly_positive
14-12-2024,0,0,0.0,0,0,0.0,weakly_positive,weakly_positive
14-12-2024,2,1,0.50279,2,1,0.5215,weakly_positive,weakly_positive
14-12-2024,10,0,0.53552,3,0,0.52933,weakly_positive,weakly_positive
13-12-2024,3,0,0.70311,1,0,0.719,strongly_positive,strongly_positive
13-12-2024,10,31,0.68939,4,3,0.552,strongly_positive,strongly_positive
13-12-2024,13,35,0.49377,6,3,0.5125,strongly_positive,strongly_positive
13-12-2024,12,47,0.4368,7,6,0.44643,strongly_positive,strongly_positive
13-12-2024,3,9,0.53169,2,6,0.5,strongly_positive,strongly_positive
13-12-2024,0,0,0.0,0,0,0.0,strongly_positive,strongly_positive
13-12-2024,3,8,0.69445,1,2,0.714,strongly_positive,strongly_positive
13-12-2024,22,612,0.55817,8,24,0.57363,strongly_positive,strongly_positive
13-12-2024,11,86,0.63673,4,7,0.5195,strongly_positive,strongly_positive
13-12-2024,12,19,0.69062,6,2,0.60917,strongly_positive,strongly_positive
13-12-2024,23,355,0.54015,14,24,0.55236,strongly_positive,strongly_positive
13-12-2024,10,10,0.51087,8,3,0.53025,strongly_positive,strongly_positive
13-12-2024,35,590,0.5519,10,12,0.5512,strongly_positive,strongly_positive
13-12-2024,83,2236,0.56441,25,20,0.57748,strongly_positive,strongly_positive
13-12-2024,15,171,0.60632,9,18,0.61689,strongly_positive,strongly_positive
13-12-2024,11,32,0.54498,8,6,0.50725,strongly_positive,strongly_positive
13-12-2024,8,47,0.54652,6,14,0.567,strongly_positive,strongly_positive
13-12-2024,12,108,0.52483,4,7,0.54125,strongly_positive,strongly_positive
13-12-2024,12,177,0.70604,4,12,0.65625,strongly_positive,strongly_positive
13-12-2024,5,0,0.67634,2,0,0.544,strongly_positive,strongly_positive
13-12-2024,6,0,0.61224,3,0,0.53333,strongly_positive,strongly_positive
13-12-2024,4,6,0.48761,2,2,0.499,strongly_positive,strongly_positive
13-12-2024,1,1,0.51658,1,5,0.536,strongly_positive,strongly_positive
13-12-2024,2,0,0.57724,2,0,0.502,strongly_positive,strongly_positive
12-12-2024,20,215,0.58176,6,8,0.5975,strongly_positive,strongly_positive
12-12-2024,10,20,0.66256,4,2,0.53425,strongly_positive,strongly_positive
12-12-2024,9,210,0.57997,4,24,0.57475,strongly_positive,strongly_positive
12-12-2024,2,0,0.56468,1,0,0.5,strongly_positive,strongly_positive
12-12-2024,8,55,0.73755,5,12,0.5936,strongly_positive,strongly_positive
12-12-2024,9,59,0.54587,7,16,0.56657,strongly_positive,strongly_positive
12-12-2024,5,11,0.49962,5,11,0.5,strongly_positive,strongly_positive
12-12-2024,50,1089,0.55319,17,18,0.52206,strongly_positive,strongly_positive
12-12-2024,21,183,0.60667,8,8,0.49838,strongly_positive,strongly_positive
12-12-2024,10,63,0.65506,4,6,0.655,strongly_positive,strongly_positive
12-12-2024,2,9,0.34406,1,6,0.354,strongly_positive,strongly_positive
12-12-2024,5,8,0.58837,3,3,0.563,strongly_positive,strongly_positive
12-12-2024,8,13,0.5473,7,8,0.48486,strongly_positive,strongly_positive
12-12-2024,66,1314,0.52989,20,15,0.54105,strongly_positive,strongly_positive
12-12-2024,38,195,0.62798,12,4,0.60017,strongly_positive,strongly_positive
12-12-2024,19,128,0.49886,8,7,0.49938,strongly_positive,strongly_positive
12-12-2024,2,2,0.6657,1,1,0.6,strongly_positive,strongly_positive
12-12-2024,2,0,0.48803,1,0,0.504,strongly_positive,strongly_positive
12-12-2024,2,0,0.54875,2,0,0.4565,strongly_positive,strongly_positive
12-12-2024,0,0,0.0,0,0,0.0,strongly_positive,strongly_positive
12-12-2024,7,149,0.74483,2,15,0.677,strongly_positive,strongly_positive
12-12-2024,5,70,0.51827,2,13,0.5,strongly_positive,strongly_positive
12-12-2024,14,182,0.50539,6,13,0.5236,strongly_positive,strongly_positive
12-12-2024,7,19,0.53673,4,4,0.54575,strongly_positive,strongly_positive
11-12-2024,5,9,0.5801,3,3,0.559,weakly_positive,weakly_positive
11-12-2024,5,14,0.57803,4,6,0.4895,weakly_positive,weakly_positive
11-12-2024,3,4,0.54901,1,1,0.5,weakly_positive,weakly_positive
11-12-2024,6,54,0.59386,2,7,0.6145,weakly_positive,weakly_positive
11-12-2024,5,35,0.46638,2,6,0.455,weakly_positive,weakly_positive
11-12-2024,4,14,0.54983,2,4,0.5,weakly_positive,weakly_positive
11-12-2024,6,22,0.54398,3,5,0.54933,weakly_positive,weakly_positive
11-12-2024,2,1,0.39924,1,1,0.414,weakly_positive,weakly_positive
11-12-2024,5,4,0.52196,4,3,0.52925,weakly_positive,weakly_positive
11-12-2024,3,4,0.77162,1,1,0.713,weakly_positive,weakly_positive
11-12-2024,13,69,0.63198,4,4,0.65525,weakly_positive,weakly_positive
11-12-2024,2,2,0.61853,1,1,0.639,weakly_positive,weakly_positive
11-12-2024,21,217,0.53488,10,12,0.5461,weakly_positive,weakly_positive
11-12-2024,10,72,0.54512,6,12,0.532,weakly_positive,weakly_positive
11-12-2024,19,239,0.63996,14,28,0.55263,weakly_positive,weakly_positive
11-12-2024,8,33,0.52333,6,11,0.534,weakly_positive,weakly_positive
11-12-2024,15,770,0.50645,5,41,0.5252,weakly_positive,weakly_positive
11-12-2024,0,0,0.0,0,0,0.0,weakly_positive,weakly_positive
11-12-2024,10,107,0.47018,4,10,0.484,weakly_positive,weakly_positive
11-12-2024,2,4,0.49956,1,3,0.5,weakly_positive,weakly_positive
11-12-2024,0,0,0.0,0,0,0.0,weakly_positive,weakly_positive
11-12-2024,3,21,0.56946,2,13,0.5,weakly_positive,weakly_positive
11-12-2024,2,8,0.57959,1,4,0.6,weakly_positive,weakly_positive
11-12-2024,7,33,0.58588,3,5,0.53467,weakly_positive,weakly_positive
10-12-2024,3,3,0.55438,2,2,0.5365,strongly_positive,strongly_positive
10-12-2024,10,115,0.52165,7,22,0.54014,strongly_positive,strongly_positive
10-12-2024,6,2,0.47461,5,1,0.482,strongly_positive,strongly_positive
10-12-2024,3,28,0.56197,1,7,0.582,strongly_positive,strongly_positive
10-12-2024,3,49,0.93475,1,13,0.844,strongly_positive,strongly_positive
10-12-2024,10,148,0.47733,4,14,0.49275,strongly_positive,strongly_positive
10-12-2024,4,13,0.47903,2,4,0.496,strongly_positive,strongly_positive
10-12-2024,2,22,0.61733,1,17,0.604,strongly_positive,strongly_positive
10-12-2024,29,730,0.54602,20,49,0.4734,strongly_positive,strongly_positive
10-12-2024,20,68,0.51885,20,45,0.5229,strongly_positive,strongly_positive
10-12-2024,63,3485,0.50231,20,43,0.52105,strongly_positive,strongly_positive
10-12-2024,61,2490,0.61441,20,33,0.5318,strongly_positive,strongly_positive
10-12-2024,40,1615,0.58745,18,44,0.54489,strongly_positive,strongly_positive
10-12-2024,10,47,0.6451,5,6,0.5174,strongly_positive,strongly_positive
10-12-2024,4,10,0.50669,3,5,0.523,strongly_positive,strongly_positive
10-12-2024,13,104,0.51823,11,23,0.52991,strongly_positive,strongly_positive
10-12-2024,6,56,0.74976,5,35,0.6002,strongly_positive,strongly_positive
10-12-2024,20,563,0.5851,7,24,0.50757,strongly_positive,strongly_positive
10-12-2024,10,116,0.4376,4,11,0.44975,strongly_positive,strongly_positive
10-12-2024,2,0,0.42542,1,0,0.4,strongly_positive,strongly_positive
10-12-2024,5,20,0.50627,3,6,0.501,strongly_positive,strongly_positive
10-12-2024,5,15,0.60299,3,5,0.62,strongly_positive,strongly_positive
10-12-2024,1,0,0.72983,1,1,0.75,strongly_positive,strongly_positive
10-12-2024,19,99,0.53985,6,4,0.56033,strongly_positive,strongly_positive
09-12-2024,3,8,0.56696,1,2,0.5,strongly_positive,strongly_positive
09-12-2024,3,6,0.38665,2,4,0.4,strongly_positive,strongly_positive
09-12-2024,9,16,0.58688,7,4,0.53771,strongly_positive,strongly_positive
09-12-2024,8,13,0.50812,7,7,0.51114,strongly_positive,strongly_positive
09-12-2024,6,28,0.41047,2,4,0.3515,strongly_positive,strongly_positive
09-12-2024,3,17,0.58977,1,5,0.6,strongly_positive,strongly_positive
09-12-2024,14,27,0.48194,6,2,0.4485,strongly_positive,strongly_positive
09-12-2024,4,12,0.61589,2,4,0.5265,strongly_positive,strongly_positive
09-12-2024,6,35,0.53547,4,10,0.55225,strongly_positive,strongly_positive
09-12-2024,3,6,0.56649,2,5,0.58,strongly_positive,strongly_positive
09-12-2024,10,14,0.56939,3,1,0.55867,strongly_positive,strongly_positive
09-12-2024,12,44,0.55744,4,3,0.4855,strongly_positive,strongly_positive
09-12-2024,17,60,0.53846,6,3,0.551,strongly_positive,strongly_positive
09-12-2024,6,41,0.47225,3,8,0.49,strongly_positive,strongly_positive
09-12-2024,22,344,0.55328,12,22,0.54875,strongly_positive,strongly_positive
09-12-2024,1,1,0.53703,1,2,0.5,strongly_positive,strongly_positive
09-12-2024,4,4,0.72565,4,4,0.585,strongly_positive,strongly_positive
09-12-2024,1,0,0.40368,1,1,0.4,strongly_positive,strongly_positive
09-12-2024,3,0,0.68358,1,0,0.7,strongly_positive,strongly_positive
09-12-2024,5,20,0.56572,2,4,0.5345,strongly_positive,strongly_positive
09-12-2024,2,0,0.65227,1,0,0.677,strongly_positive,strongly_positive
09-12-2024,5,29,0.60758,3,10,0.62367,strongly_positive,strongly_positive
09-12-2024,3,25,0.67137,2,16,0.6335,strongly_positive,strongly_positive
09-12-2024,2,3,0.67208,2,4,0.552,strongly_positive,strongly_positive
08-12-2024,6,68,0.65771,2,9,0.5835,weakly_positive,weakly_positive
08-12-2024,6,58,0.59775,2,8,0.615,weakly_positive,weakly_positive
08-12-2024,2,5,0.48175,1,3,0.5,weakly_positive,weakly_positive
08-12-2024,4,6,0.62094,2,2,0.55,weakly_positive,weakly_positive
08-12-2024,2,3,0.48965,1,2,0.5,weakly_positive,weakly_positive
08-12-2024,5,61,0.47515,2,11,0.4845,weakly_positive,weakly_positive
08-12-2024,7,80,0.49811,3,11,0.5,weakly_positive,weakly_positive
08-12-2024,2,2,0.48181,1,1,0.5,weakly_positive,weakly_positive
08-12-2024,5,45,0.53906,3,14,0.54933,weakly_positive,weakly_positive
08-12-2024,6,27,0.56874,4,9,0.53125,weakly_positive,weakly_positive
08-12-2024,2,1,0.74341,2,2,0.602,weakly_positive,weakly_positive
08-12-2024,9,35,0.56295,3,3,0.58,weakly_positive,weakly_positive
08-12-2024,3,7,0.48768,1,2,0.5,weakly_positive,weakly_positive
08-12-2024,5,28,0.54252,2,5,0.4385,weakly_positive,weakly_positive
08-12-2024,8,68,0.61982,4,11,0.54225,weakly_positive,weakly_positive
08-12-2024,0,0,0.0,0,0,0.0,weakly_positive,weakly_positive
08-12-2024,1,0,0.49432,1,0,0.513,weakly_positive,weakly_positive
08-12-2024,7,20,0.45811,2,2,0.4555,weakly_positive,weakly_positive
08-12-2024,3,0,0.49327,1,0,0.506,weakly_positive,weakly_positive
08-12-2024,0,0,0.0,0,0,0.0,weakly_positive,weakly_positive
08-12-2024,2,4,0.72849,1,2,0.756,weakly_positive,weakly_positive
08-12-2024,2,0,0.5691,1,0,0.506,weakly_positive,weakly_positive
08-12-2024,0,0,0.0,0,0,0.0,weakly_positive,weakly_positive
08-12-2024,4,3,0.53702,3,2,0.55733,weakly_positive,weakly_positive
07-12-2024,1,0,0.49855,1,0,0.5,strongly_positive,strongly_positive
07-12-2024,3,47,0.4474,1,13,0.461,strongly_positive,strongly_positive
07-12-2024,3,21,0.60212,1,6,0.497,strongly_positive,strongly_positive
07-12-2024,6,0,0.58511,3,0,0.52133,strongly_positive,strongly_positive
07-12-2024,4,23,0.61894,2,8,0.6375,strongly_positive,strongly_positive
07-12-2024,2,15,0.64904,1,13,0.623,strongly_positive,strongly_positive
07-12-2024,3,5,0.75299,1,1,0.756,strongly_positive,strongly_positive
07-12-2024,3,35,0.44139,1,8,0.45,strongly_positive,strongly_positive
07-12-2024,6,0,0.51072,2,0,0.528,strongly_positive,strongly_positive
07-12-2024,5,22,0.49922,3,8,0.5,strongly_positive,strongly_positive
07-12-2024,1,0,0.7284,1,1,0.756,strongly_positive,strongly_positive
07-12-2024,2,2,0.45112,2,5,0.4495,strongly_positive,strongly_positive
07-12-2024,9,66,0.54862,3,6,0.51433,strongly_positive,strongly_positive
07-12-2024,8,9,0.73474,3,1,0.598,strongly_positive,strongly_positive
07-12-2024,5,26,0.54996,2,5,0.5475,strongly_positive,strongly_positive
07-12-2024,2,1,0.57861,1,1,0.594,strongly_positive,strongly_positive
07-12-2024,2,0,0.79498,1,0,0.756,strongly_positive,strongly_positive
07-12-2024,4,13,0.61167,4,17,0.5375,strongly_positive,strongly_positive
07-12-2024,3,0,0.4942,1,0,0.506,strongly_positive,strongly_positive
07-12-2024,0,0,0.0,0,0,0.0,strongly_positive,strongly_positive
07-12-2024,5,0,0.63007,2,0,0.628,strongly_positive,strongly_positive
07-12-2024,2,0,0.56579,1,0,0.506,strongly_positive,strongly_positive
07-12-2024,4,22,0.51846,2,7,0.5345,strongly_positive,strongly_positive
07-12-2024,1,1,0.4819,1,2,0.5,strongly_positive,strongly_positive
06-12-2024,2,1,0.55268,2,1,0.4935,weakly_positive,weakly_positive
06-12-2024,10,29,0.5085,3,2,0.51767,weakly_positive,weakly_positive
06-12-2024,0,0,0.0,0,0,0.0,weakly_positive,weakly_positive
06-12-2024,2,7,0.39797,1,3,0.4,weakly_positive,weakly_positive
06-12-2024,2,1,0.44986,1,1,0.464,weakly_positive,weakly_positive
06-12-2024,5,16,0.6498,3,5,0.539,weakly_positive,weakly_positive
06-12-2024,4,8,0.61123,3,4,0.63333,weakly_positive,weakly_positive
06-12-2024,6,58,0.44043,2,7,0.448,weakly_positive,weakly_positive
06-12-2024,3,8,0.48081,1,2,0.463,weakly_positive,weakly_positive
06-12-2024,3,36,0.68326,1,10,0.578,weakly_positive,weakly_positive
06-12-2024,4,15,0.55265,2,4,0.5625,weakly_positive,weakly_positive
06-12-2024,10,8,0.47922,5,1,0.4958,weakly_positive,weakly_positive
06-12-2024,7,9,0.53335,4,2,0.52,weakly_positive,weakly_positive
06-12-2024,17,174,0.5079,6,9,0.52717,weakly_positive,weakly_positive
06-12-2024,22,288,0.61286,9,13,0.61211,weakly_positive,weakly_positive
06-12-2024,16,77,0.5,7,5,0.51157,weakly_positive,weakly_positive
06-12-2024,5,9,0.61614,3,3,0.504,weakly_positive,weakly_positive
06-12-2024,1,3,0.59769,1,7,0.62,weakly_positive,weakly_positive
06-12-2024,7,171,0.48644,2,17,0.5,weakly_positive,weakly_positive
06-12-2024,0,0,0.5,0,0,0.5,weakly_positive,weakly_positive
06-12-2024,3,16,0.49782,1,4,0.475,weakly_positive,weakly_positive
06-12-2024,0,0,0.0,0,0,0.0,weakly_positive,weakly_positive
06-12-2024,0,0,0.0,0,0,0.0,weakly_positive,weakly_positive
06-12-2024,2,2,0.49793,1,1,0.514,weakly_positive,weakly_positive
06-12-2024,4,8,0.6284,2,3,0.5235,weakly_positive,weakly_positive
05-12-2024,1,1,0.55673,1,2,0.5,strongly_positive,strongly_positive
05-12-2024,2,7,0.61051,2,18,0.63,strongly_positive,strongly_positive
05-12-2024,7,10,0.5178,2,1,0.5,strongly_positive,strongly_positive
05-12-2024,2,6,0.49603,1,3,0.5,strongly_positive,strongly_positive
05-12-2024,2,14,0.75765,1,7,0.77,strongly_positive,strongly_positive
05-12-2024,2,1,0.59876,1,1,0.5,strongly_positive,strongly_positive
05-12-2024,2,3,0.49244,1,3,0.496,strongly_positive,strongly_positive
05-12-2024,3,1,0.77485,2,1,0.7065,strongly_positive,strongly_positive
05-12-2024,18,136,0.50323,6,6,0.48667,strongly_positive,strongly_positive
05-12-2024,12,87,0.51903,4,6,0.5375,strongly_positive,strongly_positive
05-12-2024,5,6,0.58512,2,1,0.594,strongly_positive,strongly_positive
05-12-2024,41,710,0.58583,20,21,0.5659,strongly_positive,strongly_positive
05-12-2024,14,87,0.65282,8,9,0.55488,strongly_positive,strongly_positive
05-12-2024,10,33,0.46696,7,6,0.48214,strongly_positive,strongly_positive
05-12-2024,12,43,0.55751,11,20,0.57718,strongly_positive,strongly_positive
05-12-2024,10,121,0.52329,3,9,0.51167,strongly_positive,strongly_positive
05-12-2024,3,4,0.88397,1,1,0.913,strongly_positive,strongly_positive
05-12-2024,1,0,0.44951,1,0,0.45,strongly_positive,strongly_positive
05-12-2024,0,0,0.0,0,0,0.0,strongly_positive,strongly_positive
05-12-2024,0,0,0.0,0,0,0.0,strongly_positive,strongly_positive
05-12-2024,3,4,0.48217,1,1,0.5,strongly_positive,strongly_positive
05-12-2024,3,4,0.33333,1,1,0.3,strongly_positive,strongly_positive
05-12-2024,2,13,0.62674,1,8,0.6,strongly_positive,strongly_positive
05-12-2024,5,13,0.71546,3,4,0.6,strongly_positive,strongly_positive
04-12-2024,2,1,0.68481,1,1,0.691,strongly_positive,strongly_positive
04-12-2024,1,1,0.45007,1,6,0.465,strongly_positive,strongly_positive
04-12-2024,3,41,0.71793,1,9,0.601,strongly_positive,strongly_positive
04-12-2024,6,179,0.48308,2,23,0.5,strongly_positive,strongly_positive
04-12-2024,5,19,0.4932,2,4,0.5,strongly_positive,strongly_positive
