release_date,Headline,Brief,raw,cleaned,sentiment,sentiment_score,weighted_daily_sentiment_x,weighted_daily_sentiment_y
28-02-2025,FACEBOOK TECHNICAL INTERVIEW PREPARATION COURSE 2025 – META MOCK INTERVIEWS WITH FAANG HIRING MANAGERS,"SANTA CLARA, FEB. 28, 2025 (GLOBE NEWSWIRE) -- SANTA CLARA, CALIFORNIA - INTERVIEW KICKSTART, A LEADING UPSKILLING PLATFORM FOR TECH PROFESSIONALS, HAS LAUNCHED ITS FACEBOOK TECHNICAL INTERVIEW PREPARATION COURSE. DESIGNED BY FAANG+ HIRING MANAGERS AND SILICON VALLEY EXPERTS, THIS PROGRAM IS BUILT TO HELP ENGINEERS LAND TOP-TIER ROLES AT META AND OTHER LEADING TECH COMPANIES.","FACEBOOK TECHNICAL INTERVIEW PREPARATION COURSE 2025 – META MOCK INTERVIEWS WITH FAANG HIRING MANAGERS. SANTA CLARA, FEB. 28, 2025 (GLOBE NEWSWIRE) -- SANTA CLARA, CALIFORNIA - INTERVIEW KICKSTART, A LEADING UPSKILLING PLATFORM FOR TECH PROFESSIONALS, HAS LAUNCHED ITS FACEBOOK TECHNICAL INTERVIEW PREPARATION COURSE. DESIGNED BY FAANG+ HIRING MANAGERS AND SILICON VALLEY EXPERTS, THIS PROGRAM IS BUILT TO HELP ENGINEERS LAND TOP-TIER ROLES AT META AND OTHER LEADING TECH COMPANIES.","['facebook technical interview preparation course 2025 meta mock interviews with faang hiring managers', 'santa clara, feb', '28, 2025 globe newswire -- santa clara, california - interview kickstart, a leading upskilling platform for tech professionals, has launched its facebook technical interview preparation course', 'designed by faang hiring managers and silicon valley experts, this program is built to help engineers land top-tier roles at meta and other leading tech companies.']",neutral,0.0271,neutral,neutral
27-02-2025,"META TO PARTICIPATE IN THE MORGAN STANLEY TECHNOLOGY, MEDIA & TELECOM CONFERENCE","MENLO PARK, CALIF. , FEB. 27, 2025 /PRNEWSWIRE/ -- META, INC. (NASDAQ: META) TODAY ANNOUNCED THAT CHRIS COX, CHIEF PRODUCT OFFICER, WILL PARTICIPATE IN THE MORGAN STANLEY TECHNOLOGY, MEDIA & TELECOM CONFERENCE ON MARCH 5, 2025 AT 9:15 A.M.","META TO PARTICIPATE IN THE MORGAN STANLEY TECHNOLOGY, MEDIA & TELECOM CONFERENCE. MENLO PARK, CALIF. , FEB. 27, 2025 /PRNEWSWIRE/ -- META, INC. (NASDAQ: META) TODAY ANNOUNCED THAT CHRIS COX, CHIEF PRODUCT OFFICER, WILL PARTICIPATE IN THE MORGAN STANLEY TECHNOLOGY, MEDIA & TELECOM CONFERENCE ON MARCH 5, 2025 AT 9:15 A.M.","['meta to participate in the morgan stanley technology, media telecom conference', 'menlo park, calif', ', feb', '27, 2025 prnewswire -- meta, inc', 'nasdaq meta today announced that chris cox, chief product officer, will participate in the morgan stanley technology, media telecom conference on march 5, 2025 at 915 a.m.']",neutral,0.0,neutral,neutral
26-02-2025,ARBORXR PARTNERS WITH META TO POWER SCALABLE XR SOLUTIONS FOR ENTERPRISE,"LOS ANGELES--(BUSINESS WIRE)--ARBORXR, THE LEADING ENTERPRISE XR DEVICE MANAGEMENT PLATFORM TRUSTED BY OVER 50 FORTUNE 500 COMPANIES, IS EXCITED TO ANNOUNCE ITS OFFICIAL PARTNERSHIP WITH META'S NEWLY LAUNCHED META HORIZON MANAGED SERVICES (PREVIOUSLY KNOWN AS META QUEST FOR BUSINESS). THIS COLLABORATION BRINGS TOGETHER META'S CUTTING-EDGE VR SOLUTIONS AND ARBORXR'S ENTERPRISE-GRADE MANAGEMENT PLATFORM, DELIVERING A SEAMLESS, SECURE, AND SCALABLE SOLUTION FOR BUSINESSES DEPLOYING XR AT SCALE. EN.","ARBORXR PARTNERS WITH META TO POWER SCALABLE XR SOLUTIONS FOR ENTERPRISE. LOS ANGELES--(BUSINESS WIRE)--ARBORXR, THE LEADING ENTERPRISE XR DEVICE MANAGEMENT PLATFORM TRUSTED BY OVER 50 FORTUNE 500 COMPANIES, IS EXCITED TO ANNOUNCE ITS OFFICIAL PARTNERSHIP WITH META'S NEWLY LAUNCHED META HORIZON MANAGED SERVICES (PREVIOUSLY KNOWN AS META QUEST FOR BUSINESS). THIS COLLABORATION BRINGS TOGETHER META'S CUTTING-EDGE VR SOLUTIONS AND ARBORXR'S ENTERPRISE-GRADE MANAGEMENT PLATFORM, DELIVERING A SEAMLESS, SECURE, AND SCALABLE SOLUTION FOR BUSINESSES DEPLOYING XR AT SCALE. EN.","['arborxr partners with meta to power scalable xr solutions for enterprise', ""los angeles--business wire--arborxr, the leading enterprise xr device management platform trusted by over 50 fortune 500 companies, is excited to announce its official partnership with meta's newly launched meta horizon managed services previously known as meta quest for business"", ""this collaboration brings together meta's cutting-edge vr solutions and arborxr's enterprise-grade management platform, delivering a seamless, secure, and scalable solution for businesses deploying xr at scale"", 'en.']",weakly_positive,0.389,weakly_positive,weakly_positive
21-02-2025,SEAPORT THERAPEUTICS PRESENTS NEW META-ANALYSIS EXAMINING CORRELATIONS BETWEEN CLINICAL TRIAL DESIGN FACTORS AND PLACEBO RESPONSE IN MAJOR DEPRESSIVE DISORDER STUDIES,"BOSTON--(BUSINESS WIRE)--SEAPORT ANNOUNCED A PRESENTATION AT THE INTERNATIONAL SOCIETY FOR CNS CLINICAL TRIALS AND METHODOLOGY (ISCTM) CONFERENCE HELD FEBRUARY 19 – 21, 2025.","SEAPORT THERAPEUTICS PRESENTS NEW META-ANALYSIS EXAMINING CORRELATIONS BETWEEN CLINICAL TRIAL DESIGN FACTORS AND PLACEBO RESPONSE IN MAJOR DEPRESSIVE DISORDER STUDIES. BOSTON--(BUSINESS WIRE)--SEAPORT ANNOUNCED A PRESENTATION AT THE INTERNATIONAL SOCIETY FOR CNS CLINICAL TRIALS AND METHODOLOGY (ISCTM) CONFERENCE HELD FEBRUARY 19 – 21, 2025.","['seaport therapeutics presents new meta-analysis examining correlations between clinical trial design factors and placebo response in major depressive disorder studies', 'boston--business wire--seaport announced a presentation at the international society for cns clinical trials and methodology isctm conference held february 19 21, 2025.']",weakly_negative,-0.3535,neutral,neutral
21-02-2025,"FAN ENGAGEMENT MARKET OPPORTUNITIES AND STRATEGIES REPORT 2024-2025 & 2034: META PLATFORMS LEADS THE FRAGMENTED $44.71 BN MARKET (2.41%), FOLLOWED BY SAMSUNG AND ORACLE","THIS REPORT DESCRIBES AND EXPLAINS THE FAN ENGAGEMENT MARKET AND COVERS 2019-2024, TERMED THE HISTORIC PERIOD, AND 2024-2029, 2034F TERMED THE FORECAST PERIOD. THE REPORT EVALUATES THE MARKET ACROSS EACH REGION AND FOR THE MAJOR ECONOMIES WITHIN EACH REGION. THIS REPORT DESCRIBES AND EXPLAINS THE FAN ENGAGEMENT MARKET AND COVERS 2019-2024, TERMED THE HISTORIC PERIOD, AND 2024-2029, 2034F TERMED THE FORECAST PERIOD. THE REPORT EVALUATES THE MARKET ACROSS EACH REGION AND FOR THE MAJOR ECONOMIES WITHIN EACH REGION.","FAN ENGAGEMENT MARKET OPPORTUNITIES AND STRATEGIES REPORT 2024-2025 & 2034: META PLATFORMS LEADS THE FRAGMENTED $44.71 BN MARKET (2.41%), FOLLOWED BY SAMSUNG AND ORACLE. THIS REPORT DESCRIBES AND EXPLAINS THE FAN ENGAGEMENT MARKET AND COVERS 2019-2024, TERMED THE HISTORIC PERIOD, AND 2024-2029, 2034F TERMED THE FORECAST PERIOD. THE REPORT EVALUATES THE MARKET ACROSS EACH REGION AND FOR THE MAJOR ECONOMIES WITHIN EACH REGION. THIS REPORT DESCRIBES AND EXPLAINS THE FAN ENGAGEMENT MARKET AND COVERS 2019-2024, TERMED THE HISTORIC PERIOD, AND 2024-2029, 2034F TERMED THE FORECAST PERIOD. THE REPORT EVALUATES THE MARKET ACROSS EACH REGION AND FOR THE MAJOR ECONOMIES WITHIN EACH REGION.","['fan engagement market opportunities and strategies report 2024-2025 2034 meta platforms leads the fragmented $44.71 bn market 2.41 percent, followed by samsung and oracle', 'this report describes and explains the fan engagement market and covers 2019-2024, termed the historic period, and 2024-2029, 2034f termed the forecast period', 'the report evaluates the market across each region and for the major economies within each region', 'this report describes and explains the fan engagement market and covers 2019-2024, termed the historic period, and 2024-2029, 2034f termed the forecast period', 'the report evaluates the market across each region and for the major economies within each region.']",weakly_positive,0.41634,neutral,neutral
13-02-2025,META ANNOUNCES INCREASE IN QUARTERLY CASH DIVIDEND,"MENLO PARK, CALIF. , FEB. 13, 2025 /PRNEWSWIRE/ -- THE META PLATFORMS, INC. (NASDAQ: META) BOARD OF DIRECTORS TODAY DECLARED THE COMPANY'S FIRST QUARTER CASH DIVIDEND, WHICH REPRESENTS A 5% INCREASE COMPARED TO THE PRIOR DIVIDEND.","META ANNOUNCES INCREASE IN QUARTERLY CASH DIVIDEND. MENLO PARK, CALIF. , FEB. 13, 2025 /PRNEWSWIRE/ -- THE META PLATFORMS, INC. (NASDAQ: META) BOARD OF DIRECTORS TODAY DECLARED THE COMPANY'S FIRST QUARTER CASH DIVIDEND, WHICH REPRESENTS A 5% INCREASE COMPARED TO THE PRIOR DIVIDEND.","['meta announces increase in quarterly cash dividend', 'menlo park, calif', ', feb', '13, 2025 prnewswire -- the meta platforms, inc', ""nasdaq meta board of directors today declared the company's first quarter cash dividend, which represents a 5 percent increase compared to the prior dividend.""]",weakly_positive,0.12728,weakly_positive,weakly_positive
31-01-2025,CITIZENS FOR JUDICIAL FAIRNESS WARNS DELAWARE LEADERS OF CHANCERY OVERREACH IMPACT TO $2 BILLION CORPORATE ECONOMY AS META PREPARES FOR “DEXIT”,"WILMINGTON, DEL.--(BUSINESS WIRE)--TODAY, THE WALL STREET JOURNAL AND THE NEW YORK TIMES REPORTED THAT META, A COMPANY WORTH $1.7 TRILLION, PLANS TO MOVE THEIR INCORPORATION OUT OF DELAWARE IN RESPONSE TO CHANCERY COURT OVERREACH. THE MOVE FOLLOWS THE CHANCERY COURT'S MOST OBVIOUS OVERREACHING RULINGS IN THE COURT'S HISTORY WHEN THEY FORCED TRANSPERFECT TO PAY MORE THAN $50 MILLION IN UNDOCUMENTED LEGAL FEES TO LOCAL LAW FIRMS AND MORE RECENTLY, APPROVED $354 MILLION IN FEES TO LAW FIRMS IN THE.","CITIZENS FOR JUDICIAL FAIRNESS WARNS DELAWARE LEADERS OF CHANCERY OVERREACH IMPACT TO $2 BILLION CORPORATE ECONOMY AS META PREPARES FOR “DEXIT”. WILMINGTON, DEL.--(BUSINESS WIRE)--TODAY, THE WALL STREET JOURNAL AND THE NEW YORK TIMES REPORTED THAT META, A COMPANY WORTH $1.7 TRILLION, PLANS TO MOVE THEIR INCORPORATION OUT OF DELAWARE IN RESPONSE TO CHANCERY COURT OVERREACH. THE MOVE FOLLOWS THE CHANCERY COURT'S MOST OBVIOUS OVERREACHING RULINGS IN THE COURT'S HISTORY WHEN THEY FORCED TRANSPERFECT TO PAY MORE THAN $50 MILLION IN UNDOCUMENTED LEGAL FEES TO LOCAL LAW FIRMS AND MORE RECENTLY, APPROVED $354 MILLION IN FEES TO LAW FIRMS IN THE.","['citizens for judicial fairness warns delaware leaders of chancery overreach impact to $2 billion corporate economy as meta prepares for dexit', 'wilmington, del.--business wire--today, the wall street journal and the new york times reported that meta, a company worth $1.7 trillion, plans to move their incorporation out of delaware in response to chancery court overreach', ""the move follows the chancery court's most obvious overreaching rulings in the court's history when they forced transperfect to pay more than $50 million in undocumented legal fees to local law firms and more recently, approved $354 million in fees to law firms in the.""]",weakly_positive,0.0565333333333333,weakly_positive,weakly_positive
31-01-2025,BALLS TO THE WALL™: A NEW MIXED-REALITY PUZZLE GAME FOR META QUEST FROM CAT CITY GAMES IS NOW AVAILABLE FOR PRE-ORDER,STEP INTO A VIBRANT WORLD OF PUZZLES AND FRIENDLY COMPETITION FROM THE MIND OF HOLLYWOOD PROFESSIONAL CHRIS W. HILL STEP INTO A VIBRANT WORLD OF PUZZLES AND FRIENDLY COMPETITION FROM THE MIND OF HOLLYWOOD PROFESSIONAL CHRIS W. HILL,BALLS TO THE WALL™: A NEW MIXED-REALITY PUZZLE GAME FOR META QUEST FROM CAT CITY GAMES IS NOW AVAILABLE FOR PRE-ORDER. STEP INTO A VIBRANT WORLD OF PUZZLES AND FRIENDLY COMPETITION FROM THE MIND OF HOLLYWOOD PROFESSIONAL CHRIS W. HILL STEP INTO A VIBRANT WORLD OF PUZZLES AND FRIENDLY COMPETITION FROM THE MIND OF HOLLYWOOD PROFESSIONAL CHRIS W. HILL,"['balls to the wall a new mixed-reality puzzle game for meta quest from cat city games is now available for pre-order', 'step into a vibrant world of puzzles and friendly competition from the mind of hollywood professional chris w', 'hill step into a vibrant world of puzzles and friendly competition from the mind of hollywood professional chris w', 'hill']",weakly_positive,0.3825,weakly_positive,weakly_positive
29-01-2025,META REPORTS FOURTH QUARTER AND FULL YEAR 2024 RESULTS,"MENLO PARK, CALIF. , JAN. 29, 2025 /PRNEWSWIRE/ -- META PLATFORMS, INC. (NASDAQ: META) TODAY REPORTED FINANCIAL RESULTS FOR THE QUARTER AND FULL YEAR ENDED DECEMBER 31, 2024.","META REPORTS FOURTH QUARTER AND FULL YEAR 2024 RESULTS. MENLO PARK, CALIF. , JAN. 29, 2025 /PRNEWSWIRE/ -- META PLATFORMS, INC. (NASDAQ: META) TODAY REPORTED FINANCIAL RESULTS FOR THE QUARTER AND FULL YEAR ENDED DECEMBER 31, 2024.","['meta reports fourth quarter and full year 2024 results', 'menlo park, calif', ', jan', '29, 2025 prnewswire -- meta platforms, inc', 'nasdaq meta today reported financial results for the quarter and full year ended december 31, 2024.']",neutral,0.0,weakly_positive,weakly_positive
29-01-2025,META DYNAMIC INC. NAMED 2024 TOP WORKPLACE BY THE ORANGE COUNTY REGISTER,"ORANGE, CA, JAN. 29, 2025 (GLOBE NEWSWIRE) -- THE ORANGE COUNTY REGISTER HAS NAMED META DYNAMIC INC. AS ONE OF ITS TOP WORKPLACES FOR 2024. BASED ON EMPLOYEE-FEEDBACK RESULTS CAPTURED BY THE ENERGAGE WORKPLACE SURVEY, THE TOP WORKPLACES RESEARCH-BACKED PROGRAM HAS DEFINED EMPLOYER EXCELLENCE FOR OVER 18 YEARS.","META DYNAMIC INC. NAMED 2024 TOP WORKPLACE BY THE ORANGE COUNTY REGISTER. ORANGE, CA, JAN. 29, 2025 (GLOBE NEWSWIRE) -- THE ORANGE COUNTY REGISTER HAS NAMED META DYNAMIC INC. AS ONE OF ITS TOP WORKPLACES FOR 2024. BASED ON EMPLOYEE-FEEDBACK RESULTS CAPTURED BY THE ENERGAGE WORKPLACE SURVEY, THE TOP WORKPLACES RESEARCH-BACKED PROGRAM HAS DEFINED EMPLOYER EXCELLENCE FOR OVER 18 YEARS.","['meta dynamic inc', 'named 2024 top workplace by the orange county register', 'orange, ca, jan', '29, 2025 globe newswire -- the orange county register has named meta dynamic inc', 'as one of its top workplaces for 2024', 'based on employee-feedback results captured by the energage workplace survey, the top workplaces research-backed program has defined employer excellence for over 18 years.']",weakly_positive,0.3129666666666666,weakly_positive,weakly_positive
15-01-2025,PURECARS DELIVERS OUTSTANDING RESULTS FOR DEALERS IN COLLABORATION WITH META,"ATLANTA, JAN. 15, 2025 (GLOBE NEWSWIRE) -- PURECARS, THE LEADING CUSTOMER DATA AND MARKETING PLATFORM FOR AUTOMOTIVE DEALERS, ANNOUNCED TODAY ITS EXCEPTIONAL META AD PERFORMANCE RESULTS FOR ITS DEALERSHIP PARTNERS IN 2024. THESE ACHIEVEMENTS FOLLOW THE SUCCESSFUL IMPLEMENTATION OF META'S CONVERSION API (CAPI) AND STRATEGIC SHIFTS IN OPTIMIZATION EFFORTS.","PURECARS DELIVERS OUTSTANDING RESULTS FOR DEALERS IN COLLABORATION WITH META. ATLANTA, JAN. 15, 2025 (GLOBE NEWSWIRE) -- PURECARS, THE LEADING CUSTOMER DATA AND MARKETING PLATFORM FOR AUTOMOTIVE DEALERS, ANNOUNCED TODAY ITS EXCEPTIONAL META AD PERFORMANCE RESULTS FOR ITS DEALERSHIP PARTNERS IN 2024. THESE ACHIEVEMENTS FOLLOW THE SUCCESSFUL IMPLEMENTATION OF META'S CONVERSION API (CAPI) AND STRATEGIC SHIFTS IN OPTIMIZATION EFFORTS.","['purecars delivers outstanding results for dealers in collaboration with meta', 'atlanta, jan', '15, 2025 globe newswire -- purecars, the leading customer data and marketing platform for automotive dealers, announced today its exceptional meta ad performance results for its dealership partners in 2024', ""these achievements follow the successful implementation of meta's conversion api capi and strategic shifts in optimization efforts.""]",weakly_positive,0.34075,weakly_positive,weakly_positive
13-01-2025,CIRCUS SE TO ACQUIRE AI AGENT COMPANY FULLYAI TO REVOLUTIONIZE HUMAN-AI INTERACTION,"HAMBURG, GERMANY--(BUSINESS WIRE)--CIRCUS SE (XETRA: CA1), A GLOBAL LEADER IN PHYSICAL AI APPLICATIONS, HAS ANNOUNCED THE INTENDED ACQUISITION OF FULLYAI, ONE OF EUROPE'S LEADING AGENTIC AI PLAYERS. THE COMPANY HAS DEVELOPED TECHNOLOGIES IN THE FIELD OF AI AGENTS AND COUNTS GLOBAL CORPORATIONS SUCH AS META PLATFORMS, INC. (NASDAQ: META) AND THE FORD MOTOR COMPANY (NYSE:F) AMONG ITS CUSTOMERS. AI AGENTS MARK THE NEXT MAJOR WAVE IN AI DEVELOPMENT FOLLOWING THE GROWTH OF ESTABLISHED AI MODELS LIKE.","CIRCUS SE TO ACQUIRE AI AGENT COMPANY FULLYAI TO REVOLUTIONIZE HUMAN-AI INTERACTION. HAMBURG, GERMANY--(BUSINESS WIRE)--CIRCUS SE (XETRA: CA1), A GLOBAL LEADER IN PHYSICAL AI APPLICATIONS, HAS ANNOUNCED THE INTENDED ACQUISITION OF FULLYAI, ONE OF EUROPE'S LEADING AGENTIC AI PLAYERS. THE COMPANY HAS DEVELOPED TECHNOLOGIES IN THE FIELD OF AI AGENTS AND COUNTS GLOBAL CORPORATIONS SUCH AS META PLATFORMS, INC. (NASDAQ: META) AND THE FORD MOTOR COMPANY (NYSE:F) AMONG ITS CUSTOMERS. AI AGENTS MARK THE NEXT MAJOR WAVE IN AI DEVELOPMENT FOLLOWING THE GROWTH OF ESTABLISHED AI MODELS LIKE.","['circus se to acquire ai agent company fullyai to revolutionize human-ai interaction', ""hamburg, germany--business wire--circus se xetra ca1, a global leader in physical ai applications, has announced the intended acquisition of fullyai, one of europe's leading agentic ai players"", 'the company has developed technologies in the field of ai agents and counts global corporations such as meta platforms, inc', 'nasdaq meta and the ford motor company nysef among its customers', 'ai agents mark the next major wave in ai development following the growth of established ai models like.']",weakly_positive,0.12498,weakly_positive,weakly_positive
08-01-2025,META TO ANNOUNCE FOURTH QUARTER AND FULL YEAR 2024 RESULTS,"MENLO PARK, CALIF. , JAN. 8, 2025 /PRNEWSWIRE/ -- META PLATFORMS, INC. (NASDAQ: META) ANNOUNCED TODAY THAT THE COMPANY'S FOURTH QUARTER AND FULL YEAR 2024 FINANCIAL RESULTS WILL BE RELEASED AFTER MARKET CLOSE ON WEDNESDAY, JANUARY 29, 2025.","META TO ANNOUNCE FOURTH QUARTER AND FULL YEAR 2024 RESULTS. MENLO PARK, CALIF. , JAN. 8, 2025 /PRNEWSWIRE/ -- META PLATFORMS, INC. (NASDAQ: META) ANNOUNCED TODAY THAT THE COMPANY'S FOURTH QUARTER AND FULL YEAR 2024 FINANCIAL RESULTS WILL BE RELEASED AFTER MARKET CLOSE ON WEDNESDAY, JANUARY 29, 2025.","['meta to announce fourth quarter and full year 2024 results', 'menlo park, calif', ', jan', '8, 2025 prnewswire -- meta platforms, inc', ""nasdaq meta announced today that the company's fourth quarter and full year 2024 financial results will be released after market close on wednesday, january 29, 2025.""]",neutral,0.0,neutral,neutral
06-01-2025,"DANA WHITE, JOHN ELKANN AND CHARLIE SONGHURST TO JOIN META BOARD OF DIRECTORS","MENLO PARK, CALIF. , JAN. 6, 2025 /PRNEWSWIRE/ -- META TODAY ANNOUNCED THAT DANA WHITE, JOHN ELKANN AND CHARLIE SONGHURST HAVE BEEN ELECTED TO THE COMPANY'S BOARD OF DIRECTORS.","DANA WHITE, JOHN ELKANN AND CHARLIE SONGHURST TO JOIN META BOARD OF DIRECTORS. MENLO PARK, CALIF. , JAN. 6, 2025 /PRNEWSWIRE/ -- META TODAY ANNOUNCED THAT DANA WHITE, JOHN ELKANN AND CHARLIE SONGHURST HAVE BEEN ELECTED TO THE COMPANY'S BOARD OF DIRECTORS.","['dana white, john elkann and charlie songhurst to join meta board of directors', 'menlo park, calif', ', jan', ""6, 2025 prnewswire -- meta today announced that dana white, john elkann and charlie songhurst have been elected to the company's board of directors.""]",weakly_positive,0.074,weakly_positive,weakly_positive
16-12-2024,"META SETS THE BAR IN AR/VR, BUT COMPETITION IS GEARING UP FOR A REALITY CHECK, ACCORDING TO IDC","NEEDHAM, MASS.--(BUSINESS WIRE)-- #ARVR--AFTER TWO QUARTERS OF DECLINES, GLOBAL SHIPMENTS OF AR/VR HEADSETS FINALLY RETURNED TO GROWTH AS VOLUMES ROSE 12.8% DURING THE THIRD QUARTER OF 2024 (3Q24) ACCORDING TO NEW DATA FROM THE INTERNATIONAL DATA CORPORATION (IDC) WORLDWIDE QUARTERLY AUGMENTED AND VIRTUAL REALITY HEADSET TRACKER. HOWEVER, GROWTH WAS LARGELY DRIVEN BY ONE VENDOR: META. AMONGST THE TOP FIVE, META LED THE PACK WITH 70.8% SHARE DURING THE QUARTER AS THE COMPANY FACED FAVORABLE YEAR-OVER-YE.","META SETS THE BAR IN AR/VR, BUT COMPETITION IS GEARING UP FOR A REALITY CHECK, ACCORDING TO IDC. NEEDHAM, MASS.--(BUSINESS WIRE)-- #ARVR--AFTER TWO QUARTERS OF DECLINES, GLOBAL SHIPMENTS OF AR/VR HEADSETS FINALLY RETURNED TO GROWTH AS VOLUMES ROSE 12.8% DURING THE THIRD QUARTER OF 2024 (3Q24) ACCORDING TO NEW DATA FROM THE INTERNATIONAL DATA CORPORATION (IDC) WORLDWIDE QUARTERLY AUGMENTED AND VIRTUAL REALITY HEADSET TRACKER. HOWEVER, GROWTH WAS LARGELY DRIVEN BY ONE VENDOR: META. AMONGST THE TOP FIVE, META LED THE PACK WITH 70.8% SHARE DURING THE QUARTER AS THE COMPANY FACED FAVORABLE YEAR-OVER-YE.","['meta sets the bar in arvr, but competition is gearing up for a reality check, according to idc', 'needham, mass.--business wire-- arvr--after two quarters of declines, global shipments of arvr headsets finally returned to growth as volumes rose 12.8 percent during the third quarter of 2024 3q24 according to new data from the international data corporation idc worldwide quarterly augmented and virtual reality headset tracker', 'however, growth was largely driven by one vendor meta', 'amongst the top five, meta led the pack with 70.8 percent share during the quarter as the company faced favorable year-over-ye.']",weakly_positive,0.372625,weakly_positive,weakly_positive
06-12-2024,"BOOMER BENEFITS CELEBRATES MILESTONE ACHIEVEMENT: SURPASSES 100,000 SUBSCRIBERS ON YOUTUBE AND FACEBOOK","LEADING MEDICARE AGENCY ESTABLISHES LARGEST ONLINE MEDICARE COMMUNITY FORT WORTH, TEXAS--(NEWSFILE CORP. - DECEMBER 6, 2024) - BOOMER BENEFITS, A DISTINGUISHED MEDICARE INSURANCE AGENCY FOUNDED IN 2005 IN FORT WORTH, TX, PROUDLY ANNOUNCES A SIGNIFICANT MILESTONE IN ITS DIGITAL OUTREACH EFFORTS. THE COMPANY HAS SURPASSED 100,000 SUBSCRIBERS ON BOTH ITS YOUTUBE CHANNEL AND PRIVATE FACEBOOK GROUP, ESTABLISHING ITSELF AS THE LARGEST ONLINE MEDICARE COMMUNITY.","BOOMER BENEFITS CELEBRATES MILESTONE ACHIEVEMENT: SURPASSES 100,000 SUBSCRIBERS ON YOUTUBE AND FACEBOOK. LEADING MEDICARE AGENCY ESTABLISHES LARGEST ONLINE MEDICARE COMMUNITY FORT WORTH, TEXAS--(NEWSFILE CORP. - DECEMBER 6, 2024) - BOOMER BENEFITS, A DISTINGUISHED MEDICARE INSURANCE AGENCY FOUNDED IN 2005 IN FORT WORTH, TX, PROUDLY ANNOUNCES A SIGNIFICANT MILESTONE IN ITS DIGITAL OUTREACH EFFORTS. THE COMPANY HAS SURPASSED 100,000 SUBSCRIBERS ON BOTH ITS YOUTUBE CHANNEL AND PRIVATE FACEBOOK GROUP, ESTABLISHING ITSELF AS THE LARGEST ONLINE MEDICARE COMMUNITY.","['boomer benefits celebrates milestone achievement surpasses 100,000 subscribers on youtube and facebook', 'leading medicare agency establishes largest online medicare community fort worth, texas--newsfile corp', '- december 6, 2024 - boomer benefits, a distinguished medicare insurance agency founded in 2005 in fort worth, tx, proudly announces a significant milestone in its digital outreach efforts', 'the company has surpassed 100,000 subscribers on both its youtube channel and private facebook group, establishing itself as the largest online medicare community.']",weakly_positive,0.461075,weakly_positive,weakly_positive
05-12-2024,META ANNOUNCES QUARTERLY CASH DIVIDEND,"MENLO PARK, CALIF. , DEC. 5, 2024 /PRNEWSWIRE/ -- THE META PLATFORMS, INC. (NASDAQ: META) BOARD OF DIRECTORS TODAY DECLARED A QUARTERLY CASH DIVIDEND OF $0.50 PER SHARE OF THE COMPANY'S OUTSTANDING CLASS A COMMON STOCK AND CLASS B COMMON STOCK, PAYABLE ON DECEMBER 27, 2024 TO STOCKHOLDERS OF RECORD AS OF THE CLOSE OF BUSINESS ON DECEMBER 16, 2024.","META ANNOUNCES QUARTERLY CASH DIVIDEND. MENLO PARK, CALIF. , DEC. 5, 2024 /PRNEWSWIRE/ -- THE META PLATFORMS, INC. (NASDAQ: META) BOARD OF DIRECTORS TODAY DECLARED A QUARTERLY CASH DIVIDEND OF $0.50 PER SHARE OF THE COMPANY'S OUTSTANDING CLASS A COMMON STOCK AND CLASS B COMMON STOCK, PAYABLE ON DECEMBER 27, 2024 TO STOCKHOLDERS OF RECORD AS OF THE CLOSE OF BUSINESS ON DECEMBER 16, 2024.","['meta announces quarterly cash dividend', 'menlo park, calif', ', dec', '5, 2024 prnewswire -- the meta platforms, inc', ""nasdaq meta board of directors today declared a quarterly cash dividend of $0.50 per share of the company's outstanding class a common stock and class b common stock, payable on december 27, 2024 to stockholders of record as of the close of business on december 16, 2024.""]",weakly_positive,0.1470199999999999,weakly_positive,weakly_positive
05-12-2024,"INVENERGY TO PROVIDE OVER 760MW IN RENEWABLE ENERGY, SUPPORTING META'S ENERGY NEEDS IN LINE WITH ITS CLEAN AND RENEWABLE ENERGY GOALS","TOTAL PROCURED CLEAN ENERGY BETWEEN THE TWO COMPANIES NOW EXCEEDS 1 GIGAWATT NEW AGREEMENT CONTRACTED THROUGH FOUR INVENERGY-DEVELOPED SOLAR FACILITIES MENLO PARK, CALIF. AND CHICAGO , DEC. 5, 2024 /PRNEWSWIRE/ -- META PLATFORMS, INC (NASDAQ: META) ANNOUNCED IT HAS SIGNED FOUR CONTRACTS WITH CHICAGO-BASED ENERGY OWNER, OPERATOR AND DEVELOPER, INVENERGY, FOR 760 MW OF CLEAN ENERGY.","INVENERGY TO PROVIDE OVER 760MW IN RENEWABLE ENERGY, SUPPORTING META'S ENERGY NEEDS IN LINE WITH ITS CLEAN AND RENEWABLE ENERGY GOALS. TOTAL PROCURED CLEAN ENERGY BETWEEN THE TWO COMPANIES NOW EXCEEDS 1 GIGAWATT NEW AGREEMENT CONTRACTED THROUGH FOUR INVENERGY-DEVELOPED SOLAR FACILITIES MENLO PARK, CALIF. AND CHICAGO , DEC. 5, 2024 /PRNEWSWIRE/ -- META PLATFORMS, INC (NASDAQ: META) ANNOUNCED IT HAS SIGNED FOUR CONTRACTS WITH CHICAGO-BASED ENERGY OWNER, OPERATOR AND DEVELOPER, INVENERGY, FOR 760 MW OF CLEAN ENERGY.","[""invenergy to provide over 760mw in renewable energy, supporting meta's energy needs in line with its clean and renewable energy goals"", 'total procured clean energy between the two companies now exceeds 1 gigawatt new agreement contracted through four invenergy-developed solar facilities menlo park, calif', 'and chicago , dec', '5, 2024 prnewswire -- meta platforms, inc nasdaq meta announced it has signed four contracts with chicago-based energy owner, operator and developer, invenergy, for 760 mw of clean energy.']",strongly_positive,0.600325,weakly_positive,weakly_positive
22-11-2024,DITCHIT DESCENDS ON TIMES SQUARE: A FRESH RIVAL FOR OFFERUP AND FACEBOOK,"DOVER, DELAWARE, NOV. 22, 2024 (GLOBE NEWSWIRE) --    DITCHIT, THE INNOVATIVE LOCAL MARKETPLACE, HAS OFFICIALLY ARRIVED IN THE HEART OF NEW YORK CITY WITH A BOLD AND EYE-CATCHING ADVERTISEMENT IN THE ICONIC TIMES SQUARE. THIS STRATEGIC MOVE MARKS A SIGNIFICANT MILESTONE FOR THE COMPANY, SOLIDIFYING ITS PRESENCE IN THE NATION'S LARGEST METROPOLITAN AREA.","DITCHIT DESCENDS ON TIMES SQUARE: A FRESH RIVAL FOR OFFERUP AND FACEBOOK. DOVER, DELAWARE, NOV. 22, 2024 (GLOBE NEWSWIRE) --    DITCHIT, THE INNOVATIVE LOCAL MARKETPLACE, HAS OFFICIALLY ARRIVED IN THE HEART OF NEW YORK CITY WITH A BOLD AND EYE-CATCHING ADVERTISEMENT IN THE ICONIC TIMES SQUARE. THIS STRATEGIC MOVE MARKS A SIGNIFICANT MILESTONE FOR THE COMPANY, SOLIDIFYING ITS PRESENCE IN THE NATION'S LARGEST METROPOLITAN AREA.","['ditchit descends on times square a fresh rival for offerup and facebook', 'dover, delaware, nov', '22, 2024 globe newswire -- ditchit, the innovative local marketplace, has officially arrived in the heart of new york city with a bold and eye-catching advertisement in the iconic times square', ""this strategic move marks a significant milestone for the company, solidifying its presence in the nation's largest metropolitan area.""]",weakly_positive,0.3465749999999999,weakly_positive,weakly_positive
21-11-2024,TIMES SQUARE WELCOMES DITCHIT: THE NEW CHALLENGER TO OFFERUP AND FACEBOOK,"DOVER, DELAWARE , NOV. 21, 2024 (GLOBE NEWSWIRE) -- DITCHIT, THE INNOVATIVE LOCAL MARKETPLACE, HAS OFFICIALLY ARRIVED IN THE HEART OF NEW YORK CITY WITH A BOLD AND EYE-CATCHING ADVERTISEMENT IN THE ICONIC TIMES SQUARE. THIS STRATEGIC MOVE MARKS A SIGNIFICANT MILESTONE FOR THE COMPANY, SOLIDIFYING ITS PRESENCE I THE NATION'S LARGEST METROPOLITAN AREA.","TIMES SQUARE WELCOMES DITCHIT: THE NEW CHALLENGER TO OFFERUP AND FACEBOOK. DOVER, DELAWARE , NOV. 21, 2024 (GLOBE NEWSWIRE) -- DITCHIT, THE INNOVATIVE LOCAL MARKETPLACE, HAS OFFICIALLY ARRIVED IN THE HEART OF NEW YORK CITY WITH A BOLD AND EYE-CATCHING ADVERTISEMENT IN THE ICONIC TIMES SQUARE. THIS STRATEGIC MOVE MARKS A SIGNIFICANT MILESTONE FOR THE COMPANY, SOLIDIFYING ITS PRESENCE I THE NATION'S LARGEST METROPOLITAN AREA.","['times square welcomes ditchit the new challenger to offerup and facebook', 'dover, delaware , nov', '21, 2024 globe newswire -- ditchit, the innovative local marketplace, has officially arrived in the heart of new york city with a bold and eye-catching advertisement in the iconic times square', ""this strategic move marks a significant milestone for the company, solidifying its presence i the nation's largest metropolitan area.""]",weakly_positive,0.3905,weakly_positive,weakly_positive
20-11-2024,"FLYWHEEL DYNAMIX SECURES $7M SEED FOR META MARKETPLACE, EXITING STEALTH MODE","SAN FRANCISCO--(BUSINESS WIRE)--FLYWHEEL DYNAMIX (“FLYWL”), THE FIRST BUYER-CENTRIC CLOUD MARKETPLACE DESIGNED TO SIMPLIFY SOFTWARE ACQUISITION FOR BUYERS AND HELP SELLERS GROW REVENUE FASTER, ANNOUNCED TODAY ITS SUCCESSFUL RAISE OF $7M IN SEED FUNDING. STORM VENTURES, FOSTER VENTURES, BEENEX, FEBE, AND TEKNOS VENTURES LED THE ROUND. AFTER OPERATING IN STEALTH MODE SINCE AUGUST, FLYWL IS OFFICIALLY LAUNCHING THE FIRST BUYER MODULE FOR ITS MARKETPLACE PLATFORM IN THE FIRST WEEK OF DECEMBER. WITH.","FLYWHEEL DYNAMIX SECURES $7M SEED FOR META MARKETPLACE, EXITING STEALTH MODE. SAN FRANCISCO--(BUSINESS WIRE)--FLYWHEEL DYNAMIX (“FLYWL”), THE FIRST BUYER-CENTRIC CLOUD MARKETPLACE DESIGNED TO SIMPLIFY SOFTWARE ACQUISITION FOR BUYERS AND HELP SELLERS GROW REVENUE FASTER, ANNOUNCED TODAY ITS SUCCESSFUL RAISE OF $7M IN SEED FUNDING. STORM VENTURES, FOSTER VENTURES, BEENEX, FEBE, AND TEKNOS VENTURES LED THE ROUND. AFTER OPERATING IN STEALTH MODE SINCE AUGUST, FLYWL IS OFFICIALLY LAUNCHING THE FIRST BUYER MODULE FOR ITS MARKETPLACE PLATFORM IN THE FIRST WEEK OF DECEMBER. WITH.","['flywheel dynamix secures $7m seed for meta marketplace, exiting stealth mode', 'san francisco--business wire--flywheel dynamix flywl, the first buyer-centric cloud marketplace designed to simplify software acquisition for buyers and help sellers grow revenue faster, announced today its successful raise of $7m in seed funding', 'storm ventures, foster ventures, beenex, febe, and teknos ventures led the round', 'after operating in stealth mode since august, flywl is officially launching the first buyer module for its marketplace platform in the first week of december', 'with.']",weakly_positive,0.18614,weakly_positive,weakly_positive
12-11-2024,AZA CLIENT REMOVES THE SECRECY VEIL FROM META EMPLOYEE ARBITRATIONS,"SAN JOSE, CALIF.--(BUSINESS WIRE)--A CALIFORNIA STATE JUDGE HAS RULED THAT META'S SECRETIVE ARBITRATIONS OF EMPLOYEE LAWSUITS ARE SUBSTANTIVELY UNCONSCIONABLE AND THAT THE ARBITRATION RESULTS CAN BE MADE PUBLIC. THE RULING WAS IN A WRONGFUL TERMINATION CASE THAT HAS ALREADY GAINED MEDIA ATTENTION BECAUSE IT WAS FILED BY FERRAS HAMAD, A SUCCESSFUL PALESTINIAN AMERICAN SOFTWARE ENGINEER AT META PLATFORMS INC. WHO SAID HE WAS FIRED FOR TRYING TO CORRECT CHRONIC ANTI-PALESTINIAN BIAS IN THE CENSORI.","AZA CLIENT REMOVES THE SECRECY VEIL FROM META EMPLOYEE ARBITRATIONS. SAN JOSE, CALIF.--(BUSINESS WIRE)--A CALIFORNIA STATE JUDGE HAS RULED THAT META'S SECRETIVE ARBITRATIONS OF EMPLOYEE LAWSUITS ARE SUBSTANTIVELY UNCONSCIONABLE AND THAT THE ARBITRATION RESULTS CAN BE MADE PUBLIC. THE RULING WAS IN A WRONGFUL TERMINATION CASE THAT HAS ALREADY GAINED MEDIA ATTENTION BECAUSE IT WAS FILED BY FERRAS HAMAD, A SUCCESSFUL PALESTINIAN AMERICAN SOFTWARE ENGINEER AT META PLATFORMS INC. WHO SAID HE WAS FIRED FOR TRYING TO CORRECT CHRONIC ANTI-PALESTINIAN BIAS IN THE CENSORI.","['aza client removes the secrecy veil from meta employee arbitrations', ""san jose, calif.--business wire--a california state judge has ruled that meta's secretive arbitrations of employee lawsuits are substantively unconscionable and that the arbitration results can be made public"", 'the ruling was in a wrongful termination case that has already gained media attention because it was filed by ferras hamad, a successful palestinian american software engineer at meta platforms inc', 'who said he was fired for trying to correct chronic anti-palestinian bias in the censori.']",neutral,-0.003725,weakly_positive,weakly_positive
12-11-2024,TIMES SQUARE LANDS DITCHIT: A RIVAL TO OFFERUP AND FACEBOOK,"DOVER, DELAWARE, NOV. 12, 2024 (GLOBE NEWSWIRE) -- DITCHIT, THE INNOVATIVE LOCAL MARKETPLACE, HAS OFFICIALLY ARRIVED IN THE HEART OF NEW YORK CITY WITH A BOLD AND EYE-CATCHING ADVERTISEMENT IN THE ICONIC TIMES SQUARE. THIS STRATEGIC MOVE MARKS A SIGNIFICANT MILESTONE FOR THE COMPANY, SOLIDIFYING ITS PRESENCE IN THE NATION'S LARGEST METROPOLITAN AREA.","TIMES SQUARE LANDS DITCHIT: A RIVAL TO OFFERUP AND FACEBOOK. DOVER, DELAWARE, NOV. 12, 2024 (GLOBE NEWSWIRE) -- DITCHIT, THE INNOVATIVE LOCAL MARKETPLACE, HAS OFFICIALLY ARRIVED IN THE HEART OF NEW YORK CITY WITH A BOLD AND EYE-CATCHING ADVERTISEMENT IN THE ICONIC TIMES SQUARE. THIS STRATEGIC MOVE MARKS A SIGNIFICANT MILESTONE FOR THE COMPANY, SOLIDIFYING ITS PRESENCE IN THE NATION'S LARGEST METROPOLITAN AREA.","['times square lands ditchit a rival to offerup and facebook', 'dover, delaware, nov', '12, 2024 globe newswire -- ditchit, the innovative local marketplace, has officially arrived in the heart of new york city with a bold and eye-catching advertisement in the iconic times square', ""this strategic move marks a significant milestone for the company, solidifying its presence in the nation's largest metropolitan area.""]",weakly_positive,0.267025,weakly_positive,weakly_positive
12-11-2024,RPLUS ENERGIES PARTNERS WITH IDAHO POWER AND META ON LONG-TERM POWER PURCHASE AGREEMENT FOR THE 125-MEGAWATT PLEASANT VALLEY SOLAR 2 PROJECT,"SALT LAKE CITY--(BUSINESS WIRE)--RPLUS ENERGIES HAS FINALIZED A LONG-TERM PPA WITH IDAHO POWER FOR THE 125-MEGAWATT (MW) PLEASANT VALLEY SOLAR 2 FACILITY IN ADA COUNTY, ID.","RPLUS ENERGIES PARTNERS WITH IDAHO POWER AND META ON LONG-TERM POWER PURCHASE AGREEMENT FOR THE 125-MEGAWATT PLEASANT VALLEY SOLAR 2 PROJECT. SALT LAKE CITY--(BUSINESS WIRE)--RPLUS ENERGIES HAS FINALIZED A LONG-TERM PPA WITH IDAHO POWER FOR THE 125-MEGAWATT (MW) PLEASANT VALLEY SOLAR 2 FACILITY IN ADA COUNTY, ID.","['rplus energies partners with idaho power and meta on long-term power purchase agreement for the 125-megawatt pleasant valley solar 2 project', 'salt lake city--business wire--rplus energies has finalized a long-term ppa with idaho power for the 125-megawatt mw pleasant valley solar 2 facility in ada county, id.']",strongly_positive,0.72475,weakly_positive,weakly_positive
11-11-2024,COMPREHENSIVE ANALYSIS REVEALS INSIGHTS INTO FACEBOOK'S GAMING-RELATED MEDIA LANDSCAPE,"DUBLIN, NOV. 11, 2024 (GLOBE NEWSWIRE) -- THE ""GAMING RELATED MEDIA SOURCES - FACEBOOK"" REPORT HAS BEEN ADDED TO RESEARCHANDMARKETS.COM'S OFFERING. A THOROUGH INVESTIGATION HAS BEEN CONDUCTED INTO THE CURRENT LANDSCAPE OF GAMING-RELATED MEDIA SOURCES ON FACEBOOK FOR THE FIRST QUARTER OF 2023. THIS ANALYSIS OFFERS VALUABLE AND STRATEGIC INSIGHTS INTO TRENDS AND ENGAGEMENTS WITHIN THE DIGITAL GAMING COMMUNITIES. STUDY OVERVIEW THE RESEARCH METHODOLOGY INCORPORATED A DETAILED ASSESSMENT OF FACEBOOK COMMUNITIES RELATED TO THE GAMING INDUSTRY. AN UPDATED REVIEW OF THESE SOURCES WAS METICULOUSLY EXECUTED TO REFLECT THE FIRST QUARTER OF 2023, WITH THE ORIGINAL DATA TRACING BACK TO 2020. OUR PRIMARY FOCUS LAY IN CLASSIFYING COMMUNITIES BASED ON THEIR GAMING INDUSTRY AFFILIATIONS, DOCUMENTING ACTIVITY THROUGH AVERAGE POST LIKES, AND EVALUATING ENGAGEMENT PERCENTAGES. OUTCOME HIGHLIGHTS HIGHLIGHTS FROM THE DATA DISPLAY A RICH TAPESTRY OF GAMING-RELATED INTERACTIONS AND PREFERENCES AMONG FACEBOOK USERS. THE DATASET ENCOMPASSES 6,179 FACEBOOK COMMUNITIES, WITH 4,200 IDENTIFIED AS ACTIVE (""ALIVE"") AS OF THE FIRST QUARTER OF 2023. NOTABLY, THE PLAYSTATION COMMUNITY GARNERS THE TOP POSITION WITH AN IMPRESSIVE 38,025,395 SUBSCRIBERS. A FURTHER DELINEATION OF THE DATASET REVEALS THAT 3,498 COMMUNITIES FORM A NETWORK PRIMARILY CONSISTING OF ""DEVELOPERS,"" SHOWCASING THE INDUSTRY'S GROWTH AND ITS VIBRANT CONTENT CREATION ECOSYSTEM. ENGAGEMENT AND ACTIVITY INSIGHTS PERTAINING TO COMMUNITY ENGAGEMENT, THE ANALYSIS DELIVERS AN INTRICATE PORTRAYAL OF USER INTERACTION WITHIN THESE DIGITAL DOMAINS. ENGAGEMENT RATES WERE CALCULATED USING A FORMULA THAT RELATES THE AVERAGE NUMBER OF LIKES PER POST TO THE NUMBER OF FOLLOWERS, THEREBY PRODUCING A PERCENTAGE INDICATIVE OF ACTIVE PARTICIPATION WITHIN EACH COMMUNITY. KEY TAKEAWAYS THIS RESEARCH SHEDS LIGHT ON THE ACTIVE NATURE OF GAMING COMMUNITIES ON SOCIAL MEDIA PLATFORMS, SUCH AS FACEBOOK. IT UNDERSCORES THE BURGEONING INTEREST IN GAMING CONTENT, A TREND THAT SHOWS PERSISTENT GROWTH AND COMMUNITY INVOLVEMENT. THESE INSIGHTS SERVE AS A VALUABLE ASSET FOR STAKEHOLDERS WITHIN THE GAMING INDUSTRY, SOCIAL MEDIA MARKETERS, AND CONTENT CREATORS TO UNDERSTAND THE DYNAMICS OF ONLINE GAMING COMMUNITIES AND THEIR ENGAGEMENT PATTERNS. CONCLUSION IN CONCLUSION, THE OVERSIGHT PROVIDED BY THIS ANALYSIS IS INSTRUMENTAL FOR LAYING THE GROUNDWORK FOR ENHANCED STRATEGIC DECISIONS WITHIN THE GAMING MEDIA SPHERE ON FACEBOOK. IT REFLECTS THE EVER-EVOLVING NATURE OF DIGITAL SOCIAL INTERACTIONS CENTERED AROUND GAMING, EMPHASIZING THE IMPORTANCE OF STAYING ABREAST WITH COMMUNITY ENGAGEMENT TRENDS FOR SUCCESS IN THIS COMPETITIVE INDUSTRY. FOR MORE INFORMATION ABOUT THIS REPORT VISIT HTTPS://WWW.RESEARCHANDMARKETS.COM/R/38IQDH","COMPREHENSIVE ANALYSIS REVEALS INSIGHTS INTO FACEBOOK'S GAMING-RELATED MEDIA LANDSCAPE. DUBLIN, NOV. 11, 2024 (GLOBE NEWSWIRE) -- THE ""GAMING RELATED MEDIA SOURCES - FACEBOOK"" REPORT HAS BEEN ADDED TO RESEARCHANDMARKETS.COM'S OFFERING. A THOROUGH INVESTIGATION HAS BEEN CONDUCTED INTO THE CURRENT LANDSCAPE OF GAMING-RELATED MEDIA SOURCES ON FACEBOOK FOR THE FIRST QUARTER OF 2023. THIS ANALYSIS OFFERS VALUABLE AND STRATEGIC INSIGHTS INTO TRENDS AND ENGAGEMENTS WITHIN THE DIGITAL GAMING COMMUNITIES. STUDY OVERVIEW THE RESEARCH METHODOLOGY INCORPORATED A DETAILED ASSESSMENT OF FACEBOOK COMMUNITIES RELATED TO THE GAMING INDUSTRY. AN UPDATED REVIEW OF THESE SOURCES WAS METICULOUSLY EXECUTED TO REFLECT THE FIRST QUARTER OF 2023, WITH THE ORIGINAL DATA TRACING BACK TO 2020. OUR PRIMARY FOCUS LAY IN CLASSIFYING COMMUNITIES BASED ON THEIR GAMING INDUSTRY AFFILIATIONS, DOCUMENTING ACTIVITY THROUGH AVERAGE POST LIKES, AND EVALUATING ENGAGEMENT PERCENTAGES. OUTCOME HIGHLIGHTS HIGHLIGHTS FROM THE DATA DISPLAY A RICH TAPESTRY OF GAMING-RELATED INTERACTIONS AND PREFERENCES AMONG FACEBOOK USERS. THE DATASET ENCOMPASSES 6,179 FACEBOOK COMMUNITIES, WITH 4,200 IDENTIFIED AS ACTIVE (""ALIVE"") AS OF THE FIRST QUARTER OF 2023. NOTABLY, THE PLAYSTATION COMMUNITY GARNERS THE TOP POSITION WITH AN IMPRESSIVE 38,025,395 SUBSCRIBERS. A FURTHER DELINEATION OF THE DATASET REVEALS THAT 3,498 COMMUNITIES FORM A NETWORK PRIMARILY CONSISTING OF ""DEVELOPERS,"" SHOWCASING THE INDUSTRY'S GROWTH AND ITS VIBRANT CONTENT CREATION ECOSYSTEM. ENGAGEMENT AND ACTIVITY INSIGHTS PERTAINING TO COMMUNITY ENGAGEMENT, THE ANALYSIS DELIVERS AN INTRICATE PORTRAYAL OF USER INTERACTION WITHIN THESE DIGITAL DOMAINS. ENGAGEMENT RATES WERE CALCULATED USING A FORMULA THAT RELATES THE AVERAGE NUMBER OF LIKES PER POST TO THE NUMBER OF FOLLOWERS, THEREBY PRODUCING A PERCENTAGE INDICATIVE OF ACTIVE PARTICIPATION WITHIN EACH COMMUNITY. KEY TAKEAWAYS THIS RESEARCH SHEDS LIGHT ON THE ACTIVE NATURE OF GAMING COMMUNITIES ON SOCIAL MEDIA PLATFORMS, SUCH AS FACEBOOK. IT UNDERSCORES THE BURGEONING INTEREST IN GAMING CONTENT, A TREND THAT SHOWS PERSISTENT GROWTH AND COMMUNITY INVOLVEMENT. THESE INSIGHTS SERVE AS A VALUABLE ASSET FOR STAKEHOLDERS WITHIN THE GAMING INDUSTRY, SOCIAL MEDIA MARKETERS, AND CONTENT CREATORS TO UNDERSTAND THE DYNAMICS OF ONLINE GAMING COMMUNITIES AND THEIR ENGAGEMENT PATTERNS. CONCLUSION IN CONCLUSION, THE OVERSIGHT PROVIDED BY THIS ANALYSIS IS INSTRUMENTAL FOR LAYING THE GROUNDWORK FOR ENHANCED STRATEGIC DECISIONS WITHIN THE GAMING MEDIA SPHERE ON FACEBOOK. IT REFLECTS THE EVER-EVOLVING NATURE OF DIGITAL SOCIAL INTERACTIONS CENTERED AROUND GAMING, EMPHASIZING THE IMPORTANCE OF STAYING ABREAST WITH COMMUNITY ENGAGEMENT TRENDS FOR SUCCESS IN THIS COMPETITIVE INDUSTRY. FOR MORE INFORMATION ABOUT THIS REPORT VISIT HTTPS://WWW.RESEARCHANDMARKETS.COM/R/38IQDH","[""comprehensive analysis reveals insights into facebook's gaming-related media landscape"", 'dublin, nov', ""11, 2024 globe newswire -- the gaming related media sources - facebook report has been added to researchandmarkets.com's offering"", 'a thorough investigation has been conducted into the current landscape of gaming-related media sources on facebook for the first quarter of 2023', 'this analysis offers valuable and strategic insights into trends and engagements within the digital gaming communities', 'study overview the research methodology incorporated a detailed assessment of facebook communities related to the gaming industry', 'an updated review of these sources was meticulously executed to reflect the first quarter of 2023, with the original data tracing back to 2020', 'our primary focus lay in classifying communities based on their gaming industry affiliations, documenting activity through average post likes, and evaluating engagement percentages', 'outcome highlights highlights from the data display a rich tapestry of gaming-related interactions and preferences among facebook users', 'the dataset encompasses 6,179 facebook communities, with 4,200 identified as active alive as of the first quarter of 2023', 'notably, the playstation community garners the top position with an impressive 38,025,395 subscribers', ""a further delineation of the dataset reveals that 3,498 communities form a network primarily consisting of developers, showcasing the industry's growth and its vibrant content creation ecosystem"", 'engagement and activity insights pertaining to community engagement, the analysis delivers an intricate portrayal of user interaction within these digital domains', 'engagement rates were calculated using a formula that relates the average number of likes per post to the number of followers, thereby producing a percentage indicative of active participation within each community', 'key takeaways this research sheds light on the active nature of gaming communities on social media platforms, such as facebook', 'it underscores the burgeoning interest in gaming content, a trend that shows persistent growth and community involvement', 'these insights serve as a valuable asset for stakeholders within the gaming industry, social media marketers, and content creators to understand the dynamics of online gaming communities and their engagement patterns', 'conclusion in conclusion, the oversight provided by this analysis is instrumental for laying the groundwork for enhanced strategic decisions within the gaming media sphere on facebook', 'it reflects the ever-evolving nature of digital social interactions centered around gaming, emphasizing the importance of staying abreast with community engagement trends for success in this competitive industry', 'for more information about this report visit']",weakly_positive,0.44487,weakly_positive,weakly_positive
31-10-2024,GELSIGHT AND META AI INTRODUCE DIGIT 360 TACTILE SENSOR,"WALTHAM, MASS.--(BUSINESS WIRE)--GELSIGHT & META AI ANNOUNCED DIGIT 360, AN ARTIFICIAL FINGERTIP-SHAPED TACTILE SENSOR THAT DELIVERS RICH AND DETAILED TACTILE DATA BY DIGITIZING TOUCH.","GELSIGHT AND META AI INTRODUCE DIGIT 360 TACTILE SENSOR. WALTHAM, MASS.--(BUSINESS WIRE)--GELSIGHT & META AI ANNOUNCED DIGIT 360, AN ARTIFICIAL FINGERTIP-SHAPED TACTILE SENSOR THAT DELIVERS RICH AND DETAILED TACTILE DATA BY DIGITIZING TOUCH.","['gelsight and meta ai introduce digit 360 tactile sensor', 'waltham, mass.--business wire--gelsight meta ai announced digit 360, an artificial fingertip-shaped tactile sensor that delivers rich and detailed tactile data by digitizing touch.']",weakly_positive,0.2787,weakly_positive,weakly_positive
30-10-2024,META REPORTS THIRD QUARTER 2024 RESULTS,"MENLO PARK, CALIF. , OCT. 30, 2024 /PRNEWSWIRE/ -- META PLATFORMS, INC. (NASDAQ: META) TODAY REPORTED FINANCIAL RESULTS FOR THE QUARTER ENDED SEPTEMBER 30, 2024.","META REPORTS THIRD QUARTER 2024 RESULTS. MENLO PARK, CALIF. , OCT. 30, 2024 /PRNEWSWIRE/ -- META PLATFORMS, INC. (NASDAQ: META) TODAY REPORTED FINANCIAL RESULTS FOR THE QUARTER ENDED SEPTEMBER 30, 2024.","['meta reports third quarter 2024 results', 'menlo park, calif', ', oct', '30, 2024 prnewswire -- meta platforms, inc', 'nasdaq meta today reported financial results for the quarter ended september 30, 2024.']",neutral,0.0,weakly_positive,weakly_positive
30-10-2024,"CORNERSTONE AND META LAUNCH STRATEGIC PARTNERSHIP TO POWER THE FUTURE OF AI, EXTENDED REALITY AND IMMERSIVE LEARNING","SANTA MONICA, CALIF.--(BUSINESS WIRE)--CORNERSTONE ONDEMAND INC., A LEADER IN WORKFORCE AGILITY SOLUTIONS, TODAY ANNOUNCED A STRATEGIC PARTNERSHIP WITH META (NASDAQ: META) TO EXPAND THE CAPABILITIES OF IMMERSIVE LEARNING AND EXTENDED REALITY (XR), POWERED BY ARTIFICIAL INTELLIGENCE (AI). AHEAD OF META INNOVATION DAY, THE PARTNERSHIP WILL ACCELERATE THE DEMOCRATIZATION OF IMMERSIVE LEARNING FOR THE ENTERPRISE, WITH A FOCUS ON THE INTEGRATION OF META'S AI ADVANCEMENTS AND FURTHER ADOPTION OF META.","CORNERSTONE AND META LAUNCH STRATEGIC PARTNERSHIP TO POWER THE FUTURE OF AI, EXTENDED REALITY AND IMMERSIVE LEARNING. SANTA MONICA, CALIF.--(BUSINESS WIRE)--CORNERSTONE ONDEMAND INC., A LEADER IN WORKFORCE AGILITY SOLUTIONS, TODAY ANNOUNCED A STRATEGIC PARTNERSHIP WITH META (NASDAQ: META) TO EXPAND THE CAPABILITIES OF IMMERSIVE LEARNING AND EXTENDED REALITY (XR), POWERED BY ARTIFICIAL INTELLIGENCE (AI). AHEAD OF META INNOVATION DAY, THE PARTNERSHIP WILL ACCELERATE THE DEMOCRATIZATION OF IMMERSIVE LEARNING FOR THE ENTERPRISE, WITH A FOCUS ON THE INTEGRATION OF META'S AI ADVANCEMENTS AND FURTHER ADOPTION OF META.","['cornerstone and meta launch strategic partnership to power the future of ai, extended reality and immersive learning', 'santa monica, calif.--business wire--cornerstone ondemand inc., a leader in workforce agility solutions, today announced a strategic partnership with meta nasdaq meta to expand the capabilities of immersive learning and extended reality xr, powered by artificial intelligence ai', ""ahead of meta innovation day, the partnership will accelerate the democratization of immersive learning for the enterprise, with a focus on the integration of meta's ai advancements and further adoption of meta.""]",weakly_positive,0.3695666666666666,weakly_positive,weakly_positive
22-10-2024,META QUEST ANNOUNCED AS BACK-OF-SHIRT SPONSOR FOR WREXHAM AFC AND WREXHAM AFC WOMEN,"WREXHAM, WALES--(BUSINESS WIRE)--WREXHAM AFC ANNOUNCES META QUEST AS THE OFFICIAL BACK-OF-SHIRT SPONSOR OF WREXHAM AFC, FROM TODAY AND CONTINUING INTO THE 2025/26 SEASON, FOR BOTH THE MEN'S AND WOMEN'S TEAMS. AS THE OFFICIAL MIXED REALITY PARTNER OF WREXHAM AFC AND WREXHAM AFC WOMEN, META QUEST'S NAME AND LOGO WILL BE FEATURED PROMINENTLY ACROSS THE BACK OF THE PLAYERS' KITS DURING THE CLUB'S HOME AND AWAY GAMES. THE CLUB ANNOUNCED THE NEWS TODAY AS WREXHAM AFC PLAYERS WALKED INTO THE STŌK CAE.","META QUEST ANNOUNCED AS BACK-OF-SHIRT SPONSOR FOR WREXHAM AFC AND WREXHAM AFC WOMEN. WREXHAM, WALES--(BUSINESS WIRE)--WREXHAM AFC ANNOUNCES META QUEST AS THE OFFICIAL BACK-OF-SHIRT SPONSOR OF WREXHAM AFC, FROM TODAY AND CONTINUING INTO THE 2025/26 SEASON, FOR BOTH THE MEN'S AND WOMEN'S TEAMS. AS THE OFFICIAL MIXED REALITY PARTNER OF WREXHAM AFC AND WREXHAM AFC WOMEN, META QUEST'S NAME AND LOGO WILL BE FEATURED PROMINENTLY ACROSS THE BACK OF THE PLAYERS' KITS DURING THE CLUB'S HOME AND AWAY GAMES. THE CLUB ANNOUNCED THE NEWS TODAY AS WREXHAM AFC PLAYERS WALKED INTO THE STŌK CAE.","['meta quest announced as back-of-shirt sponsor for wrexham afc and wrexham afc women', ""wrexham, wales--business wire--wrexham afc announces meta quest as the official back-of-shirt sponsor of wrexham afc, from today and continuing into the 202526 season, for both the men's and women's teams"", ""as the official mixed reality partner of wrexham afc and wrexham afc women, meta quest's name and logo will be featured prominently across the back of the players' kits during the club's home and away games"", 'the club announced the news today as wrexham afc players walked into the stk cae.']",neutral,0.0,neutral,neutral
16-10-2024,DITCHIT TAKES ON OFFERUP AND FACEBOOK MARKETPLACE,"DITCHIT REVOLUTIONIZES ONLINE CLASSIFIEDS WITH ITS GROUNDBREAKING APPROACH, ATTRACTING BUYERS AND SELLERS SEEKING ALTERNATIVES TO OFFERUP AND FACEBOOK MARKETPLACE. DITCHIT REVOLUTIONIZES ONLINE CLASSIFIEDS WITH ITS GROUNDBREAKING APPROACH, ATTRACTING BUYERS AND SELLERS SEEKING ALTERNATIVES TO OFFERUP AND FACEBOOK MARKETPLACE.","DITCHIT TAKES ON OFFERUP AND FACEBOOK MARKETPLACE. DITCHIT REVOLUTIONIZES ONLINE CLASSIFIEDS WITH ITS GROUNDBREAKING APPROACH, ATTRACTING BUYERS AND SELLERS SEEKING ALTERNATIVES TO OFFERUP AND FACEBOOK MARKETPLACE. DITCHIT REVOLUTIONIZES ONLINE CLASSIFIEDS WITH ITS GROUNDBREAKING APPROACH, ATTRACTING BUYERS AND SELLERS SEEKING ALTERNATIVES TO OFFERUP AND FACEBOOK MARKETPLACE.","['ditchit takes on offerup and facebook marketplace', 'ditchit revolutionizes online classifieds with its groundbreaking approach, attracting buyers and sellers seeking alternatives to offerup and facebook marketplace', 'ditchit revolutionizes online classifieds with its groundbreaking approach, attracting buyers and sellers seeking alternatives to offerup and facebook marketplace.']",weakly_positive,0.3178,weakly_positive,weakly_positive
14-10-2024,$MSTR2100 CULT: PIONEERING THE FUTURE OF CRYPTO-STOCK META LEADERSHIP,"NEW YORK, NY, OCT. 14, 2024 (GLOBE NEWSWIRE) -- $MSTR CONTINUES TO MAKE WAVES AS A LEADER IN THE EMERGING WORLD OF CRYPTO-STOCK, WITH EXCITING UPDATES AND STRATEGIC ADVANCEMENTS THAT REINFORCE ITS POSITION AS A TRANSFORMATIVE FORCE.","$MSTR2100 CULT: PIONEERING THE FUTURE OF CRYPTO-STOCK META LEADERSHIP. NEW YORK, NY, OCT. 14, 2024 (GLOBE NEWSWIRE) -- $MSTR CONTINUES TO MAKE WAVES AS A LEADER IN THE EMERGING WORLD OF CRYPTO-STOCK, WITH EXCITING UPDATES AND STRATEGIC ADVANCEMENTS THAT REINFORCE ITS POSITION AS A TRANSFORMATIVE FORCE.","['$mstr2100 cult pioneering the future of crypto-stock meta leadership', 'new york, ny, oct', '14, 2024 globe newswire -- $mstr continues to make waves as a leader in the emerging world of crypto-stock, with exciting updates and strategic advancements that reinforce its position as a transformative force.']",weakly_positive,0.1646333333333333,weakly_positive,weakly_positive
01-10-2024,META TO ANNOUNCE THIRD QUARTER 2024 RESULTS,"MENLO PARK, CALIF. , OCT. 1, 2024 /PRNEWSWIRE/ -- META PLATFORMS, INC. (NASDAQ: META) ANNOUNCED TODAY THAT THE COMPANY'S THIRD QUARTER 2024 FINANCIAL RESULTS WILL BE RELEASED AFTER MARKET CLOSE ON WEDNESDAY, OCTOBER 30, 2024.","META TO ANNOUNCE THIRD QUARTER 2024 RESULTS. MENLO PARK, CALIF. , OCT. 1, 2024 /PRNEWSWIRE/ -- META PLATFORMS, INC. (NASDAQ: META) ANNOUNCED TODAY THAT THE COMPANY'S THIRD QUARTER 2024 FINANCIAL RESULTS WILL BE RELEASED AFTER MARKET CLOSE ON WEDNESDAY, OCTOBER 30, 2024.","['meta to announce third quarter 2024 results', 'menlo park, calif', ', oct', '1, 2024 prnewswire -- meta platforms, inc', ""nasdaq meta announced today that the company's third quarter 2024 financial results will be released after market close on wednesday, october 30, 2024.""]",neutral,0.0,neutral,neutral
26-09-2024,OFF WITH THEIR HEADSETS! ESCAPING WONDERLAND TAKES PLAYERS DOWN THE RABBIT HOLE ON META QUEST AND PICO,"STOCKHOLM , SEPT. 26, 2024 /PRNEWSWIRE/ -- IN A WHIMSICAL WORLD WHERE REALITY AND FANTASY INTERTWINE LIKE THE THREADS OF THE WHITE RABBIT'S WAISTCOAT, THE MAD HATTERS AT CORTOPIA STUDIOS HAVE ONCE MORE CRAFTED AN ALL-NEW ADVENTURE WHERE CLEVERNESS AND CURIOSITY RULE THE DAY.","OFF WITH THEIR HEADSETS! ESCAPING WONDERLAND TAKES PLAYERS DOWN THE RABBIT HOLE ON META QUEST AND PICO. STOCKHOLM , SEPT. 26, 2024 /PRNEWSWIRE/ -- IN A WHIMSICAL WORLD WHERE REALITY AND FANTASY INTERTWINE LIKE THE THREADS OF THE WHITE RABBIT'S WAISTCOAT, THE MAD HATTERS AT CORTOPIA STUDIOS HAVE ONCE MORE CRAFTED AN ALL-NEW ADVENTURE WHERE CLEVERNESS AND CURIOSITY RULE THE DAY.","['off with their headsets', 'escaping wonderland takes players down the rabbit hole on meta quest and pico', 'stockholm , sept', ""26, 2024 prnewswire -- in a whimsical world where reality and fantasy intertwine like the threads of the white rabbit's waistcoat, the mad hatters at cortopia studios have once more crafted an all-new adventure where cleverness and curiosity rule the day.""]",weakly_positive,0.172125,weakly_positive,weakly_positive
26-09-2024,"RECONFIGURABLE INTELLIGENT SURFACES (RIS) GLOBAL MARKET REPORT 2025-2035, FEATURING ALPHACORE, EVOLV TECHNOLOGIES, GREENERWAVE, KYMETA, LEADOPTIK, LUMOTIVE, META, METAWAVE, PIVOTAL COMMWARE AND MORE","DUBLIN, SEPT. 26, 2024 (GLOBE NEWSWIRE) -- THE ""RECONFIGURABLE INTELLIGENT SURFACES (RIS) GLOBAL MARKET 2025-2035"" REPORT HAS BEEN ADDED TO RESEARCHANDMARKETS.COM'S OFFERING.","RECONFIGURABLE INTELLIGENT SURFACES (RIS) GLOBAL MARKET REPORT 2025-2035, FEATURING ALPHACORE, EVOLV TECHNOLOGIES, GREENERWAVE, KYMETA, LEADOPTIK, LUMOTIVE, META, METAWAVE, PIVOTAL COMMWARE AND MORE. DUBLIN, SEPT. 26, 2024 (GLOBE NEWSWIRE) -- THE ""RECONFIGURABLE INTELLIGENT SURFACES (RIS) GLOBAL MARKET 2025-2035"" REPORT HAS BEEN ADDED TO RESEARCHANDMARKETS.COM'S OFFERING.","['reconfigurable intelligent surfaces ris global market report 2025-2035, featuring alphacore, evolv technologies, greenerwave, kymeta, leadoptik, lumotive, meta, metawave, pivotal commware and more', 'dublin, sept', ""26, 2024 globe newswire -- the reconfigurable intelligent surfaces ris global market 2025-2035 report has been added to researchandmarkets.com's offering.""]",weakly_positive,0.3058666666666667,weakly_positive,weakly_positive
18-09-2024,"BTG PACTUAL TIMBERLAND INVESTMENT GROUP AND META ANNOUNCE LONG-TERM CONTRACT FOR DELIVERY OF 1.3 MILLION NATURE-BASED CARBON REMOVAL CREDITS, WITH OPTIONS FOR DELIVERY OF ADDITIONAL 2.6 MILLION CREDITS","NEW YORK--(BUSINESS WIRE)--TODAY, THE BTG PACTUAL TIMBERLAND INVESTMENT GROUP (BTG PACTUAL TIG) ANNOUNCED A LONG-TERM CONTRACT WITH META FOR THE DELIVERY OF 1.3 MILLION NATURE-BASED CARBON REMOVAL CREDITS, WITH OPTIONS FOR DELIVERY OF AN ADDITIONAL 2.6 MILLION NATURE-BASED CARBON REMOVAL CREDITS, THROUGH 2038 AS PART OF ITS LATIN AMERICA REFORESTATION STRATEGY, WHICH IS DESIGNED TO SUPPORT CLIMATE CHANGE MITIGATION ALONGSIDE BENEFITS FOR BIODIVERSITY AND COMMUNITIES. THIS DEAL – ONE OF THE LARG.","BTG PACTUAL TIMBERLAND INVESTMENT GROUP AND META ANNOUNCE LONG-TERM CONTRACT FOR DELIVERY OF 1.3 MILLION NATURE-BASED CARBON REMOVAL CREDITS, WITH OPTIONS FOR DELIVERY OF ADDITIONAL 2.6 MILLION CREDITS. NEW YORK--(BUSINESS WIRE)--TODAY, THE BTG PACTUAL TIMBERLAND INVESTMENT GROUP (BTG PACTUAL TIG) ANNOUNCED A LONG-TERM CONTRACT WITH META FOR THE DELIVERY OF 1.3 MILLION NATURE-BASED CARBON REMOVAL CREDITS, WITH OPTIONS FOR DELIVERY OF AN ADDITIONAL 2.6 MILLION NATURE-BASED CARBON REMOVAL CREDITS, THROUGH 2038 AS PART OF ITS LATIN AMERICA REFORESTATION STRATEGY, WHICH IS DESIGNED TO SUPPORT CLIMATE CHANGE MITIGATION ALONGSIDE BENEFITS FOR BIODIVERSITY AND COMMUNITIES. THIS DEAL – ONE OF THE LARG.","['btg pactual timberland investment group and meta announce long-term contract for delivery of 1.3 million nature-based carbon removal credits, with options for delivery of additional 2.6 million credits', 'new york--business wire--today, the btg pactual timberland investment group btg pactual tig announced a long-term contract with meta for the delivery of 1.3 million nature-based carbon removal credits, with options for delivery of an additional 2.6 million nature-based carbon removal credits, through 2038 as part of its latin america reforestation strategy, which is designed to support climate change mitigation alongside benefits for biodiversity and communities', 'this deal one of the larg.']",weakly_positive,0.4881,strongly_positive,strongly_positive
18-09-2024,"TPAY UNVEILS A BOLD NEW BRAND IDENTITY, LEADING THE FUTURE OF MOBILE PAYMENTS ACROSS META","DUBAI, UNITED ARAB EMIRATES, SEPT. 18, 2024 (GLOBE NEWSWIRE) -- TPAY, THE LEADING PAYMENT GATEWAY ACROSS THE MIDDLE EAST, TURKEY, AND AFRICA (META), IS THRILLED TO ANNOUNCE A SIGNIFICANT REBRANDING INITIATIVE; A CHANGE THAT REFLECTS THE INCREDIBLE GROWTH WE'VE EXPERIENCED SINCE OUR JOURNEY BEGAN IN 2014. WITH A DECADE OF EXPERIENCE AND A PRESENCE IN OVER 30 COUNTRIES ACROSS THREE CONTINENTS, TPAY IS REDEFINING ITS BRAND TO CEMENT ITS POSITION AS THE PAYMENT CONNECTOR, DRIVEN BY A VISION OF UNIFYING THE META REGION THROUGH UNMATCHED NETWORK REACH, STRATEGIC MERCHANT ALLIANCES, AND TRANSACTION EXCELLENCE.","TPAY UNVEILS A BOLD NEW BRAND IDENTITY, LEADING THE FUTURE OF MOBILE PAYMENTS ACROSS META. DUBAI, UNITED ARAB EMIRATES, SEPT. 18, 2024 (GLOBE NEWSWIRE) -- TPAY, THE LEADING PAYMENT GATEWAY ACROSS THE MIDDLE EAST, TURKEY, AND AFRICA (META), IS THRILLED TO ANNOUNCE A SIGNIFICANT REBRANDING INITIATIVE; A CHANGE THAT REFLECTS THE INCREDIBLE GROWTH WE'VE EXPERIENCED SINCE OUR JOURNEY BEGAN IN 2014. WITH A DECADE OF EXPERIENCE AND A PRESENCE IN OVER 30 COUNTRIES ACROSS THREE CONTINENTS, TPAY IS REDEFINING ITS BRAND TO CEMENT ITS POSITION AS THE PAYMENT CONNECTOR, DRIVEN BY A VISION OF UNIFYING THE META REGION THROUGH UNMATCHED NETWORK REACH, STRATEGIC MERCHANT ALLIANCES, AND TRANSACTION EXCELLENCE.","['tpay unveils a bold new brand identity, leading the future of mobile payments across meta', 'dubai, united arab emirates, sept', ""18, 2024 globe newswire -- tpay, the leading payment gateway across the middle east, turkey, and africa meta, is thrilled to announce a significant rebranding initiative a change that reflects the incredible growth we've experienced since our journey began in 2014"", 'with a decade of experience and a presence in over 30 countries across three continents, tpay is redefining its brand to cement its position as the payment connector, driven by a vision of unifying the meta region through unmatched network reach, strategic merchant alliances, and transaction excellence.']",strongly_positive,0.56935,strongly_positive,strongly_positive
10-09-2024,FROM NICOLA FORMICHETTI TO ALEX WANG TO META — INDUSTRY ICONS AND TECH UNITE AT FASHION MONTH KICKOFF HOSTED BY THE DFDC,THE DFDC LAUNCHED FASHION WEEK CONNECT (FWC) IN NEW YORK WITH THE LARGEST IRL DIGITAL FASHION SHOWCASE IN FASHION WEEK HISTORY. THE EVENT FEATURED AR INSTA,FROM NICOLA FORMICHETTI TO ALEX WANG TO META — INDUSTRY ICONS AND TECH UNITE AT FASHION MONTH KICKOFF HOSTED BY THE DFDC. THE DFDC LAUNCHED FASHION WEEK CONNECT (FWC) IN NEW YORK WITH THE LARGEST IRL DIGITAL FASHION SHOWCASE IN FASHION WEEK HISTORY. THE EVENT FEATURED AR INSTA,"['from nicola formichetti to alex wang to meta industry icons and tech unite at fashion month kickoff hosted by the dfdc', 'the dfdc launched fashion week connect fwc in new york with the largest irl digital fashion showcase in fashion week history', 'the event featured ar insta']",neutral,0.0426666666666666,neutral,neutral
09-09-2024,NEW META-ANALYSIS SHOWS TREOS BIO'S PROMISCUOUS EPITOPES IN THEIR OFF-THE-SHELF COLORECTAL CANCER IMMUNOTHERAPY PRODUCE STRONGER IMMUNE RESPONSE THAN TRADITIONAL EPITOPES,"LONDON, SEPT. 09, 2024 (GLOBE NEWSWIRE) -- TREOS BIO ANNOUNCED THE RESULTS OF A META-ANALYSIS FROM THREE CLINICAL TRIALS EVALUATING ITS INVESTIGATIONAL OFF-THE-SHELF IMMUNOTHERAPY, POLYPEPI1018, FOR THE TREATMENT OF MICROSATELLITE STABLE METASTATIC COLORECTAL CANCER (MSS MCRC). THE ANALYSIS REVEALED THAT PRIORITIZED PEPTIDES, SELECTED USING TREOS' PROPRIETARY COMPUTATIONAL TECHNOLOGY, WERE KEY IN DRIVING IMMUNE RESPONSES AND CLINICAL OUTCOMES ACROSS THE STUDIES.","NEW META-ANALYSIS SHOWS TREOS BIO'S PROMISCUOUS EPITOPES IN THEIR OFF-THE-SHELF COLORECTAL CANCER IMMUNOTHERAPY PRODUCE STRONGER IMMUNE RESPONSE THAN TRADITIONAL EPITOPES. LONDON, SEPT. 09, 2024 (GLOBE NEWSWIRE) -- TREOS BIO ANNOUNCED THE RESULTS OF A META-ANALYSIS FROM THREE CLINICAL TRIALS EVALUATING ITS INVESTIGATIONAL OFF-THE-SHELF IMMUNOTHERAPY, POLYPEPI1018, FOR THE TREATMENT OF MICROSATELLITE STABLE METASTATIC COLORECTAL CANCER (MSS MCRC). THE ANALYSIS REVEALED THAT PRIORITIZED PEPTIDES, SELECTED USING TREOS' PROPRIETARY COMPUTATIONAL TECHNOLOGY, WERE KEY IN DRIVING IMMUNE RESPONSES AND CLINICAL OUTCOMES ACROSS THE STUDIES.","[""new meta-analysis shows treos bio's promiscuous epitopes in their off-the-shelf colorectal cancer immunotherapy produce stronger immune response than traditional epitopes"", 'london, sept', '09, 2024 globe newswire -- treos bio announced the results of a meta-analysis from three clinical trials evaluating its investigational off-the-shelf immunotherapy, polypepi1018, for the treatment of microsatellite stable metastatic colorectal cancer mss mcrc', ""the analysis revealed that prioritized peptides, selected using treos' proprietary computational technology, were key in driving immune responses and clinical outcomes across the studies.""]",weakly_negative,-0.1060499999999999,weakly_positive,weakly_positive
09-09-2024,"PROSEARCH TO HIGHLIGHT META SKILLS, LEGAL DATA INTELLIGENCE, AND EMERGING DATA SOURCES AT UPCOMING EVENTS",LEADERS AND DISCOVERY EXPERTS FROM PROSEARCH WILL SHARE INSIGHTS AS COMPANY REAFFIRMS ITS COMMITMENT TO KEY LEGAL INDUSTRY ORGANIZATIONS LEADERS AND DISCOVERY EXPERTS FROM PROSEARCH WILL SHARE INSIGHTS AS COMPANY REAFFIRMS ITS COMMITMENT TO KEY LEGAL INDUSTRY ORGANIZATIONS,"PROSEARCH TO HIGHLIGHT META SKILLS, LEGAL DATA INTELLIGENCE, AND EMERGING DATA SOURCES AT UPCOMING EVENTS. LEADERS AND DISCOVERY EXPERTS FROM PROSEARCH WILL SHARE INSIGHTS AS COMPANY REAFFIRMS ITS COMMITMENT TO KEY LEGAL INDUSTRY ORGANIZATIONS LEADERS AND DISCOVERY EXPERTS FROM PROSEARCH WILL SHARE INSIGHTS AS COMPANY REAFFIRMS ITS COMMITMENT TO KEY LEGAL INDUSTRY ORGANIZATIONS","['prosearch to highlight meta skills, legal data intelligence, and emerging data sources at upcoming events', 'leaders and discovery experts from prosearch will share insights as company reaffirms its commitment to key legal industry organizations leaders and discovery experts from prosearch will share insights as company reaffirms its commitment to key legal industry organizations']",strongly_positive,0.7904500000000001,weakly_positive,weakly_positive
05-09-2024,META ANNOUNCES QUARTERLY CASH DIVIDEND,"MENLO PARK, CALIF. , SEPT. 5, 2024 /PRNEWSWIRE/ -- THE META PLATFORMS, INC. (META) BOARD OF DIRECTORS TODAY DECLARED A QUARTERLY CASH DIVIDEND OF $0.50 PER SHARE OF THE COMPANY'S OUTSTANDING CLASS A COMMON STOCK AND CLASS B COMMON STOCK, PAYABLE ON SEPTEMBER 26, 2024 TO STOCKHOLDERS OF RECORD AS OF THE CLOSE OF BUSINESS ON SEPTEMBER 16, 2024.","META ANNOUNCES QUARTERLY CASH DIVIDEND. MENLO PARK, CALIF. , SEPT. 5, 2024 /PRNEWSWIRE/ -- THE META PLATFORMS, INC. (META) BOARD OF DIRECTORS TODAY DECLARED A QUARTERLY CASH DIVIDEND OF $0.50 PER SHARE OF THE COMPANY'S OUTSTANDING CLASS A COMMON STOCK AND CLASS B COMMON STOCK, PAYABLE ON SEPTEMBER 26, 2024 TO STOCKHOLDERS OF RECORD AS OF THE CLOSE OF BUSINESS ON SEPTEMBER 16, 2024.","['meta announces quarterly cash dividend', 'menlo park, calif', ', sept', '5, 2024 prnewswire -- the meta platforms, inc', ""meta board of directors today declared a quarterly cash dividend of $0.50 per share of the company's outstanding class a common stock and class b common stock, payable on september 26, 2024 to stockholders of record as of the close of business on september 16, 2024.""]",weakly_positive,0.1470199999999999,weakly_positive,weakly_positive
05-09-2024,META ANNOUNCES ICONOMI: REVOLUTIONIZING CRYPTO INVESTING WITH INNOVATIVE SOLUTIONS,"META: ICONOMI IS BRIDGING THE GAP BETWEEN TRADITIONAL AND CRYPTO INVESTING, OFFERING INNOVATIVE SOLUTIONS FOR DIVERSE INVESTMENT STRATEGIES. META: ICONOMI IS BRIDGING THE GAP BETWEEN TRADITIONAL AND CRYPTO INVESTING, OFFERING INNOVATIVE SOLUTIONS FOR DIVERSE INVESTMENT STRATEGIES.","META ANNOUNCES ICONOMI: REVOLUTIONIZING CRYPTO INVESTING WITH INNOVATIVE SOLUTIONS. META: ICONOMI IS BRIDGING THE GAP BETWEEN TRADITIONAL AND CRYPTO INVESTING, OFFERING INNOVATIVE SOLUTIONS FOR DIVERSE INVESTMENT STRATEGIES. META: ICONOMI IS BRIDGING THE GAP BETWEEN TRADITIONAL AND CRYPTO INVESTING, OFFERING INNOVATIVE SOLUTIONS FOR DIVERSE INVESTMENT STRATEGIES.","['meta announces iconomi revolutionizing crypto investing with innovative solutions', 'meta iconomi is bridging the gap between traditional and crypto investing, offering innovative solutions for diverse investment strategies', 'meta iconomi is bridging the gap between traditional and crypto investing, offering innovative solutions for diverse investment strategies.']",strongly_positive,0.5574,weakly_positive,weakly_positive
26-08-2024,SAGE GEOSYSTEMS AND META ANNOUNCE AGREEMENT FOR NEXT-GENERATION GEOTHERMAL POWER GENERATION,"WASHINGTON--(BUSINESS WIRE)--TODAY, AT THE U.S. DEPARTMENT ENERGY'S (DOE) CATALYZING NEXT GENERATION GEOTHERMAL DEVELOPMENT WORKSHOP, SAGE GEOSYSTEMS (SAGE) AND META PLATFORMS, INC (META) ANNOUNCED A NEW AGREEMENT THAT WOULD SIGNIFICANTLY EXPAND THE USE OF GEOTHERMAL POWER IN THE U.S. AND WOULD BE THE FIRST USE OF NEXT GENERATION GEOTHERMAL POWER EAST OF THE ROCKY MOUNTAINS. THIS ANNOUNCEMENT DEMONSTRATES THE CRITICAL ROLE CLEAN, FIRM, AND RESILIENT POWER PLAYS IN MEETING THE ELECTRICITY DEMAND.","SAGE GEOSYSTEMS AND META ANNOUNCE AGREEMENT FOR NEXT-GENERATION GEOTHERMAL POWER GENERATION. WASHINGTON--(BUSINESS WIRE)--TODAY, AT THE U.S. DEPARTMENT ENERGY'S (DOE) CATALYZING NEXT GENERATION GEOTHERMAL DEVELOPMENT WORKSHOP, SAGE GEOSYSTEMS (SAGE) AND META PLATFORMS, INC (META) ANNOUNCED A NEW AGREEMENT THAT WOULD SIGNIFICANTLY EXPAND THE USE OF GEOTHERMAL POWER IN THE U.S. AND WOULD BE THE FIRST USE OF NEXT GENERATION GEOTHERMAL POWER EAST OF THE ROCKY MOUNTAINS. THIS ANNOUNCEMENT DEMONSTRATES THE CRITICAL ROLE CLEAN, FIRM, AND RESILIENT POWER PLAYS IN MEETING THE ELECTRICITY DEMAND.","['sage geosystems and meta announce agreement for next-generation geothermal power generation', 'washington--business wire--today, at the u.s', ""department energy's doe catalyzing next generation geothermal development workshop, sage geosystems sage and meta platforms, inc meta announced a new agreement that would significantly expand the use of geothermal power in the u.s"", 'and would be the first use of next generation geothermal power east of the rocky mountains', 'this announcement demonstrates the critical role clean, firm, and resilient power plays in meeting the electricity demand.']",weakly_positive,0.27814,weakly_positive,weakly_positive
13-08-2024,RWE SIGNS LONG-TERM POWER PURCHASE AGREEMENTS WITH META TO GENERATE CLEAN ELECTRICITY FROM TWO SOLAR FARMS WITH A COMBINED CAPACITY OF 374 MEGAWATTS,ELECTRICITY GENERATED BY RWE'S TWO SOLAR FARMS WILL HELP SUPPORT META'S OPERATIONS WITH 100% RENEWABLE ENERGY ELECTRICITY GENERATED BY RWE'S TWO SOLAR FARMS WILL HELP SUPPORT META'S OPERATIONS WITH 100% RENEWABLE ENERGY,RWE SIGNS LONG-TERM POWER PURCHASE AGREEMENTS WITH META TO GENERATE CLEAN ELECTRICITY FROM TWO SOLAR FARMS WITH A COMBINED CAPACITY OF 374 MEGAWATTS. ELECTRICITY GENERATED BY RWE'S TWO SOLAR FARMS WILL HELP SUPPORT META'S OPERATIONS WITH 100% RENEWABLE ENERGY ELECTRICITY GENERATED BY RWE'S TWO SOLAR FARMS WILL HELP SUPPORT META'S OPERATIONS WITH 100% RENEWABLE ENERGY,"['rwe signs long-term power purchase agreements with meta to generate clean electricity from two solar farms with a combined capacity of 374 megawatts', ""electricity generated by rwe's two solar farms will help support meta's operations with 100 percent renewable energy electricity generated by rwe's two solar farms will help support meta's operations with 100 percent renewable energy""]",strongly_positive,0.75225,strongly_positive,strongly_positive
12-08-2024,"GLOBAL META-XYLENE MARKET IS EXPECTED TO GROW AT A CAGR OF 6.4% OVER THE FORECAST PERIOD (2024 – 2034): STATES TNR, THE NICHE RESEARCH",SURGING DEMAND FOR HIGH-PERFORMANCE POLYESTER RESINS AND EXPANDING INFRASTRUCTURE PROJECTS ARE PROPELLING THE GLOBAL META-XYLENE MARKET TO NEW HEIGHTS SURGING DEMAND FOR HIGH-PERFORMANCE POLYESTER RESINS AND EXPANDING INFRASTRUCTURE PROJECTS ARE PROPELLING THE GLOBAL META-XYLENE MARKET TO NEW HEIGHTS,"GLOBAL META-XYLENE MARKET IS EXPECTED TO GROW AT A CAGR OF 6.4% OVER THE FORECAST PERIOD (2024 – 2034): STATES TNR, THE NICHE RESEARCH. SURGING DEMAND FOR HIGH-PERFORMANCE POLYESTER RESINS AND EXPANDING INFRASTRUCTURE PROJECTS ARE PROPELLING THE GLOBAL META-XYLENE MARKET TO NEW HEIGHTS SURGING DEMAND FOR HIGH-PERFORMANCE POLYESTER RESINS AND EXPANDING INFRASTRUCTURE PROJECTS ARE PROPELLING THE GLOBAL META-XYLENE MARKET TO NEW HEIGHTS","['global meta-xylene market is expected to grow at a cagr of 6.4 percent over the forecast period 2024 2034 states tnr, the niche research', 'surging demand for high-performance polyester resins and expanding infrastructure projects are propelling the global meta-xylene market to new heights surging demand for high-performance polyester resins and expanding infrastructure projects are propelling the global meta-xylene market to new heights']",weakly_negative,-0.125,weakly_negative,weakly_negative
05-08-2024,PROVOKE SOLUTIONS APPOINTS FORMER META VISIONARY HARPER CARROLL AS STRATEGIC ADVISOR,"SAN FRANCISCO, CA, AUG. 05, 2024 (GLOBE NEWSWIRE) -- PROVOKE SOLUTIONS , A LEADING PROVIDER OF INNOVATIVE AI-DRIVEN SOLUTIONS, PROUDLY ANNOUNCES THE APPOINTMENT OF HARPER CARROLL AS STRATEGIC ADVISOR. CARROLL IS A RISING STAR IN THE ARTIFICIAL INTELLIGENCE AND MACHINE LEARNING COMMUNITY FOLLOWING HER TENURE AT META, WHERE SHE SPEARHEADED GROUNDBREAKING PROJECTS IN MISINFORMATION MITIGATION AND AUGMENTED REALITY.","PROVOKE SOLUTIONS APPOINTS FORMER META VISIONARY HARPER CARROLL AS STRATEGIC ADVISOR. SAN FRANCISCO, CA, AUG. 05, 2024 (GLOBE NEWSWIRE) -- PROVOKE SOLUTIONS , A LEADING PROVIDER OF INNOVATIVE AI-DRIVEN SOLUTIONS, PROUDLY ANNOUNCES THE APPOINTMENT OF HARPER CARROLL AS STRATEGIC ADVISOR. CARROLL IS A RISING STAR IN THE ARTIFICIAL INTELLIGENCE AND MACHINE LEARNING COMMUNITY FOLLOWING HER TENURE AT META, WHERE SHE SPEARHEADED GROUNDBREAKING PROJECTS IN MISINFORMATION MITIGATION AND AUGMENTED REALITY.","['provoke solutions appoints former meta visionary harper carroll as strategic advisor', 'san francisco, ca, aug', '05, 2024 globe newswire -- provoke solutions , a leading provider of innovative ai-driven solutions, proudly announces the appointment of harper carroll as strategic advisor', 'carroll is a rising star in the artificial intelligence and machine learning community following her tenure at meta, where she spearheaded groundbreaking projects in misinformation mitigation and augmented reality.']",weakly_positive,0.3193499999999999,weakly_positive,weakly_positive
05-08-2024,"META-XYLENE MARKET SET TO ACHIEVE USD 2.5 BILLION WITH A 5% CAGR FROM 2024 TO 2034 | STATES TRANSPARENCY MARKET RESEARCH, INC.",THE MARKET TRAJECTORY FOR META-XYLENE IS ALSO BEING DRIVEN BY GROWTH IN THE PACKAGING INDUSTRY. THE PACKAGING INDUSTRY IS USING MORE META-XYLENE AS A RESULT OF THE RAPID UPTAKE OF PET PACKAGING SOLUTIONS. THE MARKET TRAJECTORY FOR META-XYLENE IS ALSO BEING DRIVEN BY GROWTH IN THE PACKAGING INDUSTRY. THE PACKAGING INDUSTRY IS USING MORE META-XYLENE AS A RESULT OF THE RAPID UPTAKE OF PET PACKAGING SOLUTIONS.,"META-XYLENE MARKET SET TO ACHIEVE USD 2.5 BILLION WITH A 5% CAGR FROM 2024 TO 2034 | STATES TRANSPARENCY MARKET RESEARCH, INC.. THE MARKET TRAJECTORY FOR META-XYLENE IS ALSO BEING DRIVEN BY GROWTH IN THE PACKAGING INDUSTRY. THE PACKAGING INDUSTRY IS USING MORE META-XYLENE AS A RESULT OF THE RAPID UPTAKE OF PET PACKAGING SOLUTIONS. THE MARKET TRAJECTORY FOR META-XYLENE IS ALSO BEING DRIVEN BY GROWTH IN THE PACKAGING INDUSTRY. THE PACKAGING INDUSTRY IS USING MORE META-XYLENE AS A RESULT OF THE RAPID UPTAKE OF PET PACKAGING SOLUTIONS.","['meta-xylene market set to achieve usd 2.5 billion with a 5 percent cagr from 2024 to 2034 states transparency market research, inc.', 'the market trajectory for meta-xylene is also being driven by growth in the packaging industry', 'the packaging industry is using more meta-xylene as a result of the rapid uptake of pet packaging solutions', 'the market trajectory for meta-xylene is also being driven by growth in the packaging industry', 'the packaging industry is using more meta-xylene as a result of the rapid uptake of pet packaging solutions.']",weakly_positive,0.22388,weakly_positive,weakly_positive
31-07-2024,META REPORTS SECOND QUARTER 2024 RESULTS,"MENLO PARK, CALIF. , JULY 31, 2024 /PRNEWSWIRE/ -- META PLATFORMS, INC. (NASDAQ: META) TODAY REPORTED FINANCIAL RESULTS FOR THE QUARTER ENDED JUNE 30, 2024.","META REPORTS SECOND QUARTER 2024 RESULTS. MENLO PARK, CALIF. , JULY 31, 2024 /PRNEWSWIRE/ -- META PLATFORMS, INC. (NASDAQ: META) TODAY REPORTED FINANCIAL RESULTS FOR THE QUARTER ENDED JUNE 30, 2024.","['meta reports second quarter 2024 results', 'menlo park, calif', ', july 31, 2024 prnewswire -- meta platforms, inc', 'nasdaq meta today reported financial results for the quarter ended june 30, 2024.']",neutral,0.0,neutral,neutral
29-07-2024,"EDP RENEWABLES, SALT RIVER PROJECT, AND META UNVEIL BRITTLEBUSH SOLAR PARK IN ARIZONA",THE BRITTLEBUSH SOLAR PARK WILL HELP SRP AND META MEET AMBITIOUS SUSTAINABILITY AND RENEWABLE ENERGY GOALS. THE BRITTLEBUSH SOLAR PARK WILL HELP SRP AND META MEET AMBITIOUS SUSTAINABILITY AND RENEWABLE ENERGY GOALS.,"EDP RENEWABLES, SALT RIVER PROJECT, AND META UNVEIL BRITTLEBUSH SOLAR PARK IN ARIZONA. THE BRITTLEBUSH SOLAR PARK WILL HELP SRP AND META MEET AMBITIOUS SUSTAINABILITY AND RENEWABLE ENERGY GOALS. THE BRITTLEBUSH SOLAR PARK WILL HELP SRP AND META MEET AMBITIOUS SUSTAINABILITY AND RENEWABLE ENERGY GOALS.","['edp renewables, salt river project, and meta unveil brittlebush solar park in arizona', 'the brittlebush solar park will help srp and meta meet ambitious sustainability and renewable energy goals', 'the brittlebush solar park will help srp and meta meet ambitious sustainability and renewable energy goals.']",strongly_positive,0.523,weakly_positive,weakly_positive
29-07-2024,10X BANKING LAUNCHES WORLD'S FIRST ‘META CORE' TO HELP BANKS ACHIEVE FULL TRANSFORMATION FASTER,"LONDON--(BUSINESS WIRE)-- #BANKING--10X BANKING UNVEILS THE WORLD'S FIRST ‘META CORE' PLATFORM FOR BANKS – A FAST, STRAIGHT-FORWARD AND DERISKED PATH TO FULL TRANSFORMATION.","10X BANKING LAUNCHES WORLD'S FIRST ‘META CORE' TO HELP BANKS ACHIEVE FULL TRANSFORMATION FASTER. LONDON--(BUSINESS WIRE)-- #BANKING--10X BANKING UNVEILS THE WORLD'S FIRST ‘META CORE' PLATFORM FOR BANKS – A FAST, STRAIGHT-FORWARD AND DERISKED PATH TO FULL TRANSFORMATION.","[""10x banking launches world's first meta core' to help banks achieve full transformation faster"", ""london--business wire-- banking--10x banking unveils the world's first meta core' platform for banks a fast, straight-forward and derisked path to full transformation.""]",weakly_positive,0.20095,weakly_positive,weakly_positive
29-07-2024,10X BANKING LAUNCHES WORLD'S FIRST ‘META CORE' TO HELP BANKS ACHIEVE FULL TRANSFORMATION FASTER,"LONDON--(BUSINESS WIRE)-- #10XBANKING--10X BANKING UNVEILS THE WORLD'S FIRST ‘META CORE' PLATFORM FOR BANKS – A FAST, STRAIGHT-FORWARD AND DERISKED PATH TO FULL TRANSFORMATION.","10X BANKING LAUNCHES WORLD'S FIRST ‘META CORE' TO HELP BANKS ACHIEVE FULL TRANSFORMATION FASTER. LONDON--(BUSINESS WIRE)-- #10XBANKING--10X BANKING UNVEILS THE WORLD'S FIRST ‘META CORE' PLATFORM FOR BANKS – A FAST, STRAIGHT-FORWARD AND DERISKED PATH TO FULL TRANSFORMATION.","[""10x banking launches world's first meta core' to help banks achieve full transformation faster"", ""london--business wire-- 10xbanking--10x banking unveils the world's first meta core' platform for banks a fast, straight-forward and derisked path to full transformation.""]",weakly_positive,0.20095,weakly_positive,weakly_positive
03-07-2024,VIRTUAL META (VMA) IS NOW AVAILABLE FOR TRADING ON LBANK EXCHANGE,"ROAD TOWN, BRITISH VIRGIN ISLANDS--(NEWSFILE CORP. - JULY 3, 2024) - IN A SIGNIFICANT MOVE FOR CRYPTOCURRENCY AND MOBILE TECHNOLOGY ENTHUSIASTS, LBANK EXCHANGE, A PREMIER GLOBAL DIGITAL ASSET TRADING PLATFORM, HAS ANNOUNCED THE LISTING OF VIRTUAL META (VMA) ON JULY 2, 2024. USERS OF LBANK EXCHANGE CAN BRACE THEMSELVES FOR THE VMA/USDT TRADING PAIR, WHICH WENT LIVE AT 9:00 UTC ON THE SLATED DATE.","VIRTUAL META (VMA) IS NOW AVAILABLE FOR TRADING ON LBANK EXCHANGE. ROAD TOWN, BRITISH VIRGIN ISLANDS--(NEWSFILE CORP. - JULY 3, 2024) - IN A SIGNIFICANT MOVE FOR CRYPTOCURRENCY AND MOBILE TECHNOLOGY ENTHUSIASTS, LBANK EXCHANGE, A PREMIER GLOBAL DIGITAL ASSET TRADING PLATFORM, HAS ANNOUNCED THE LISTING OF VIRTUAL META (VMA) ON JULY 2, 2024. USERS OF LBANK EXCHANGE CAN BRACE THEMSELVES FOR THE VMA/USDT TRADING PAIR, WHICH WENT LIVE AT 9:00 UTC ON THE SLATED DATE.","['virtual meta vma is now available for trading on lbank exchange', 'road town, british virgin islands--newsfile corp', '- july 3, 2024 - in a significant move for cryptocurrency and mobile technology enthusiasts, lbank exchange, a premier global digital asset trading platform, has announced the listing of virtual meta vma on july 2, 2024', 'users of lbank exchange can brace themselves for the vmausdt trading pair, which went live at 900 utc on the slated date.']",weakly_positive,0.1727,weakly_positive,weakly_positive
01-07-2024,META TO ANNOUNCE SECOND QUARTER 2024 RESULTS,"MENLO PARK, CALIF. , JULY 1, 2024 /PRNEWSWIRE/ -- META PLATFORMS, INC. (NASDAQ: META) ANNOUNCED TODAY THAT THE COMPANY'S SECOND QUARTER 2024 FINANCIAL RESULTS WILL BE RELEASED AFTER MARKET CLOSE ON WEDNESDAY, JULY 31, 2024.","META TO ANNOUNCE SECOND QUARTER 2024 RESULTS. MENLO PARK, CALIF. , JULY 1, 2024 /PRNEWSWIRE/ -- META PLATFORMS, INC. (NASDAQ: META) ANNOUNCED TODAY THAT THE COMPANY'S SECOND QUARTER 2024 FINANCIAL RESULTS WILL BE RELEASED AFTER MARKET CLOSE ON WEDNESDAY, JULY 31, 2024.","['meta to announce second quarter 2024 results', 'menlo park, calif', ', july 1, 2024 prnewswire -- meta platforms, inc', ""nasdaq meta announced today that the company's second quarter 2024 financial results will be released after market close on wednesday, july 31, 2024.""]",neutral,0.0,weakly_positive,weakly_positive
01-07-2024,GATE.IO ADVANCES BLOCKCHAIN INNOVATION AT LEAD ASIA DEMO DAY AND SEOUL META WEEK 2024,"SEOUL, SOUTH KOREA--(NEWSFILE CORP. - JULY 1, 2024) - - GATE.IO, A WORLD-LEADING CRYPTO EXCHANGE, RECENTLY CONCLUDED ITS PROMINENT HOSTING OF LEAD ASIA DEMO DAY, ALONGSIDE ITS PARTICIPATION IN SEOUL META WEEK 2024 AS A PLATINUM SPONSOR, REAFFIRMING ITS LEADERSHIP IN BOTH EVENTS. THESE PLATFORMS SERVED AS A STAGE FOR THE FUTURE AND ADVANCEMENT OF BLOCKCHAIN TECHNOLOGY, HIGHLIGHTED BY KEYNOTE SPEECHES DELIVERED BY GATE.IO CEO DR. HAN LIN DURING SEOUL META WEEK 2024.","GATE.IO ADVANCES BLOCKCHAIN INNOVATION AT LEAD ASIA DEMO DAY AND SEOUL META WEEK 2024. SEOUL, SOUTH KOREA--(NEWSFILE CORP. - JULY 1, 2024) - - GATE.IO, A WORLD-LEADING CRYPTO EXCHANGE, RECENTLY CONCLUDED ITS PROMINENT HOSTING OF LEAD ASIA DEMO DAY, ALONGSIDE ITS PARTICIPATION IN SEOUL META WEEK 2024 AS A PLATINUM SPONSOR, REAFFIRMING ITS LEADERSHIP IN BOTH EVENTS. THESE PLATFORMS SERVED AS A STAGE FOR THE FUTURE AND ADVANCEMENT OF BLOCKCHAIN TECHNOLOGY, HIGHLIGHTED BY KEYNOTE SPEECHES DELIVERED BY GATE.IO CEO DR. HAN LIN DURING SEOUL META WEEK 2024.","['gate.io advances blockchain innovation at lead asia demo day and seoul meta week 2024', 'seoul, south korea--newsfile corp', '- july 1, 2024 - - gate.io, a world-leading crypto exchange, recently concluded its prominent hosting of lead asia demo day, alongside its participation in seoul meta week 2024 as a platinum sponsor, reaffirming its leadership in both events', 'these platforms served as a stage for the future and advancement of blockchain technology, highlighted by keynote speeches delivered by gate.io ceo dr', 'han lin during seoul meta week 2024.']",weakly_positive,0.1399999999999999,weakly_positive,weakly_positive
26-06-2024,GATE.IO CEO DR. HAN AT SEOUL META WEEK 2024: BUILDING TRUST AS THE FOUNDATION FOR BLOCKCHAIN ADVANCEMENT,"SEOUL, SOUTH KOREA--(NEWSFILE CORP. - JUNE 26, 2024) - GATE.IO MADE A SIGNIFICANT IMPACT AS A PLATINUM SPONSOR AT THE 2024 SEOUL META WEEK CONFERENCE. THE EVENT, HELD IN THE HEART OF SEOUL, BROUGHT TOGETHER INDUSTRY LEADERS, INNOVATORS, AND ENTHUSIASTS TO EXPLORE THE FUTURE OF BLOCKCHAIN TECHNOLOGY AND ITS INTEGRATION INTO EVERYDAY LIFE.","GATE.IO CEO DR. HAN AT SEOUL META WEEK 2024: BUILDING TRUST AS THE FOUNDATION FOR BLOCKCHAIN ADVANCEMENT. SEOUL, SOUTH KOREA--(NEWSFILE CORP. - JUNE 26, 2024) - GATE.IO MADE A SIGNIFICANT IMPACT AS A PLATINUM SPONSOR AT THE 2024 SEOUL META WEEK CONFERENCE. THE EVENT, HELD IN THE HEART OF SEOUL, BROUGHT TOGETHER INDUSTRY LEADERS, INNOVATORS, AND ENTHUSIASTS TO EXPLORE THE FUTURE OF BLOCKCHAIN TECHNOLOGY AND ITS INTEGRATION INTO EVERYDAY LIFE.","['gate.io ceo dr', 'han at seoul meta week 2024 building trust as the foundation for blockchain advancement', 'seoul, south korea--newsfile corp', '- june 26, 2024 - gate.io made a significant impact as a platinum sponsor at the 2024 seoul meta week conference', 'the event, held in the heart of seoul, brought together industry leaders, innovators, and enthusiasts to explore the future of blockchain technology and its integration into everyday life.']",weakly_positive,0.29558,weakly_positive,weakly_positive
26-06-2024,EMPLIFI DATA SHOWS AIRLINES ARE MORE LIKELY TO RESPOND TO CUSTOMER QUESTIONS ON INSTAGRAM THAN ON FACEBOOK OR X,"NEW YORK--(BUSINESS WIRE)--EMPLIFI, A LEADING CUSTOMER ENGAGEMENT PLATFORM, TODAY RELEASED SOCIAL MEDIA PERFORMANCE DATA FOR GLOBAL AIRLINE BRANDS, ANALYZING SENTIMENT AND RESPONSE RATES ACROSS FACEBOOK, INSTAGRAM AND X BETWEEN JANUARY 1 THROUGH MAY 31 IN 2020, 2021, 2022, 2023 AND 2024. EMPLIFI'S FINDINGS REVEAL SENTIMENT OF COMMENTS FOR AIRLINE BRANDS WAS STRONGEST ON INSTAGRAM, WITH MORE THAN HALF OF COMMENTS REFLECTING POSITIVE SENTIMENTS. ON FACEBOOK, 34% OF COMMENTS INCLUDED POSITIVE SENT.","EMPLIFI DATA SHOWS AIRLINES ARE MORE LIKELY TO RESPOND TO CUSTOMER QUESTIONS ON INSTAGRAM THAN ON FACEBOOK OR X. NEW YORK--(BUSINESS WIRE)--EMPLIFI, A LEADING CUSTOMER ENGAGEMENT PLATFORM, TODAY RELEASED SOCIAL MEDIA PERFORMANCE DATA FOR GLOBAL AIRLINE BRANDS, ANALYZING SENTIMENT AND RESPONSE RATES ACROSS FACEBOOK, INSTAGRAM AND X BETWEEN JANUARY 1 THROUGH MAY 31 IN 2020, 2021, 2022, 2023 AND 2024. EMPLIFI'S FINDINGS REVEAL SENTIMENT OF COMMENTS FOR AIRLINE BRANDS WAS STRONGEST ON INSTAGRAM, WITH MORE THAN HALF OF COMMENTS REFLECTING POSITIVE SENTIMENTS. ON FACEBOOK, 34% OF COMMENTS INCLUDED POSITIVE SENT.","['emplifi data shows airlines are more likely to respond to customer questions on instagram than on facebook or x', 'new york--business wire--emplifi, a leading customer engagement platform, today released social media performance data for global airline brands, analyzing sentiment and response rates across facebook, instagram and x between january 1 through may 31 in 2020, 2021, 2022, 2023 and 2024', ""emplifi's findings reveal sentiment of comments for airline brands was strongest on instagram, with more than half of comments reflecting positive sentiments"", 'on facebook, 34 percent of comments included positive sent.']",weakly_positive,0.4435249999999999,weakly_positive,weakly_positive
25-06-2024,NEW META-STUDY HIGHLIGHTS THAT HYDROLYSIS PREVENTS THE FORMATION OF PERSISTENT PLA MICROPLASTICS IN THE ENVIRONMENT,"HAAKSBERGEN, NETHERLANDS--(BUSINESS WIRE)--A NEW META-STUDY REPORT COMMISSIONED BY HOLLAND BIOPLASTICS, AN ASSOCIATION ADVANCING BIOPLASTICS KNOWLEDGE WORLDWIDE, CONCLUDES THAT THE FUNDAMENTAL CHARACTERISTICS OF POLYLACTIC ACID (PLA), A BIOBASED POLYMER MADE ENTIRELY FROM FERMENTED PLANT SUGARS, AND THE HYDROLYSIS PROCESS INDICATE THAT PLA DOES NOT PRODUCE PERSISTENT MICROPLASTICS. THE LITERATURE RESEARCH, COMPLETED BY HYDRA MARINE SCIENCES, A RESEARCH LABORATORY, SHOWS THAT UNLIKE NON-BIODEGRA.","NEW META-STUDY HIGHLIGHTS THAT HYDROLYSIS PREVENTS THE FORMATION OF PERSISTENT PLA MICROPLASTICS IN THE ENVIRONMENT. HAAKSBERGEN, NETHERLANDS--(BUSINESS WIRE)--A NEW META-STUDY REPORT COMMISSIONED BY HOLLAND BIOPLASTICS, AN ASSOCIATION ADVANCING BIOPLASTICS KNOWLEDGE WORLDWIDE, CONCLUDES THAT THE FUNDAMENTAL CHARACTERISTICS OF POLYLACTIC ACID (PLA), A BIOBASED POLYMER MADE ENTIRELY FROM FERMENTED PLANT SUGARS, AND THE HYDROLYSIS PROCESS INDICATE THAT PLA DOES NOT PRODUCE PERSISTENT MICROPLASTICS. THE LITERATURE RESEARCH, COMPLETED BY HYDRA MARINE SCIENCES, A RESEARCH LABORATORY, SHOWS THAT UNLIKE NON-BIODEGRA.","['new meta-study highlights that hydrolysis prevents the formation of persistent pla microplastics in the environment', 'haaksbergen, netherlands--business wire--a new meta-study report commissioned by holland bioplastics, an association advancing bioplastics knowledge worldwide, concludes that the fundamental characteristics of polylactic acid pla, a biobased polymer made entirely from fermented plant sugars, and the hydrolysis process indicate that pla does not produce persistent microplastics', 'the literature research, completed by hydra marine sciences, a research laboratory, shows that unlike non-biodegra.']",neutral,0.0257333333333333,neutral,neutral
21-06-2024,"OKX WALLET NOW INTEGRATED WITH META POOL, A MULTI-CHAIN, LIQUID STAKING BASED ECOSYSTEM","SINGAPORE, JUNE 21, 2024 (GLOBE NEWSWIRE) -- OKX, A LEADING WEB3 TECHNOLOGY COMPANY, HAS ISSUED UPDATES FOR JUNE 21, 2024.","OKX WALLET NOW INTEGRATED WITH META POOL, A MULTI-CHAIN, LIQUID STAKING BASED ECOSYSTEM. SINGAPORE, JUNE 21, 2024 (GLOBE NEWSWIRE) -- OKX, A LEADING WEB3 TECHNOLOGY COMPANY, HAS ISSUED UPDATES FOR JUNE 21, 2024.","['okx wallet now integrated with meta pool, a multi-chain, liquid staking based ecosystem', 'singapore, june 21, 2024 globe newswire -- okx, a leading web3 technology company, has issued updates for june 21, 2024.']",neutral,0.0,neutral,neutral
13-06-2024,PIPEDRIVE TAPS FORMER META AND SAMSUNG LEADERSHIP FOR NEW CPO AND CMO ROLES,"NEW YORK--(BUSINESS WIRE)--PIPEDRIVE, THE EASY AND EFFECTIVE SALES CRM FOR SMALL BUSINESSES, TODAY ANNOUNCED THE APPOINTMENT OF SANDRINE DESBARBIEUX-LLOYD AS CHIEF MARKETING OFFICER (CMO) AND VIKTORIA RUUBEL AS CHIEF PRODUCT OFFICER (CPO), FURTHER STRENGTHENING ITS EXECUTIVE LEADERSHIP TEAM. “WE ARE DELIGHTED TO WELCOME SANDRINE AND VIKTORIA, WHOSE EXTENSIVE KNOWLEDGE, SKILLS, AND EXPERIENCE WILL BE INVALUABLE IN DRIVING OUR GROWTH AND INNOVATION. SANDRINE'S EXPERTISE IN DRIVING PROFITABLE CUST.","PIPEDRIVE TAPS FORMER META AND SAMSUNG LEADERSHIP FOR NEW CPO AND CMO ROLES. NEW YORK--(BUSINESS WIRE)--PIPEDRIVE, THE EASY AND EFFECTIVE SALES CRM FOR SMALL BUSINESSES, TODAY ANNOUNCED THE APPOINTMENT OF SANDRINE DESBARBIEUX-LLOYD AS CHIEF MARKETING OFFICER (CMO) AND VIKTORIA RUUBEL AS CHIEF PRODUCT OFFICER (CPO), FURTHER STRENGTHENING ITS EXECUTIVE LEADERSHIP TEAM. “WE ARE DELIGHTED TO WELCOME SANDRINE AND VIKTORIA, WHOSE EXTENSIVE KNOWLEDGE, SKILLS, AND EXPERIENCE WILL BE INVALUABLE IN DRIVING OUR GROWTH AND INNOVATION. SANDRINE'S EXPERTISE IN DRIVING PROFITABLE CUST.","['pipedrive taps former meta and samsung leadership for new cpo and cmo roles', 'new york--business wire--pipedrive, the easy and effective sales crm for small businesses, today announced the appointment of sandrine desbarbieux-lloyd as chief marketing officer cmo and viktoria ruubel as chief product officer cpo, further strengthening its executive leadership team', 'we are delighted to welcome sandrine and viktoria, whose extensive knowledge, skills, and experience will be invaluable in driving our growth and innovation', ""sandrine's expertise in driving profitable cust.""]",strongly_positive,0.54425,strongly_positive,strongly_positive
11-06-2024,META DYNAMIC INC.'S EXPLOSIVE GROWTH AND DEDICATION TO UNPARALLELED SURGICAL NAVIGATION SUPPORT EARNS ACCOLADES FROM GLOBAL BUSINESS LEADERS MAG AS TOP 30 FASTEST GROWING COMPANIES,"ORANGE, CA, JUNE 11, 2024 (GLOBE NEWSWIRE) -- GLOBAL BUSINESS LEADERS MAG HAS NAMED META DYNAMIC INC. AS ONE OF THE TOP 30 FASTEST GROWING COMPANIES IN THE US.  THE COMPANY, ORIGINALLY FOUNDED IN 2002, HAS ENJOYED EXPONENTIAL GROWTH IN RECENT YEARS AFTER PERFECTING ITS OUTSOURCED SURGICAL SERVICES™ (OSS) PROGRAM THROUGH INTEGRATION WITH SURGICAL NAVIGATION SYSTEMS SUCH AS THE CBYON ECLIPSE SURGICAL NAVIGATION SYSTEM. WITH OVER 50,000 SUCCESSFULLY SUPPORTED SURGICAL NAVIGATION PROCEDURES, THE COMPANY HAS EXPANDED ITS NATIONAL FOOTPRINT WITH COAST-TO-COAST SERVICE COVERAGE IN SUPPORT OF AGGRESSIVE CUSTOMER ADOPTION.","META DYNAMIC INC.'S EXPLOSIVE GROWTH AND DEDICATION TO UNPARALLELED SURGICAL NAVIGATION SUPPORT EARNS ACCOLADES FROM GLOBAL BUSINESS LEADERS MAG AS TOP 30 FASTEST GROWING COMPANIES. ORANGE, CA, JUNE 11, 2024 (GLOBE NEWSWIRE) -- GLOBAL BUSINESS LEADERS MAG HAS NAMED META DYNAMIC INC. AS ONE OF THE TOP 30 FASTEST GROWING COMPANIES IN THE US.  THE COMPANY, ORIGINALLY FOUNDED IN 2002, HAS ENJOYED EXPONENTIAL GROWTH IN RECENT YEARS AFTER PERFECTING ITS OUTSOURCED SURGICAL SERVICES™ (OSS) PROGRAM THROUGH INTEGRATION WITH SURGICAL NAVIGATION SYSTEMS SUCH AS THE CBYON ECLIPSE SURGICAL NAVIGATION SYSTEM. WITH OVER 50,000 SUCCESSFULLY SUPPORTED SURGICAL NAVIGATION PROCEDURES, THE COMPANY HAS EXPANDED ITS NATIONAL FOOTPRINT WITH COAST-TO-COAST SERVICE COVERAGE IN SUPPORT OF AGGRESSIVE CUSTOMER ADOPTION.","[""meta dynamic inc.'s explosive growth and dedication to unparalleled surgical navigation support earns accolades from global business leaders mag as top 30 fastest growing companies"", 'orange, ca, june 11, 2024 globe newswire -- global business leaders mag has named meta dynamic inc', 'as one of the top 30 fastest growing companies in the us', 'the company, originally founded in 2002, has enjoyed exponential growth in recent years after perfecting its outsourced surgical services oss program through integration with surgical navigation systems such as the cbyon eclipse surgical navigation system', 'with over 50,000 successfully supported surgical navigation procedures, the company has expanded its national footprint with coast-to-coast service coverage in support of aggressive customer adoption.']",strongly_positive,0.64232,strongly_positive,strongly_positive
10-06-2024,FLASH NEWS: OKX WALLET NOW SUPPORTS MOONLAND META,"SINGAPORE, JUNE 10, 2024 (GLOBE NEWSWIRE) -- OKX, A LEADING WEB3 TECHNOLOGY COMPANY, HAS ISSUED UPDATES FOR JUNE 10, 2024.","FLASH NEWS: OKX WALLET NOW SUPPORTS MOONLAND META. SINGAPORE, JUNE 10, 2024 (GLOBE NEWSWIRE) -- OKX, A LEADING WEB3 TECHNOLOGY COMPANY, HAS ISSUED UPDATES FOR JUNE 10, 2024.","['flash news okx wallet now supports moonland meta', 'singapore, june 10, 2024 globe newswire -- okx, a leading web3 technology company, has issued updates for june 10, 2024.']",weakly_positive,0.1806,weakly_positive,weakly_positive
07-06-2024,"$14 BILLION VIRTUAL REALITY (VR) NEUROPSYCHOLOGICAL THERAPY MARKET (2024-2034) BY TECHNOLOGY, OFFERING, END-USER AND REGION FEATURING PROFILES OF OCULUS VR (FACEBOOK TECHNOLOGIES), MINDMAZE, PSIOUS, AND MORE","DUBLIN, JUNE 07, 2024 (GLOBE NEWSWIRE) -- THE ""GLOBAL VIRTUAL REALITY NEUROPSYCHOLOGICAL THERAPY MARKET"" REPORT HAS BEEN ADDED TO RESEARCHANDMARKETS.COM'S OFFERING. THE GLOBAL VIRTUAL REALITY NEUROPSYCHOLOGICAL THERAPY MARKET ACCOUNTED FOR USD 0.779 BILLION IN 2023 AND IS EXPECTED TO REACH AT USD 13.99 BILLION BY 2034 WITH A CAGR OF 30.03% DURING THE FORECAST PERIOD 2024-2034. THE MARKET WILL GROW AS A RESULT OF FACTORS SUCH AS THE RISING PREVALENCE OF NEUROPSYCHOLOGICAL DISORDERS, ADVANCEMENTS IN VIRTUAL REALITY TECHNOLOGY, GROWING AWARENESS AND ACCEPTANCE, A SHORTAGE OF HEALTHCARE PROFESSIONALS, PERSONALIZED AND ADAPTIVE THERAPY, RISING INVESTMENT, AND INCREASED COLLABORATION. THE POTENTIAL ADVANTAGES OF VIRTUAL REALITY THERAPY IN COGNITIVE REHABILITATION ARE BECOMING MORE WIDELY KNOWN TO PATIENTS AND HEALTHCARE PRACTITIONERS. VIRTUAL REALITY (VR) IS BECOMING MORE WIDELY ACCEPTED AS A COMMON THERAPEUTIC TOOL AS MORE STUDIES SHOW ITS EFFECTIVENESS AND SAFETY. FOR INSTANCE, MINDMAZE AND MICROSOFT COLLABORATED TO CREATE A NEW VR PLATFORM FOR COGNITIVE EVALUATION AND THERAPY IN APRIL 2022. BY TECHNOLOGY, THE FULLY IMMERSIVE VR SEGMENT ACCOUNTED FOR THE HIGHEST REVENUE-GROSSING SEGMENT IN THE GLOBAL VIRTUAL REALITY NEUROPSYCHOLOGICAL THERAPY MARKET IN 2023 OWING TO THE HIGH LEVEL OF IMMERSION AND ENGAGEMENT IT OFFERS, LEADING TO BETTER THERAPEUTIC OUTCOMES AND PATIENT SATISFACTION COMPARED TO OTHER VR MODALITIES. FOR INSTANCE, PSIOUS RECEIVED FDA 510(K) AUTHORIZATION IN FEBRUARY 2024 FOR THEIR VR THERAPY PROGRAM TO TREAT ADULT ANXIETY DISORDERS. ADDITIONALLY, THE SEMI-IMMERSIVE VR SEGMENT IS PREDICTED TO GROW AT THE FASTEST CAGR DURING THE FORECAST PERIOD OWING TO THE INCREASING AFFORDABILITY AND ACCESSIBILITY OF SEMI-IMMERSIVE VR SYSTEMS, MAKING THEM MORE WIDELY ADOPTED ACROSS VARIOUS HEALTHCARE SETTINGS AND ENABLING GREATER SCALABILITY OF NEUROPSYCHOLOGICAL THERAPY PROGRAMS. BY OFFERING, THE SOFTWARE SEGMENT ACCOUNTED FOR THE HIGHEST REVENUE-GROSSING SEGMENT IN THE GLOBAL VIRTUAL REALITY NEUROPSYCHOLOGICAL THERAPY MARKET IN 2023 OWING TO THE CUSTOMIZATION OPTIONS, CONTINUAL UPDATES, AND COMPATIBILITY WITH A WIDE RANGE OF VR HARDWARE, OFFERING FLEXIBILITY AND TAILORED SOLUTIONS TO MEET THE DIVERSE NEEDS OF HEALTHCARE PROVIDERS AND PATIENTS. FOR INSTANCE, PSIOUS RECEIVED FDA 510(K) AUTHORIZATION IN FEBRUARY 2024 FOR THEIR VR THERAPY PROGRAM TO TREAT ADULT ANXIETY DISORDERS. ADDITIONALLY, THE SERVICES SEGMENT IS PREDICTED TO GROW AT THE FASTEST CAGR DURING THE FORECAST PERIOD OWING TO THE INCREASED DEMAND FOR PERSONALIZED THERAPY PROGRAMS, TRAINING, AND TECHNICAL SUPPORT SERVICES, DRIVING THE ADOPTION OF VIRTUAL REALITY NEUROPSYCHOLOGICAL THERAPY SOLUTIONS ACROSS HEALTHCARE FACILITIES WORLDWIDE. BY END-USER, THE HOSPITALS AND CLINICS SEGMENT ACCOUNTED FOR THE HIGHEST REVENUE-GROSSING SEGMENT IN THE GLOBAL VIRTUAL REALITY NEUROPSYCHOLOGICAL THERAPY MARKET IN 2023 OWING TO THE INCREASING INTEGRATION OF VR TECHNOLOGY INTO TRADITIONAL HEALTHCARE SETTINGS, EXPANDING ACCESSIBILITY OF NEUROPSYCHOLOGICAL THERAPY SERVICES TO A WIDER PATIENT POPULATION WITHIN HOSPITAL AND CLINIC ENVIRONMENTS. FOR INSTANCE, IN JANUARY 2024, A STUDY CONDUCTED BY LIMBIX AND PUBLISHED IN THE AMERICAN JOURNAL OF PSYCHIATRY SHOWED HOW WELL ITS VR THERAPY PROGRAM WORKED IN TREATING PTSD IN VETERANS OF THE ARMED FORCES. ADDITIONALLY, THE OTHERS SEGMENT IS PREDICTED TO GROW AT THE FASTEST CAGR DURING THE FORECAST PERIOD OWING TO THE RISING ADOPTION OF VIRTUAL REALITY NEUROPSYCHOLOGICAL THERAPY SOLUTIONS IN NON-TRADITIONAL SETTINGS SUCH AS REHABILITATION CENTERS, RESEARCH INSTITUTIONS, AND EDUCATIONAL FACILITIES, DRIVEN BY EVOLVING TREATMENT PARADIGMS AND EXPANDING APPLICATIONS OF VR TECHNOLOGY. NORTH AMERICA IS ANTICIPATED TO HAVE THE HIGHEST REVENUE SHARE DURING THE FORECAST PERIOD OWING TO THE ESTABLISHED HEALTHCARE INFRASTRUCTURE, HIGH ADOPTION OF ADVANCED TECHNOLOGIES, STRONG PRESENCE OF KEY MARKET PLAYERS, AND INCREASING INVESTMENTS IN RESEARCH AND DEVELOPMENT INITIATIVES AIMED AT ENHANCING VIRTUAL REALITY NEUROPSYCHOLOGICAL THERAPY OUTCOMES. ADDITIONALLY, ASIA PACIFIC IS PREDICTED TO GROW AT THE FASTEST CAGR DURING THE FORECAST PERIOD OWING TO THE RAPIDLY EXPANDING HEALTHCARE INFRASTRUCTURE, INCREASING AWARENESS ABOUT NEUROPSYCHOLOGICAL DISORDERS, GROWING ACCEPTANCE OF VIRTUAL REALITY TECHNOLOGY, AND RISING INVESTMENTS IN HEALTHCARE IT ACROSS EMERGING ECONOMIES IN THE REGION. FOR INSTANCE, FIRSTHAND TECHNOLOGY INTRODUCED A NEW VIRTUAL REALITY THERAPY PROGRAM IN DECEMBER 2023 THAT IS INTENDED TO ADDRESS PHOBIAS INCLUDING THE FEAR OF HEIGHTS AND PUBLIC SPEAKING. REPORT SCOPE","$14 BILLION VIRTUAL REALITY (VR) NEUROPSYCHOLOGICAL THERAPY MARKET (2024-2034) BY TECHNOLOGY, OFFERING, END-USER AND REGION FEATURING PROFILES OF OCULUS VR (FACEBOOK TECHNOLOGIES), MINDMAZE, PSIOUS, AND MORE. DUBLIN, JUNE 07, 2024 (GLOBE NEWSWIRE) -- THE ""GLOBAL VIRTUAL REALITY NEUROPSYCHOLOGICAL THERAPY MARKET"" REPORT HAS BEEN ADDED TO RESEARCHANDMARKETS.COM'S OFFERING. THE GLOBAL VIRTUAL REALITY NEUROPSYCHOLOGICAL THERAPY MARKET ACCOUNTED FOR USD 0.779 BILLION IN 2023 AND IS EXPECTED TO REACH AT USD 13.99 BILLION BY 2034 WITH A CAGR OF 30.03% DURING THE FORECAST PERIOD 2024-2034. THE MARKET WILL GROW AS A RESULT OF FACTORS SUCH AS THE RISING PREVALENCE OF NEUROPSYCHOLOGICAL DISORDERS, ADVANCEMENTS IN VIRTUAL REALITY TECHNOLOGY, GROWING AWARENESS AND ACCEPTANCE, A SHORTAGE OF HEALTHCARE PROFESSIONALS, PERSONALIZED AND ADAPTIVE THERAPY, RISING INVESTMENT, AND INCREASED COLLABORATION. THE POTENTIAL ADVANTAGES OF VIRTUAL REALITY THERAPY IN COGNITIVE REHABILITATION ARE BECOMING MORE WIDELY KNOWN TO PATIENTS AND HEALTHCARE PRACTITIONERS. VIRTUAL REALITY (VR) IS BECOMING MORE WIDELY ACCEPTED AS A COMMON THERAPEUTIC TOOL AS MORE STUDIES SHOW ITS EFFECTIVENESS AND SAFETY. FOR INSTANCE, MINDMAZE AND MICROSOFT COLLABORATED TO CREATE A NEW VR PLATFORM FOR COGNITIVE EVALUATION AND THERAPY IN APRIL 2022. BY TECHNOLOGY, THE FULLY IMMERSIVE VR SEGMENT ACCOUNTED FOR THE HIGHEST REVENUE-GROSSING SEGMENT IN THE GLOBAL VIRTUAL REALITY NEUROPSYCHOLOGICAL THERAPY MARKET IN 2023 OWING TO THE HIGH LEVEL OF IMMERSION AND ENGAGEMENT IT OFFERS, LEADING TO BETTER THERAPEUTIC OUTCOMES AND PATIENT SATISFACTION COMPARED TO OTHER VR MODALITIES. FOR INSTANCE, PSIOUS RECEIVED FDA 510(K) AUTHORIZATION IN FEBRUARY 2024 FOR THEIR VR THERAPY PROGRAM TO TREAT ADULT ANXIETY DISORDERS. ADDITIONALLY, THE SEMI-IMMERSIVE VR SEGMENT IS PREDICTED TO GROW AT THE FASTEST CAGR DURING THE FORECAST PERIOD OWING TO THE INCREASING AFFORDABILITY AND ACCESSIBILITY OF SEMI-IMMERSIVE VR SYSTEMS, MAKING THEM MORE WIDELY ADOPTED ACROSS VARIOUS HEALTHCARE SETTINGS AND ENABLING GREATER SCALABILITY OF NEUROPSYCHOLOGICAL THERAPY PROGRAMS. BY OFFERING, THE SOFTWARE SEGMENT ACCOUNTED FOR THE HIGHEST REVENUE-GROSSING SEGMENT IN THE GLOBAL VIRTUAL REALITY NEUROPSYCHOLOGICAL THERAPY MARKET IN 2023 OWING TO THE CUSTOMIZATION OPTIONS, CONTINUAL UPDATES, AND COMPATIBILITY WITH A WIDE RANGE OF VR HARDWARE, OFFERING FLEXIBILITY AND TAILORED SOLUTIONS TO MEET THE DIVERSE NEEDS OF HEALTHCARE PROVIDERS AND PATIENTS. FOR INSTANCE, PSIOUS RECEIVED FDA 510(K) AUTHORIZATION IN FEBRUARY 2024 FOR THEIR VR THERAPY PROGRAM TO TREAT ADULT ANXIETY DISORDERS. ADDITIONALLY, THE SERVICES SEGMENT IS PREDICTED TO GROW AT THE FASTEST CAGR DURING THE FORECAST PERIOD OWING TO THE INCREASED DEMAND FOR PERSONALIZED THERAPY PROGRAMS, TRAINING, AND TECHNICAL SUPPORT SERVICES, DRIVING THE ADOPTION OF VIRTUAL REALITY NEUROPSYCHOLOGICAL THERAPY SOLUTIONS ACROSS HEALTHCARE FACILITIES WORLDWIDE. BY END-USER, THE HOSPITALS AND CLINICS SEGMENT ACCOUNTED FOR THE HIGHEST REVENUE-GROSSING SEGMENT IN THE GLOBAL VIRTUAL REALITY NEUROPSYCHOLOGICAL THERAPY MARKET IN 2023 OWING TO THE INCREASING INTEGRATION OF VR TECHNOLOGY INTO TRADITIONAL HEALTHCARE SETTINGS, EXPANDING ACCESSIBILITY OF NEUROPSYCHOLOGICAL THERAPY SERVICES TO A WIDER PATIENT POPULATION WITHIN HOSPITAL AND CLINIC ENVIRONMENTS. FOR INSTANCE, IN JANUARY 2024, A STUDY CONDUCTED BY LIMBIX AND PUBLISHED IN THE AMERICAN JOURNAL OF PSYCHIATRY SHOWED HOW WELL ITS VR THERAPY PROGRAM WORKED IN TREATING PTSD IN VETERANS OF THE ARMED FORCES. ADDITIONALLY, THE OTHERS SEGMENT IS PREDICTED TO GROW AT THE FASTEST CAGR DURING THE FORECAST PERIOD OWING TO THE RISING ADOPTION OF VIRTUAL REALITY NEUROPSYCHOLOGICAL THERAPY SOLUTIONS IN NON-TRADITIONAL SETTINGS SUCH AS REHABILITATION CENTERS, RESEARCH INSTITUTIONS, AND EDUCATIONAL FACILITIES, DRIVEN BY EVOLVING TREATMENT PARADIGMS AND EXPANDING APPLICATIONS OF VR TECHNOLOGY. NORTH AMERICA IS ANTICIPATED TO HAVE THE HIGHEST REVENUE SHARE DURING THE FORECAST PERIOD OWING TO THE ESTABLISHED HEALTHCARE INFRASTRUCTURE, HIGH ADOPTION OF ADVANCED TECHNOLOGIES, STRONG PRESENCE OF KEY MARKET PLAYERS, AND INCREASING INVESTMENTS IN RESEARCH AND DEVELOPMENT INITIATIVES AIMED AT ENHANCING VIRTUAL REALITY NEUROPSYCHOLOGICAL THERAPY OUTCOMES. ADDITIONALLY, ASIA PACIFIC IS PREDICTED TO GROW AT THE FASTEST CAGR DURING THE FORECAST PERIOD OWING TO THE RAPIDLY EXPANDING HEALTHCARE INFRASTRUCTURE, INCREASING AWARENESS ABOUT NEUROPSYCHOLOGICAL DISORDERS, GROWING ACCEPTANCE OF VIRTUAL REALITY TECHNOLOGY, AND RISING INVESTMENTS IN HEALTHCARE IT ACROSS EMERGING ECONOMIES IN THE REGION. FOR INSTANCE, FIRSTHAND TECHNOLOGY INTRODUCED A NEW VIRTUAL REALITY THERAPY PROGRAM IN DECEMBER 2023 THAT IS INTENDED TO ADDRESS PHOBIAS INCLUDING THE FEAR OF HEIGHTS AND PUBLIC SPEAKING. REPORT SCOPE","['$14 billion virtual reality vr neuropsychological therapy market 2024-2034 by technology, offering, end-user and region featuring profiles of oculus vr facebook technologies, mindmaze, psious, and more', ""dublin, june 07, 2024 globe newswire -- the global virtual reality neuropsychological therapy market report has been added to researchandmarkets.com's offering"", 'the global virtual reality neuropsychological therapy market accounted for usd 0.779 billion in 2023 and is expected to reach at usd 13.99 billion by 2034 with a cagr of 30.03 percent during the forecast period 2024-2034', 'the market will grow as a result of factors such as the rising prevalence of neuropsychological disorders, advancements in virtual reality technology, growing awareness and acceptance, a shortage of healthcare professionals, personalized and adaptive therapy, rising investment, and increased collaboration', 'the potential advantages of virtual reality therapy in cognitive rehabilitation are becoming more widely known to patients and healthcare practitioners', 'virtual reality vr is becoming more widely accepted as a common therapeutic tool as more studies show its effectiveness and safety', 'for instance, mindmaze and microsoft collaborated to create a new vr platform for cognitive evaluation and therapy in april 2022', 'by technology, the fully immersive vr segment accounted for the highest revenue-grossing segment in the global virtual reality neuropsychological therapy market in 2023 owing to the high level of immersion and engagement it offers, leading to better therapeutic outcomes and patient satisfaction compared to other vr modalities', 'for instance, psious received fda 510k authorization in february 2024 for their vr therapy program to treat adult anxiety disorders', 'additionally, the semi-immersive vr segment is predicted to grow at the fastest cagr during the forecast period owing to the increasing affordability and accessibility of semi-immersive vr systems, making them more widely adopted across various healthcare settings and enabling greater scalability of neuropsychological therapy programs', 'by offering, the software segment accounted for the highest revenue-grossing segment in the global virtual reality neuropsychological therapy market in 2023 owing to the customization options, continual updates, and compatibility with a wide range of vr hardware, offering flexibility and tailored solutions to meet the diverse needs of healthcare providers and patients', 'for instance, psious received fda 510k authorization in february 2024 for their vr therapy program to treat adult anxiety disorders', 'additionally, the services segment is predicted to grow at the fastest cagr during the forecast period owing to the increased demand for personalized therapy programs, training, and technical support services, driving the adoption of virtual reality neuropsychological therapy solutions across healthcare facilities worldwide', 'by end-user, the hospitals and clinics segment accounted for the highest revenue-grossing segment in the global virtual reality neuropsychological therapy market in 2023 owing to the increasing integration of vr technology into traditional healthcare settings, expanding accessibility of neuropsychological therapy services to a wider patient population within hospital and clinic environments', 'for instance, in january 2024, a study conducted by limbix and published in the american journal of psychiatry showed how well its vr therapy program worked in treating ptsd in veterans of the armed forces', 'additionally, the others segment is predicted to grow at the fastest cagr during the forecast period owing to the rising adoption of virtual reality neuropsychological therapy solutions in non-traditional settings such as rehabilitation centers, research institutions, and educational facilities, driven by evolving treatment paradigms and expanding applications of vr technology', 'north america is anticipated to have the highest revenue share during the forecast period owing to the established healthcare infrastructure, high adoption of advanced technologies, strong presence of key market players, and increasing investments in research and development initiatives aimed at enhancing virtual reality neuropsychological therapy outcomes', 'additionally, asia pacific is predicted to grow at the fastest cagr during the forecast period owing to the rapidly expanding healthcare infrastructure, increasing awareness about neuropsychological disorders, growing acceptance of virtual reality technology, and rising investments in healthcare it across emerging economies in the region', 'for instance, firsthand technology introduced a new virtual reality therapy program in december 2023 that is intended to address phobias including the fear of heights and public speaking', 'report scope']",weakly_positive,0.28541,weakly_positive,weakly_positive
30-05-2024,META ANNOUNCES QUARTERLY CASH DIVIDEND,"MENLO PARK, CALIF. , MAY 30, 2024 /PRNEWSWIRE/ -- THE META PLATFORMS, INC. (NASDAQ: META) BOARD OF DIRECTORS TODAY DECLARED A QUARTERLY CASH DIVIDEND OF $0.50 PER SHARE OF THE COMPANY'S OUTSTANDING CLASS A COMMON STOCK AND CLASS B COMMON STOCK, PAYABLE ON JUNE 26, 2024 TO STOCKHOLDERS OF RECORD AS OF THE CLOSE OF BUSINESS ON JUNE 14, 2024.","META ANNOUNCES QUARTERLY CASH DIVIDEND. MENLO PARK, CALIF. , MAY 30, 2024 /PRNEWSWIRE/ -- THE META PLATFORMS, INC. (NASDAQ: META) BOARD OF DIRECTORS TODAY DECLARED A QUARTERLY CASH DIVIDEND OF $0.50 PER SHARE OF THE COMPANY'S OUTSTANDING CLASS A COMMON STOCK AND CLASS B COMMON STOCK, PAYABLE ON JUNE 26, 2024 TO STOCKHOLDERS OF RECORD AS OF THE CLOSE OF BUSINESS ON JUNE 14, 2024.","['meta announces quarterly cash dividend', 'menlo park, calif', ', may 30, 2024 prnewswire -- the meta platforms, inc', ""nasdaq meta board of directors today declared a quarterly cash dividend of $0.50 per share of the company's outstanding class a common stock and class b common stock, payable on june 26, 2024 to stockholders of record as of the close of business on june 14, 2024.""]",weakly_positive,0.183775,weakly_positive,weakly_positive
22-05-2024,"GOOGLE, META, MICROSOFT, AND SALESFORCE PLEDGE TO CONTRACT FOR UP TO 20M TONS OF HIGH-QUALITY NATURE-BASED CARBON REMOVAL CREDITS BY 2030","NEW YORK--(BUSINESS WIRE)--TODAY, GOOGLE, META, MICROSOFT, AND SALESFORCE ANNOUNCE THE SYMBIOSIS COALITION, AN ADVANCE MARKET COMMITMENT FOR NATURE-BASED REMOVAL CREDITS IN THE VOLUNTARY CARBON MARKET. THESE COMPANIES HAVE COLLECTIVELY COMMITTED TO CONTRACT UP TO 20 MILLION TONS IN NATURE-BASED CARBON REMOVAL CREDITS BY 2030 THAT HAVE HIGH CERTAINTY OF IMPACT ON THE CLIMATE AND RESULT IN EQUITABLE OUTCOMES FOR THE COMMUNITIES WHOSE LIVELIHOODS DEPEND ON THESE PROJECTS. NATURE RESTORATION IS ESS.","GOOGLE, META, MICROSOFT, AND SALESFORCE PLEDGE TO CONTRACT FOR UP TO 20M TONS OF HIGH-QUALITY NATURE-BASED CARBON REMOVAL CREDITS BY 2030. NEW YORK--(BUSINESS WIRE)--TODAY, GOOGLE, META, MICROSOFT, AND SALESFORCE ANNOUNCE THE SYMBIOSIS COALITION, AN ADVANCE MARKET COMMITMENT FOR NATURE-BASED REMOVAL CREDITS IN THE VOLUNTARY CARBON MARKET. THESE COMPANIES HAVE COLLECTIVELY COMMITTED TO CONTRACT UP TO 20 MILLION TONS IN NATURE-BASED CARBON REMOVAL CREDITS BY 2030 THAT HAVE HIGH CERTAINTY OF IMPACT ON THE CLIMATE AND RESULT IN EQUITABLE OUTCOMES FOR THE COMMUNITIES WHOSE LIVELIHOODS DEPEND ON THESE PROJECTS. NATURE RESTORATION IS ESS.","['google, meta, microsoft, and salesforce pledge to contract for up to 20m tons of high-quality nature-based carbon removal credits by 2030', 'new york--business wire--today, google, meta, microsoft, and salesforce announce the symbiosis coalition, an advance market commitment for nature-based removal credits in the voluntary carbon market', 'these companies have collectively committed to contract up to 20 million tons in nature-based carbon removal credits by 2030 that have high certainty of impact on the climate and result in equitable outcomes for the communities whose livelihoods depend on these projects', 'nature restoration is ess.']",weakly_positive,0.436,weakly_positive,weakly_positive
16-05-2024,"THE ULTIMATE VR BASKETBALL GAME, BLACKTOP HOOPS, AVAILABLE NOW ON META QUEST, PICO AND STEAM VR","SAN FRANCISCO--(BUSINESS WIRE)--VINCI GAMES (YC S22), A GAME STUDIO BACKED BY MAKERS FUND, Y COMBINATOR, AND TWITCH CO-FOUNDER KEVIN LIN, HAS RELEASED ITS DEBUT TITLE, THE VR BASKETBALL GAME BLACKTOP HOOPS, NOW AVAILABLE ON THE META QUEST STORE, PICO AND STEAM. BUILT FOR PLAYERS WHO DREAM OF DUNKING LIKE THEIR FAVORITE BASKETBALL PLAYERS, BLACKTOP HOOPS IS A VIBRANT, STREETBALL-INSPIRED VR BASKETBALL EXPERIENCE THAT TAKES PLAYERS TO THE COURTS. THE LAUNCH TRAILER CAN BE VIEWED HERE. BLACKTOP HO.","THE ULTIMATE VR BASKETBALL GAME, BLACKTOP HOOPS, AVAILABLE NOW ON META QUEST, PICO AND STEAM VR. SAN FRANCISCO--(BUSINESS WIRE)--VINCI GAMES (YC S22), A GAME STUDIO BACKED BY MAKERS FUND, Y COMBINATOR, AND TWITCH CO-FOUNDER KEVIN LIN, HAS RELEASED ITS DEBUT TITLE, THE VR BASKETBALL GAME BLACKTOP HOOPS, NOW AVAILABLE ON THE META QUEST STORE, PICO AND STEAM. BUILT FOR PLAYERS WHO DREAM OF DUNKING LIKE THEIR FAVORITE BASKETBALL PLAYERS, BLACKTOP HOOPS IS A VIBRANT, STREETBALL-INSPIRED VR BASKETBALL EXPERIENCE THAT TAKES PLAYERS TO THE COURTS. THE LAUNCH TRAILER CAN BE VIEWED HERE. BLACKTOP HO.","['the ultimate vr basketball game, blacktop hoops, available now on meta quest, pico and steam vr', 'san francisco--business wire--vinci games yc s22, a game studio backed by makers fund, y combinator, and twitch co-founder kevin lin, has released its debut title, the vr basketball game blacktop hoops, now available on the meta quest store, pico and steam', 'built for players who dream of dunking like their favorite basketball players, blacktop hoops is a vibrant, streetball-inspired vr basketball experience that takes players to the courts', 'the launch trailer can be viewed here', 'blacktop ho.']",weakly_positive,0.17956,weakly_positive,weakly_positive
13-05-2024,"FALCON 2: UAE'S TECHNOLOGY INNOVATION INSTITUTE RELEASES NEW AI MODEL SERIES, OUTPERFORMING META'S NEW LLAMA 3","ABU DHABI, UNITED ARAB EMIRATES--(BUSINESS WIRE)--FALCON 2: UAE'S TECHNOLOGY INNOVATION INSTITUTE RELEASES NEW AI MODEL SERIES, OUTPERFORMING META'S NEW LLAMA 3.","FALCON 2: UAE'S TECHNOLOGY INNOVATION INSTITUTE RELEASES NEW AI MODEL SERIES, OUTPERFORMING META'S NEW LLAMA 3. ABU DHABI, UNITED ARAB EMIRATES--(BUSINESS WIRE)--FALCON 2: UAE'S TECHNOLOGY INNOVATION INSTITUTE RELEASES NEW AI MODEL SERIES, OUTPERFORMING META'S NEW LLAMA 3.","[""falcon 2 uae's technology innovation institute releases new ai model series, outperforming meta's new llama 3"", ""abu dhabi, united arab emirates--business wire--falcon 2 uae's technology innovation institute releases new ai model series, outperforming meta's new llama 3.""]",strongly_positive,0.5207499999999999,strongly_positive,strongly_positive
29-04-2024,META'S GUILLAUME CRIBIER JOINS MGID AS HEAD OF GLOBAL PUBLISHER SUCCESS,"LOS ANGELES--(BUSINESS WIRE)--MGID, THE AWARD-WINNING CONFIRMS THAT META'S GUILLAUME CRIBIER IS JOINING ITS GLOBAL TEAM AS HEAD OF GLOBAL PUBLISHER SUCCESS.","META'S GUILLAUME CRIBIER JOINS MGID AS HEAD OF GLOBAL PUBLISHER SUCCESS. LOS ANGELES--(BUSINESS WIRE)--MGID, THE AWARD-WINNING CONFIRMS THAT META'S GUILLAUME CRIBIER IS JOINING ITS GLOBAL TEAM AS HEAD OF GLOBAL PUBLISHER SUCCESS.","[""meta's guillaume cribier joins mgid as head of global publisher success"", ""los angeles--business wire--mgid, the award-winning confirms that meta's guillaume cribier is joining its global team as head of global publisher success.""]",strongly_positive,0.5719,strongly_positive,strongly_positive
26-04-2024,"PRISM MARKETVIEW – WEEKLY MARKET REPORT – APRIL 26, 2024","PRISM MARKET PULSE: EQUITIES RALLY AMID MIXED BIG TECH EARNINGS; ECONOMIC SHIFTS AND SECTOR-SPECIFIC HIGHLIGHTS NEW YORK, N.Y., APRIL 26, 2024 – PRISM MARKETVIEW – EQUITIES WERE HIGHER THROUGH THE MORNING INTO MIDDAY TRADING AS THE S&P 500 AND NASDAQ ARE SET TO SNAP THEIR THREE- AND FOUR-WEEK LOSING STREAKS.","PRISM MARKETVIEW – WEEKLY MARKET REPORT – APRIL 26, 2024. PRISM MARKET PULSE: EQUITIES RALLY AMID MIXED BIG TECH EARNINGS; ECONOMIC SHIFTS AND SECTOR-SPECIFIC HIGHLIGHTS NEW YORK, N.Y., APRIL 26, 2024 – PRISM MARKETVIEW – EQUITIES WERE HIGHER THROUGH THE MORNING INTO MIDDAY TRADING AS THE S&P 500 AND NASDAQ ARE SET TO SNAP THEIR THREE- AND FOUR-WEEK LOSING STREAKS.","['prism marketview weekly market report april 26, 2024', 'prism market pulse equities rally amid mixed big tech earnings economic shifts and sector-specific highlights new york, n.y., april 26, 2024 prism marketview equities were higher through the morning into midday trading as the sp 500 and nasdaq are set to snap their three- and four-week losing streaks.']",weakly_negative,-0.1909,weakly_negative,weakly_negative
25-04-2024,"LBANK EXCHANGE WILL LIST ARMONIA META CHAIN (AMAX) ON APRIL 28, 2024","ROAD TOWN, BRITISH VIRGIN ISLANDS--(NEWSFILE CORP. - APRIL 25, 2024) - IN A SIGNIFICANT MOVE FOR CRYPTOCURRENCY ENTHUSIASTS, LBANK EXCHANGE, A PREMIER GLOBAL DIGITAL ASSET TRADING PLATFORM, HAS ANNOUNCED THE LISTING OF ARMONIA META CHAIN (AMAX) ON APRIL 28, 2024. USERS OF LBANK EXCHANGE CAN TAKE ON THE NEW LISTING OPPORTUNITY OF THE AMAX/USDT TRADING PAIR, WHICH WILL GO LIVE AT 4:08 UTC.","LBANK EXCHANGE WILL LIST ARMONIA META CHAIN (AMAX) ON APRIL 28, 2024. ROAD TOWN, BRITISH VIRGIN ISLANDS--(NEWSFILE CORP. - APRIL 25, 2024) - IN A SIGNIFICANT MOVE FOR CRYPTOCURRENCY ENTHUSIASTS, LBANK EXCHANGE, A PREMIER GLOBAL DIGITAL ASSET TRADING PLATFORM, HAS ANNOUNCED THE LISTING OF ARMONIA META CHAIN (AMAX) ON APRIL 28, 2024. USERS OF LBANK EXCHANGE CAN TAKE ON THE NEW LISTING OPPORTUNITY OF THE AMAX/USDT TRADING PAIR, WHICH WILL GO LIVE AT 4:08 UTC.","['lbank exchange will list armonia meta chain amax on april 28, 2024', 'road town, british virgin islands--newsfile corp', '- april 25, 2024 - in a significant move for cryptocurrency enthusiasts, lbank exchange, a premier global digital asset trading platform, has announced the listing of armonia meta chain amax on april 28, 2024', 'users of lbank exchange can take on the new listing opportunity of the amaxusdt trading pair, which will go live at 408 utc.']",weakly_positive,0.2780749999999999,weakly_positive,weakly_positive
24-04-2024,META REPORTS FIRST QUARTER 2024 RESULTS,"MENLO PARK, CALIF. , APRIL 24, 2024 /PRNEWSWIRE/ -- META PLATFORMS, INC. (NASDAQ: META) TODAY REPORTED FINANCIAL RESULTS FOR THE QUARTER ENDED MARCH 31, 2024.","META REPORTS FIRST QUARTER 2024 RESULTS. MENLO PARK, CALIF. , APRIL 24, 2024 /PRNEWSWIRE/ -- META PLATFORMS, INC. (NASDAQ: META) TODAY REPORTED FINANCIAL RESULTS FOR THE QUARTER ENDED MARCH 31, 2024.","['meta reports first quarter 2024 results', 'menlo park, calif', ', april 24, 2024 prnewswire -- meta platforms, inc', 'nasdaq meta today reported financial results for the quarter ended march 31, 2024.']",neutral,0.0,neutral,neutral
22-04-2024,PURPOSELY.AI CREATIVE TEST DELIVERS 162% PERFORMANCE INCREASE FOR FACEBOOK ADS,NEW YORK--(BUSINESS WIRE)--NEW PURPOSELY.AI CREATIVE PILOT DELIVERS 162% PERFORMANCE INCREASE IN FACEBOOK ADS. BETA PARTNERS INVITED TO JOIN NEW AI ADVERTISING PLATFORM.,PURPOSELY.AI CREATIVE TEST DELIVERS 162% PERFORMANCE INCREASE FOR FACEBOOK ADS. NEW YORK--(BUSINESS WIRE)--NEW PURPOSELY.AI CREATIVE PILOT DELIVERS 162% PERFORMANCE INCREASE IN FACEBOOK ADS. BETA PARTNERS INVITED TO JOIN NEW AI ADVERTISING PLATFORM.,"['purposely.ai creative test delivers 162 percent performance increase for facebook ads', 'new york--business wire--new purposely.ai creative pilot delivers 162 percent performance increase in facebook ads', 'beta partners invited to join new ai advertising platform.']",strongly_positive,0.5232666666666667,weakly_positive,weakly_positive
22-04-2024,RWS JOINS META'S OPEN LOOP PROGRAM TO SHAPE FUTURE OF AI POLICY,"CHALFONT ST PETER, ENGLAND--(BUSINESS WIRE)--RWS, A UNIQUE, WORLD-LEADING PROVIDER OF TECHNOLOGY-ENABLED LANGUAGE, CONTENT AND INTELLECTUAL PROPERTY SOLUTIONS, HAS JOINED FORCES WITH INDUSTRY LEADERS TO BRIDGE THE GAP BETWEEN RAPID ADVANCES IN AI INNOVATION AND POLICY-MAKING THROUGH META'S OPEN LOOP PROGRAM. OPEN LOOP IS A GLOBAL PROGRAM THAT CONNECTS POLICYMAKERS AND TECHNOLOGY COMPANIES TO HELP DEVELOP EFFECTIVE AND EVIDENCE-BASED POLICIES AROUND AI AND SPECIFICALLY GENERATIVE AI SYSTEMS. THE.","RWS JOINS META'S OPEN LOOP PROGRAM TO SHAPE FUTURE OF AI POLICY. CHALFONT ST PETER, ENGLAND--(BUSINESS WIRE)--RWS, A UNIQUE, WORLD-LEADING PROVIDER OF TECHNOLOGY-ENABLED LANGUAGE, CONTENT AND INTELLECTUAL PROPERTY SOLUTIONS, HAS JOINED FORCES WITH INDUSTRY LEADERS TO BRIDGE THE GAP BETWEEN RAPID ADVANCES IN AI INNOVATION AND POLICY-MAKING THROUGH META'S OPEN LOOP PROGRAM. OPEN LOOP IS A GLOBAL PROGRAM THAT CONNECTS POLICYMAKERS AND TECHNOLOGY COMPANIES TO HELP DEVELOP EFFECTIVE AND EVIDENCE-BASED POLICIES AROUND AI AND SPECIFICALLY GENERATIVE AI SYSTEMS. THE.","[""rws joins meta's open loop program to shape future of ai policy"", ""chalfont st peter, england--business wire--rws, a unique, world-leading provider of technology-enabled language, content and intellectual property solutions, has joined forces with industry leaders to bridge the gap between rapid advances in ai innovation and policy-making through meta's open loop program"", 'open loop is a global program that connects policymakers and technology companies to help develop effective and evidence-based policies around ai and specifically generative ai systems', 'the.']",weakly_positive,0.366325,weakly_positive,weakly_positive
18-04-2024,STRIKE RUSH: A NEW TEAM-BASED VR ACTION SHOOTER DEBUTS ON META QUEST,"SEOUL, SOUTH KOREA , APRIL 18, 2024 /PRNEWSWIRE/ -- ON APRIL 18TH, 2024, SKONEC ENTERTAINMENT ANNOUNCES THE LAUNCH OF ITS NEW VIRTUAL REALITY TITLE, STRIKE RUSH, FOR META QUEST . WITH TWO DECADES OF DEVELOPMENT EXPERIENCE, THE KOREAN XR COMPANY IS KNOWN FOR CREATING RAILGUN SHOOTERS LIKE OPERATION GHOST AND MORTAL BLITZ VR, NOW ADDING STRIKE RUSH TO THE LIST OF GAMES ON THEIR EVER-EVOLVING ROSTER.","STRIKE RUSH: A NEW TEAM-BASED VR ACTION SHOOTER DEBUTS ON META QUEST. SEOUL, SOUTH KOREA , APRIL 18, 2024 /PRNEWSWIRE/ -- ON APRIL 18TH, 2024, SKONEC ENTERTAINMENT ANNOUNCES THE LAUNCH OF ITS NEW VIRTUAL REALITY TITLE, STRIKE RUSH, FOR META QUEST . WITH TWO DECADES OF DEVELOPMENT EXPERIENCE, THE KOREAN XR COMPANY IS KNOWN FOR CREATING RAILGUN SHOOTERS LIKE OPERATION GHOST AND MORTAL BLITZ VR, NOW ADDING STRIKE RUSH TO THE LIST OF GAMES ON THEIR EVER-EVOLVING ROSTER.","['strike rush a new team-based vr action shooter debuts on meta quest', 'seoul, south korea , april 18, 2024 prnewswire -- on april 18th, 2024, skonec entertainment announces the launch of its new virtual reality title, strike rush, for meta quest ', 'with two decades of development experience, the korean xr company is known for creating railgun shooters like operation ghost and mortal blitz vr, now adding strike rush to the list of games on their ever-evolving roster.']",weakly_positive,0.1388333333333333,weakly_positive,weakly_positive
11-04-2024,TOY MONSTERS BRINGS TACTICAL TABLETOP DEFENSE TO MIXED REALITY WITH TODAY'S LAUNCH ON META QUEST,"STOCKHOLM , APRIL 11, 2024 /PRNEWSWIRE/ -- FAMILY-FRIENDLY FUN DEFENDING AGAINST A MARCH OF MONSTERS ARRIVES IN THE REAL WORLD TODAY COURTESY OF BEYOND FRAMES ENTERTAINMENT'S TOY MONSTERS  (TRAILER), NOW AVAILABLE ON THE META QUEST STORE. INSPIRED BY CLASSICS OF THE TOWER DEFENSE GENRE, TOY MONSTERS DELIVERS A DIGITAL CELEBRATION OF CASUAL STRATEGY THAT YOU CAN SET UP ON ANY PHYSICAL SURFACE THANKS TO THE POWER OF PASSTHROUGH PLAY.","TOY MONSTERS BRINGS TACTICAL TABLETOP DEFENSE TO MIXED REALITY WITH TODAY'S LAUNCH ON META QUEST. STOCKHOLM , APRIL 11, 2024 /PRNEWSWIRE/ -- FAMILY-FRIENDLY FUN DEFENDING AGAINST A MARCH OF MONSTERS ARRIVES IN THE REAL WORLD TODAY COURTESY OF BEYOND FRAMES ENTERTAINMENT'S TOY MONSTERS  (TRAILER), NOW AVAILABLE ON THE META QUEST STORE. INSPIRED BY CLASSICS OF THE TOWER DEFENSE GENRE, TOY MONSTERS DELIVERS A DIGITAL CELEBRATION OF CASUAL STRATEGY THAT YOU CAN SET UP ON ANY PHYSICAL SURFACE THANKS TO THE POWER OF PASSTHROUGH PLAY.","[""toy monsters brings tactical tabletop defense to mixed reality with today's launch on meta quest"", ""stockholm , april 11, 2024 prnewswire -- family-friendly fun defending against a march of monsters arrives in the real world today courtesy of beyond frames entertainment's toy monsters trailer, now available on the meta quest store"", 'inspired by classics of the tower defense genre, toy monsters delivers a digital celebration of casual strategy that you can set up on any physical surface thanks to the power of passthrough play.']",strongly_positive,0.5657333333333333,strongly_positive,strongly_positive
01-04-2024,META TO ANNOUNCE FIRST QUARTER 2024 RESULTS,"MENLO PARK, CALIF., APRIL 1, 2024 /PRNEWSWIRE/ -- META PLATFORMS, INC. (NASDAQ: META) ANNOUNCED TODAY THAT THE COMPANY'S FIRST QUARTER 2024 FINANCIAL RESULTS WILL BE RELEASED AFTER MARKET CLOSE ON WEDNESDAY, APRIL 24, 2024.","META TO ANNOUNCE FIRST QUARTER 2024 RESULTS. MENLO PARK, CALIF., APRIL 1, 2024 /PRNEWSWIRE/ -- META PLATFORMS, INC. (NASDAQ: META) ANNOUNCED TODAY THAT THE COMPANY'S FIRST QUARTER 2024 FINANCIAL RESULTS WILL BE RELEASED AFTER MARKET CLOSE ON WEDNESDAY, APRIL 24, 2024.","['meta to announce first quarter 2024 results', 'menlo park, calif., april 1, 2024 prnewswire -- meta platforms, inc', ""nasdaq meta announced today that the company's first quarter 2024 financial results will be released after market close on wednesday, april 24, 2024.""]",neutral,0.0,neutral,neutral
14-03-2024,UNITE HERE: CONTRACTED FOOD SERVICE WORKERS AT META STRUGGLE TO AFFORD HOUSING AND FOOD DESPITE META'S SURGING PROFITS,"MENLO PARK, CALIF.--(BUSINESS WIRE)---- $META--ACCORDING TO A UNITE HERE REPORT, CONTRACTED FOOD SERVICE WORKERS WORKING IN META CAFETERIAS STRUGGLE TO AFFORD BASIC EXPENSES LIKE RENT AND FOOD.","UNITE HERE: CONTRACTED FOOD SERVICE WORKERS AT META STRUGGLE TO AFFORD HOUSING AND FOOD DESPITE META'S SURGING PROFITS. MENLO PARK, CALIF.--(BUSINESS WIRE)---- $META--ACCORDING TO A UNITE HERE REPORT, CONTRACTED FOOD SERVICE WORKERS WORKING IN META CAFETERIAS STRUGGLE TO AFFORD BASIC EXPENSES LIKE RENT AND FOOD.","[""unite here contracted food service workers at meta struggle to afford housing and food despite meta's surging profits"", 'menlo park, calif.--business wire---- $meta--according to a unite here report, contracted food service workers working in meta cafeterias struggle to afford basic expenses like rent and food.']",weakly_negative,-0.26055,weakly_negative,weakly_negative
12-03-2024,GENSIGHT BIOLOGICS ANNOUNCES INITIAL RESULTS FROM NEW META-ANALYSES ON VISUAL OUTCOMES WITH LUMEVOQ® GENE THERAPY AT NANOS 2024,"PARIS--(BUSINESS WIRE)--REGULATORY NEWS: GENSIGHT BIOLOGICS (EURONEXT: SIGHT, ISIN: FR0013183985, PEA-PME ELIGIBLE), A BIOPHARMA COMPANY FOCUSED ON DEVELOPING AND COMMERCIALIZING INNOVATIVE GENE THERAPIES FOR RETINAL NEURODEGENERATIVE DISEASES AND CENTRAL NERVOUS SYSTEM DISORDERS, TODAY ANNOUNCED INITIAL RESULTS OF NEW META-ANALYSES IN LEBER HEREDITARY OPTIC NEUROPATHY (LHON), WHICH SHOW THOSE TREATED WITH LUMEVOQ® (GS010; LENADOGENE NOLPARVOVEC) GENE THERAPY EXPERIENCED A RATE OF VISUAL RECOVE.","GENSIGHT BIOLOGICS ANNOUNCES INITIAL RESULTS FROM NEW META-ANALYSES ON VISUAL OUTCOMES WITH LUMEVOQ® GENE THERAPY AT NANOS 2024. PARIS--(BUSINESS WIRE)--REGULATORY NEWS: GENSIGHT BIOLOGICS (EURONEXT: SIGHT, ISIN: FR0013183985, PEA-PME ELIGIBLE), A BIOPHARMA COMPANY FOCUSED ON DEVELOPING AND COMMERCIALIZING INNOVATIVE GENE THERAPIES FOR RETINAL NEURODEGENERATIVE DISEASES AND CENTRAL NERVOUS SYSTEM DISORDERS, TODAY ANNOUNCED INITIAL RESULTS OF NEW META-ANALYSES IN LEBER HEREDITARY OPTIC NEUROPATHY (LHON), WHICH SHOW THOSE TREATED WITH LUMEVOQ® (GS010; LENADOGENE NOLPARVOVEC) GENE THERAPY EXPERIENCED A RATE OF VISUAL RECOVE.","['gensight biologics announces initial results from new meta-analyses on visual outcomes with lumevoq gene therapy at nanos 2024', 'paris--business wire--regulatory news gensight biologics euronext sight, isin fr0013183985, pea-pme eligible, a biopharma company focused on developing and commercializing innovative gene therapies for retinal neurodegenerative diseases and central nervous system disorders, today announced initial results of new meta-analyses in leber hereditary optic neuropathy lhon, which show those treated with lumevoq gs010 lenadogene nolparvovec gene therapy experienced a rate of visual recove.']",weakly_positive,0.26335,weakly_positive,weakly_positive
05-03-2024,AREVON AND META ANNOUNCE LONG-TERM CONTRACTS FOR 349 MEGAWATTS OF NEW SOLAR ENERGY,"NEW YORK AND SCOTTSDALE, ARIZ. , MARCH 5, 2024 /PRNEWSWIRE/ -- AREVON ENERGY, INC., A LEADING RENEWABLE ENERGY DEVELOPER, OWNER, AND OPERATOR, AND META PLATFORMS, INC. (NASDAQ: META) HAVE SIGNED TWO LONG-TERM ENVIRONMENTAL ATTRIBUTES PURCHASE AGREEMENTS (EAPA) FOR THE KELSO SOLAR PROJECT IN SCOTT COUNTY, MISSOURI.","AREVON AND META ANNOUNCE LONG-TERM CONTRACTS FOR 349 MEGAWATTS OF NEW SOLAR ENERGY. NEW YORK AND SCOTTSDALE, ARIZ. , MARCH 5, 2024 /PRNEWSWIRE/ -- AREVON ENERGY, INC., A LEADING RENEWABLE ENERGY DEVELOPER, OWNER, AND OPERATOR, AND META PLATFORMS, INC. (NASDAQ: META) HAVE SIGNED TWO LONG-TERM ENVIRONMENTAL ATTRIBUTES PURCHASE AGREEMENTS (EAPA) FOR THE KELSO SOLAR PROJECT IN SCOTT COUNTY, MISSOURI.","['arevon and meta announce long-term contracts for 349 megawatts of new solar energy', 'new york and scottsdale, ariz', ', march 5, 2024 prnewswire -- arevon energy, inc., a leading renewable energy developer, owner, and operator, and meta platforms, inc', 'nasdaq meta have signed two long-term environmental attributes purchase agreements eapa for the kelso solar project in scott county, missouri.']",weakly_positive,0.260075,weakly_positive,weakly_positive
29-02-2024,"META TO PARTICIPATE IN THE MORGAN STANLEY TECHNOLOGY, MEDIA & TELECOM CONFERENCE","MENLO PARK, CALIF. , FEB. 29, 2024 /PRNEWSWIRE/ -- META, INC. (NASDAQ: META) TODAY ANNOUNCED THAT TOM ALISON, HEAD OF FACEBOOK, WILL PARTICIPATE IN THE MORGAN STANLEY TECHNOLOGY, MEDIA & TELECOM CONFERENCE ON MARCH 6, 2024 AT 11 A.M.","META TO PARTICIPATE IN THE MORGAN STANLEY TECHNOLOGY, MEDIA & TELECOM CONFERENCE. MENLO PARK, CALIF. , FEB. 29, 2024 /PRNEWSWIRE/ -- META, INC. (NASDAQ: META) TODAY ANNOUNCED THAT TOM ALISON, HEAD OF FACEBOOK, WILL PARTICIPATE IN THE MORGAN STANLEY TECHNOLOGY, MEDIA & TELECOM CONFERENCE ON MARCH 6, 2024 AT 11 A.M.","['meta to participate in the morgan stanley technology, media telecom conference', 'menlo park, calif', ', feb', '29, 2024 prnewswire -- meta, inc', 'nasdaq meta today announced that tom alison, head of facebook, will participate in the morgan stanley technology, media telecom conference on march 6, 2024 at 11 a.m.']",neutral,0.0,neutral,neutral
20-02-2024,"SOCIAL MEDIA VICTIMS LAW CENTER AND BELLUCK & FOX FILE LAWSUIT AGAINST META, BYTEDANCE, INC., TIKTOK AND METROPOLITAN TRANSPORTATION AUTHORITY ON THE ONE-YEAR ANNIVERSARY OF ZACKERY NAZARIO'S DEATH FROM A “SUBWAY SURFING” ACCIDENT","NEW YORK--(BUSINESS WIRE)--THE SOCIAL MEDIA VICTIMS LAW CENTER AND BELLUCK & FOX, LLP ARE FILING A WRONGFUL DEATH LAWSUIT AGAINST META PLATFORMS, INC., BYTEDANCE, INC., TIKTOK AND THE METROPOLITAN TRANSPORTATION AUTHORITY (MTA) IN THE DEATH OF 15-YEAR-OLD ZACKERY NAZARIO, WHO DIED WHILE RIDING ATOP A SUBWAY CAR TRAVELING ACROSS WILLIAMSBURG BRIDGE IN BROOKLYN, NY AFTER BEING INSPIRED BY “SUBWAY SURFING CHALLENGE” VIDEOS HE WAS EXPOSED TO ON SOCIAL MEDIA. THIS LAWSUIT, WHICH WILL BE FILED LA.","SOCIAL MEDIA VICTIMS LAW CENTER AND BELLUCK & FOX FILE LAWSUIT AGAINST META, BYTEDANCE, INC., TIKTOK AND METROPOLITAN TRANSPORTATION AUTHORITY ON THE ONE-YEAR ANNIVERSARY OF ZACKERY NAZARIO'S DEATH FROM A “SUBWAY SURFING” ACCIDENT. NEW YORK--(BUSINESS WIRE)--THE SOCIAL MEDIA VICTIMS LAW CENTER AND BELLUCK & FOX, LLP ARE FILING A WRONGFUL DEATH LAWSUIT AGAINST META PLATFORMS, INC., BYTEDANCE, INC., TIKTOK AND THE METROPOLITAN TRANSPORTATION AUTHORITY (MTA) IN THE DEATH OF 15-YEAR-OLD ZACKERY NAZARIO, WHO DIED WHILE RIDING ATOP A SUBWAY CAR TRAVELING ACROSS WILLIAMSBURG BRIDGE IN BROOKLYN, NY AFTER BEING INSPIRED BY “SUBWAY SURFING CHALLENGE” VIDEOS HE WAS EXPOSED TO ON SOCIAL MEDIA. THIS LAWSUIT, WHICH WILL BE FILED LA.","[""social media victims law center and belluck fox file lawsuit against meta, bytedance, inc., tiktok and metropolitan transportation authority on the one-year anniversary of zackery nazario's death from a subway surfing accident"", 'new york--business wire--the social media victims law center and belluck fox, llp are filing a wrongful death lawsuit against meta platforms, inc., bytedance, inc., tiktok and the metropolitan transportation authority mta in the death of 15-year-old zackery nazario, who died while riding atop a subway car traveling across williamsburg bridge in brooklyn, ny after being inspired by subway surfing challenge videos he was exposed to on social media', 'this lawsuit, which will be filed la.']",strongly_negative,-0.6668333333333334,strongly_negative,strongly_negative
19-02-2024,META'S BULLY TACTICS ATTEMPT TO REMOVE THREADS SOFTWARE LIMITED TRADEMARK PROTECTIONS,"LONDON--(BUSINESS WIRE)--META THROUGH ITS UK LAWYERS BIRD & BIRD IS ATTEMPTING TO REVOKE THE TRADEMARK PROTECTIONS OF UK SOFTWARE COMPANY THREADS SOFTWARE LIMITED. IT IS THE LATEST BULLYING TACTIC FROM THE GLOBAL GIANT AND OWNER OF THE THREADS SOCIAL MEDIA PLATFORM. WHEN META LAUNCHED ITS THREADS SERVICE, THREADS SOFTWARE WROTE TO THE COMPANY TO OBJECT, POINTING OUT THAT IT OWNS AND USES THE THREADS TRADEMARK IN THE UK AND THAT META'S APP PROVIDES FUNCTIONALITY WHICH COULD EASILY BE CONFUSE.","META'S BULLY TACTICS ATTEMPT TO REMOVE THREADS SOFTWARE LIMITED TRADEMARK PROTECTIONS. LONDON--(BUSINESS WIRE)--META THROUGH ITS UK LAWYERS BIRD & BIRD IS ATTEMPTING TO REVOKE THE TRADEMARK PROTECTIONS OF UK SOFTWARE COMPANY THREADS SOFTWARE LIMITED. IT IS THE LATEST BULLYING TACTIC FROM THE GLOBAL GIANT AND OWNER OF THE THREADS SOCIAL MEDIA PLATFORM. WHEN META LAUNCHED ITS THREADS SERVICE, THREADS SOFTWARE WROTE TO THE COMPANY TO OBJECT, POINTING OUT THAT IT OWNS AND USES THE THREADS TRADEMARK IN THE UK AND THAT META'S APP PROVIDES FUNCTIONALITY WHICH COULD EASILY BE CONFUSE.","[""meta's bully tactics attempt to remove threads software limited trademark protections"", 'london--business wire--meta through its uk lawyers bird bird is attempting to revoke the trademark protections of uk software company threads software limited', 'it is the latest bullying tactic from the global giant and owner of the threads social media platform', ""when meta launched its threads service, threads software wrote to the company to object, pointing out that it owns and uses the threads trademark in the uk and that meta's app provides functionality which could easily be confuse.""]",weakly_negative,-0.30015,weakly_negative,weakly_negative
14-02-2024,HOCK E. TAN AND JOHN ARNOLD TO JOIN META BOARD OF DIRECTORS,"MENLO PARK, CALIF. , FEB. 14, 2024 /PRNEWSWIRE/ -- META TODAY ANNOUNCED THAT HOCK E.","HOCK E. TAN AND JOHN ARNOLD TO JOIN META BOARD OF DIRECTORS. MENLO PARK, CALIF. , FEB. 14, 2024 /PRNEWSWIRE/ -- META TODAY ANNOUNCED THAT HOCK E.","['hock e', 'tan and john arnold to join meta board of directors', 'menlo park, calif', ', feb', '14, 2024 prnewswire -- meta today announced that hock e.']",weakly_positive,0.0591999999999999,weakly_positive,weakly_positive
01-02-2024,META REPORTS FOURTH QUARTER AND FULL YEAR 2023 RESULTS; INITIATES QUARTERLY DIVIDEND,"MENLO PARK, CALIF. , FEB. 1, 2024 /PRNEWSWIRE/ -- META PLATFORMS, INC. (NASDAQ: META) TODAY REPORTED FINANCIAL RESULTS FOR THE QUARTER AND FULL YEAR ENDED DECEMBER 31, 2023.","META REPORTS FOURTH QUARTER AND FULL YEAR 2023 RESULTS; INITIATES QUARTERLY DIVIDEND. MENLO PARK, CALIF. , FEB. 1, 2024 /PRNEWSWIRE/ -- META PLATFORMS, INC. (NASDAQ: META) TODAY REPORTED FINANCIAL RESULTS FOR THE QUARTER AND FULL YEAR ENDED DECEMBER 31, 2023.","['meta reports fourth quarter and full year 2023 results initiates quarterly dividend', 'menlo park, calif', ', feb', '1, 2024 prnewswire -- meta platforms, inc', 'nasdaq meta today reported financial results for the quarter and full year ended december 31, 2023.']",neutral,0.0,neutral,neutral
24-01-2024,READY FOR ACTION: VR EXTRACTION SHOOTER 'GHOSTS OF TABOR' GRADUATES TO META QUEST STORE ON FEBRUARY 8: BEYOND FRAMES,"MORE THAN 500K UNIQUE PLAYERS AND $10M IN REVENUE ACHIEVED ON META QUEST + STEAM TO DATE STOCKHOLM AND PORT CHARLOTTE, FLA. , JAN. 24, 2024 /PRNEWSWIRE/ -- FOLLOWING NEARLY A YEAR OF BASIC TRAINING ON APP LAB, BEYOND FRAMES ENTERTAINMENT AND COMBAT WAFFLE STUDIOS HAVE SET THEIR SIGHTS ON THE META QUEST STORE FOR THE CRITICALLY ACCLAIMED VR EXTRACTION SHOOTER GHOSTS OF TABOR.","READY FOR ACTION: VR EXTRACTION SHOOTER 'GHOSTS OF TABOR' GRADUATES TO META QUEST STORE ON FEBRUARY 8: BEYOND FRAMES. MORE THAN 500K UNIQUE PLAYERS AND $10M IN REVENUE ACHIEVED ON META QUEST + STEAM TO DATE STOCKHOLM AND PORT CHARLOTTE, FLA. , JAN. 24, 2024 /PRNEWSWIRE/ -- FOLLOWING NEARLY A YEAR OF BASIC TRAINING ON APP LAB, BEYOND FRAMES ENTERTAINMENT AND COMBAT WAFFLE STUDIOS HAVE SET THEIR SIGHTS ON THE META QUEST STORE FOR THE CRITICALLY ACCLAIMED VR EXTRACTION SHOOTER GHOSTS OF TABOR.","[""ready for action vr extraction shooter 'ghosts of tabor' graduates to meta quest store on february 8 beyond frames"", 'more than 500k unique players and $10m in revenue achieved on meta quest steam to date stockholm and port charlotte, fla', ', jan', '24, 2024 prnewswire -- following nearly a year of basic training on app lab, beyond frames entertainment and combat waffle studios have set their sights on the meta quest store for the critically acclaimed vr extraction shooter ghosts of tabor.']",weakly_positive,0.115975,weakly_positive,weakly_positive
08-01-2024,META TO ANNOUNCE FOURTH QUARTER AND FULL YEAR 2023 RESULTS,"MENLO PARK, CALIF. , JAN. 8, 2024 /PRNEWSWIRE/ -- META PLATFORMS, INC. (NASDAQ: META) ANNOUNCED TODAY THAT THE COMPANY'S FOURTH QUARTER AND FULL YEAR 2023 FINANCIAL RESULTS WILL BE RELEASED AFTER MARKET CLOSE ON THURSDAY, FEBRUARY 1, 2024.","META TO ANNOUNCE FOURTH QUARTER AND FULL YEAR 2023 RESULTS. MENLO PARK, CALIF. , JAN. 8, 2024 /PRNEWSWIRE/ -- META PLATFORMS, INC. (NASDAQ: META) ANNOUNCED TODAY THAT THE COMPANY'S FOURTH QUARTER AND FULL YEAR 2023 FINANCIAL RESULTS WILL BE RELEASED AFTER MARKET CLOSE ON THURSDAY, FEBRUARY 1, 2024.","['meta to announce fourth quarter and full year 2023 results', 'menlo park, calif', ', jan', '8, 2024 prnewswire -- meta platforms, inc', ""nasdaq meta announced today that the company's fourth quarter and full year 2023 financial results will be released after market close on thursday, february 1, 2024.""]",neutral,0.0,neutral,neutral
07-01-2024,"LBANK EXCHANGE AMPLIFIES GLOBAL DIGITAL CURRENCY OPTIONS WITH META PLUS TOKEN (MTS) ON JANUARY 7, 2024","ROAD TOWN, BRITISH VIRGIN ISLANDS--(NEWSFILE CORP. - JANUARY 7, 2024) - IN A SIGNIFICANT MOVE FOR CRYPTOCURRENCY AND MOBILE TECHNOLOGY ENTHUSIASTS, LBANK EXCHANGE, A PREMIER GLOBAL DIGITAL ASSET TRADING PLATFORM, HAS ANNOUNCED THE LISTING OF META PLUS TOKEN (MTS) ON JANUARY 7, 2024. USERS OF LBANK EXCHANGE CAN BRACE THEMSELVES FOR THE MTS/USDT TRADING PAIR, WHICH WILL GO LIVE AT 12:00 UTC ON THE SLATED DATE.","LBANK EXCHANGE AMPLIFIES GLOBAL DIGITAL CURRENCY OPTIONS WITH META PLUS TOKEN (MTS) ON JANUARY 7, 2024. ROAD TOWN, BRITISH VIRGIN ISLANDS--(NEWSFILE CORP. - JANUARY 7, 2024) - IN A SIGNIFICANT MOVE FOR CRYPTOCURRENCY AND MOBILE TECHNOLOGY ENTHUSIASTS, LBANK EXCHANGE, A PREMIER GLOBAL DIGITAL ASSET TRADING PLATFORM, HAS ANNOUNCED THE LISTING OF META PLUS TOKEN (MTS) ON JANUARY 7, 2024. USERS OF LBANK EXCHANGE CAN BRACE THEMSELVES FOR THE MTS/USDT TRADING PAIR, WHICH WILL GO LIVE AT 12:00 UTC ON THE SLATED DATE.","['lbank exchange amplifies global digital currency options with meta plus token mts on january 7, 2024', 'road town, british virgin islands--newsfile corp', '- january 7, 2024 - in a significant move for cryptocurrency and mobile technology enthusiasts, lbank exchange, a premier global digital asset trading platform, has announced the listing of meta plus token mts on january 7, 2024', 'users of lbank exchange can brace themselves for the mtsusdt trading pair, which will go live at 1200 utc on the slated date.']",weakly_positive,0.1727,weakly_positive,weakly_positive
02-01-2024,"DAIN LEADERS LAUNCHES ‘META CAMPUS', A METAVERSE LEARNING EXPERIENCE PLATFORM","SEOUL, SOUTH KOREA--(BUSINESS WIRE)-- #3DMODEL--DAIN LEADERS UNVEILED META CAMPUS, A DIGITAL-TWIN-BASED METAVERSE LEARNING MANAGEMENT PLATFORM.","DAIN LEADERS LAUNCHES ‘META CAMPUS', A METAVERSE LEARNING EXPERIENCE PLATFORM. SEOUL, SOUTH KOREA--(BUSINESS WIRE)-- #3DMODEL--DAIN LEADERS UNVEILED META CAMPUS, A DIGITAL-TWIN-BASED METAVERSE LEARNING MANAGEMENT PLATFORM.","[""dain leaders launches meta campus', a metaverse learning experience platform"", 'seoul, south korea--business wire-- 3dmodel--dain leaders unveiled meta campus, a digital-twin-based metaverse learning management platform.']",neutral,0.0,neutral,neutral
19-12-2023,"EMPLIFI REPORTS INSTAGRAM REELS OUTPERFORMED ALL OTHER VIDEO CONTENT ACROSS INSTAGRAM, FACEBOOK, AND TIKTOK","NEW YORK--(BUSINESS WIRE)--EMPLIFI, A LEADING CUSTOMER ENGAGEMENT PLATFORM, TODAY RELEASED VIDEO PERFORMANCE DATA FOR BRANDED INSTAGRAM REELS, FACEBOOK REELS AND VIDEOS, AND TIKTOK CONTENT, OFFERING ADVERTISERS VALUABLE INSIGHTS AS THEY DEVELOP SOCIAL MEDIA MARKETING STRATEGIES FOR THE YEAR AHEAD. AFTER ANALYZING 2023 VIDEO PERFORMANCE FOR THOUSANDS OF BRAND-OWNED SOCIAL MEDIA ACCOUNTS USING THE EMPLIFI SOCIAL MARKETING CLOUD, EMPLIFI DISCOVERED INSTAGRAM REELS ARE GENERATING MASSIVE RESULTS FO.","EMPLIFI REPORTS INSTAGRAM REELS OUTPERFORMED ALL OTHER VIDEO CONTENT ACROSS INSTAGRAM, FACEBOOK, AND TIKTOK. NEW YORK--(BUSINESS WIRE)--EMPLIFI, A LEADING CUSTOMER ENGAGEMENT PLATFORM, TODAY RELEASED VIDEO PERFORMANCE DATA FOR BRANDED INSTAGRAM REELS, FACEBOOK REELS AND VIDEOS, AND TIKTOK CONTENT, OFFERING ADVERTISERS VALUABLE INSIGHTS AS THEY DEVELOP SOCIAL MEDIA MARKETING STRATEGIES FOR THE YEAR AHEAD. AFTER ANALYZING 2023 VIDEO PERFORMANCE FOR THOUSANDS OF BRAND-OWNED SOCIAL MEDIA ACCOUNTS USING THE EMPLIFI SOCIAL MARKETING CLOUD, EMPLIFI DISCOVERED INSTAGRAM REELS ARE GENERATING MASSIVE RESULTS FO.","['emplifi reports instagram reels outperformed all other video content across instagram, facebook, and tiktok', 'new york--business wire--emplifi, a leading customer engagement platform, today released video performance data for branded instagram reels, facebook reels and videos, and tiktok content, offering advertisers valuable insights as they develop social media marketing strategies for the year ahead', 'after analyzing 2023 video performance for thousands of brand-owned social media accounts using the emplifi social marketing cloud, emplifi discovered instagram reels are generating massive results fo.']",weakly_positive,0.2423,weakly_positive,weakly_positive
18-12-2023,ADAPTURE RENEWABLES AND META SIGN AGREEMENTS FOR 330 MW OF SOLAR IN ILLINOIS AND ARKANSAS,"OAKLAND, CALIF.--(BUSINESS WIRE)--ADAPTURE RENEWABLES, INC., A DEVELOPER, OWNER, AND OPERATOR OF UTILITY-SCALE SOLAR AND BATTERY ENERGY STORAGE PROJECTS, ANNOUNCED TODAY THE SIGNING OF THREE ENVIRONMENTAL ATTRIBUTES PURCHASE AGREEMENTS (EAPAS) WITH META TO PROCURE 330 MW OF RENEWABLE ENERGY FROM THREE SOLAR PROJECTS UNDER DEVELOPMENT IN ILLINOIS AND ARKANSAS. META IS ONE OF THE LARGEST CORPORATE BUYERS OF RENEWABLE ENERGY, HAVING ACHIEVED NET ZERO EMISSIONS FOR ITS EXISTING GLOBAL OPERATIONS IN.","ADAPTURE RENEWABLES AND META SIGN AGREEMENTS FOR 330 MW OF SOLAR IN ILLINOIS AND ARKANSAS. OAKLAND, CALIF.--(BUSINESS WIRE)--ADAPTURE RENEWABLES, INC., A DEVELOPER, OWNER, AND OPERATOR OF UTILITY-SCALE SOLAR AND BATTERY ENERGY STORAGE PROJECTS, ANNOUNCED TODAY THE SIGNING OF THREE ENVIRONMENTAL ATTRIBUTES PURCHASE AGREEMENTS (EAPAS) WITH META TO PROCURE 330 MW OF RENEWABLE ENERGY FROM THREE SOLAR PROJECTS UNDER DEVELOPMENT IN ILLINOIS AND ARKANSAS. META IS ONE OF THE LARGEST CORPORATE BUYERS OF RENEWABLE ENERGY, HAVING ACHIEVED NET ZERO EMISSIONS FOR ITS EXISTING GLOBAL OPERATIONS IN.","['adapture renewables and meta sign agreements for 330 mw of solar in illinois and arkansas', 'oakland, calif.--business wire--adapture renewables, inc., a developer, owner, and operator of utility-scale solar and battery energy storage projects, announced today the signing of three environmental attributes purchase agreements eapas with meta to procure 330 mw of renewable energy from three solar projects under development in illinois and arkansas', 'meta is one of the largest corporate buyers of renewable energy, having achieved net zero emissions for its existing global operations in.']",weakly_positive,0.3983333333333332,weakly_positive,weakly_positive
30-10-2023,THREADS SOFTWARE LIMITED GIVES META'S INSTAGRAM 30 DAYS TO DESIST FROM USING THE SERVICE NAME THREADS,"LONDON--(BUSINESS WIRE)--UK SOFTWARE COMPANY THREADS SOFTWARE LIMITED AND ITS LAWYERS HAVE TODAY (30 OCTOBER) WRITTEN TO META'S INSTAGRAM GIVING IT 30 DAYS TO STOP USING THE NAME THREADS FOR THEIR SERVICE IN THE UK. IF IT DOES NOT, THREADS SOFTWARE LIMITED WILL SEEK AN INJUNCTION FROM THE ENGLISH COURTS. THREADS - AN INTELLIGENT MESSAGE HUB PROVIDED BY THREADS SOFTWARE LIMITED - WAS CONCEIVED AND TRADEMARKED IN 2012 BY JPY LTD. THE SERVICE HAS BEEN ACTIVELY PROMOTED WORLDWIDE SINCE 2014. IN 201.","THREADS SOFTWARE LIMITED GIVES META'S INSTAGRAM 30 DAYS TO DESIST FROM USING THE SERVICE NAME THREADS. LONDON--(BUSINESS WIRE)--UK SOFTWARE COMPANY THREADS SOFTWARE LIMITED AND ITS LAWYERS HAVE TODAY (30 OCTOBER) WRITTEN TO META'S INSTAGRAM GIVING IT 30 DAYS TO STOP USING THE NAME THREADS FOR THEIR SERVICE IN THE UK. IF IT DOES NOT, THREADS SOFTWARE LIMITED WILL SEEK AN INJUNCTION FROM THE ENGLISH COURTS. THREADS - AN INTELLIGENT MESSAGE HUB PROVIDED BY THREADS SOFTWARE LIMITED - WAS CONCEIVED AND TRADEMARKED IN 2012 BY JPY LTD. THE SERVICE HAS BEEN ACTIVELY PROMOTED WORLDWIDE SINCE 2014. IN 201.","[""threads software limited gives meta's instagram 30 days to desist from using the service name threads"", ""london--business wire--uk software company threads software limited and its lawyers have today 30 october written to meta's instagram giving it 30 days to stop using the name threads for their service in the uk"", 'if it does not, threads software limited will seek an injunction from the english courts', 'threads - an intelligent message hub provided by threads software limited - was conceived and trademarked in 2012 by jpy ltd', 'the service has been actively promoted worldwide since 2014', 'in 201.']",weakly_positive,0.1105666666666666,weakly_positive,weakly_positive
25-10-2023,META REPORTS THIRD QUARTER 2023 RESULTS,"MENLO PARK, CALIF. , OCT. 25, 2023 /PRNEWSWIRE/ -- META PLATFORMS, INC. (NASDAQ: META) TODAY REPORTED FINANCIAL RESULTS FOR THE QUARTER ENDED SEPTEMBER 30, 2023.","META REPORTS THIRD QUARTER 2023 RESULTS. MENLO PARK, CALIF. , OCT. 25, 2023 /PRNEWSWIRE/ -- META PLATFORMS, INC. (NASDAQ: META) TODAY REPORTED FINANCIAL RESULTS FOR THE QUARTER ENDED SEPTEMBER 30, 2023.","['meta reports third quarter 2023 results', 'menlo park, calif', ', oct', '25, 2023 prnewswire -- meta platforms, inc', 'nasdaq meta today reported financial results for the quarter ended september 30, 2023.']",neutral,0.0,neutral,neutral
11-10-2023,KELLER ROHRBACK L.L.P.: FINAL APPROVAL GRANTED IN HISTORIC FACEBOOK PRIVACY SETTLEMENT,"SEATTLE--(BUSINESS WIRE)--ON OCTOBER 10, 2023, DISTRICT COURT JUDGE VINCE CHHABRIA, ISSUED AN ORDER GRANTING FINAL APPROVAL OF THE $725 MILLION CLASS ACTION SETTLEMENT IN IN RE: FACEBOOK, INC. CONSUMER PRIVACY USER PROFILE LITIGATION. NO. 3:18-MD-02843-VC. THE SETTLEMENT REPRESENTS THE LARGEST RECOVERY EVER ACHIEVED IN A DATA PRIVACY CLASS ACTION AND THE MOST FACEBOOK HAS EVER PAID TO RESOLVE A PRIVATE CLASS ACTION. ONCE THE APPEAL PERIOD HAS RUN, THE ORDER PAVES THE WAY FOR THE SETTLEMENT ADMI.","KELLER ROHRBACK L.L.P.: FINAL APPROVAL GRANTED IN HISTORIC FACEBOOK PRIVACY SETTLEMENT. SEATTLE--(BUSINESS WIRE)--ON OCTOBER 10, 2023, DISTRICT COURT JUDGE VINCE CHHABRIA, ISSUED AN ORDER GRANTING FINAL APPROVAL OF THE $725 MILLION CLASS ACTION SETTLEMENT IN IN RE: FACEBOOK, INC. CONSUMER PRIVACY USER PROFILE LITIGATION. NO. 3:18-MD-02843-VC. THE SETTLEMENT REPRESENTS THE LARGEST RECOVERY EVER ACHIEVED IN A DATA PRIVACY CLASS ACTION AND THE MOST FACEBOOK HAS EVER PAID TO RESOLVE A PRIVATE CLASS ACTION. ONCE THE APPEAL PERIOD HAS RUN, THE ORDER PAVES THE WAY FOR THE SETTLEMENT ADMI.","['keller rohrback l.l.p', 'final approval granted in historic facebook privacy settlement', 'seattle--business wire--on october 10, 2023, district court judge vince chhabria, issued an order granting final approval of the $725 million class action settlement in in re facebook, inc', 'consumer privacy user profile litigation', 'no', '318-md-02843-vc', 'the settlement represents the largest recovery ever achieved in a data privacy class action and the most facebook has ever paid to resolve a private class action', 'once the appeal period has run, the order paves the way for the settlement admi.']",weakly_positive,0.1460125,weakly_positive,weakly_positive
02-10-2023,META TO ANNOUNCE THIRD QUARTER 2023 RESULTS,"MENLO PARK, CALIF. , OCT. 2, 2023 /PRNEWSWIRE/ -- META PLATFORMS, INC. (NASDAQ: META) ANNOUNCED TODAY THAT THE COMPANY'S THIRD QUARTER 2023 FINANCIAL RESULTS WILL BE RELEASED AFTER MARKET CLOSE ON WEDNESDAY, OCTOBER 25, 2023.","META TO ANNOUNCE THIRD QUARTER 2023 RESULTS. MENLO PARK, CALIF. , OCT. 2, 2023 /PRNEWSWIRE/ -- META PLATFORMS, INC. (NASDAQ: META) ANNOUNCED TODAY THAT THE COMPANY'S THIRD QUARTER 2023 FINANCIAL RESULTS WILL BE RELEASED AFTER MARKET CLOSE ON WEDNESDAY, OCTOBER 25, 2023.","['meta to announce third quarter 2023 results', 'menlo park, calif', ', oct', '2, 2023 prnewswire -- meta platforms, inc', ""nasdaq meta announced today that the company's third quarter 2023 financial results will be released after market close on wednesday, october 25, 2023.""]",neutral,0.0,neutral,neutral
27-09-2023,ESSILORLUXOTTICA: RAY-BAN AND META LAUNCH THE NEXT GENERATION OF SMART GLASSES,"RAY-BAN AND META LAUNCH THE NEXT GENERATION OF SMART GLASSES THE NEW RAY-BAN I META SMART GLASSES FEATURES META AI, ADVANCED AUDIO AND CAMERA CAPABILITIES, DESIGN CUSTOMIZATION OPPORTUNITIES, AND EXPANDED EUROPEAN DISTRIBUTION M ENLO PARK, CALIFORNIA, AND CHARENTON -LE-PONT, FRANCE (SEPTEMBER 27, 2023 – 11:00 AM PST) – META PLATFORMS, INC. AND ESSILORLUXOTTICA INTRODUCED THEIR NEXT GENERATION OF SMART GLASSES, THE RAY-BAN META SMART GLASSES, TODAY DURING THE ANNUAL META CONNECT EVENT.   THE NEW COLLECTION OFFERS THE FIRST EVER EYEWEAR WITH LIVE STREAMING AND META AI BUILT-IN, HIGHER QUALITY CAMERA, AND IMPROVED AUDIO AND MICROPHONE SYSTEMS PAIRED WITH A REDESIGNED, MORE INTUITIVE APP AND CHARGING CASE.","ESSILORLUXOTTICA: RAY-BAN AND META LAUNCH THE NEXT GENERATION OF SMART GLASSES. RAY-BAN AND META LAUNCH THE NEXT GENERATION OF SMART GLASSES THE NEW RAY-BAN I META SMART GLASSES FEATURES META AI, ADVANCED AUDIO AND CAMERA CAPABILITIES, DESIGN CUSTOMIZATION OPPORTUNITIES, AND EXPANDED EUROPEAN DISTRIBUTION M ENLO PARK, CALIFORNIA, AND CHARENTON -LE-PONT, FRANCE (SEPTEMBER 27, 2023 – 11:00 AM PST) – META PLATFORMS, INC. AND ESSILORLUXOTTICA INTRODUCED THEIR NEXT GENERATION OF SMART GLASSES, THE RAY-BAN META SMART GLASSES, TODAY DURING THE ANNUAL META CONNECT EVENT.   THE NEW COLLECTION OFFERS THE FIRST EVER EYEWEAR WITH LIVE STREAMING AND META AI BUILT-IN, HIGHER QUALITY CAMERA, AND IMPROVED AUDIO AND MICROPHONE SYSTEMS PAIRED WITH A REDESIGNED, MORE INTUITIVE APP AND CHARGING CASE.","['essilorluxottica ray-ban and meta launch the next generation of smart glasses', 'ray-ban and meta launch the next generation of smart glasses the new ray-ban i meta smart glasses features meta ai, advanced audio and camera capabilities, design customization opportunities, and expanded european distribution m enlo park, california, and charenton -le-pont, france september 27, 2023 1100 am pst meta platforms, inc', 'and essilorluxottica introduced their next generation of smart glasses, the ray-ban meta smart glasses, today during the annual meta connect event', 'the new collection offers the first ever eyewear with live streaming and meta ai built-in, higher quality camera, and improved audio and microphone systems paired with a redesigned, more intuitive app and charging case.']",strongly_positive,0.594625,strongly_positive,strongly_positive
25-09-2023,'BREAK THE META': HERMAN MILLER GAMING AND G2 ESPORTS LAUNCH LIMITED-EDITION EMBODY GAMING CHAIR,"BERLIN , SEPT. 25, 2023 /PRNEWSWIRE/ -- G2 ESPORTS, ONE OF THE WORLD'S MOST DISTINCTIVE AND SUCCESSFUL ESPORTS AND ENTERTAINMENT BRANDS, AND HERMAN MILLER GAMING, A GLOBAL LEADER IN INNOVATIVE DESIGN KNOWN FOR PRODUCING SOME OF THE BEST SEATING SOLUTIONS IN THE WORLD, WILL TAKE THEIR PARTNERSHIP TO THE NEXT LEVEL, RELEASING A LIMITED-EDITION MODEL OF HERMAN MILLER GAMING'S AWARD-WINNING EMBODY GAMING CHAIR.","'BREAK THE META': HERMAN MILLER GAMING AND G2 ESPORTS LAUNCH LIMITED-EDITION EMBODY GAMING CHAIR. BERLIN , SEPT. 25, 2023 /PRNEWSWIRE/ -- G2 ESPORTS, ONE OF THE WORLD'S MOST DISTINCTIVE AND SUCCESSFUL ESPORTS AND ENTERTAINMENT BRANDS, AND HERMAN MILLER GAMING, A GLOBAL LEADER IN INNOVATIVE DESIGN KNOWN FOR PRODUCING SOME OF THE BEST SEATING SOLUTIONS IN THE WORLD, WILL TAKE THEIR PARTNERSHIP TO THE NEXT LEVEL, RELEASING A LIMITED-EDITION MODEL OF HERMAN MILLER GAMING'S AWARD-WINNING EMBODY GAMING CHAIR.","[""'break the meta' herman miller gaming and g2 esports launch limited-edition embody gaming chair"", 'berlin , sept', ""25, 2023 prnewswire -- g2 esports, one of the world's most distinctive and successful esports and entertainment brands, and herman miller gaming, a global leader in innovative design known for producing some of the best seating solutions in the world, will take their partnership to the next level, releasing a limited-edition model of herman miller gaming's award-winning embody gaming chair.""]",weakly_positive,0.3132999999999999,weakly_positive,weakly_positive
07-09-2023,EMPOWER MEDIA HIRES GLOBAL EXECUTIVES FROM META AND GROUPM,"NEW YORK--(BUSINESS WIRE)-- #ADVERTISING--EMPOWER MEDIA, THE LARGEST WOMAN-OWNED MEDIA AGENCY IN AMERICA, HAS HIRED TWO WIDELY RESPECTED INDUSTRY VETERANS, YATING SUN AND ART ZAMBIANCHI.","EMPOWER MEDIA HIRES GLOBAL EXECUTIVES FROM META AND GROUPM. NEW YORK--(BUSINESS WIRE)-- #ADVERTISING--EMPOWER MEDIA, THE LARGEST WOMAN-OWNED MEDIA AGENCY IN AMERICA, HAS HIRED TWO WIDELY RESPECTED INDUSTRY VETERANS, YATING SUN AND ART ZAMBIANCHI.","['empower media hires global executives from meta and groupm', 'new york--business wire-- advertising--empower media, the largest woman-owned media agency in america, has hired two widely respected industry veterans, yating sun and art zambianchi.']",weakly_positive,0.23835,weakly_positive,weakly_positive
29-08-2023,BLOK WELCOMES PARTNERSHIP WITH META REALTY,"AUSTIN, TEXAS--(BUSINESS WIRE)--BLOK IS PROUD TO ANNOUNCE THAT META REALTY, A BROKERAGE BASED IN AUSTIN, TEXAS, HAS BECOME ITS LATEST PARTNER. META REALTY, HEADED UP BY KEVIN KNIGHT AND ERIN JONES, HAS PLANS TO GRADUALLY SCALE ITS OPERATIONS THROUGH CENTRAL TEXAS AND EMBRACE THE LATEST TECHNOLOGY WHILE PROVIDING COMPLETE AGENT SUPPORT. KEVIN AND ERIN FOUND BLOK'S MANAGEMENT OF THE BACK-END SYSTEMS AND SUPPORT SERVICES SPECIFICALLY APPEALING, EFFECTIVELY DOING AWAY WITH THEIR TEAM HAVING TO EVAL.","BLOK WELCOMES PARTNERSHIP WITH META REALTY. AUSTIN, TEXAS--(BUSINESS WIRE)--BLOK IS PROUD TO ANNOUNCE THAT META REALTY, A BROKERAGE BASED IN AUSTIN, TEXAS, HAS BECOME ITS LATEST PARTNER. META REALTY, HEADED UP BY KEVIN KNIGHT AND ERIN JONES, HAS PLANS TO GRADUALLY SCALE ITS OPERATIONS THROUGH CENTRAL TEXAS AND EMBRACE THE LATEST TECHNOLOGY WHILE PROVIDING COMPLETE AGENT SUPPORT. KEVIN AND ERIN FOUND BLOK'S MANAGEMENT OF THE BACK-END SYSTEMS AND SUPPORT SERVICES SPECIFICALLY APPEALING, EFFECTIVELY DOING AWAY WITH THEIR TEAM HAVING TO EVAL.","['blok welcomes partnership with meta realty', 'austin, texas--business wire--blok is proud to announce that meta realty, a brokerage based in austin, texas, has become its latest partner', 'meta realty, headed up by kevin knight and erin jones, has plans to gradually scale its operations through central texas and embrace the latest technology while providing complete agent support', ""kevin and erin found blok's management of the back-end systems and support services specifically appealing, effectively doing away with their team having to eval.""]",strongly_positive,0.54295,weakly_positive,weakly_positive
29-08-2023,META REALTY ANNOUNCES ITS PARTNERSHIP WITH BLOK,"AUSTIN, TEXAS--(BUSINESS WIRE)--META REALTY, AN ESTATE AGENCY OWNED BY KEVIN KNIGHT AND ERIN JONES, IS EXCITED TO ANNOUNCE ITS PARTNERSHIP WITH BLOK, TO PROVIDE THEIR DAY-TO-DAY MANAGEMENT, BROKERAGE TECHNOLOGY AND BACK OFFICE SUPPORT STRUCTURE. “WE WANT META REALTY TO BE A WELL-OILED MACHINE, A SUM OF PARTS ALL WORKING EFFORTLESSLY WITHIN A SYSTEM,” SAYS KEVIN. HE AND ERIN HAVE PLANS TO GRADUALLY EXPAND META REALTY'S OPERATIONS THROUGH CENTRAL TEXAS AND INTO OTHER METROS ACROSS THE COUNTRY. “B.","META REALTY ANNOUNCES ITS PARTNERSHIP WITH BLOK. AUSTIN, TEXAS--(BUSINESS WIRE)--META REALTY, AN ESTATE AGENCY OWNED BY KEVIN KNIGHT AND ERIN JONES, IS EXCITED TO ANNOUNCE ITS PARTNERSHIP WITH BLOK, TO PROVIDE THEIR DAY-TO-DAY MANAGEMENT, BROKERAGE TECHNOLOGY AND BACK OFFICE SUPPORT STRUCTURE. “WE WANT META REALTY TO BE A WELL-OILED MACHINE, A SUM OF PARTS ALL WORKING EFFORTLESSLY WITHIN A SYSTEM,” SAYS KEVIN. HE AND ERIN HAVE PLANS TO GRADUALLY EXPAND META REALTY'S OPERATIONS THROUGH CENTRAL TEXAS AND INTO OTHER METROS ACROSS THE COUNTRY. “B.","['meta realty announces its partnership with blok', 'austin, texas--business wire--meta realty, an estate agency owned by kevin knight and erin jones, is excited to announce its partnership with blok, to provide their day-to-day management, brokerage technology and back office support structure', 'we want meta realty to be a well-oiled machine, a sum of parts all working effortlessly within a system, says kevin', ""he and erin have plans to gradually expand meta realty's operations through central texas and into other metros across the country"", 'b.']",weakly_positive,0.20406,weakly_positive,weakly_positive
29-08-2023,"META TRADING CLUB LAUNCHES GROUNDBREAKING MTC INCUBATOR PROGRAM, TRANSFORMING TRADING, AND INVESTING EDUCATION","TORONTO, ONTARIO--(NEWSFILE CORP. - AUGUST 29, 2023) - META TRADING CLUB (MTC), A LEADING TRADING AND INVESTING EDUCATION PLATFORM, HAS LAUNCHED ITS GROUNDBREAKING NEW MTC INCUBATOR PROGRAM. THIS 4-WEEK LIVE COMPREHENSIVE PROGRAM REDEFINES TRADING AND INVESTING EDUCATION, EMPOWERING TRADERS AND INVESTORS WITH THE INSIGHTS, SKILLS, AND TOOLS THEY NEED TO NAVIGATE TODAY'S FAST-PACED FINANCIAL MARKETS.","META TRADING CLUB LAUNCHES GROUNDBREAKING MTC INCUBATOR PROGRAM, TRANSFORMING TRADING, AND INVESTING EDUCATION. TORONTO, ONTARIO--(NEWSFILE CORP. - AUGUST 29, 2023) - META TRADING CLUB (MTC), A LEADING TRADING AND INVESTING EDUCATION PLATFORM, HAS LAUNCHED ITS GROUNDBREAKING NEW MTC INCUBATOR PROGRAM. THIS 4-WEEK LIVE COMPREHENSIVE PROGRAM REDEFINES TRADING AND INVESTING EDUCATION, EMPOWERING TRADERS AND INVESTORS WITH THE INSIGHTS, SKILLS, AND TOOLS THEY NEED TO NAVIGATE TODAY'S FAST-PACED FINANCIAL MARKETS.","['meta trading club launches groundbreaking mtc incubator program, transforming trading, and investing education', 'toronto, ontario--newsfile corp', '- august 29, 2023 - meta trading club mtc, a leading trading and investing education platform, has launched its groundbreaking new mtc incubator program', ""this 4-week live comprehensive program redefines trading and investing education, empowering traders and investors with the insights, skills, and tools they need to navigate today's fast-paced financial markets.""]",weakly_positive,0.0945,weakly_positive,weakly_positive
22-08-2023,MEDIATEK LEVERAGES META'S LLAMA 2 TO ENHANCE ON-DEVICE GENERATIVE AI IN EDGE DEVICES,"HSINCHU, AUG. 22, 2023 /PRNEWSWIRE/ -- MEDIATEK, A LEADING GLOBAL FABLESS SEMICONDUCTOR POWERING MORE THAN TWO BILLION CONNECTED EDGE DEVICES EVERY YEAR, TODAY ANNOUNCED IT IS WORKING CLOSELY WITH META'S LLAMA 2, THE COMPANY'S NEXT-GENERATION OPEN-SOURCE LARGE LANGUAGE MODEL (LLM). UTILIZING META'S LLM AS WELL AS MEDIATEK'S LATEST APUS AND NEUROPILOT AI PLATFORM, MEDIATEK AIMS TO BUILD A COMPLETE EDGE COMPUTING ECOSYSTEM DESIGNED TO ACCELERATE AI APPLICATION DEVELOPMENT ON SMARTPHONES, IOT, VEHICLES, SMART HOME, AND OTHER EDGE DEVICES.","MEDIATEK LEVERAGES META'S LLAMA 2 TO ENHANCE ON-DEVICE GENERATIVE AI IN EDGE DEVICES. HSINCHU, AUG. 22, 2023 /PRNEWSWIRE/ -- MEDIATEK, A LEADING GLOBAL FABLESS SEMICONDUCTOR POWERING MORE THAN TWO BILLION CONNECTED EDGE DEVICES EVERY YEAR, TODAY ANNOUNCED IT IS WORKING CLOSELY WITH META'S LLAMA 2, THE COMPANY'S NEXT-GENERATION OPEN-SOURCE LARGE LANGUAGE MODEL (LLM). UTILIZING META'S LLM AS WELL AS MEDIATEK'S LATEST APUS AND NEUROPILOT AI PLATFORM, MEDIATEK AIMS TO BUILD A COMPLETE EDGE COMPUTING ECOSYSTEM DESIGNED TO ACCELERATE AI APPLICATION DEVELOPMENT ON SMARTPHONES, IOT, VEHICLES, SMART HOME, AND OTHER EDGE DEVICES.","[""mediatek leverages meta's llama 2 to enhance on-device generative ai in edge devices"", 'hsinchu, aug', ""22, 2023 prnewswire -- mediatek, a leading global fabless semiconductor powering more than two billion connected edge devices every year, today announced it is working closely with meta's llama 2, the company's next-generation open-source large language model llm"", ""utilizing meta's llm as well as mediatek's latest apus and neuropilot ai platform, mediatek aims to build a complete edge computing ecosystem designed to accelerate ai application development on smartphones, iot, vehicles, smart home, and other edge devices.""]",weakly_positive,0.146475,weakly_positive,weakly_positive
22-08-2023,"FILESHADOW LAUNCHES FACEBOOK CONNECTOR, GIVING SMALL BUSINESSES THE POWER TO COLLECT AND POST IMAGES TO SOCIAL MEDIA","PROVO, UTAH--(BUSINESS WIRE)-- #CLOUDSTORAGE--FILESHADOW HAS ENABLED SMALL BUSINESSES AND INDIVIDUALS TO PUBLISH CONTENT FROM THEIR FILESHADOW LIBRARIES TO FACEBOOK PAGES.","FILESHADOW LAUNCHES FACEBOOK CONNECTOR, GIVING SMALL BUSINESSES THE POWER TO COLLECT AND POST IMAGES TO SOCIAL MEDIA. PROVO, UTAH--(BUSINESS WIRE)-- #CLOUDSTORAGE--FILESHADOW HAS ENABLED SMALL BUSINESSES AND INDIVIDUALS TO PUBLISH CONTENT FROM THEIR FILESHADOW LIBRARIES TO FACEBOOK PAGES.","['fileshadow launches facebook connector, giving small businesses the power to collect and post images to social media', 'provo, utah--business wire-- cloudstorage--fileshadow has enabled small businesses and individuals to publish content from their fileshadow libraries to facebook pages.']",weakly_positive,0.17,weakly_positive,weakly_positive
21-08-2023,PECAN AI RECOGNIZED AS META BUSINESS PARTNER FOR MARKETING MEASUREMENT,"NEW YORK & TEL AVIV, ISRAEL--(BUSINESS WIRE)-- #YOUCANWITHPECAN--META HAS NAMED PECAN AI A META BUSINESS PARTNER FOR MEASUREMENT, RECOGNIZING DEEP EXPERIENCE IN MARKETING MIX MODELING AND AI-POWERED MEASUREMENT.","PECAN AI RECOGNIZED AS META BUSINESS PARTNER FOR MARKETING MEASUREMENT. NEW YORK & TEL AVIV, ISRAEL--(BUSINESS WIRE)-- #YOUCANWITHPECAN--META HAS NAMED PECAN AI A META BUSINESS PARTNER FOR MEASUREMENT, RECOGNIZING DEEP EXPERIENCE IN MARKETING MIX MODELING AND AI-POWERED MEASUREMENT.","['pecan ai recognized as meta business partner for marketing measurement', 'new york tel aviv, israel--business wire-- youcanwithpecan--meta has named pecan ai a meta business partner for measurement, recognizing deep experience in marketing mix modeling and ai-powered measurement.']",neutral,0.0,neutral,neutral
08-08-2023,STINGRAY WITHDRAWS ADVERTISING FROM META PLATFORMS,"MONTREAL, AUG. 08, 2023 (GLOBE NEWSWIRE) -- STINGRAY (TSX: RAY.A; RAY.B), A LEADING MUSIC, MEDIA, AND TECHNOLOGY COMPANY, TODAY ANNOUNCED ITS DECISION TO IMMEDIATELY SUSPEND ALL ADVERTISING OF ITS PRODUCTS ON FACEBOOK AND INSTAGRAM IN CANADA. THIS DECISION COMES IN RESPONSE TO META'S RECENT ACTIONS REGARDING CANADIAN JOURNALISTIC CONTENT ON ITS PLATFORMS, IN LIGHT OF THE ONLINE NEWS ACT (BILL C-18) AND IN SUPPORT OF CANADIAN NEWS MEDIA PUBLISHERS.","STINGRAY WITHDRAWS ADVERTISING FROM META PLATFORMS. MONTREAL, AUG. 08, 2023 (GLOBE NEWSWIRE) -- STINGRAY (TSX: RAY.A; RAY.B), A LEADING MUSIC, MEDIA, AND TECHNOLOGY COMPANY, TODAY ANNOUNCED ITS DECISION TO IMMEDIATELY SUSPEND ALL ADVERTISING OF ITS PRODUCTS ON FACEBOOK AND INSTAGRAM IN CANADA. THIS DECISION COMES IN RESPONSE TO META'S RECENT ACTIONS REGARDING CANADIAN JOURNALISTIC CONTENT ON ITS PLATFORMS, IN LIGHT OF THE ONLINE NEWS ACT (BILL C-18) AND IN SUPPORT OF CANADIAN NEWS MEDIA PUBLISHERS.","['stingray withdraws advertising from meta platforms', 'montreal, aug', '08, 2023 globe newswire -- stingray tsx ray.a ray.b, a leading music, media, and technology company, today announced its decision to immediately suspend all advertising of its products on facebook and instagram in canada', ""this decision comes in response to meta's recent actions regarding canadian journalistic content on its platforms, in light of the online news act bill c-18 and in support of canadian news media publishers.""]",neutral,0.020925,weakly_positive,weakly_positive
08-08-2023,"SIBA 10TH ANNIVERSARY CONCERT IS OVER, META48 HOLDINGS LTD. ACCELERATE THE LAYOUT OF META-UNIVERSE","THE 2023 SNH48 GROUP ANNUAL YOUTH CEREMONY AND THE 10TH ANNIVERSARY CONCERT OF THE SIBA FAMILY, SPONSORED BY META48 META-UNIVERSE, ENDED SUCCESSFULLY IN SHANGHAI. SHANGHAI, CHINA--(NEWSFILE CORP. - AUGUST 8, 2023) - ON THE EVENING OF AUGUST 5TH, THE 2023, SNH48 GROUP ANNUAL YOUTH CEREMONY AND THE 10TH ANNIVERSARY CONCERT OF THE SIBA FAMILY, SPONSORED BY META48 META-UNIVERSE (WWW.META48.COM), ENDED SUCCESSFULLY IN SHANGHAI.","SIBA 10TH ANNIVERSARY CONCERT IS OVER, META48 HOLDINGS LTD. ACCELERATE THE LAYOUT OF META-UNIVERSE. THE 2023 SNH48 GROUP ANNUAL YOUTH CEREMONY AND THE 10TH ANNIVERSARY CONCERT OF THE SIBA FAMILY, SPONSORED BY META48 META-UNIVERSE, ENDED SUCCESSFULLY IN SHANGHAI. SHANGHAI, CHINA--(NEWSFILE CORP. - AUGUST 8, 2023) - ON THE EVENING OF AUGUST 5TH, THE 2023, SNH48 GROUP ANNUAL YOUTH CEREMONY AND THE 10TH ANNIVERSARY CONCERT OF THE SIBA FAMILY, SPONSORED BY META48 META-UNIVERSE (WWW.META48.COM), ENDED SUCCESSFULLY IN SHANGHAI.","['siba 10th anniversary concert is over, meta48 holdings ltd', 'accelerate the layout of meta-universe', 'the 2023 snh48 group annual youth ceremony and the 10th anniversary concert of the siba family, sponsored by meta48 meta-universe, ended successfully in shanghai', 'shanghai, china--newsfile corp', '- august 8, 2023 - on the evening of august 5th, the 2023, snh48 group annual youth ceremony and the 10th anniversary concert of the siba family, sponsored by meta48 meta-universe ended successfully in shanghai.']",weakly_positive,0.19756,weakly_positive,weakly_positive
26-07-2023,META REPORTS SECOND QUARTER 2023 RESULTS,"MENLO PARK, CALIF. , JULY 26, 2023 /PRNEWSWIRE/ -- META PLATFORMS, INC. (NASDAQ: META) TODAY REPORTED FINANCIAL RESULTS FOR THE QUARTER ENDED JUNE 30, 2023.","META REPORTS SECOND QUARTER 2023 RESULTS. MENLO PARK, CALIF. , JULY 26, 2023 /PRNEWSWIRE/ -- META PLATFORMS, INC. (NASDAQ: META) TODAY REPORTED FINANCIAL RESULTS FOR THE QUARTER ENDED JUNE 30, 2023.","['meta reports second quarter 2023 results', 'menlo park, calif', ', july 26, 2023 prnewswire -- meta platforms, inc', 'nasdaq meta today reported financial results for the quarter ended june 30, 2023.']",neutral,0.0,neutral,neutral
17-07-2023,VIDEOAMP ANNOUNCES INTEGRATION WITH META'S LIFT API TO MEASURE TUNE-IN ADVERTISING EFFECTIVENESS,"NEW YORK--(BUSINESS WIRE)--VIDEOAMP'S INTEGRATION WITH META WILL NOW INCLUDE LIFT MEASUREMENT, ENABLING ADVERTISERS TO ASSESS THE INCREMENTAL IMPACT OF FACEBOOK AND INSTAGRAM ADS ON DRIVING TUNE-IN TO TV CONTENT USING RANDOMIZED CONTROLLED TRIALS (RCT) TO DETERMINE CONVERSION LIFT. THE OFFERING CATERS TO ENTERTAINMENT BRANDS THAT ARE LOOKING TO DETERMINISTICALLY QUANTIFY THE IMPACT OF META PROPERTIES, LIKE FACEBOOK AND INSTAGRAM, ON DRIVING VIEWER TUNE-IN. THE INSIGHTS GLEANED MAY BE USED TO IN.","VIDEOAMP ANNOUNCES INTEGRATION WITH META'S LIFT API TO MEASURE TUNE-IN ADVERTISING EFFECTIVENESS. NEW YORK--(BUSINESS WIRE)--VIDEOAMP'S INTEGRATION WITH META WILL NOW INCLUDE LIFT MEASUREMENT, ENABLING ADVERTISERS TO ASSESS THE INCREMENTAL IMPACT OF FACEBOOK AND INSTAGRAM ADS ON DRIVING TUNE-IN TO TV CONTENT USING RANDOMIZED CONTROLLED TRIALS (RCT) TO DETERMINE CONVERSION LIFT. THE OFFERING CATERS TO ENTERTAINMENT BRANDS THAT ARE LOOKING TO DETERMINISTICALLY QUANTIFY THE IMPACT OF META PROPERTIES, LIKE FACEBOOK AND INSTAGRAM, ON DRIVING VIEWER TUNE-IN. THE INSIGHTS GLEANED MAY BE USED TO IN.","[""videoamp announces integration with meta's lift api to measure tune-in advertising effectiveness"", ""new york--business wire--videoamp's integration with meta will now include lift measurement, enabling advertisers to assess the incremental impact of facebook and instagram ads on driving tune-in to tv content using randomized controlled trials rct to determine conversion lift"", 'the offering caters to entertainment brands that are looking to deterministically quantify the impact of meta properties, like facebook and instagram, on driving viewer tune-in', 'the insights gleaned may be used to in.']",weakly_positive,0.16215,weakly_positive,weakly_positive
12-07-2023,LEGITSCRIPT AND META PARTNER TO ENABLE CERTIFIED CBD BUSINESSES TO ADVERTISE ON META PLATFORMS,"PORTLAND, ORE.--(BUSINESS WIRE)-- #CBD--LEGITSCRIPT, THE LEADER IN MERCHANT AND PRODUCT CERTIFICATION AND MONITORING IN THE E-COMMERCE AND PAYMENT SECTORS, HAS PARTNERED WITH META TO CERTIFY CERTAIN TOPICAL, NON-INGESTIBLE CBD PRODUCTS AND THE WEBSITES THAT MARKET THEM. LEGITSCRIPT OFFERS THE ONLY CERTIFICATION PROGRAM AUTHORIZED BY META TO VET ADVERTISERS FOR ELIGIBLE CBD PRODUCTS AND WEBSITES. EFFECTIVE IMMEDIATELY, META NOW RECOGNIZES LEGITSCRIPT CERTIFICATION FOR CBD WEBSITES. BEING LEGITSCRIPT-CE.","LEGITSCRIPT AND META PARTNER TO ENABLE CERTIFIED CBD BUSINESSES TO ADVERTISE ON META PLATFORMS. PORTLAND, ORE.--(BUSINESS WIRE)-- #CBD--LEGITSCRIPT, THE LEADER IN MERCHANT AND PRODUCT CERTIFICATION AND MONITORING IN THE E-COMMERCE AND PAYMENT SECTORS, HAS PARTNERED WITH META TO CERTIFY CERTAIN TOPICAL, NON-INGESTIBLE CBD PRODUCTS AND THE WEBSITES THAT MARKET THEM. LEGITSCRIPT OFFERS THE ONLY CERTIFICATION PROGRAM AUTHORIZED BY META TO VET ADVERTISERS FOR ELIGIBLE CBD PRODUCTS AND WEBSITES. EFFECTIVE IMMEDIATELY, META NOW RECOGNIZES LEGITSCRIPT CERTIFICATION FOR CBD WEBSITES. BEING LEGITSCRIPT-CE.","['legitscript and meta partner to enable certified cbd businesses to advertise on meta platforms', 'portland, ore.--business wire-- cbd--legitscript, the leader in merchant and product certification and monitoring in the e-commerce and payment sectors, has partnered with meta to certify certain topical, non-ingestible cbd products and the websites that market them', 'legitscript offers the only certification program authorized by meta to vet advertisers for eligible cbd products and websites', 'effective immediately, meta now recognizes legitscript certification for cbd websites', 'being legitscript-ce.']",weakly_positive,0.14998,weakly_positive,weakly_positive
07-07-2023,POSTMEDIA PAUSES DIRECT COMPANY ADVERTISING ON META PLATFORMS,"TORONTO--(BUSINESS WIRE)--ADDING TO THE WAVE OF SUPPORT FOR THE CANADIAN NEWS INDUSTRY IN THE FACE OF THE UNFAIR ACTIONS OF DOMINANT DIGITAL PLAYERS, POSTMEDIA HAS PAUSED ALL DIRECT COMPANY ADVERTISING ON META PLATFORMS INCLUDING FACEBOOK AND INSTAGRAM. “OUR GOVERNMENT RECENTLY MADE IMPORTANT STEPS BY PASSING THE ONLINE NEWS ACT,” SAID ANDREW MACLEOD, PRESIDENT AND CEO, POSTMEDIA. “THERE IS NO GREATER PROOF OF THE CRITICAL NEED FOR THIS LAW AT THIS TIME THAN THE ACTIONS TAKEN UPON ITS PASSING.","POSTMEDIA PAUSES DIRECT COMPANY ADVERTISING ON META PLATFORMS. TORONTO--(BUSINESS WIRE)--ADDING TO THE WAVE OF SUPPORT FOR THE CANADIAN NEWS INDUSTRY IN THE FACE OF THE UNFAIR ACTIONS OF DOMINANT DIGITAL PLAYERS, POSTMEDIA HAS PAUSED ALL DIRECT COMPANY ADVERTISING ON META PLATFORMS INCLUDING FACEBOOK AND INSTAGRAM. “OUR GOVERNMENT RECENTLY MADE IMPORTANT STEPS BY PASSING THE ONLINE NEWS ACT,” SAID ANDREW MACLEOD, PRESIDENT AND CEO, POSTMEDIA. “THERE IS NO GREATER PROOF OF THE CRITICAL NEED FOR THIS LAW AT THIS TIME THAN THE ACTIONS TAKEN UPON ITS PASSING.","['postmedia pauses direct company advertising on meta platforms', 'toronto--business wire--adding to the wave of support for the canadian news industry in the face of the unfair actions of dominant digital players, postmedia has paused all direct company advertising on meta platforms including facebook and instagram', 'our government recently made important steps by passing the online news act, said andrew macleod, president and ceo, postmedia', 'there is no greater proof of the critical need for this law at this time than the actions taken upon its passing.']",weakly_negative,-0.1071749999999999,weakly_negative,weakly_negative
06-07-2023,META TO ANNOUNCE SECOND QUARTER 2023 RESULTS,"MENLO PARK, CALIF. , JULY 6, 2023 /PRNEWSWIRE/ -- META PLATFORMS, INC. (NASDAQ: META) ANNOUNCED TODAY THAT THE COMPANY'S SECOND QUARTER 2023 FINANCIAL RESULTS WILL BE RELEASED AFTER MARKET CLOSE ON WEDNESDAY, JULY 26, 2023.","META TO ANNOUNCE SECOND QUARTER 2023 RESULTS. MENLO PARK, CALIF. , JULY 6, 2023 /PRNEWSWIRE/ -- META PLATFORMS, INC. (NASDAQ: META) ANNOUNCED TODAY THAT THE COMPANY'S SECOND QUARTER 2023 FINANCIAL RESULTS WILL BE RELEASED AFTER MARKET CLOSE ON WEDNESDAY, JULY 26, 2023.","['meta to announce second quarter 2023 results', 'menlo park, calif', ', july 6, 2023 prnewswire -- meta platforms, inc', ""nasdaq meta announced today that the company's second quarter 2023 financial results will be released after market close on wednesday, july 26, 2023.""]",neutral,0.0,neutral,neutral
06-01-2023,"META PLATFORMS INVESTIGATION INITIATED BY FORMER LOUISIANA ATTORNEY GENERAL: KAHN SWICK & FOTI, LLC INVESTIGATES THE OFFICERS AND DIRECTORS OF META PLATFORMS, INC. - META","NEW ORLEANS--(BUSINESS WIRE)--FORMER ATTORNEY GENERAL OF LOUISIANA, CHARLES C. FOTI, JR., ESQ., A PARTNER AT THE LAW FIRM OF KAHN SWICK & FOTI, LLC (“KSF”), ANNOUNCES THAT KSF HAS COMMENCED AN INVESTIGATION INTO META PLATFORMS, INC. (THE “COMPANY”) (NASDAQGS: META). IN FEBRUARY 2022, THE COMPANY WAS SUED IN FEDERAL COURT BY A GROUP OF ONLINE ADULT ENTERTAINERS ALLEGING THAT THE COMPANY HAD DEMOTED OR DELETED THEIR ACCOUNTS AND POSTS ON INSTAGRAM AND FACEBOOK, AND ALSO INTERNALLY LISTED THEM AS “DANGEROUS INDIVIDUALS OR ORGANIZATIONS,” A DESIGNATION GENERALLY RESERVED FOR REMOVING “TERRORIST CONTENT,” WHICH RESULTED IN REDUCED CLICK-THROUGHS AND SUBSTANTIALLY REDUCED VISIBILITY OF THEIR CONTENT, IN ORDER TO REDUCE COMPETITION WITH THE ONLYFANS (“OF”) ONLINE ADULT PLATFORM, FOR WHICH THE COMPANY’S EMPLOYEES ALLEGEDLY RECEIVED BRIBERY PAYMENTS FROM OF. RECENTLY, THE COURT PRESIDING OVER THAT CASE DENIED THE COMPANY’S MOTION TO DISMISS, ALLOWING THE CASE TO MOVE FORWARD. KSF’S INVESTIGATION IS FOCUSING ON WHETHER META’S OFFICERS AND/OR DIRECTORS BREACHED THEIR FIDUCIARY DUTIES TO META’S SHAREHOLDERS OR OTHERWISE VIOLATED STATE OR FEDERAL LAWS. IF YOU HAVE INFORMATION THAT WOULD ASSIST KSF IN ITS INVESTIGATION, OR HAVE BEEN A LONG-TERM HOLDER OF META SHARES AND WOULD LIKE TO DISCUSS YOUR LEGAL RIGHTS, YOU MAY, WITHOUT OBLIGATION OR COST TO YOU, CALL TOLL-FREE AT 1-877-515-1850 OR EMAIL KSF MANAGING PARTNER LEWIS KAHN (LEWIS.KAHN@KSFCOUNSEL.COM), OR VISIT HTTPS://WWW.KSFCOUNSEL.COM/CASES/NASDAQGS-META/ TO LEARN MORE. ABOUT KAHN SWICK & FOTI, LLC KSF, WHOSE PARTNERS INCLUDE FORMER LOUISIANA ATTORNEY GENERAL CHARLES C. FOTI, JR., IS ONE OF THE NATION’S PREMIER BOUTIQUE SECURITIES LITIGATION LAW FIRMS. KSF SERVES A VARIETY OF CLIENTS – INCLUDING PUBLIC INSTITUTIONAL INVESTORS, HEDGE FUNDS, MONEY MANAGERS AND RETAIL INVESTORS – IN SEEKING RECOVERIES FOR INVESTMENT LOSSES EMANATING FROM CORPORATE FRAUD OR MALFEASANCE BY PUBLICLY TRADED COMPANIES. KSF HAS OFFICES IN NEW YORK, CALIFORNIA, LOUISIANA AND NEW JERSEY. TO LEARN MORE ABOUT KSF, YOU MAY VISIT WWW.KSFCOUNSEL.COM.","META PLATFORMS INVESTIGATION INITIATED BY FORMER LOUISIANA ATTORNEY GENERAL: KAHN SWICK & FOTI, LLC INVESTIGATES THE OFFICERS AND DIRECTORS OF META PLATFORMS, INC. - META. NEW ORLEANS--(BUSINESS WIRE)--FORMER ATTORNEY GENERAL OF LOUISIANA, CHARLES C. FOTI, JR., ESQ., A PARTNER AT THE LAW FIRM OF KAHN SWICK & FOTI, LLC (“KSF”), ANNOUNCES THAT KSF HAS COMMENCED AN INVESTIGATION INTO META PLATFORMS, INC. (THE “COMPANY”) (NASDAQGS: META). IN FEBRUARY 2022, THE COMPANY WAS SUED IN FEDERAL COURT BY A GROUP OF ONLINE ADULT ENTERTAINERS ALLEGING THAT THE COMPANY HAD DEMOTED OR DELETED THEIR ACCOUNTS AND POSTS ON INSTAGRAM AND FACEBOOK, AND ALSO INTERNALLY LISTED THEM AS “DANGEROUS INDIVIDUALS OR ORGANIZATIONS,” A DESIGNATION GENERALLY RESERVED FOR REMOVING “TERRORIST CONTENT,” WHICH RESULTED IN REDUCED CLICK-THROUGHS AND SUBSTANTIALLY REDUCED VISIBILITY OF THEIR CONTENT, IN ORDER TO REDUCE COMPETITION WITH THE ONLYFANS (“OF”) ONLINE ADULT PLATFORM, FOR WHICH THE COMPANY’S EMPLOYEES ALLEGEDLY RECEIVED BRIBERY PAYMENTS FROM OF. RECENTLY, THE COURT PRESIDING OVER THAT CASE DENIED THE COMPANY’S MOTION TO DISMISS, ALLOWING THE CASE TO MOVE FORWARD. KSF’S INVESTIGATION IS FOCUSING ON WHETHER META’S OFFICERS AND/OR DIRECTORS BREACHED THEIR FIDUCIARY DUTIES TO META’S SHAREHOLDERS OR OTHERWISE VIOLATED STATE OR FEDERAL LAWS. IF YOU HAVE INFORMATION THAT WOULD ASSIST KSF IN ITS INVESTIGATION, OR HAVE BEEN A LONG-TERM HOLDER OF META SHARES AND WOULD LIKE TO DISCUSS YOUR LEGAL RIGHTS, YOU MAY, WITHOUT OBLIGATION OR COST TO YOU, CALL TOLL-FREE AT 1-877-515-1850 OR EMAIL KSF MANAGING PARTNER LEWIS KAHN (LEWIS.KAHN@KSFCOUNSEL.COM), OR VISIT HTTPS://WWW.KSFCOUNSEL.COM/CASES/NASDAQGS-META/ TO LEARN MORE. ABOUT KAHN SWICK & FOTI, LLC KSF, WHOSE PARTNERS INCLUDE FORMER LOUISIANA ATTORNEY GENERAL CHARLES C. FOTI, JR., IS ONE OF THE NATION’S PREMIER BOUTIQUE SECURITIES LITIGATION LAW FIRMS. KSF SERVES A VARIETY OF CLIENTS – INCLUDING PUBLIC INSTITUTIONAL INVESTORS, HEDGE FUNDS, MONEY MANAGERS AND RETAIL INVESTORS – IN SEEKING RECOVERIES FOR INVESTMENT LOSSES EMANATING FROM CORPORATE FRAUD OR MALFEASANCE BY PUBLICLY TRADED COMPANIES. KSF HAS OFFICES IN NEW YORK, CALIFORNIA, LOUISIANA AND NEW JERSEY. TO LEARN MORE ABOUT KSF, YOU MAY VISIT WWW.KSFCOUNSEL.COM.","['meta platforms investigation initiated by former louisiana attorney general kahn swick foti, llc investigates the officers and directors of meta platforms, inc', '- meta', 'new orleans--business wire--former attorney general of louisiana, charles c', 'foti, jr., esq., a partner at the law firm of kahn swick foti, llc ksf, announces that ksf has commenced an investigation into meta platforms, inc', 'the company nasdaqgs meta', 'in february 2022, the company was sued in federal court by a group of online adult entertainers alleging that the company had demoted or deleted their accounts and posts on instagram and facebook, and also internally listed them as dangerous individuals or organizations, a designation generally reserved for removing terrorist content, which resulted in reduced click-throughs and substantially reduced visibility of their content, in order to reduce competition with the onlyfans of online adult platform, for which the companys employees allegedly received bribery payments from of', 'recently, the court presiding over that case denied the companys motion to dismiss, allowing the case to move forward', 'ksfs investigation is focusing on whether metas officers andor directors breached their fiduciary duties to metas shareholders or otherwise violated state or federal laws', 'if you have information that would assist ksf in its investigation, or have been a long-term holder of meta shares and would like to discuss your legal rights, you may, without obligation or cost to you, call toll-free at 1-877-515-1850 or email ksf managing partner lewis kahn lewis.kahnksfcounsel.com, or visit to learn more', 'about kahn swick foti, llc ksf, whose partners include former louisiana attorney general charles c', 'foti, jr., is one of the nations premier boutique securities litigation law firms', 'ksf serves a variety of clients including public institutional investors, hedge funds, money managers and retail investors in seeking recoveries for investment losses emanating from corporate fraud or malfeasance by publicly traded companies', 'ksf has offices in new york, california, louisiana and new jersey', 'to learn more about ksf, you may visit']",weakly_negative,-0.1259785714285714,weakly_negative,weakly_negative
15-12-2022,META PARTNERS WITH SILICON RANCH FOR SEVEN NEW SOLAR PROJECTS IN GEORGIA AND TENNESSEE,"NASHVILLE, TENN.--(BUSINESS WIRE)--META PLATFORMS, INC. (NASDAQ: META) TODAY ANNOUNCED SEVEN NEW SOLAR PROJECTS IN GEORGIA AND TENNESSEE TOTALING 720 MEGAWATTS (MWAC) TO SUPPORT ITS REGIONAL OPERATIONS WITH 100% RENEWABLE ENERGY. SILICON RANCH, ONE OF THE NATION’S LARGEST INDEPENDENT POWER PRODUCERS, IS PARTNERING WITH WALTON ELECTRIC MEMBERSHIP CORPORATION (EMC) AND THE TENNESSEE VALLEY AUTHORITY (TVA) TO SUPPLY THE RENEWABLE POWER TO SERVE META’S DATA CENTERS IN GEORGIA AND THE TENNESSEE VALLEY, RESPECTIVELY. AS PART OF THE AGREEMENTS, SILICON RANCH WILL FUND, BUILD, OWN, OPERATE, AND MAINTAIN THE SOLAR FACILITIES OVER THE LIFE OF EACH OF THE SEVEN PROJECTS, BRINGING SIGNIFICANT INVESTMENT TO RURAL COMMUNITIES THROUGHOUT THE REGION. IN GEORGIA, WALTON EMC RECENTLY EXECUTED CONTRACTS WITH SILICON RANCH ON BEHALF OF META (FORMERLY THE FACEBOOK COMPANY) FOR THREE NEW SOLAR FACILITIES TOTALING 560 MWAC AS PART OF THE ELECTRIC COOPERATIVE’S AGREEMENT TO SUPPLY META WITH 100% RENEWABLE ENERGY. SILICON RANCH WILL WORK WITH WALTON EMC TO DELIVER PROJECTS IN EACH OF THE NEXT THREE YEARS TO SUPPORT META’S OPERATIONS. TVA RECENTLY SIGNED AGREEMENTS WITH SILICON RANCH ON BEHALF OF META FOR FOUR NEW SOLAR FACILITIES IN TENNESSEE TOTALING 160 MWAC UNDER TVA’S GREEN INVEST PROGRAM, WHICH HELPS CUSTOMERS SUCH AS META MEET THEIR LONG-TERM SUSTAINABILITY GOALS WITH NEW UTILITY-SCALE SOLAR PROJECTS LOCATED WITHIN THE TENNESSEE VALLEY. SILICON RANCH WILL PARTNER WITH TVA AND LOCAL POWER COMPANIES TO DELIVER ALL FOUR PROJECTS IN 2024 TO SUPPORT META’S OPERATIONS IN TENNESSEE AND ALABAMA. THE ANNOUNCEMENT OF THE SEVEN NEW PROJECTS COINCIDES WITH THE NEARING COMPLETION OF TWO ADDITIONAL SOLAR FACILITIES BY SILICON RANCH THAT SERVE META’S OPERATIONS: THE 125 MWAC DESOTO I SOLAR FARM IN PARTNERSHIP WITH WALTON EMC IN LEE COUNTY, GEORGIA, AND THE 70 MWAC MCKELLAR SOLAR FARM WITH TVA IN MADISON COUNTY, TENNESSEE. DESPITE SUPPLY CHAIN CONSTRAINTS THAT CAUSED PROJECT DELAYS ACROSS THE SOLAR INDUSTRY, SILICON RANCH PLACED BOTH PROJECTS IN SERVICE ON SCHEDULE, A FEAT THE COMPANY HAS ACCOMPLISHED WITH EVERY PROJECT IT HAS SIGNED SINCE BEGINNING OPERATIONS IN 2011. “WE ARE PROUD OF THE WORK WE HAVE DONE WITH WALTON EMC AND TVA TO ACCELERATE THE TRANSITION TO RENEWABLES IN GEORGIA AND THE TENNESSEE VALLEY,” SAID URVI PAREKH, HEAD OF RENEWABLE ENERGY AT META. “AS WE CONTINUE TO SUPPORT OUR GLOBAL OPERATIONS WITH 100% RENEWABLE ENERGY, WE ARE PLEASED TO EXPAND OUR PARTNERSHIP WITH SILICON RANCH, A TRUSTED PARTNER WHO SHARES OUR COMMITMENT TO HAVE A POSITIVE IMPACT ON THE COMMUNITIES WHERE WE LOCATE.” INCLUDING THE SEVEN PROJECTS ANNOUNCED TODAY, META IS PARTNERING WITH SILICON RANCH ON 16 SOLAR FACILITIES TO SERVE ITS OPERATIONS IN GEORGIA AND THE TENNESSEE VALLEY. IN TOTAL, THE PORTFOLIO HAS A CAPACITY OF APPROXIMATELY 1,500 MWAC. EIGHT OF THE PROJECTS ARE NOW OPERATIONAL, GENERATING APPROXIMATELY 630 MWAC OF SOLAR ENERGY, AND EACH OF THE PLANTS INTEGRATES SILICON RANCH’S TRANSFORMATIVE REGENERATIVE ENERGY® MODEL OF LAND MANAGEMENT, A HOLISTIC APPROACH TO DESIGN, CONSTRUCTION, AND OPERATIONS THAT CO-LOCATES RENEWABLE ENERGY PRODUCTION WITH REGENERATIVE AGRICULTURE PRACTICES. “SILICON RANCH IS HONORED BY THE CONFIDENCE AND TRUST THAT META CONTINUES TO PLACE IN OUR COMPANY TO EXECUTE ON THEIR BEHALF, AND WE ARE GRATEFUL TO BE PART OF THIS COMPELLING ECONOMIC DEVELOPMENT STORY WITH THEM AS WELL AS WITH OUR UTILITY PARTNERS WALTON EMC AND TVA,” SAID REAGAN FARR, PRESIDENT AND CEO OF SILICON RANCH. “META’S COMMITMENT TO SUPPORT THEIR OPERATIONS WITH 100% RENEWABLE ENERGY IS DIRECTLY RESPONSIBLE FOR OUR OWN COMMITMENT TO INVEST MORE THAN $2.3 BILLION ACROSS MORE THAN A DOZEN RURAL COMMUNITIES IN GEORGIA, TENNESSEE, AND KENTUCKY. AS A COMPANY THAT CALLS THIS REGION HOME, WE LOOK FORWARD TO BEING ACTIVE MEMBERS OF EACH COMMUNITY FOR DECADES TO COME.” “AS AN ELECTRIC COOPERATIVE, WALTON EMC IS DRIVEN BY OUR ‘CONCERN FOR COMMUNITY’ AND OUR DEVOTION TO SERVING THE NEEDS OF OUR MEMBER-OWNERS, AND OUR PARTNERSHIP WITH META AND SILICON RANCH ENABLES US TO HONOR OUR COMMITMENTS TO THESE PRINCIPLES AND VALUES,” SAID RONNIE LEE, CEO OF WALTON EMC. “WALTON EMC IS PROUD OF THE MEANINGFUL WORK WE ARE DOING TOGETHER, AND WE ARE GRATEFUL TO EACH OF OUR PARTNERS FOR THE SIGNIFICANT INVESTMENTS THEY ARE MAKING IN OUR SERVICE TERRITORY AND ACROSS THE STATE, REINFORCING AND STRENGTHENING GEORGIA’S CLAIM AS THE NUMBER ONE STATE FOR BUSINESS.” “TVA IS BUILDING THE ENERGY SYSTEM OF THE FUTURE, AND THIS PUBLIC-PRIVATE PARTNERSHIP WITH META AND SILICON RANCH DEMONSTRATES THE STRENGTH OF TVA’S PUBLIC POWER MODEL TO ATTRACT CAPITAL INVESTMENT AND HIGH-QUALITY JOBS INTO THE COMMUNITIES WE SERVE WHILE HELPING BUSINESSES MEET THEIR SUSTAINABILITY GOALS,” SAID DOUG PERRY, SENIOR VICE PRESIDENT OF COMMERCIAL ENERGY SOLUTIONS FOR TVA. “WE THANK OUR PARTNERS META AND SILICON RANCH FOR SHARING OUR COMMITMENT TO MAKE OUR REGION THE BEST PLACE IN THE COUNTRY TO LIVE, WORK, AND RAISE A FAMILY.” THE RECENTLY COMPLETED PROJECTS AND THE SEVEN NEW FACILITIES ANNOUNCED TODAY EXPAND META’S RENEWABLE ENERGY LEADERSHIP, AS HIGHLIGHTED BY THE SOLAR ENERGY INDUSTRIES ASSOCIATION (SEIA) IN ITS RECENTLY PUBLISHED SOLAR MEANS BUSINESS 2022 REPORT. ACCORDING TO SEIA, META HAS PROCURED MORE SOLAR AND BROUGHT MORE SOLAR CAPACITY ONLINE SINCE 2020 THAN ANY OTHER BUSINESS IN THE U.S. ABOUT SILICON RANCH FOUNDED IN 2011, SILICON RANCH IS A FULLY INTEGRATED PROVIDER OF CUSTOMIZED RENEWABLE ENERGY, CARBON, AND BATTERY STORAGE SOLUTIONS FOR A DIVERSE SET OF PARTNERS ACROSS NORTH AMERICA. THE COMPANY IS ONE OF THE LARGEST INDEPENDENT POWER PRODUCERS IN THE COUNTRY, WITH A PORTFOLIO THAT INCLUDES MORE THAN FIVE GIGAWATTS OF SOLAR AND BATTERY STORAGE SYSTEMS THAT ARE CONTRACTED, UNDER CONSTRUCTION, OR OPERATING ACROSS THE U.S. AND CANADA. SILICON RANCH OWNS AND OPERATES EVERY PROJECT IN ITS PORTFOLIO AND HAS MAINTAINED AN UNBLEMISHED TRACK RECORD OF PROJECT EXECUTION, HAVING SUCCESSFULLY COMMISSIONED EVERY PROJECT IT HAS CONTRACTED IN ITS HISTORY. IN RECOGNITION OF ITS HOLISTIC APPROACH TO LAND MANAGEMENT, WHICH THE COMPANY HAS TRADEMARKED REGENERATIVE ENERGY®, SILICON RANCH WAS NAMED 2020’S “MOST FORWARD-THINKING” COMPANY BY SOLAR POWER WORLD. IN 2021, SILICON RANCH ACQUIRED CLEARLOOP, WHICH HELPS BUSINESSES OF ALL SIZES RECLAIM THEIR CARBON FOOTPRINT WITH A DIRECT INVESTMENT IN BUILDING NEW SOLAR PROJECTS WHILE EXPANDING ACCESS TO CLEAN ENERGY. TO LEARN MORE, VISIT SILICONRANCH.COM, REGENERATIVEENERGY.ORG, AND CLEARLOOP.US, AND FOLLOW ON FACEBOOK AND INSTAGRAM. ABOUT WALTON EMC WALTON EMC IS AN INNOVATIVE, CUSTOMER-OWNED AND -FOCUSED ELECTRIC UTILITY SERVING ACCOUNTS IN 10 NORTHEAST GEORGIA COUNTIES BETWEEN ATLANTA AND ATHENS. IN ITS LONG HISTORY OF MEETING CUSTOMER-OWNERS’ NEEDS, THE COOPERATIVE ESTABLISHED SUCCESSFUL NATURAL GAS AND SECURITY SUBSIDIARIES AS WELL AS NATIONALLY RECOGNIZED SOLAR INITIATIVES. FOR MORE INFORMATION, VISIT WALTONEMC.COM. ABOUT TENNESSEE VALLEY AUTHORITY (TVA) THE TENNESSEE VALLEY AUTHORITY IS A CORPORATE AGENCY OF THE UNITED STATES THAT PROVIDES ELECTRICITY FOR BUSINESS CUSTOMERS AND LOCAL POWER DISTRIBUTORS SERVING NEARLY 10 MILLION PEOPLE IN PARTS OF SEVEN SOUTHEASTERN STATES. TVA RECEIVES NO TAXPAYER FUNDING, DERIVING VIRTUALLY ALL ITS REVENUES FROM SALES OF ELECTRICITY. IN ADDITION TO OPERATING AND INVESTING ITS REVENUES IN ITS ELECTRIC SYSTEM, TVA PROVIDES FLOOD CONTROL, NAVIGATION, AND LAND MANAGEMENT FOR THE TENNESSEE RIVER SYSTEM, AND ASSISTS LOCAL POWER COMPANIES AND STATE AND LOCAL GOVERNMENTS WITH ECONOMIC DEVELOPMENT AND JOB CREATION.","META PARTNERS WITH SILICON RANCH FOR SEVEN NEW SOLAR PROJECTS IN GEORGIA AND TENNESSEE. NASHVILLE, TENN.--(BUSINESS WIRE)--META PLATFORMS, INC. (NASDAQ: META) TODAY ANNOUNCED SEVEN NEW SOLAR PROJECTS IN GEORGIA AND TENNESSEE TOTALING 720 MEGAWATTS (MWAC) TO SUPPORT ITS REGIONAL OPERATIONS WITH 100% RENEWABLE ENERGY. SILICON RANCH, ONE OF THE NATION’S LARGEST INDEPENDENT POWER PRODUCERS, IS PARTNERING WITH WALTON ELECTRIC MEMBERSHIP CORPORATION (EMC) AND THE TENNESSEE VALLEY AUTHORITY (TVA) TO SUPPLY THE RENEWABLE POWER TO SERVE META’S DATA CENTERS IN GEORGIA AND THE TENNESSEE VALLEY, RESPECTIVELY. AS PART OF THE AGREEMENTS, SILICON RANCH WILL FUND, BUILD, OWN, OPERATE, AND MAINTAIN THE SOLAR FACILITIES OVER THE LIFE OF EACH OF THE SEVEN PROJECTS, BRINGING SIGNIFICANT INVESTMENT TO RURAL COMMUNITIES THROUGHOUT THE REGION. IN GEORGIA, WALTON EMC RECENTLY EXECUTED CONTRACTS WITH SILICON RANCH ON BEHALF OF META (FORMERLY THE FACEBOOK COMPANY) FOR THREE NEW SOLAR FACILITIES TOTALING 560 MWAC AS PART OF THE ELECTRIC COOPERATIVE’S AGREEMENT TO SUPPLY META WITH 100% RENEWABLE ENERGY. SILICON RANCH WILL WORK WITH WALTON EMC TO DELIVER PROJECTS IN EACH OF THE NEXT THREE YEARS TO SUPPORT META’S OPERATIONS. TVA RECENTLY SIGNED AGREEMENTS WITH SILICON RANCH ON BEHALF OF META FOR FOUR NEW SOLAR FACILITIES IN TENNESSEE TOTALING 160 MWAC UNDER TVA’S GREEN INVEST PROGRAM, WHICH HELPS CUSTOMERS SUCH AS META MEET THEIR LONG-TERM SUSTAINABILITY GOALS WITH NEW UTILITY-SCALE SOLAR PROJECTS LOCATED WITHIN THE TENNESSEE VALLEY. SILICON RANCH WILL PARTNER WITH TVA AND LOCAL POWER COMPANIES TO DELIVER ALL FOUR PROJECTS IN 2024 TO SUPPORT META’S OPERATIONS IN TENNESSEE AND ALABAMA. THE ANNOUNCEMENT OF THE SEVEN NEW PROJECTS COINCIDES WITH THE NEARING COMPLETION OF TWO ADDITIONAL SOLAR FACILITIES BY SILICON RANCH THAT SERVE META’S OPERATIONS: THE 125 MWAC DESOTO I SOLAR FARM IN PARTNERSHIP WITH WALTON EMC IN LEE COUNTY, GEORGIA, AND THE 70 MWAC MCKELLAR SOLAR FARM WITH TVA IN MADISON COUNTY, TENNESSEE. DESPITE SUPPLY CHAIN CONSTRAINTS THAT CAUSED PROJECT DELAYS ACROSS THE SOLAR INDUSTRY, SILICON RANCH PLACED BOTH PROJECTS IN SERVICE ON SCHEDULE, A FEAT THE COMPANY HAS ACCOMPLISHED WITH EVERY PROJECT IT HAS SIGNED SINCE BEGINNING OPERATIONS IN 2011. “WE ARE PROUD OF THE WORK WE HAVE DONE WITH WALTON EMC AND TVA TO ACCELERATE THE TRANSITION TO RENEWABLES IN GEORGIA AND THE TENNESSEE VALLEY,” SAID URVI PAREKH, HEAD OF RENEWABLE ENERGY AT META. “AS WE CONTINUE TO SUPPORT OUR GLOBAL OPERATIONS WITH 100% RENEWABLE ENERGY, WE ARE PLEASED TO EXPAND OUR PARTNERSHIP WITH SILICON RANCH, A TRUSTED PARTNER WHO SHARES OUR COMMITMENT TO HAVE A POSITIVE IMPACT ON THE COMMUNITIES WHERE WE LOCATE.” INCLUDING THE SEVEN PROJECTS ANNOUNCED TODAY, META IS PARTNERING WITH SILICON RANCH ON 16 SOLAR FACILITIES TO SERVE ITS OPERATIONS IN GEORGIA AND THE TENNESSEE VALLEY. IN TOTAL, THE PORTFOLIO HAS A CAPACITY OF APPROXIMATELY 1,500 MWAC. EIGHT OF THE PROJECTS ARE NOW OPERATIONAL, GENERATING APPROXIMATELY 630 MWAC OF SOLAR ENERGY, AND EACH OF THE PLANTS INTEGRATES SILICON RANCH’S TRANSFORMATIVE REGENERATIVE ENERGY® MODEL OF LAND MANAGEMENT, A HOLISTIC APPROACH TO DESIGN, CONSTRUCTION, AND OPERATIONS THAT CO-LOCATES RENEWABLE ENERGY PRODUCTION WITH REGENERATIVE AGRICULTURE PRACTICES. “SILICON RANCH IS HONORED BY THE CONFIDENCE AND TRUST THAT META CONTINUES TO PLACE IN OUR COMPANY TO EXECUTE ON THEIR BEHALF, AND WE ARE GRATEFUL TO BE PART OF THIS COMPELLING ECONOMIC DEVELOPMENT STORY WITH THEM AS WELL AS WITH OUR UTILITY PARTNERS WALTON EMC AND TVA,” SAID REAGAN FARR, PRESIDENT AND CEO OF SILICON RANCH. “META’S COMMITMENT TO SUPPORT THEIR OPERATIONS WITH 100% RENEWABLE ENERGY IS DIRECTLY RESPONSIBLE FOR OUR OWN COMMITMENT TO INVEST MORE THAN $2.3 BILLION ACROSS MORE THAN A DOZEN RURAL COMMUNITIES IN GEORGIA, TENNESSEE, AND KENTUCKY. AS A COMPANY THAT CALLS THIS REGION HOME, WE LOOK FORWARD TO BEING ACTIVE MEMBERS OF EACH COMMUNITY FOR DECADES TO COME.” “AS AN ELECTRIC COOPERATIVE, WALTON EMC IS DRIVEN BY OUR ‘CONCERN FOR COMMUNITY’ AND OUR DEVOTION TO SERVING THE NEEDS OF OUR MEMBER-OWNERS, AND OUR PARTNERSHIP WITH META AND SILICON RANCH ENABLES US TO HONOR OUR COMMITMENTS TO THESE PRINCIPLES AND VALUES,” SAID RONNIE LEE, CEO OF WALTON EMC. “WALTON EMC IS PROUD OF THE MEANINGFUL WORK WE ARE DOING TOGETHER, AND WE ARE GRATEFUL TO EACH OF OUR PARTNERS FOR THE SIGNIFICANT INVESTMENTS THEY ARE MAKING IN OUR SERVICE TERRITORY AND ACROSS THE STATE, REINFORCING AND STRENGTHENING GEORGIA’S CLAIM AS THE NUMBER ONE STATE FOR BUSINESS.” “TVA IS BUILDING THE ENERGY SYSTEM OF THE FUTURE, AND THIS PUBLIC-PRIVATE PARTNERSHIP WITH META AND SILICON RANCH DEMONSTRATES THE STRENGTH OF TVA’S PUBLIC POWER MODEL TO ATTRACT CAPITAL INVESTMENT AND HIGH-QUALITY JOBS INTO THE COMMUNITIES WE SERVE WHILE HELPING BUSINESSES MEET THEIR SUSTAINABILITY GOALS,” SAID DOUG PERRY, SENIOR VICE PRESIDENT OF COMMERCIAL ENERGY SOLUTIONS FOR TVA. “WE THANK OUR PARTNERS META AND SILICON RANCH FOR SHARING OUR COMMITMENT TO MAKE OUR REGION THE BEST PLACE IN THE COUNTRY TO LIVE, WORK, AND RAISE A FAMILY.” THE RECENTLY COMPLETED PROJECTS AND THE SEVEN NEW FACILITIES ANNOUNCED TODAY EXPAND META’S RENEWABLE ENERGY LEADERSHIP, AS HIGHLIGHTED BY THE SOLAR ENERGY INDUSTRIES ASSOCIATION (SEIA) IN ITS RECENTLY PUBLISHED SOLAR MEANS BUSINESS 2022 REPORT. ACCORDING TO SEIA, META HAS PROCURED MORE SOLAR AND BROUGHT MORE SOLAR CAPACITY ONLINE SINCE 2020 THAN ANY OTHER BUSINESS IN THE U.S. ABOUT SILICON RANCH FOUNDED IN 2011, SILICON RANCH IS A FULLY INTEGRATED PROVIDER OF CUSTOMIZED RENEWABLE ENERGY, CARBON, AND BATTERY STORAGE SOLUTIONS FOR A DIVERSE SET OF PARTNERS ACROSS NORTH AMERICA. THE COMPANY IS ONE OF THE LARGEST INDEPENDENT POWER PRODUCERS IN THE COUNTRY, WITH A PORTFOLIO THAT INCLUDES MORE THAN FIVE GIGAWATTS OF SOLAR AND BATTERY STORAGE SYSTEMS THAT ARE CONTRACTED, UNDER CONSTRUCTION, OR OPERATING ACROSS THE U.S. AND CANADA. SILICON RANCH OWNS AND OPERATES EVERY PROJECT IN ITS PORTFOLIO AND HAS MAINTAINED AN UNBLEMISHED TRACK RECORD OF PROJECT EXECUTION, HAVING SUCCESSFULLY COMMISSIONED EVERY PROJECT IT HAS CONTRACTED IN ITS HISTORY. IN RECOGNITION OF ITS HOLISTIC APPROACH TO LAND MANAGEMENT, WHICH THE COMPANY HAS TRADEMARKED REGENERATIVE ENERGY®, SILICON RANCH WAS NAMED 2020’S “MOST FORWARD-THINKING” COMPANY BY SOLAR POWER WORLD. IN 2021, SILICON RANCH ACQUIRED CLEARLOOP, WHICH HELPS BUSINESSES OF ALL SIZES RECLAIM THEIR CARBON FOOTPRINT WITH A DIRECT INVESTMENT IN BUILDING NEW SOLAR PROJECTS WHILE EXPANDING ACCESS TO CLEAN ENERGY. TO LEARN MORE, VISIT SILICONRANCH.COM, REGENERATIVEENERGY.ORG, AND CLEARLOOP.US, AND FOLLOW ON FACEBOOK AND INSTAGRAM. ABOUT WALTON EMC WALTON EMC IS AN INNOVATIVE, CUSTOMER-OWNED AND -FOCUSED ELECTRIC UTILITY SERVING ACCOUNTS IN 10 NORTHEAST GEORGIA COUNTIES BETWEEN ATLANTA AND ATHENS. IN ITS LONG HISTORY OF MEETING CUSTOMER-OWNERS’ NEEDS, THE COOPERATIVE ESTABLISHED SUCCESSFUL NATURAL GAS AND SECURITY SUBSIDIARIES AS WELL AS NATIONALLY RECOGNIZED SOLAR INITIATIVES. FOR MORE INFORMATION, VISIT WALTONEMC.COM. ABOUT TENNESSEE VALLEY AUTHORITY (TVA) THE TENNESSEE VALLEY AUTHORITY IS A CORPORATE AGENCY OF THE UNITED STATES THAT PROVIDES ELECTRICITY FOR BUSINESS CUSTOMERS AND LOCAL POWER DISTRIBUTORS SERVING NEARLY 10 MILLION PEOPLE IN PARTS OF SEVEN SOUTHEASTERN STATES. TVA RECEIVES NO TAXPAYER FUNDING, DERIVING VIRTUALLY ALL ITS REVENUES FROM SALES OF ELECTRICITY. IN ADDITION TO OPERATING AND INVESTING ITS REVENUES IN ITS ELECTRIC SYSTEM, TVA PROVIDES FLOOD CONTROL, NAVIGATION, AND LAND MANAGEMENT FOR THE TENNESSEE RIVER SYSTEM, AND ASSISTS LOCAL POWER COMPANIES AND STATE AND LOCAL GOVERNMENTS WITH ECONOMIC DEVELOPMENT AND JOB CREATION.","['meta partners with silicon ranch for seven new solar projects in georgia and tennessee', 'nashville, tenn.--business wire--meta platforms, inc', 'nasdaq meta today announced seven new solar projects in georgia and tennessee totaling 720 megawatts mwac to support its regional operations with 100 percent renewable energy', 'silicon ranch, one of the nations largest independent power producers, is partnering with walton electric membership corporation emc and the tennessee valley authority tva to supply the renewable power to serve metas data centers in georgia and the tennessee valley, respectively', 'as part of the agreements, silicon ranch will fund, build, own, operate, and maintain the solar facilities over the life of each of the seven projects, bringing significant investment to rural communities throughout the region', 'in georgia, walton emc recently executed contracts with silicon ranch on behalf of meta formerly the facebook company for three new solar facilities totaling 560 mwac as part of the electric cooperatives agreement to supply meta with 100 percent renewable energy', 'silicon ranch will work with walton emc to deliver projects in each of the next three years to support metas operations', 'tva recently signed agreements with silicon ranch on behalf of meta for four new solar facilities in tennessee totaling 160 mwac under tvas green invest program, which helps customers such as meta meet their long-term sustainability goals with new utility-scale solar projects located within the tennessee valley', 'silicon ranch will partner with tva and local power companies to deliver all four projects in 2024 to support metas operations in tennessee and alabama', 'the announcement of the seven new projects coincides with the nearing completion of two additional solar facilities by silicon ranch that serve metas operations the 125 mwac desoto i solar farm in partnership with walton emc in lee county, georgia, and the 70 mwac mckellar solar farm with tva in madison county, tennessee', 'despite supply chain constraints that caused project delays across the solar industry, silicon ranch placed both projects in service on schedule, a feat the company has accomplished with every project it has signed since beginning operations in 2011', 'we are proud of the work we have done with walton emc and tva to accelerate the transition to renewables in georgia and the tennessee valley, said urvi parekh, head of renewable energy at meta', 'as we continue to support our global operations with 100 percent renewable energy, we are pleased to expand our partnership with silicon ranch, a trusted partner who shares our commitment to have a positive impact on the communities where we locate', 'including the seven projects announced today, meta is partnering with silicon ranch on 16 solar facilities to serve its operations in georgia and the tennessee valley', 'in total, the portfolio has a capacity of approximately 1,500 mwac', 'eight of the projects are now operational, generating approximately 630 mwac of solar energy, and each of the plants integrates silicon ranchs transformative regenerative energy model of land management, a holistic approach to design, construction, and operations that co-locates renewable energy production with regenerative agriculture practices', 'silicon ranch is honored by the confidence and trust that meta continues to place in our company to execute on their behalf, and we are grateful to be part of this compelling economic development story with them as well as with our utility partners walton emc and tva, said reagan farr, president and ceo of silicon ranch', 'metas commitment to support their operations with 100 percent renewable energy is directly responsible for our own commitment to invest more than $2.3 billion across more than a dozen rural communities in georgia, tennessee, and kentucky', 'as a company that calls this region home, we look forward to being active members of each community for decades to come', 'as an electric cooperative, walton emc is driven by our concern for community and our devotion to serving the needs of our member-owners, and our partnership with meta and silicon ranch enables us to honor our commitments to these principles and values, said ronnie lee, ceo of walton emc', 'walton emc is proud of the meaningful work we are doing together, and we are grateful to each of our partners for the significant investments they are making in our service territory and across the state, reinforcing and strengthening georgias claim as the number one state for business', 'tva is building the energy system of the future, and this public-private partnership with meta and silicon ranch demonstrates the strength of tvas public power model to attract capital investment and high-quality jobs into the communities we serve while helping businesses meet their sustainability goals, said doug perry, senior vice president of commercial energy solutions for tva', 'we thank our partners meta and silicon ranch for sharing our commitment to make our region the best place in the country to live, work, and raise a family', 'the recently completed projects and the seven new facilities announced today expand metas renewable energy leadership, as highlighted by the solar energy industries association seia in its recently published solar means business 2022 report', 'according to seia, meta has procured more solar and brought more solar capacity online since 2020 than any other business in the u.s', 'about silicon ranch founded in 2011, silicon ranch is a fully integrated provider of customized renewable energy, carbon, and battery storage solutions for a diverse set of partners across north america', 'the company is one of the largest independent power producers in the country, with a portfolio that includes more than five gigawatts of solar and battery storage systems that are contracted, under construction, or operating across the u.s', 'and canada', 'silicon ranch owns and operates every project in its portfolio and has maintained an unblemished track record of project execution, having successfully commissioned every project it has contracted in its history', 'in recognition of its holistic approach to land management, which the company has trademarked regenerative energy, silicon ranch was named 2020s most forward-thinking company by solar power world', 'in 2021, silicon ranch acquired clearloop, which helps businesses of all sizes reclaim their carbon footprint with a direct investment in building new solar projects while expanding access to clean energy', 'to learn more, visit siliconranch.com, regenerativeenergy.org, and clearloop.us, and follow on facebook and instagram', 'about walton emc walton emc is an innovative, customer-owned and -focused electric utility serving accounts in 10 northeast georgia counties between atlanta and athens', 'in its long history of meeting customer-owners needs, the cooperative established successful natural gas and security subsidiaries as well as nationally recognized solar initiatives', 'for more information, visit waltonemc.com', 'about tennessee valley authority tva the tennessee valley authority is a corporate agency of the united states that provides electricity for business customers and local power distributors serving nearly 10 million people in parts of seven southeastern states', 'tva receives no taxpayer funding, deriving virtually all its revenues from sales of electricity', 'in addition to operating and investing its revenues in its electric system, tva provides flood control, navigation, and land management for the tennessee river system, and assists local power companies and state and local governments with economic development and job creation.']",weakly_positive,0.4366736842105262,weakly_positive,weakly_positive
09-12-2022,"META PLATFORMS INVESTIGATION INITIATED BY FORMER LOUISIANA ATTORNEY GENERAL: KAHN SWICK & FOTI, LLC INVESTIGATES THE OFFICERS AND DIRECTORS OF META PLATFORMS, INC. - META","NEW ORLEANS--(BUSINESS WIRE)--FORMER ATTORNEY GENERAL OF LOUISIANA, CHARLES C. FOTI, JR., ESQ., A PARTNER AT THE LAW FIRM OF KAHN SWICK & FOTI, LLC (“KSF”), ANNOUNCES THAT KSF HAS COMMENCED AN INVESTIGATION INTO META PLATFORMS, INC. (THE “COMPANY”) (NASDAQGS: META). IN FEBRUARY 2022, THE COMPANY WAS SUED IN FEDERAL COURT BY A GROUP OF ONLINE ADULT ENTERTAINERS ALLEGING THAT THE COMPANY HAD DEMOTED OR DELETED THEIR ACCOUNTS AND POSTS ON INSTAGRAM AND FACEBOOK, AND ALSO INTERNALLY LISTED THEM AS “DANGEROUS INDIVIDUALS OR ORGANIZATIONS,” A DESIGNATION GENERALLY RESERVED FOR REMOVING “TERRORIST CONTENT,” WHICH RESULTED IN REDUCED CLICK-THROUGHS AND SUBSTANTIALLY REDUCED VISIBILITY OF THEIR CONTENT, IN ORDER TO REDUCE COMPETITION WITH THE ONLYFANS (“OF”) ONLINE ADULT PLATFORM, FOR WHICH THE COMPANY’S EMPLOYEES ALLEGEDLY RECEIVED BRIBERY PAYMENTS FROM OF. RECENTLY, THE COURT PRESIDING OVER THAT CASE DENIED THE COMPANY’S MOTION TO DISMISS, ALLOWING THE CASE TO MOVE FORWARD. KSF’S INVESTIGATION IS FOCUSING ON WHETHER META’S OFFICERS AND/OR DIRECTORS BREACHED THEIR FIDUCIARY DUTIES TO META’S SHAREHOLDERS OR OTHERWISE VIOLATED STATE OR FEDERAL LAWS. IF YOU HAVE INFORMATION THAT WOULD ASSIST KSF IN ITS INVESTIGATION, OR HAVE BEEN A LONG-TERM HOLDER OF META SHARES AND WOULD LIKE TO DISCUSS YOUR LEGAL RIGHTS, YOU MAY, WITHOUT OBLIGATION OR COST TO YOU, CALL TOLL-FREE AT 1-877-515-1850 OR EMAIL KSF MANAGING PARTNER LEWIS KAHN (LEWIS.KAHN@KSFCOUNSEL.COM), OR VISIT HTTPS://WWW.KSFCOUNSEL.COM/CASES/NASDAQGS-META/ TO LEARN MORE. ABOUT KAHN SWICK & FOTI, LLC KSF, WHOSE PARTNERS INCLUDE FORMER LOUISIANA ATTORNEY GENERAL CHARLES C. FOTI, JR., IS ONE OF THE NATION’S PREMIER BOUTIQUE SECURITIES LITIGATION LAW FIRMS. KSF SERVES A VARIETY OF CLIENTS – INCLUDING PUBLIC INSTITUTIONAL INVESTORS, HEDGE FUNDS, MONEY MANAGERS AND RETAIL INVESTORS – IN SEEKING RECOVERIES FOR INVESTMENT LOSSES EMANATING FROM CORPORATE FRAUD OR MALFEASANCE BY PUBLICLY TRADED COMPANIES. KSF HAS OFFICES IN NEW YORK, CALIFORNIA, LOUISIANA AND NEW JERSEY. TO LEARN MORE ABOUT KSF, YOU MAY VISIT WWW.KSFCOUNSEL.COM.","META PLATFORMS INVESTIGATION INITIATED BY FORMER LOUISIANA ATTORNEY GENERAL: KAHN SWICK & FOTI, LLC INVESTIGATES THE OFFICERS AND DIRECTORS OF META PLATFORMS, INC. - META. NEW ORLEANS--(BUSINESS WIRE)--FORMER ATTORNEY GENERAL OF LOUISIANA, CHARLES C. FOTI, JR., ESQ., A PARTNER AT THE LAW FIRM OF KAHN SWICK & FOTI, LLC (“KSF”), ANNOUNCES THAT KSF HAS COMMENCED AN INVESTIGATION INTO META PLATFORMS, INC. (THE “COMPANY”) (NASDAQGS: META). IN FEBRUARY 2022, THE COMPANY WAS SUED IN FEDERAL COURT BY A GROUP OF ONLINE ADULT ENTERTAINERS ALLEGING THAT THE COMPANY HAD DEMOTED OR DELETED THEIR ACCOUNTS AND POSTS ON INSTAGRAM AND FACEBOOK, AND ALSO INTERNALLY LISTED THEM AS “DANGEROUS INDIVIDUALS OR ORGANIZATIONS,” A DESIGNATION GENERALLY RESERVED FOR REMOVING “TERRORIST CONTENT,” WHICH RESULTED IN REDUCED CLICK-THROUGHS AND SUBSTANTIALLY REDUCED VISIBILITY OF THEIR CONTENT, IN ORDER TO REDUCE COMPETITION WITH THE ONLYFANS (“OF”) ONLINE ADULT PLATFORM, FOR WHICH THE COMPANY’S EMPLOYEES ALLEGEDLY RECEIVED BRIBERY PAYMENTS FROM OF. RECENTLY, THE COURT PRESIDING OVER THAT CASE DENIED THE COMPANY’S MOTION TO DISMISS, ALLOWING THE CASE TO MOVE FORWARD. KSF’S INVESTIGATION IS FOCUSING ON WHETHER META’S OFFICERS AND/OR DIRECTORS BREACHED THEIR FIDUCIARY DUTIES TO META’S SHAREHOLDERS OR OTHERWISE VIOLATED STATE OR FEDERAL LAWS. IF YOU HAVE INFORMATION THAT WOULD ASSIST KSF IN ITS INVESTIGATION, OR HAVE BEEN A LONG-TERM HOLDER OF META SHARES AND WOULD LIKE TO DISCUSS YOUR LEGAL RIGHTS, YOU MAY, WITHOUT OBLIGATION OR COST TO YOU, CALL TOLL-FREE AT 1-877-515-1850 OR EMAIL KSF MANAGING PARTNER LEWIS KAHN (LEWIS.KAHN@KSFCOUNSEL.COM), OR VISIT HTTPS://WWW.KSFCOUNSEL.COM/CASES/NASDAQGS-META/ TO LEARN MORE. ABOUT KAHN SWICK & FOTI, LLC KSF, WHOSE PARTNERS INCLUDE FORMER LOUISIANA ATTORNEY GENERAL CHARLES C. FOTI, JR., IS ONE OF THE NATION’S PREMIER BOUTIQUE SECURITIES LITIGATION LAW FIRMS. KSF SERVES A VARIETY OF CLIENTS – INCLUDING PUBLIC INSTITUTIONAL INVESTORS, HEDGE FUNDS, MONEY MANAGERS AND RETAIL INVESTORS – IN SEEKING RECOVERIES FOR INVESTMENT LOSSES EMANATING FROM CORPORATE FRAUD OR MALFEASANCE BY PUBLICLY TRADED COMPANIES. KSF HAS OFFICES IN NEW YORK, CALIFORNIA, LOUISIANA AND NEW JERSEY. TO LEARN MORE ABOUT KSF, YOU MAY VISIT WWW.KSFCOUNSEL.COM.","['meta platforms investigation initiated by former louisiana attorney general kahn swick foti, llc investigates the officers and directors of meta platforms, inc', '- meta', 'new orleans--business wire--former attorney general of louisiana, charles c', 'foti, jr., esq., a partner at the law firm of kahn swick foti, llc ksf, announces that ksf has commenced an investigation into meta platforms, inc', 'the company nasdaqgs meta', 'in february 2022, the company was sued in federal court by a group of online adult entertainers alleging that the company had demoted or deleted their accounts and posts on instagram and facebook, and also internally listed them as dangerous individuals or organizations, a designation generally reserved for removing terrorist content, which resulted in reduced click-throughs and substantially reduced visibility of their content, in order to reduce competition with the onlyfans of online adult platform, for which the companys employees allegedly received bribery payments from of', 'recently, the court presiding over that case denied the companys motion to dismiss, allowing the case to move forward', 'ksfs investigation is focusing on whether metas officers andor directors breached their fiduciary duties to metas shareholders or otherwise violated state or federal laws', 'if you have information that would assist ksf in its investigation, or have been a long-term holder of meta shares and would like to discuss your legal rights, you may, without obligation or cost to you, call toll-free at 1-877-515-1850 or email ksf managing partner lewis kahn lewis.kahnksfcounsel.com, or visit to learn more', 'about kahn swick foti, llc ksf, whose partners include former louisiana attorney general charles c', 'foti, jr., is one of the nations premier boutique securities litigation law firms', 'ksf serves a variety of clients including public institutional investors, hedge funds, money managers and retail investors in seeking recoveries for investment losses emanating from corporate fraud or malfeasance by publicly traded companies', 'ksf has offices in new york, california, louisiana and new jersey', 'to learn more about ksf, you may visit']",weakly_negative,-0.1259785714285714,weakly_negative,weakly_negative
14-09-2022,LEADING GLOBAL ORGANIZATIONS LAUNCH NEW CONSORTIUM TO ASSESS CLIMATE BENEFITS OF ENERGY STORAGE,"MENLO PARK, CALIF.--(BUSINESS WIRE)--A GROUP OF LEADING ORGANIZATIONS, INCLUDING META, RESURETY, BROAD REACH POWER AND OTHERS, HAS ANNOUNCED THE FORMATION OF THE ENERGY STORAGE SOLUTIONS CONSORTIUM, A CONSORTIUM TO ASSESS AND MAXIMIZE THE GREENHOUSE GAS (GHG) REDUCTION POTENTIAL OF ELECTRICITY STORAGE TECHNOLOGIES. THE GROUP’S GOAL IS TO CREATE AN OPEN-SOURCE, THIRD-PARTY-VERIFIED METHODOLOGY TO QUANTIFY THE GHG BENEFITS OF CERTAIN GRID-CONNECTED ENERGY STORAGE PROJECTS, AND TO ULTIMATELY HELP ADD A TOOL FOR ORGANIZATIONS TO CREATE CREDIBLE PROGRESS TOWARD THEIR NET ZERO EMISSIONS GOALS. ONCE APPROVED BY THE THIRD-PARTY VERRA THROUGH THE VERIFIED CARBON STANDARD PROGRAM, THE STANDARD WOULD BE THE FIRST VERIFIED METHODOLOGY TO QUANTIFY THE EMISSIONS BENEFITS OF LARGE-SCALE ENERGY STORAGE FACILITIES, AND WOULD PROVIDE VALUABLE GUIDANCE SUCH AS WHEN TO DEPLOY STORED ENERGY TO DELIVER MAXIMUM EMISSIONS REDUCTION BENEFITS. “AT META, WE ARE COMMITTED TO ACCELERATING THE TRANSITION TO THE CARBON-FREE GRID OF THE FUTURE, AND LARGE-SCALE ENERGY STORAGE IS A CRITICAL PART OF THAT TRANSITION. HAVING ACHIEVED 100% RENEWABLE ENERGY FOR OUR GLOBAL OPERATIONS, WE ARE NOW LOOKING TO HELP MOVE THE ENERGY STORAGE INDUSTRY FORWARD BY ADDRESSING NEXT-LEVEL CHALLENGES AND OPENING PATHWAYS THAT WILL HELP DRIVE HIGH IMPACT EMISSIONS REDUCTIONS ON THE GRID,” SAID PETER FREED, DIRECTOR OF ENERGY STRATEGY AT META. “WE ARE EXCITED TO LAUNCH THIS CONSORTIUM IN PARTNERSHIP WITH THESE INDUSTRY-LEADING ORGANIZATIONS, WHO WILL BRING DIVERSE PERSPECTIVES AND EXPERIENCE TO THE DEVELOPMENT OF A ROBUST, TRANSPARENT METHODOLOGY.” “WE NEED TO DECARBONIZE THE GRID AS QUICKLY AS POSSIBLE, AND TO DO THAT WE NEED TO MAXIMIZE THE EMISSIONS IMPACTS OF ALL GRID-CONNECTED TECHNOLOGIES - WHETHER GENERATION, LOAD, HYBRID OR STANDALONE STORAGE,” SAYS ADAM REEVE, SVP OF SOFTWARE SOLUTIONS AT RESURETY. “ENABLING THIS SORT OF DECARBONIZING ACTIVITY IS THE EXACT REASON WHY WE INVESTED IN DEVELOPING HIGH-RESOLUTION LOCATIONAL MARGINAL EMISSIONS. ENERGY STORAGE IS A TECHNOLOGY THAT HAS HUGE POTENTIAL, AND WE’RE DELIGHTED TO PARTNER WITH INDUSTRY LEADERS IN THIS FORWARD-THINKING AND COLLABORATIVE EFFORT TO DEVELOP A GLOBAL STANDARD FOR ENERGY STORAGE BENEFITS.” “BATTERY STORAGE WILL PLAY AN INCREASINGLY IMPORTANT ROLE IN DELIVERING RELIABLE AND AFFORDABLE POWER TO HOMES AND BUSINESSES AS WE MOVE TOWARD A 100% RENEWABLE ENERGY GRID. AS THE LEADING UTILITY-SCALE BATTERY STORAGE PLATFORM IN THE U.S., WE’RE LOOKING FORWARD TO WORKING WITH OTHER INDUSTRY LEADERS TO BE ABLE TO QUANTIFY THE IMPORTANT GHG REDUCTION BENEFITS OF LARGE-SCALE ENERGY STORAGE FACILITIES AND HELP ORGANIZATIONS TAKE CLIMATE ACTION,” SAYS PAUL CHOI, EVP OF ORIGINATION AT BROAD REACH POWER. IN ORDER TO CALCULATE THE GHG BENEFITS OF LARGE-SCALE ENERGY STORAGE FACILITIES, THE CONSORTIUM WILL LEVERAGE LOCATIONAL MARGINAL EMISSIONS. THIS CONCEPT MEASURES THE TONS OF GHG EMISSIONS DISPLACED THROUGH THE CHARGING AND DISCHARGING OF ENERGY STORAGE FACILITIES ON THE GRID AT A SPECIFIC LOCATION AND POINT IN TIME. IN ADDITION TO STEERING COMMITTEE MEMBERS META, RESURETY AND BROAD REACH POWER, THE CONSORTIUM INCLUDES A NUMBER OF ADVISORY COMMITTEE MEMBERS. THESE ADVISORY MEMBERS INCLUDE LEADING TECHNOLOGY COMPANIES, EMISSIONS DATA PROVIDERS, INVESTORS, STORAGE DEVELOPERS AND SERVICE PROVIDERS, AND NON-GOVERNMENTAL ORGANIZATIONS AMONG OTHERS. MEMBERS INCLUDE: 3DEGREES GROUP, INC., AKAMAI TECHNOLOGIES, CLEARLOOP, EQUILIBRIUM ENERGY, FLUENCE, GENERAL MOTORS, GLIDEPATH POWER SOLUTIONS, HABITAT ENERGY, HANNON ARMSTRONG, JUPITER POWER, LONGROAD ENERGY, MARATHON CAPITAL, MICROSOFT, PRIMERGY SOLAR, QUINBROOK INFRASTRUCTURE PARTNERS, RES GROUP, RIVIAN, ROWAN DIGITAL INFRASTRUCTURE, STEM, TABORS CARAMANIS RUDKEVICH, TIMBERROCK, UBS ASSET MANAGEMENT, AND WATTTIME. THE ENERGY STORAGE SOLUTIONS CONSORTIUM IS ALSO PARTNERING WITH PERSPECTIVES CLIMATE GROUP, THE GERMAN CONSULTANCY DEDICATED TO HELPING ITS CLIENTS ACHIEVE NET ZERO GHG EMISSIONS AND TO DEVELOPING PRACTICAL SOLUTIONS FOR ACCOUNTING OF EMISSION REDUCTIONS FROM INNOVATIVE CLIMATE-FRIENDLY TECHNOLOGIES. ABOUT META PLATFORMS, INC. META BUILDS TECHNOLOGIES THAT HELP PEOPLE CONNECT, FIND COMMUNITIES AND GROW BUSINESSES. WHEN FACEBOOK LAUNCHED IN 2004, IT CHANGED THE WAY PEOPLE CONNECT. APPS LIKE MESSENGER, INSTAGRAM AND WHATSAPP FURTHER EMPOWERED BILLIONS AROUND THE WORLD. NOW, META IS MOVING BEYOND 2D SCREENS TOWARD IMMERSIVE EXPERIENCES LIKE AUGMENTED AND VIRTUAL REALITY TO HELP BUILD THE NEXT EVOLUTION IN SOCIAL TECHNOLOGY. ABOUT.FACEBOOK.COM ABOUT RESURETY RESURETY IS THE LEADING ANALYTICS COMPANY EMPOWERING THE CLEAN ENERGY ECONOMY. OPERATING AT THE INTERSECTION OF WEATHER, POWER MARKETS AND FINANCIAL MODELING, WE ENABLE THE INDUSTRY’S DECISION-MAKERS TO THRIVE THROUGH BEST-IN-CLASS VALUE AND RISK INTELLIGENCE, AND THE TOOLS TO ACT ON IT. FOR MORE INFORMATION, VISIT WWW.RESURETY.COM OR FOLLOW RESURETY ON LINKEDIN. ABOUT BROAD REACH POWER BROAD REACH POWER IS THE LEADING UTILITY-SCALE BATTERY STORAGE PLATFORM IN THE UNITED STATES. BASED IN HOUSTON, BROAD REACH IS BACKED BY LEADING ENERGY TRANSITION INVESTORS, ENCAP INVESTMENTS L.P., APOLLO GLOBAL MANAGEMENT, YORKTOWN PARTNERS AND MERCURIA ENERGY. THE COMPANY OWNS A 21 GW PORTFOLIO OF UTILITY-SCALE BATTERY STORAGE AND RENEWABLE POWER PROJECTS ACROSS THE U.S., GIVING UTILITIES, GENERATORS, AND CUSTOMERS ACCESS TO TECHNOLOGICAL INSIGHT AND TOOLS FOR MANAGING MERCHANT POWER RISK SO THEY CAN BETTER MATCH SUPPLY AND DEMAND. FOR MORE INFORMATION ABOUT THE COMPANY, VISIT WWW.BROADREACHPOWER.COM.","LEADING GLOBAL ORGANIZATIONS LAUNCH NEW CONSORTIUM TO ASSESS CLIMATE BENEFITS OF ENERGY STORAGE. MENLO PARK, CALIF.--(BUSINESS WIRE)--A GROUP OF LEADING ORGANIZATIONS, INCLUDING META, RESURETY, BROAD REACH POWER AND OTHERS, HAS ANNOUNCED THE FORMATION OF THE ENERGY STORAGE SOLUTIONS CONSORTIUM, A CONSORTIUM TO ASSESS AND MAXIMIZE THE GREENHOUSE GAS (GHG) REDUCTION POTENTIAL OF ELECTRICITY STORAGE TECHNOLOGIES. THE GROUP’S GOAL IS TO CREATE AN OPEN-SOURCE, THIRD-PARTY-VERIFIED METHODOLOGY TO QUANTIFY THE GHG BENEFITS OF CERTAIN GRID-CONNECTED ENERGY STORAGE PROJECTS, AND TO ULTIMATELY HELP ADD A TOOL FOR ORGANIZATIONS TO CREATE CREDIBLE PROGRESS TOWARD THEIR NET ZERO EMISSIONS GOALS. ONCE APPROVED BY THE THIRD-PARTY VERRA THROUGH THE VERIFIED CARBON STANDARD PROGRAM, THE STANDARD WOULD BE THE FIRST VERIFIED METHODOLOGY TO QUANTIFY THE EMISSIONS BENEFITS OF LARGE-SCALE ENERGY STORAGE FACILITIES, AND WOULD PROVIDE VALUABLE GUIDANCE SUCH AS WHEN TO DEPLOY STORED ENERGY TO DELIVER MAXIMUM EMISSIONS REDUCTION BENEFITS. “AT META, WE ARE COMMITTED TO ACCELERATING THE TRANSITION TO THE CARBON-FREE GRID OF THE FUTURE, AND LARGE-SCALE ENERGY STORAGE IS A CRITICAL PART OF THAT TRANSITION. HAVING ACHIEVED 100% RENEWABLE ENERGY FOR OUR GLOBAL OPERATIONS, WE ARE NOW LOOKING TO HELP MOVE THE ENERGY STORAGE INDUSTRY FORWARD BY ADDRESSING NEXT-LEVEL CHALLENGES AND OPENING PATHWAYS THAT WILL HELP DRIVE HIGH IMPACT EMISSIONS REDUCTIONS ON THE GRID,” SAID PETER FREED, DIRECTOR OF ENERGY STRATEGY AT META. “WE ARE EXCITED TO LAUNCH THIS CONSORTIUM IN PARTNERSHIP WITH THESE INDUSTRY-LEADING ORGANIZATIONS, WHO WILL BRING DIVERSE PERSPECTIVES AND EXPERIENCE TO THE DEVELOPMENT OF A ROBUST, TRANSPARENT METHODOLOGY.” “WE NEED TO DECARBONIZE THE GRID AS QUICKLY AS POSSIBLE, AND TO DO THAT WE NEED TO MAXIMIZE THE EMISSIONS IMPACTS OF ALL GRID-CONNECTED TECHNOLOGIES - WHETHER GENERATION, LOAD, HYBRID OR STANDALONE STORAGE,” SAYS ADAM REEVE, SVP OF SOFTWARE SOLUTIONS AT RESURETY. “ENABLING THIS SORT OF DECARBONIZING ACTIVITY IS THE EXACT REASON WHY WE INVESTED IN DEVELOPING HIGH-RESOLUTION LOCATIONAL MARGINAL EMISSIONS. ENERGY STORAGE IS A TECHNOLOGY THAT HAS HUGE POTENTIAL, AND WE’RE DELIGHTED TO PARTNER WITH INDUSTRY LEADERS IN THIS FORWARD-THINKING AND COLLABORATIVE EFFORT TO DEVELOP A GLOBAL STANDARD FOR ENERGY STORAGE BENEFITS.” “BATTERY STORAGE WILL PLAY AN INCREASINGLY IMPORTANT ROLE IN DELIVERING RELIABLE AND AFFORDABLE POWER TO HOMES AND BUSINESSES AS WE MOVE TOWARD A 100% RENEWABLE ENERGY GRID. AS THE LEADING UTILITY-SCALE BATTERY STORAGE PLATFORM IN THE U.S., WE’RE LOOKING FORWARD TO WORKING WITH OTHER INDUSTRY LEADERS TO BE ABLE TO QUANTIFY THE IMPORTANT GHG REDUCTION BENEFITS OF LARGE-SCALE ENERGY STORAGE FACILITIES AND HELP ORGANIZATIONS TAKE CLIMATE ACTION,” SAYS PAUL CHOI, EVP OF ORIGINATION AT BROAD REACH POWER. IN ORDER TO CALCULATE THE GHG BENEFITS OF LARGE-SCALE ENERGY STORAGE FACILITIES, THE CONSORTIUM WILL LEVERAGE LOCATIONAL MARGINAL EMISSIONS. THIS CONCEPT MEASURES THE TONS OF GHG EMISSIONS DISPLACED THROUGH THE CHARGING AND DISCHARGING OF ENERGY STORAGE FACILITIES ON THE GRID AT A SPECIFIC LOCATION AND POINT IN TIME. IN ADDITION TO STEERING COMMITTEE MEMBERS META, RESURETY AND BROAD REACH POWER, THE CONSORTIUM INCLUDES A NUMBER OF ADVISORY COMMITTEE MEMBERS. THESE ADVISORY MEMBERS INCLUDE LEADING TECHNOLOGY COMPANIES, EMISSIONS DATA PROVIDERS, INVESTORS, STORAGE DEVELOPERS AND SERVICE PROVIDERS, AND NON-GOVERNMENTAL ORGANIZATIONS AMONG OTHERS. MEMBERS INCLUDE: 3DEGREES GROUP, INC., AKAMAI TECHNOLOGIES, CLEARLOOP, EQUILIBRIUM ENERGY, FLUENCE, GENERAL MOTORS, GLIDEPATH POWER SOLUTIONS, HABITAT ENERGY, HANNON ARMSTRONG, JUPITER POWER, LONGROAD ENERGY, MARATHON CAPITAL, MICROSOFT, PRIMERGY SOLAR, QUINBROOK INFRASTRUCTURE PARTNERS, RES GROUP, RIVIAN, ROWAN DIGITAL INFRASTRUCTURE, STEM, TABORS CARAMANIS RUDKEVICH, TIMBERROCK, UBS ASSET MANAGEMENT, AND WATTTIME. THE ENERGY STORAGE SOLUTIONS CONSORTIUM IS ALSO PARTNERING WITH PERSPECTIVES CLIMATE GROUP, THE GERMAN CONSULTANCY DEDICATED TO HELPING ITS CLIENTS ACHIEVE NET ZERO GHG EMISSIONS AND TO DEVELOPING PRACTICAL SOLUTIONS FOR ACCOUNTING OF EMISSION REDUCTIONS FROM INNOVATIVE CLIMATE-FRIENDLY TECHNOLOGIES. ABOUT META PLATFORMS, INC. META BUILDS TECHNOLOGIES THAT HELP PEOPLE CONNECT, FIND COMMUNITIES AND GROW BUSINESSES. WHEN FACEBOOK LAUNCHED IN 2004, IT CHANGED THE WAY PEOPLE CONNECT. APPS LIKE MESSENGER, INSTAGRAM AND WHATSAPP FURTHER EMPOWERED BILLIONS AROUND THE WORLD. NOW, META IS MOVING BEYOND 2D SCREENS TOWARD IMMERSIVE EXPERIENCES LIKE AUGMENTED AND VIRTUAL REALITY TO HELP BUILD THE NEXT EVOLUTION IN SOCIAL TECHNOLOGY. ABOUT.FACEBOOK.COM ABOUT RESURETY RESURETY IS THE LEADING ANALYTICS COMPANY EMPOWERING THE CLEAN ENERGY ECONOMY. OPERATING AT THE INTERSECTION OF WEATHER, POWER MARKETS AND FINANCIAL MODELING, WE ENABLE THE INDUSTRY’S DECISION-MAKERS TO THRIVE THROUGH BEST-IN-CLASS VALUE AND RISK INTELLIGENCE, AND THE TOOLS TO ACT ON IT. FOR MORE INFORMATION, VISIT WWW.RESURETY.COM OR FOLLOW RESURETY ON LINKEDIN. ABOUT BROAD REACH POWER BROAD REACH POWER IS THE LEADING UTILITY-SCALE BATTERY STORAGE PLATFORM IN THE UNITED STATES. BASED IN HOUSTON, BROAD REACH IS BACKED BY LEADING ENERGY TRANSITION INVESTORS, ENCAP INVESTMENTS L.P., APOLLO GLOBAL MANAGEMENT, YORKTOWN PARTNERS AND MERCURIA ENERGY. THE COMPANY OWNS A 21 GW PORTFOLIO OF UTILITY-SCALE BATTERY STORAGE AND RENEWABLE POWER PROJECTS ACROSS THE U.S., GIVING UTILITIES, GENERATORS, AND CUSTOMERS ACCESS TO TECHNOLOGICAL INSIGHT AND TOOLS FOR MANAGING MERCHANT POWER RISK SO THEY CAN BETTER MATCH SUPPLY AND DEMAND. FOR MORE INFORMATION ABOUT THE COMPANY, VISIT WWW.BROADREACHPOWER.COM.","['leading global organizations launch new consortium to assess climate benefits of energy storage', 'menlo park, calif.--business wire--a group of leading organizations, including meta, resurety, broad reach power and others, has announced the formation of the energy storage solutions consortium, a consortium to assess and maximize the greenhouse gas ghg reduction potential of electricity storage technologies', 'the groups goal is to create an open-source, third-party-verified methodology to quantify the ghg benefits of certain grid-connected energy storage projects, and to ultimately help add a tool for organizations to create credible progress toward their net zero emissions goals', 'once approved by the third-party verra through the verified carbon standard program, the standard would be the first verified methodology to quantify the emissions benefits of large-scale energy storage facilities, and would provide valuable guidance such as when to deploy stored energy to deliver maximum emissions reduction benefits', 'at meta, we are committed to accelerating the transition to the carbon-free grid of the future, and large-scale energy storage is a critical part of that transition', 'having achieved 100 percent renewable energy for our global operations, we are now looking to help move the energy storage industry forward by addressing next-level challenges and opening pathways that will help drive high impact emissions reductions on the grid, said peter freed, director of energy strategy at meta', 'we are excited to launch this consortium in partnership with these industry-leading organizations, who will bring diverse perspectives and experience to the development of a robust, transparent methodology', 'we need to decarbonize the grid as quickly as possible, and to do that we need to maximize the emissions impacts of all grid-connected technologies - whether generation, load, hybrid or standalone storage, says adam reeve, svp of software solutions at resurety', 'enabling this sort of decarbonizing activity is the exact reason why we invested in developing high-resolution locational marginal emissions', 'energy storage is a technology that has huge potential, and were delighted to partner with industry leaders in this forward-thinking and collaborative effort to develop a global standard for energy storage benefits', 'battery storage will play an increasingly important role in delivering reliable and affordable power to homes and businesses as we move toward a 100 percent renewable energy grid', 'as the leading utility-scale battery storage platform in the u.s., were looking forward to working with other industry leaders to be able to quantify the important ghg reduction benefits of large-scale energy storage facilities and help organizations take climate action, says paul choi, evp of origination at broad reach power', 'in order to calculate the ghg benefits of large-scale energy storage facilities, the consortium will leverage locational marginal emissions', 'this concept measures the tons of ghg emissions displaced through the charging and discharging of energy storage facilities on the grid at a specific location and point in time', 'in addition to steering committee members meta, resurety and broad reach power, the consortium includes a number of advisory committee members', 'these advisory members include leading technology companies, emissions data providers, investors, storage developers and service providers, and non-governmental organizations among others', 'members include 3degrees group, inc., akamai technologies, clearloop, equilibrium energy, fluence, general motors, glidepath power solutions, habitat energy, hannon armstrong, jupiter power, longroad energy, marathon capital, microsoft, primergy solar, quinbrook infrastructure partners, res group, rivian, rowan digital infrastructure, stem, tabors caramanis rudkevich, timberrock, ubs asset management, and watttime', 'the energy storage solutions consortium is also partnering with perspectives climate group, the german consultancy dedicated to helping its clients achieve net zero ghg emissions and to developing practical solutions for accounting of emission reductions from innovative climate-friendly technologies', 'about meta platforms, inc', 'meta builds technologies that help people connect, find communities and grow businesses', 'when facebook launched in 2004, it changed the way people connect', 'apps like messenger, instagram and whatsapp further empowered billions around the world', 'now, meta is moving beyond 2d screens toward immersive experiences like augmented and virtual reality to help build the next evolution in social technology', 'about.facebook.com about resurety resurety is the leading analytics company empowering the clean energy economy', 'operating at the intersection of weather, power markets and financial modeling, we enable the industrys decision-makers to thrive through best-in-class value and risk intelligence, and the tools to act on it', 'for more information, visit or follow resurety on linkedin', 'about broad reach power broad reach power is the leading utility-scale battery storage platform in the united states', 'based in houston, broad reach is backed by leading energy transition investors, encap investments l.p., apollo global management, yorktown partners and mercuria energy', 'the company owns a 21 gw portfolio of utility-scale battery storage and renewable power projects across the u.s., giving utilities, generators, and customers access to technological insight and tools for managing merchant power risk so they can better match supply and demand', 'for more information about the company, visit']",weakly_positive,0.4613933333333334,weakly_positive,weakly_positive
31-08-2022,T-MOBILE LAUNCHES CANVA PRO + FACEBOOK ADVERTISING ON US,"BELLEVUE, WASH.--(BUSINESS WIRE)--TODAY, T-MOBILE (NASDAQ: TMUS) IS LAUNCHING AN OFFER TO HELP SMALL BUSINESSES GET MORE VALUE WITHOUT ANY EXTRA COST. IN COLLABORATION WITH CANVA AND META (NASDAQ: META), T-MOBILE IS GIVING ALL ELIGIBLE SMALL BUSINESS CUSTOMERS CANVA PRO ON US THROUGH THE END OF THE YEAR, ALONG WITH $200 OF FREE ADVERTISING ON FACEBOOK AND/OR INSTAGRAM. BETWEEN LABOR SHORTAGES AND INFLATION, IT'S NO SECRET THAT SMALL BUSINESSES ARE UNDER-RESOURCED RIGHT NOW. AND MARKETING EFFORT","T-MOBILE LAUNCHES CANVA PRO + FACEBOOK ADVERTISING ON US. BELLEVUE, WASH.--(BUSINESS WIRE)--TODAY, T-MOBILE (NASDAQ: TMUS) IS LAUNCHING AN OFFER TO HELP SMALL BUSINESSES GET MORE VALUE WITHOUT ANY EXTRA COST. IN COLLABORATION WITH CANVA AND META (NASDAQ: META), T-MOBILE IS GIVING ALL ELIGIBLE SMALL BUSINESS CUSTOMERS CANVA PRO ON US THROUGH THE END OF THE YEAR, ALONG WITH $200 OF FREE ADVERTISING ON FACEBOOK AND/OR INSTAGRAM. BETWEEN LABOR SHORTAGES AND INFLATION, IT'S NO SECRET THAT SMALL BUSINESSES ARE UNDER-RESOURCED RIGHT NOW. AND MARKETING EFFORT","['t-mobile launches canva pro facebook advertising on us', 'bellevue, wash.--business wire--today, t-mobile nasdaq tmus is launching an offer to help small businesses get more value without any extra cost', 'in collaboration with canva and meta nasdaq meta, t-mobile is giving all eligible small business customers canva pro on us through the end of the year, along with $200 of free advertising on facebook andor instagram', ""between labor shortages and inflation, it's no secret that small businesses are under-resourced right now"", 'and marketing effort']",weakly_positive,0.18566,weakly_positive,weakly_positive
01-07-2022,META TO ANNOUNCE SECOND QUARTER 2022 RESULTS,"MENLO PARK, CALIF. , JULY 1, 2022 /PRNEWSWIRE/ -- META PLATFORMS, INC. (NASDAQ: META) ANNOUNCED TODAY THAT THE COMPANY'S SECOND QUARTER 2022 FINANCIAL RESULTS WILL BE RELEASED AFTER MARKET CLOSE ON WEDNESDAY, JULY 27, 2022.","META TO ANNOUNCE SECOND QUARTER 2022 RESULTS. MENLO PARK, CALIF. , JULY 1, 2022 /PRNEWSWIRE/ -- META PLATFORMS, INC. (NASDAQ: META) ANNOUNCED TODAY THAT THE COMPANY'S SECOND QUARTER 2022 FINANCIAL RESULTS WILL BE RELEASED AFTER MARKET CLOSE ON WEDNESDAY, JULY 27, 2022.","['meta to announce second quarter 2022 results', 'menlo park, calif', ', july 1, 2022 prnewswire -- meta platforms, inc', ""nasdaq meta announced today that the company's second quarter 2022 financial results will be released after market close on wednesday, july 27, 2022.""]",neutral,0.0,neutral,neutral
01-12-2021,"META SELECTS AWS AS KEY, LONG-TERM STRATEGIC CLOUD PROVIDER","SEATTLE--(BUSINESS WIRE)--TODAY, AMAZON WEB SERVICES, INC. (AWS), AN AMAZON.COM, INC. COMPANY (NASDAQ: AMZN), ANNOUNCED THAT META (NASDAQ: FB) HAS DEEPENED ITS RELATIONSHIP WITH AWS AS A STRATEGIC CLOUD PROVIDER. META USES AWS'S PROVEN INFRASTRUCTURE AND COMPREHENSIVE CAPABILITIES TO COMPLEMENT ITS EXISTING ON-PREMISES INFRASTRUCTURE, AND WILL BROADEN ITS USE OF AWS COMPUTE, STORAGE, DATABASES, AND SECURITY SERVICES TO PROVIDE PRIVACY, RELIABILITY, AND SCALE IN THE CLOUD. META WILL RUN THIRD-PA","META SELECTS AWS AS KEY, LONG-TERM STRATEGIC CLOUD PROVIDER. SEATTLE--(BUSINESS WIRE)--TODAY, AMAZON WEB SERVICES, INC. (AWS), AN AMAZON.COM, INC. COMPANY (NASDAQ: AMZN), ANNOUNCED THAT META (NASDAQ: FB) HAS DEEPENED ITS RELATIONSHIP WITH AWS AS A STRATEGIC CLOUD PROVIDER. META USES AWS'S PROVEN INFRASTRUCTURE AND COMPREHENSIVE CAPABILITIES TO COMPLEMENT ITS EXISTING ON-PREMISES INFRASTRUCTURE, AND WILL BROADEN ITS USE OF AWS COMPUTE, STORAGE, DATABASES, AND SECURITY SERVICES TO PROVIDE PRIVACY, RELIABILITY, AND SCALE IN THE CLOUD. META WILL RUN THIRD-PA","['meta selects aws as key, long-term strategic cloud provider', 'seattle--business wire--today, amazon web services, inc', 'aws, an amazon.com, inc', 'company nasdaq amzn, announced that meta nasdaq fb has deepened its relationship with aws as a strategic cloud provider', ""meta uses aws's proven infrastructure and comprehensive capabilities to complement its existing on-premises infrastructure, and will broaden its use of aws compute, storage, databases, and security services to provide privacy, reliability, and scale in the cloud"", 'meta will run third-pa']",weakly_positive,0.1174333333333333,weakly_positive,weakly_positive
09-11-2021,"CLASS ACTION UPDATE FOR FB, ONTF AND SBTX: LEVI & KORSINSKY, LLP REMINDS INVESTORS OF CLASS ACTIONS ON BEHALF OF SHAREHOLDERS","NEW YORK, NY / ACCESSWIRE / NOVEMBER 9, 2021 / LEVI & KORSINSKY, LLP ANNOUNCES THAT CLASS ACTION LAWSUITS HAVE COMMENCED ON BEHALF OF SHAREHOLDERS OF THE FOLLOWING PUBLICLY-TRADED COMPANIES. SHAREHOLDERS INTERESTED IN SERVING AS LEAD PLAINTIFF HAVE UNTIL THE DEADLINES LISTED TO PETITION THE COURT.","CLASS ACTION UPDATE FOR FB, ONTF AND SBTX: LEVI & KORSINSKY, LLP REMINDS INVESTORS OF CLASS ACTIONS ON BEHALF OF SHAREHOLDERS. NEW YORK, NY / ACCESSWIRE / NOVEMBER 9, 2021 / LEVI & KORSINSKY, LLP ANNOUNCES THAT CLASS ACTION LAWSUITS HAVE COMMENCED ON BEHALF OF SHAREHOLDERS OF THE FOLLOWING PUBLICLY-TRADED COMPANIES. SHAREHOLDERS INTERESTED IN SERVING AS LEAD PLAINTIFF HAVE UNTIL THE DEADLINES LISTED TO PETITION THE COURT.","['class action update for fb, ontf and sbtx levi korsinsky, llp reminds investors of class actions on behalf of shareholders', 'new york, ny accesswire november 9, 2021 levi korsinsky, llp announces that class action lawsuits have commenced on behalf of shareholders of the following publicly-traded companies', 'shareholders interested in serving as lead plaintiff have until the deadlines listed to petition the court.']",weakly_positive,0.0829333333333333,weakly_positive,weakly_positive
01-11-2021,"THE KLEIN LAW FIRM REMINDS INVESTORS OF CLASS ACTIONS ON BEHALF OF SHAREHOLDERS OF EAR, RECAF AND FB","NEW YORK, NY / ACCESSWIRE / NOVEMBER 1, 2021 / THE KLEIN LAW FIRM ANNOUNCES THAT CLASS ACTION COMPLAINTS HAVE BEEN FILED ON BEHALF OF SHAREHOLDERS OF THE FOLLOWING COMPANIES. THERE IS NO COST TO PARTICIPATE IN THE SUIT.","THE KLEIN LAW FIRM REMINDS INVESTORS OF CLASS ACTIONS ON BEHALF OF SHAREHOLDERS OF EAR, RECAF AND FB. NEW YORK, NY / ACCESSWIRE / NOVEMBER 1, 2021 / THE KLEIN LAW FIRM ANNOUNCES THAT CLASS ACTION COMPLAINTS HAVE BEEN FILED ON BEHALF OF SHAREHOLDERS OF THE FOLLOWING COMPANIES. THERE IS NO COST TO PARTICIPATE IN THE SUIT.","['the klein law firm reminds investors of class actions on behalf of shareholders of ear, recaf and fb', 'new york, ny accesswire november 1, 2021 the klein law firm announces that class action complaints have been filed on behalf of shareholders of the following companies', 'there is no cost to participate in the suit.']",weakly_negative,-0.2326333333333333,weakly_negative,weakly_negative
18-10-2021,"FB EQUITY ALERT: ROSEN, LEADING INVESTOR COUNSEL, ENCOURAGES FACEBOOK, INC. INVESTORS WITH LOSSES TO INQUIRE ABOUT CLASS ACTION INVESTIGATION - FB","NEW YORK, OCT. 18, 2021 /PRNEWSWIRE/ -- WHY: ROSEN LAW FIRM, A GLOBAL INVESTOR RIGHTS LAW FIRM, ANNOUNCES AN INVESTIGATION OF POTENTIAL SECURITIES CLAIMS ON BEHALF OF SHAREHOLDERS OF FACEBOOK, INC. (NASDAQ: FB) RESULTING FROM ALLEGATIONS THAT FACEBOOK MAY HAVE ISSUED MATERIALLY MISLEADING BUSINESS INFORMATION TO THE INVESTING PUBLIC. SO WHAT: IF YOU PURCHASED FACEBOOK SECURITIES YOU MAY BE ENTITLED TO COMPENSATION WITHOUT PAYMENT OF ANY OUT OF POCKET FEES OR COSTS THROUGH A CONTINGENCY FEE ARRANGEMENT.","FB EQUITY ALERT: ROSEN, LEADING INVESTOR COUNSEL, ENCOURAGES FACEBOOK, INC. INVESTORS WITH LOSSES TO INQUIRE ABOUT CLASS ACTION INVESTIGATION - FB. NEW YORK, OCT. 18, 2021 /PRNEWSWIRE/ -- WHY: ROSEN LAW FIRM, A GLOBAL INVESTOR RIGHTS LAW FIRM, ANNOUNCES AN INVESTIGATION OF POTENTIAL SECURITIES CLAIMS ON BEHALF OF SHAREHOLDERS OF FACEBOOK, INC. (NASDAQ: FB) RESULTING FROM ALLEGATIONS THAT FACEBOOK MAY HAVE ISSUED MATERIALLY MISLEADING BUSINESS INFORMATION TO THE INVESTING PUBLIC. SO WHAT: IF YOU PURCHASED FACEBOOK SECURITIES YOU MAY BE ENTITLED TO COMPENSATION WITHOUT PAYMENT OF ANY OUT OF POCKET FEES OR COSTS THROUGH A CONTINGENCY FEE ARRANGEMENT.","['fb equity alert rosen, leading investor counsel, encourages facebook, inc', 'investors with losses to inquire about class action investigation - fb', 'new york, oct', '18, 2021 prnewswire -- why rosen law firm, a global investor rights law firm, announces an investigation of potential securities claims on behalf of shareholders of facebook, inc', 'nasdaq fb resulting from allegations that facebook may have issued materially misleading business information to the investing public', 'so what if you purchased facebook securities you may be entitled to compensation without payment of any out of pocket fees or costs through a contingency fee arrangement.']",weakly_positive,0.1046166666666666,weakly_positive,weakly_positive
12-10-2021,"FACEBOOK ALERT: BRAGAR EAGEL & SQUIRE, P.C. IS INVESTIGATING FACEBOOK, INC. ON BEHALF OF FACEBOOK STOCKHOLDERS AND ENCOURAGES INVESTORS TO CONTACT THE FIRM","NEW YORK--(BUSINESS WIRE)-- #FACEBOOK--BRAGAR EAGEL & SQUIRE, P.C., A NATIONALLY RECOGNIZED STOCKHOLDER RIGHTS LAW FIRM, IS INVESTIGATING POTENTIAL CLAIMS AGAINST FACEBOOK, INC. (“FACEBOOK” OR THE “COMPANY”) (NASDAQ: FB) ON BEHALF OF JOINT STOCKHOLDERS. OUR INVESTIGATION CONCERNS WHETHER FACEBOOK HAS VIOLATED THE FEDERAL SECURITIES LAWS AND/OR ENGAGED IN OTHER UNLAWFUL BUSINESS PRACTICES. CLICK HERE TO PARTICIPATE IN THE ACTION. BETWEEN SEPTEMBER 13, 2021 AND OCTOBER 3, 2021, THE WALL STREET JOURNAL RE","FACEBOOK ALERT: BRAGAR EAGEL & SQUIRE, P.C. IS INVESTIGATING FACEBOOK, INC. ON BEHALF OF FACEBOOK STOCKHOLDERS AND ENCOURAGES INVESTORS TO CONTACT THE FIRM. NEW YORK--(BUSINESS WIRE)-- #FACEBOOK--BRAGAR EAGEL & SQUIRE, P.C., A NATIONALLY RECOGNIZED STOCKHOLDER RIGHTS LAW FIRM, IS INVESTIGATING POTENTIAL CLAIMS AGAINST FACEBOOK, INC. (“FACEBOOK” OR THE “COMPANY”) (NASDAQ: FB) ON BEHALF OF JOINT STOCKHOLDERS. OUR INVESTIGATION CONCERNS WHETHER FACEBOOK HAS VIOLATED THE FEDERAL SECURITIES LAWS AND/OR ENGAGED IN OTHER UNLAWFUL BUSINESS PRACTICES. CLICK HERE TO PARTICIPATE IN THE ACTION. BETWEEN SEPTEMBER 13, 2021 AND OCTOBER 3, 2021, THE WALL STREET JOURNAL RE","['facebook alert bragar eagel squire, p.c', 'is investigating facebook, inc', 'on behalf of facebook stockholders and encourages investors to contact the firm', 'new york--business wire-- facebook--bragar eagel squire, p.c., a nationally recognized stockholder rights law firm, is investigating potential claims against facebook, inc', 'facebook or the company nasdaq fb on behalf of joint stockholders', 'our investigation concerns whether facebook has violated the federal securities laws andor engaged in other unlawful business practices', 'click here to participate in the action', 'between september 13, 2021 and october 3, 2021, the wall street journal re']",weakly_positive,0.10805,weakly_positive,weakly_positive
08-10-2021,"INVESTIGATION REMINDER: THE SCHALL LAW FIRM ANNOUNCES IT IS INVESTIGATING CLAIMS AGAINST FACEBOOK, INC. AND ENCOURAGES INVESTORS WITH LOSSES TO CONTACT THE FIRM","LOS ANGELES--(BUSINESS WIRE)---- $FB #FB--INVESTIGATION REMINDER: THE SCHALL LAW FIRM ANNOUNCES IT IS INVESTIGATING CLAIMS AGAINST FACEBOOK, INC.","INVESTIGATION REMINDER: THE SCHALL LAW FIRM ANNOUNCES IT IS INVESTIGATING CLAIMS AGAINST FACEBOOK, INC. AND ENCOURAGES INVESTORS WITH LOSSES TO CONTACT THE FIRM. LOS ANGELES--(BUSINESS WIRE)---- $FB #FB--INVESTIGATION REMINDER: THE SCHALL LAW FIRM ANNOUNCES IT IS INVESTIGATING CLAIMS AGAINST FACEBOOK, INC.","['investigation reminder the schall law firm announces it is investigating claims against facebook, inc', 'and encourages investors with losses to contact the firm', 'los angeles--business wire---- $fb fb--investigation reminder the schall law firm announces it is investigating claims against facebook, inc.']",neutral,0.0172,weakly_positive,weakly_positive
08-10-2021,"FB INVESTOR ALERT: ROSEN, A TOP RANKED LAW FIRM, ENCOURAGES FACEBOOK, INC. INVESTORS WITH LOSSES TO INQUIRE ABOUT CLASS ACTION INVESTIGATION – FB","NEW YORK--(BUSINESS WIRE)--WHY: ROSEN LAW FIRM, A GLOBAL INVESTOR RIGHTS LAW FIRM, ANNOUNCES AN INVESTIGATION OF POTENTIAL SECURITIES CLAIMS ON BEHALF OF SHAREHOLDERS OF FACEBOOK, INC. (NASDAQ: FB) RESULTING FROM ALLEGATIONS THAT FACEBOOK MAY HAVE ISSUED MATERIALLY MISLEADING BUSINESS INFORMATION TO THE INVESTING PUBLIC. SO WHAT: IF YOU PURCHASED FACEBOOK SECURITIES YOU MAY BE ENTITLED TO COMPENSATION WITHOUT PAYMENT OF ANY OUT OF POCKET FEES OR COSTS THROUGH A CONTINGENCY FEE ARRANGEMENT. THE","FB INVESTOR ALERT: ROSEN, A TOP RANKED LAW FIRM, ENCOURAGES FACEBOOK, INC. INVESTORS WITH LOSSES TO INQUIRE ABOUT CLASS ACTION INVESTIGATION – FB. NEW YORK--(BUSINESS WIRE)--WHY: ROSEN LAW FIRM, A GLOBAL INVESTOR RIGHTS LAW FIRM, ANNOUNCES AN INVESTIGATION OF POTENTIAL SECURITIES CLAIMS ON BEHALF OF SHAREHOLDERS OF FACEBOOK, INC. (NASDAQ: FB) RESULTING FROM ALLEGATIONS THAT FACEBOOK MAY HAVE ISSUED MATERIALLY MISLEADING BUSINESS INFORMATION TO THE INVESTING PUBLIC. SO WHAT: IF YOU PURCHASED FACEBOOK SECURITIES YOU MAY BE ENTITLED TO COMPENSATION WITHOUT PAYMENT OF ANY OUT OF POCKET FEES OR COSTS THROUGH A CONTINGENCY FEE ARRANGEMENT. THE","['fb investor alert rosen, a top ranked law firm, encourages facebook, inc', 'investors with losses to inquire about class action investigation fb', 'new york--business wire--why rosen law firm, a global investor rights law firm, announces an investigation of potential securities claims on behalf of shareholders of facebook, inc', 'nasdaq fb resulting from allegations that facebook may have issued materially misleading business information to the investing public', 'so what if you purchased facebook securities you may be entitled to compensation without payment of any out of pocket fees or costs through a contingency fee arrangement', 'the']",weakly_positive,0.1187333333333333,weakly_positive,weakly_positive
05-10-2021,FACEBOOK TO ANNOUNCE THIRD QUARTER 2021 RESULTS,"MENLO PARK, CALIF., OCT. 5, 2021 /PRNEWSWIRE/ -- FACEBOOK, INC. (NASDAQ: FB) ANNOUNCED TODAY THAT THE COMPANY'S THIRD QUARTER 2021 FINANCIAL RESULTS WILL BE RELEASED AFTER MARKET CLOSE ON MONDAY, OCTOBER 25, 2021.","FACEBOOK TO ANNOUNCE THIRD QUARTER 2021 RESULTS. MENLO PARK, CALIF., OCT. 5, 2021 /PRNEWSWIRE/ -- FACEBOOK, INC. (NASDAQ: FB) ANNOUNCED TODAY THAT THE COMPANY'S THIRD QUARTER 2021 FINANCIAL RESULTS WILL BE RELEASED AFTER MARKET CLOSE ON MONDAY, OCTOBER 25, 2021.","['facebook to announce third quarter 2021 results', 'menlo park, calif., oct', '5, 2021 prnewswire -- facebook, inc', ""nasdaq fb announced today that the company's third quarter 2021 financial results will be released after market close on monday, october 25, 2021.""]",neutral,0.0,neutral,neutral
04-10-2021,"INVESTIGATION ALERT: THE SCHALL LAW FIRM ANNOUNCES IT IS INVESTIGATING CLAIMS AGAINST FACEBOOK, INC. AND ENCOURAGES INVESTORS WITH LOSSES TO CONTACT THE FIRM","LOS ANGELES--(BUSINESS WIRE)---- $FB #FB--INVESTIGATION ALERT: THE SCHALL LAW FIRM ANNOUNCES IT IS INVESTIGATING CLAIMS AGAINST FACEBOOK, INC.","INVESTIGATION ALERT: THE SCHALL LAW FIRM ANNOUNCES IT IS INVESTIGATING CLAIMS AGAINST FACEBOOK, INC. AND ENCOURAGES INVESTORS WITH LOSSES TO CONTACT THE FIRM. LOS ANGELES--(BUSINESS WIRE)---- $FB #FB--INVESTIGATION ALERT: THE SCHALL LAW FIRM ANNOUNCES IT IS INVESTIGATING CLAIMS AGAINST FACEBOOK, INC.","['investigation alert the schall law firm announces it is investigating claims against facebook, inc', 'and encourages investors with losses to contact the firm', 'los angeles--business wire---- $fb fb--investigation alert the schall law firm announces it is investigating claims against facebook, inc.']",weakly_positive,0.2145333333333333,neutral,neutral
04-10-2021,"EQUITY ALERT: LEVI & KORSINSKY, LLP NOTIFIES INVESTORS OF AN INVESTIGATION INVOLVING POSSIBLE SECURITIES FRAUD VIOLATIONS BY CERTAIN OFFICERS AND DIRECTORS OF FACEBOOK, INC.","NEW YORK, NEW YORK--(NEWSFILE CORP. - OCTOBER 4, 2021) -  LEVI & KORSINSKY NOTIFIES INVESTORS THAT IT HAS COMMENCED AN INVESTIGATION OF FACEBOOK, INC. (""FACEBOOK"" OR THE ""COMPANY"") (NASDAQ: FB) CONCERNING POSSIBLE VIOLATIONS OF FEDERAL SECURITIES LAWS.ON OCTOBER 3, 2021, ""60 MINUTES"" INTERVIEWED FORMER FACEBOOK DATA SCIENTIST FRANCES HAUGEN, WHO ALLEGES THAT THE COMPANY HAS BEEN DECEIVING INVESTORS ABOUT HOW IT HAS BEEN DEALING WITH HATE SPEECH AND MISINFORMATION ON ITS PLATFORM. FOLLOWIN","EQUITY ALERT: LEVI & KORSINSKY, LLP NOTIFIES INVESTORS OF AN INVESTIGATION INVOLVING POSSIBLE SECURITIES FRAUD VIOLATIONS BY CERTAIN OFFICERS AND DIRECTORS OF FACEBOOK, INC.. NEW YORK, NEW YORK--(NEWSFILE CORP. - OCTOBER 4, 2021) -  LEVI & KORSINSKY NOTIFIES INVESTORS THAT IT HAS COMMENCED AN INVESTIGATION OF FACEBOOK, INC. (""FACEBOOK"" OR THE ""COMPANY"") (NASDAQ: FB) CONCERNING POSSIBLE VIOLATIONS OF FEDERAL SECURITIES LAWS.ON OCTOBER 3, 2021, ""60 MINUTES"" INTERVIEWED FORMER FACEBOOK DATA SCIENTIST FRANCES HAUGEN, WHO ALLEGES THAT THE COMPANY HAS BEEN DECEIVING INVESTORS ABOUT HOW IT HAS BEEN DEALING WITH HATE SPEECH AND MISINFORMATION ON ITS PLATFORM. FOLLOWIN","['equity alert levi korsinsky, llp notifies investors of an investigation involving possible securities fraud violations by certain officers and directors of facebook, inc.', 'new york, new york--newsfile corp', '- october 4, 2021 - levi korsinsky notifies investors that it has commenced an investigation of facebook, inc', 'facebook or the company nasdaq fb concerning possible violations of federal securities laws.on october 3, 2021, 60 minutes interviewed former facebook data scientist frances haugen, who alleges that the company has been deceiving investors about how it has been dealing with hate speech and misinformation on its platform', 'followin']",weakly_negative,-0.25288,neutral,neutral
16-09-2021,"FACEBOOK, INC. COMMITS $2 MILLION DONATION TO MCBRIDE SISTERS COLLECTION'S SHE CAN FUND","OAKLAND, CALIF., SEPT. 16, 2021 /PRNEWSWIRE/ -- MCBRIDE SISTERS COLLECTION, INC., THE LARGEST BLACK-OWNED WINE COMPANY IN THE U.S., TODAY ANNOUNCES THAT IT HAS RECEIVED A $2 MILLION DONATION FROM FACEBOOK, INC. (NASDAQ: FB) FOR ITS 501 (C)(3), MCBRIDE SISTERS SHE CAN FUND.","FACEBOOK, INC. COMMITS $2 MILLION DONATION TO MCBRIDE SISTERS COLLECTION'S SHE CAN FUND. OAKLAND, CALIF., SEPT. 16, 2021 /PRNEWSWIRE/ -- MCBRIDE SISTERS COLLECTION, INC., THE LARGEST BLACK-OWNED WINE COMPANY IN THE U.S., TODAY ANNOUNCES THAT IT HAS RECEIVED A $2 MILLION DONATION FROM FACEBOOK, INC. (NASDAQ: FB) FOR ITS 501 (C)(3), MCBRIDE SISTERS SHE CAN FUND.","['facebook, inc', ""commits $2 million donation to mcbride sisters collection's she can fund"", 'oakland, calif., sept', '16, 2021 prnewswire -- mcbride sisters collection, inc., the largest black-owned wine company in the u.s., today announces that it has received a $2 million donation from facebook, inc', 'nasdaq fb for its 501 c3, mcbride sisters she can fund.']",neutral,0.00516,neutral,neutral
28-07-2021,FACEBOOK REPORTS SECOND QUARTER 2021 RESULTS,"MENLO PARK, CALIF., JULY 28, 2021 /PRNEWSWIRE/ -- FACEBOOK, INC. (NASDAQ: FB) TODAY REPORTED FINANCIAL RESULTS FOR THE QUARTER ENDED JUNE 30, 2021.","FACEBOOK REPORTS SECOND QUARTER 2021 RESULTS. MENLO PARK, CALIF., JULY 28, 2021 /PRNEWSWIRE/ -- FACEBOOK, INC. (NASDAQ: FB) TODAY REPORTED FINANCIAL RESULTS FOR THE QUARTER ENDED JUNE 30, 2021.","['facebook reports second quarter 2021 results', 'menlo park, calif., july 28, 2021 prnewswire -- facebook, inc', 'nasdaq fb today reported financial results for the quarter ended june 30, 2021.']",neutral,0.0,neutral,neutral
02-07-2021,FACEBOOK TO ANNOUNCE SECOND QUARTER 2021 RESULTS,"MENLO PARK, CALIF., JULY 2, 2021 /PRNEWSWIRE/ -- FACEBOOK, INC. (NASDAQ: FB) ANNOUNCED TODAY THAT THE COMPANY'S SECOND QUARTER 2021 FINANCIAL RESULTS WILL BE RELEASED AFTER MARKET CLOSE ON WEDNESDAY, JULY 28, 2021.","FACEBOOK TO ANNOUNCE SECOND QUARTER 2021 RESULTS. MENLO PARK, CALIF., JULY 2, 2021 /PRNEWSWIRE/ -- FACEBOOK, INC. (NASDAQ: FB) ANNOUNCED TODAY THAT THE COMPANY'S SECOND QUARTER 2021 FINANCIAL RESULTS WILL BE RELEASED AFTER MARKET CLOSE ON WEDNESDAY, JULY 28, 2021.","['facebook to announce second quarter 2021 results', 'menlo park, calif., july 2, 2021 prnewswire -- facebook, inc', ""nasdaq fb announced today that the company's second quarter 2021 financial results will be released after market close on wednesday, july 28, 2021.""]",neutral,0.0,neutral,neutral
28-04-2021,FACEBOOK REPORTS FIRST QUARTER 2021 RESULTS,"MENLO PARK, CALIF., APRIL 28, 2021 /PRNEWSWIRE/ -- FACEBOOK, INC. (NASDAQ: FB) TODAY REPORTED FINANCIAL RESULTS FOR THE QUARTER ENDED MARCH 31, 2021.","FACEBOOK REPORTS FIRST QUARTER 2021 RESULTS. MENLO PARK, CALIF., APRIL 28, 2021 /PRNEWSWIRE/ -- FACEBOOK, INC. (NASDAQ: FB) TODAY REPORTED FINANCIAL RESULTS FOR THE QUARTER ENDED MARCH 31, 2021.","['facebook reports first quarter 2021 results', 'menlo park, calif., april 28, 2021 prnewswire -- facebook, inc', 'nasdaq fb today reported financial results for the quarter ended march 31, 2021.']",neutral,0.0,neutral,neutral
01-04-2021,FACEBOOK TO ANNOUNCE FIRST QUARTER 2021 RESULTS,"MENLO PARK, CALIF., APRIL 1, 2021 /PRNEWSWIRE/ -- FACEBOOK, INC. (NASDAQ: FB) ANNOUNCED TODAY THAT THE COMPANY'S FIRST QUARTER 2021 FINANCIAL RESULTS WILL BE RELEASED AFTER MARKET CLOSE ON WEDNESDAY, APRIL 28, 2021.","FACEBOOK TO ANNOUNCE FIRST QUARTER 2021 RESULTS. MENLO PARK, CALIF., APRIL 1, 2021 /PRNEWSWIRE/ -- FACEBOOK, INC. (NASDAQ: FB) ANNOUNCED TODAY THAT THE COMPANY'S FIRST QUARTER 2021 FINANCIAL RESULTS WILL BE RELEASED AFTER MARKET CLOSE ON WEDNESDAY, APRIL 28, 2021.","['facebook to announce first quarter 2021 results', 'menlo park, calif., april 1, 2021 prnewswire -- facebook, inc', ""nasdaq fb announced today that the company's first quarter 2021 financial results will be released after market close on wednesday, april 28, 2021.""]",neutral,0.0,neutral,neutral
30-03-2021,GREYLEDGE TECHNOLOGIES RECEIVES $2.5 MILLION CONVERTIBLE LOAN FROM PUBLICLY-TRADED LENDER TO EXPAND CELL PROCESSING FACILITIES AND DATA MANAGEMENT CAPABILITY,DENVER--(BUSINESS WIRE)---- $FB #DAVID_KARLI--GREYLEDGE TECHNOLOGIES RECEIVES $2.5M CONVERTIBLE LOAN FROM PUBLICLY-TRADED LENDER TO EXPAND CELL PROCESSING FACILITIES AND DATA MANAGEMENT CAPABILITY,GREYLEDGE TECHNOLOGIES RECEIVES $2.5 MILLION CONVERTIBLE LOAN FROM PUBLICLY-TRADED LENDER TO EXPAND CELL PROCESSING FACILITIES AND DATA MANAGEMENT CAPABILITY. DENVER--(BUSINESS WIRE)---- $FB #DAVID_KARLI--GREYLEDGE TECHNOLOGIES RECEIVES $2.5M CONVERTIBLE LOAN FROM PUBLICLY-TRADED LENDER TO EXPAND CELL PROCESSING FACILITIES AND DATA MANAGEMENT CAPABILITY,"['greyledge technologies receives $2.5 million convertible loan from publicly-traded lender to expand cell processing facilities and data management capability', 'denver--business wire---- $fb davidkarli--greyledge technologies receives $2.5m convertible loan from publicly-traded lender to expand cell processing facilities and data management capability']",weakly_positive,0.3182,weakly_positive,weakly_positive
15-03-2021,MARK ZUCKERBERG ANNOUNCES FACEBOOK'S PLANS TO HELP GET PEOPLE VACCINATED AGAINST COVID-19,"MENLO PARK, CALIF., MARCH 15, 2021 /PRNEWSWIRE/ -- MARK ZUCKERBERG, FACEBOOK FOUNDER AND CEO, TODAY ANNOUNCED THAT FACEBOOK, INC. (NASDAQ: FB) PLANS TO HELP PEOPLE GET VACCINATED AGAINST THE COVID-19 VIRUS.","MARK ZUCKERBERG ANNOUNCES FACEBOOK'S PLANS TO HELP GET PEOPLE VACCINATED AGAINST COVID-19. MENLO PARK, CALIF., MARCH 15, 2021 /PRNEWSWIRE/ -- MARK ZUCKERBERG, FACEBOOK FOUNDER AND CEO, TODAY ANNOUNCED THAT FACEBOOK, INC. (NASDAQ: FB) PLANS TO HELP PEOPLE GET VACCINATED AGAINST THE COVID-19 VIRUS.","[""mark zuckerberg announces facebook's plans to help get people vaccinated against covid-19"", 'menlo park, calif., march 15, 2021 prnewswire -- mark zuckerberg, facebook founder and ceo, today announced that facebook, inc', 'nasdaq fb plans to help people get vaccinated against the covid-19 virus.']",weakly_positive,0.2679333333333333,weakly_positive,weakly_positive
05-01-2021,FACEBOOK TO ANNOUNCE FOURTH QUARTER AND FULL YEAR 2020 RESULTS,"MENLO PARK, CALIF., JAN. 5, 2021 /PRNEWSWIRE/ -- FACEBOOK, INC. (NASDAQ: FB) ANNOUNCED TODAY THAT THE COMPANY'S FOURTH QUARTER AND FULL YEAR 2020 FINANCIAL RESULTS WILL BE RELEASED AFTER MARKET CLOSE ON WEDNESDAY, JANUARY 27, 2021. FACEBOOK WILL HOST A CONFERENCE CALL TO DISCUSS ITS...","FACEBOOK TO ANNOUNCE FOURTH QUARTER AND FULL YEAR 2020 RESULTS. MENLO PARK, CALIF., JAN. 5, 2021 /PRNEWSWIRE/ -- FACEBOOK, INC. (NASDAQ: FB) ANNOUNCED TODAY THAT THE COMPANY'S FOURTH QUARTER AND FULL YEAR 2020 FINANCIAL RESULTS WILL BE RELEASED AFTER MARKET CLOSE ON WEDNESDAY, JANUARY 27, 2021. FACEBOOK WILL HOST A CONFERENCE CALL TO DISCUSS ITS...","['facebook to announce fourth quarter and full year 2020 results', 'menlo park, calif., jan', '5, 2021 prnewswire -- facebook, inc', ""nasdaq fb announced today that the company's fourth quarter and full year 2020 financial results will be released after market close on wednesday, january 27, 2021"", 'facebook will host a conference call to discuss its...']",neutral,0.0,neutral,neutral
23-10-2020,EDUCATE GIRLS幫助150萬名女孩回到學校的方案在2020年MIT SOLVE「女孩和婦女的學習」挑戰賽中獲選,(美國商業資訊)--在印度偏遠農村工作的非營利性組織EDUCATE GIRLS宣佈，其「幫助150萬名女孩回到學校」的解決方案在MIT SOLVE挑戰賽決賽中入選2020年新的SOLVER CLASS。 由麻省理工學院發起的倡議MIT SOLVE，為社會影響力創新提供了舞臺。SOLVE的專家評審從1,EDUCATE GIRLS幫助150萬名女孩回到學校的方案在2020年MIT SOLVE「女孩和婦女的學習」挑戰賽中獲選. (美國商業資訊)--在印度偏遠農村工作的非營利性組織EDUCATE GIRLS宣佈，其「幫助150萬名女孩回到學校」的解決方案在MIT SOLVE挑戰賽決賽中入選2020年新的SOLVER CLASS。 由麻省理工學院發起的倡議MIT SOLVE，為社會影響力創新提供了舞臺。SOLVE的專家評審從1,"['educate girls1502020mit solve', '--educate girls150mit solve2020solver class mit solvesolve1']",weakly_positive,0.10115,weakly_positive,weakly_positive
03-09-2020,"SUREDONE EXTENDS FACEBOOK PARTNERSHIP WITH ""CHECKOUT ON INSTAGRAM"" FOR MERCHANTS","NEW YORK, SEPT. 3, 2020 /PRNEWSWIRE/ -- SUREDONE ANNOUNCED TODAY THAT THEY HAVE EXTENDED THEIR PARTNERSHIP WITH FACEBOOK, WHICH CURRENTLY INCLUDES SUPPORT FOR INSTAGRAM SHOPS, FACEBOOK SHOPS AND FACEBOOK MARKETPLACE, TO NOW INCORPORATE ""CHECKOUT ON INSTAGRAM"".","SUREDONE EXTENDS FACEBOOK PARTNERSHIP WITH ""CHECKOUT ON INSTAGRAM"" FOR MERCHANTS. NEW YORK, SEPT. 3, 2020 /PRNEWSWIRE/ -- SUREDONE ANNOUNCED TODAY THAT THEY HAVE EXTENDED THEIR PARTNERSHIP WITH FACEBOOK, WHICH CURRENTLY INCLUDES SUPPORT FOR INSTAGRAM SHOPS, FACEBOOK SHOPS AND FACEBOOK MARKETPLACE, TO NOW INCORPORATE ""CHECKOUT ON INSTAGRAM"".","['suredone extends facebook partnership with checkout on instagram for merchants', 'new york, sept', '3, 2020 prnewswire -- suredone announced today that they have extended their partnership with facebook, which currently includes support for instagram shops, facebook shops and facebook marketplace, to now incorporate checkout on instagram.']",weakly_positive,0.1766333333333333,weakly_positive,weakly_positive
03-08-2020,"FACEBOOK LEASES 730,000 SQUARE FEET AT VORNADO’S FARLEY BUILDING","NEW YORK, AUG.  03, 2020  (GLOBE NEWSWIRE) -- VORNADO REALTY TRUST (NYSE: VNO) TODAY ANNOUNCED THAT FACEBOOK (NASDAQ: FB) HAS LEASED 730,000 SQUARE FEET COMPRISING ALL OF THE OFFICE SPACE AT THE FARLEY BUILDING IN VORNADO’S PENN DISTRICT.","FACEBOOK LEASES 730,000 SQUARE FEET AT VORNADO’S FARLEY BUILDING. NEW YORK, AUG.  03, 2020  (GLOBE NEWSWIRE) -- VORNADO REALTY TRUST (NYSE: VNO) TODAY ANNOUNCED THAT FACEBOOK (NASDAQ: FB) HAS LEASED 730,000 SQUARE FEET COMPRISING ALL OF THE OFFICE SPACE AT THE FARLEY BUILDING IN VORNADO’S PENN DISTRICT.","['facebook leases 730,000 square feet at vornados farley building', 'new york, aug', '03, 2020 globe newswire -- vornado realty trust nyse vno today announced that facebook nasdaq fb has leased 730,000 square feet comprising all of the office space at the farley building in vornados penn district.']",weakly_positive,0.1702,weakly_positive,weakly_positive
30-07-2020,FACEBOOK REPORTS SECOND QUARTER 2020 RESULTS,"MENLO PARK, CALIF., JULY 30, 2020 /PRNEWSWIRE/ -- FACEBOOK, INC.","FACEBOOK REPORTS SECOND QUARTER 2020 RESULTS. MENLO PARK, CALIF., JULY 30, 2020 /PRNEWSWIRE/ -- FACEBOOK, INC.","['facebook reports second quarter 2020 results', 'menlo park, calif., july 30, 2020 prnewswire -- facebook, inc.']",neutral,0.0,neutral,neutral
26-08-2019,SPIRIT AIRLINES DEBUTS WHATSAPP FOR SEAMLESS COMMUNICATION WITH GUESTS,"NEW TEXTING AND MESSAGING SOLUTION ALSO ALLOWS GUESTS TO ASK QUESTIONS, MODIFY TRAVEL AND MAKE RESERVATIONS IN ENGLISH AND SPANISH STARTING SEPTEMBER 1 NEW TEXTING AND MESSAGING SOLUTION ALSO ALLOWS GUESTS TO ASK QUESTIONS, MODIFY TRAVEL AND MAKE RESERVATIONS IN ENGLISH AND SPANISH STARTING SEPTEMBER 1","SPIRIT AIRLINES DEBUTS WHATSAPP FOR SEAMLESS COMMUNICATION WITH GUESTS. NEW TEXTING AND MESSAGING SOLUTION ALSO ALLOWS GUESTS TO ASK QUESTIONS, MODIFY TRAVEL AND MAKE RESERVATIONS IN ENGLISH AND SPANISH STARTING SEPTEMBER 1 NEW TEXTING AND MESSAGING SOLUTION ALSO ALLOWS GUESTS TO ASK QUESTIONS, MODIFY TRAVEL AND MAKE RESERVATIONS IN ENGLISH AND SPANISH STARTING SEPTEMBER 1","['spirit airlines debuts whatsapp for seamless communication with guests', 'new texting and messaging solution also allows guests to ask questions, modify travel and make reservations in english and spanish starting september 1 new texting and messaging solution also allows guests to ask questions, modify travel and make reservations in english and spanish starting september 1']",weakly_positive,0.36765,weakly_positive,weakly_positive
