published_date,twitter_posts,twitter_likes,twitter_sentiment,stock_twitter_posts,stock_twitter_likes,sentiment_score,weighted_daily_sentiment_x,weighted_daily_sentiment_y
04-03-2025,107,10973,0.50394,33,78,0.52188,strongly_positive,strongly_positive
04-03-2025,413,124900,0.53586,142,255,0.52474,strongly_positive,strongly_positive
04-03-2025,651,150220,0.52976,234,203,0.54691,strongly_positive,strongly_positive
04-03-2025,483,94350,0.52987,239,239,0.53367,strongly_positive,strongly_positive
04-03-2025,419,60729,0.51723,240,212,0.53658,strongly_positive,strongly_positive
04-03-2025,396,48365,0.63165,241,194,0.54748,strongly_positive,strongly_positive
04-03-2025,251,6939,0.59198,239,170,0.54972,strongly_positive,strongly_positive
04-03-2025,827,243083,0.52279,240,213,0.54229,strongly_positive,strongly_positive
04-03-2025,743,158392,0.53645,240,170,0.53061,strongly_positive,strongly_positive
04-03-2025,353,32168,0.62397,240,172,0.5246,strongly_positive,strongly_positive
04-03-2025,329,31782,0.52584,239,206,0.53115,strongly_positive,strongly_positive
04-03-2025,519,106788,0.50379,162,159,0.52072,strongly_positive,strongly_positive
04-03-2025,289,47156,0.6178,94,131,0.51849,strongly_positive,strongly_positive
04-03-2025,123,8407,0.52087,45,61,0.53893,strongly_positive,strongly_positive
04-03-2025,99,9811,0.49953,50,124,0.50592,strongly_positive,strongly_positive
04-03-2025,54,3674,0.57168,29,91,0.55462,strongly_positive,strongly_positive
04-03-2025,31,1058,0.6485,19,56,0.55484,strongly_positive,strongly_positive
04-03-2025,44,1154,0.49931,38,90,0.50605,strongly_positive,strongly_positive
04-03-2025,180,32905,0.52463,53,134,0.54357,strongly_positive,strongly_positive
03-03-2025,222,49994,0.5375,73,182,0.52764,strongly_positive,strongly_positive
03-03-2025,256,48288,0.57069,105,189,0.5235,strongly_positive,strongly_positive
03-03-2025,237,47209,0.53052,111,229,0.53333,strongly_positive,strongly_positive
03-03-2025,247,58273,0.52115,122,288,0.51107,strongly_positive,strongly_positive
03-03-2025,177,20962,0.51539,129,255,0.5246,strongly_positive,strongly_positive
03-03-2025,228,13854,0.55274,200,220,0.51497,strongly_positive,strongly_positive
03-03-2025,640,248688,0.6218,209,313,0.5323,strongly_positive,strongly_positive
03-03-2025,652,160740,0.49998,239,221,0.51549,strongly_positive,strongly_positive
03-03-2025,625,99313,0.54636,240,149,0.50833,strongly_positive,strongly_positive
03-03-2025,447,62825,0.52926,240,189,0.51973,strongly_positive,strongly_positive
03-03-2025,384,24189,0.56756,240,104,0.49499,strongly_positive,strongly_positive
03-03-2025,348,44118,0.50679,232,231,0.51882,strongly_positive,strongly_positive
03-03-2025,809,223148,0.49613,239,203,0.51481,strongly_positive,strongly_positive
03-03-2025,786,165740,0.58161,242,161,0.5064,strongly_positive,strongly_positive
03-03-2025,442,107294,0.51175,152,205,0.52543,strongly_positive,strongly_positive
03-03-2025,221,35036,0.63564,104,183,0.51323,strongly_positive,strongly_positive
03-03-2025,117,8972,0.52945,58,94,0.52503,strongly_positive,strongly_positive
03-03-2025,47,912,0.50389,36,47,0.51808,strongly_positive,strongly_positive
03-03-2025,22,300,0.57364,18,40,0.53872,strongly_positive,strongly_positive
03-03-2025,45,2398,0.63869,13,38,0.52108,strongly_positive,strongly_positive
03-03-2025,37,1241,0.65854,14,31,0.58086,strongly_positive,strongly_positive
03-03-2025,35,1228,0.50706,14,34,0.52086,strongly_positive,strongly_positive
03-03-2025,31,1763,0.48518,14,63,0.46214,strongly_positive,strongly_positive
03-03-2025,34,2117,0.64069,20,96,0.5642,strongly_positive,strongly_positive
02-03-2025,26,522,0.56073,18,40,0.57372,strongly_positive,strongly_positive
02-03-2025,33,982,0.48401,28,91,0.49939,strongly_positive,strongly_positive
02-03-2025,113,8925,0.55934,36,62,0.55814,strongly_positive,strongly_positive
02-03-2025,163,24669,0.59762,58,132,0.53555,strongly_positive,strongly_positive
02-03-2025,54,2732,0.52171,20,46,0.5381,strongly_positive,strongly_positive
02-03-2025,56,4561,0.51337,29,105,0.53259,strongly_positive,strongly_positive
02-03-2025,50,3036,0.49525,30,95,0.49867,strongly_positive,strongly_positive
02-03-2025,44,1254,0.54324,37,85,0.51765,strongly_positive,strongly_positive
02-03-2025,83,5554,0.60878,24,48,0.50708,strongly_positive,strongly_positive
02-03-2025,87,8302,0.57708,26,71,0.58062,strongly_positive,strongly_positive
02-03-2025,97,10247,0.50032,39,103,0.51628,strongly_positive,strongly_positive
02-03-2025,77,7465,0.5103,35,108,0.49271,strongly_positive,strongly_positive
02-03-2025,29,492,0.49639,14,20,0.51421,strongly_positive,strongly_positive
02-03-2025,10,149,0.47116,7,30,0.47886,strongly_positive,strongly_positive
02-03-2025,28,656,0.53938,21,54,0.52019,strongly_positive,strongly_positive
02-03-2025,11,41,0.60999,10,16,0.5172,strongly_positive,strongly_positive
02-03-2025,17,452,0.55757,6,23,0.50833,strongly_positive,strongly_positive
02-03-2025,27,356,0.50448,10,12,0.5221,strongly_positive,strongly_positive
02-03-2025,15,162,0.44286,8,14,0.45863,strongly_positive,strongly_positive
02-03-2025,7,25,0.49927,4,5,0.4545,strongly_positive,strongly_positive
02-03-2025,9,21,0.50265,6,4,0.50733,strongly_positive,strongly_positive
02-03-2025,7,0,0.56631,3,0,0.58267,strongly_positive,strongly_positive
02-03-2025,23,575,0.64284,10,26,0.5271,strongly_positive,strongly_positive
02-03-2025,14,745,0.51321,7,64,0.53229,strongly_positive,strongly_positive
01-03-2025,18,522,0.52125,12,51,0.53608,strongly_positive,strongly_positive
01-03-2025,19,296,0.56817,15,38,0.543,strongly_positive,strongly_positive
01-03-2025,20,110,0.58507,19,29,0.48942,strongly_positive,strongly_positive
01-03-2025,56,1418,0.48868,19,21,0.49926,strongly_positive,strongly_positive
01-03-2025,60,3622,0.53977,23,56,0.55743,strongly_positive,strongly_positive
01-03-2025,35,1226,0.536,14,34,0.44757,strongly_positive,strongly_positive
01-03-2025,25,999,0.58951,14,57,0.5305,strongly_positive,strongly_positive
01-03-2025,26,595,0.56014,17,41,0.56841,strongly_positive,strongly_positive
01-03-2025,13,153,0.55795,12,58,0.57867,strongly_positive,strongly_positive
01-03-2025,59,1407,0.53222,18,18,0.537,strongly_positive,strongly_positive
01-03-2025,132,3861,0.5567,42,23,0.56529,strongly_positive,strongly_positive
01-03-2025,61,1631,0.65048,26,28,0.54446,strongly_positive,strongly_positive
01-03-2025,43,1598,0.51122,21,45,0.52914,strongly_positive,strongly_positive
01-03-2025,62,5949,0.55673,32,124,0.50859,strongly_positive,strongly_positive
01-03-2025,42,562,0.55376,33,33,0.53633,strongly_positive,strongly_positive
01-03-2025,16,90,0.54166,13,17,0.56077,strongly_positive,strongly_positive
01-03-2025,21,562,0.49194,6,19,0.49983,strongly_positive,strongly_positive
01-03-2025,26,1150,0.52646,10,41,0.5453,strongly_positive,strongly_positive
01-03-2025,12,124,0.6367,5,10,0.5424,strongly_positive,strongly_positive
01-03-2025,14,166,0.53943,8,17,0.49375,strongly_positive,strongly_positive
01-03-2025,15,222,0.47971,9,23,0.49678,strongly_positive,strongly_positive
01-03-2025,13,296,0.55695,9,46,0.54533,strongly_positive,strongly_positive
01-03-2025,49,1750,0.57022,15,27,0.57987,strongly_positive,strongly_positive
01-03-2025,50,1654,0.56118,16,26,0.56525,strongly_positive,strongly_positive
28-02-2025,25,1063,0.54442,9,37,0.56478,strongly_positive,strongly_positive
28-02-2025,22,734,0.68996,16,69,0.56856,strongly_positive,strongly_positive
28-02-2025,20,297,0.50995,17,49,0.52871,strongly_positive,strongly_positive
28-02-2025,143,21971,0.56225,42,112,0.56829,strongly_positive,strongly_positive
28-02-2025,149,18220,0.56434,54,108,0.54111,strongly_positive,strongly_positive
28-02-2025,98,10942,0.61619,40,111,0.51795,strongly_positive,strongly_positive
28-02-2025,205,31144,0.51462,88,159,0.51977,strongly_positive,strongly_positive
28-02-2025,333,44199,0.52204,204,213,0.53957,strongly_positive,strongly_positive
28-02-2025,264,24616,0.5442,191,197,0.52848,strongly_positive,strongly_positive
28-02-2025,696,240092,0.57813,203,251,0.52242,strongly_positive,strongly_positive
28-02-2025,733,158294,0.5031,238,173,0.50958,strongly_positive,strongly_positive
28-02-2025,681,147832,0.54255,231,181,0.52629,strongly_positive,strongly_positive
28-02-2025,519,82851,0.51582,240,181,0.52149,strongly_positive,strongly_positive
28-02-2025,451,49448,0.57326,240,146,0.52653,strongly_positive,strongly_positive
28-02-2025,426,54453,0.51971,240,183,0.53846,strongly_positive,strongly_positive
28-02-2025,278,12493,0.50977,240,151,0.52728,strongly_positive,strongly_positive
28-02-2025,136,3649,0.55375,127,135,0.50788,strongly_positive,strongly_positive
28-02-2025,206,28782,0.52893,63,106,0.53178,strongly_positive,strongly_positive
28-02-2025,122,12837,0.61446,50,105,0.52682,strongly_positive,strongly_positive
28-02-2025,135,8999,0.52279,58,70,0.5321,strongly_positive,strongly_positive
28-02-2025,67,3236,0.50275,41,78,0.52102,strongly_positive,strongly_positive
28-02-2025,44,1362,0.56755,29,55,0.48576,strongly_positive,strongly_positive
28-02-2025,65,1729,0.4917,51,66,0.50698,strongly_positive,strongly_positive
28-02-2025,169,23170,0.54234,55,110,0.54469,strongly_positive,strongly_positive
27-02-2025,358,64239,0.53852,122,150,0.52876,strongly_positive,strongly_positive
27-02-2025,178,31826,0.56984,68,167,0.49688,strongly_positive,strongly_positive
27-02-2025,180,31451,0.53677,88,211,0.53953,strongly_positive,strongly_positive
27-02-2025,212,25923,0.49346,120,176,0.51204,strongly_positive,strongly_positive
27-02-2025,234,26521,0.53536,155,205,0.53133,strongly_positive,strongly_positive
27-02-2025,0,0,0.5,0,0,0.5,strongly_positive,strongly_positive
27-02-2025,567,0,0.50761,219,0,0.52605,strongly_positive,strongly_positive
27-02-2025,511,74430,0.5206,224,156,0.52721,strongly_positive,strongly_positive
27-02-2025,520,67549,0.50928,240,147,0.51534,strongly_positive,strongly_positive
27-02-2025,358,26196,0.60081,240,135,0.50745,strongly_positive,strongly_positive
27-02-2025,300,14399,0.47813,240,127,0.49422,strongly_positive,strongly_positive
27-02-2025,766,205769,0.48818,237,206,0.50495,strongly_positive,strongly_positive
27-02-2025,697,131391,0.52696,241,160,0.51326,strongly_positive,strongly_positive
27-02-2025,660,99866,0.48542,239,134,0.5019,strongly_positive,strongly_positive
27-02-2025,483,39882,0.49759,241,102,0.50304,strongly_positive,strongly_positive
27-02-2025,413,62491,0.53074,239,224,0.55024,strongly_positive,strongly_positive
27-02-2025,391,50030,0.63182,240,206,0.54298,strongly_positive,strongly_positive
27-02-2025,169,5620,0.58899,163,239,0.54309,strongly_positive,strongly_positive
27-02-2025,360,113699,0.51318,105,230,0.53195,strongly_positive,strongly_positive
27-02-2025,246,44188,0.54009,80,144,0.53158,strongly_positive,strongly_positive
27-02-2025,145,14979,0.50572,64,111,0.51588,strongly_positive,strongly_positive
27-02-2025,99,19445,0.554,46,223,0.55578,strongly_positive,strongly_positive
27-02-2025,92,8757,0.63769,62,177,0.54927,strongly_positive,strongly_positive
27-02-2025,108,9951,0.507,78,193,0.51688,strongly_positive,strongly_positive
27-02-2025,118,4621,0.54236,102,133,0.50709,strongly_positive,strongly_positive
26-02-2025,395,121139,0.52887,137,261,0.52123,strongly_positive,strongly_positive
26-02-2025,457,128632,0.52579,166,250,0.54157,strongly_positive,strongly_positive
26-02-2025,556,154470,0.52711,228,278,0.54061,strongly_positive,strongly_positive
26-02-2025,451,66349,0.52489,239,195,0.51679,strongly_positive,strongly_positive
26-02-2025,391,65643,0.5778,241,272,0.50608,strongly_positive,strongly_positive
26-02-2025,305,17077,0.49888,222,120,0.51132,strongly_positive,strongly_positive
26-02-2025,878,127404,0.4982,257,106,0.51704,strongly_positive,strongly_positive
26-02-2025,616,80405,0.52385,201,105,0.52119,strongly_positive,strongly_positive
26-02-2025,701,177454,0.52168,239,212,0.53495,strongly_positive,strongly_positive
26-02-2025,327,26617,0.51688,241,179,0.52441,strongly_positive,strongly_positive
26-02-2025,262,11330,0.58142,233,165,0.53792,strongly_positive,strongly_positive
26-02-2025,714,170915,0.63273,235,194,0.53695,strongly_positive,strongly_positive
26-02-2025,691,114845,0.53318,255,150,0.55067,strongly_positive,strongly_positive
26-02-2025,620,97166,0.59636,240,148,0.55096,strongly_positive,strongly_positive
26-02-2025,364,44452,0.55789,197,166,0.54498,strongly_positive,strongly_positive
26-02-2025,231,26483,0.62311,146,192,0.53888,strongly_positive,strongly_positive
26-02-2025,201,16059,0.54303,135,148,0.55439,strongly_positive,strongly_positive
26-02-2025,225,36218,0.54561,67,119,0.56587,strongly_positive,strongly_positive
26-02-2025,203,31228,0.63015,63,118,0.54405,strongly_positive,strongly_positive
26-02-2025,124,15048,0.52201,43,103,0.53716,strongly_positive,strongly_positive
26-02-2025,55,2789,0.55716,26,59,0.55723,strongly_positive,strongly_positive
26-02-2025,70,3338,0.52694,35,59,0.52003,strongly_positive,strongly_positive
26-02-2025,51,2982,0.50265,38,130,0.51355,strongly_positive,strongly_positive
26-02-2025,75,3299,0.55863,60,115,0.55917,strongly_positive,strongly_positive
25-02-2025,57,826,0.54128,55,109,0.5618,strongly_positive,strongly_positive
25-02-2025,213,35548,0.53714,79,151,0.55241,strongly_positive,strongly_positive
25-02-2025,250,49098,0.57562,97,186,0.54015,strongly_positive,strongly_positive
25-02-2025,250,46196,0.66364,110,199,0.54084,strongly_positive,strongly_positive
25-02-2025,221,31066,0.52889,127,207,0.54416,strongly_positive,strongly_positive
25-02-2025,198,19729,0.51411,134,186,0.52796,strongly_positive,strongly_positive
25-02-2025,225,21655,0.57665,181,260,0.54886,strongly_positive,strongly_positive
25-02-2025,701,183914,0.57826,218,202,0.50873,strongly_positive,strongly_positive
25-02-2025,644,150323,0.51961,224,199,0.53182,strongly_positive,strongly_positive
25-02-2025,616,191092,0.57643,224,276,0.54796,strongly_positive,strongly_positive
25-02-2025,476,78842,0.54975,239,206,0.54828,strongly_positive,strongly_positive
25-02-2025,394,56997,0.59655,229,216,0.5341,strongly_positive,strongly_positive
25-02-2025,474,96551,0.51441,166,175,0.52284,strongly_positive,strongly_positive
25-02-2025,605,113630,0.55479,239,181,0.51523,strongly_positive,strongly_positive
25-02-2025,434,74640,0.51347,180,174,0.53262,strongly_positive,strongly_positive
25-02-2025,240,21057,0.53451,141,133,0.55155,strongly_positive,strongly_positive
25-02-2025,132,10046,0.52485,91,148,0.53693,strongly_positive,strongly_positive
25-02-2025,0,0,0.5,0,0,0.5,strongly_positive,strongly_positive
25-02-2025,73,0,0.65225,54,0,0.52302,strongly_positive,strongly_positive
25-02-2025,114,11416,0.59186,36,78,0.51419,strongly_positive,strongly_positive
25-02-2025,100,5063,0.48999,33,41,0.501,strongly_positive,strongly_positive
25-02-2025,103,7989,0.56686,38,70,0.53361,strongly_positive,strongly_positive
25-02-2025,41,1064,0.54907,21,33,0.54381,strongly_positive,strongly_positive
25-02-2025,44,775,0.53844,24,24,0.55342,strongly_positive,strongly_positive
25-02-2025,37,1155,0.6809,30,89,0.54737,strongly_positive,strongly_positive
24-02-2025,55,1047,0.54651,49,71,0.54076,strongly_positive,strongly_positive
24-02-2025,168,13170,0.59571,50,58,0.5261,strongly_positive,strongly_positive
24-02-2025,131,10442,0.5501,52,77,0.51873,strongly_positive,strongly_positive
24-02-2025,156,24904,0.52487,65,162,0.54478,strongly_positive,strongly_positive
24-02-2025,154,18870,0.51839,73,143,0.51807,strongly_positive,strongly_positive
24-02-2025,138,6550,0.56007,87,79,0.52744,strongly_positive,strongly_positive
24-02-2025,131,10441,0.64579,97,178,0.52894,strongly_positive,strongly_positive
24-02-2025,221,10518,0.50477,198,189,0.52357,strongly_positive,strongly_positive
24-02-2025,399,52470,0.49401,132,107,0.50794,strongly_positive,strongly_positive
24-02-2025,146,8059,0.50772,54,50,0.48487,strongly_positive,strongly_positive
24-02-2025,342,54785,0.51234,133,152,0.53148,strongly_positive,strongly_positive
24-02-2025,316,45217,0.52644,172,196,0.53802,strongly_positive,strongly_positive
24-02-2025,305,37139,0.52151,194,206,0.53847,strongly_positive,strongly_positive
24-02-2025,108,2261,0.51664,96,80,0.51647,strongly_positive,strongly_positive
24-02-2025,385,76729,0.5908,115,148,0.53117,strongly_positive,strongly_positive
24-02-2025,299,53937,0.51904,93,139,0.53574,strongly_positive,strongly_positive
24-02-2025,64,4049,0.57228,41,109,0.53346,strongly_positive,strongly_positive
24-02-2025,34,936,0.68426,26,65,0.55254,strongly_positive,strongly_positive
24-02-2025,12,139,0.54744,10,33,0.5429,strongly_positive,strongly_positive
24-02-2025,54,3021,0.52964,18,46,0.54261,strongly_positive,strongly_positive
24-02-2025,48,1793,0.67174,17,32,0.54141,strongly_positive,strongly_positive
24-02-2025,43,1967,0.49779,17,44,0.51665,strongly_positive,strongly_positive
24-02-2025,32,865,0.46906,18,38,0.48128,strongly_positive,strongly_positive
24-02-2025,41,1780,0.56589,24,66,0.53458,strongly_positive,strongly_positive
23-02-2025,50,1071,0.52872,46,95,0.52498,strongly_positive,strongly_positive
23-02-2025,51,353,0.52682,50,105,0.5408,strongly_positive,strongly_positive
23-02-2025,136,18475,0.55521,43,106,0.57144,strongly_positive,strongly_positive
23-02-2025,113,14166,0.53173,48,130,0.55185,strongly_positive,strongly_positive
23-02-2025,107,15361,0.6308,48,157,0.55952,strongly_positive,strongly_positive
23-02-2025,95,6852,0.54717,49,92,0.55845,strongly_positive,strongly_positive
23-02-2025,68,3241,0.51012,47,92,0.52945,strongly_positive,strongly_positive
23-02-2025,45,893,0.5477,37,57,0.54862,strongly_positive,strongly_positive
23-02-2025,91,7015,0.59681,26,55,0.53854,strongly_positive,strongly_positive
23-02-2025,91,5388,0.65317,32,51,0.53766,strongly_positive,strongly_positive
23-02-2025,78,4921,0.54111,31,61,0.56106,strongly_positive,strongly_positive
23-02-2025,86,8804,0.63141,36,104,0.56889,strongly_positive,strongly_positive
23-02-2025,46,1083,0.5998,27,36,0.5747,strongly_positive,strongly_positive
23-02-2025,53,1237,0.67536,37,46,0.56708,strongly_positive,strongly_positive
23-02-2025,17,21,0.50435,17,36,0.51465,strongly_positive,strongly_positive
23-02-2025,66,2705,0.50919,21,32,0.52619,strongly_positive,strongly_positive
23-02-2025,27,267,0.58499,9,8,0.49033,strongly_positive,strongly_positive
23-02-2025,7,26,0.56897,3,4,0.51367,strongly_positive,strongly_positive
23-02-2025,10,102,0.57949,5,13,0.5872,strongly_positive,strongly_positive
23-02-2025,4,6,0.65454,2,2,0.6345,strongly_positive,strongly_positive
23-02-2025,20,738,0.70283,7,32,0.57043,strongly_positive,strongly_positive
23-02-2025,19,335,0.5729,7,16,0.56957,strongly_positive,strongly_positive
23-02-2025,28,651,0.57187,12,24,0.50917,strongly_positive,strongly_positive
23-02-2025,26,297,0.58525,16,18,0.5555,strongly_positive,strongly_positive
22-02-2025,19,417,0.57471,12,38,0.59642,strongly_positive,strongly_positive
22-02-2025,45,753,0.52685,13,12,0.53985,strongly_positive,strongly_positive
22-02-2025,70,9103,0.56733,21,97,0.53781,strongly_positive,strongly_positive
22-02-2025,74,2693,0.63527,25,30,0.5252,strongly_positive,strongly_positive
22-02-2025,37,893,0.58538,17,27,0.52229,strongly_positive,strongly_positive
22-02-2025,25,338,0.49918,12,16,0.51433,strongly_positive,strongly_positive
22-02-2025,0,0,0.5,0,0,0.5,strongly_positive,strongly_positive
22-02-2025,34,1423,0.5237,19,59,0.50321,strongly_positive,strongly_positive
22-02-2025,29,447,0.56169,22,36,0.50036,strongly_positive,strongly_positive
22-02-2025,29,244,0.54059,27,38,0.55085,strongly_positive,strongly_positive
22-02-2025,76,2732,0.50668,23,27,0.52396,strongly_positive,strongly_positive
22-02-2025,98,7692,0.53368,37,72,0.53576,strongly_positive,strongly_positive
22-02-2025,77,2076,0.57234,33,28,0.51858,strongly_positive,strongly_positive
22-02-2025,42,1804,0.50794,19,47,0.52511,strongly_positive,strongly_positive
22-02-2025,43,963,0.5031,28,39,0.52143,strongly_positive,strongly_positive
22-02-2025,21,411,0.48468,16,47,0.49063,strongly_positive,strongly_positive
22-02-2025,36,2175,0.50029,11,45,0.48091,strongly_positive,strongly_positive
22-02-2025,15,202,0.63315,5,11,0.5342,strongly_positive,strongly_positive
22-02-2025,11,26,0.50665,4,2,0.5125,strongly_positive,strongly_positive
22-02-2025,8,183,0.47356,4,27,0.48975,strongly_positive,strongly_positive
22-02-2025,11,373,0.60254,6,48,0.5865,strongly_positive,strongly_positive
22-02-2025,12,141,0.4585,7,18,0.47414,strongly_positive,strongly_positive
22-02-2025,14,99,0.53522,13,33,0.54131,strongly_positive,strongly_positive
22-02-2025,5,82,0.52103,5,11,0.5066,strongly_positive,strongly_positive
22-02-2025,28,1189,0.63533,9,33,0.54544,strongly_positive,strongly_positive
21-02-2025,27,642,0.53286,18,43,0.55283,strongly_positive,strongly_positive
21-02-2025,30,281,0.58321,21,19,0.52148,strongly_positive,strongly_positive
21-02-2025,91,8035,0.56651,28,67,0.53954,strongly_positive,strongly_positive
21-02-2025,91,7387,0.47172,29,64,0.48945,strongly_positive,strongly_positive
21-02-2025,114,8584,0.53124,41,66,0.53432,strongly_positive,strongly_positive
21-02-2025,126,9817,0.53858,62,95,0.55568,strongly_positive,strongly_positive
21-02-2025,134,13391,0.63275,70,130,0.5257,strongly_positive,strongly_positive
21-02-2025,283,24333,0.49915,172,136,0.51711,strongly_positive,strongly_positive
21-02-2025,113,2795,0.49043,95,76,0.50582,strongly_positive,strongly_positive
21-02-2025,608,86582,0.53616,176,103,0.51683,strongly_positive,strongly_positive
21-02-2025,561,49344,0.59372,181,70,0.50303,strongly_positive,strongly_positive
21-02-2025,348,31532,0.51139,140,89,0.52022,strongly_positive,strongly_positive
21-02-2025,375,43403,0.49585,172,130,0.51312,strongly_positive,strongly_positive
21-02-2025,190,5586,0.60876,92,35,0.51487,strongly_positive,strongly_positive
21-02-2025,162,8175,0.57204,115,103,0.52042,strongly_positive,strongly_positive
21-02-2025,69,1589,0.51809,59,74,0.52308,strongly_positive,strongly_positive
21-02-2025,150,13644,0.49986,48,72,0.51781,strongly_positive,strongly_positive
21-02-2025,50,3078,0.56045,18,54,0.56839,strongly_positive,strongly_positive
21-02-2025,37,1252,0.55524,14,31,0.561,strongly_positive,strongly_positive
21-02-2025,29,800,0.67945,15,36,0.576,strongly_positive,strongly_positive
21-02-2025,23,376,0.49357,14,26,0.50986,strongly_positive,strongly_positive
21-02-2025,22,1019,0.57594,14,81,0.53164,strongly_positive,strongly_positive
21-02-2025,34,1704,0.45133,10,36,0.4406,strongly_positive,strongly_positive
21-02-2025,69,3501,0.47872,21,38,0.49467,strongly_positive,strongly_positive
20-02-2025,68,5832,0.53184,23,71,0.54278,strongly_positive,strongly_positive
20-02-2025,52,3094,0.52882,24,67,0.54842,strongly_positive,strongly_positive
20-02-2025,47,2834,0.61002,23,72,0.52613,strongly_positive,strongly_positive
20-02-2025,120,7925,0.54966,39,53,0.5701,strongly_positive,strongly_positive
20-02-2025,117,9522,0.61358,40,68,0.55095,strongly_positive,strongly_positive
20-02-2025,89,3430,0.54598,34,36,0.55456,strongly_positive,strongly_positive
20-02-2025,65,2378,0.61777,35,49,0.51669,strongly_positive,strongly_positive
20-02-2025,164,13196,0.50614,93,116,0.51014,strongly_positive,strongly_positive
20-02-2025,172,14231,0.57,114,150,0.52039,strongly_positive,strongly_positive
20-02-2025,81,1761,0.65126,76,116,0.54372,strongly_positive,strongly_positive
20-02-2025,478,103512,0.5125,147,165,0.53064,strongly_positive,strongly_positive
20-02-2025,352,53885,0.56134,121,129,0.57019,strongly_positive,strongly_positive
20-02-2025,379,53127,0.55675,164,148,0.53835,strongly_positive,strongly_positive
20-02-2025,410,46616,0.58125,203,139,0.4948,strongly_positive,strongly_positive
20-02-2025,294,29528,0.51925,154,131,0.52709,strongly_positive,strongly_positive
20-02-2025,82,3871,0.49815,64,119,0.51583,strongly_positive,strongly_positive
20-02-2025,56,837,0.54225,53,91,0.5307,strongly_positive,strongly_positive
20-02-2025,111,14043,0.60018,38,106,0.54821,strongly_positive,strongly_positive
20-02-2025,0,0,0.5,0,0,0.5,strongly_positive,strongly_positive
20-02-2025,65,2013,0.54653,25,29,0.55068,strongly_positive,strongly_positive
20-02-2025,69,5269,0.56977,28,75,0.55704,strongly_positive,strongly_positive
20-02-2025,26,502,0.56464,15,28,0.57367,strongly_positive,strongly_positive
20-02-2025,30,312,0.54498,20,19,0.5057,strongly_positive,strongly_positive
20-02-2025,28,477,0.48384,20,35,0.50185,strongly_positive,strongly_positive
20-02-2025,91,6091,0.49899,28,51,0.515,strongly_positive,strongly_positive
19-02-2025,53,1141,0.55851,17,17,0.51753,strongly_positive,strongly_positive
19-02-2025,64,2111,0.68939,23,29,0.55217,strongly_positive,strongly_positive
19-02-2025,85,3671,0.58669,42,53,0.50919,strongly_positive,strongly_positive
19-02-2025,69,6900,0.47884,36,131,0.48944,strongly_positive,strongly_positive
19-02-2025,44,1585,0.52577,35,92,0.54543,strongly_positive,strongly_positive
19-02-2025,74,2086,0.64258,63,89,0.55676,strongly_positive,strongly_positive
19-02-2025,182,19578,0.5213,53,78,0.53594,strongly_positive,strongly_positive
19-02-2025,237,20201,0.51262,136,125,0.50152,strongly_positive,strongly_positive
19-02-2025,64,522,0.49906,39,13,0.51536,strongly_positive,strongly_positive
19-02-2025,160,10028,0.52824,115,131,0.53973,strongly_positive,strongly_positive
19-02-2025,599,102392,0.54299,174,124,0.53067,strongly_positive,strongly_positive
19-02-2025,377,66595,0.58552,122,141,0.50674,strongly_positive,strongly_positive
19-02-2025,61,1379,0.50485,22,20,0.51918,strongly_positive,strongly_positive
19-02-2025,423,47231,0.49574,195,126,0.51418,strongly_positive,strongly_positive
19-02-2025,185,11878,0.52667,98,85,0.52049,strongly_positive,strongly_positive
19-02-2025,105,8857,0.51484,59,120,0.52968,strongly_positive,strongly_positive
19-02-2025,51,1350,0.64687,44,87,0.51777,strongly_positive,strongly_positive
19-02-2025,89,13578,0.52616,26,111,0.54612,strongly_positive,strongly_positive
19-02-2025,47,3204,0.53808,17,60,0.54988,strongly_positive,strongly_positive
19-02-2025,37,1867,0.58926,15,50,0.554,strongly_positive,strongly_positive
19-02-2025,9,52,0.64239,4,6,0.66675,strongly_positive,strongly_positive
19-02-2025,23,488,0.51968,14,34,0.53436,strongly_positive,strongly_positive
19-02-2025,22,406,0.55742,16,39,0.57281,strongly_positive,strongly_positive
19-02-2025,27,287,0.66202,21,26,0.53995,strongly_positive,strongly_positive
18-02-2025,89,4904,0.59329,29,44,0.52317,strongly_positive,strongly_positive
18-02-2025,65,4070,0.51683,22,52,0.53086,strongly_positive,strongly_positive
18-02-2025,107,10012,0.57621,41,87,0.54873,strongly_positive,strongly_positive
18-02-2025,66,3672,0.52812,35,74,0.52737,strongly_positive,strongly_positive
18-02-2025,87,5171,0.5232,49,85,0.53537,strongly_positive,strongly_positive
18-02-2025,75,1410,0.65651,65,63,0.53678,strongly_positive,strongly_positive
18-02-2025,69,1644,0.53163,64,119,0.53041,strongly_positive,strongly_positive
18-02-2025,494,87867,0.58344,151,135,0.52271,strongly_positive,strongly_positive
18-02-2025,257,45841,0.54723,105,178,0.522,strongly_positive,strongly_positive
18-02-2025,291,47948,0.50979,125,173,0.52889,strongly_positive,strongly_positive
18-02-2025,163,18121,0.52706,80,135,0.53064,strongly_positive,strongly_positive
18-02-2025,383,64153,0.5147,118,128,0.53103,strongly_positive,strongly_positive
18-02-2025,534,93446,0.52202,184,148,0.53416,strongly_positive,strongly_positive
18-02-2025,510,91041,0.57836,198,169,0.54546,strongly_positive,strongly_positive
18-02-2025,370,77986,0.60673,184,259,0.52749,strongly_positive,strongly_positive
18-02-2025,191,18961,0.54786,110,146,0.56273,strongly_positive,strongly_positive
18-02-2025,90,5349,0.57057,55,95,0.5374,strongly_positive,strongly_positive
18-02-2025,31,292,0.52398,30,62,0.51917,strongly_positive,strongly_positive
18-02-2025,35,2339,0.63479,11,51,0.56191,strongly_positive,strongly_positive
18-02-2025,36,2303,0.66844,14,60,0.53779,strongly_positive,strongly_positive
18-02-2025,30,1209,0.57089,13,43,0.59254,strongly_positive,strongly_positive
18-02-2025,39,1348,0.59147,18,39,0.52272,strongly_positive,strongly_positive
18-02-2025,24,703,0.6146,16,54,0.57988,strongly_positive,strongly_positive
18-02-2025,39,1387,0.65288,31,94,0.53616,strongly_positive,strongly_positive
17-02-2025,57,1597,0.54717,49,93,0.54704,strongly_positive,strongly_positive
17-02-2025,110,14289,0.53525,38,110,0.55068,strongly_positive,strongly_positive
17-02-2025,147,15296,0.65858,53,92,0.53985,strongly_positive,strongly_positive
17-02-2025,140,14481,0.54302,57,103,0.56321,strongly_positive,strongly_positive
17-02-2025,35,1018,0.5621,20,43,0.574,strongly_positive,strongly_positive
17-02-2025,49,2224,0.54777,30,73,0.5234,strongly_positive,strongly_positive
17-02-2025,26,249,0.49956,25,68,0.5,strongly_positive,strongly_positive
17-02-2025,0,0,0.5,0,0,0.5,strongly_positive,strongly_positive
17-02-2025,62,5989,0.53427,18,70,0.54589,strongly_positive,strongly_positive
17-02-2025,43,1996,0.49352,14,37,0.50964,strongly_positive,strongly_positive
17-02-2025,75,4124,0.53726,33,59,0.55715,strongly_positive,strongly_positive
17-02-2025,78,5432,0.5828,36,79,0.52433,strongly_positive,strongly_positive
17-02-2025,60,5625,0.53184,32,125,0.53975,strongly_positive,strongly_positive
17-02-2025,25,1003,0.53904,18,84,0.55906,strongly_positive,strongly_positive
17-02-2025,42,1004,0.49508,36,81,0.49947,strongly_positive,strongly_positive
17-02-2025,78,9509,0.56852,23,89,0.52,strongly_positive,strongly_positive
17-02-2025,33,2273,0.5054,18,93,0.51789,strongly_positive,strongly_positive
17-02-2025,13,266,0.54324,8,34,0.51413,strongly_positive,strongly_positive
17-02-2025,10,163,0.50777,7,30,0.527,strongly_positive,strongly_positive
17-02-2025,34,1907,0.5344,10,41,0.5482,strongly_positive,strongly_positive
17-02-2025,33,2330,0.51421,11,57,0.52955,strongly_positive,strongly_positive
17-02-2025,22,175,0.47561,9,8,0.47244,strongly_positive,strongly_positive
17-02-2025,25,433,0.60038,12,20,0.53375,strongly_positive,strongly_positive
17-02-2025,14,320,0.50819,7,28,0.52314,strongly_positive,strongly_positive
17-02-2025,12,103,0.5155,9,19,0.535,strongly_positive,strongly_positive
16-02-2025,23,254,0.55442,20,42,0.556,strongly_positive,strongly_positive
16-02-2025,21,145,0.523,20,47,0.53365,strongly_positive,strongly_positive
16-02-2025,57,2346,0.66792,21,37,0.55124,strongly_positive,strongly_positive
16-02-2025,34,652,0.56178,13,18,0.56292,strongly_positive,strongly_positive
16-02-2025,43,1889,0.61279,19,47,0.55332,strongly_positive,strongly_positive
16-02-2025,14,368,0.59526,9,44,0.57133,strongly_positive,strongly_positive
16-02-2025,22,356,0.49235,15,30,0.51047,strongly_positive,strongly_positive
16-02-2025,84,5128,0.52929,25,45,0.53964,strongly_positive,strongly_positive
16-02-2025,81,6353,0.57009,25,60,0.54652,strongly_positive,strongly_positive
16-02-2025,66,2338,0.65916,23,30,0.55391,strongly_positive,strongly_positive
16-02-2025,36,1054,0.59228,17,34,0.53588,strongly_positive,strongly_positive
16-02-2025,42,1767,0.52751,21,52,0.54519,strongly_positive,strongly_positive
16-02-2025,24,615,0.59067,14,38,0.5735,strongly_positive,strongly_positive
16-02-2025,18,303,0.57678,14,44,0.52107,strongly_positive,strongly_positive
16-02-2025,12,24,0.59608,12,15,0.60383,strongly_positive,strongly_positive
16-02-2025,10,160,0.50439,3,12,0.52267,strongly_positive,strongly_positive
16-02-2025,8,138,0.60179,3,16,0.60833,strongly_positive,strongly_positive
16-02-2025,34,475,0.61717,15,15,0.56673,strongly_positive,strongly_positive
16-02-2025,11,39,0.45056,5,4,0.4668,strongly_positive,strongly_positive
16-02-2025,13,68,0.53834,4,4,0.51125,strongly_positive,strongly_positive
16-02-2025,17,499,0.64845,6,25,0.5375,strongly_positive,strongly_positive
16-02-2025,7,72,0.54208,3,11,0.55533,strongly_positive,strongly_positive
16-02-2025,4,61,0.56407,2,19,0.5815,strongly_positive,strongly_positive
16-02-2025,17,603,0.63224,9,48,0.52311,strongly_positive,strongly_positive
15-02-2025,15,155,0.6737,12,29,0.6015,strongly_positive,strongly_positive
15-02-2025,16,22,0.51488,16,32,0.52419,strongly_positive,strongly_positive
15-02-2025,44,1919,0.56458,13,32,0.54277,strongly_positive,strongly_positive
15-02-2025,33,620,0.5304,13,18,0.53308,strongly_positive,strongly_positive
15-02-2025,22,460,0.5291,9,21,0.539,strongly_positive,strongly_positive
15-02-2025,15,91,0.56841,7,7,0.58786,strongly_positive,strongly_positive
15-02-2025,25,592,0.49015,17,46,0.50788,strongly_positive,strongly_positive
15-02-2025,14,164,0.54728,10,26,0.4962,strongly_positive,strongly_positive
15-02-2025,114,4393,0.58318,36,30,0.56153,strongly_positive,strongly_positive
15-02-2025,64,1346,0.49831,21,17,0.51643,strongly_positive,strongly_positive
15-02-2025,62,895,0.53875,23,13,0.54552,strongly_positive,strongly_positive
15-02-2025,31,268,0.50026,16,11,0.51756,strongly_positive,strongly_positive
15-02-2025,41,783,0.60627,22,26,0.51191,strongly_positive,strongly_positive
15-02-2025,19,283,0.55714,12,25,0.57592,strongly_positive,strongly_positive
15-02-2025,18,281,0.51852,16,58,0.53631,strongly_positive,strongly_positive
15-02-2025,40,1415,0.51797,12,26,0.50442,strongly_positive,strongly_positive
15-02-2025,18,223,0.64469,6,10,0.55483,strongly_positive,strongly_positive
15-02-2025,17,388,0.55161,7,23,0.55771,strongly_positive,strongly_positive
15-02-2025,6,68,0.46621,3,13,0.48333,strongly_positive,strongly_positive
15-02-2025,18,277,0.61418,9,19,0.52767,strongly_positive,strongly_positive
15-02-2025,4,2,0.55432,3,1,0.511,strongly_positive,strongly_positive
15-02-2025,3,4,0.55759,3,6,0.559,strongly_positive,strongly_positive
15-02-2025,8,48,0.50765,4,7,0.48375,strongly_positive,strongly_positive
15-02-2025,9,58,0.65861,5,9,0.5486,strongly_positive,strongly_positive
14-02-2025,34,1261,0.56856,20,56,0.57205,strongly_positive,strongly_positive
14-02-2025,25,140,0.51943,23,24,0.536,strongly_positive,strongly_positive
14-02-2025,53,2556,0.55415,16,36,0.53506,strongly_positive,strongly_positive
14-02-2025,70,4058,0.53012,22,45,0.54914,strongly_positive,strongly_positive
14-02-2025,83,5066,0.54484,35,63,0.55374,strongly_positive,strongly_positive
14-02-2025,97,6594,0.57556,43,74,0.55509,strongly_positive,strongly_positive
14-02-2025,125,10246,0.66154,64,104,0.56092,strongly_positive,strongly_positive
14-02-2025,263,18666,0.61315,200,167,0.55901,strongly_positive,strongly_positive
14-02-2025,248,15478,0.51344,203,176,0.53138,strongly_positive,strongly_positive
14-02-2025,462,88457,0.52477,155,158,0.54345,strongly_positive,strongly_positive
14-02-2025,450,78490,0.59047,158,150,0.53753,strongly_positive,strongly_positive
14-02-2025,367,52883,0.54008,145,139,0.54511,strongly_positive,strongly_positive
14-02-2025,387,55088,0.64436,215,200,0.54762,strongly_positive,strongly_positive
14-02-2025,400,58200,0.53308,236,221,0.54079,strongly_positive,strongly_positive
14-02-2025,263,22120,0.57872,182,164,0.5353,strongly_positive,strongly_positive
14-02-2025,130,1427,0.64629,128,157,0.5483,strongly_positive,strongly_positive
14-02-2025,263,40759,0.53377,83,121,0.55131,strongly_positive,strongly_positive
14-02-2025,130,10667,0.54328,46,71,0.55491,strongly_positive,strongly_positive
14-02-2025,45,1154,0.57455,20,28,0.56115,strongly_positive,strongly_positive
14-02-2025,43,1013,0.62689,22,30,0.542,strongly_positive,strongly_positive
14-02-2025,24,405,0.52613,13,23,0.53708,strongly_positive,strongly_positive
14-02-2025,21,351,0.54943,17,48,0.56982,strongly_positive,strongly_positive
14-02-2025,73,2664,0.57459,21,26,0.56752,strongly_positive,strongly_positive
14-02-2025,57,3050,0.54593,20,46,0.5052,strongly_positive,strongly_positive
13-02-2025,55,1709,0.55158,22,30,0.55173,strongly_positive,strongly_positive
13-02-2025,82,9935,0.5483,34,123,0.54103,strongly_positive,strongly_positive
13-02-2025,132,5877,0.62911,38,32,0.52658,strongly_positive,strongly_positive
13-02-2025,94,10825,0.53682,30,91,0.55563,strongly_positive,strongly_positive
13-02-2025,84,5314,0.63558,28,52,0.58064,strongly_positive,strongly_positive
13-02-2025,75,3499,0.59684,34,52,0.57806,strongly_positive,strongly_positive
13-02-2025,65,5008,0.52898,31,91,0.54765,strongly_positive,strongly_positive
13-02-2025,182,18182,0.53439,101,140,0.54297,strongly_positive,strongly_positive
13-02-2025,155,7565,0.53596,131,152,0.55515,strongly_positive,strongly_positive
13-02-2025,27,230,0.59227,25,37,0.50456,strongly_positive,strongly_positive
13-02-2025,137,4541,0.58663,49,29,0.53696,strongly_positive,strongly_positive
13-02-2025,408,69542,0.52,153,156,0.5385,strongly_positive,strongly_positive
13-02-2025,118,5247,0.55024,50,46,0.53876,strongly_positive,strongly_positive
13-02-2025,385,65508,0.51764,233,268,0.5264,strongly_positive,strongly_positive
13-02-2025,308,36569,0.52512,198,205,0.52893,strongly_positive,strongly_positive
13-02-2025,97,3688,0.5208,74,90,0.54028,strongly_positive,strongly_positive
13-02-2025,116,7455,0.52318,35,48,0.53169,strongly_positive,strongly_positive
13-02-2025,48,2801,0.63383,16,48,0.5885,strongly_positive,strongly_positive
13-02-2025,58,3215,0.72075,22,51,0.57886,strongly_positive,strongly_positive
13-02-2025,25,528,0.4603,12,25,0.475,strongly_positive,strongly_positive
13-02-2025,34,1376,0.52959,19,57,0.54174,strongly_positive,strongly_positive
13-02-2025,36,709,0.66936,21,30,0.53657,strongly_positive,strongly_positive
13-02-2025,21,168,0.60011,19,36,0.52121,strongly_positive,strongly_positive
13-02-2025,59,3934,0.5464,18,50,0.56139,strongly_positive,strongly_positive
12-02-2025,82,6174,0.47901,31,69,0.49694,strongly_positive,strongly_positive
12-02-2025,49,3308,0.58382,21,70,0.57814,strongly_positive,strongly_positive
12-02-2025,56,2969,0.51126,25,58,0.52552,strongly_positive,strongly_positive
12-02-2025,56,2672,0.63502,36,83,0.51033,strongly_positive,strongly_positive
12-02-2025,69,1700,0.5249,53,59,0.54481,strongly_positive,strongly_positive
12-02-2025,56,970,0.62441,46,50,0.5513,strongly_positive,strongly_positive
12-02-2025,106,7253,0.50288,52,83,0.52015,strongly_positive,strongly_positive
12-02-2025,223,21889,0.57577,116,127,0.52808,strongly_positive,strongly_positive
12-02-2025,0,0,0.5,0,0,0.5,strongly_positive,strongly_positive
12-02-2025,268,26110,0.50838,162,153,0.51112,strongly_positive,strongly_positive
12-02-2025,200,6029,0.62357,188,167,0.53464,strongly_positive,strongly_positive
12-02-2025,315,40206,0.49224,91,92,0.50101,strongly_positive,strongly_positive
12-02-2025,397,53168,0.49791,152,125,0.516,strongly_positive,strongly_positive
12-02-2025,394,53562,0.59448,158,133,0.50882,strongly_positive,strongly_positive
12-02-2025,458,46700,0.53846,209,114,0.55519,strongly_positive,strongly_positive
12-02-2025,165,4299,0.51821,109,47,0.52045,strongly_positive,strongly_positive
12-02-2025,93,3912,0.54783,66,85,0.53791,strongly_positive,strongly_positive
12-02-2025,48,992,0.60379,41,65,0.52649,strongly_positive,strongly_positive
12-02-2025,56,3204,0.50983,18,45,0.51244,strongly_positive,strongly_positive
12-02-2025,45,3245,0.53829,16,63,0.55856,strongly_positive,strongly_positive
12-02-2025,40,1180,0.55958,16,29,0.55537,strongly_positive,strongly_positive
12-02-2025,27,645,0.56026,14,31,0.52214,strongly_positive,strongly_positive
12-02-2025,30,588,0.73776,18,31,0.59556,strongly_positive,strongly_positive
12-02-2025,33,666,0.56357,21,35,0.55881,strongly_positive,strongly_positive
12-02-2025,100,5549,0.51963,29,40,0.53231,strongly_positive,strongly_positive
11-02-2025,102,6297,0.54387,33,49,0.51433,strongly_positive,strongly_positive
11-02-2025,67,3761,0.58838,27,55,0.51333,strongly_positive,strongly_positive
11-02-2025,68,4609,0.52273,31,76,0.53639,strongly_positive,strongly_positive
11-02-2025,41,2071,0.56397,20,60,0.53265,strongly_positive,strongly_positive
11-02-2025,42,1771,0.51207,30,86,0.50837,strongly_positive,strongly_positive
11-02-2025,59,2579,0.626,50,140,0.556,strongly_positive,strongly_positive
11-02-2025,65,1765,0.54399,60,124,0.55985,strongly_positive,strongly_positive
11-02-2025,314,35690,0.5205,113,100,0.5402,strongly_positive,strongly_positive
11-02-2025,380,46279,0.58172,143,112,0.51585,strongly_positive,strongly_positive
11-02-2025,134,7727,0.51346,57,60,0.52409,strongly_positive,strongly_positive
11-02-2025,279,25541,0.51361,82,67,0.52393,strongly_positive,strongly_positive
11-02-2025,581,128487,0.51756,178,168,0.51922,strongly_positive,strongly_positive
11-02-2025,430,68424,0.64546,176,159,0.55597,strongly_positive,strongly_positive
11-02-2025,550,69578,0.5111,237,133,0.52106,strongly_positive,strongly_positive
11-02-2025,339,45712,0.56432,167,164,0.52763,strongly_positive,strongly_positive
11-02-2025,85,4337,0.54102,62,109,0.53321,strongly_positive,strongly_positive
11-02-2025,50,1348,0.50869,39,67,0.52395,strongly_positive,strongly_positive
11-02-2025,42,531,0.52466,40,72,0.5381,strongly_positive,strongly_positive
11-02-2025,65,3820,0.54924,22,49,0.54077,strongly_positive,strongly_positive
11-02-2025,37,1789,0.61619,14,45,0.53971,strongly_positive,strongly_positive
11-02-2025,35,761,0.52596,15,23,0.53907,strongly_positive,strongly_positive
11-02-2025,18,400,0.48438,10,32,0.5027,strongly_positive,strongly_positive
11-02-2025,24,596,0.54049,16,45,0.53775,strongly_positive,strongly_positive
11-02-2025,45,1418,0.56887,32,64,0.58334,strongly_positive,strongly_positive
10-02-2025,81,7575,0.69182,25,71,0.56132,strongly_positive,strongly_positive
10-02-2025,73,5735,0.51837,25,66,0.53792,strongly_positive,strongly_positive
10-02-2025,67,6868,0.539,29,108,0.5529,strongly_positive,strongly_positive
10-02-2025,69,3504,0.59241,34,62,0.56218,strongly_positive,strongly_positive
10-02-2025,73,4931,0.53928,38,88,0.55966,strongly_positive,strongly_positive
10-02-2025,74,2500,0.55065,58,85,0.56428,strongly_positive,strongly_positive
10-02-2025,76,1665,0.5326,72,132,0.54894,strongly_positive,strongly_positive
10-02-2025,221,34837,0.63361,64,114,0.52367,strongly_positive,strongly_positive
10-02-2025,455,76639,0.61388,175,158,0.54758,strongly_positive,strongly_positive
10-02-2025,337,62714,0.52981,136,183,0.54585,strongly_positive,strongly_positive
10-02-2025,340,54717,0.57619,156,181,0.55354,strongly_positive,strongly_positive
10-02-2025,251,18026,0.53791,167,131,0.54037,strongly_positive,strongly_positive
10-02-2025,28,437,0.51027,20,32,0.52,strongly_positive,strongly_positive
10-02-2025,552,81084,0.54281,243,158,0.55458,strongly_positive,strongly_positive
10-02-2025,337,54552,0.54768,156,184,0.54821,strongly_positive,strongly_positive
10-02-2025,112,9728,0.52921,60,116,0.54927,strongly_positive,strongly_positive
10-02-2025,63,2015,0.5293,51,86,0.54435,strongly_positive,strongly_positive
10-02-2025,45,713,0.56655,39,54,0.53164,strongly_positive,strongly_positive
10-02-2025,85,6629,0.6892,25,57,0.56168,strongly_positive,strongly_positive
10-02-2025,50,1807,0.54439,18,32,0.56011,strongly_positive,strongly_positive
10-02-2025,0,0,0.5,0,0,0.5,strongly_positive,strongly_positive
10-02-2025,22,619,0.55981,9,28,0.57489,strongly_positive,strongly_positive
10-02-2025,41,1145,0.55246,19,32,0.52584,strongly_positive,strongly_positive
10-02-2025,23,440,0.64059,14,31,0.56357,strongly_positive,strongly_positive
10-02-2025,44,1537,0.51518,32,75,0.52728,strongly_positive,strongly_positive
09-02-2025,68,1985,0.55682,53,73,0.52932,strongly_positive,strongly_positive
09-02-2025,92,6304,0.50888,30,55,0.50753,strongly_positive,strongly_positive
09-02-2025,131,22117,0.56858,48,151,0.50906,strongly_positive,strongly_positive
09-02-2025,92,8228,0.67553,43,102,0.55088,strongly_positive,strongly_positive
09-02-2025,54,6359,0.5351,29,158,0.55517,strongly_positive,strongly_positive
09-02-2025,78,4861,0.58612,44,90,0.52395,strongly_positive,strongly_positive
09-02-2025,43,1396,0.5365,37,113,0.51086,strongly_positive,strongly_positive
09-02-2025,102,10155,0.63356,30,73,0.52717,strongly_positive,strongly_positive
09-02-2025,85,6819,0.53279,26,61,0.53581,strongly_positive,strongly_positive
09-02-2025,53,5817,0.52597,22,110,0.54264,strongly_positive,strongly_positive
09-02-2025,81,4986,0.62288,35,65,0.51734,strongly_positive,strongly_positive
09-02-2025,46,1768,0.55044,23,47,0.57026,strongly_positive,strongly_positive
09-02-2025,26,659,0.59562,19,55,0.60558,strongly_positive,strongly_positive
09-02-2025,29,561,0.56148,23,49,0.54113,strongly_positive,strongly_positive
09-02-2025,46,1605,0.55812,15,28,0.56187,strongly_positive,strongly_positive
09-02-2025,32,575,0.50675,11,15,0.51555,strongly_positive,strongly_positive
09-02-2025,21,451,0.47607,8,20,0.49263,strongly_positive,strongly_positive
09-02-2025,2,2,0.71581,2,5,0.675,strongly_positive,strongly_positive
09-02-2025,1,0,0.28325,1,2,0.294,strongly_positive,strongly_positive
09-02-2025,22,259,0.55963,7,9,0.55929,strongly_positive,strongly_positive
09-02-2025,13,181,0.59591,5,13,0.5612,strongly_positive,strongly_positive
09-02-2025,23,450,0.59995,10,21,0.4914,strongly_positive,strongly_positive
09-02-2025,12,106,0.51418,6,11,0.53333,strongly_positive,strongly_positive
09-02-2025,15,353,0.59677,10,44,0.6136,strongly_positive,strongly_positive
08-02-2025,11,97,0.60872,9,24,0.58133,strongly_positive,strongly_positive
08-02-2025,23,273,0.50865,20,41,0.52765,strongly_positive,strongly_positive
08-02-2025,26,461,0.58067,9,15,0.59344,strongly_positive,strongly_positive
08-02-2025,38,1917,0.55805,15,48,0.5762,strongly_positive,strongly_positive
08-02-2025,40,1030,0.51987,20,32,0.5197,strongly_positive,strongly_positive
08-02-2025,22,589,0.57623,13,40,0.51808,strongly_positive,strongly_positive
08-02-2025,16,236,0.4663,10,24,0.4813,strongly_positive,strongly_positive
08-02-2025,15,66,0.52191,15,37,0.54133,strongly_positive,strongly_positive
08-02-2025,54,2450,0.52149,17,35,0.52594,strongly_positive,strongly_positive
08-02-2025,46,1894,0.53376,15,33,0.5422,strongly_positive,strongly_positive
08-02-2025,38,1268,0.66279,17,36,0.55418,strongly_positive,strongly_positive
08-02-2025,43,1431,0.54417,20,38,0.5484,strongly_positive,strongly_positive
08-02-2025,45,2442,0.57651,24,73,0.52621,strongly_positive,strongly_positive
08-02-2025,35,433,0.54522,28,34,0.52771,strongly_positive,strongly_positive
08-02-2025,15,77,0.49166,13,18,0.50908,strongly_positive,strongly_positive
08-02-2025,37,914,0.55903,13,21,0.56738,strongly_positive,strongly_positive
08-02-2025,27,1310,0.5298,10,43,0.5122,strongly_positive,strongly_positive
08-02-2025,2,2,0.58752,1,1,0.5,strongly_positive,strongly_positive
08-02-2025,22,161,0.59938,13,11,0.54815,strongly_positive,strongly_positive
08-02-2025,6,55,0.48288,4,15,0.5,strongly_positive,strongly_positive
08-02-2025,15,124,0.55213,11,18,0.54027,strongly_positive,strongly_positive
08-02-2025,30,1127,0.45756,9,28,0.46344,strongly_positive,strongly_positive
08-02-2025,30,1018,0.64116,10,28,0.5911,strongly_positive,strongly_positive
08-02-2025,32,1212,0.52395,12,35,0.52525,strongly_positive,strongly_positive
07-02-2025,29,1164,0.52501,14,48,0.54264,strongly_positive,strongly_positive
07-02-2025,50,2492,0.47215,28,71,0.48161,strongly_positive,strongly_positive
07-02-2025,45,2041,0.53955,27,70,0.54133,strongly_positive,strongly_positive
07-02-2025,38,352,0.62459,35,45,0.53789,strongly_positive,strongly_positive
07-02-2025,183,18377,0.51459,56,76,0.52984,strongly_positive,strongly_positive
07-02-2025,137,10234,0.53574,52,69,0.55544,strongly_positive,strongly_positive
07-02-2025,168,20058,0.52872,72,125,0.52103,strongly_positive,strongly_positive
07-02-2025,427,73411,0.53779,193,190,0.55395,strongly_positive,strongly_positive
07-02-2025,268,28690,0.55623,175,189,0.55746,strongly_positive,strongly_positive
07-02-2025,134,2893,0.49347,104,53,0.51215,strongly_positive,strongly_positive
07-02-2025,36,337,0.59989,30,28,0.52533,strongly_positive,strongly_positive
07-02-2025,495,71815,0.56014,168,121,0.52458,strongly_positive,strongly_positive
07-02-2025,668,128274,0.50894,237,167,0.52819,strongly_positive,strongly_positive
07-02-2025,599,92589,0.53291,240,151,0.53016,strongly_positive,strongly_positive
07-02-2025,411,54504,0.53059,232,190,0.5445,strongly_positive,strongly_positive
07-02-2025,190,15913,0.6628,114,130,0.53766,strongly_positive,strongly_positive
07-02-2025,77,1354,0.63308,72,89,0.55561,strongly_positive,strongly_positive
07-02-2025,146,16101,0.50703,42,79,0.52007,strongly_positive,strongly_positive
07-02-2025,147,10261,0.55311,47,55,0.52481,strongly_positive,strongly_positive
07-02-2025,65,2972,0.55585,28,48,0.55364,strongly_positive,strongly_positive
07-02-2025,60,3141,0.5219,27,58,0.53485,strongly_positive,strongly_positive
07-02-2025,40,1173,0.54761,21,38,0.56438,strongly_positive,strongly_positive
07-02-2025,47,709,0.56289,33,30,0.56015,strongly_positive,strongly_positive
07-02-2025,50,1348,0.62429,42,82,0.55676,strongly_positive,strongly_positive
06-02-2025,228,41717,0.53809,66,132,0.54806,strongly_positive,strongly_positive
06-02-2025,160,18151,0.59529,84,149,0.55092,strongly_positive,strongly_positive
06-02-2025,101,8325,0.5687,62,132,0.56882,strongly_positive,strongly_positive
06-02-2025,137,10823,0.51432,89,139,0.50753,strongly_positive,strongly_positive
06-02-2025,330,64947,0.53513,96,143,0.5467,strongly_positive,strongly_positive
06-02-2025,509,188918,0.57345,165,297,0.53875,strongly_positive,strongly_positive
06-02-2025,550,100087,0.61502,223,180,0.53208,strongly_positive,strongly_positive
06-02-2025,442,87445,0.52058,204,224,0.53541,strongly_positive,strongly_positive
06-02-2025,439,50449,0.56042,214,138,0.52581,strongly_positive,strongly_positive
06-02-2025,322,31770,0.55638,231,205,0.54974,strongly_positive,strongly_positive
06-02-2025,246,15628,0.59528,212,212,0.52446,strongly_positive,strongly_positive
06-02-2025,258,8377,0.54007,240,161,0.55459,strongly_positive,strongly_positive
06-02-2025,638,90736,0.50914,231,126,0.52845,strongly_positive,strongly_positive
06-02-2025,593,114603,0.60205,225,179,0.52957,strongly_positive,strongly_positive
06-02-2025,533,107159,0.52939,229,211,0.54186,strongly_positive,strongly_positive
06-02-2025,255,25319,0.65401,157,160,0.5342,strongly_positive,strongly_positive
06-02-2025,107,6218,0.54873,70,103,0.54721,strongly_positive,strongly_positive
06-02-2025,140,16359,0.52934,41,85,0.5439,strongly_positive,strongly_positive
06-02-2025,128,17307,0.66535,39,102,0.54246,strongly_positive,strongly_positive
06-02-2025,85,8671,0.50223,29,85,0.52107,strongly_positive,strongly_positive
06-02-2025,67,4307,0.57027,31,73,0.58329,strongly_positive,strongly_positive
06-02-2025,41,1192,0.62186,20,35,0.59205,strongly_positive,strongly_positive
06-02-2025,67,3825,0.65734,38,82,0.54684,strongly_positive,strongly_positive
06-02-2025,51,1386,0.53696,39,66,0.54951,strongly_positive,strongly_positive
05-02-2025,41,696,0.54451,38,88,0.56174,strongly_positive,strongly_positive
05-02-2025,166,27094,0.57881,51,124,0.55841,strongly_positive,strongly_positive
05-02-2025,160,20508,0.60557,61,119,0.54236,strongly_positive,strongly_positive
05-02-2025,153,23688,0.53413,66,163,0.54311,strongly_positive,strongly_positive
05-02-2025,130,19772,0.53208,59,169,0.51273,strongly_positive,strongly_positive
05-02-2025,204,33852,0.66132,63,127,0.53152,strongly_positive,strongly_positive
05-02-2025,307,79689,0.51436,106,220,0.53387,strongly_positive,strongly_positive
05-02-2025,512,98668,0.55054,223,205,0.56328,strongly_positive,strongly_positive
05-02-2025,102,3723,0.55793,51,45,0.52604,strongly_positive,strongly_positive
05-02-2025,398,68909,0.49734,210,228,0.51621,strongly_positive,strongly_positive
05-02-2025,292,19212,0.51881,231,170,0.53294,strongly_positive,strongly_positive
05-02-2025,245,3997,0.54668,235,114,0.56231,strongly_positive,strongly_positive
05-02-2025,795,170362,0.65809,232,156,0.53891,strongly_positive,strongly_positive
05-02-2025,232,20145,0.59701,90,82,0.52829,strongly_positive,strongly_positive
05-02-2025,573,134733,0.52491,233,233,0.53968,strongly_positive,strongly_positive
05-02-2025,305,44628,0.55782,141,166,0.53265,strongly_positive,strongly_positive
05-02-2025,85,4949,0.5042,57,108,0.50442,strongly_positive,strongly_positive
05-02-2025,46,1651,0.52749,33,75,0.53912,strongly_positive,strongly_positive
05-02-2025,110,6602,0.62839,34,46,0.51585,strongly_positive,strongly_positive
05-02-2025,74,2697,0.50621,24,29,0.506,strongly_positive,strongly_positive
05-02-2025,72,5125,0.62917,26,63,0.56558,strongly_positive,strongly_positive
05-02-2025,42,2308,0.6012,21,68,0.575,strongly_positive,strongly_positive
05-02-2025,72,8600,0.54749,38,158,0.56787,strongly_positive,strongly_positive
05-02-2025,39,1278,0.57403,24,53,0.57888,strongly_positive,strongly_positive
04-02-2025,26,277,0.53731,22,35,0.51327,strongly_positive,strongly_positive
04-02-2025,157,16593,0.65567,46,77,0.54811,strongly_positive,strongly_positive
04-02-2025,224,47141,0.49573,73,169,0.51319,strongly_positive,strongly_positive
04-02-2025,159,25281,0.50275,65,158,0.51914,strongly_positive,strongly_positive
04-02-2025,194,25210,0.54211,90,148,0.52463,strongly_positive,strongly_positive
04-02-2025,265,45386,0.49693,130,207,0.51455,strongly_positive,strongly_positive
04-02-2025,244,18644,0.52727,176,161,0.53518,strongly_positive,strongly_positive
04-02-2025,197,6008,0.50943,171,105,0.52759,strongly_positive,strongly_positive
04-02-2025,245,28302,0.59032,115,133,0.47689,strongly_positive,strongly_positive
04-02-2025,346,50996,0.51344,187,200,0.53287,strongly_positive,strongly_positive
04-02-2025,351,56913,0.61399,201,237,0.54452,strongly_positive,strongly_positive
04-02-2025,264,11570,0.54074,232,160,0.51163,strongly_positive,strongly_positive
04-02-2025,755,153170,0.65409,224,150,0.5393,strongly_positive,strongly_positive
04-02-2025,775,223243,0.54142,240,221,0.54228,strongly_positive,strongly_positive
04-02-2025,571,81223,0.49486,237,144,0.50958,strongly_positive,strongly_positive
04-02-2025,303,51179,0.61544,132,180,0.5065,strongly_positive,strongly_positive
04-02-2025,146,11931,0.50449,73,101,0.5231,strongly_positive,strongly_positive
04-02-2025,72,1788,0.51036,53,55,0.52051,strongly_positive,strongly_positive
04-02-2025,47,1390,0.56134,37,77,0.53778,strongly_positive,strongly_positive
04-02-2025,124,12392,0.54612,41,81,0.54759,strongly_positive,strongly_positive
04-02-2025,87,3816,0.55745,30,37,0.56887,strongly_positive,strongly_positive
04-02-2025,44,3080,0.5031,17,66,0.51988,strongly_positive,strongly_positive
04-02-2025,112,11417,0.49153,61,139,0.50956,strongly_positive,strongly_positive
04-02-2025,139,12106,0.59175,80,128,0.53415,strongly_positive,strongly_positive
03-02-2025,104,6032,0.50939,70,108,0.5162,strongly_positive,strongly_positive
03-02-2025,73,1625,0.48937,70,145,0.5074,strongly_positive,strongly_positive
03-02-2025,248,65499,0.53475,77,203,0.54035,strongly_positive,strongly_positive
03-02-2025,248,61477,0.58613,86,211,0.53781,strongly_positive,strongly_positive
03-02-2025,297,71357,0.6199,130,257,0.52072,strongly_positive,strongly_positive
03-02-2025,341,99137,0.51601,171,361,0.53383,strongly_positive,strongly_positive
03-02-2025,434,90949,0.59625,230,278,0.5463,strongly_positive,strongly_positive
03-02-2025,297,24790,0.54638,237,220,0.53038,strongly_positive,strongly_positive
03-02-2025,222,8086,0.62165,215,292,0.53234,strongly_positive,strongly_positive
03-02-2025,686,181200,0.52591,237,224,0.53282,strongly_positive,strongly_positive
03-02-2025,612,165644,0.50914,238,257,0.52757,strongly_positive,strongly_positive
03-02-2025,568,151103,0.62353,232,265,0.53303,strongly_positive,strongly_positive
03-02-2025,244,4044,0.52156,240,197,0.54122,strongly_positive,strongly_positive
03-02-2025,761,128807,0.51227,240,132,0.51464,strongly_positive,strongly_positive
03-02-2025,711,192038,0.51991,234,219,0.52981,strongly_positive,strongly_positive
03-02-2025,347,27041,0.62578,155,85,0.51851,strongly_positive,strongly_positive
03-02-2025,313,43131,0.52271,147,159,0.5247,strongly_positive,strongly_positive
03-02-2025,187,33953,0.59874,101,247,0.54242,strongly_positive,strongly_positive
03-02-2025,16,146,0.48187,13,26,0.46369,strongly_positive,strongly_positive
03-02-2025,63,2283,0.51022,56,134,0.52882,strongly_positive,strongly_positive
03-02-2025,222,48511,0.53995,78,188,0.54978,strongly_positive,strongly_positive
03-02-2025,147,10641,0.56465,54,65,0.5427,strongly_positive,strongly_positive
03-02-2025,204,15696,0.64091,85,78,0.54065,strongly_positive,strongly_positive
03-02-2025,171,14834,0.57731,101,132,0.52405,strongly_positive,strongly_positive
02-02-2025,217,29142,0.4954,136,223,0.51232,strongly_positive,strongly_positive
02-02-2025,284,32291,0.53928,211,253,0.52486,strongly_positive,strongly_positive
02-02-2025,804,237625,0.59828,238,218,0.54227,strongly_positive,strongly_positive
02-02-2025,58,1218,0.5395,19,17,0.54568,strongly_positive,strongly_positive
02-02-2025,415,113639,0.51862,154,248,0.53762,strongly_positive,strongly_positive
02-02-2025,284,64713,0.51514,134,264,0.52154,strongly_positive,strongly_positive
02-02-2025,162,21209,0.57667,88,179,0.53119,strongly_positive,strongly_positive
02-02-2025,184,20473,0.49751,106,164,0.51565,strongly_positive,strongly_positive
02-02-2025,97,3891,0.50494,86,152,0.52199,strongly_positive,strongly_positive
02-02-2025,376,77031,0.50895,112,152,0.51896,strongly_positive,strongly_positive
02-02-2025,358,59967,0.54147,132,151,0.52718,strongly_positive,strongly_positive
02-02-2025,254,30955,0.60134,106,124,0.51734,strongly_positive,strongly_positive
02-02-2025,157,19196,0.52836,69,131,0.53843,strongly_positive,strongly_positive
02-02-2025,87,5725,0.51624,55,110,0.53518,strongly_positive,strongly_positive
02-02-2025,95,5154,0.52025,71,122,0.51238,strongly_positive,strongly_positive
02-02-2025,61,1631,0.5205,49,71,0.53627,strongly_positive,strongly_positive
02-02-2025,54,1187,0.53168,26,26,0.53527,strongly_positive,strongly_positive
02-02-2025,41,1694,0.55055,21,52,0.5601,strongly_positive,strongly_positive
02-02-2025,5,16,0.50123,3,5,0.51867,strongly_positive,strongly_positive
02-02-2025,15,38,0.53365,14,11,0.55271,strongly_positive,strongly_positive
02-02-2025,20,60,0.541,20,41,0.4921,strongly_positive,strongly_positive
02-02-2025,59,1744,0.5312,22,27,0.51277,strongly_positive,strongly_positive
02-02-2025,48,1756,0.50374,19,35,0.52184,strongly_positive,strongly_positive
02-02-2025,63,3579,0.49982,28,62,0.50686,strongly_positive,strongly_positive
01-02-2025,113,4767,0.511,73,73,0.52895,strongly_positive,strongly_positive
01-02-2025,100,4937,0.5928,69,95,0.50245,strongly_positive,strongly_positive
01-02-2025,63,1543,0.48369,52,70,0.49967,strongly_positive,strongly_positive
01-02-2025,156,22294,0.50056,49,111,0.51802,strongly_positive,strongly_positive
01-02-2025,165,15516,0.53799,58,81,0.52514,strongly_positive,strongly_positive
01-02-2025,166,16655,0.59689,66,97,0.51559,strongly_positive,strongly_positive
01-02-2025,124,13625,0.52047,63,139,0.5254,strongly_positive,strongly_positive
01-02-2025,115,9042,0.49974,68,120,0.51825,strongly_positive,strongly_positive
01-02-2025,72,4796,0.58335,45,111,0.50304,strongly_positive,strongly_positive
01-02-2025,50,178,0.58616,50,75,0.54202,strongly_positive,strongly_positive
01-02-2025,218,26472,0.53718,69,95,0.53757,strongly_positive,strongly_positive
01-02-2025,223,29662,0.50003,88,128,0.51649,strongly_positive,strongly_positive
01-02-2025,132,13602,0.50958,59,113,0.52042,strongly_positive,strongly_positive
01-02-2025,108,8469,0.5197,51,91,0.52051,strongly_positive,strongly_positive
01-02-2025,72,2301,0.59789,50,62,0.51674,strongly_positive,strongly_positive
01-02-2025,35,771,0.53336,29,64,0.54869,strongly_positive,strongly_positive
01-02-2025,19,311,0.58303,17,63,0.54659,strongly_positive,strongly_positive
01-02-2025,57,2712,0.52188,20,41,0.51535,strongly_positive,strongly_positive
01-02-2025,22,172,0.51935,8,7,0.5345,strongly_positive,strongly_positive
01-02-2025,45,1195,0.52462,19,27,0.53858,strongly_positive,strongly_positive
01-02-2025,152,7595,0.58206,44,36,0.53236,strongly_positive,strongly_positive
01-02-2025,47,1454,0.50999,14,23,0.52807,strongly_positive,strongly_positive
01-02-2025,90,5981,0.49215,36,65,0.50942,strongly_positive,strongly_positive
01-02-2025,57,2220,0.55885,24,40,0.51038,strongly_positive,strongly_positive
31-01-2025,87,4403,0.51697,42,60,0.52093,strongly_positive,strongly_positive
31-01-2025,81,4957,0.63518,57,124,0.54186,strongly_positive,strongly_positive
31-01-2025,136,10823,0.50106,103,185,0.50904,strongly_positive,strongly_positive
31-01-2025,141,5945,0.51555,129,188,0.47832,strongly_positive,strongly_positive
31-01-2025,428,111352,0.62087,143,214,0.52873,strongly_positive,strongly_positive
31-01-2025,45,591,0.48284,17,12,0.49835,strongly_positive,strongly_positive
31-01-2025,491,128120,0.50449,209,271,0.51591,strongly_positive,strongly_positive
31-01-2025,434,63072,0.54619,240,203,0.53468,strongly_positive,strongly_positive
31-01-2025,172,14955,0.57673,111,151,0.50045,strongly_positive,strongly_positive
31-01-2025,23,214,0.46976,16,18,0.48013,strongly_positive,strongly_positive
31-01-2025,66,884,0.39566,20,10,0.41045,strongly_positive,strongly_positive
31-01-2025,712,125462,0.53307,240,146,0.52761,strongly_positive,strongly_positive
31-01-2025,567,118000,0.58822,240,215,0.54599,strongly_positive,strongly_positive
31-01-2025,300,24428,0.67151,145,97,0.5391,strongly_positive,strongly_positive
31-01-2025,466,86702,0.54903,238,236,0.54289,strongly_positive,strongly_positive
31-01-2025,150,5616,0.51028,114,88,0.52192,strongly_positive,strongly_positive
31-01-2025,113,1909,0.54388,104,78,0.5124,strongly_positive,strongly_positive
31-01-2025,58,112,0.48374,58,77,0.50209,strongly_positive,strongly_positive
31-01-2025,111,10382,0.50241,42,86,0.51624,strongly_positive,strongly_positive
31-01-2025,94,7614,0.56633,37,78,0.53284,strongly_positive,strongly_positive
31-01-2025,62,3050,0.62509,28,54,0.51132,strongly_positive,strongly_positive
31-01-2025,37,1121,0.63519,24,53,0.56154,strongly_positive,strongly_positive
31-01-2025,49,1533,0.51666,34,61,0.53106,strongly_positive,strongly_positive
31-01-2025,102,5238,0.56794,44,54,0.5215,strongly_positive,strongly_positive
30-01-2025,101,10282,0.51339,46,113,0.53189,strongly_positive,strongly_positive
30-01-2025,79,7301,0.55101,41,120,0.54073,strongly_positive,strongly_positive
30-01-2025,111,7967,0.51232,87,179,0.5217,strongly_positive,strongly_positive
30-01-2025,123,7933,0.54722,103,197,0.55026,strongly_positive,strongly_positive
30-01-2025,501,117176,0.49975,145,169,0.51854,strongly_positive,strongly_positive
30-01-2025,317,83174,0.53606,113,229,0.54554,strongly_positive,strongly_positive
30-01-2025,442,124334,0.55229,178,276,0.51433,strongly_positive,strongly_positive
30-01-2025,511,112520,0.65807,234,247,0.53069,strongly_positive,strongly_positive
30-01-2025,399,58151,0.51226,240,228,0.52821,strongly_positive,strongly_positive
30-01-2025,140,6880,0.52016,99,100,0.5327,strongly_positive,strongly_positive
30-01-2025,316,25416,0.63253,240,188,0.50913,strongly_positive,strongly_positive
30-01-2025,555,113537,0.59179,178,162,0.51585,strongly_positive,strongly_positive
30-01-2025,668,115426,0.50956,240,152,0.52301,strongly_positive,strongly_positive
30-01-2025,490,45255,0.49309,223,103,0.51165,strongly_positive,strongly_positive
30-01-2025,457,56370,0.5198,239,161,0.51579,strongly_positive,strongly_positive
30-01-2025,262,43587,0.49612,145,233,0.50945,strongly_positive,strongly_positive
30-01-2025,152,6309,0.66023,128,129,0.53276,strongly_positive,strongly_positive
30-01-2025,248,35972,0.50168,72,105,0.52068,strongly_positive,strongly_positive
30-01-2025,232,32454,0.55061,70,105,0.48784,strongly_positive,strongly_positive
30-01-2025,131,14382,0.56725,53,108,0.5363,strongly_positive,strongly_positive
30-01-2025,134,13215,0.51304,57,102,0.53249,strongly_positive,strongly_positive
30-01-2025,85,4274,0.52038,41,60,0.52095,strongly_positive,strongly_positive
30-01-2025,65,1994,0.53116,46,63,0.54683,strongly_positive,strongly_positive
30-01-2025,80,3045,0.64277,61,90,0.52841,strongly_positive,strongly_positive
29-01-2025,193,27734,0.59536,62,114,0.52861,strongly_positive,strongly_positive
29-01-2025,348,63196,0.501,117,150,0.51556,strongly_positive,strongly_positive
29-01-2025,297,60884,0.56049,112,189,0.53658,strongly_positive,strongly_positive
29-01-2025,204,14999,0.5294,177,252,0.53075,strongly_positive,strongly_positive
29-01-2025,253,10943,0.53179,237,227,0.52331,strongly_positive,strongly_positive
29-01-2025,782,315289,0.58328,240,307,0.51043,strongly_positive,strongly_positive
29-01-2025,630,226901,0.53298,240,335,0.53478,strongly_positive,strongly_positive
29-01-2025,553,121132,0.52276,239,231,0.54252,strongly_positive,strongly_positive
29-01-2025,486,96346,0.54651,240,242,0.54348,strongly_positive,strongly_positive
29-01-2025,365,51827,0.57009,240,254,0.53287,strongly_positive,strongly_positive
29-01-2025,307,18844,0.64905,240,154,0.52609,strongly_positive,strongly_positive
29-01-2025,285,15170,0.53816,240,164,0.53469,strongly_positive,strongly_positive
29-01-2025,703,163478,0.51997,240,195,0.53324,strongly_positive,strongly_positive
29-01-2025,625,91989,0.54585,240,138,0.51764,strongly_positive,strongly_positive
29-01-2025,488,63568,0.61283,240,158,0.53658,strongly_positive,strongly_positive
29-01-2025,378,41016,0.50725,215,157,0.51995,strongly_positive,strongly_positive
29-01-2025,152,9201,0.5545,92,95,0.52517,strongly_positive,strongly_positive
29-01-2025,107,3244,0.53299,101,167,0.53019,strongly_positive,strongly_positive
29-01-2025,325,67297,0.61086,100,158,0.54442,strongly_positive,strongly_positive
29-01-2025,346,50627,0.50603,111,116,0.52124,strongly_positive,strongly_positive
29-01-2025,182,24598,0.51069,79,143,0.52996,strongly_positive,strongly_positive
29-01-2025,274,52478,0.6217,125,214,0.55321,strongly_positive,strongly_positive
29-01-2025,204,26663,0.54345,107,171,0.554,strongly_positive,strongly_positive
29-01-2025,71,2542,0.68274,56,91,0.56509,strongly_positive,strongly_positive
28-01-2025,140,6070,0.50994,118,136,0.51164,strongly_positive,strongly_positive
28-01-2025,415,98716,0.51807,142,200,0.53392,strongly_positive,strongly_positive
28-01-2025,374,51180,0.64468,134,120,0.53262,strongly_positive,strongly_positive
28-01-2025,457,75063,0.50193,185,162,0.52028,strongly_positive,strongly_positive
28-01-2025,275,32702,0.50377,157,173,0.51313,strongly_positive,strongly_positive
28-01-2025,355,49689,0.55677,215,221,0.53475,strongly_positive,strongly_positive
28-01-2025,207,18868,0.63288,148,188,0.53331,strongly_positive,strongly_positive
28-01-2025,588,104555,0.54927,240,177,0.54196,strongly_positive,strongly_positive
28-01-2025,516,95906,0.59793,240,212,0.52558,strongly_positive,strongly_positive
28-01-2025,448,73480,0.52424,240,220,0.53671,strongly_positive,strongly_positive
28-01-2025,6,502,0.43212,4,178,0.4485,strongly_positive,strongly_positive
28-01-2025,276,11391,0.54887,240,143,0.54715,strongly_positive,strongly_positive
28-01-2025,134,2866,0.49382,126,115,0.50583,strongly_positive,strongly_positive
28-01-2025,659,102812,0.62294,240,139,0.50748,strongly_positive,strongly_positive
28-01-2025,585,126436,0.50218,241,217,0.52104,strongly_positive,strongly_positive
28-01-2025,457,80301,0.50387,243,234,0.5174,strongly_positive,strongly_positive
28-01-2025,387,53892,0.54738,240,227,0.52087,strongly_positive,strongly_positive
28-01-2025,308,43568,0.51612,203,254,0.53554,strongly_positive,strongly_positive
28-01-2025,494,186247,0.5306,145,276,0.54313,strongly_positive,strongly_positive
28-01-2025,474,114021,0.50976,155,194,0.52581,strongly_positive,strongly_positive
28-01-2025,468,153275,0.66259,160,275,0.54979,strongly_positive,strongly_positive
28-01-2025,388,87073,0.60638,181,257,0.54273,strongly_positive,strongly_positive
28-01-2025,335,68896,0.51517,165,250,0.5312,strongly_positive,strongly_positive
28-01-2025,349,67588,0.56244,199,281,0.54172,strongly_positive,strongly_positive
27-01-2025,269,18990,0.51926,235,250,0.52253,strongly_positive,strongly_positive
27-01-2025,145,4794,0.50785,137,187,0.51685,strongly_positive,strongly_positive
27-01-2025,657,213924,0.62059,240,291,0.51618,strongly_positive,strongly_positive
27-01-2025,627,149586,0.51997,240,223,0.52283,strongly_positive,strongly_positive
27-01-2025,106,4402,0.55207,46,44,0.50172,strongly_positive,strongly_positive
27-01-2025,386,48702,0.54774,240,207,0.52838,strongly_positive,strongly_positive
27-01-2025,362,39024,0.52182,240,195,0.54063,strongly_positive,strongly_positive
27-01-2025,223,11250,0.50454,176,129,0.51144,strongly_positive,strongly_positive
27-01-2025,264,18040,0.53638,81,52,0.51681,strongly_positive,strongly_positive
27-01-2025,700,111367,0.63887,240,134,0.54093,strongly_positive,strongly_positive
27-01-2025,622,102317,0.51913,240,155,0.53638,strongly_positive,strongly_positive
27-01-2025,467,35441,0.50552,240,97,0.51215,strongly_positive,strongly_positive
27-01-2025,404,32929,0.49656,241,126,0.51454,strongly_positive,strongly_positive
27-01-2025,376,30475,0.59921,239,137,0.51229,strongly_positive,strongly_positive
27-01-2025,105,2351,0.55998,30,16,0.5141,strongly_positive,strongly_positive
27-01-2025,63,803,0.46659,20,10,0.46885,strongly_positive,strongly_positive
27-01-2025,113,2566,0.50972,45,22,0.52727,strongly_positive,strongly_positive
27-01-2025,531,68621,0.49859,240,143,0.50768,strongly_positive,strongly_positive
27-01-2025,502,76261,0.52124,239,178,0.52418,strongly_positive,strongly_positive
27-01-2025,225,21531,0.60914,157,189,0.52197,strongly_positive,strongly_positive
27-01-2025,171,8540,0.49932,143,150,0.5147,strongly_positive,strongly_positive
27-01-2025,139,4884,0.53748,125,143,0.50046,strongly_positive,strongly_positive
27-01-2025,512,108823,0.51286,182,185,0.50392,strongly_positive,strongly_positive
27-01-2025,449,100251,0.49858,167,203,0.51413,strongly_positive,strongly_positive
26-01-2025,525,142543,0.51901,221,279,0.53149,strongly_positive,strongly_positive
26-01-2025,397,64076,0.5074,238,251,0.52653,strongly_positive,strongly_positive
26-01-2025,376,40212,0.58808,240,182,0.51251,strongly_positive,strongly_positive
26-01-2025,648,139836,0.5709,186,155,0.53255,strongly_positive,strongly_positive
26-01-2025,384,74294,0.46436,115,144,0.48183,strongly_positive,strongly_positive
26-01-2025,282,46704,0.51013,94,136,0.50614,strongly_positive,strongly_positive
26-01-2025,148,21193,0.50037,67,159,0.51275,strongly_positive,strongly_positive
26-01-2025,123,8576,0.66648,59,82,0.53769,strongly_positive,strongly_positive
26-01-2025,132,10327,0.49525,73,109,0.51401,strongly_positive,strongly_positive
26-01-2025,79,2913,0.53376,59,84,0.54669,strongly_positive,strongly_positive
26-01-2025,52,1389,0.54221,47,112,0.51255,strongly_positive,strongly_positive
26-01-2025,156,10634,0.63756,47,51,0.52498,strongly_positive,strongly_positive
26-01-2025,137,13532,0.53738,51,90,0.55151,strongly_positive,strongly_positive
26-01-2025,102,5247,0.54909,43,53,0.56526,strongly_positive,strongly_positive
26-01-2025,112,5052,0.6609,50,49,0.5432,strongly_positive,strongly_positive
26-01-2025,66,3514,0.50097,20,40,0.51935,strongly_positive,strongly_positive
26-01-2025,38,1055,0.57529,13,23,0.56662,strongly_positive,strongly_positive
26-01-2025,9,53,0.56936,4,6,0.52475,strongly_positive,strongly_positive
26-01-2025,2,14,0.21842,1,8,0.219,strongly_positive,strongly_positive
26-01-2025,12,160,0.4714,6,17,0.46383,strongly_positive,strongly_positive
26-01-2025,7,69,0.52005,5,24,0.5304,strongly_positive,strongly_positive
26-01-2025,0,0,0.5,0,0,0.5,strongly_positive,strongly_positive
26-01-2025,12,0,0.47153,11,0,0.44127,strongly_positive,strongly_positive
26-01-2025,49,1925,0.49329,14,28,0.51193,strongly_positive,strongly_positive
26-01-2025,45,1462,0.51099,17,30,0.52618,strongly_positive,strongly_positive
25-01-2025,73,3538,0.5236,29,47,0.48934,strongly_positive,strongly_positive
25-01-2025,29,472,0.61947,13,18,0.502,strongly_positive,strongly_positive
25-01-2025,31,593,0.57934,20,34,0.508,strongly_positive,strongly_positive
25-01-2025,23,521,0.51069,16,45,0.52369,strongly_positive,strongly_positive
25-01-2025,49,2150,0.51132,15,33,0.53067,strongly_positive,strongly_positive
25-01-2025,57,2697,0.62713,18,37,0.549,strongly_positive,strongly_positive
25-01-2025,62,2711,0.5564,22,38,0.57036,strongly_positive,strongly_positive
25-01-2025,67,1832,0.60387,33,33,0.49058,strongly_positive,strongly_positive
25-01-2025,60,2659,0.54978,31,57,0.54684,strongly_positive,strongly_positive
25-01-2025,52,1933,0.59544,31,58,0.53058,strongly_positive,strongly_positive
25-01-2025,35,461,0.656,29,39,0.53193,strongly_positive,strongly_positive
25-01-2025,104,5366,0.53311,30,37,0.55323,strongly_positive,strongly_positive
25-01-2025,94,4647,0.53925,30,39,0.54143,strongly_positive,strongly_positive
25-01-2025,45,2547,0.59955,18,55,0.56872,strongly_positive,strongly_positive
25-01-2025,79,3481,0.61389,36,49,0.508,strongly_positive,strongly_positive
25-01-2025,35,1279,0.50665,17,43,0.50829,strongly_positive,strongly_positive
25-01-2025,13,156,0.51569,9,24,0.53144,strongly_positive,strongly_positive
25-01-2025,5,24,0.53902,4,15,0.51825,strongly_positive,strongly_positive
25-01-2025,13,81,0.42844,6,7,0.44433,strongly_positive,strongly_positive
25-01-2025,9,158,0.54579,5,23,0.539,strongly_positive,strongly_positive
25-01-2025,7,50,0.41005,4,10,0.422,strongly_positive,strongly_positive
25-01-2025,8,15,0.50323,7,6,0.50343,strongly_positive,strongly_positive
25-01-2025,31,989,0.48494,9,23,0.50333,strongly_positive,strongly_positive
25-01-2025,59,2982,0.64764,18,38,0.56917,strongly_positive,strongly_positive
24-01-2025,59,2027,0.5622,24,34,0.52804,strongly_positive,strongly_positive
24-01-2025,66,1648,0.48085,28,26,0.49907,strongly_positive,strongly_positive
24-01-2025,31,1211,0.55038,15,47,0.5486,strongly_positive,strongly_positive
24-01-2025,40,935,0.52268,29,49,0.53693,strongly_positive,strongly_positive
24-01-2025,43,922,0.66181,33,52,0.53903,strongly_positive,strongly_positive
24-01-2025,90,3840,0.63313,29,34,0.55762,strongly_positive,strongly_positive
24-01-2025,177,24081,0.50736,60,113,0.52095,strongly_positive,strongly_positive
24-01-2025,423,106139,0.55295,161,233,0.52609,strongly_positive,strongly_positive
24-01-2025,425,61571,0.52406,225,192,0.52297,strongly_positive,strongly_positive
24-01-2025,417,43041,0.51337,234,147,0.52552,strongly_positive,strongly_positive
24-01-2025,341,32136,0.49285,224,168,0.50835,strongly_positive,strongly_positive
24-01-2025,245,7502,0.51866,227,148,0.51713,strongly_positive,strongly_positive
24-01-2025,72,763,0.59917,22,8,0.53618,strongly_positive,strongly_positive
24-01-2025,660,127684,0.52264,225,162,0.5316,strongly_positive,strongly_positive
24-01-2025,280,23805,0.52902,120,89,0.54887,strongly_positive,strongly_positive
24-01-2025,65,2956,0.52434,32,55,0.52759,strongly_positive,strongly_positive
24-01-2025,85,4481,0.52333,44,68,0.53264,strongly_positive,strongly_positive
24-01-2025,21,128,0.681,16,15,0.56631,strongly_positive,strongly_positive
24-01-2025,19,145,0.5191,18,41,0.53772,strongly_positive,strongly_positive
24-01-2025,24,291,0.52493,8,10,0.5415,strongly_positive,strongly_positive
24-01-2025,18,117,0.60711,7,6,0.58557,strongly_positive,strongly_positive
24-01-2025,42,1467,0.5388,17,34,0.55824,strongly_positive,strongly_positive
24-01-2025,20,77,0.58186,19,24,0.57611,strongly_positive,strongly_positive
24-01-2025,48,1886,0.65073,15,30,0.57533,strongly_positive,strongly_positive
23-01-2025,80,11466,0.51385,26,114,0.52819,strongly_positive,strongly_positive
23-01-2025,82,10078,0.5372,36,131,0.55758,strongly_positive,strongly_positive
23-01-2025,59,5713,0.61641,27,109,0.54411,strongly_positive,strongly_positive
23-01-2025,51,3011,0.4866,27,78,0.49748,strongly_positive,strongly_positive
23-01-2025,39,955,0.6784,31,64,0.55635,strongly_positive,strongly_positive
23-01-2025,33,575,0.49773,28,57,0.49729,strongly_positive,strongly_positive
23-01-2025,148,21186,0.5248,51,121,0.53976,strongly_positive,strongly_positive
23-01-2025,374,70333,0.68648,135,166,0.56194,strongly_positive,strongly_positive
23-01-2025,103,6641,0.49447,42,64,0.5129,strongly_positive,strongly_positive
23-01-2025,38,0,0.48943,22,0,0.5,strongly_positive,strongly_positive
23-01-2025,0,0,0.5,0,0,0.5,strongly_positive,strongly_positive
23-01-2025,201,13063,0.57441,123,104,0.54835,strongly_positive,strongly_positive
23-01-2025,195,14089,0.64162,141,152,0.53585,strongly_positive,strongly_positive
23-01-2025,594,127512,0.55269,173,156,0.56495,strongly_positive,strongly_positive
23-01-2025,580,118901,0.50951,188,164,0.52602,strongly_positive,strongly_positive
23-01-2025,19,388,0.46868,7,18,0.45329,strongly_positive,strongly_positive
23-01-2025,184,8620,0.60196,85,53,0.54094,strongly_positive,strongly_positive
23-01-2025,77,2609,0.55347,41,45,0.56198,strongly_positive,strongly_positive
23-01-2025,37,1348,0.55271,21,52,0.53395,strongly_positive,strongly_positive
23-01-2025,10,66,0.48674,9,22,0.49078,strongly_positive,strongly_positive
23-01-2025,68,3829,0.54479,20,41,0.49775,strongly_positive,strongly_positive
23-01-2025,39,1283,0.65023,14,29,0.54336,strongly_positive,strongly_positive
23-01-2025,42,1817,0.46598,17,43,0.48241,strongly_positive,strongly_positive
23-01-2025,70,4344,0.57565,30,65,0.52517,strongly_positive,strongly_positive
23-01-2025,39,2010,0.57583,24,83,0.55713,strongly_positive,strongly_positive
22-01-2025,28,579,0.59364,20,44,0.5058,strongly_positive,strongly_positive
22-01-2025,48,1361,0.53246,37,70,0.54068,strongly_positive,strongly_positive
22-01-2025,64,2606,0.64882,30,47,0.57613,strongly_positive,strongly_positive
22-01-2025,195,19546,0.5036,97,123,0.51825,strongly_positive,strongly_positive
22-01-2025,103,7366,0.5303,59,105,0.50771,strongly_positive,strongly_positive
22-01-2025,68,1715,0.54689,60,94,0.54812,strongly_positive,strongly_positive
22-01-2025,56,913,0.54609,53,105,0.55745,strongly_positive,strongly_positive
22-01-2025,160,19223,0.61982,59,108,0.51085,strongly_positive,strongly_positive
22-01-2025,353,61888,0.57345,136,165,0.57426,strongly_positive,strongly_positive
22-01-2025,375,66646,0.60101,164,190,0.54207,strongly_positive,strongly_positive
22-01-2025,27,324,0.58496,17,20,0.56094,strongly_positive,strongly_positive
22-01-2025,238,32492,0.54666,159,251,0.56684,strongly_positive,strongly_positive
22-01-2025,256,18106,0.55247,204,186,0.55804,strongly_positive,strongly_positive
22-01-2025,709,141634,0.55301,219,153,0.52966,strongly_positive,strongly_positive
22-01-2025,14,3795,0.55839,5,226,0.4686,strongly_positive,strongly_positive
22-01-2025,309,61882,0.54051,120,190,0.55925,strongly_positive,strongly_positive
22-01-2025,185,23415,0.54119,92,156,0.55921,strongly_positive,strongly_positive
22-01-2025,71,5722,0.57896,41,119,0.56166,strongly_positive,strongly_positive
22-01-2025,33,1500,0.54617,20,73,0.56525,strongly_positive,strongly_positive
22-01-2025,19,189,0.54579,18,69,0.55317,strongly_positive,strongly_positive
22-01-2025,32,2973,0.59965,10,71,0.6213,strongly_positive,strongly_positive
22-01-2025,57,4539,0.60724,22,75,0.6135,strongly_positive,strongly_positive
22-01-2025,52,1651,0.61254,23,34,0.56187,strongly_positive,strongly_positive
22-01-2025,89,6126,0.53772,41,78,0.55702,strongly_positive,strongly_positive
21-01-2025,109,13706,0.50592,73,233,0.52342,strongly_positive,strongly_positive
21-01-2025,69,3234,0.55723,55,125,0.56718,strongly_positive,strongly_positive
21-01-2025,66,3000,0.55447,57,153,0.55786,strongly_positive,strongly_positive
21-01-2025,190,32437,0.64955,66,145,0.55603,strongly_positive,strongly_positive
21-01-2025,279,58841,0.52595,101,187,0.53501,strongly_positive,strongly_positive
21-01-2025,469,159154,0.57651,192,339,0.53636,strongly_positive,strongly_positive
21-01-2025,94,863,0.51221,93,138,0.52171,strongly_positive,strongly_positive
21-01-2025,406,105772,0.59174,120,192,0.56838,strongly_positive,strongly_positive
21-01-2025,315,61340,0.55306,124,187,0.55552,strongly_positive,strongly_positive
21-01-2025,399,67673,0.53757,165,171,0.54788,strongly_positive,strongly_positive
21-01-2025,431,62163,0.54585,203,167,0.56441,strongly_positive,strongly_positive
21-01-2025,147,8992,0.5191,101,118,0.53795,strongly_positive,strongly_positive
21-01-2025,173,11221,0.62792,127,142,0.56867,strongly_positive,strongly_positive
21-01-2025,243,9729,0.5256,215,151,0.53182,strongly_positive,strongly_positive
21-01-2025,368,67769,0.53728,121,149,0.55688,strongly_positive,strongly_positive
21-01-2025,285,18666,0.55558,105,59,0.56227,strongly_positive,strongly_positive
21-01-2025,72,7374,0.60385,30,104,0.5558,strongly_positive,strongly_positive
21-01-2025,35,1653,0.62353,19,64,0.52579,strongly_positive,strongly_positive
21-01-2025,29,972,0.54431,18,56,0.56278,strongly_positive,strongly_positive
21-01-2025,18,234,0.58481,12,24,0.5375,strongly_positive,strongly_positive
21-01-2025,34,1068,0.60224,10,23,0.586,strongly_positive,strongly_positive
21-01-2025,24,0,0.5791,8,0,0.49775,strongly_positive,strongly_positive
21-01-2025,0,0,0.5,0,0,0.5,strongly_positive,strongly_positive
21-01-2025,34,1383,0.53246,14,41,0.53864,strongly_positive,strongly_positive
21-01-2025,30,1086,0.49916,14,42,0.51743,strongly_positive,strongly_positive
20-01-2025,26,865,0.63856,13,41,0.54792,strongly_positive,strongly_positive
20-01-2025,39,1128,0.57532,29,64,0.52979,strongly_positive,strongly_positive
20-01-2025,47,1541,0.53676,42,127,0.53845,strongly_positive,strongly_positive
20-01-2025,64,709,0.52713,62,80,0.51835,strongly_positive,strongly_positive
20-01-2025,124,14421,0.54398,46,105,0.55461,strongly_positive,strongly_positive
20-01-2025,44,1214,0.51854,17,26,0.52059,strongly_positive,strongly_positive
20-01-2025,55,4407,0.46587,24,86,0.48346,strongly_positive,strongly_positive
20-01-2025,33,1335,0.53312,21,68,0.5491,strongly_positive,strongly_positive
20-01-2025,43,2241,0.5761,29,97,0.53797,strongly_positive,strongly_positive
20-01-2025,57,3935,0.54778,24,71,0.557,strongly_positive,strongly_positive
20-01-2025,110,15202,0.55164,49,150,0.53155,strongly_positive,strongly_positive
20-01-2025,61,1641,0.62654,31,34,0.53055,strongly_positive,strongly_positive
20-01-2025,28,851,0.57554,21,71,0.52414,strongly_positive,strongly_positive
20-01-2025,47,1180,0.53089,38,70,0.54934,strongly_positive,strongly_positive
20-01-2025,2,12,0.30495,2,117,0.2975,strongly_positive,strongly_positive
20-01-2025,100,7356,0.55972,35,63,0.50897,strongly_positive,strongly_positive
20-01-2025,23,409,0.50623,9,17,0.51122,strongly_positive,strongly_positive
20-01-2025,20,330,0.58911,9,18,0.61089,strongly_positive,strongly_positive
20-01-2025,7,107,0.53356,4,23,0.541,strongly_positive,strongly_positive
20-01-2025,6,77,0.70293,4,25,0.6495,strongly_positive,strongly_positive
20-01-2025,5,52,0.4984,4,23,0.51675,strongly_positive,strongly_positive
20-01-2025,35,1901,0.57356,11,42,0.59255,strongly_positive,strongly_positive
20-01-2025,14,247,0.47876,5,15,0.4888,strongly_positive,strongly_positive
20-01-2025,13,156,0.56512,6,13,0.5515,strongly_positive,strongly_positive
19-01-2025,23,254,0.64352,12,14,0.55567,strongly_positive,strongly_positive
19-01-2025,28,515,0.53889,15,25,0.54987,strongly_positive,strongly_positive
19-01-2025,20,395,0.5631,16,56,0.58394,strongly_positive,strongly_positive
19-01-2025,6,231,0.58428,6,26,0.57667,strongly_positive,strongly_positive
19-01-2025,37,3832,0.54427,11,76,0.56027,strongly_positive,strongly_positive
19-01-2025,30,1124,0.51021,12,36,0.51067,strongly_positive,strongly_positive
19-01-2025,48,2184,0.56998,20,46,0.562,strongly_positive,strongly_positive
19-01-2025,19,327,0.63555,9,20,0.558,strongly_positive,strongly_positive
19-01-2025,23,447,0.60503,16,38,0.56781,strongly_positive,strongly_positive
19-01-2025,20,332,0.46106,15,37,0.47853,strongly_positive,strongly_positive
19-01-2025,35,587,0.56269,11,13,0.57891,strongly_positive,strongly_positive
19-01-2025,45,2338,0.61045,15,42,0.57213,strongly_positive,strongly_positive
19-01-2025,43,2432,0.62871,16,51,0.5115,strongly_positive,strongly_positive
19-01-2025,17,304,0.50645,14,55,0.5245,strongly_positive,strongly_positive
19-01-2025,10,26,0.61484,9,11,0.52311,strongly_positive,strongly_positive
19-01-2025,27,291,0.51099,8,8,0.5275,strongly_positive,strongly_positive
19-01-2025,13,29,0.53679,5,2,0.5558,strongly_positive,strongly_positive
19-01-2025,7,28,0.48823,3,4,0.47767,strongly_positive,strongly_positive
19-01-2025,2,0,0.57673,1,0,0.5,strongly_positive,strongly_positive
19-01-2025,6,98,0.51943,4,28,0.5235,strongly_positive,strongly_positive
19-01-2025,1,0,0.1205,1,0,0.125,strongly_positive,strongly_positive
19-01-2025,1,0,0.92432,1,1,0.8,strongly_positive,strongly_positive
19-01-2025,21,335,0.64505,7,13,0.59829,strongly_positive,strongly_positive
19-01-2025,11,122,0.71696,4,10,0.575,strongly_positive,strongly_positive
18-01-2025,17,1111,0.53466,8,77,0.55188,strongly_positive,strongly_positive
18-01-2025,20,186,0.5851,11,13,0.59827,strongly_positive,strongly_positive
18-01-2025,17,202,0.67247,10,18,0.5383,strongly_positive,strongly_positive
18-01-2025,13,104,0.58583,12,35,0.50817,strongly_positive,strongly_positive
18-01-2025,69,2488,0.5444,21,27,0.55952,strongly_positive,strongly_positive
18-01-2025,63,1459,0.5711,20,18,0.53695,strongly_positive,strongly_positive
18-01-2025,19,388,0.56376,8,21,0.55788,strongly_positive,strongly_positive
18-01-2025,43,789,0.49887,19,20,0.51295,strongly_positive,strongly_positive
18-01-2025,41,935,0.51585,21,29,0.5301,strongly_positive,strongly_positive
18-01-2025,35,707,0.51888,27,48,0.53856,strongly_positive,strongly_positive
18-01-2025,21,265,0.65097,17,36,0.57406,strongly_positive,strongly_positive
18-01-2025,54,2295,0.62301,18,35,0.58678,strongly_positive,strongly_positive
18-01-2025,45,2360,0.48588,16,45,0.50431,strongly_positive,strongly_positive
18-01-2025,45,1541,0.57013,18,33,0.56933,strongly_positive,strongly_positive
18-01-2025,27,230,0.48226,15,12,0.49587,strongly_positive,strongly_positive
18-01-2025,14,64,0.61669,8,7,0.50425,strongly_positive,strongly_positive
18-01-2025,10,46,0.51574,7,9,0.535,strongly_positive,strongly_positive
18-01-2025,5,5,0.62178,2,1,0.5315,strongly_positive,strongly_positive
18-01-2025,4,4,0.4848,2,1,0.5,strongly_positive,strongly_positive
18-01-2025,10,139,0.41433,5,18,0.4242,strongly_positive,strongly_positive
18-01-2025,7,21,0.6839,5,6,0.671,strongly_positive,strongly_positive
18-01-2025,7,20,0.60475,6,9,0.52667,strongly_positive,strongly_positive
18-01-2025,10,35,0.66323,9,15,0.67867,strongly_positive,strongly_positive
18-01-2025,17,98,0.56574,6,5,0.587,strongly_positive,strongly_positive
17-01-2025,32,588,0.58768,13,18,0.58285,strongly_positive,strongly_positive
17-01-2025,21,244,0.6057,11,15,0.56391,strongly_positive,strongly_positive
17-01-2025,28,961,0.7241,17,54,0.58371,strongly_positive,strongly_positive
17-01-2025,23,333,0.53886,15,25,0.53393,strongly_positive,strongly_positive
17-01-2025,139,9072,0.50355,40,47,0.51563,strongly_positive,strongly_positive
17-01-2025,128,10823,0.52236,41,67,0.49351,strongly_positive,strongly_positive
17-01-2025,116,9568,0.53791,39,68,0.55831,strongly_positive,strongly_positive
17-01-2025,199,28642,0.55033,91,161,0.56491,strongly_positive,strongly_positive
17-01-2025,183,17290,0.57407,88,112,0.54166,strongly_positive,strongly_positive
17-01-2025,169,14057,0.67977,94,117,0.55828,strongly_positive,strongly_positive
17-01-2025,155,5258,0.60953,131,107,0.54073,strongly_positive,strongly_positive
17-01-2025,138,4133,0.54156,126,133,0.55718,strongly_positive,strongly_positive
17-01-2025,304,38449,0.49796,109,111,0.51682,strongly_positive,strongly_positive
17-01-2025,599,98586,0.60906,225,151,0.53945,strongly_positive,strongly_positive
17-01-2025,353,55092,0.51986,150,162,0.53086,strongly_positive,strongly_positive
17-01-2025,142,10771,0.6793,86,120,0.55926,strongly_positive,strongly_positive
17-01-2025,87,3359,0.53474,56,67,0.53523,strongly_positive,strongly_positive
17-01-2025,3,100,0.32738,2,81,0.295,strongly_positive,strongly_positive
17-01-2025,123,12983,0.67856,37,79,0.55762,strongly_positive,strongly_positive
17-01-2025,50,1456,0.52878,17,24,0.54835,strongly_positive,strongly_positive
17-01-2025,21,229,0.52902,8,10,0.53412,strongly_positive,strongly_positive
17-01-2025,9,73,0.55573,7,20,0.57257,strongly_positive,strongly_positive
17-01-2025,16,178,0.49654,15,61,0.50907,strongly_positive,strongly_positive
17-01-2025,59,5597,0.65671,17,68,0.53076,strongly_positive,strongly_positive
16-01-2025,92,5533,0.69837,35,56,0.61094,strongly_positive,strongly_positive
16-01-2025,48,1410,0.51455,21,31,0.52757,strongly_positive,strongly_positive
16-01-2025,51,2632,0.5547,29,74,0.57566,strongly_positive,strongly_positive
16-01-2025,47,809,0.54571,31,31,0.54258,strongly_positive,strongly_positive
16-01-2025,1,34,0.51372,1,71,0.52698,strongly_positive,strongly_positive
16-01-2025,183,16391,0.65481,56,68,0.53055,strongly_positive,strongly_positive
16-01-2025,207,30068,0.48563,71,122,0.50397,strongly_positive,strongly_positive
16-01-2025,430,67700,0.58748,154,138,0.52231,strongly_positive,strongly_positive
16-01-2025,223,22535,0.56723,110,123,0.53777,strongly_positive,strongly_positive
16-01-2025,83,3901,0.51924,43,61,0.53888,strongly_positive,strongly_positive
16-01-2025,213,26198,0.53925,129,194,0.54081,strongly_positive,strongly_positive
16-01-2025,186,5368,0.50229,176,166,0.51755,strongly_positive,strongly_positive
16-01-2025,69,1823,0.57272,20,19,0.4727,strongly_positive,strongly_positive
16-01-2025,579,95917,0.60237,222,155,0.53668,strongly_positive,strongly_positive
16-01-2025,358,72280,0.53741,144,198,0.55352,strongly_positive,strongly_positive
16-01-2025,168,15889,0.56062,77,106,0.5381,strongly_positive,strongly_positive
16-01-2025,111,5754,0.53244,74,94,0.53455,strongly_positive,strongly_positive
16-01-2025,82,4920,0.54322,58,122,0.55383,strongly_positive,strongly_positive
16-01-2025,47,1652,0.52238,40,112,0.54005,strongly_positive,strongly_positive
16-01-2025,87,9697,0.53677,28,88,0.53846,strongly_positive,strongly_positive
16-01-2025,86,9801,0.62201,31,100,0.56281,strongly_positive,strongly_positive
16-01-2025,217,32042,0.55081,88,146,0.55757,strongly_positive,strongly_positive
16-01-2025,157,11917,0.53192,82,99,0.55138,strongly_positive,strongly_positive
16-01-2025,0,0,0.5,0,0,0.5,strongly_positive,strongly_positive
16-01-2025,46,0,0.55155,28,0,0.55796,strongly_positive,strongly_positive
15-01-2025,56,1993,0.54203,36,62,0.54906,strongly_positive,strongly_positive
15-01-2025,117,12149,0.55009,35,77,0.53226,strongly_positive,strongly_positive
15-01-2025,69,7852,0.63172,23,93,0.5383,strongly_positive,strongly_positive
15-01-2025,112,18030,0.54611,47,164,0.55436,strongly_positive,strongly_positive
15-01-2025,90,8828,0.5255,43,115,0.54421,strongly_positive,strongly_positive
15-01-2025,99,10161,0.65196,50,128,0.55458,strongly_positive,strongly_positive
15-01-2025,82,5077,0.58769,61,140,0.53725,strongly_positive,strongly_positive
15-01-2025,140,8999,0.5736,126,264,0.5777,strongly_positive,strongly_positive
15-01-2025,167,3907,0.5674,163,212,0.55506,strongly_positive,strongly_positive
15-01-2025,357,68654,0.54638,133,175,0.55532,strongly_positive,strongly_positive
15-01-2025,397,100012,0.54249,155,240,0.54678,strongly_positive,strongly_positive
15-01-2025,343,46194,0.521,152,146,0.54043,strongly_positive,strongly_positive
15-01-2025,312,34211,0.52909,199,187,0.54596,strongly_positive,strongly_positive
15-01-2025,338,31804,0.56236,230,178,0.52151,strongly_positive,strongly_positive
15-01-2025,721,198345,0.56134,216,205,0.5499,strongly_positive,strongly_positive
15-01-2025,291,34634,0.53519,91,92,0.55244,strongly_positive,strongly_positive
15-01-2025,120,11502,0.52116,42,82,0.53286,strongly_positive,strongly_positive
15-01-2025,63,2409,0.50287,30,45,0.5217,strongly_positive,strongly_positive
15-01-2025,26,852,0.66256,13,41,0.57462,strongly_positive,strongly_positive
15-01-2025,15,229,0.46354,9,23,0.47644,strongly_positive,strongly_positive
15-01-2025,19,217,0.56812,15,31,0.58933,strongly_positive,strongly_positive
15-01-2025,24,118,0.51501,24,52,0.50958,strongly_positive,strongly_positive
15-01-2025,99,6119,0.62353,31,48,0.55065,strongly_positive,strongly_positive
15-01-2025,92,6747,0.68052,36,70,0.546,strongly_positive,strongly_positive
14-01-2025,126,10542,0.48587,56,91,0.5043,strongly_positive,strongly_positive
14-01-2025,79,2473,0.61115,37,36,0.53884,strongly_positive,strongly_positive
14-01-2025,60,2170,0.56594,41,69,0.53295,strongly_positive,strongly_positive
14-01-2025,50,872,0.63032,41,49,0.51624,strongly_positive,strongly_positive
14-01-2025,58,1638,0.51676,26,31,0.50154,strongly_positive,strongly_positive
14-01-2025,120,8700,0.63609,62,93,0.54456,strongly_positive,strongly_positive
14-01-2025,143,14357,0.49696,78,138,0.50554,strongly_positive,strongly_positive
14-01-2025,112,4977,0.49919,93,130,0.51725,strongly_positive,strongly_positive
14-01-2025,247,22037,0.52102,71,64,0.51165,strongly_positive,strongly_positive
14-01-2025,408,78968,0.50587,122,144,0.52175,strongly_positive,strongly_positive
14-01-2025,439,64105,0.50947,175,142,0.51203,strongly_positive,strongly_positive
14-01-2025,466,89866,0.53542,195,197,0.52526,strongly_positive,strongly_positive
14-01-2025,479,46849,0.59483,229,115,0.51793,strongly_positive,strongly_positive
14-01-2025,128,4955,0.56065,90,77,0.5226,strongly_positive,strongly_positive
14-01-2025,246,21865,0.52105,184,202,0.54063,strongly_positive,strongly_positive
14-01-2025,295,37538,0.54313,94,100,0.55991,strongly_positive,strongly_positive
14-01-2025,193,16299,0.61011,64,69,0.56792,strongly_positive,strongly_positive
14-01-2025,54,3149,0.67604,20,53,0.54485,strongly_positive,strongly_positive
14-01-2025,54,2934,0.72501,28,70,0.63268,strongly_positive,strongly_positive
14-01-2025,42,1642,0.51871,23,54,0.53113,strongly_positive,strongly_positive
14-01-2025,19,543,0.59952,12,49,0.56633,strongly_positive,strongly_positive
14-01-2025,6,12,0.72314,5,8,0.63,strongly_positive,strongly_positive
14-01-2025,80,6994,0.52985,24,65,0.54392,strongly_positive,strongly_positive
14-01-2025,48,1406,0.55631,16,24,0.57256,strongly_positive,strongly_positive
13-01-2025,88,6188,0.54112,37,72,0.53678,strongly_positive,strongly_positive
13-01-2025,75,3814,0.62677,36,60,0.55592,strongly_positive,strongly_positive
13-01-2025,89,6592,0.52816,45,93,0.54336,strongly_positive,strongly_positive
13-01-2025,61,3026,0.49243,46,114,0.51109,strongly_positive,strongly_positive
13-01-2025,110,3939,0.52402,100,154,0.52488,strongly_positive,strongly_positive
13-01-2025,339,107511,0.58155,113,260,0.54959,strongly_positive,strongly_positive
13-01-2025,296,67017,0.66633,111,207,0.54846,strongly_positive,strongly_positive
13-01-2025,466,131396,0.54225,183,270,0.54269,strongly_positive,strongly_positive
13-01-2025,134,4781,0.60615,124,168,0.52134,strongly_positive,strongly_positive
13-01-2025,397,111867,0.51056,121,213,0.52585,strongly_positive,strongly_positive
13-01-2025,393,79598,0.55167,125,159,0.5152,strongly_positive,strongly_positive
13-01-2025,0,0,0.5,0,0,0.5,strongly_positive,strongly_positive
13-01-2025,390,68714,0.50776,167,184,0.5,strongly_positive,strongly_positive
13-01-2025,386,65871,0.50587,174,188,0.52122,strongly_positive,strongly_positive
13-01-2025,424,66920,0.51106,219,203,0.52393,strongly_positive,strongly_positive
13-01-2025,243,16491,0.50803,188,165,0.52725,strongly_positive,strongly_positive
13-01-2025,45,549,0.5801,37,36,0.50738,strongly_positive,strongly_positive
13-01-2025,346,56564,0.55986,117,136,0.52379,strongly_positive,strongly_positive
13-01-2025,192,20820,0.46404,68,94,0.48157,strongly_positive,strongly_positive
13-01-2025,115,6263,0.52667,46,53,0.52359,strongly_positive,strongly_positive
13-01-2025,59,2151,0.54468,33,52,0.55876,strongly_positive,strongly_positive
13-01-2025,17,253,0.65243,10,23,0.5285,strongly_positive,strongly_positive
13-01-2025,26,585,0.50252,18,45,0.5215,strongly_positive,strongly_positive
13-01-2025,73,4708,0.51313,21,46,0.52614,strongly_positive,strongly_positive
13-01-2025,138,14395,0.5835,44,82,0.55311,strongly_positive,strongly_positive
12-01-2025,157,6653,0.64657,56,37,0.53452,strongly_positive,strongly_positive
12-01-2025,115,6139,0.49827,52,59,0.51083,strongly_positive,strongly_positive
12-01-2025,106,8205,0.51009,55,100,0.52556,strongly_positive,strongly_positive
12-01-2025,69,2690,0.65219,38,54,0.53818,strongly_positive,strongly_positive
12-01-2025,35,1201,0.61404,29,103,0.54697,strongly_positive,strongly_positive
12-01-2025,87,7389,0.56361,25,61,0.57432,strongly_positive,strongly_positive
12-01-2025,76,10332,0.52439,27,118,0.54419,strongly_positive,strongly_positive
12-01-2025,70,6744,0.5472,28,94,0.54932,strongly_positive,strongly_positive
12-01-2025,74,3391,0.55202,31,47,0.56284,strongly_positive,strongly_positive
12-01-2025,53,1842,0.66803,32,54,0.55259,strongly_positive,strongly_positive
12-01-2025,45,1629,0.52286,32,73,0.54191,strongly_positive,strongly_positive
12-01-2025,29,276,0.56907,22,22,0.51482,strongly_positive,strongly_positive
12-01-2025,41,2075,0.56053,19,57,0.57668,strongly_positive,strongly_positive
12-01-2025,54,1897,0.55708,26,42,0.52215,strongly_positive,strongly_positive
12-01-2025,34,1052,0.65357,19,44,0.53179,strongly_positive,strongly_positive
12-01-2025,7,21,0.60324,6,10,0.53083,strongly_positive,strongly_positive
12-01-2025,4,3,0.5711,4,4,0.58625,strongly_positive,strongly_positive
12-01-2025,3,0,0.43356,1,0,0.45,strongly_positive,strongly_positive
12-01-2025,16,123,0.54219,6,7,0.47633,strongly_positive,strongly_positive
12-01-2025,19,311,0.61587,8,17,0.63063,strongly_positive,strongly_positive
12-01-2025,3,19,0.64364,2,10,0.525,strongly_positive,strongly_positive
12-01-2025,3,27,0.53834,2,16,0.5365,strongly_positive,strongly_positive
12-01-2025,12,68,0.54392,9,14,0.48633,strongly_positive,strongly_positive
12-01-2025,26,976,0.71761,8,28,0.58425,strongly_positive,strongly_positive
11-01-2025,62,1493,0.53792,21,20,0.55814,strongly_positive,strongly_positive
11-01-2025,55,829,0.57823,21,14,0.58157,strongly_positive,strongly_positive
11-01-2025,31,724,0.54102,15,28,0.5146,strongly_positive,strongly_positive
11-01-2025,36,1158,0.64579,20,46,0.5365,strongly_positive,strongly_positive
11-01-2025,54,1045,0.52529,32,30,0.52791,strongly_positive,strongly_positive
11-01-2025,15,48,0.5429,14,16,0.55993,strongly_positive,strongly_positive
11-01-2025,39,2174,0.53705,12,42,0.51767,strongly_positive,strongly_positive
11-01-2025,29,1291,0.57711,11,41,0.51627,strongly_positive,strongly_positive
11-01-2025,53,2174,0.52847,23,43,0.53761,strongly_positive,strongly_positive
11-01-2025,77,1391,0.57883,35,20,0.55729,strongly_positive,strongly_positive
11-01-2025,32,162,0.54864,21,9,0.55195,strongly_positive,strongly_positive
11-01-2025,26,336,0.59667,20,32,0.5428,strongly_positive,strongly_positive
11-01-2025,24,372,0.48861,20,47,0.5055,strongly_positive,strongly_positive
11-01-2025,62,3871,0.51948,21,52,0.53814,strongly_positive,strongly_positive
11-01-2025,65,2618,0.62114,23,35,0.56422,strongly_positive,strongly_positive
11-01-2025,37,797,0.53893,15,21,0.54453,strongly_positive,strongly_positive
11-01-2025,5,8,0.65314,5,11,0.6716,strongly_positive,strongly_positive
11-01-2025,38,844,0.59107,11,16,0.48336,strongly_positive,strongly_positive
11-01-2025,13,28,0.55282,5,2,0.4886,strongly_positive,strongly_positive
11-01-2025,10,72,0.53731,4,7,0.55225,strongly_positive,strongly_positive
11-01-2025,22,547,0.59959,10,28,0.572,strongly_positive,strongly_positive
11-01-2025,16,121,0.57948,11,14,0.57936,strongly_positive,strongly_positive
11-01-2025,18,225,0.46599,13,26,0.47646,strongly_positive,strongly_positive
11-01-2025,26,219,0.5242,22,28,0.54109,strongly_positive,strongly_positive
10-01-2025,0,0,0.5,0,0,0.5,strongly_positive,strongly_positive
10-01-2025,62,2110,0.58027,20,27,0.57965,strongly_positive,strongly_positive
10-01-2025,41,1443,0.5908,15,31,0.53047,strongly_positive,strongly_positive
10-01-2025,59,3916,0.55231,24,66,0.561,strongly_positive,strongly_positive
10-01-2025,44,802,0.51849,23,24,0.53783,strongly_positive,strongly_positive
10-01-2025,59,2164,0.50668,36,59,0.51067,strongly_positive,strongly_positive
10-01-2025,54,2534,0.51145,35,83,0.51983,strongly_positive,strongly_positive
10-01-2025,212,36427,0.67222,62,125,0.56119,strongly_positive,strongly_positive
10-01-2025,258,39600,0.50706,84,123,0.52501,strongly_positive,strongly_positive
10-01-2025,278,39261,0.52043,113,140,0.53726,strongly_positive,strongly_positive
10-01-2025,378,48938,0.52824,175,147,0.51077,strongly_positive,strongly_positive
10-01-2025,289,46069,0.50976,141,192,0.52792,strongly_positive,strongly_positive
10-01-2025,17,97,0.54512,12,12,0.55358,strongly_positive,strongly_positive
10-01-2025,56,926,0.49603,48,56,0.51363,strongly_positive,strongly_positive
10-01-2025,257,6889,0.61039,240,137,0.51868,strongly_positive,strongly_positive
10-01-2025,639,102913,0.55895,232,143,0.51053,strongly_positive,strongly_positive
10-01-2025,313,46203,0.50482,119,137,0.52261,strongly_positive,strongly_positive
10-01-2025,186,20336,0.53809,80,115,0.52606,strongly_positive,strongly_positive
10-01-2025,114,4930,0.52124,70,70,0.52956,strongly_positive,strongly_positive
10-01-2025,50,1094,0.51075,33,39,0.51503,strongly_positive,strongly_positive
10-01-2025,46,1462,0.52445,19,32,0.53989,strongly_positive,strongly_positive
10-01-2025,44,2988,0.65609,19,72,0.53921,strongly_positive,strongly_positive
10-01-2025,34,1161,0.51359,17,42,0.53259,strongly_positive,strongly_positive
10-01-2025,38,622,0.47852,28,36,0.48825,strongly_positive,strongly_positive
10-01-2025,39,651,0.56164,31,43,0.53758,strongly_positive,strongly_positive
09-01-2025,51,507,0.64481,49,68,0.54061,strongly_positive,strongly_positive
09-01-2025,99,8350,0.50035,34,71,0.51082,strongly_positive,strongly_positive
09-01-2025,165,36562,0.51928,64,209,0.53648,strongly_positive,strongly_positive
09-01-2025,144,13300,0.51273,63,99,0.49711,strongly_positive,strongly_positive
09-01-2025,56,2679,0.55337,32,70,0.49894,strongly_positive,strongly_positive
09-01-2025,52,1826,0.53207,35,65,0.53946,strongly_positive,strongly_positive
09-01-2025,46,1501,0.53935,33,68,0.52233,strongly_positive,strongly_positive
09-01-2025,116,11813,0.53797,36,78,0.54331,strongly_positive,strongly_positive
09-01-2025,121,13408,0.57451,42,94,0.52657,strongly_positive,strongly_positive
09-01-2025,94,8116,0.65403,41,92,0.54866,strongly_positive,strongly_positive
09-01-2025,104,7400,0.50295,52,88,0.52042,strongly_positive,strongly_positive
09-01-2025,112,8902,0.58608,59,105,0.53639,strongly_positive,strongly_positive
09-01-2025,65,1968,0.54304,52,79,0.52669,strongly_positive,strongly_positive
09-01-2025,75,1071,0.62981,72,106,0.53863,strongly_positive,strongly_positive
09-01-2025,178,18577,0.49787,52,76,0.50627,strongly_positive,strongly_positive
09-01-2025,137,20562,0.55255,53,142,0.57247,strongly_positive,strongly_positive
09-01-2025,71,3509,0.65436,29,49,0.55866,strongly_positive,strongly_positive
09-01-2025,28,1308,0.50004,13,53,0.51585,strongly_positive,strongly_positive
09-01-2025,25,563,0.52629,17,42,0.52918,strongly_positive,strongly_positive
09-01-2025,28,253,0.58654,20,19,0.57505,strongly_positive,strongly_positive
09-01-2025,61,3423,0.52175,19,43,0.531,strongly_positive,strongly_positive
09-01-2025,65,4161,0.53233,21,51,0.53567,strongly_positive,strongly_positive
09-01-2025,72,4951,0.52162,26,61,0.54119,strongly_positive,strongly_positive
09-01-2025,34,679,0.57144,28,56,0.54939,strongly_positive,strongly_positive
08-01-2025,47,1243,0.50906,41,96,0.52768,strongly_positive,strongly_positive
08-01-2025,179,19895,0.5403,53,82,0.5466,strongly_positive,strongly_positive
08-01-2025,262,45898,0.5457,96,157,0.52402,strongly_positive,strongly_positive
08-01-2025,275,63648,0.58456,114,234,0.49246,strongly_positive,strongly_positive
08-01-2025,152,13872,0.53094,72,106,0.54903,strongly_positive,strongly_positive
08-01-2025,242,24173,0.49072,151,165,0.50738,strongly_positive,strongly_positive
08-01-2025,295,21785,0.51962,218,163,0.50531,strongly_positive,strongly_positive
08-01-2025,199,17200,0.50001,158,224,0.51719,strongly_positive,strongly_positive
08-01-2025,495,121439,0.50303,163,199,0.50906,strongly_positive,strongly_positive
08-01-2025,498,132291,0.51084,184,240,0.52949,strongly_positive,strongly_positive
08-01-2025,442,93002,0.51382,208,243,0.51993,strongly_positive,strongly_positive
08-01-2025,395,53078,0.56431,214,183,0.51925,strongly_positive,strongly_positive
08-01-2025,0,0,0.5,0,0,0.5,strongly_positive,strongly_positive
08-01-2025,247,0,0.48248,142,0,0.5,strongly_positive,strongly_positive
08-01-2025,271,8392,0.50239,239,115,0.51946,strongly_positive,strongly_positive
08-01-2025,676,154239,0.54489,201,169,0.55536,strongly_positive,strongly_positive
08-01-2025,564,165848,0.53152,175,226,0.53386,strongly_positive,strongly_positive
08-01-2025,178,21233,0.5749,74,121,0.49396,strongly_positive,strongly_positive
08-01-2025,78,5919,0.5179,34,81,0.52753,strongly_positive,strongly_positive
08-01-2025,48,2983,0.62037,24,77,0.57888,strongly_positive,strongly_positive
08-01-2025,31,903,0.5161,23,65,0.50791,strongly_positive,strongly_positive
08-01-2025,21,136,0.5238,17,17,0.53982,strongly_positive,strongly_positive
08-01-2025,91,7065,0.49898,30,63,0.50063,strongly_positive,strongly_positive
08-01-2025,87,9983,0.56374,30,97,0.55423,strongly_positive,strongly_positive
08-01-2025,111,12536,0.64752,43,107,0.56579,strongly_positive,strongly_positive
07-01-2025,129,10840,0.58123,70,115,0.54334,strongly_positive,strongly_positive
07-01-2025,116,9512,0.52375,67,121,0.54351,strongly_positive,strongly_positive
07-01-2025,149,12495,0.52385,101,157,0.52051,strongly_positive,strongly_positive
07-01-2025,280,33951,0.52074,110,116,0.53953,strongly_positive,strongly_positive
07-01-2025,278,54862,0.53633,124,215,0.54361,strongly_positive,strongly_positive
07-01-2025,262,29520,0.56884,134,143,0.5252,strongly_positive,strongly_positive
07-01-2025,302,23857,0.64137,207,151,0.5429,strongly_positive,strongly_positive
07-01-2025,285,18791,0.50108,233,186,0.51775,strongly_positive,strongly_positive
07-01-2025,236,7522,0.55283,208,117,0.50969,strongly_positive,strongly_positive
07-01-2025,618,109206,0.55032,217,152,0.53675,strongly_positive,strongly_positive
07-01-2025,607,117010,0.62059,240,186,0.53538,strongly_positive,strongly_positive
07-01-2025,455,57742,0.52292,231,160,0.52816,strongly_positive,strongly_positive
07-01-2025,407,26523,0.50918,240,99,0.52799,strongly_positive,strongly_positive
07-01-2025,383,32584,0.62698,240,141,0.53998,strongly_positive,strongly_positive
07-01-2025,238,3448,0.59843,235,209,0.55278,strongly_positive,strongly_positive
07-01-2025,643,206565,0.55334,203,251,0.55409,strongly_positive,strongly_positive
07-01-2025,506,134546,0.56162,167,216,0.55347,strongly_positive,strongly_positive
07-01-2025,165,23994,0.52088,74,159,0.53174,strongly_positive,strongly_positive
07-01-2025,123,20309,0.55735,58,191,0.55857,strongly_positive,strongly_positive
07-01-2025,103,8601,0.55249,56,114,0.57341,strongly_positive,strongly_positive
07-01-2025,46,1605,0.50799,38,100,0.52276,strongly_positive,strongly_positive
07-01-2025,54,1664,0.60576,48,116,0.56733,strongly_positive,strongly_positive
07-01-2025,196,33877,0.56019,69,149,0.55278,strongly_positive,strongly_positive
07-01-2025,516,123730,0.51085,190,216,0.52592,strongly_positive,strongly_positive
06-01-2025,576,167122,0.51715,240,295,0.53072,weakly_positive,weakly_positive
06-01-2025,405,86670,0.5004,240,327,0.51937,weakly_positive,weakly_positive
06-01-2025,173,19391,0.60545,109,187,0.53139,weakly_positive,weakly_positive
06-01-2025,82,4937,0.53424,61,135,0.54721,weakly_positive,weakly_positive
06-01-2025,239,58598,0.54316,71,181,0.56373,weakly_positive,weakly_positive
06-01-2025,260,55243,0.55478,86,173,0.55259,weakly_positive,weakly_positive
06-01-2025,291,73429,0.63122,108,229,0.56386,weakly_positive,weakly_positive
06-01-2025,215,17913,0.54528,162,192,0.55369,weakly_positive,weakly_positive
06-01-2025,182,5868,0.59041,166,140,0.5472,weakly_positive,weakly_positive
06-01-2025,187,2086,0.51274,184,140,0.53178,weakly_positive,weakly_positive
06-01-2025,419,47607,0.52965,157,104,0.5468,weakly_positive,weakly_positive
06-01-2025,356,66357,0.53055,151,193,0.54234,weakly_positive,weakly_positive
06-01-2025,401,67744,0.555,221,235,0.54288,weakly_positive,weakly_positive
06-01-2025,124,4164,0.62861,80,58,0.54479,weakly_positive,weakly_positive
06-01-2025,0,0,0.0,0,0,0.0,weakly_positive,weakly_positive
06-01-2025,0,0,0.0,0,0,0.0,weakly_positive,weakly_positive
06-01-2025,0,0,0.0,0,0,0.0,weakly_positive,weakly_positive
06-01-2025,0,0,0.0,0,0,0.0,weakly_positive,weakly_positive
06-01-2025,0,0,0.0,0,0,0.0,weakly_positive,weakly_positive
06-01-2025,0,0,0.0,0,0,0.0,weakly_positive,weakly_positive
06-01-2025,15,69,0.66686,9,7,0.58756,weakly_positive,weakly_positive
06-01-2025,11,110,0.59531,10,45,0.5603,weakly_positive,weakly_positive
06-01-2025,1,0,0.66286,1,8,0.688,weakly_positive,weakly_positive
06-01-2025,0,0,0.0,0,0,0.0,weakly_positive,weakly_positive
05-01-2025,0,0,0.0,0,0,0.0,weakly_positive,weakly_positive
05-01-2025,0,0,0.0,0,0,0.0,weakly_positive,weakly_positive
05-01-2025,31,730,0.5982,20,41,0.5282,weakly_positive,weakly_positive
05-01-2025,0,0,0.0,0,0,0.0,weakly_positive,weakly_positive
05-01-2025,0,0,0.0,0,0,0.0,weakly_positive,weakly_positive
05-01-2025,0,0,0.0,0,0,0.0,weakly_positive,weakly_positive
05-01-2025,0,0,0.0,0,0,0.0,weakly_positive,weakly_positive
05-01-2025,30,591,0.57049,12,19,0.58875,weakly_positive,weakly_positive
05-01-2025,16,177,0.5396,8,14,0.53875,weakly_positive,weakly_positive
05-01-2025,0,0,0.0,0,0,0.0,weakly_positive,weakly_positive
05-01-2025,0,0,0.0,0,0,0.0,weakly_positive,weakly_positive
05-01-2025,0,0,0.0,0,0,0.0,weakly_positive,weakly_positive
05-01-2025,0,0,0.0,0,0,0.0,weakly_positive,weakly_positive
05-01-2025,3,0,0.56039,2,0,0.578,weakly_positive,weakly_positive
05-01-2025,25,321,0.56244,18,26,0.57578,weakly_positive,weakly_positive
05-01-2025,0,0,0.0,0,0,0.0,weakly_positive,weakly_positive
05-01-2025,0,0,0.0,0,0,0.0,weakly_positive,weakly_positive
05-01-2025,0,0,0.0,0,0,0.0,weakly_positive,weakly_positive
05-01-2025,0,0,0.0,0,0,0.0,weakly_positive,weakly_positive
05-01-2025,0,0,0.0,0,0,0.0,weakly_positive,weakly_positive
05-01-2025,0,0,0.0,0,0,0.0,weakly_positive,weakly_positive
05-01-2025,0,0,0.0,0,0,0.0,weakly_positive,weakly_positive
05-01-2025,0,0,0.0,0,0,0.0,weakly_positive,weakly_positive
05-01-2025,0,0,0.0,0,0,0.0,weakly_positive,weakly_positive
04-01-2025,10,21,0.47484,4,2,0.4485,weakly_positive,weakly_positive
04-01-2025,38,960,0.48739,16,26,0.50587,weakly_positive,weakly_positive
04-01-2025,14,71,0.55989,7,6,0.56014,weakly_positive,weakly_positive
04-01-2025,0,0,0.5,0,0,0.5,weakly_positive,weakly_positive
04-01-2025,17,225,0.48582,12,27,0.5,weakly_positive,weakly_positive
04-01-2025,14,143,0.67549,11,24,0.55455,weakly_positive,weakly_positive
04-01-2025,1,0,0.50816,1,1,0.527,weakly_positive,weakly_positive
04-01-2025,0,0,0.0,0,0,0.0,weakly_positive,weakly_positive
04-01-2025,0,0,0.0,0,0,0.0,weakly_positive,weakly_positive
04-01-2025,0,0,0.0,0,0,0.0,weakly_positive,weakly_positive
04-01-2025,4,0,0.68542,2,0,0.7,weakly_positive,weakly_positive
04-01-2025,26,938,0.51247,17,63,0.52935,weakly_positive,weakly_positive
04-01-2025,26,401,0.70254,18,30,0.58733,weakly_positive,weakly_positive
04-01-2025,96,5123,0.60417,29,40,0.54424,weakly_positive,weakly_positive
04-01-2025,59,2425,0.55486,20,34,0.5628,weakly_positive,weakly_positive
04-01-2025,41,726,0.69225,18,19,0.5755,weakly_positive,weakly_positive
04-01-2025,20,160,0.53461,10,10,0.5538,weakly_positive,weakly_positive
04-01-2025,11,83,0.5814,6,10,0.52817,weakly_positive,weakly_positive
04-01-2025,4,24,0.5686,3,16,0.54833,weakly_positive,weakly_positive
04-01-2025,0,0,0.0,0,0,0.0,weakly_positive,weakly_positive
04-01-2025,41,2028,0.53175,12,36,0.53892,weakly_positive,weakly_positive
04-01-2025,20,994,0.56599,8,47,0.58575,weakly_positive,weakly_positive
04-01-2025,22,575,0.65291,9,26,0.55256,weakly_positive,weakly_positive
04-01-2025,47,1189,0.53491,22,29,0.55273,weakly_positive,weakly_positive
04-01-2025,26,479,0.5695,18,35,0.57483,weakly_positive,weakly_positive
03-01-2025,37,1206,0.60196,27,70,0.58704,strongly_positive,strongly_positive
03-01-2025,51,2318,0.55919,16,35,0.56725,strongly_positive,strongly_positive
03-01-2025,70,3754,0.5683,23,43,0.57404,strongly_positive,strongly_positive
03-01-2025,134,14236,0.54579,49,95,0.56594,strongly_positive,strongly_positive
03-01-2025,81,5036,0.57332,41,78,0.59217,strongly_positive,strongly_positive
03-01-2025,82,6479,0.60785,44,106,0.56139,strongly_positive,strongly_positive
03-01-2025,64,5207,0.58146,40,134,0.5823,strongly_positive,strongly_positive
03-01-2025,148,7626,0.52081,129,179,0.5381,strongly_positive,strongly_positive
03-01-2025,485,127355,0.53551,143,193,0.54663,strongly_positive,strongly_positive
03-01-2025,505,101614,0.58129,166,163,0.54506,strongly_positive,strongly_positive
03-01-2025,486,83229,0.63284,200,172,0.54615,strongly_positive,strongly_positive
03-01-2025,435,60007,0.5391,204,159,0.5548,strongly_positive,strongly_positive
03-01-2025,438,70491,0.58114,217,197,0.54418,strongly_positive,strongly_positive
03-01-2025,19,61,0.54629,14,7,0.539,strongly_positive,strongly_positive
03-01-2025,123,3785,0.64175,108,113,0.56406,strongly_positive,strongly_positive
03-01-2025,104,7880,0.54671,34,61,0.54735,strongly_positive,strongly_positive
03-01-2025,84,5061,0.50459,31,54,0.52371,strongly_positive,strongly_positive
03-01-2025,52,2554,0.62159,20,46,0.54545,strongly_positive,strongly_positive
03-01-2025,21,256,0.54726,19,48,0.56658,strongly_positive,strongly_positive
03-01-2025,30,1017,0.46883,9,25,0.47633,strongly_positive,strongly_positive
03-01-2025,13,138,0.56257,4,8,0.56725,strongly_positive,strongly_positive
03-01-2025,24,1132,0.63019,10,48,0.5368,strongly_positive,strongly_positive
03-01-2025,25,1584,0.54393,11,68,0.55227,strongly_positive,strongly_positive
03-01-2025,46,2022,0.59395,23,55,0.55039,strongly_positive,strongly_positive
02-01-2025,41,1455,0.57767,31,81,0.56558,strongly_positive,strongly_positive
02-01-2025,30,786,0.51889,24,71,0.53571,strongly_positive,strongly_positive
02-01-2025,81,5458,0.5612,27,55,0.5653,strongly_positive,strongly_positive
02-01-2025,83,9855,0.54614,29,101,0.53414,strongly_positive,strongly_positive
02-01-2025,69,4125,0.60397,27,57,0.52333,strongly_positive,strongly_positive
02-01-2025,69,2843,0.61207,38,57,0.56824,strongly_positive,strongly_positive
02-01-2025,81,7592,0.52911,47,140,0.54883,strongly_positive,strongly_positive
02-01-2025,157,15663,0.53243,107,190,0.52654,strongly_positive,strongly_positive
02-01-2025,96,1705,0.59017,93,149,0.54714,strongly_positive,strongly_positive
02-01-2025,361,39600,0.66927,113,85,0.53642,strongly_positive,strongly_positive
02-01-2025,425,54436,0.4892,149,110,0.50776,strongly_positive,strongly_positive
02-01-2025,303,43149,0.53425,134,154,0.54618,strongly_positive,strongly_positive
02-01-2025,256,27880,0.56563,130,137,0.53228,strongly_positive,strongly_positive
02-01-2025,397,39834,0.50086,213,135,0.51986,strongly_positive,strongly_positive
02-01-2025,117,3412,0.51945,95,80,0.53395,strongly_positive,strongly_positive
02-01-2025,38,148,0.54838,37,49,0.5637,strongly_positive,strongly_positive
02-01-2025,75,6243,0.56091,26,71,0.55488,strongly_positive,strongly_positive
02-01-2025,46,2070,0.6485,18,43,0.5725,strongly_positive,strongly_positive
02-01-2025,32,1309,0.54495,13,41,0.55992,strongly_positive,strongly_positive
02-01-2025,15,260,0.54713,9,26,0.56789,strongly_positive,strongly_positive
02-01-2025,0,0,0.5,0,0,0.5,strongly_positive,strongly_positive
02-01-2025,15,0,0.47719,10,0,0.4768,strongly_positive,strongly_positive
02-01-2025,10,50,0.54859,7,11,0.56114,strongly_positive,strongly_positive
02-01-2025,22,561,0.57597,10,28,0.5862,strongly_positive,strongly_positive
02-01-2025,19,686,0.61175,9,42,0.61556,strongly_positive,strongly_positive
01-01-2025,24,661,0.59424,13,38,0.61654,strongly_positive,strongly_positive
01-01-2025,23,449,0.54979,19,58,0.56689,strongly_positive,strongly_positive
01-01-2025,31,350,0.61453,28,45,0.57161,strongly_positive,strongly_positive
01-01-2025,59,4636,0.56029,21,68,0.5501,strongly_positive,strongly_positive
01-01-2025,51,2878,0.48506,19,51,0.50032,strongly_positive,strongly_positive
01-01-2025,48,2442,0.56743,20,52,0.58085,strongly_positive,strongly_positive
01-01-2025,25,420,0.50024,15,26,0.51907,strongly_positive,strongly_positive
01-01-2025,20,413,0.66405,13,35,0.578,strongly_positive,strongly_positive
01-01-2025,8,35,0.52882,6,10,0.543,strongly_positive,strongly_positive
01-01-2025,64,7355,0.55981,19,85,0.58084,strongly_positive,strongly_positive
01-01-2025,27,632,0.60156,9,19,0.59644,strongly_positive,strongly_positive
01-01-2025,61,2610,0.60621,23,39,0.53722,strongly_positive,strongly_positive
01-01-2025,46,746,0.69343,22,19,0.55864,strongly_positive,strongly_positive
01-01-2025,25,469,0.53521,14,26,0.5555,strongly_positive,strongly_positive
01-01-2025,21,238,0.63086,12,17,0.55817,strongly_positive,strongly_positive
01-01-2025,8,10,0.6131,7,5,0.579,strongly_positive,strongly_positive
01-01-2025,13,107,0.63846,4,6,0.525,strongly_positive,strongly_positive
01-01-2025,5,0,0.63069,2,0,0.6475,strongly_positive,strongly_positive
01-01-2025,5,0,0.51306,2,0,0.528,strongly_positive,strongly_positive
01-01-2025,7,79,0.72248,3,12,0.593,strongly_positive,strongly_positive
01-01-2025,9,79,0.66373,6,15,0.5885,strongly_positive,strongly_positive
01-01-2025,4,7,0.48983,3,4,0.5,strongly_positive,strongly_positive
01-01-2025,5,32,0.58505,4,18,0.5595,strongly_positive,strongly_positive
01-01-2025,30,625,0.57865,10,17,0.5795,strongly_positive,strongly_positive
31-12-2024,17,101,0.45186,6,5,0.4615,strongly_positive,strongly_positive
31-12-2024,28,557,0.5603,11,19,0.57873,strongly_positive,strongly_positive
31-12-2024,13,99,0.52796,12,37,0.49358,strongly_positive,strongly_positive
31-12-2024,84,4946,0.53398,24,42,0.55413,strongly_positive,strongly_positive
31-12-2024,40,1043,0.52296,15,24,0.53867,strongly_positive,strongly_positive
31-12-2024,63,2737,0.67389,25,42,0.62916,strongly_positive,strongly_positive
31-12-2024,55,2691,0.63447,25,54,0.51344,strongly_positive,strongly_positive
31-12-2024,92,5001,0.64685,60,96,0.5665,strongly_positive,strongly_positive
31-12-2024,139,8042,0.50683,97,114,0.51954,strongly_positive,strongly_positive
31-12-2024,31,394,0.47683,26,38,0.45169,strongly_positive,strongly_positive
31-12-2024,391,43407,0.61146,124,87,0.53462,strongly_positive,strongly_positive
31-12-2024,318,40965,0.49519,113,112,0.50781,strongly_positive,strongly_positive
31-12-2024,332,48945,0.48752,133,144,0.5022,strongly_positive,strongly_positive
31-12-2024,301,27933,0.50799,155,119,0.50493,strongly_positive,strongly_positive
31-12-2024,144,7884,0.61331,86,85,0.54586,strongly_positive,strongly_positive
31-12-2024,57,2516,0.54066,36,75,0.55672,strongly_positive,strongly_positive
31-12-2024,84,2819,0.52652,24,24,0.54642,strongly_positive,strongly_positive
31-12-2024,34,1259,0.57203,11,29,0.574,strongly_positive,strongly_positive
31-12-2024,35,1519,0.65815,14,42,0.62371,strongly_positive,strongly_positive
31-12-2024,35,854,0.65194,16,27,0.53875,strongly_positive,strongly_positive
31-12-2024,25,299,0.56295,12,14,0.56442,strongly_positive,strongly_positive
31-12-2024,3,1,0.48532,2,1,0.5,strongly_positive,strongly_positive
31-12-2024,13,115,0.54596,11,27,0.52445,strongly_positive,strongly_positive
31-12-2024,16,131,0.53935,14,34,0.55914,strongly_positive,strongly_positive
30-12-2024,62,2781,0.54525,22,39,0.55568,strongly_positive,strongly_positive
30-12-2024,75,5939,0.57208,28,72,0.54889,strongly_positive,strongly_positive
30-12-2024,57,1885,0.64725,24,34,0.54458,strongly_positive,strongly_positive
30-12-2024,28,556,0.60288,17,31,0.54606,strongly_positive,strongly_positive
30-12-2024,42,712,0.52671,27,29,0.54448,strongly_positive,strongly_positive
30-12-2024,81,3854,0.59121,33,47,0.55473,strongly_positive,strongly_positive
30-12-2024,84,5822,0.49163,36,72,0.51025,strongly_positive,strongly_positive
30-12-2024,263,23215,0.53575,128,106,0.53366,strongly_positive,strongly_positive
30-12-2024,107,4375,0.52788,77,85,0.54208,strongly_positive,strongly_positive
30-12-2024,0,0,0.5,0,0,0.5,strongly_positive,strongly_positive
30-12-2024,165,11617,0.61475,127,169,0.5,strongly_positive,strongly_positive
30-12-2024,230,9174,0.53385,214,198,0.55394,strongly_positive,strongly_positive
30-12-2024,622,82483,0.52486,210,110,0.53873,strongly_positive,strongly_positive
30-12-2024,108,5604,0.60239,41,48,0.57259,strongly_positive,strongly_positive
30-12-2024,512,44391,0.6472,220,91,0.53715,strongly_positive,strongly_positive
30-12-2024,207,15181,0.51356,116,104,0.52592,strongly_positive,strongly_positive
30-12-2024,92,3685,0.48326,60,71,0.49832,strongly_positive,strongly_positive
30-12-2024,26,367,0.65551,18,28,0.54306,strongly_positive,strongly_positive
30-12-2024,46,1715,0.57458,14,28,0.51357,strongly_positive,strongly_positive
30-12-2024,26,251,0.58185,9,8,0.59211,strongly_positive,strongly_positive
30-12-2024,30,837,0.45126,13,29,0.46823,strongly_positive,strongly_positive
30-12-2024,25,416,0.50956,12,20,0.51242,strongly_positive,strongly_positive
30-12-2024,23,430,0.54161,12,24,0.5515,strongly_positive,strongly_positive
30-12-2024,13,91,0.70997,10,17,0.5896,strongly_positive,strongly_positive
30-12-2024,22,301,0.50187,21,71,0.51995,strongly_positive,strongly_positive
29-12-2024,59,2559,0.56962,17,31,0.517,strongly_positive,strongly_positive
29-12-2024,42,2496,0.55361,16,55,0.5335,strongly_positive,strongly_positive
29-12-2024,53,2674,0.52282,21,49,0.54176,strongly_positive,strongly_positive
29-12-2024,40,1010,0.4902,18,28,0.49661,strongly_positive,strongly_positive
29-12-2024,32,1415,0.53442,21,79,0.553,strongly_positive,strongly_positive
29-12-2024,26,624,0.60529,18,48,0.51172,strongly_positive,strongly_positive
29-12-2024,43,1485,0.6562,13,26,0.59677,strongly_positive,strongly_positive
29-12-2024,31,1033,0.44505,10,26,0.4604,strongly_positive,strongly_positive
29-12-2024,48,2814,0.56066,17,51,0.54641,strongly_positive,strongly_positive
29-12-2024,13,200,0.66865,10,40,0.5476,strongly_positive,strongly_positive
29-12-2024,21,404,0.53009,18,62,0.52928,strongly_positive,strongly_positive
29-12-2024,55,2355,0.59759,16,31,0.53612,strongly_positive,strongly_positive
29-12-2024,47,2840,0.63577,17,53,0.51971,strongly_positive,strongly_positive
29-12-2024,20,203,0.492,8,10,0.51038,strongly_positive,strongly_positive
29-12-2024,11,127,0.47088,5,13,0.4744,strongly_positive,strongly_positive
29-12-2024,18,396,0.57134,11,35,0.54491,strongly_positive,strongly_positive
29-12-2024,4,21,0.64706,3,11,0.53967,strongly_positive,strongly_positive
29-12-2024,8,30,0.5336,6,9,0.53717,strongly_positive,strongly_positive
29-12-2024,6,47,0.53287,2,6,0.55,strongly_positive,strongly_positive
29-12-2024,11,25,0.5019,4,2,0.485,strongly_positive,strongly_positive
29-12-2024,7,6,0.60124,3,1,0.53967,strongly_positive,strongly_positive
29-12-2024,4,18,0.49514,2,6,0.503,strongly_positive,strongly_positive
29-12-2024,12,279,0.61644,7,33,0.595,strongly_positive,strongly_positive
29-12-2024,12,40,0.50877,10,11,0.5127,strongly_positive,strongly_positive
28-12-2024,21,614,0.61543,6,21,0.56167,strongly_positive,strongly_positive
28-12-2024,13,264,0.48763,4,15,0.50475,strongly_positive,strongly_positive
28-12-2024,22,67,0.54524,9,3,0.56456,strongly_positive,strongly_positive
28-12-2024,12,127,0.59256,5,11,0.54,strongly_positive,strongly_positive
28-12-2024,20,797,0.5473,10,48,0.5521,strongly_positive,strongly_positive
28-12-2024,3,6,0.43071,2,4,0.3665,strongly_positive,strongly_positive
28-12-2024,14,183,0.52516,11,32,0.533,strongly_positive,strongly_positive
28-12-2024,40,1157,0.51469,13,23,0.53292,strongly_positive,strongly_positive
28-12-2024,38,1881,0.64523,13,41,0.54808,strongly_positive,strongly_positive
28-12-2024,39,1010,0.50699,15,24,0.52353,strongly_positive,strongly_positive
28-12-2024,24,217,0.53225,13,12,0.53638,strongly_positive,strongly_positive
28-12-2024,27,397,0.55493,15,21,0.5424,strongly_positive,strongly_positive
28-12-2024,21,211,0.62268,14,18,0.539,strongly_positive,strongly_positive
28-12-2024,13,337,0.42227,5,24,0.4226,strongly_positive,strongly_positive
28-12-2024,25,283,0.6092,11,12,0.54882,strongly_positive,strongly_positive
28-12-2024,10,41,0.64638,5,5,0.6556,strongly_positive,strongly_positive
28-12-2024,7,4,0.57337,5,1,0.5946,strongly_positive,strongly_positive
28-12-2024,5,15,0.5988,4,8,0.6045,strongly_positive,strongly_positive
28-12-2024,5,21,0.51012,4,14,0.51775,strongly_positive,strongly_positive
28-12-2024,17,102,0.71631,6,5,0.60033,strongly_positive,strongly_positive
28-12-2024,10,161,0.54596,4,15,0.565,strongly_positive,strongly_positive
28-12-2024,12,128,0.5182,6,13,0.53533,strongly_positive,strongly_positive
28-12-2024,0,0,0.5,0,0,0.5,strongly_positive,strongly_positive
28-12-2024,9,0,0.62539,5,0,0.6062,strongly_positive,strongly_positive
28-12-2024,16,360,0.49724,10,36,0.5147,strongly_positive,strongly_positive
27-12-2024,20,77,0.53299,19,25,0.54047,strongly_positive,strongly_positive
27-12-2024,39,409,0.49761,12,8,0.5155,strongly_positive,strongly_positive
27-12-2024,37,2237,0.63377,12,48,0.54058,strongly_positive,strongly_positive
27-12-2024,55,2008,0.59616,24,39,0.54625,strongly_positive,strongly_positive
27-12-2024,22,1172,0.51799,10,60,0.5365,strongly_positive,strongly_positive
27-12-2024,41,1330,0.54377,22,43,0.53282,strongly_positive,strongly_positive
27-12-2024,25,530,0.52139,20,56,0.53045,strongly_positive,strongly_positive
27-12-2024,76,1951,0.51656,65,85,0.52002,strongly_positive,strongly_positive
27-12-2024,208,18654,0.62471,72,76,0.53408,strongly_positive,strongly_positive
27-12-2024,171,14313,0.53855,62,74,0.54756,strongly_positive,strongly_positive
27-12-2024,218,20797,0.58709,89,95,0.54564,strongly_positive,strongly_positive
27-12-2024,62,1552,0.58032,36,37,0.56942,strongly_positive,strongly_positive
27-12-2024,227,21749,0.50446,139,154,0.52044,strongly_positive,strongly_positive
27-12-2024,309,16488,0.51016,224,113,0.52206,strongly_positive,strongly_positive
27-12-2024,209,17530,0.5321,61,61,0.52156,strongly_positive,strongly_positive
27-12-2024,102,4208,0.67307,33,33,0.58527,strongly_positive,strongly_positive
27-12-2024,41,647,0.52841,15,14,0.54273,strongly_positive,strongly_positive
27-12-2024,11,96,0.62056,8,19,0.56137,strongly_positive,strongly_positive
27-12-2024,8,26,0.54624,7,12,0.553,strongly_positive,strongly_positive
27-12-2024,13,35,0.52001,12,17,0.50483,strongly_positive,strongly_positive
27-12-2024,27,786,0.51567,10,26,0.5216,strongly_positive,strongly_positive
27-12-2024,31,583,0.55979,13,19,0.51469,strongly_positive,strongly_positive
27-12-2024,22,228,0.6063,12,14,0.51058,strongly_positive,strongly_positive
27-12-2024,21,202,0.51079,13,16,0.52823,strongly_positive,strongly_positive
26-12-2024,13,99,0.53745,9,14,0.49344,strongly_positive,strongly_positive
26-12-2024,84,4685,0.56904,25,41,0.55324,strongly_positive,strongly_positive
26-12-2024,58,2507,0.59864,19,35,0.51389,strongly_positive,strongly_positive
26-12-2024,72,2899,0.5399,25,34,0.54976,strongly_positive,strongly_positive
26-12-2024,36,1743,0.55749,17,56,0.57782,strongly_positive,strongly_positive
26-12-2024,58,4102,0.62358,29,87,0.53438,strongly_positive,strongly_positive
26-12-2024,73,2328,0.50733,42,47,0.52295,strongly_positive,strongly_positive
26-12-2024,101,3676,0.53132,90,138,0.53331,strongly_positive,strongly_positive
26-12-2024,34,186,0.51861,33,37,0.50958,strongly_positive,strongly_positive
26-12-2024,98,3810,0.49508,36,35,0.50453,strongly_positive,strongly_positive
26-12-2024,235,24419,0.52904,91,98,0.53145,strongly_positive,strongly_positive
26-12-2024,248,34708,0.52764,109,150,0.54753,strongly_positive,strongly_positive
26-12-2024,92,2311,0.51235,58,42,0.52786,strongly_positive,strongly_positive
26-12-2024,70,1249,0.5679,47,33,0.52977,strongly_positive,strongly_positive
26-12-2024,107,2579,0.64214,86,64,0.51906,strongly_positive,strongly_positive
26-12-2024,142,7415,0.51211,44,40,0.52782,strongly_positive,strongly_positive
26-12-2024,55,1300,0.45576,19,20,0.46705,strongly_positive,strongly_positive
26-12-2024,56,2538,0.5604,22,43,0.53045,strongly_positive,strongly_positive
26-12-2024,30,680,0.59662,15,28,0.52113,strongly_positive,strongly_positive
26-12-2024,40,864,0.51575,23,32,0.52904,strongly_positive,strongly_positive
26-12-2024,5,3,0.66572,3,1,0.62933,strongly_positive,strongly_positive
26-12-2024,8,85,0.4866,3,10,0.49167,strongly_positive,strongly_positive
26-12-2024,45,2558,0.50856,20,62,0.5273,strongly_positive,strongly_positive
26-12-2024,27,449,0.55468,16,25,0.56213,strongly_positive,strongly_positive
25-12-2024,29,677,0.56478,20,45,0.5213,strongly_positive,strongly_positive
25-12-2024,34,825,0.54431,25,53,0.56428,strongly_positive,strongly_positive
25-12-2024,41,1061,0.52377,13,20,0.54123,strongly_positive,strongly_positive
25-12-2024,68,5695,0.53253,24,72,0.54346,strongly_positive,strongly_positive
25-12-2024,49,3441,0.54224,18,63,0.54367,strongly_positive,strongly_positive
25-12-2024,24,589,0.7171,12,31,0.61842,strongly_positive,strongly_positive
25-12-2024,37,1394,0.53229,20,51,0.5429,strongly_positive,strongly_positive
25-12-2024,35,1785,0.58064,22,85,0.54341,strongly_positive,strongly_positive
25-12-2024,13,13,0.51774,13,21,0.51062,strongly_positive,strongly_positive
25-12-2024,51,4446,0.50001,15,64,0.51487,strongly_positive,strongly_positive
25-12-2024,0,0,0.5,0,0,0.5,strongly_positive,strongly_positive
25-12-2024,20,502,0.49924,8,24,0.5,strongly_positive,strongly_positive
25-12-2024,36,1358,0.5637,15,38,0.5554,strongly_positive,strongly_positive
25-12-2024,36,1087,0.57576,17,35,0.50488,strongly_positive,strongly_positive
25-12-2024,20,216,0.53643,14,21,0.50293,strongly_positive,strongly_positive
25-12-2024,11,144,0.48441,8,29,0.50275,strongly_positive,strongly_positive
25-12-2024,8,29,0.5391,7,14,0.53671,strongly_positive,strongly_positive
25-12-2024,33,779,0.64462,11,19,0.60355,strongly_positive,strongly_positive
25-12-2024,11,50,0.64313,4,4,0.5225,strongly_positive,strongly_positive
25-12-2024,17,134,0.53196,7,8,0.552,strongly_positive,strongly_positive
25-12-2024,4,3,0.64173,2,1,0.6585,strongly_positive,strongly_positive
25-12-2024,8,62,0.6675,5,13,0.634,strongly_positive,strongly_positive
25-12-2024,4,9,0.59039,3,4,0.61267,strongly_positive,strongly_positive
25-12-2024,34,556,0.54013,10,12,0.5533,strongly_positive,strongly_positive
25-12-2024,24,386,0.51118,8,13,0.527,strongly_positive,strongly_positive
24-12-2024,22,335,0.54479,14,26,0.54936,strongly_positive,strongly_positive
24-12-2024,22,340,0.5703,17,36,0.59153,strongly_positive,strongly_positive
24-12-2024,17,104,0.6352,14,17,0.54907,strongly_positive,strongly_positive
24-12-2024,39,1383,0.61303,13,29,0.568,strongly_positive,strongly_positive
24-12-2024,37,2025,0.61371,14,50,0.4915,strongly_positive,strongly_positive
24-12-2024,25,968,0.52077,10,37,0.5143,strongly_positive,strongly_positive
24-12-2024,42,2376,0.56461,23,79,0.57709,strongly_positive,strongly_positive
24-12-2024,39,1008,0.52129,23,39,0.52148,strongly_positive,strongly_positive
24-12-2024,67,2877,0.52222,46,83,0.54202,strongly_positive,strongly_positive
24-12-2024,166,14402,0.50397,50,65,0.51814,strongly_positive,strongly_positive
24-12-2024,549,92334,0.55083,173,131,0.51738,strongly_positive,strongly_positive
24-12-2024,316,37014,0.55495,134,121,0.54876,strongly_positive,strongly_positive
24-12-2024,422,48434,0.5288,188,125,0.5439,strongly_positive,strongly_positive
24-12-2024,401,51525,0.52405,205,163,0.53835,strongly_positive,strongly_positive
24-12-2024,142,6583,0.51394,108,109,0.53344,strongly_positive,strongly_positive
24-12-2024,75,3247,0.64622,61,122,0.56918,strongly_positive,strongly_positive
24-12-2024,48,95,0.55075,48,85,0.56348,strongly_positive,strongly_positive
24-12-2024,29,1461,0.55563,10,43,0.5767,strongly_positive,strongly_positive
24-12-2024,40,1707,0.57963,16,41,0.57844,strongly_positive,strongly_positive
24-12-2024,27,493,0.6656,12,20,0.59658,strongly_positive,strongly_positive
24-12-2024,19,225,0.662,11,18,0.54055,strongly_positive,strongly_positive
24-12-2024,10,97,0.57325,7,19,0.59471,strongly_positive,strongly_positive
24-12-2024,12,200,0.6383,9,37,0.57122,strongly_positive,strongly_positive
24-12-2024,57,4179,0.58228,18,57,0.55494,strongly_positive,strongly_positive
23-12-2024,147,17839,0.67316,52,105,0.56083,strongly_positive,strongly_positive
23-12-2024,89,7496,0.5428,40,92,0.55525,strongly_positive,strongly_positive
23-12-2024,109,9582,0.54588,56,112,0.56332,strongly_positive,strongly_positive
23-12-2024,6,57,0.36515,3,13,0.30367,strongly_positive,strongly_positive
23-12-2024,37,605,0.53658,32,56,0.53859,strongly_positive,strongly_positive
23-12-2024,132,22530,0.65159,39,125,0.59023,strongly_positive,strongly_positive
23-12-2024,163,14795,0.53595,50,69,0.55404,strongly_positive,strongly_positive
23-12-2024,331,70706,0.52883,136,214,0.54811,strongly_positive,strongly_positive
23-12-2024,354,57421,0.60381,153,171,0.54612,strongly_positive,strongly_positive
23-12-2024,360,57524,0.53545,178,195,0.54212,strongly_positive,strongly_positive
23-12-2024,251,17385,0.63709,183,149,0.53735,strongly_positive,strongly_positive
23-12-2024,225,12205,0.55938,176,136,0.56577,strongly_positive,strongly_positive
23-12-2024,548,102080,0.51735,179,150,0.53501,strongly_positive,strongly_positive
23-12-2024,372,43940,0.62075,127,99,0.52264,strongly_positive,strongly_positive
23-12-2024,237,26306,0.54216,91,104,0.56069,strongly_positive,strongly_positive
23-12-2024,153,8538,0.53957,82,75,0.54578,strongly_positive,strongly_positive
23-12-2024,49,813,0.59131,28,24,0.57482,strongly_positive,strongly_positive
23-12-2024,38,459,0.67416,25,22,0.5786,strongly_positive,strongly_positive
23-12-2024,16,29,0.50713,15,10,0.51333,strongly_positive,strongly_positive
23-12-2024,45,1543,0.50999,14,26,0.52857,strongly_positive,strongly_positive
23-12-2024,15,343,0.62879,5,19,0.6184,strongly_positive,strongly_positive
23-12-2024,28,1222,0.59402,12,46,0.54633,strongly_positive,strongly_positive
23-12-2024,40,1176,0.55113,20,36,0.55325,strongly_positive,strongly_positive
23-12-2024,0,0,0.5,0,0,0.5,strongly_positive,strongly_positive
23-12-2024,44,2087,0.54941,23,62,0.53978,strongly_positive,strongly_positive
22-12-2024,42,1603,0.55264,33,97,0.56315,strongly_positive,strongly_positive
22-12-2024,20,158,0.57964,19,50,0.54137,strongly_positive,strongly_positive
22-12-2024,102,18111,0.61077,35,149,0.52449,strongly_positive,strongly_positive
22-12-2024,75,4315,0.53312,29,54,0.54928,strongly_positive,strongly_positive
22-12-2024,79,6740,0.59012,32,84,0.55041,strongly_positive,strongly_positive
22-12-2024,49,3067,0.53767,28,91,0.52896,strongly_positive,strongly_positive
22-12-2024,34,889,0.60574,23,48,0.52987,strongly_positive,strongly_positive
22-12-2024,17,206,0.51983,12,25,0.53267,strongly_positive,strongly_positive
22-12-2024,36,2945,0.6276,16,88,0.57081,strongly_positive,strongly_positive
22-12-2024,34,1494,0.55207,16,50,0.57113,strongly_positive,strongly_positive
22-12-2024,32,788,0.57928,17,33,0.56459,strongly_positive,strongly_positive
22-12-2024,16,176,0.59132,13,30,0.59962,strongly_positive,strongly_positive
22-12-2024,12,73,0.5143,10,21,0.5197,strongly_positive,strongly_positive
22-12-2024,34,1443,0.64948,12,36,0.55042,strongly_positive,strongly_positive
22-12-2024,30,678,0.56177,11,20,0.56927,strongly_positive,strongly_positive
22-12-2024,19,381,0.58339,8,20,0.53838,strongly_positive,strongly_positive
22-12-2024,7,47,0.41904,4,10,0.409,strongly_positive,strongly_positive
22-12-2024,5,34,0.53772,3,11,0.55567,strongly_positive,strongly_positive
22-12-2024,1,0,0.58209,1,0,0.594,strongly_positive,strongly_positive
22-12-2024,10,28,0.55283,3,2,0.539,strongly_positive,strongly_positive
22-12-2024,12,198,0.59439,4,13,0.5125,strongly_positive,strongly_positive
22-12-2024,5,12,0.50955,2,2,0.5245,strongly_positive,strongly_positive
22-12-2024,9,63,0.50006,4,8,0.5185,strongly_positive,strongly_positive
22-12-2024,9,101,0.58815,5,15,0.58,strongly_positive,strongly_positive
21-12-2024,16,453,0.44142,9,41,0.45456,strongly_positive,strongly_positive
21-12-2024,5,17,0.53788,4,12,0.53875,strongly_positive,strongly_positive
21-12-2024,27,519,0.53413,8,14,0.55437,strongly_positive,strongly_positive
21-12-2024,22,447,0.50568,8,18,0.51612,strongly_positive,strongly_positive
21-12-2024,41,1388,0.63116,17,34,0.59165,strongly_positive,strongly_positive
21-12-2024,23,807,0.52647,10,37,0.5464,strongly_positive,strongly_positive
21-12-2024,21,448,0.51257,13,35,0.52754,strongly_positive,strongly_positive
21-12-2024,14,249,0.58808,10,39,0.6037,strongly_positive,strongly_positive
21-12-2024,16,293,0.66055,13,47,0.53654,strongly_positive,strongly_positive
21-12-2024,21,920,0.60809,7,35,0.53429,strongly_positive,strongly_positive
21-12-2024,41,1420,0.53248,14,29,0.54636,strongly_positive,strongly_positive
21-12-2024,49,2296,0.56673,19,44,0.53821,strongly_positive,strongly_positive
21-12-2024,20,179,0.53791,18,36,0.54206,strongly_positive,strongly_positive
21-12-2024,16,60,0.57015,16,31,0.55731,strongly_positive,strongly_positive
21-12-2024,35,930,0.49506,13,24,0.50292,strongly_positive,strongly_positive
21-12-2024,13,69,0.53347,5,5,0.538,strongly_positive,strongly_positive
21-12-2024,14,65,0.58732,6,5,0.60917,strongly_positive,strongly_positive
21-12-2024,13,214,0.53432,8,28,0.5515,strongly_positive,strongly_positive
21-12-2024,6,19,0.60396,4,6,0.5595,strongly_positive,strongly_positive
21-12-2024,4,16,0.60115,3,11,0.48133,strongly_positive,strongly_positive
21-12-2024,32,1129,0.60572,10,27,0.6254,strongly_positive,strongly_positive
21-12-2024,26,368,0.55108,9,12,0.56322,strongly_positive,strongly_positive
21-12-2024,23,266,0.57991,9,11,0.54533,strongly_positive,strongly_positive
21-12-2024,36,866,0.6215,18,30,0.53833,strongly_positive,strongly_positive
20-12-2024,24,512,0.5869,14,32,0.60343,strongly_positive,strongly_positive
20-12-2024,16,254,0.57756,10,26,0.5424,strongly_positive,strongly_positive
20-12-2024,22,224,0.62432,21,95,0.61729,strongly_positive,strongly_positive
20-12-2024,96,6071,0.60723,30,49,0.5356,strongly_positive,strongly_positive
20-12-2024,74,6377,0.6598,29,82,0.52862,strongly_positive,strongly_positive
20-12-2024,117,16618,0.5412,52,154,0.56173,strongly_positive,strongly_positive
20-12-2024,109,8650,0.65265,51,91,0.57473,strongly_positive,strongly_positive
20-12-2024,210,15184,0.56526,143,137,0.53179,strongly_positive,strongly_positive
20-12-2024,156,8318,0.6599,127,148,0.53972,strongly_positive,strongly_positive
20-12-2024,144,4467,0.53378,126,111,0.53263,strongly_positive,strongly_positive
20-12-2024,415,74558,0.53396,145,154,0.54883,strongly_positive,strongly_positive
20-12-2024,577,94131,0.65865,211,146,0.5377,strongly_positive,strongly_positive
20-12-2024,0,0,0.5,0,0,0.5,strongly_positive,strongly_positive
20-12-2024,580,0,0.52821,240,0,0.54799,strongly_positive,strongly_positive
20-12-2024,382,36442,0.51958,224,144,0.53124,strongly_positive,strongly_positive
20-12-2024,285,29618,0.56388,178,171,0.53732,strongly_positive,strongly_positive
20-12-2024,347,49025,0.51951,138,137,0.52243,strongly_positive,strongly_positive
20-12-2024,311,32979,0.53197,130,108,0.52147,strongly_positive,strongly_positive
20-12-2024,115,5302,0.59964,55,54,0.52147,strongly_positive,strongly_positive
20-12-2024,86,2394,0.55852,60,55,0.52008,strongly_positive,strongly_positive
20-12-2024,46,551,0.45993,34,27,0.47718,strongly_positive,strongly_positive
20-12-2024,12,15,0.55253,11,5,0.54755,strongly_positive,strongly_positive
20-12-2024,30,1446,0.6076,10,39,0.565,strongly_positive,strongly_positive
20-12-2024,56,1977,0.72387,21,32,0.58257,strongly_positive,strongly_positive
20-12-2024,47,1375,0.53607,20,30,0.5564,strongly_positive,strongly_positive
19-12-2024,44,1216,0.55022,24,38,0.56317,weakly_positive,weakly_positive
19-12-2024,53,1245,0.61019,34,40,0.57585,weakly_positive,weakly_positive
19-12-2024,65,1067,0.48897,44,31,0.50752,weakly_positive,weakly_positive
19-12-2024,134,12622,0.46351,40,70,0.47598,weakly_positive,weakly_positive
19-12-2024,165,11460,0.52022,55,57,0.53525,weakly_positive,weakly_positive
19-12-2024,103,7060,0.51791,43,70,0.5134,weakly_positive,weakly_positive
19-12-2024,107,9916,0.58782,51,109,0.52075,weakly_positive,weakly_positive
19-12-2024,273,17886,0.49951,138,82,0.51373,weakly_positive,weakly_positive
19-12-2024,35,445,0.47885,26,29,0.497,weakly_positive,weakly_positive
19-12-2024,52,1078,0.54013,47,87,0.54068,weakly_positive,weakly_positive
19-12-2024,3,1,0.47309,3,3,0.48333,weakly_positive,weakly_positive
19-12-2024,0,0,0.0,0,0,0.0,weakly_positive,weakly_positive
19-12-2024,0,0,0.0,0,0,0.0,weakly_positive,weakly_positive
19-12-2024,0,0,0.0,0,0,0.0,weakly_positive,weakly_positive
19-12-2024,0,0,0.0,0,0,0.0,weakly_positive,weakly_positive
19-12-2024,0,0,0.0,0,0,0.0,weakly_positive,weakly_positive
19-12-2024,0,0,0.0,0,0,0.0,weakly_positive,weakly_positive
19-12-2024,19,149,0.52297,6,6,0.5,weakly_positive,weakly_positive
19-12-2024,51,2147,0.59736,18,36,0.5,weakly_positive,weakly_positive
19-12-2024,30,435,0.47551,23,35,0.49348,weakly_positive,weakly_positive
19-12-2024,23,434,0.57237,19,55,0.5,weakly_positive,weakly_positive
19-12-2024,49,3575,0.48745,14,52,0.5,weakly_positive,weakly_positive
19-12-2024,51,4023,0.48182,18,68,0.5,weakly_positive,weakly_positive
19-12-2024,100,18654,0.52756,40,181,0.52412,weakly_positive,weakly_positive
18-12-2024,84,9933,0.63074,38,131,0.56089,weakly_positive,weakly_positive
18-12-2024,77,7162,0.65577,46,143,0.53046,weakly_positive,weakly_positive
18-12-2024,70,7829,0.48694,49,222,0.50535,weakly_positive,weakly_positive
18-12-2024,114,12977,0.63422,85,258,0.56309,weakly_positive,weakly_positive
18-12-2024,286,82314,0.54179,91,226,0.51309,weakly_positive,weakly_positive
18-12-2024,298,85136,0.63887,106,249,0.52743,weakly_positive,weakly_positive
18-12-2024,613,307440,0.48886,276,553,0.50137,weakly_positive,weakly_positive
18-12-2024,926,483334,0.4853,479,672,0.49987,weakly_positive,weakly_positive
18-12-2024,583,141132,0.60649,319,334,0.49978,weakly_positive,weakly_positive
18-12-2024,240,21175,0.60367,199,261,0.5371,weakly_positive,weakly_positive
18-12-2024,653,316856,0.54312,188,349,0.55369,weakly_positive,weakly_positive
18-12-2024,460,154271,0.5793,138,250,0.55546,weakly_positive,weakly_positive
18-12-2024,0,0,0.0,0,0,0.0,weakly_positive,weakly_positive
18-12-2024,0,0,0.0,0,0,0.0,weakly_positive,weakly_positive
18-12-2024,0,0,0.0,0,0,0.0,weakly_positive,weakly_positive
18-12-2024,0,0,0.0,0,0,0.0,weakly_positive,weakly_positive
18-12-2024,0,0,0.0,0,0,0.0,weakly_positive,weakly_positive
18-12-2024,0,0,0.0,0,0,0.0,weakly_positive,weakly_positive
18-12-2024,0,0,0.0,0,0,0.0,weakly_positive,weakly_positive
18-12-2024,0,0,0.0,0,0,0.0,weakly_positive,weakly_positive
18-12-2024,0,0,0.0,0,0,0.0,weakly_positive,weakly_positive
18-12-2024,0,0,0.0,0,0,0.0,weakly_positive,weakly_positive
18-12-2024,0,0,0.0,0,0,0.0,weakly_positive,weakly_positive
18-12-2024,0,0,0.0,0,0,0.0,weakly_positive,weakly_positive
17-12-2024,0,0,0.0,0,0,0.0,neutral,neutral
17-12-2024,0,0,0.0,0,0,0.0,neutral,neutral
17-12-2024,0,0,0.0,0,0,0.0,neutral,neutral
17-12-2024,0,0,0.0,0,0,0.0,neutral,neutral
17-12-2024,0,0,0.0,0,0,0.0,neutral,neutral
17-12-2024,0,0,0.0,0,0,0.0,neutral,neutral
17-12-2024,0,0,0.0,0,0,0.0,neutral,neutral
17-12-2024,0,0,0.0,0,0,0.0,neutral,neutral
17-12-2024,0,0,0.0,0,0,0.0,neutral,neutral
17-12-2024,0,0,0.0,0,0,0.0,neutral,neutral
17-12-2024,0,0,0.0,0,0,0.0,neutral,neutral
17-12-2024,0,0,0.0,0,0,0.0,neutral,neutral
17-12-2024,0,0,0.0,0,0,0.0,neutral,neutral
17-12-2024,0,0,0.0,0,0,0.0,neutral,neutral
17-12-2024,44,279,0.51978,20,7,0.5,neutral,neutral
17-12-2024,0,0,0.0,0,0,0.0,neutral,neutral
17-12-2024,0,0,0.0,0,0,0.0,neutral,neutral
17-12-2024,0,0,0.0,0,0,0.0,neutral,neutral
17-12-2024,0,0,0.0,0,0,0.0,neutral,neutral
17-12-2024,0,0,0.0,0,0,0.0,neutral,neutral
17-12-2024,0,0,0.0,0,0,0.0,neutral,neutral
17-12-2024,0,0,0.0,0,0,0.0,neutral,neutral
17-12-2024,0,0,0.0,0,0,0.0,neutral,neutral
17-12-2024,28,320,0.54226,20,23,0.5,neutral,neutral
16-12-2024,0,0,0.0,0,0,0.0,neutral,neutral
16-12-2024,0,0,0.0,0,0,0.0,neutral,neutral
16-12-2024,0,0,0.0,0,0,0.0,neutral,neutral
16-12-2024,0,0,0.0,0,0,0.0,neutral,neutral
16-12-2024,0,0,0.0,0,0,0.0,neutral,neutral
16-12-2024,0,0,0.0,0,0,0.0,neutral,neutral
16-12-2024,0,0,0.0,0,0,0.0,neutral,neutral
16-12-2024,0,0,0.0,0,0,0.0,neutral,neutral
16-12-2024,0,0,0.0,0,0,0.0,neutral,neutral
16-12-2024,0,0,0.0,0,0,0.0,neutral,neutral
16-12-2024,0,0,0.0,0,0,0.0,neutral,neutral
16-12-2024,0,0,0.0,0,0,0.0,neutral,neutral
16-12-2024,0,0,0.0,0,0,0.0,neutral,neutral
16-12-2024,0,0,0.0,0,0,0.0,neutral,neutral
16-12-2024,0,0,0.0,0,0,0.0,neutral,neutral
16-12-2024,0,0,0.0,0,0,0.0,neutral,neutral
16-12-2024,0,0,0.0,0,0,0.0,neutral,neutral
16-12-2024,0,0,0.0,0,0,0.0,neutral,neutral
16-12-2024,0,0,0.0,0,0,0.0,neutral,neutral
16-12-2024,0,0,0.0,0,0,0.0,neutral,neutral
16-12-2024,0,0,0.0,0,0,0.0,neutral,neutral
16-12-2024,0,0,0.0,0,0,0.0,neutral,neutral
16-12-2024,0,0,0.0,0,0,0.0,neutral,neutral
16-12-2024,0,0,0.0,0,0,0.0,neutral,neutral
15-12-2024,0,0,0.0,0,0,0.0,neutral,neutral
15-12-2024,0,0,0.0,0,0,0.0,neutral,neutral
15-12-2024,0,0,0.0,0,0,0.0,neutral,neutral
15-12-2024,0,0,0.0,0,0,0.0,neutral,neutral
15-12-2024,0,0,0.0,0,0,0.0,neutral,neutral
15-12-2024,0,0,0.0,0,0,0.0,neutral,neutral
15-12-2024,0,0,0.0,0,0,0.0,neutral,neutral
15-12-2024,0,0,0.0,0,0,0.0,neutral,neutral
15-12-2024,0,0,0.0,0,0,0.0,neutral,neutral
15-12-2024,0,0,0.0,0,0,0.0,neutral,neutral
15-12-2024,0,0,0.0,0,0,0.0,neutral,neutral
15-12-2024,0,0,0.0,0,0,0.0,neutral,neutral
15-12-2024,0,0,0.0,0,0,0.0,neutral,neutral
15-12-2024,0,0,0.0,0,0,0.0,neutral,neutral
15-12-2024,0,0,0.0,0,0,0.0,neutral,neutral
15-12-2024,0,0,0.0,0,0,0.0,neutral,neutral
15-12-2024,0,0,0.0,0,0,0.0,neutral,neutral
15-12-2024,0,0,0.0,0,0,0.0,neutral,neutral
15-12-2024,0,0,0.0,0,0,0.0,neutral,neutral
15-12-2024,0,0,0.0,0,0,0.0,neutral,neutral
15-12-2024,0,0,0.0,0,0,0.0,neutral,neutral
15-12-2024,0,0,0.0,0,0,0.0,neutral,neutral
15-12-2024,0,0,0.0,0,0,0.0,neutral,neutral
15-12-2024,0,0,0.0,0,0,0.0,neutral,neutral
14-12-2024,0,0,0.0,0,0,0.0,weakly_positive,weakly_positive
14-12-2024,0,0,0.0,0,0,0.0,weakly_positive,weakly_positive
14-12-2024,0,0,0.0,0,0,0.0,weakly_positive,weakly_positive
14-12-2024,0,0,0.0,0,0,0.0,weakly_positive,weakly_positive
14-12-2024,0,0,0.0,0,0,0.0,weakly_positive,weakly_positive
14-12-2024,26,236,0.53261,14,12,0.49486,weakly_positive,weakly_positive
14-12-2024,16,99,0.57296,10,10,0.4606,weakly_positive,weakly_positive
14-12-2024,26,351,0.51328,17,24,0.50788,weakly_positive,weakly_positive
14-12-2024,72,2775,0.46772,21,28,0.47857,weakly_positive,weakly_positive
14-12-2024,52,2406,0.56454,17,37,0.53235,weakly_positive,weakly_positive
14-12-2024,32,526,0.52083,20,27,0.5384,weakly_positive,weakly_positive
14-12-2024,29,370,0.55756,21,28,0.54176,weakly_positive,weakly_positive
14-12-2024,42,720,0.5173,33,44,0.53518,weakly_positive,weakly_positive
14-12-2024,73,4524,0.53867,24,50,0.54542,weakly_positive,weakly_positive
14-12-2024,35,976,0.52899,13,25,0.54823,weakly_positive,weakly_positive
14-12-2024,8,147,0.59958,3,17,0.51333,weakly_positive,weakly_positive
14-12-2024,20,310,0.56138,11,21,0.516,weakly_positive,weakly_positive
14-12-2024,7,106,0.52211,4,22,0.541,weakly_positive,weakly_positive
14-12-2024,9,49,0.58584,6,10,0.57533,weakly_positive,weakly_positive
14-12-2024,13,18,0.48074,4,1,0.48975,weakly_positive,weakly_positive
14-12-2024,16,255,0.52677,5,12,0.5294,weakly_positive,weakly_positive
14-12-2024,10,10,0.58267,4,1,0.5,weakly_positive,weakly_positive
14-12-2024,0,0,0.5,0,0,0.5,weakly_positive,weakly_positive
14-12-2024,37,1950,0.59055,16,56,0.60125,weakly_positive,weakly_positive
14-12-2024,46,1081,0.56544,23,29,0.52709,weakly_positive,weakly_positive
13-12-2024,27,756,0.55151,20,62,0.54235,strongly_positive,strongly_positive
13-12-2024,18,214,0.57399,14,31,0.59171,strongly_positive,strongly_positive
13-12-2024,25,221,0.47825,24,64,0.48996,strongly_positive,strongly_positive
13-12-2024,61,2028,0.52782,21,28,0.51852,strongly_positive,strongly_positive
13-12-2024,121,9859,0.59534,47,77,0.51955,strongly_positive,strongly_positive
13-12-2024,89,6048,0.50121,39,73,0.51426,strongly_positive,strongly_positive
13-12-2024,103,7573,0.50295,59,108,0.5219,strongly_positive,strongly_positive
13-12-2024,194,13764,0.54555,131,132,0.54169,strongly_positive,strongly_positive
13-12-2024,274,13597,0.50969,197,104,0.52322,strongly_positive,strongly_positive
13-12-2024,474,109116,0.66232,147,177,0.53516,strongly_positive,strongly_positive
13-12-2024,599,128042,0.50937,208,182,0.52865,strongly_positive,strongly_positive
13-12-2024,532,80584,0.51276,233,162,0.5254,strongly_positive,strongly_positive
13-12-2024,479,34730,0.5357,240,90,0.50693,strongly_positive,strongly_positive
13-12-2024,443,43765,0.49716,235,131,0.51599,strongly_positive,strongly_positive
13-12-2024,409,65310,0.55746,143,137,0.54327,strongly_positive,strongly_positive
13-12-2024,185,23854,0.65821,73,124,0.56712,strongly_positive,strongly_positive
13-12-2024,89,4322,0.53895,37,49,0.54951,strongly_positive,strongly_positive
13-12-2024,32,296,0.50721,19,14,0.52589,strongly_positive,strongly_positive
13-12-2024,26,536,0.62338,16,34,0.53619,strongly_positive,strongly_positive
13-12-2024,12,81,0.52776,9,15,0.54356,strongly_positive,strongly_positive
13-12-2024,29,413,0.61778,9,11,0.619,strongly_positive,strongly_positive
13-12-2024,24,898,0.65372,8,30,0.64375,strongly_positive,strongly_positive
13-12-2024,34,1126,0.50987,15,36,0.52027,strongly_positive,strongly_positive
13-12-2024,49,2425,0.51495,23,57,0.51639,strongly_positive,strongly_positive
12-12-2024,42,1854,0.5571,23,60,0.57817,strongly_positive,strongly_positive
12-12-2024,33,652,0.52976,27,56,0.54533,strongly_positive,strongly_positive
12-12-2024,40,1430,0.63003,35,132,0.58946,strongly_positive,strongly_positive
12-12-2024,124,13768,0.65767,37,82,0.53378,strongly_positive,strongly_positive
12-12-2024,302,116322,0.52509,111,346,0.54074,strongly_positive,strongly_positive
12-12-2024,284,63883,0.51621,118,228,0.52956,strongly_positive,strongly_positive
12-12-2024,135,15414,0.58478,64,133,0.55506,strongly_positive,strongly_positive
12-12-2024,171,19474,0.60955,107,189,0.53433,strongly_positive,strongly_positive
12-12-2024,112,5339,0.53217,83,106,0.5453,strongly_positive,strongly_positive
12-12-2024,91,3964,0.55436,72,114,0.52551,strongly_positive,strongly_positive
12-12-2024,430,108994,0.51617,142,206,0.51379,strongly_positive,strongly_positive
12-12-2024,270,35197,0.58802,100,118,0.52465,strongly_positive,strongly_positive
12-12-2024,291,41458,0.6666,137,165,0.54136,strongly_positive,strongly_positive
12-12-2024,340,33832,0.48991,185,136,0.50837,strongly_positive,strongly_positive
12-12-2024,200,14797,0.56829,115,109,0.50625,strongly_positive,strongly_positive
12-12-2024,62,1246,0.58188,55,76,0.55253,strongly_positive,strongly_positive
12-12-2024,84,4203,0.66293,25,37,0.5494,strongly_positive,strongly_positive
12-12-2024,71,3147,0.51689,22,34,0.51891,strongly_positive,strongly_positive
12-12-2024,28,293,0.53673,12,11,0.54792,strongly_positive,strongly_positive
12-12-2024,31,167,0.55998,14,6,0.53543,strongly_positive,strongly_positive
12-12-2024,48,663,0.6684,25,18,0.55952,strongly_positive,strongly_positive
12-12-2024,8,38,0.64148,6,12,0.5785,strongly_positive,strongly_positive
12-12-2024,25,258,0.52518,21,32,0.54243,strongly_positive,strongly_positive
12-12-2024,53,1395,0.53915,18,22,0.55906,strongly_positive,strongly_positive
11-12-2024,50,1606,0.59224,18,28,0.53328,strongly_positive,strongly_positive
11-12-2024,59,3907,0.56597,24,65,0.57417,strongly_positive,strongly_positive
11-12-2024,53,1793,0.68562,30,49,0.5753,strongly_positive,strongly_positive
11-12-2024,48,1741,0.53948,29,57,0.54448,strongly_positive,strongly_positive
11-12-2024,35,922,0.58619,25,54,0.5366,strongly_positive,strongly_positive
11-12-2024,73,6097,0.63151,21,60,0.52895,strongly_positive,strongly_positive
11-12-2024,124,20818,0.49831,40,133,0.51573,strongly_positive,strongly_positive
11-12-2024,266,38030,0.5091,96,126,0.51773,strongly_positive,strongly_positive
11-12-2024,320,62367,0.56811,146,218,0.55047,strongly_positive,strongly_positive
11-12-2024,349,58609,0.63295,183,220,0.54051,strongly_positive,strongly_positive
11-12-2024,0,0,0.5,0,0,0.5,strongly_positive,strongly_positive
11-12-2024,210,30166,0.53126,117,202,0.53992,strongly_positive,strongly_positive
11-12-2024,237,19183,0.52968,201,255,0.54868,strongly_positive,strongly_positive
11-12-2024,698,169223,0.54436,203,176,0.53377,strongly_positive,strongly_positive
11-12-2024,591,100321,0.55013,212,149,0.50383,strongly_positive,strongly_positive
11-12-2024,430,91040,0.52942,174,209,0.53269,strongly_positive,strongly_positive
11-12-2024,169,10752,0.53933,72,66,0.52829,strongly_positive,strongly_positive
11-12-2024,63,2749,0.51441,38,69,0.52324,strongly_positive,strongly_positive
11-12-2024,21,335,0.55719,15,33,0.51833,strongly_positive,strongly_positive
11-12-2024,12,175,0.49084,9,35,0.50922,strongly_positive,strongly_positive
11-12-2024,62,3051,0.50173,20,39,0.5175,strongly_positive,strongly_positive
11-12-2024,24,234,0.5856,8,8,0.544,strongly_positive,strongly_positive
11-12-2024,24,575,0.64285,9,22,0.51667,strongly_positive,strongly_positive
11-12-2024,11,72,0.56558,10,23,0.5848,strongly_positive,strongly_positive
11-12-2024,23,232,0.66424,22,55,0.55873,strongly_positive,strongly_positive
10-12-2024,60,2768,0.55281,22,41,0.50059,strongly_positive,strongly_positive
10-12-2024,52,2070,0.50339,20,37,0.52035,strongly_positive,strongly_positive
10-12-2024,95,8272,0.55971,41,92,0.54378,strongly_positive,strongly_positive
10-12-2024,79,4789,0.5403,49,99,0.54678,strongly_positive,strongly_positive
10-12-2024,79,2985,0.52048,52,68,0.52704,strongly_positive,strongly_positive
10-12-2024,67,2458,0.53202,53,93,0.55136,strongly_positive,strongly_positive
10-12-2024,271,50312,0.50825,83,141,0.51398,strongly_positive,strongly_positive
10-12-2024,430,112074,0.55734,147,219,0.5122,strongly_positive,strongly_positive
10-12-2024,556,96419,0.51705,214,163,0.51927,strongly_positive,strongly_positive
10-12-2024,434,48856,0.51362,214,137,0.5312,strongly_positive,strongly_positive
10-12-2024,346,36434,0.52832,197,153,0.53819,strongly_positive,strongly_positive
10-12-2024,382,33192,0.50099,231,137,0.50354,strongly_positive,strongly_positive
10-12-2024,255,5382,0.61726,241,121,0.52957,strongly_positive,strongly_positive
10-12-2024,515,134664,0.53332,159,200,0.5496,strongly_positive,strongly_positive
10-12-2024,287,41737,0.52216,110,136,0.54117,strongly_positive,strongly_positive
10-12-2024,219,21875,0.54137,95,106,0.53231,strongly_positive,strongly_positive
10-12-2024,74,6807,0.55011,34,103,0.56712,strongly_positive,strongly_positive
10-12-2024,41,1017,0.47974,27,45,0.48167,strongly_positive,strongly_positive
10-12-2024,16,373,0.51976,13,60,0.53938,strongly_positive,strongly_positive
10-12-2024,20,151,0.63332,17,24,0.55259,strongly_positive,strongly_positive
10-12-2024,29,590,0.52136,10,17,0.4868,strongly_positive,strongly_positive
10-12-2024,31,1313,0.52065,11,37,0.54027,strongly_positive,strongly_positive
10-12-2024,39,1227,0.53465,16,31,0.53081,strongly_positive,strongly_positive
10-12-2024,51,1746,0.55015,29,50,0.56397,strongly_positive,strongly_positive
09-12-2024,33,1185,0.66771,20,57,0.5394,strongly_positive,strongly_positive
09-12-2024,69,3998,0.47352,27,55,0.48996,strongly_positive,strongly_positive
09-12-2024,103,6096,0.66798,42,59,0.56457,strongly_positive,strongly_positive
09-12-2024,96,7221,0.50313,45,86,0.52,strongly_positive,strongly_positive
09-12-2024,47,1919,0.53566,32,77,0.54097,strongly_positive,strongly_positive
09-12-2024,48,2006,0.52834,35,89,0.51483,strongly_positive,strongly_positive
09-12-2024,44,986,0.60804,38,79,0.52379,strongly_positive,strongly_positive
09-12-2024,326,61749,0.51276,106,152,0.51823,strongly_positive,strongly_positive
09-12-2024,331,42265,0.48568,121,114,0.50355,strongly_positive,strongly_positive
09-12-2024,220,26889,0.54627,91,123,0.53841,strongly_positive,strongly_positive
09-12-2024,266,44377,0.60148,142,223,0.55491,strongly_positive,strongly_positive
09-12-2024,199,25752,0.5409,124,212,0.54202,strongly_positive,strongly_positive
09-12-2024,346,29315,0.5374,229,153,0.52914,strongly_positive,strongly_positive
09-12-2024,680,138107,0.51669,200,149,0.52719,strongly_positive,strongly_positive
09-12-2024,625,160825,0.56914,205,208,0.53313,strongly_positive,strongly_positive
09-12-2024,334,34687,0.57501,137,104,0.49561,strongly_positive,strongly_positive
09-12-2024,278,29041,0.51452,130,120,0.52966,strongly_positive,strongly_positive
09-12-2024,45,2105,0.54465,22,57,0.5095,strongly_positive,strongly_positive
09-12-2024,21,312,0.53939,15,32,0.5318,strongly_positive,strongly_positive
09-12-2024,14,101,0.62376,12,26,0.54758,strongly_positive,strongly_positive
09-12-2024,7,14,0.55635,7,12,0.57071,strongly_positive,strongly_positive
09-12-2024,22,818,0.61472,8,33,0.638,strongly_positive,strongly_positive
09-12-2024,0,0,0.5,0,0,0.5,strongly_positive,strongly_positive
09-12-2024,31,1098,0.5705,12,33,0.5,strongly_positive,strongly_positive
09-12-2024,64,2893,0.52226,28,48,0.53518,strongly_positive,strongly_positive
08-12-2024,50,1455,0.67121,31,48,0.546,strongly_positive,strongly_positive
08-12-2024,32,1019,0.5493,21,58,0.54671,strongly_positive,strongly_positive
08-12-2024,91,11171,0.53149,27,90,0.54556,strongly_positive,strongly_positive
08-12-2024,68,4116,0.66191,21,46,0.53743,strongly_positive,strongly_positive
08-12-2024,58,4621,0.50723,20,67,0.52635,strongly_positive,strongly_positive
08-12-2024,28,853,0.57909,21,69,0.56652,strongly_positive,strongly_positive
08-12-2024,26,718,0.52867,21,74,0.54595,strongly_positive,strongly_positive
08-12-2024,8,29,0.49757,8,33,0.50838,strongly_positive,strongly_positive
08-12-2024,35,2153,0.59401,12,52,0.5805,strongly_positive,strongly_positive
08-12-2024,56,2298,0.58239,22,39,0.504,strongly_positive,strongly_positive
08-12-2024,41,1630,0.53454,18,43,0.54972,strongly_positive,strongly_positive
08-12-2024,16,140,0.52471,9,13,0.54422,strongly_positive,strongly_positive
08-12-2024,23,352,0.58027,16,29,0.57344,strongly_positive,strongly_positive
08-12-2024,18,210,0.52695,13,25,0.54215,strongly_positive,strongly_positive
08-12-2024,48,3994,0.74208,15,64,0.59393,strongly_positive,strongly_positive
08-12-2024,40,2300,0.48627,14,49,0.50471,strongly_positive,strongly_positive
08-12-2024,16,164,0.54408,7,11,0.556,strongly_positive,strongly_positive
08-12-2024,4,6,0.54408,2,2,0.5115,strongly_positive,strongly_positive
08-12-2024,11,99,0.50165,6,12,0.52067,strongly_positive,strongly_positive
08-12-2024,4,19,0.61074,3,13,0.628,strongly_positive,strongly_positive
08-12-2024,3,6,0.63449,3,23,0.652,strongly_positive,strongly_positive
08-12-2024,7,0,0.6609,2,0,0.539,strongly_positive,strongly_positive
08-12-2024,20,380,0.62363,8,18,0.54988,strongly_positive,strongly_positive
08-12-2024,24,385,0.49809,10,16,0.5116,strongly_positive,strongly_positive
07-12-2024,17,148,0.51745,8,10,0.49275,strongly_positive,strongly_positive
07-12-2024,22,127,0.50033,15,11,0.4996,strongly_positive,strongly_positive
07-12-2024,7,42,0.54002,5,13,0.5526,strongly_positive,strongly_positive
07-12-2024,19,348,0.66029,6,14,0.53983,strongly_positive,strongly_positive
07-12-2024,31,1551,0.58356,10,40,0.5822,strongly_positive,strongly_positive
07-12-2024,27,879,0.61762,10,29,0.5533,strongly_positive,strongly_positive
07-12-2024,14,502,0.69135,7,45,0.65943,strongly_positive,strongly_positive
07-12-2024,20,416,0.49439,11,28,0.51291,strongly_positive,strongly_positive
07-12-2024,14,271,0.48241,9,32,0.48567,strongly_positive,strongly_positive
07-12-2024,54,2336,0.50924,20,39,0.5254,strongly_positive,strongly_positive
07-12-2024,55,1565,0.57813,23,29,0.59157,strongly_positive,strongly_positive
07-12-2024,25,725,0.60097,12,34,0.56675,strongly_positive,strongly_positive
07-12-2024,33,529,0.61597,21,27,0.53548,strongly_positive,strongly_positive
07-12-2024,23,333,0.48088,17,33,0.49394,strongly_positive,strongly_positive
07-12-2024,17,113,0.56631,14,18,0.53336,strongly_positive,strongly_positive
07-12-2024,48,1003,0.56325,16,17,0.55806,strongly_positive,strongly_positive
07-12-2024,27,417,0.60353,10,14,0.5342,strongly_positive,strongly_positive
07-12-2024,19,441,0.649,9,27,0.52211,strongly_positive,strongly_positive
07-12-2024,7,25,0.51642,4,5,0.536,strongly_positive,strongly_positive
07-12-2024,7,61,0.63086,4,13,0.5575,strongly_positive,strongly_positive
07-12-2024,9,38,0.70234,8,17,0.66263,strongly_positive,strongly_positive
07-12-2024,37,800,0.73278,11,16,0.60173,strongly_positive,strongly_positive
07-12-2024,32,667,0.55335,10,16,0.5532,strongly_positive,strongly_positive
07-12-2024,33,711,0.50732,14,22,0.52193,strongly_positive,strongly_positive
06-12-2024,50,1530,0.65411,22,33,0.53614,strongly_positive,strongly_positive
06-12-2024,55,920,0.50965,28,21,0.52861,strongly_positive,strongly_positive
06-12-2024,23,390,0.55275,17,39,0.56447,strongly_positive,strongly_positive
06-12-2024,49,1237,0.58693,40,69,0.56078,strongly_positive,strongly_positive
06-12-2024,84,6469,0.57337,28,63,0.57386,strongly_positive,strongly_positive
06-12-2024,178,20642,0.51108,62,99,0.52221,strongly_positive,strongly_positive
06-12-2024,117,11374,0.52983,46,93,0.54713,strongly_positive,strongly_positive
06-12-2024,173,10836,0.50244,95,87,0.52104,strongly_positive,strongly_positive
06-12-2024,230,13955,0.58046,134,91,0.52219,strongly_positive,strongly_positive
06-12-2024,194,13978,0.50228,133,138,0.50976,strongly_positive,strongly_positive
06-12-2024,168,3008,0.5003,164,164,0.51889,strongly_positive,strongly_positive
06-12-2024,0,0,0.5,0,0,0.5,strongly_positive,strongly_positive
06-12-2024,768,169085,0.53189,241,171,0.53658,strongly_positive,strongly_positive
06-12-2024,638,111918,0.5849,224,151,0.53495,strongly_positive,strongly_positive
06-12-2024,308,26440,0.51117,214,168,0.52379,strongly_positive,strongly_positive
06-12-2024,119,5122,0.55432,99,127,0.52459,strongly_positive,strongly_positive
06-12-2024,54,656,0.50433,48,48,0.52344,strongly_positive,strongly_positive
06-12-2024,88,2744,0.50041,31,27,0.51335,strongly_positive,strongly_positive
06-12-2024,43,1284,0.51032,17,29,0.52553,strongly_positive,strongly_positive
06-12-2024,23,848,0.57209,12,47,0.56825,strongly_positive,strongly_positive
06-12-2024,20,324,0.53611,12,25,0.47658,strongly_positive,strongly_positive
06-12-2024,9,64,0.52766,6,12,0.54317,strongly_positive,strongly_positive
06-12-2024,38,1177,0.52014,11,22,0.53982,strongly_positive,strongly_positive
06-12-2024,31,794,0.53668,10,20,0.5382,strongly_positive,strongly_positive
06-12-2024,60,1544,0.54293,20,21,0.554,strongly_positive,strongly_positive
05-12-2024,49,1509,0.6165,22,34,0.50877,strongly_positive,strongly_positive
05-12-2024,40,1232,0.57128,19,36,0.57242,strongly_positive,strongly_positive
05-12-2024,38,1043,0.58805,21,38,0.53095,strongly_positive,strongly_positive
05-12-2024,20,359,0.5795,17,54,0.55618,strongly_positive,strongly_positive
05-12-2024,16,177,0.5158,14,45,0.53479,strongly_positive,strongly_positive
05-12-2024,73,5972,0.56426,26,71,0.57531,strongly_positive,strongly_positive
05-12-2024,97,5879,0.58221,36,55,0.55811,strongly_positive,strongly_positive
05-12-2024,159,21837,0.61156,67,141,0.51387,strongly_positive,strongly_positive
05-12-2024,155,8776,0.60174,93,88,0.54441,strongly_positive,strongly_positive
05-12-2024,169,11526,0.52496,108,116,0.54255,strongly_positive,strongly_positive
05-12-2024,175,10831,0.53763,132,143,0.52198,strongly_positive,strongly_positive
05-12-2024,538,117098,0.59975,161,162,0.54178,strongly_positive,strongly_positive
05-12-2024,518,85775,0.53798,173,136,0.54499,strongly_positive,strongly_positive
05-12-2024,115,5028,0.46936,43,40,0.48637,strongly_positive,strongly_positive
05-12-2024,144,16166,0.52984,69,132,0.53558,strongly_positive,strongly_positive
05-12-2024,116,7580,0.59016,64,91,0.54189,strongly_positive,strongly_positive
05-12-2024,92,6850,0.53062,54,112,0.54974,strongly_positive,strongly_positive
05-12-2024,45,2298,0.57193,17,47,0.54312,strongly_positive,strongly_positive
05-12-2024,26,324,0.6184,11,13,0.51255,strongly_positive,strongly_positive
05-12-2024,7,35,0.5332,4,7,0.54625,strongly_positive,strongly_positive
05-12-2024,12,68,0.4849,8,10,0.49988,strongly_positive,strongly_positive
05-12-2024,10,137,0.63578,7,27,0.526,strongly_positive,strongly_positive
05-12-2024,49,3333,0.62756,15,51,0.56027,strongly_positive,strongly_positive
05-12-2024,41,1682,0.50991,14,34,0.51914,strongly_positive,strongly_positive
04-12-2024,54,4304,0.56342,19,69,0.54163,strongly_positive,strongly_positive
04-12-2024,64,4849,0.55948,31,91,0.56229,strongly_positive,strongly_positive
04-12-2024,49,1800,0.56062,25,47,0.57112,strongly_positive,strongly_positive
04-12-2024,60,4181,0.51991,36,108,0.53769,strongly_positive,strongly_positive
04-12-2024,55,1559,0.52641,51,142,0.54545,strongly_positive,strongly_positive
